MS,MPT,t (ms),PWMi,PWMe,Pressure (Psi),LW raw(V),Displacement (mm),t_rel(s),LW (V),delta d (m),delta t (s),vel (m/s),strain,strain rate (1/s),dv/dt raw,dv/dt
23,3,782226,0,215,14.21,0.04,1.98,0.0,-0.015460191981930998,0.0,0.0,0.0,0.0,0.0,0.0,0.0
23,3,782265,255,0,14.1,0.04,1.98,0.039,0.02623941276115197,0.0024243636535657004,0.078,0.031081585302124366,0.012774193548387096,0.0,0.0,1.1051305673731298
23,3,782304,255,0,16.19,0.04,1.98,0.078,0.07073999227317312,0.0027656469297763844,0.07800000000000001,0.03545701192021005,0.012774193548387096,0.13978494623655913,0.1282051282051282,1.1679802526484444
23,3,782343,255,0,30.07,0.05,3.67,0.117,0.11734187246773065,0.0032202093180441153,0.077,0.04182090023433916,0.02367741935483871,0.39966485127775453,1.0389610389610389,1.2286413894188268
23,3,782381,255,0,44.06,0.12,6.75,0.155,0.1653453792584228,0.003657717106298873,0.076,0.04812785666182728,0.043548387096774194,0.5475382003395586,1.842105263157895,1.272486395935752
23,3,782419,255,0,53.86,0.19,10.12,0.193,0.2140508385588478,0.003954703250266889,0.07700000000000001,0.05135978247099855,0.06529032258064515,0.5069124423963133,1.948051948051948,1.265106454859494
23,3,782458,255,0,60.57,0.27,12.8,0.232,0.26275857628260385,0.004027233082733737,0.07800000000000001,0.05163119336838124,0.08258064516129032,0.38544251447477246,1.9230769230769231,1.2399753818518124
23,3,782497,255,0,65.42,0.34,14.78,0.271,0.3107689183432892,0.0038484944506440594,0.07999999999999999,0.04810618063305075,0.09535483870967741,0.28790322580645183,1.6250000000000002,1.1827951796487277
23,3,782538,255,0,69.16,0.4,16.37,0.312,0.35738219065450205,0.003448236202686015,0.07999999999999996,0.04310295253357521,0.10561290322580646,0.21612903225806487,1.2500000000000004,1.139122509831894
23,3,782577,255,0,72.03,0.44,17.46,0.351,0.40189871912984065,0.0028975194005801193,0.07700000000000001,0.03763012208545609,0.11264516129032259,0.15835777126099698,0.9090909090909083,1.1199563510181183
23,3,782615,255,0,74.34,0.47,18.26,0.389,0.4436188296828972,0.0022860181381724304,0.07700000000000001,0.029688547248992597,0.11780645161290323,0.13322161709258473,0.779220779220779,1.0508561841438648
23,3,782654,255,0,76.21,0.5,19.05,0.428,0.48281464530891827,0.0016994999055748644,0.07800000000000001,0.021788460327882873,0.12290322580645162,0.11497105045492124,0.6410256410256415,0.9251808450892994
23,3,782693,255,0,77.86,0.52,19.65,0.467,0.5157829355998625,0.0012030810257875188,0.07700000000000001,0.01562442890633141,0.1267741935483871,0.08294930875576022,0.5194805194805199,0.7448321537893193
23,3,782731,255,0,79.41,0.54,20.04,0.505,0.5401667211506959,0.0008328483011544598,0.07700000000000001,0.01081621170330467,0.12929032258064516,0.07457059069962303,0.3896103896103899,0.5215183639505233
23,3,782770,255,0,80.84,0.55,20.54,0.544,0.5559398496240529,0.0005956668991036374,0.08499999999999996,0.007007845871807502,0.13251612903225807,0.06831119544592057,0.23529411764705913,0.3164048227986805
23,3,782816,255,0,82.27,0.56,20.94,0.59,0.5670611310885837,0.00047510416296638524,0.08499999999999996,0.005589460740781005,0.1350967741935484,0.0599620493358632,0.23529411764705782,0.21675672557352257
23,3,782855,255,0,83.48,0.57,21.33,0.629,0.5743641712978023,0.00044055228837403606,0.07900000000000007,0.005576611245240958,0.13761290322580644,0.056349530420579615,0.2531645569620239,0.1614244747807849
23,3,782895,255,0,84.58,0.58,21.63,0.669,0.5798136645962657,0.0004567196416057833,0.07899999999999996,0.005781261286149158,0.1395483870967742,0.040832993058391304,0.12658227848101283,0.12418222220383004
23,3,782934,255,0,85.57,0.58,21.83,0.708,0.5841745668519048,0.000491403497244658,0.07699999999999996,0.006381863600579977,0.14083870967741935,0.049434436531210636,0.0,0.10758120597937448
23,3,782972,255,0,86.56,0.58,22.22,0.746,0.5880974174566775,0.0005204624396176705,0.07600000000000007,0.006848189994969342,0.1433548387096774,0.0500848896434637,0.13157894736842105,0.08486605529842728
23,3,783010,255,0,87.45,0.59,22.42,0.784,0.5906243870545853,0.0005298158607826764,0.07699999999999996,0.006880725464710086,0.1446451612903226,0.03351487222454982,0.12987012987013005,0.0653808434128787
23,3,783049,255,0,88.33,0.59,22.62,0.823,0.5931317423994692,0.000514936115770368,0.07799999999999996,0.006601745073979081,0.14593548387096775,0.04135649296939632,0.0,0.0530590690773755
23,3,783088,255,0,89.1,0.59,22.92,0.862,0.5947629944426206,0.00047865165222174967,0.07700000000000007,0.006216255223659081,0.1478709677419355,0.03351487222454941,0.12987012987012986,0.03969551207210523
23,3,783126,255,0,89.87,0.6,23.02,0.9,0.5961882968290213,0.0004281798863670758,0.07699999999999996,0.005560777745026961,0.14851612903225805,0.025136154168411733,0.12987012987013005,0.03944078151335215
23,3,783165,255,0,90.53,0.6,23.22,0.939,0.5977999346191487,0.0003722006653624632,0.07799999999999996,0.004771803402082864,0.1498064516129032,0.03308519437551713,0.0,0.038013092933000904
23,3,783204,255,0,91.19,0.6,23.42,0.978,0.5991533180777954,0.0003185360724434041,0.07999999999999996,0.003981700905542554,0.1510967741935484,0.023387096774193938,0.0,0.032445243543641214
23,3,783245,255,0,91.85,0.6,23.51,1.019,0.60039555410264,0.0002727095223890075,0.07899999999999996,0.003452019270746932,0.15167741935483872,0.02368313597386693,0.0,0.032317999180669715
23,3,783283,255,0,92.4,0.6,23.71,1.057,0.6017064400130683,0.00023740153901255213,0.07700000000000018,0.0030831368702928775,0.15296774193548388,0.016757436112274683,0.0,0.037700122695219516
23,3,783322,255,0,92.95,0.6,23.71,1.096,0.6032984635501719,0.00021265219442708982,0.07800000000000007,0.0027263101849626875,0.15296774193548388,0.016542597187758364,0.0,0.03600137467414271
23,3,783361,255,0,93.5,0.6,23.91,1.135,0.6045145472376514,0.0001965728817107113,0.07599999999999985,0.0025864852856672593,0.15425806451612903,0.0254668930390495,0.13157894736842143,0.02576521395020771
23,3,783398,255,0,93.94,0.61,24.01,1.172,0.6052566198103877,0.00018628743725307472,0.07600000000000007,0.0024511504901720336,0.15490322580645163,0.016977928692699373,0.0,0.02387261058825618
23,3,783437,255,0,94.27,0.6,24.11,1.211,0.6063288656423589,0.00017882196155677476,0.07800000000000007,0.0022925892507278793,0.15554838709677418,0.016542597187758364,0.0,0.02372151113569719
23,3,783476,255,0,94.71,0.61,24.21,1.25,0.6071068976789721,0.00017173026403357382,0.07699999999999996,0.0022302631692671937,0.1561935483870968,0.016757436112274728,0.12987012987013005,0.015538564083840618
23,3,783514,255,0,95.04,0.61,24.31,1.288,0.6075253350768146,0.00016337266369481184,0.07699999999999996,0.002121722905127428,0.15683870967741934,0.008378718056137005,0.0,0.017066947436349365
23,3,783553,255,0,95.26,0.61,24.31,1.327,0.608421052631571,0.00015290432291213208,0.08000000000000007,0.0019113040364016492,0.15683870967741934,0.00806451612903255,0.0,0.020962732919253806
23,3,783594,255,0,95.48,0.61,24.41,1.368,0.6092023537103549,0.0001401111287462591,0.07899999999999996,0.0017735585917247995,0.15748387096774194,0.016333197223356733,0.0,0.017917661517581434
23,3,783632,255,0,95.7,0.61,24.51,1.406,0.6098365478914599,0.00012522722666063403,0.07699999999999996,0.001626327618969274,0.15812903225806452,0.008378718056137364,0.0,0.014137546010706999
23,3,783671,255,0,95.7,0.61,24.51,1.445,0.6102909447531794,0.00010880319410097883,0.07800000000000007,0.0013949127448843427,0.15812903225806452,0.008271298593879182,0.0,0.008926999773681483
23,3,783710,255,0,95.93,0.61,24.61,1.484,0.6105328538738071,9.162598805659172e-05,0.07699999999999996,0.0011899478968388543,0.1587741935483871,0.008378718056137364,0.0,0.0030992217981439803
23,3,783748,255,0,96.04,0.61,24.61,1.522,0.6105295848316364,7.465753699294809e-05,0.07699999999999996,0.0009695784025058198,0.1587741935483871,0.008378718056137364,0.0,-0.0036935931018974625
23,3,783787,255,0,96.04,0.61,24.71,1.561,0.610248447204961,5.895173750204918e-05,0.07699999999999996,0.0007656069805460937,0.15941935483870967,0.008378718056137364,0.0,0.0003820958381268265
23,3,783825,255,0,96.15,0.61,24.71,1.599,0.6105590062111722,4.55210605091878e-05,0.07600000000000007,0.0005989613224893127,0.15941935483870967,0.0,0.0,-0.0032690421706428946
23,3,783863,255,0,96.15,0.61,24.71,1.637,0.6099999999999921,3.5160401386292505e-05,0.07699999999999996,0.00045662858943237047,0.15941935483870967,0.0,0.0,-0.007259820924416913
23,3,783902,255,0,96.15,0.61,24.71,1.676,0.6099999999999921,2.828302195805321e-05,0.08000000000000007,0.0003535377744756648,0.15941935483870967,0.0,0.0,0.0
23,3,783943,255,0,96.15,0.61,24.71,1.717,0.6099999999999921,2.4836969616281123e-05,0.08000000000000007,0.00031046212020351377,0.15941935483870967,0.007258064516129156,0.0,0.0
23,3,783982,255,0,96.26,0.61,24.8,1.756,0.6099999999999921,2.432820126076507e-05,0.07699999999999996,0.00031595066572422185,0.16,0.007540846250523809,0.0,0.0
23,3,784020,255,0,96.26,0.61,24.8,1.794,0.6099999999999921,2.5921510269032666e-05,0.07699999999999996,0.0003366429905069179,0.16,-0.007540846250523809,0.0,0.0
23,3,784059,255,0,96.26,0.61,24.71,1.833,0.6099999999999921,2.8584149010903557e-05,0.07800000000000007,0.0003664634488577376,0.15941935483870967,0.0,0.0,0.0
23,3,784098,255,0,96.26,0.61,24.8,1.872,0.6099999999999921,3.1272542275996074e-05,0.07699999999999996,0.00040613691267527393,0.16,0.007540846250523809,0.0,0.0
23,3,784136,255,0,96.26,0.61,24.8,1.91,0.6099999999999921,3.3167487940129805e-05,0.07699999999999996,0.00043074659662506264,0.16,0.0,0.0,0.0
23,3,784175,255,0,96.26,0.61,24.8,1.949,0.6099999999999921,3.390756839686304e-05,0.07800000000000007,0.0004347124153443976,0.16,0.008271298593879182,0.0,0.0
23,3,784214,255,0,96.26,0.61,24.9,1.988,0.6099999999999921,3.371158434324428e-05,0.07599999999999985,0.0004435734782005835,0.16064516129032258,0.008488964346349711,0.0,0.0
23,3,784251,255,0,96.26,0.61,24.9,2.025,0.6099999999999921,3.3287166074302376e-05,0.07799999999999985,0.00042675853941413387,0.16064516129032258,0.0,0.0,0.0
23,3,784292,255,0,96.26,0.61,24.9,2.066,0.6099999999999921,3.3506564818477356e-05,0.08000000000000007,0.0004188320602309666,0.16064516129032258,0.0,0.0,0.0
23,3,784331,255,0,96.26,0.61,24.9,2.105,0.6099999999999921,3.4950927804850095e-05,0.07699999999999996,0.00045390815330974174,0.16064516129032258,0.0,0.0,0.0
23,3,784369,255,0,96.26,0.61,24.9,2.143,0.6099999999999921,3.7511371374918665e-05,0.07699999999999996,0.0004871606672067362,0.16064516129032258,0.0,0.0,0.0
23,3,784408,255,0,96.26,0.61,24.9,2.182,0.6099999999999921,4.023205523400008e-05,0.07800000000000029,0.000515795579923076,0.16064516129032258,0.0,0.0,0.0
23,3,784447,255,0,96.26,0.61,24.9,2.221,0.6099999999999921,4.148620429872096e-05,0.07699999999999996,0.0005387818740093635,0.16064516129032258,0.008378718056137364,0.0,0.0
23,3,784485,255,0,96.26,0.61,25.0,2.259,0.6099999999999921,3.944081775461683e-05,0.07699999999999996,0.0005122184123976214,0.16129032258064516,0.008378718056137364,0.0,0.0
23,3,784524,255,0,96.26,0.61,25.0,2.298,0.6099999999999921,3.265766881175836e-05,0.07800000000000029,0.00041868806168920817,0.16129032258064516,0.0,0.0,0.0
23,3,784563,255,0,96.26,0.61,25.0,2.337,0.6099999999999921,2.0650515505646895e-05,0.07699999999999996,0.00026818851306034946,0.16129032258064516,0.0,0.0,0.0
23,3,784601,255,0,96.26,0.61,25.0,2.375,0.6099999999999921,4.2696614079389405e-06,0.07899999999999974,5.404634693593613e-05,0.16129032258064516,0.0,0.0,0.0
23,3,784642,255,0,96.26,0.61,25.0,2.416,0.6099999999999921,-1.4148332343722813e-05,0.07900000000000018,-0.00017909281447750356,0.16129032258064516,0.0,0.0,0.0
23,3,784680,255,0,96.26,0.61,25.0,2.454,0.6099999999999921,-3.090496566900214e-05,0.07699999999999996,-0.00040136319050652154,0.16129032258064516,0.0,0.0,0.0
23,3,784719,255,0,96.26,0.61,25.0,2.493,0.6099999999999921,-4.1390289923114665e-05,0.07699999999999996,-0.0005375362327677232,0.16129032258064516,0.0,0.0,0.0
23,3,784757,255,0,96.26,0.61,25.0,2.531,0.6099999999999921,-4.090798146215136e-05,0.07699999999999996,-0.0005312724865214465,0.16129032258064516,0.0,0.0,0.0
23,3,784796,255,0,96.26,0.61,25.0,2.57,0.6099999999999921,-2.5864323072234186e-05,0.07799999999999985,-0.0003315938855414646,0.16129032258064516,0.0,0.0,0.0
23,3,784835,255,0,96.26,0.61,25.0,2.609,0.6099999999999921,4.805429495462476e-06,0.07699999999999996,6.240817526574649e-05,0.16129032258064516,0.0,0.0,0.007259820924416913
23,3,784873,255,0,96.26,0.61,25.0,2.647,0.6105590062111722,4.824496177030824e-05,0.07699999999999996,0.0006265579450689385,0.16129032258064516,0.0,0.0,0.010486408001936022
23,3,784912,255,0,96.26,0.61,25.0,2.686,0.6108074534161412,9.671916489448762e-05,0.07800000000000029,0.0012399892935190675,0.16129032258064516,0.0,0.0,0.00997476970016915
23,3,784951,255,0,96.15,0.61,25.0,2.725,0.6113370382477854,0.0001375457766584809,0.07900000000000018,0.001741085780487096,0.16129032258064516,0.0,0.0,0.020524619197967078
23,3,784991,255,0,96.26,0.61,25.0,2.765,0.6124288983327806,0.00015429708646347252,0.07899999999999974,0.0019531276767528233,0.16129032258064516,0.0,0.0,0.020648760039891193
23,3,785030,255,0,96.26,0.61,25.0,2.804,0.6129682902909368,0.00012941192152161917,0.07799999999999985,0.0016591271989951208,0.16129032258064516,0.008271298593879562,0.0,0.0187760370826727
23,3,785069,255,0,96.15,0.61,25.1,2.843,0.613893429225229,4.7961813723787825e-05,0.07600000000000007,0.0006310764963656287,0.16193548387096776,0.008488964346350051,0.0,0.01195781215051307
23,3,785106,255,0,96.15,0.61,25.1,2.88,0.6138770840143758,-9.815077313924547e-05,0.07600000000000007,-0.0012914575413058604,0.16193548387096776,0.0,0.0,-0.017549594810826054
23,3,785145,255,0,96.15,0.61,25.1,2.919,0.6125596600196063,-0.0003066647055911567,0.07800000000000029,-0.0039315987896301995,0.16193548387096776,0.0,0.0,-0.047065825097861634
23,3,785184,0,215,96.15,0.61,25.1,2.958,0.6102059496567426,-0.0005633284988234166,0.07699999999999996,-0.007315954530174245,0.16193548387096776,0.0,0.0,-0.08159868898672289
23,3,785222,0,215,93.39,0.61,25.1,2.996,0.6062765609676286,-0.0008431105281102838,0.07699999999999996,-0.01094948737805564,0.16193548387096776,-0.057813154587348356,-0.12987012987013005,-0.14277647818020217
23,3,785261,0,215,87.0,0.6,24.41,3.035,0.599212160836867,-0.001114438239369001,0.07799999999999985,-0.014287669735500039,0.15748387096774194,-0.13151364764268025,-0.12820512820512858,-0.2106017552241782
23,3,785300,0,215,81.28,0.6,23.51,3.074,0.5898496240601427,-0.001345557866944052,0.08000000000000007,-0.016819473336800634,0.15167741935483872,-0.14435483870967727,-0.125,-0.26279012749264147
23,3,785341,0,215,76.21,0.59,22.62,3.115,0.5781889506374557,-0.0015111656703910158,0.07900000000000018,-0.019128679372038132,0.14593548387096775,-0.14536545528787245,-0.37974683544303744,-0.3234696537711879
23,3,785379,0,215,72.25,0.57,21.73,3.153,0.5642955214122188,-0.0015972709625608843,0.07699999999999996,-0.02074377873455695,0.14019354838709677,-0.14076246334310846,-0.38961038961038874,-0.39542673736854267
23,3,785418,0,215,69.05,0.56,20.94,3.192,0.5477410918600779,-0.0016029744713526597,0.07799999999999985,-0.020550954760931574,0.1350967741935484,-0.12324234904880105,-0.5128205128205129,-0.4520917678812359
23,3,785457,0,215,66.41,0.53,20.24,3.231,0.5290323635174825,-0.0015390394111527144,0.07699999999999996,-0.019987524820165133,0.1305806451612903,-0.11646418098031028,-0.6493506493506502,-0.49965399099102437
23,3,785495,0,215,64.1,0.51,19.55,3.269,0.5092677345537691,-0.0014241503662758212,0.07600000000000007,-0.018738820608892367,0.12612903225806452,-0.1095076400679115,-0.5263157894736842,-0.5379294919220171
23,3,785533,0,215,62.23,0.49,18.95,3.307,0.48814972213140917,-0.001280219652787693,0.07699999999999996,-0.016626229256983035,0.12225806451612903,-0.09970674486803537,-0.6493506493506496,-0.5578174685726097
23,3,785572,0,215,60.57,0.46,18.36,3.346,0.46631578947367813,-0.001128016670560168,0.07699999999999996,-0.014649567150132062,0.1184516129032258,-0.09132802681189782,-0.7792207792207796,-0.5677095052707937
23,3,785610,0,215,59.03,0.43,17.86,3.384,0.4444360902255581,-0.0009839863992773133,0.07699999999999996,-0.012779044146458621,0.1152258064516129,-0.07540846250523646,-0.5194805194805202,-0.5670302237807887
23,3,785649,0,215,57.82,0.42,17.46,3.423,0.4226544622425574,-0.0008586320128191467,0.08000000000000007,-0.010732900160239324,0.11264516129032259,-0.07177419354838711,-0.37499999999999933,-0.5345292579274181
23,3,785690,0,215,56.61,0.4,16.97,3.464,0.4016737495913646,-0.0007564135643748991,0.07899999999999974,-0.00957485524525192,0.10948387096774193,-0.06451612903225824,-0.5063291139240521,-0.5050463252241726
23,3,785728,0,215,55.62,0.38,16.67,3.502,0.3827558025498479,-0.000676814987529287,0.07699999999999996,-0.008789805032847889,0.10754838709677421,-0.058651026392961735,-0.5194805194805202,-0.46675129381895764
23,3,785767,0,215,54.74,0.36,16.27,3.541,0.3657338999673049,-0.0006160701180731909,0.07800000000000029,-0.007898334847092162,0.10496774193548387,-0.057899090157154644,-0.3846153846153835,-0.4258556089219639
23,3,785806,0,215,53.97,0.35,15.97,3.58,0.3495390650539346,-0.0005690162883953765,0.07699999999999996,-0.0073898219272126855,0.10303225806451613,-0.04943443653121082,-0.2597402597402594,-0.3866809881847435
23,3,785844,0,215,53.31,0.34,15.68,3.618,0.33595946387707964,-0.0005306402970642914,0.07699999999999996,-0.006891432429406386,0.10116129032258064,-0.049434436531210636,-0.38961038961038946,-0.3379425412769601
23,3,785883,0,215,52.65,0.32,15.38,3.657,0.3235174893756087,-0.0004970549998825327,0.07800000000000029,-0.006372499998493986,0.09922580645161291,-0.04135649296939597,-0.3846153846153835,-0.30548779976697116
23,3,785922,0,215,52.09,0.31,15.18,3.696,0.3121314154952558,-0.00046584831672132233,0.07600000000000007,-0.006129583114754236,0.09793548387096775,-0.03395585738539911,-0.2631578947368421,-0.28315927117564593
23,3,785959,0,215,51.65,0.3,14.98,3.733,0.3019973847662596,-0.0004359295300945778,0.07599999999999962,-0.005735914869665526,0.09664516129032258,-0.03395585738539931,-0.26315789473684364,-0.25300665852273474
23,3,785998,0,215,51.21,0.29,14.78,3.772,0.29290290944752806,-0.00040710647493401097,0.08000000000000007,-0.005088830936675132,0.09535483870967741,-0.03145161290322576,-0.125,-0.22911899313500844
23,3,786039,0,215,50.66,0.29,14.59,3.813,0.2836678653154589,-0.000379627080271943,0.08000000000000007,-0.004745338503399283,0.09412903225806452,-0.03145161290322559,-0.1249999999999993,-0.20778849297155616
23,3,786078,0,215,50.33,0.28,14.39,3.852,0.27627983000980355,-0.0003538288102367808,0.07699999999999996,-0.004595179353724429,0.09283870967741936,-0.03351487222454964,-0.2597402597402594,-0.1873118708685861
23,3,786116,0,215,50.0,0.27,14.19,3.89,0.2692448512585778,-0.00032993016044305,0.07699999999999996,-0.004284807278481171,0.0915483870967742,-0.025136154168412275,-0.2597402597402601,-0.17941522354729067
23,3,786155,0,215,49.67,0.26,14.09,3.929,0.2624648577966622,-0.00030793690943051465,0.07799999999999985,-0.003947909095263016,0.09090322580645162,-0.024813895781637795,-0.12820512820512858,-0.17267248388529732
23,3,786194,0,215,49.34,0.26,13.89,3.968,0.2557763975155246,-0.0002876346244668433,0.0770000000000004,-0.003735514603465478,0.08961290322580645,-0.02513615416841231,-0.1298701298701293,-0.15653192835278215
23,3,786232,0,215,49.01,0.25,13.79,4.006,0.2504118993134979,-0.00026865936720534656,0.07699999999999996,-0.003489082690978529,0.08896774193548386,-0.01675743611227491,-0.2597402597402601,-0.13237498036451803
23,3,786271,0,215,48.79,0.24,13.69,4.045,0.24558352402745673,-0.00025063872820614997,0.07699999999999996,-0.0032550484182616896,0.08832258064516128,-0.025136154168412094,-0.12987012987013005,-0.12910593819387425
23,3,786309,0,215,48.57,0.24,13.49,4.083,0.24047074207256958,-0.00023336515241397925,0.07800000000000029,-0.002991860928384338,0.08703225806451613,-0.024813895781637476,0.0,-0.12736691226393507
23,3,786349,0,215,48.35,0.24,13.39,4.123,0.23564890487086976,-0.00021692687493387553,0.08099999999999952,-0.002678109567084899,0.08638709677419355,-0.015133412982875348,-0.1234567901234573,-0.11566759087735325
23,3,786390,0,215,48.13,0.23,13.3,4.164,0.23110166721150402,-0.00020171946484547653,0.0779999999999994,-0.002586146985198437,0.08580645161290323,-0.015715467328370758,-0.12820512820512894,-0.10653724612534585
23,3,786427,0,215,47.91,0.23,13.2,4.201,0.22733899967309285,-0.00018831167390302817,0.07600000000000051,-0.0024777851829345643,0.08516129032258064,-0.016977928692699457,-0.1315789473684203,-0.0893394814266772
23,3,786466,0,215,47.69,0.22,13.1,4.24,0.2243118666230765,-0.00017721054614302823,0.07800000000000029,-0.002271930078756764,0.08451612903225807,-0.016542597187758315,-0.12820512820512783,-0.07598427506894215
23,3,786505,0,215,47.47,0.22,13.0,4.279,0.22141222621771534,-0.00016861625834637016,0.07699999999999996,-0.0021898215369658474,0.08387096774193549,-0.008378718056137364,0.0,-0.0674611429760166
23,3,786543,0,215,47.36,0.22,13.0,4.317,0.21911735861392323,-0.00016226718079395398,0.07699999999999996,-0.0021073659843370658,0.08387096774193549,-0.008378718056137545,0.0,-0.06453174155037496
23,3,786582,0,215,47.14,0.22,12.9,4.356,0.21644328211833647,-0.00015745524355205908,0.0779999999999994,-0.0020186569686161575,0.0832258064516129,-0.016542597187758683,-0.1282051282051293,-0.06332721435696193
23,3,786621,0,215,47.03,0.21,12.8,4.395,0.21417783589408024,-0.00015322873125106363,0.07699999999999996,-0.0019899835227410873,0.08258064516129032,-0.01675743611227491,-0.12987012987013005,-0.06228162161473544
23,3,786659,0,215,46.81,0.21,12.7,4.433,0.21164759725400184,-0.00014870423738971183,0.07700000000000085,-0.0019312238622040286,0.08193548387096773,-0.016757436112274718,0.0,-0.06381000496724418
23,3,786698,0,215,46.7,0.21,12.6,4.472,0.20926446551160238,-0.00014334661638275924,0.08000000000000007,-0.001791832704784489,0.08129032258064516,-0.008064516129032202,0.0,-0.059578293559986395
23,3,786739,0,215,46.59,0.21,12.6,4.513,0.20688133376920292,-0.00013710215334125663,0.07899999999999974,-0.0017354702954589505,0.08129032258064516,-0.008166598611678214,0.0,-0.057849632336205506
23,3,786777,0,215,46.37,0.21,12.5,4.551,0.20469434455704216,-0.00013035872645001412,0.07699999999999996,-0.0016929704733768076,0.08064516129032258,-0.016757436112274728,-0.1298701298701297,-0.06342790912911772
23,3,786816,0,215,46.26,0.2,12.4,4.59,0.20199738476626086,-0.00012377843768373963,0.07699999999999996,-0.0016075121777109052,0.08,-0.008378718056137364,-0.1298701298701297,-0.06729132260351535
23,3,786854,0,215,46.15,0.2,12.4,4.628,0.19951291271657148,-0.00011806821813110524,0.07600000000000051,-0.0015535291859355847,0.08,-0.008488964346349636,0.0,-0.07230605116911128
23,3,786892,0,215,45.93,0.2,12.3,4.666,0.19650212487740837,-0.00011375215455290722,0.07699999999999996,-0.0014773007084793153,0.07935483870967742,-0.008378718056137364,-0.12987012987013005,-0.07607952688044174
23,3,786931,0,215,45.82,0.19,12.3,4.705,0.19365478914677747,-0.00011101079207440278,0.0779999999999994,-0.0014232152830051747,0.07935483870967742,-0.00827129859387943,-0.1282051282051293,-0.06923663674235732
23,3,786970,0,215,45.71,0.19,12.2,4.744,0.19110166721150454,-0.00010964176016685556,0.07699999999999996,-0.001423918963205917,0.07870967741935483,-0.008378718056137545,0.0,-0.05353587243093518
23,3,787008,0,215,45.6,0.19,12.2,4.782,0.18953252696959547,-0.00010915653291242045,0.07699999999999996,-0.0014176173105509156,0.07870967741935483,-0.008378718056137364,0.0,-0.04929036311841072
23,3,787047,0,215,45.49,0.19,12.1,4.821,0.18730630925138692,-0.00010897301855180252,0.08000000000000007,-0.0013621627318975303,0.07806451612903226,-0.015322580645161184,-0.125,-0.0552468126838831
23,3,787088,0,215,45.38,0.18,12.01,4.862,0.18511278195488481,-0.0001086207775013328,0.08000000000000007,-0.0013577597187666589,0.07748387096774194,-0.007258064516128982,-0.125,-0.05279503105590009
23,3,787127,0,215,45.27,0.18,12.01,4.901,0.1830827067669149,-0.0001078711514792925,0.07699999999999996,-0.0014009240451856176,0.07748387096774194,-0.008378718056137364,0.0,-0.0489082672802839
23,3,787165,0,215,45.16,0.18,11.91,4.939,0.18134684537430296,-0.00010674739086016594,0.07699999999999996,-0.0013863297514307273,0.07683870967741936,-0.008378718056137364,0.0,-0.032308325868312525
23,3,787204,0,215,45.05,0.18,11.91,4.978,0.18059496567505484,-0.00010543354210908617,0.07599999999999962,-0.0013872834488037724,0.07683870967741936,-0.008488964346349919,0.0,-0.028432064142048193
23,3,787241,0,215,44.83,0.18,11.81,5.015,0.1791860084995073,-0.00010414151285493745,0.07600000000000051,-0.0013702830638807467,0.07619354838709677,-0.00848896434634982,0.0,-0.036647683281429394
23,3,787280,0,215,44.83,0.18,11.81,5.054,0.1778097417456662,-0.00010299620991104063,0.07800000000000029,-0.0013204642296287211,0.07619354838709677,-0.008271298593879158,0.0,-0.03319335127115387
23,3,787319,0,215,44.72,0.18,11.71,5.093,0.1765969271003573,-0.00010197582737034416,0.0779999999999994,-0.0013073824021839096,0.0755483870967742,-0.008271298593879253,0.0,-0.03889321967125117
23,3,787358,0,215,44.61,0.18,11.71,5.132,0.17477607061130862,-0.00010091901736605457,0.07699999999999996,-0.0013106365891695406,0.0755483870967742,-0.008378718056137545,-0.1298701298701297,-0.046658147344645455
23,3,787396,0,215,44.5,0.17,11.61,5.17,0.1730042497548196,-9.959055680490537e-05,0.07900000000000063,-0.0012606399595557541,0.0749032258064516,-0.008166598611678297,-0.12658227848101142,-0.042994111586064025
23,3,787437,0,215,44.39,0.17,11.61,5.211,0.17137953579600954,-9.778266852963568e-05,0.08000000000000007,-0.001222283356620445,0.0749032258064516,-0.008064516129032202,0.0,-0.030565544295521233
23,3,787476,0,215,44.28,0.17,11.51,5.25,0.1705590062111779,-9.542015101296997e-05,0.10799999999999965,-0.0008835199167867618,0.07425806451612903,-0.005973715651134989,0.0,-0.023246522102357222
23,3,787545,0,215,44.06,0.17,11.51,5.319,0.16886891140895496,-9.263437550764486e-05,0.10799999999999965,-0.0008577256991448626,0.07425806451612903,-0.005973715651134989,0.0,-0.03326553097720127
23,3,787584,0,215,43.95,0.17,11.41,5.358,0.16696632886564017,-8.977516666494622e-05,0.07599999999999962,-0.0011812521929598246,0.07361290322580645,-0.008488964346349735,-0.13157894736842182,-0.0515734416131859
23,3,787621,0,215,43.84,0.16,11.41,5.395,0.16494932984635285,-8.734227756860591e-05,0.07600000000000051,-0.0011492404943237542,0.07361290322580645,-0.008488964346349636,-0.1315789473684203,-0.05329399012404995
23,3,787660,0,215,43.72,0.16,11.31,5.434,0.16291598561621234,-8.584134625269079e-05,0.07800000000000029,-0.0011005300801626983,0.07296774193548387,-0.008271298593879158,0.0,-0.051089261615576476
23,3,787699,0,215,43.72,0.16,11.31,5.473,0.16096436744033787,-8.560213890101665e-05,0.07699999999999996,-0.0011117160896235935,0.07296774193548387,0.0,0.0,-0.04835635106965509
23,3,787737,0,215,43.61,0.16,11.31,5.511,0.1591925465838489,-8.662828220125895e-05,0.07699999999999996,-0.0011250426259903766,0.07296774193548387,-0.008378718056137364,0.0,-0.042412638032120996
23,3,787776,0,215,43.5,0.16,11.21,5.55,0.15769859431186456,-8.855169686090214e-05,0.08000000000000007,-0.0011068962107612758,0.0723225806451613,-0.008064516129032202,0.0,-0.03264955867930683
23,3,787817,0,215,43.39,0.16,11.21,5.591,0.15658058188950436,-9.072325018653515e-05,0.07899999999999974,-0.0011483955719814615,0.0723225806451613,-0.008166598611678389,0.0,-0.02664890073284431
23,3,787855,0,215,43.28,0.16,11.11,5.629,0.15559333115396987,-9.240490239713673e-05,0.07699999999999996,-0.001200063667495283,0.0716774193548387,-0.008378718056137545,-0.12987012987013005,-0.027128804507032797
23,3,787894,0,215,43.06,0.15,11.11,5.668,0.15449166394246283,-9.298486099886283e-05,0.07800000000000029,-0.001192113602549519,0.0716774193548387,-0.008271298593879158,-0.12820512820512783,-0.028457431203426385
23,3,787933,0,215,43.06,0.15,11.01,5.707,0.1533736515201026,-9.213864338275002e-05,0.07699999999999996,-0.0011966057582175334,0.07103225806451613,-0.008378718056137364,0.0,-0.020718085445119983
23,3,787971,0,215,42.95,0.15,11.01,5.745,0.1528963713631886,-8.988998764682953e-05,0.07600000000000051,-0.0011827629953530122,0.07103225806451613,-0.008488964346349636,0.0,-0.021635897524130275
23,3,788009,0,215,42.84,0.15,10.91,5.783,0.1517293233082687,-8.65641518414968e-05,0.07699999999999996,-0.0011242097641752837,0.07038709677419355,-0.008378718056137364,0.0,-0.030737487422678372
23,3,788048,0,215,42.84,0.15,10.91,5.822,0.15052958483164236,-8.26634348400912e-05,0.07699999999999996,-0.0010735511018193668,0.07038709677419355,0.0,0.0,-0.03477072126957654
23,3,788086,0,215,42.73,0.15,10.91,5.86,0.1490519777705113,-7.872312385355862e-05,0.07699999999999996,-0.0010223782318643981,0.07038709677419355,-0.008378718056137364,0.0,-0.040714434307111
23,3,788125,0,215,42.62,0.15,10.81,5.899,0.14739457338999482,-7.52069417363419e-05,0.08000000000000007,-0.0009400867717042729,0.06974193548387098,-0.008064516129032202,0.0,-0.04245668519123818
23,3,788166,0,215,42.51,0.15,10.81,5.94,0.14565544295521224,-7.246381497286692e-05,0.08000000000000007,-0.0009057976871608357,0.06974193548387098,-0.007258064516129156,0.0,-0.04327394573389941
23,3,788205,0,215,42.4,0.15,10.72,5.979,0.14393265773128286,-7.07193434197908e-05,0.07699999999999996,-0.000918433031425855,0.06916129032258064,-0.007540846250523809,-0.1298701298701297,-0.04326173989462582
23,3,788243,0,215,42.29,0.14,10.72,6.017,0.14232428898332605,-7.006228218529565e-05,0.07699999999999996,-0.0009098997686402037,0.06916129032258064,0.0,-0.1298701298701297,-0.039016230582101
23,3,788282,0,215,42.29,0.14,10.72,6.056,0.14092840797646108,-7.04179745281266e-05,0.07699999999999996,-0.0009145191497159303,0.06916129032258064,-0.008378718056137364,0.0,-0.04394102138462974
23,3,788320,0,215,42.18,0.14,10.62,6.094,0.13894083033670956,-7.153645489967175e-05,0.07699999999999996,-0.0009290448688269063,0.06851612903225807,-0.008378718056137364,-0.12987012987013005,-0.04394102138462974
23,3,788359,0,215,42.07,0.13,10.62,6.133,0.1375449493298446,-7.302611916964886e-05,0.0779999999999994,-0.0009362322970467874,0.06851612903225807,0.0,0.0,-0.03851602249771571
23,3,788398,0,215,41.96,0.14,10.62,6.172,0.13593658058188776,-7.444145484387476e-05,0.07599999999999962,-0.000979492826893094,0.06851612903225807,-0.008488964346349919,0.0,-0.043830973314292504
23,3,788435,0,215,41.85,0.13,10.52,6.209,0.13421379535795838,-7.540815523640631e-05,0.07600000000000051,-0.0009922125689000763,0.06787096774193548,-0.00848896434634982,-0.1315789473684203,-0.04555152182515701
23,3,788474,0,215,41.74,0.13,10.52,6.248,0.1324746649231758,-7.574516507647467e-05,0.08000000000000007,-0.0009468145634559324,0.06787096774193548,-0.008064516129032202,0.0,-0.042456685191238526
23,3,788515,0,215,41.63,0.13,10.42,6.289,0.1308172605426593,-7.552680407480494e-05,0.08000000000000007,-0.000944085050935061,0.0672258064516129,-0.008064516129032202,0.0,-0.039187643020594624
23,3,788554,0,215,41.52,0.13,10.42,6.328,0.12933965348152823,-7.50435566170502e-05,0.07699999999999996,-0.0009745916443772758,0.0672258064516129,0.0,0.0,-0.03477072126957654
23,3,788592,0,215,41.52,0.13,10.42,6.366,0.1281399150049019,-7.467219439853246e-05,0.07699999999999996,-0.0009697687584225,0.0672258064516129,-0.008378718056137364,0.0,-0.026279702644527256
23,3,788631,0,215,41.41,0.13,10.32,6.405,0.12731611637789964,-7.471610833797548e-05,0.07800000000000029,-0.0009578988248458359,0.06658064516129032,-0.008271298593879158,0.0,-0.026613356132806666
23,3,788670,0,215,41.3,0.13,10.32,6.444,0.12606407322654298,-7.528637693554607e-05,0.07699999999999996,-0.0009777451550070924,0.06658064516129032,0.0,0.0,-0.022713474822007085
23,3,788708,0,215,41.19,0.13,10.32,6.482,0.1255671788166051,-7.626775585037925e-05,0.07699999999999996,-0.0009904903357192117,0.06658064516129032,-0.008378718056137364,-0.12987012987013005,-0.02080299563137043
23,3,788747,0,215,41.19,0.12,10.22,6.521,0.12446224256292746,-7.737692116480055e-05,0.0779999999999994,-0.000992011809805143,0.06593548387096775,-0.008271298593879253,-0.1282051282051293,-0.028122144826950232
23,3,788786,0,215,41.08,0.12,10.22,6.56,0.12337365152010299,-7.828277515546489e-05,0.07699999999999996,-0.0010166594176034406,0.06593548387096775,-0.008378718056137545,0.0,-0.01995389376886597
23,3,788824,0,215,40.97,0.12,10.12,6.598,0.12292579274272478,-7.872989166688526e-05,0.07900000000000063,-0.000996580907175755,0.06529032258064515,-0.008166598611678297,0.0,-0.020483238917325747
23,3,788865,0,215,40.86,0.12,10.12,6.639,0.12175547564563424,-7.861072253320423e-05,0.07899999999999974,-0.0009950724371291708,0.06529032258064515,0.0,0.0,-0.030869689358232873
23,3,788903,0,215,40.75,0.12,10.12,6.677,0.12048708728342439,-7.797329912340522e-05,0.07599999999999962,-0.0010259644621500737,0.06529032258064515,-0.008488964346349735,0.0,-0.03380877823850226
23,3,788941,0,215,40.64,0.12,10.02,6.715,0.11918600849950808,-7.698909218786199e-05,0.07699999999999996,-0.0009998583401021044,0.06464516129032258,-0.008378718056137364,0.0,-0.03336970319644364
23,3,788980,0,215,40.53,0.12,10.02,6.754,0.11791762013729823,-7.590341103557741e-05,0.07800000000000029,-0.0009731206543022708,0.06464516129032258,-0.008271298593879158,0.0,-0.031265454606415125
23,3,789019,0,215,40.53,0.12,9.92,6.793,0.1167473030402077,-7.496493490521239e-05,0.07700000000000085,-0.0009735705831845658,0.064,-0.008378718056137269,0.0,-0.02827509202141367
23,3,789057,0,215,40.42,0.12,9.92,6.831,0.11574043805164935,-7.433135270080627e-05,0.07699999999999996,-0.0009653422428676144,0.064,0.0,-0.12987012987012989,-0.02318048084638472
23,3,789096,0,215,40.31,0.11,9.92,6.87,0.11496240601503607,-7.398882714641708e-05,0.0779999999999994,-0.0009485747070053545,0.064,0.0,0.0,-0.016177567664981796
23,3,789135,0,215,40.2,0.12,9.92,6.909,0.11447858777378078,-7.375496819891935e-05,0.07699999999999996,-0.000957856729856096,0.064,-0.008378718056137364,0.0,-0.012354432099446373
23,3,789173,0,215,40.09,0.11,9.82,6.947,0.1140111147433787,-7.339725406093578e-05,0.07900000000000063,-0.0009290791653282937,0.06335483870967742,-0.016333197223356244,-0.12658227848101158,-0.015145182714628985
23,3,789214,0,215,39.98,0.11,9.72,6.988,0.11328211833932508,-7.280163920710514e-05,0.08000000000000007,-0.0009100204900888135,0.06270967741935485,-0.008064516129032202,0.0,-0.020676691729322964
23,3,789253,0,215,39.98,0.11,9.72,7.027,0.11235697940503286,-7.206608706962569e-05,0.07699999999999996,-0.000935923208696438,0.06270967741935485,0.0,0.0,-0.02572778643389882
23,3,789291,0,215,39.87,0.11,9.72,7.065,0.11130107878391488,-7.144963761397171e-05,0.07599999999999962,-0.0009401268107101587,0.06270967741935485,0.0,0.0,-0.028647132705906412
23,3,789329,0,215,39.76,0.11,9.72,7.103,0.11017979731938399,-7.122988890928817e-05,0.07599999999999962,-0.0009372353803853752,0.06270967741935485,-0.00848896434635001,0.0,-0.029507406961339296
23,3,789367,0,215,39.65,0.11,9.62,7.141,0.1090585158548531,-7.158213482376751e-05,0.07699999999999996,-0.0009296381145943838,0.06206451612903225,-0.008378718056137635,0.0,-0.028275092021413997
23,3,789406,0,215,39.54,0.11,9.62,7.18,0.10800261523373511,-7.254209936357192e-05,0.07800000000000029,-0.0009300269149175852,0.06206451612903225,-0.007444168734491242,0.0,-0.02539794301807985
23,3,789445,0,215,39.43,0.11,9.53,7.219,0.10707747629944286,-7.402830820410955e-05,0.07699999999999996,-0.0009614066000533713,0.06148387096774193,-0.007540846250523628,0.0,-0.021482277121374717
23,3,789483,0,215,39.32,0.11,9.53,7.257,0.10634847989538926,-7.587204166781092e-05,0.07699999999999996,-0.0009853511904910515,0.06148387096774193,0.0,0.0,-0.027256169786407925
23,3,789522,0,215,39.32,0.11,9.53,7.296,0.10497875122588946,-7.78375566665428e-05,0.08000000000000007,-0.000972969458331784,0.06148387096774193,-0.008064516129032202,-0.12499999999999983,-0.01659038901601783
23,3,789563,0,215,39.21,0.1,9.43,7.337,0.10502124877410783,-7.965097335974924e-05,0.07899999999999974,-0.0010082401691107533,0.060838709677419354,-0.008166598611678214,-0.12658227848101303,-0.016800393940271465
23,3,789601,0,215,39.1,0.1,9.43,7.375,0.10365152010460801,-8.104893599157492e-05,0.07699999999999996,-0.0010525835843061685,0.060838709677419354,-0.008378718056137364,0.0,-0.027256169786408106
23,3,789640,0,215,38.99,0.1,9.33,7.414,0.10292252370055441,-8.182707956887647e-05,0.07800000000000029,-0.0010490651226778996,0.06019354838709678,-0.008271298593879158,0.0,-0.02837360960930718
23,3,789679,0,215,38.88,0.1,9.33,7.453,0.10143837855508205,-8.186192974898354e-05,0.07600000000000051,-0.0010771306545918815,0.06019354838709678,0.0,0.0,-0.02933535211025234
23,3,789716,0,215,38.88,0.1,9.33,7.49,0.10069303694017522,-8.110964356060357e-05,0.07599999999999962,-0.0010672321521132103,0.06019354838709678,-0.008488964346349827,0.0,-0.02090466440701265
23,3,789755,0,215,38.77,0.1,9.23,7.529,0.09984962406014909,-7.961059393799807e-05,0.0779999999999994,-0.0010206486402307524,0.059548387096774194,-0.008271298593879341,0.0,-0.022045079253317137
23,3,789794,0,215,38.66,0.1,9.23,7.568,0.09897352075841649,-7.751290102217645e-05,0.07699999999999996,-0.0010066610522360584,0.059548387096774194,-0.008378718056137364,0.0,-0.022331378983879716
23,3,789832,0,215,38.55,0.1,9.13,7.606,0.09813010787839035,-7.50882527048713e-05,0.07699999999999996,-0.0009751721130502771,0.05890322580645162,-0.008378718056137364,0.0,-0.020633175258869537
23,3,789871,0,215,38.55,0.1,9.13,7.645,0.09738476626348354,-7.27008028601368e-05,0.08000000000000007,-0.0009087600357517092,0.05890322580645162,0.0,0.0,-0.016590389016018003
23,3,789912,0,215,38.33,0.1,9.13,7.686,0.09680287675710891,-7.072231381150829e-05,0.07900000000000063,-0.0008952191621709839,0.05890322580645162,-0.008166598611678297,-0.12658227848101178,-0.018910788252965535
23,3,789950,0,215,38.33,0.09,9.03,7.724,0.09589081399149925,-6.942773528697899e-05,0.07699999999999996,-0.0009016588998308965,0.05825806451612903,-0.008378718056137545,0.0,-0.020293534513867752
23,3,789989,0,215,38.22,0.1,9.03,7.763,0.0952402745995411,-6.891584077059675e-05,0.07699999999999996,-0.0008950109190986596,0.05825806451612903,0.0,0.0,-0.01753395346072682
23,3,790027,0,215,38.11,0.09,9.03,7.801,0.09454069957502328,-6.908286992607771e-05,0.07699999999999996,-0.0008971801289101006,0.05825806451612903,-0.008378718056137364,0.0,-0.018383055323231638
23,3,790066,0,215,38.11,0.1,8.93,7.84,0.09382477933965226,-6.965757336388556e-05,0.0779999999999994,-0.000893045812357514,0.05761290322580645,-0.008271298593879253,0.0,-0.01814737512678008
23,3,790105,0,215,37.89,0.09,8.93,7.879,0.09312520431513445,-7.029033574472088e-05,0.07600000000000051,-0.0009248728387463211,0.05761290322580645,0.0,-0.1315789473684203,-0.01776466337468362
23,3,790142,0,215,37.78,0.09,8.93,7.916,0.0924746649231763,-7.067433194733574e-05,0.07600000000000051,-0.0009299254203596745,0.05761290322580645,-0.008488964346349636,0.0,-0.008688769979869396
23,3,790181,0,215,37.78,0.09,8.83,7.955,0.09246485779666437,-7.06641270861148e-05,0.07699999999999996,-0.0009177159361833095,0.05696774193548387,-0.008378718056137364,0.0,-0.010061857070683251
23,3,790219,0,215,37.67,0.09,8.83,7.993,0.09169990192873369,-7.03451624366771e-05,0.07499999999999929,-0.0009379354991557035,0.05696774193548387,-0.008602150537634438,0.0,-0.01800152555301284
23,3,790256,0,215,37.56,0.09,8.73,8.03,0.09111474338018842,-7.000489816061339e-05,0.07600000000000051,-0.0009211170810606963,0.056322580645161296,-0.008488964346349636,0.0,-0.005247672958138996
23,3,790295,0,215,37.56,0.09,8.73,8.069,0.09130107878391512,-6.998923719543449e-05,0.07699999999999996,-0.0009089511324082406,0.056322580645161296,0.0,0.12987012987013005,-0.003269042170643971
23,3,790333,0,215,37.34,0.1,8.73,8.107,0.09086302713304883,-7.049900277633192e-05,0.07699999999999996,-0.0009155714646276877,0.056322580645161296,0.0,0.0,-0.011802515888818473
23,3,790372,0,215,37.34,0.09,8.73,8.146,0.0903922850604761,-7.143991128588211e-05,0.07699999999999996,-0.0009277910556608072,0.056322580645161296,-0.008378718056137454,-0.12987012987013005,-0.0049672458956539715
23,3,790410,0,215,37.23,0.09,8.63,8.184,0.09048054919908348,-7.242310257083417e-05,0.07699999999999996,-0.0009405597736471975,0.05567741935483871,-0.008378718056137454,0.0,-0.008575928811299725
23,3,790449,0,215,37.12,0.09,8.63,8.223,0.08973193854200602,-7.292092736248357e-05,0.07800000000000118,-0.0009348836841343906,0.05567741935483871,-0.008271298593879243,0.0,-0.010771074844301053
23,3,790488,0,215,37.01,0.09,8.53,8.262,0.08964040536122798,-7.248837191845503e-05,0.07599999999999874,-0.0009537943673481084,0.05503225806451612,-0.008488964346350018,0.0,-0.01212986700160026
23,3,790525,0,215,36.9,0.09,8.53,8.299,0.08881006864988442,-7.093868275919135e-05,0.07599999999999874,-0.0009334037205156912,0.05503225806451612,0.0,-0.13157894736842318,-0.023786583162712285
23,3,790564,0,215,36.9,0.08,8.53,8.338,0.08783262504086188,-6.841278404587036e-05,0.08000000000000007,-0.0008551598005733788,0.05503225806451612,-0.008064516129032202,0.0,-0.025866296175220172
23,3,790605,0,215,36.79,0.09,8.43,8.379,0.0867407649558668,-6.534543356629463e-05,0.07900000000000063,-0.0008271573869151154,0.054387096774193545,-0.008166598611678122,0.12658227848101158,-0.028676534484256364
23,3,790643,0,215,36.79,0.09,8.43,8.417,0.08556717881660561,-6.235861415304278e-05,0.07699999999999996,-0.0008098521318576989,0.054387096774193545,0.0,-0.12987012987012989,-0.031119583260805557
23,3,790682,0,215,36.57,0.08,8.43,8.456,0.08434455704478477,-6.0110131603634544e-05,0.0779999999999994,-0.0007706427128671155,0.054387096774193545,-0.008271298593879253,0.0,-0.03155883018583226
23,3,790721,0,215,36.46,0.09,8.33,8.495,0.08310559006211071,-5.9121855838835556e-05,0.07699999999999996,-0.0007678163095952674,0.05374193548387097,-0.008378718056137364,0.0,-0.02025107942074253
23,3,790759,0,215,36.46,0.08,8.33,8.533,0.0827852239293876,-5.9618434478652557e-05,0.07699999999999996,-0.000774265382839644,0.05374193548387097,0.0,-0.12987012987012989,-0.014519641848834185
23,3,790798,0,215,36.35,0.08,8.33,8.572,0.08198757763975048,-6.142127611011538e-05,0.07699999999999996,-0.0007976789105209795,0.05374193548387097,0.0,0.0,-0.019232157185736457
23,3,790836,0,215,36.24,0.08,8.33,8.61,0.0813043478260859,-6.395375279906723e-05,0.07699999999999996,-0.0008305682181697047,0.05374193548387097,-0.007540846250523628,0.0,-0.01583574973571664
23,3,790875,0,215,36.13,0.08,8.24,8.649,0.0807682249101003,-6.639209931594259e-05,0.07800000000000118,-0.0008511807604607896,0.05316129032258065,-0.007444168734491157,0.0,-0.011441647597253638
23,3,790914,0,215,36.13,0.08,8.24,8.688,0.0804118993135001,-6.792810657237957e-05,0.07600000000000051,-0.0008937908759523568,0.05316129032258065,-0.008488964346349728,0.0,0.0007742468298892942
23,3,790951,0,215,36.02,0.08,8.14,8.725,0.08082706766917189,-6.803934468902284e-05,0.0779999999999994,-0.0008722992908849149,0.052516129032258066,-0.008271298593879341,0.0,-0.008926999773681558
23,3,790992,0,215,35.91,0.08,8.14,8.766,0.07971559333115294,-6.665328449427044e-05,0.08000000000000007,-0.0008331660561783797,0.052516129032258066,0.0,0.0,-0.01732592350441301
23,3,791031,0,215,35.8,0.08,8.14,8.805,0.07944099378881884,-6.414955503954368e-05,0.0779999999999994,-0.0008224301928146688,0.052516129032258066,-0.00827129859387943,0.0,-0.0030594881853462166
23,3,791070,0,215,35.69,0.08,8.04,8.844,0.07947695325269594,-6.121798467703954e-05,0.0779999999999994,-0.0007848459573979488,0.051870967741935475,-0.00827129859387943,0.0,-0.006244708761871157
23,3,791109,0,215,35.69,0.08,8.04,8.883,0.0789539065053929,-5.863352028694813e-05,0.07699999999999996,-0.0007614742894408852,0.051870967741935475,0.0,0.0,0.005391796826906381
23,3,791147,0,215,35.58,0.08,8.04,8.921,0.07989212160836773,-5.702390275670677e-05,0.07700000000000173,-0.0007405701656714998,0.051870967741935475,0.0,0.0,0.013500719613827983
23,3,791186,0,215,35.47,0.08,8.04,8.96,0.07999346191565768,-5.670724827875606e-05,0.07800000000000118,-0.0007270160035737846,0.051870967741935475,-0.008271298593878975,0.0,-0.00054484036177422
23,3,791225,0,215,35.36,0.08,7.94,8.999,0.07984962406014934,-5.7651918525951196e-05,0.07699999999999996,-0.0007487262146227432,0.051225806451612906,-0.008378718056137276,0.0,-0.006495629248162538
23,3,791263,0,215,35.36,0.08,7.94,9.037,0.07949329846354916,-5.9553504735045945e-05,0.07699999999999996,-0.0007734221394161816,0.051225806451612906,0.0,0.0,-0.01159024042319218
23,3,791302,0,215,35.25,0.08,7.94,9.076,0.07895717554756354,-6.19723410867099e-05,0.08000000000000007,-0.000774654263583873,0.051225806451612906,-0.008064516129032289,-0.12499999999999983,-0.01524190912062759
23,3,791343,0,215,35.13,0.07,7.84,9.117,0.07827394573389895,-6.446734091597772e-05,0.0779999999999994,-0.0008265043707176694,0.05058064516129032,-0.008271298593879341,0.0,-0.01898559106797074
23,3,791380,0,215,35.02,0.08,7.84,9.154,0.07747629944426183,-6.66860088458705e-05,0.07599999999999874,-0.0008774474848141002,0.05058064516129032,0.0,0.13157894736842318,-0.022066034651847047
23,3,791419,0,215,35.02,0.08,7.84,9.193,0.0765969271003586,-6.839846588357546e-05,0.0779999999999994,-0.0008769034087637946,0.05058064516129032,-0.008271298593879253,0.0,-0.02317667077392476
23,3,791458,0,215,34.91,0.08,7.74,9.232,0.07566851912389572,-6.948552412171249e-05,0.07699999999999996,-0.0009024094041780848,0.049935483870967745,-0.008378718056137364,0.0,-0.0243267683607661
23,3,791496,0,215,34.8,0.08,7.74,9.27,0.07472376593657962,-6.990290456956938e-05,0.07699999999999996,-0.0009078299294749274,0.049935483870967745,0.0,-0.12987012987012989,-0.0243267683607661
23,3,791535,0,215,34.69,0.07,7.74,9.309,0.07379535796011673,-6.964456874631874e-05,0.07699999999999996,-0.0009044749187833609,0.049935483870967745,-0.008378718056137454,-0.12987012987012989,-0.023477666498261277
23,3,791573,0,215,34.69,0.07,7.64,9.347,0.0729159856162135,-6.872341012565375e-05,0.07699999999999996,-0.0008925118198136855,0.04929032258064516,-0.008378718056137454,0.0,-0.021779462773251098
23,3,791612,0,215,34.58,0.07,7.64,9.386,0.0721183393265764,-6.717798039064693e-05,0.07800000000000118,-0.0008612561588544348,0.04929032258064516,0.0,0.0,-0.01898559106797031
23,3,791651,0,215,34.47,0.07,7.64,9.425,0.07143510951291179,-6.510061286463564e-05,0.08000000000000007,-0.0008137576608079447,0.04929032258064516,-0.008064516129032289,0.0,-0.01524190912062759
23,3,791692,0,215,34.36,0.07,7.54,9.466,0.07089898659692619,-6.267197486424259e-05,0.07899999999999885,-0.0007933161375220697,0.04864516129032258,-0.008166598611678393,0.0,-0.011296816615010257
23,3,791730,0,215,34.25,0.07,7.54,9.504,0.070542661000326,-6.018085724534039e-05,0.07699999999999996,-0.0007815695746148107,0.04864516129032258,0.0,0.0,-0.018213234950730565
23,3,791769,0,215,34.25,0.07,7.54,9.543,0.06949656750571993,-5.80067297697866e-05,0.07600000000000051,-0.0007632464443392922,0.04864516129032258,-0.008488964346349636,0.0,-0.017377539959738793
23,3,791806,0,215,34.14,0.07,7.44,9.58,0.06922196796338584,-5.6552044044098084e-05,0.07600000000000051,-0.0007441058426854961,0.048,-0.008488964346349636,0.0,-0.004000275287761658
23,3,791845,0,215,34.03,0.07,7.44,9.619,0.06919254658385005,-5.613082074834086e-05,0.0779999999999994,-0.0007196259070300165,0.048,0.0,0.0,0.002808023402989125
23,3,791884,0,215,33.92,0.07,7.44,9.658,0.06944099378881899,-5.684598941364794e-05,0.07699999999999996,-0.000738259602774649,0.048,0.0,0.0,0.010486408001935841
23,3,791922,0,215,33.92,0.07,7.44,9.696,0.0699999999999991,-5.851137614885538e-05,0.07699999999999996,-0.0007598880019331871,0.048,-0.008378718056137454,0.0,0.0072598209244170925
23,3,791961,0,215,33.81,0.07,7.34,9.735,0.0699999999999991,-6.0668310909754555e-05,0.07699999999999996,-0.0007879001416851245,0.04735483870967742,-0.008378718056137454,0.0,0.0072598209244170925
23,3,791999,0,215,33.7,0.07,7.34,9.773,0.07055900621117922,-6.270025412746883e-05,0.07900000000000063,-0.000793674102879346,0.04735483870967742,0.0,0.0,0.0031449013287207783
23,3,792040,0,215,33.59,0.07,7.34,9.814,0.07024844720496805,-6.399975169941819e-05,0.08000000000000007,-0.0007999968962427266,0.04735483870967742,-0.008064516129032202,0.0,-0.0003677672441974169
23,3,792079,0,215,33.48,0.07,7.24,9.853,0.07052958483164343,-6.412933892590455e-05,0.0779999999999994,-0.0008221710118705775,0.04670967741935484,-0.008271298593879253,0.0,-0.0035205069530012405
23,3,792118,0,215,33.48,0.07,7.24,9.892,0.06997384766263395,-6.293271849573668e-05,0.07699999999999996,-0.0008173080324121651,0.04670967741935484,0.0,0.0,-0.006325808875661827
23,3,792156,0,215,33.37,0.07,7.24,9.93,0.07004249754821747,-6.05712959168141e-05,0.07699999999999996,-0.0007866402067118718,0.04670967741935484,-0.008378718056137454,0.0,-0.008660838997550352
23,3,792195,0,215,33.26,0.07,7.14,9.969,0.06930696305982258,-5.747934520594633e-05,0.07699999999999996,-0.0007464850026746281,0.04606451612903226,-0.008378718056137454,0.0,-0.010571318188186287
23,3,792233,0,215,33.15,0.07,7.14,10.007,0.06922850604772712,-5.424933025287437e-05,0.07600000000000051,-0.0007138069770115001,0.04606451612903226,0.0,0.0,-0.004860549543194166
23,3,792271,0,215,33.15,0.07,7.14,10.045,0.06893756129453982,-5.147843040088152e-05,0.07699999999999996,-0.0006685510441672928,0.04606451612903226,0.0,0.0,-0.009892036698182359
23,3,792310,0,215,33.04,0.07,7.14,10.084,0.06846681922196708,-4.962507513999803e-05,0.07699999999999996,-0.0006444814953246501,0.04606451612903226,-0.008378718056137364,0.0,-0.02139736693512409
23,3,792348,0,215,32.93,0.07,7.04,10.122,0.06728996404053526,-4.89191474477737e-05,0.07900000000000063,-0.0006192297145287761,0.04541935483870968,-0.008166598611678122,-0.12658227848101178,-0.020234957233479508
23,3,792389,0,215,32.82,0.06,7.04,10.163,0.06686825760052219,-4.933472843004072e-05,0.08000000000000007,-0.0006166841053755084,0.04541935483870968,0.0,0.0,-0.011972866949983518
23,3,792428,0,215,32.82,0.07,7.04,10.202,0.06633213468453658,-5.0608666462239604e-05,0.0779999999999994,-0.000648829057208205,0.04541935483870968,0.0,0.0,-0.014794511362017078
23,3,792467,0,215,32.71,0.06,7.04,10.241,0.06571428571428486,-5.229957576382649e-05,0.07699999999999996,-0.0006792152696600847,0.04541935483870968,-0.0075408462505237184,0.0,-0.016684851598222
23,3,792505,0,215,32.6,0.07,6.95,10.279,0.06504740111147349,-5.389513277645186e-05,0.07699999999999996,-0.00069993678930457,0.044838709677419354,-0.0075408462505237184,0.0,-0.01753395346072664
23,3,792544,0,215,32.49,0.06,6.95,10.318,0.06436417129780891,-5.495361260249876e-05,0.0779999999999994,-0.0007045334949038356,0.044838709677419354,0.0,0.0,-0.01730915918558924
23,3,792583,0,215,32.49,0.07,6.95,10.357,0.06369728669499754,-5.52325961430995e-05,0.07800000000000118,-0.0007081102069628034,0.044838709677419354,-0.008271298593879152,0.0,-0.016470943244398205
23,3,792622,0,215,32.38,0.06,6.85,10.396,0.06307943772474583,-5.475353605404898e-05,0.07600000000000051,-0.0007204412638690607,0.04419354838709677,-0.008488964346349728,-0.1315789473684203,-0.015183840608385731
23,3,792659,0,215,32.27,0.06,6.85,10.433,0.06254331480876021,-5.377590410381039e-05,0.07599999999999874,-0.0007075776855764643,0.04419354838709677,0.0,0.0,-0.012603017842088135
23,3,792698,0,215,32.27,0.06,6.85,10.472,0.06212160836874715,-5.2692638865559084e-05,0.07600000000000051,-0.0006933241955994569,0.04419354838709677,0.0,0.1315789473684203,-0.009161920820357257
23,3,792735,0,215,32.16,0.07,6.85,10.509,0.06184700882641306,-5.189487018828398e-05,0.07500000000000107,-0.0006919316025104432,0.04419354838709677,-0.008602150537634235,0.0,-0.004925356870436904
23,3,792773,0,215,32.05,0.06,6.75,10.547,0.06175220660346438,-5.166140243001393e-05,0.07699999999999996,-0.0006709273042858956,0.043548387096774194,-0.008378718056137364,-0.12987012987013005,-0.011420420050691287
23,3,792812,0,215,31.94,0.06,6.75,10.586,0.06096763648250983,-5.2098118932571326e-05,0.0779999999999994,-0.0006679246016996375,0.043548387096774194,0.0,0.0,-0.010226234482527245
23,3,792851,0,215,31.83,0.06,6.75,10.625,0.06095456031382726,-5.312394057083658e-05,0.0779999999999994,-0.0006810761611645768,0.043548387096774194,0.0,0.0,-0.008759356585443497
23,3,792890,0,215,31.83,0.06,6.75,10.664,0.06028440666884524,-5.4503395089968265e-05,0.07699999999999996,-0.0007078362998697181,0.043548387096774194,-0.008378718056137364,0.0,-0.006962635272540532
23,3,792928,0,215,31.72,0.06,6.65,10.702,0.06041843739784164,-5.592990282079935e-05,0.07699999999999996,-0.0007263623742960958,0.04290322580645162,-0.008378718056137364,0.0,-0.004627605150651827
23,3,792967,0,215,31.72,0.06,6.65,10.741,0.05992808107224505,-5.7136797338188214e-05,0.0779999999999994,-0.0007325230427972905,0.04290322580645162,0.0,0.0,-0.0018440750706197398
23,3,793006,0,215,31.61,0.06,6.65,10.78,0.0602745995423333,-5.798399185798875e-05,0.07699999999999996,-0.0007530388552985556,0.04290322580645162,-0.008378718056137454,0.0,0.001316107886882633
23,3,793044,0,215,31.5,0.06,6.55,10.818,0.060029421379535014,-5.847613471447044e-05,0.07800000000000118,-0.0007496940348008917,0.04225806451612903,-0.008271298593879152,0.0,-0.00670572752952585
23,3,793084,0,215,31.39,0.06,6.55,10.858,0.05975155279503028,-5.870535058787585e-05,0.07900000000000063,-0.0007431057036439922,0.04225806451612903,0.0,0.0,-0.0003724225257695335
23,3,793123,0,215,31.28,0.06,6.55,10.897,0.05999999999999922,-5.875305729432067e-05,0.0779999999999994,-0.0007532443242861683,0.04225806451612903,0.0,0.0,0.006370441153049703
23,3,793162,0,215,31.28,0.06,6.55,10.936,0.06024844720496815,-5.861363556812549e-05,0.0779999999999994,-0.0007514568662580248,0.04225806451612903,-0.008271298593879341,0.0,-0.00037719717353599337
23,3,793201,0,215,31.17,0.06,6.45,10.975,0.05997057862046341,-5.819350551852054e-05,0.07699999999999996,-0.0007557598119288386,0.04161290322580645,-0.008378718056137454,0.0,-0.0067928149000392795
23,3,793239,0,215,31.06,0.06,6.45,11.013,0.059725400457665126,-5.738632881785932e-05,0.07699999999999996,-0.0007452769976345371,0.04161290322580645,0.0,0.0,-0.00594371303753446
23,3,793278,0,215,31.06,0.06,6.45,11.052,0.05951291271657326,-5.617202446478853e-05,0.0779999999999994,-0.0007201541598049866,0.04161290322580645,-0.008271298593879341,0.0,-0.00502929564714468
23,3,793317,0,215,30.95,0.06,6.35,11.091,0.059333115397187844,-5.467750202179733e-05,0.07699999999999996,-0.0007100974288545112,0.040967741935483866,-0.008378718056137454,0.0,-0.00424550931252446
23,3,793355,0,215,30.84,0.06,6.35,11.129,0.05918600849950888,-5.316447005444225e-05,0.07699999999999996,-0.0006904476630447049,0.040967741935483866,0.0,0.0,-0.0033964074500196398
23,3,793394,0,215,30.73,0.06,6.35,11.168,0.05907159202353633,-5.195011510251213e-05,0.07800000000000118,-0.0006660271166988634,0.040967741935483866,0.0,0.0,-0.002514647823572283
23,3,793433,0,215,30.73,0.06,6.35,11.207,0.058989865969270236,-5.130283096047972e-05,0.08900000000000041,-0.0005764363029267357,0.040967741935483866,-0.0072490032620513905,0.0,0.004811736228700649
23,3,793483,0,215,30.62,0.06,6.25,11.257,0.05949983654789069,-5.1362572643088635e-05,0.0909999999999993,-0.0005644238751987805,0.04032258064516129,-0.007089684509039359,-0.10989010989011068,0.002011718258857801
23,3,793524,0,215,30.51,0.05,6.25,11.298,0.059172932330826294,-5.2106331059946776e-05,0.08200000000000074,-0.0006354430617066623,0.04032258064516129,0.0,0.0,-0.00035879731141211116
23,3,793565,0,215,30.51,0.06,6.25,11.339,0.0594704151683549,-5.3352893223585164e-05,0.08099999999999952,-0.0006586776941183393,0.04032258064516129,0.0,0.12345679012345746,0.00431836434887541
23,3,793605,0,215,30.4,0.06,6.25,11.379,0.0595227198430852,-5.480657513494958e-05,0.08099999999999952,-0.0006766243843820976,0.04032258064516129,-0.00796495420151334,0.0,-0.0013318319954476734
23,3,793646,0,215,30.29,0.06,6.15,11.42,0.05936253677672364,-5.614495568945088e-05,0.08200000000000074,-0.0006846945815786631,0.03967741935483871,-0.00786782061368989,0.0,-0.012916703210837016
23,3,793687,0,215,30.18,0.06,6.15,11.461,0.058463550179796556,-5.712885184629002e-05,0.08200000000000074,-0.0006966933151986525,0.03967741935483871,0.0,0.0,-0.013116035050510318
23,3,793728,0,215,30.18,0.06,6.15,11.502,0.05828702190258178,-5.7683203020605586e-05,0.08099999999999952,-0.0007121383088963695,0.03967741935483871,-0.007964954201513426,0.0,-0.0061748574334386675
23,3,793768,0,215,30.07,0.06,6.05,11.542,0.05796338672768803,-5.790472762623899e-05,0.08099999999999952,-0.000714873180570856,0.03903225806451613,-0.007964954201513426,0.0,-0.009403541058765997
23,3,793809,0,215,29.96,0.06,6.05,11.583,0.05752533507682174,-5.798902594991517e-05,0.08399999999999963,-0.0006903455470228027,0.03903225806451613,0.0,0.0,-0.011402730428555791
23,3,793852,0,215,29.85,0.06,6.05,11.626,0.057005557371689344,-5.81115164566004e-05,0.08300000000000018,-0.0007001387524891598,0.03903225806451613,0.0,-0.12048192771084304,-0.013115554732824528
23,3,793892,0,215,29.74,0.05,6.05,11.666,0.0564367440339973,-5.832617220879221e-05,0.0810000000000013,-0.0007200762001085344,0.03903225806451613,-0.007964954201513165,0.0,-0.014246566496756678
23,3,793933,0,215,29.63,0.06,5.95,11.707,0.055851585485452035,-5.853891513632625e-05,0.08199999999999896,-0.0007138892089795974,0.03838709677419355,-0.00786782061369006,0.0,-0.025075945430915524
23,3,793974,0,215,29.63,0.05,5.95,11.748,0.054380516508662255,-5.8562088633850706e-05,0.08099999999999952,-0.0007229887485660624,0.03838709677419355,0.0,-0.12345679012345746,-0.029219586809212845
23,3,794014,0,215,29.52,0.05,5.95,11.788,0.05348479895390581,-5.820520655487549e-05,0.0810000000000013,-0.0007185827969737599,0.03838709677419355,-0.007964954201513252,0.0,-0.021511104653743267
23,3,794055,0,215,29.52,0.05,5.85,11.829,0.05263811703170902,-5.734757242844779e-05,0.08199999999999896,-0.0006993606393713234,0.03774193548387097,-0.007867820613690145,0.1219512195121966,-0.019654119391798657
23,3,794096,0,215,29.41,0.06,5.85,11.87,0.05187316116377834,-5.59634137032683e-05,0.08099999999999952,-0.0006909063420156621,0.03774193548387097,0.0,0.0,-0.017475250122084493
23,3,794136,0,215,29.3,0.05,5.85,11.91,0.05122262177182019,-5.4105083240743926e-05,0.0810000000000013,-0.0006679639906264575,0.03774193548387097,0.0,-0.12345679012345476,-0.014246566496756765
23,3,794177,0,215,29.3,0.05,5.85,11.951,0.05071918927754102,-5.1877799784821654e-05,0.08399999999999963,-0.0006175928545812129,0.03774193548387097,-0.007680491551459364,0.0,-0.009846043680629952
23,3,794220,0,215,29.19,0.05,5.75,11.994,0.050395554102647275,-4.943657720980177e-05,0.08399999999999963,-0.0005885306810690713,0.037096774193548385,-0.007680491551459364,0.0,-0.005175983436852929
23,3,794261,0,215,28.97,0.05,5.75,12.035,0.05028440666884538,-4.699720328652291e-05,0.08099999999999952,-0.0005802123862533727,0.037096774193548385,0.0,0.0,0.00028250981721607705
23,3,794301,0,215,28.97,0.05,5.75,12.075,0.05041843739784178,-4.4822411464919833e-05,0.08099999999999952,-0.0005533631045051865,0.037096774193548385,-0.007168458781362006,0.0,-0.00439908143950855
23,3,794342,0,215,28.97,0.05,5.66,12.116,0.04992808107224519,-4.3162557482010477e-05,0.08200000000000074,-0.0005263726522196352,0.036516129032258066,0.0,0.0,-0.0017541201891260647
23,3,794383,0,215,28.86,0.05,5.75,12.157,0.05027459954233344,-4.217715884708806e-05,0.08099999999999952,-0.000520705664778868,0.037096774193548385,0.0,0.0,0.0012511149048143617
23,3,794423,0,215,28.75,0.05,5.66,12.197,0.05002942137953515,-4.188998068459427e-05,0.08099999999999952,-0.0005171602553653644,0.036516129032258066,-0.007168458781362006,0.0,-0.006457367250654659
23,3,794464,0,215,28.64,0.05,5.66,12.238,0.049751552795030414,-4.2212374903146886e-05,0.08200000000000074,-0.0005147850597944695,0.036516129032258066,0.0,0.0,-0.007175946228242731
23,3,794505,0,215,28.64,0.05,5.66,12.279,0.04944099378881924,-4.3020872986320844e-05,0.0810000000000013,-0.000531121888720002,0.036516129032258066,-0.007964954201513252,0.0,0.0030672494440609813
23,3,794545,0,215,28.53,0.05,5.56,12.319,0.04999999999999936,-4.423081312082022e-05,0.08300000000000018,-0.0005329013629014473,0.03587096774193548,-0.007773027594247979,0.0,0.006735014592531501
23,3,794588,0,215,28.53,0.05,5.56,12.362,0.04999999999999936,-4.580306891452768e-05,0.08399999999999963,-0.0005452746299348557,0.03587096774193548,0.0,0.0,0.0
23,3,794629,0,215,28.31,0.05,5.56,12.403,0.04999999999999936,-4.7668664903781635e-05,0.08200000000000074,-0.0005813251817534293,0.03587096774193548,0.0,0.0,0.0
23,3,794670,0,215,28.2,0.05,5.56,12.444,0.04999999999999936,-4.962958950858898e-05,0.08199999999999896,-0.0006052388964462147,0.03587096774193548,0.0,0.0,0.0
23,3,794711,0,215,28.2,0.05,5.56,12.485,0.04999999999999936,-5.1331007292538366e-05,0.08199999999999896,-0.0006259878938114514,0.03587096774193548,-0.00786782061369006,0.0,0.0
23,3,794752,0,215,28.2,0.05,5.46,12.526,0.04999999999999936,-5.23559766292232e-05,0.08000000000000007,-0.0006544497078652895,0.035225806451612905,-0.008064516129032202,0.0,0.0
23,3,794791,0,215,28.09,0.05,5.46,12.565,0.04999999999999936,-5.240162487220523e-05,0.08000000000000007,-0.0006550203109025648,0.035225806451612905,0.0,0.0,0.0
23,3,794832,0,215,27.98,0.05,5.46,12.606,0.04999999999999936,-5.1436298608098955e-05,0.09200000000000053,-0.0005590902022619419,0.035225806451612905,-0.007012622720897609,0.0,0.0
23,3,794883,0,215,27.87,0.05,5.36,12.657,0.04999999999999936,-4.9748633490397155e-05,0.09200000000000053,-0.000540746016199966,0.03458064516129032,-0.007012622720897609,0.0,0.0
23,3,794924,0,215,27.76,0.05,5.36,12.698,0.04999999999999936,-4.7855048426074906e-05,0.08399999999999963,-0.0005697029574532752,0.03458064516129032,0.0,0.0,0.0
23,3,794967,0,215,27.65,0.05,5.36,12.741,0.04999999999999936,-4.6298613129966526e-05,0.08399999999999963,-0.0005511739658329372,0.03458064516129032,0.0,0.0,0.0
23,3,795008,0,215,27.65,0.05,5.36,12.782,0.04999999999999936,-4.543099288270103e-05,0.08000000000000007,-0.0005678874110337624,0.03458064516129032,0.0,0.0,0.0
23,3,795047,0,215,27.54,0.05,5.36,12.821,0.04999999999999936,-4.528598570176356e-05,0.08000000000000007,-0.000566074821272044,0.03458064516129032,-0.008064516129032289,0.0,0.0
23,3,795088,0,215,27.43,0.05,5.26,12.862,0.04999999999999936,-4.559949928992779e-05,0.08200000000000074,-0.000556091454755212,0.03393548387096774,-0.007867820613689973,0.0,0.0
23,3,795129,0,215,27.43,0.05,5.26,12.903,0.04999999999999936,-4.5942591673655106e-05,0.08099999999999952,-0.0005671924897982146,0.03393548387096774,0.0,0.0,0.0
23,3,795169,0,215,27.32,0.05,5.26,12.943,0.04999999999999936,-4.588846626725829e-05,0.08099999999999952,-0.0005665242749044267,0.03393548387096774,0.0,0.0,0.0
23,3,795210,0,215,27.21,0.05,5.26,12.984,0.04999999999999936,-4.515461357224826e-05,0.08200000000000074,-0.0005506660191737543,0.03393548387096774,-0.00786782061368989,0.0,0.0
23,3,795251,0,215,27.21,0.05,5.16,13.025,0.04999999999999936,-4.369472320392909e-05,0.08099999999999952,-0.0005394410272090042,0.03329032258064516,-0.00796495420151334,0.0,0.0
23,3,795291,0,215,27.1,0.05,5.16,13.065,0.04999999999999936,-4.1721005579211656e-05,0.07899999999999885,-0.000528113994673573,0.03329032258064516,0.0,0.0,0.0
23,3,795330,0,215,26.99,0.05,5.16,13.104,0.04999999999999936,-3.9645005529596486e-05,0.08000000000000007,-0.0004955625691199557,0.03329032258064516,0.0,0.0,0.0
23,3,795371,0,215,26.99,0.05,5.16,13.145,0.04999999999999936,-3.7963633882462486e-05,0.0810000000000013,-0.0004686868380550849,0.03329032258064516,0.0,0.0,0.0
23,3,795411,0,215,26.88,0.05,5.16,13.185,0.04999999999999936,-3.714888900866953e-05,0.0810000000000013,-0.00045862825936628316,0.03329032258064516,-0.007964954201513252,0.0,0.0
23,3,795452,0,215,26.77,0.05,5.06,13.226,0.04999999999999936,-3.7574698212041294e-05,0.08199999999999896,-0.0004582280269761191,0.03264516129032258,-0.007867820613690145,0.0,0.0
23,3,795493,0,215,26.66,0.05,5.06,13.267,0.04999999999999936,-3.945828764940007e-05,0.08099999999999952,-0.00048713935369630004,0.03264516129032258,0.0,0.0,0.0
23,3,795533,0,215,26.66,0.05,5.06,13.307,0.04999999999999936,-4.278188653806136e-05,0.0810000000000013,-0.0005281714387414899,0.03264516129032258,0.0,0.0,0.0
23,3,795574,0,215,26.55,0.05,5.06,13.348,0.04999999999999936,-4.7213639541008764e-05,0.08199999999999896,-0.0005757760919635288,0.03264516129032258,0.0,0.0,0.0
23,3,795615,0,215,26.43,0.05,5.06,13.389,0.04999999999999936,-5.2096776677966086e-05,0.08099999999999952,-0.0006431700824440296,0.03264516129032258,-0.00796495420151334,0.0,0.0069013112491372736
23,3,795655,0,215,26.32,0.05,4.96,13.429,0.05055900621117947,-5.655512308622068e-05,0.08300000000000018,-0.0006813870251351874,0.032,-0.007773027594247895,0.0,0.009728354411434428
23,3,795698,0,215,26.32,0.05,4.96,13.472,0.05080745341614842,-5.968940092231989e-05,0.08399999999999963,-0.0007105881062180971,0.032,0.0,0.0,0.002607450302775525
23,3,795739,0,215,26.21,0.05,4.96,13.513,0.050778032036612616,-6.078763765875728e-05,0.0810000000000013,-0.0007504646624537816,0.032,-0.007964954201513165,0.0,-0.010654655963580296
23,3,795779,0,215,26.21,0.05,4.86,13.553,0.0499444262830984,-5.9479867568827946e-05,0.08099999999999952,-0.000734319352701584,0.031354838709677424,-0.00796495420151334,0.0,-0.019372101751964407
23,3,795820,0,215,26.1,0.05,4.86,13.594,0.04920889179470351,-5.580487250051558e-05,0.08099999999999952,-0.0006889490432162458,0.031354838709677424,0.0,0.0,-0.016950589032968737
23,3,795860,0,215,26.1,0.05,4.86,13.634,0.04857142857142794,-5.019363432507795e-05,0.08000000000000007,-0.0006274204290634738,0.031354838709677424,0.0,0.0,-0.014710689767897717
23,3,795900,0,215,25.99,0.05,4.86,13.674,0.04803203661327169,-4.339836357084437e-05,0.08099999999999952,-0.0005357822663067238,0.031354838709677424,-0.007964954201513469,0.0,-0.012107563594977657
23,3,795941,0,215,25.88,0.05,4.76,13.715,0.047590715920234755,-3.6391234384154816e-05,0.08200000000000074,-0.0004437955412701767,0.030709677419354837,-0.007867820613690017,0.0,-0.0027507793874930776
23,3,795982,0,215,25.77,0.05,4.76,13.756,0.047806472703497256,-3.022533329337129e-05,0.08099999999999952,-0.00037315226288112927,0.030709677419354837,0.0,0.0,-0.0041972887129257
23,3,796022,0,215,25.77,0.05,4.76,13.796,0.047250735534487776,-2.583990973138306e-05,0.08099999999999952,-0.00031901123125164464,0.030709677419354837,0.0,-0.12345679012345755,-0.012107563594977742
23,3,796063,0,215,25.66,0.04,4.76,13.837,0.046825760052304065,-2.3836809319315754e-05,0.0840000000000014,-0.00028377153951565897,0.030709677419354837,0.0,-0.11904761904761707,-0.00856177711359111
23,3,796106,0,215,25.55,0.04,4.76,13.88,0.04653154625694611,-2.4313409308488686e-05,0.08399999999999963,-0.00028944534891058087,0.030709677419354837,0.0,0.0,-0.005448403617739943
23,3,796147,0,215,25.55,0.04,4.76,13.921,0.04636809414841391,-2.6841749419787674e-05,0.08099999999999952,-0.00033137962246651645,0.030709677419354837,0.0,0.12345679012345755,-0.002421512718995583
23,3,796187,0,215,25.44,0.05,4.76,13.961,0.04633540372670747,-3.0619619456908606e-05,0.0810000000000013,-0.00037801999329516194,0.030709677419354837,-0.007964954201513165,0.12345679012345484,0.007708482155469023
23,3,796228,0,215,25.44,0.05,4.66,14.002,0.04699248120300691,-3.472951086780096e-05,0.08199999999999896,-0.0004235306203390415,0.03006451612903226,-0.00786782061369006,0.0,0.0070164807565042415
23,3,796269,0,215,25.33,0.05,4.66,14.043,0.04691075514874081,-3.8385926033814855e-05,0.08099999999999952,-0.0004739003214051245,0.03006451612903226,0.0,0.0,0.0
23,3,796309,0,215,25.22,0.05,4.66,14.083,0.04699248120300691,-4.1073957611007294e-05,0.0810000000000013,-0.0005070858964321808,0.03006451612903226,0.0,0.0,0.004035854531659074
23,3,796350,0,215,25.22,0.05,4.66,14.124,0.0472376593658052,-4.256778973789288e-05,0.08199999999999896,-0.0005191193870474807,0.03006451612903226,0.0,-0.12195121951219669,0.007973273586936615
23,3,796391,0,215,25.11,0.04,4.66,14.165,0.04764628963713571,-4.288946889718303e-05,0.08099999999999952,-0.0005294996160146085,0.03006451612903226,-0.007964954201513426,0.0,0.019008874844115016
23,3,796431,0,215,25.0,0.05,4.56,14.205,0.04877737822817851,-4.226267442245657e-05,0.08300000000000018,-0.000509188848463331,0.029419354838709676,-0.007773027594247979,0.12048192771084312,0.025482774510923324
23,3,796474,0,215,25.0,0.05,4.56,14.248,0.04976135992154235,-4.1060480757384e-05,0.08399999999999963,-0.0004888152471117165,0.029419354838709676,0.0,0.0,0.004670060243777188
23,3,796515,0,215,24.89,0.05,4.56,14.289,0.04916966328865579,-3.972190872522408e-05,0.0810000000000013,-0.0004903939348793018,0.029419354838709676,0.0,0.0,-0.009524616694715585
23,3,796555,0,215,24.78,0.05,4.56,14.329,0.04898986596927037,-3.864788574334987e-05,0.08099999999999952,-0.0004771343918932111,0.029419354838709676,0.0,0.0,-0.010493221782314077
23,3,796596,0,215,24.78,0.05,4.56,14.37,0.048319712324288354,-3.812439536070311e-05,0.08199999999999896,-0.0004649316507402877,0.029419354838709676,-0.007867820613690102,-0.12195121951219669,-0.011322048493450008
23,3,796637,0,215,24.67,0.04,4.46,14.411,0.048061457992807484,-3.8299033226453897e-05,0.0810000000000013,-0.00047282757069695415,0.028774193548387096,-0.007964954201513209,0.0,-0.007789199246102161
23,3,796677,0,215,24.56,0.05,4.46,14.451,0.04768878718535407,-3.9181569635229783e-05,0.0810000000000013,-0.00048372308191640934,0.028774193548387096,0.0,0.12345679012345484,-0.010210711965097605
23,3,796718,0,215,24.56,0.05,4.46,14.492,0.047234390323634565,-4.062585214997938e-05,0.08199999999999896,-0.0004954372213412183,0.028774193548387096,0.0,0.0,-0.01849799472169281
23,3,796759,0,215,24.45,0.05,4.46,14.533,0.04617195161817528,-4.230137884579932e-05,0.0799999999999983,-0.0005287672355725028,0.028774193548387096,0.0,0.0,-0.015895717554756637
23,3,796798,0,215,24.45,0.05,4.46,14.572,0.04596273291925406,-4.371284788697683e-05,0.08200000000000074,-0.0005330835108167857,0.028774193548387096,-0.007081038552320943,-0.12195121951219405,-0.0231224934021157
23,3,796841,0,215,24.34,0.04,4.37,14.615,0.04427590715920177,-4.430857901144414e-05,0.0840000000000014,-0.0005274830834695643,0.028193548387096774,-0.006912442396313247,-0.11904761904761707,-0.030005137066267253
23,3,796882,0,215,24.23,0.04,4.37,14.656,0.04344230140568757,-4.365245109230198e-05,0.08199999999999896,-0.0005323469645402749,0.028193548387096774,0.0,0.12195121951219669,-0.009926725615735939
23,3,796923,0,215,24.12,0.05,4.37,14.697,0.043461915658711436,-4.1591783801281144e-05,0.08099999999999952,-0.0005134788123614986,0.028193548387096774,0.0,0.0,0.00028250981721607705
23,3,796963,0,215,24.12,0.04,4.37,14.737,0.04346518470088207,-3.836364963684869e-05,0.0810000000000013,-0.0004736253041586182,0.028193548387096774,-0.007964954201513252,-0.12345679012345484,-0.006618801431921137
23,3,797004,0,215,24.01,0.04,4.27,14.778,0.042925792742725816,-3.460399492167898e-05,0.08200000000000074,-0.00042199993806925205,0.02754838709677419,-0.007867820613689973,0.0,-0.001953452028799281
23,3,797045,0,215,24.01,0.04,4.27,14.819,0.04330500163452053,-3.122962103556848e-05,0.08099999999999952,-0.0003855508769823292,0.02754838709677419,0.0,0.0,-0.00117039781418105
23,3,797085,0,215,23.9,0.04,4.27,14.859,0.04283099051977715,-2.918614313248913e-05,0.08099999999999952,-0.00036032275472209016,0.02754838709677419,0.0,0.0,-0.011098599962063058
23,3,797126,0,215,23.9,0.04,4.27,14.9,0.04240601503759343,-2.9123043424561956e-05,0.08099999999999952,-0.0003595437459822485,0.02754838709677419,0.0,0.12345679012345755,0.0012511149048143617
23,3,797166,0,215,23.79,0.05,4.27,14.94,0.042932330827067114,-3.1125505443414523e-05,0.08300000000000018,-0.0003750060896796922,0.02754838709677419,0.0,0.0,0.013666959436306757
23,3,797209,0,215,23.68,0.04,4.27,14.983,0.04354037267080689,-3.4634406937137817e-05,0.08399999999999963,-0.00041231436829926153,0.02754838709677419,0.0,0.0,0.015839287660144002
23,3,797250,0,215,23.68,0.05,4.27,15.024,0.044262830990519204,-3.860815855795163e-05,0.08199999999999896,-0.00047083120192624537,0.02754838709677419,-0.00786782061369006,0.12195121951219669,0.008411803634218057
23,3,797291,0,215,23.57,0.05,4.17,15.065,0.04423014056881276,-4.1867489111838905e-05,0.0810000000000013,-0.0005168825816276325,0.026903225806451613,-0.007964954201513165,-0.12345679012345484,-0.003228683625327344
23,3,797331,0,215,23.57,0.04,4.17,15.105,0.044001307616867685,-4.3479550489736066e-05,0.0810000000000013,-0.0005367845739473503,0.026903225806451613,0.0,-0.12345679012345484,0.0030672494440609813
23,3,797372,0,215,23.46,0.04,4.17,15.146,0.044478587773781705,-4.302902609850179e-05,0.08199999999999896,-0.0005247442207134431,0.026903225806451613,-0.007867820613690102,0.12195121951219669,0.0028305121233624594
23,3,797413,0,215,23.35,0.05,4.07,15.187,0.044233409610983404,-4.069150738616756e-05,0.08099999999999952,-0.000502364288718121,0.026258064516129033,0.0,0.0,-0.008071709063318494
23,3,797453,0,215,23.35,0.04,4.17,15.227,0.04382477933965291,-3.7117340257725394e-05,0.0810000000000013,-0.00045823876861388643,0.026903225806451613,0.0,-0.12345679012345484,-0.012107563594977477
23,3,797494,0,215,23.24,0.04,4.07,15.268,0.04325269695979021,-3.319742742574672e-05,0.08199999999999896,-0.0004048466759237456,0.026258064516129033,-0.007867820613690102,0.12195121951219669,-0.01594654717387306
23,3,797535,0,215,23.24,0.05,4.07,15.309,0.04251716247139534,-2.9797614963952946e-05,0.08300000000000018,-0.00035900740920425154,0.026258064516129033,0.0,0.0,-0.019693025124361142
23,3,797577,0,215,23.13,0.04,4.07,15.351,0.041618175874468234,-2.753316596842481e-05,0.08300000000000018,-0.00033172489118584033,0.026258064516129033,0.0,-0.12048192771084312,-0.012761080280586222
23,3,797618,0,215,23.02,0.04,4.07,15.392,0.04145799280810668,-2.663806823729864e-05,0.08199999999999896,-0.000324854490698768,0.026258064516129033,0.0,0.0,-0.012318707691816958
23,3,797659,0,215,23.02,0.04,4.07,15.433,0.040608041843739257,-2.6969052710771104e-05,0.0810000000000013,-0.00033295126803420584,0.026258064516129033,0.0,0.0,-0.011461826869911854
23,3,797699,0,215,22.8,0.04,4.07,15.473,0.0405295848316438,-2.8145893326762206e-05,0.08099999999999952,-0.00034748016452793056,0.026258064516129033,-0.007964954201513384,0.0,0.0010896807235480808
23,3,797740,0,215,22.91,0.04,3.97,15.514,0.04069630598234665,-2.976220506560745e-05,0.08099999999999952,-0.00036743463043960035,0.025612903225806453,-0.007964954201513384,0.0,-0.0035919105331766324
23,3,797780,0,215,22.8,0.04,3.97,15.554,0.0402386400784565,-3.1551124337511725e-05,0.08000000000000007,-0.0003943890542188962,0.025612903225806453,0.0,0.0,-0.01225890813991488
23,3,797820,0,215,22.69,0.04,3.97,15.594,0.03971559333115346,-3.3415664973516e-05,0.08099999999999952,-0.0004125390737471136,0.025612903225806453,0.0,0.0,-0.002582946900262035
23,3,797861,0,215,22.69,0.04,3.97,15.635,0.040029421379535274,-3.5330409650453644e-05,0.08200000000000074,-0.00043085865427382105,0.025612903225806453,0.0,0.0,-0.006378618869549188
23,3,797902,0,215,22.58,0.04,3.97,15.676,0.03919254658385042,-3.721165895048895e-05,0.07900000000000063,-0.0004710336576011222,0.025612903225806453,0.0,0.0,-0.010593351844111976
23,3,797940,0,215,22.47,0.04,3.97,15.714,0.03919254658385042,-3.88604595839257e-05,0.07900000000000063,-0.0004919045516952582,0.025612903225806453,-0.008166598611678165,0.0,0.010593351844111976
23,3,797981,0,215,22.47,0.04,3.87,15.755,0.040029421379535274,-4.000826836852189e-05,0.08199999999999896,-0.00048790571181124874,0.024967741935483873,-0.007867820613690102,0.0,0.013195767786380094
23,3,798022,0,215,22.36,0.04,3.87,15.796,0.040274599542333575,-4.0411820952153124e-05,0.08099999999999952,-0.0004989113697796712,0.024967741935483873,0.0,0.0,0.005650196344322912
23,3,798062,0,215,22.36,0.04,3.87,15.836,0.04048708728342543,-3.9926117398390024e-05,0.0810000000000013,-0.0004929150296097456,0.024967741935483873,0.0,0.0,0.004843025437991059
23,3,798103,0,215,22.25,0.04,3.87,15.877,0.04066688460281086,-3.853548775096849e-05,0.08099999999999952,-0.00047574676235763853,0.024967741935483873,0.0,0.0,-0.0028654567174780264
23,3,798143,0,215,22.14,0.04,3.87,15.917,0.04025498528930971,-3.6371211003896506e-05,0.08099999999999952,-0.000449027296344404,0.024967741935483873,-0.007964954201513426,0.0,0.0001614341812662808
23,3,798184,0,215,22.14,0.04,3.77,15.958,0.040679960771493426,-3.372890795567684e-05,0.08200000000000074,-0.0004113281458009334,0.02432258064516129,-0.007867820613689973,0.0,0.0027507793874930776
23,3,798225,0,215,22.03,0.04,3.77,15.999,0.04048054919908414,-3.104740643448256e-05,0.0810000000000013,-0.00038330131400595146,0.02432258064516129,0.0,0.0,0.005004459619257251
23,3,798265,0,215,22.03,0.04,3.77,16.039,0.04108532200065327,-2.8803753635311846e-05,0.08300000000000018,-0.0003470331763290576,0.02432258064516129,0.0,0.12048192771084312,0.013391257084565601
23,3,798308,0,215,21.92,0.05,3.77,16.082,0.04159202353710309,-2.7343352236215868e-05,0.08399999999999963,-0.00032551609805019034,0.02432258064516129,0.0,0.0,0.010896807235479885
23,3,798349,0,215,21.92,0.04,3.77,16.123,0.042000653808433576,-2.673720736288576e-05,0.08200000000000074,-0.0003260635044254332,0.02432258064516129,0.0,-0.12195121951219405,0.008770600945629986
23,3,798390,0,215,21.81,0.04,3.77,16.164,0.042311212814644755,-2.676473997943507e-05,0.08099999999999952,-0.00033042888863500284,0.02432258064516129,0.0,0.0,0.0064573672506549155
23,3,798430,0,215,21.7,0.04,3.77,16.204,0.04252370055573662,-2.7049869804940396e-05,0.08099999999999952,-0.0003339490099375377,0.02432258064516129,-0.007964954201513384,0.0,0.004035854531659247
23,3,798471,0,215,21.7,0.04,3.67,16.245,0.04263811703170915,-2.7278959830641547e-05,0.08200000000000074,-0.00033267024183708906,0.02367741935483871,-0.007867820613689932,0.0,0.00159465471738717
23,3,798512,0,215,21.59,0.04,3.67,16.286,0.04265446224256237,-2.736869120070473e-05,0.08099999999999952,-0.0003378850765519123,0.02367741935483871,0.0,0.12345679012345755,-0.0008071709063317467
23,3,798552,0,215,21.59,0.05,3.67,16.326,0.04257273618829628,-2.7479082486273843e-05,0.08099999999999952,-0.0003392479319293087,0.02367741935483871,0.0,0.0,-0.0032286836253273294
23,3,798593,0,215,21.48,0.04,3.67,16.367,0.04239293886891086,-2.7871067125589732e-05,0.08099999999999952,-0.0003440872484640728,0.02367741935483871,0.0,0.0,-0.005650196344322912
23,3,798633,0,215,21.37,0.05,3.67,16.407,0.04211507028440613,-2.8711533946361724e-05,0.08099999999999952,-0.00035446338205385054,0.02367741935483871,0.0,0.0,-0.008071709063318494
23,3,798674,0,215,21.37,0.04,3.67,16.448,0.041739130434782064,-2.9954087132198383e-05,0.08399999999999963,-0.00035659627538331564,0.02367741935483871,0.0,-0.1190476190476196,-0.010118463861517131
23,3,798717,0,215,21.37,0.04,3.67,16.491,0.04126511932003869,-3.1361318232873355e-05,0.08299999999999841,-0.0003778472076249874,0.02367741935483871,-0.007773027594248103,0.0,-0.0017329862109437882
23,3,798757,0,215,21.26,0.04,3.57,16.531,0.04159529257927373,-3.263456342319593e-05,0.08099999999999952,-0.00040289584473081634,0.02303225806451613,-0.007964954201513384,0.0,0.00044394399848261487
23,3,798798,0,215,21.15,0.04,3.57,16.572,0.041301078783915784,-3.354845205321722e-05,0.08099999999999952,-0.0004141784204100916,0.02303225806451613,0.0,0.0,-0.008071709063318494
23,3,798838,0,215,21.15,0.04,3.57,16.612,0.04094148414514494,-3.400033228264565e-05,0.08099999999999952,-0.0004197571886746402,0.02303225806451613,0.0,0.0,-0.00968605087598216
23,3,798879,0,215,21.04,0.04,3.57,16.653,0.040516508662961234,-3.396919870035209e-05,0.08200000000000074,-0.0004142585207359974,0.02303225806451613,0.0,0.0,-0.011162583021710953
23,3,798920,0,215,21.04,0.04,3.57,16.694,0.04002615233736463,-3.345827043280991e-05,0.08100000000000307,-0.00041306506707171163,0.02303225806451613,0.0,0.0,-0.012914734501309094
23,3,798960,0,215,20.93,0.04,3.57,16.734,0.03947041516835516,-3.249577795374137e-05,0.08099999999999952,-0.00040118244387335266,0.02303225806451613,-0.007964954201513384,0.0,-0.0033901178065937816
23,3,799001,0,215,20.93,0.04,3.47,16.775,0.03975155279503054,-3.119346857169569e-05,0.08199999999999719,-0.0003804081533133751,0.022387096774193548,-0.007867820613690273,0.0,-0.0003587973114121267
23,3,799042,0,215,20.82,0.04,3.47,16.816,0.039440993788819365,-2.9787422420555655e-05,0.08400000000000318,-0.0003546121716732682,0.022387096774193548,0.0,0.0,0.0029577048210587386
23,3,799085,0,215,20.71,0.04,3.47,16.859,0.03999999999999948,-2.858655271754529e-05,0.08300000000000196,-0.00034441629780174236,0.022387096774193548,0.0,0.0,0.006735014592531357
23,3,799125,0,215,20.71,0.04,3.47,16.899,0.03999999999999948,-2.7834246353459325e-05,0.08099999999999952,-0.0003436326710303641,0.022387096774193548,0.0,0.0,0.0
23,3,799166,0,215,20.6,0.04,3.47,16.94,0.03999999999999948,-2.7573788672973444e-05,0.08200000000000074,-0.0003362657155240634,0.022387096774193548,0.0,0.0,0.0
23,3,799207,0,215,20.6,0.04,3.47,16.981,0.03999999999999948,-2.7621597452343493e-05,0.08099999999999952,-0.00034100737595485996,0.022387096774193548,0.0,0.0,0.0
23,3,799247,0,215,20.6,0.04,3.47,17.021,0.03999999999999948,-2.7684009194886007e-05,0.08099999999999952,-0.000341777891294891,0.022387096774193548,-0.007964954201513384,0.0,0.0
23,3,799288,0,215,20.49,0.04,3.37,17.062,0.03999999999999948,-2.7553534037898954e-05,0.08200000000000074,-0.0003360187077792525,0.021741935483870968,-0.007867820613689932,0.0,0.0
23,3,799329,0,215,20.38,0.04,3.37,17.103,0.03999999999999948,-2.7257487945363314e-05,0.08099999999999952,-0.0003365121968563392,0.021741935483870968,0.0,0.0,0.0
23,3,799369,0,215,20.38,0.04,3.37,17.143,0.03999999999999948,-2.7056125528140738e-05,0.08099999999999952,-0.0003340262410881593,0.021741935483870968,0.0,0.0,0.0
23,3,799410,0,215,20.27,0.04,3.37,17.184,0.03999999999999948,-2.7289247790266647e-05,0.08399999999999963,-0.0003248719975031758,0.021741935483870968,0.0,0.0,0.0
23,3,799453,0,215,20.27,0.04,3.37,17.227,0.03999999999999948,-2.8172598980851227e-05,0.08399999999999963,-0.0003353880831053732,0.021741935483870968,0.0,0.0,0.0
23,3,799494,0,215,20.16,0.04,3.37,17.268,0.03999999999999948,-2.9670930108652626e-05,0.08099999999999952,-0.0003663077791191704,0.021741935483870968,0.0,0.0,0.0
23,3,799534,0,215,20.16,0.04,3.37,17.308,0.03999999999999948,-3.1513466149839074e-05,0.08099999999999952,-0.00038905513765233655,0.021741935483870968,-0.007964954201513384,0.0,0.0
23,3,799575,0,215,20.05,0.04,3.27,17.349,0.03999999999999948,-3.331954895926037e-05,0.08200000000000074,-0.00040633596291780573,0.021096774193548388,-0.007867820613689932,0.0,0.0
23,3,799616,0,215,20.05,0.04,3.27,17.39,0.03999999999999948,-3.4735172386734626e-05,0.0799999999999983,-0.0004341896548341921,0.021096774193548388,0.0,0.0,0.0
23,3,799655,0,215,19.94,0.04,3.27,17.429,0.03999999999999948,-3.549447739070999e-05,0.0799999999999983,-0.0004436809673838843,0.021096774193548388,0.0,0.0,0.0
23,3,799696,0,215,19.83,0.04,3.27,17.47,0.03999999999999948,-3.540371871065817e-05,0.08100000000000307,-0.00043708294704514607,0.021096774193548388,0.0,0.0,0.0
23,3,799736,0,215,19.83,0.04,3.27,17.51,0.03999999999999948,-3.432171915032445e-05,0.08099999999999952,-0.0004237249277817858,0.021096774193548388,0.0,0.0,0.0
23,3,799777,0,215,19.83,0.04,3.27,17.551,0.03999999999999948,-3.220658132904308e-05,0.08399999999999963,-0.0003834116824886098,0.021096774193548388,-0.007680491551459322,0.0,0.0
23,3,799820,0,215,19.72,0.04,3.17,17.594,0.03999999999999948,-2.9218023558709837e-05,0.08400000000000318,-0.00034783361379415155,0.020451612903225808,-0.007680491551458997,0.0,0.0
23,3,799861,0,215,19.61,0.04,3.17,17.635,0.03999999999999948,-2.5785315197955682e-05,0.08099999999999952,-0.00031833722466612145,0.020451612903225808,0.0,0.0,0.0
23,3,799901,0,215,19.61,0.04,3.17,17.675,0.03999999999999948,-2.255003921038634e-05,0.08099999999999952,-0.00027839554580724046,0.020451612903225808,0.0,0.0,0.0
23,3,799942,0,215,19.5,0.04,3.17,17.716,0.03999999999999948,-2.0176616402032723e-05,0.08200000000000074,-0.0002460562975857627,0.020451612903225808,0.0,0.0,0.0
23,3,799983,0,215,19.5,0.04,3.17,17.757,0.03999999999999948,-1.9119376184941305e-05,0.08099999999999952,-0.00023604168129557308,0.020451612903225808,0.0,0.0,0.0
23,3,800023,0,215,19.39,0.04,3.17,17.797,0.03999999999999948,-1.9467062817800862e-05,0.08099999999999952,-0.00024033410886174048,0.020451612903225808,0.0,0.0,0.0
23,3,800064,0,215,19.28,0.04,3.17,17.838,0.03999999999999948,-2.094202830673009e-05,0.08200000000000074,-0.0002553905891064622,0.020451612903225808,0.0,0.0,0.0
23,3,800105,0,215,19.39,0.04,3.17,17.879,0.03999999999999948,-2.3049040252775653e-05,0.08099999999999952,-0.0002845560525034048,0.020451612903225808,-0.00716845878136205,0.0,0.0
23,3,800145,0,215,19.28,0.04,3.08,17.919,0.03999999999999948,-2.5289399184968532e-05,0.08299999999999841,-0.0003046915564454098,0.019870967741935485,-0.006995724834823297,0.0,0.0
23,3,800188,0,215,19.17,0.04,3.08,17.962,0.03999999999999948,-2.7319078615846594e-05,0.08399999999999963,-0.0003252271263791276,0.019870967741935485,0.0,0.0,0.0
23,3,800229,0,215,19.17,0.04,3.08,18.003,0.03999999999999948,-2.89670593847684e-05,0.08099999999999952,-0.0003576180170959083,0.019870967741935485,0.0,0.0,0.0
23,3,800269,0,215,19.06,0.04,3.08,18.043,0.03999999999999948,-3.0129134429869087e-05,0.08099999999999952,-0.00037196462259097863,0.019870967741935485,0.0,0.0,0.0
23,3,800310,0,215,19.06,0.04,3.08,18.084,0.03999999999999948,-3.064260627995319e-05,0.08200000000000074,-0.0003736903204872307,0.019870967741935485,0.0,0.0,-0.0068171489168306195
23,3,800351,0,215,18.95,0.04,3.08,18.125,0.039440993788819365,-3.0259390562735523e-05,0.08099999999999952,-0.0003735727229967371,0.019870967741935485,0.0,0.0,-0.0030672494440610485
23,3,800391,0,215,18.95,0.04,3.08,18.165,0.03975155279503054,-2.87625001492815e-05,0.08099999999999952,-0.0003550925944355762,0.019870967741935485,-0.007964954201513426,0.0,0.007264538156986577
23,3,800432,0,215,18.84,0.04,2.98,18.206,0.040029421379535274,-2.6163722969708924e-05,0.08200000000000074,-0.00031906979231352057,0.0192258064516129,-0.007867820613689973,0.0,0.006378618869549188
23,3,800473,0,215,18.84,0.04,2.98,18.247,0.040274599542333575,-2.2848096727335677e-05,0.08099999999999952,-0.00028207526823871375,0.0192258064516129,0.0,0.0,0.005650196344322912
23,3,800513,0,215,18.73,0.04,2.98,18.287,0.04048708728342543,-1.954764671576914e-05,0.0779999999999994,-0.0002506108553303755,0.0192258064516129,0.0,0.0,0.00502929564714468
23,3,800551,0,215,18.73,0.04,2.98,18.325,0.04066688460281086,-1.7127668205109802e-05,0.0779999999999994,-0.0002195854898091017,0.0192258064516129,0.0,0.0,0.004191079705953841
23,3,800591,0,215,18.62,0.04,2.98,18.365,0.040813991500489824,-1.628011625104442e-05,0.08099999999999952,-0.0002009890895190681,0.0192258064516129,0.0,0.0,0.0032286836253273294
23,3,800632,0,215,18.62,0.04,2.98,18.406,0.04092840797646237,-1.726526563940167e-05,0.08200000000000074,-0.00021055201999270142,0.0192258064516129,0.0,0.0,0.0023919820760809666
23,3,800673,0,215,18.62,0.04,2.98,18.447,0.041010134030728465,-1.9813147272182972e-05,0.08099999999999952,-0.00024460675644670483,0.0192258064516129,0.0,0.0,0.001614341812663579
23,3,800713,0,215,18.51,0.04,2.98,18.487,0.04105916966328812,-2.3225544241778806e-05,0.08099999999999952,-0.00028673511409603637,0.0192258064516129,0.0,0.12345679012345755,0.000807170906331918
23,3,800754,0,215,18.51,0.05,2.98,18.528,0.04107551487414135,-2.6638668327968683e-05,0.08200000000000074,-0.0003248618088776639,0.0192258064516129,-0.007867820613689932,0.0,0.0
23,3,800795,0,215,18.4,0.04,2.88,18.569,0.04105916966328812,-2.9335306531658833e-05,0.08100000000000307,-0.00036216427816861385,0.01858064516129032,-0.007964954201513033,-0.12345679012345213,-0.0008071709063318827
23,3,800835,0,215,18.29,0.04,2.88,18.609,0.041010134030728465,-3.0964382773771335e-05,0.08099999999999952,-0.00038227633054038914,0.01858064516129032,0.0,0.0,-0.001614341812663579
23,3,800876,0,215,18.29,0.04,2.88,18.65,0.04092840797646237,-3.1570748400588935e-05,0.08399999999999963,-0.00037584224286415564,0.01858064516129032,0.0,0.0,-0.002335030121888594
23,3,800919,0,215,18.18,0.04,2.88,18.693,0.040813991500489824,-3.144702725936677e-05,0.08300000000000196,-0.0003788798464983858,0.01858064516129032,0.0,0.0,-0.003150884019897662
23,3,800959,0,215,18.18,0.04,2.88,18.733,0.04066688460281086,-3.091726213850432e-05,0.08099999999999952,-0.00038169459430252475,0.01858064516129032,0.0,0.0,-0.004035854531659247
23,3,801000,0,215,18.18,0.04,2.88,18.774,0.04048708728342543,-3.0177036293753013e-05,0.08200000000000074,-0.000368012637728692,0.01858064516129032,-0.007867820613689932,0.0,-0.004783964152161933
23,3,801041,0,215,18.07,0.04,2.78,18.815,0.040274599542333575,-2.9250438351095642e-05,0.08099999999999952,-0.00036111652285303477,0.01793548387096774,0.0,0.0,-0.005650196344322912
23,3,801081,0,215,18.07,0.04,2.88,18.855,0.040029421379535274,-2.8046391029356686e-05,0.08099999999999952,-0.000346251741103171,0.01858064516129032,0.0,0.0,-0.0064573672506548305
23,3,801122,0,215,17.96,0.04,2.78,18.896,0.03975155279503054,-2.645926241253438e-05,0.08200000000000074,-0.00032267393186017246,0.01793548387096774,-0.007867820613689932,0.0,-0.007175946228242731
23,3,801163,0,215,17.96,0.04,2.78,18.937,0.039440993788819365,-2.446111788989036e-05,0.08099999999999952,-0.0003019891097517346,0.01793548387096774,0.0,0.0,0.0030672494440610485
23,3,801203,0,215,17.85,0.04,2.78,18.977,0.03999999999999948,-2.2151062586624358e-05,0.08099999999999952,-0.00027346990847684554,0.01793548387096774,0.0,0.0,0.0069013112491372736
23,3,801244,0,215,17.85,0.04,2.78,19.018,0.03999999999999948,-1.975122480383451e-05,0.08200000000000074,-0.0002408685951687114,0.01793548387096774,0.0,0.0,0.0
23,3,801285,0,215,17.85,0.04,2.78,19.059,0.03999999999999948,-1.756135723929786e-05,0.08299999999999841,-0.00021158261734094213,0.01793548387096774,-0.007773027594248103,0.0,0.0
23,3,801327,0,215,17.73,0.04,2.68,19.101,0.03999999999999948,-1.588966832662253e-05,0.08299999999999841,-0.00019144178706774498,0.01729032258064516,0.0,0.0,0.0
23,3,801368,0,215,17.62,0.04,2.78,19.142,0.03999999999999948,-1.4974651932562199e-05,0.08200000000000074,-0.00018261770649465931,0.01793548387096774,0.007867820613689932,0.0,0.0
23,3,801409,0,215,17.62,0.04,2.78,19.183,0.03999999999999948,-1.4923512925631321e-05,0.08000000000000185,-0.00018654391157038721,0.01793548387096774,-0.008064516129032067,0.0,0.0
23,3,801448,0,215,17.51,0.04,2.68,19.222,0.03999999999999948,-1.5701571809944247e-05,0.08000000000000185,-0.00019626964762429856,0.01729032258064516,0.0,0.0,0.0
23,3,801489,0,215,17.51,0.04,2.78,19.263,0.03999999999999948,-1.718039013637718e-05,0.08199999999999719,-0.0002095169528826557,0.01793548387096774,0.0,0.0,0.0
23,3,801530,0,215,17.51,0.04,2.68,19.304,0.03999999999999948,-1.9205642992692785e-05,0.08099999999999952,-0.0002371067036134926,0.01729032258064516,-0.007964954201513384,0.0,0.0
23,3,801570,0,215,17.4,0.04,2.68,19.344,0.03999999999999948,-2.1626946093858735e-05,0.08100000000000307,-0.00026699933449207306,0.01729032258064516,0.0,0.0,0.0
23,3,801611,0,215,17.29,0.04,2.68,19.385,0.03999999999999948,-2.4259486615996195e-05,0.08199999999999719,-0.00029584739775606134,0.01729032258064516,0.0,0.0,0.0
23,3,801652,0,215,17.29,0.04,2.68,19.426,0.03999999999999948,-2.6803590850291047e-05,0.08299999999999841,-0.0003229348295215851,0.01729032258064516,0.0,0.0,0.0
23,3,801694,0,215,17.29,0.04,2.68,19.468,0.03999999999999948,-2.8797722842864638e-05,0.08300000000000196,-0.00034696051617908385,0.01729032258064516,0.0,0.0,0.0
23,3,801735,0,215,17.18,0.04,2.68,19.509,0.03999999999999948,-2.968261196333044e-05,0.08200000000000074,-0.0003619830727235387,0.01729032258064516,0.0,0.0,0.0
23,3,801776,0,215,17.18,0.04,2.68,19.55,0.03999999999999948,-2.8994038719843294e-05,0.08099999999999952,-0.0003579510953067095,0.01729032258064516,-0.007964954201513384,0.0,0.0
23,3,801816,0,215,17.07,0.04,2.58,19.59,0.03999999999999948,-2.6609670397272023e-05,0.08099999999999952,-0.0003285144493490393,0.01664516129032258,-0.007964954201513384,0.0,0.0
23,3,801857,0,215,17.07,0.04,2.58,19.631,0.03999999999999948,-2.2912886750152684e-05,0.08200000000000074,-0.0002794254481725912,0.01664516129032258,0.0,0.0,0.0
23,3,801898,0,215,17.07,0.04,2.58,19.672,0.03999999999999948,-1.875808485210273e-05,0.08099999999999952,-0.00023158129447040546,0.01664516129032258,0.0,0.0,0.0069013112491372736
23,3,801938,0,215,16.96,0.04,2.58,19.712,0.040559006211179596,-1.5224246762063576e-05,0.08099999999999952,-0.00018795366372918108,0.01664516129032258,0.0,0.0,0.0030672494440610485
23,3,801979,0,215,16.96,0.04,2.58,19.753,0.040248447204968424,-1.325532728112444e-05,0.08200000000000074,-0.00016165033269663806,0.01664516129032258,0.0,0.0,-0.007175946228242731
23,3,802020,0,215,16.85,0.04,2.58,19.794,0.03997057862046369,-1.333438519717678e-05,0.08299999999999841,-0.00016065524333948235,0.01664516129032258,0.0,0.0,-0.0063017680397957606
23,3,802062,0,215,16.85,0.04,2.58,19.836,0.039725400457665386,-1.5313597194775762e-05,0.08299999999999841,-0.00018450117102139827,0.01664516129032258,0.0,0.0,-0.005514047034821228
23,3,802103,0,215,16.74,0.04,2.58,19.877,0.039512912716573534,-1.8460613497544022e-05,0.08200000000000074,-0.0002251294328968763,0.01664516129032258,0.0,0.0,-0.004783964152161849
23,3,802144,0,215,16.74,0.04,2.58,19.918,0.03933311539718811,-2.1712604737655017e-05,0.08099999999999952,-0.0002680568486130265,0.01664516129032258,0.0,0.0,-0.004035854531659247
23,3,802184,0,215,16.74,0.04,2.58,19.958,0.03918600849950914,-2.406048425241547e-05,0.08099999999999952,-0.00029704301546192117,0.01664516129032258,-0.007964954201513384,0.0,-0.0032286836253273294
23,3,802225,0,215,16.63,0.04,2.48,19.999,0.0390715920235366,-2.492533529274521e-05,0.08200000000000074,-0.0003039675035700608,0.016,-0.007867820613689932,0.0,-0.0023919820760809666
23,3,802266,0,215,16.63,0.04,2.48,20.04,0.038989865969270496,-2.4367794634502448e-05,0.08099999999999952,-0.0003008369707963283,0.016,0.0,0.0,-0.008515653061801024
23,3,802306,0,215,16.52,0.04,2.48,20.08,0.03838182412553072,-2.302690896917037e-05,0.08200000000000074,-0.0002808159630386605,0.016,0.0,-0.12195121951219405,-0.003827171321729411
23,3,802348,0,215,16.52,0.03,2.48,20.122,0.03867603792088868,-2.1809269724475388e-05,0.08800000000000097,-0.0002478326105053994,0.016,0.0,0.0,0.006686677167226168
23,3,802394,0,215,16.41,0.04,2.48,20.168,0.03897025171624663,-2.146926889471956e-05,0.08899999999999864,-0.00024122774039011112,0.016,0.0,0.1123595505617995,0.0066115459631002045
23,3,802437,0,215,16.41,0.04,2.48,20.211,0.03926446551160459,-2.226429324015511e-05,0.08399999999999963,-0.00026505111000184767,0.016,0.0,0.0,0.007005090365665699
23,3,802478,0,215,16.41,0.04,2.48,20.252,0.039558679306962545,-2.3826166427473262e-05,0.08100000000000307,-0.0002941502028083007,0.016,0.0,0.0,0.00726453815698643
23,3,802518,0,215,16.3,0.04,2.48,20.292,0.039852893102320514,-2.5300767693136273e-05,0.08000000000000185,-0.00031625959616419613,0.016,0.0,0.0,0.007355344883948782
23,3,802558,0,215,16.19,0.04,2.48,20.332,0.04014710689767846,-2.5706110543138205e-05,0.08099999999999952,-0.0003173593894214612,0.016,-0.007964954201513405,0.0,0.007264538156986577
23,3,802599,0,215,16.19,0.04,2.38,20.373,0.04044132069303642,-2.436814434663237e-05,0.08099999999999952,-0.00030084128823003103,0.015354838709677418,-0.007964954201513405,0.0,0.007264538156986577
23,3,802639,0,215,16.19,0.04,2.38,20.413,0.04073553448839437,-2.124822033069096e-05,0.08099999999999952,-0.0002623237077863097,0.015354838709677418,0.0,0.0,0.007264538156986492
23,3,802680,0,215,16.19,0.04,2.38,20.454,0.041029748283752325,-1.7016022651969108e-05,0.08099999999999952,-0.00021007435372801493,0.015354838709677418,0.0,0.12345679012345755,0.007264538156986748
23,3,802720,0,215,16.08,0.05,2.38,20.494,0.041323962079110294,-1.2839539545731693e-05,0.08099999999999952,-0.00015851283389792307,0.015354838709677418,0.0,0.0,0.007264538156986577
23,3,802761,0,215,16.08,0.04,2.38,20.535,0.041618175874468234,-9.987780063628993e-06,0.08399999999999963,-0.00011890214361463138,0.015354838709677418,0.0,-0.1190476190476196,-0.0037360481950217835
23,3,802804,0,215,15.97,0.04,2.38,20.578,0.041010134030728465,-9.4007566320915e-06,0.08399999999999963,-0.00011191376942966122,0.015354838709677418,0.0,0.0,-0.008211522595307953
23,3,802845,0,215,15.97,0.04,2.38,20.619,0.04092840797646237,-1.1366927644587133e-05,0.08099999999999952,-0.00014033244005663212,0.015354838709677418,0.0,0.0,-0.002421512718995583
23,3,802885,0,215,15.86,0.04,2.38,20.659,0.040813991500489824,-1.5398744981566014e-05,0.08099999999999952,-0.00019010796273538402,0.015354838709677418,0.0,0.0,-0.0032286836253273294
23,3,802926,0,215,15.86,0.04,2.38,20.7,0.04066688460281086,-2.034223651482092e-05,0.08200000000000074,-0.00024807605505878947,0.015354838709677418,0.0,0.0,-0.003986636793468222
23,3,802967,0,215,15.86,0.04,2.38,20.741,0.04048708728342543,-2.4701614705467723e-05,0.08099999999999952,-0.00030495820624034406,0.015354838709677418,0.0,0.0,0.002058285811146108
23,3,803007,0,215,15.75,0.04,2.38,20.781,0.04083360575351369,-2.7099657063151205e-05,0.08099999999999952,-0.0003345636674463132,0.015354838709677418,-0.007964954201513384,0.0,-0.0025829469002618633
23,3,803048,0,215,15.64,0.04,2.28,20.822,0.04027786858450422,-2.6734972284996772e-05,0.08099999999999952,-0.00033006138623453,0.014709677419354838,-0.007964954201513384,0.0,-0.013721905407641408
23,3,803088,0,215,15.64,0.04,2.28,20.862,0.039722131415494744,-2.3670261697493088e-05,0.08099999999999952,-0.00029222545305547195,0.014709677419354838,0.0,0.0,-0.013721905407641408
23,3,803129,0,215,15.64,0.04,2.28,20.903,0.03916639424648527,-1.8832105721458882e-05,0.08000000000000185,-0.0002354013215182306,0.014709677419354838,0.0,0.0,-0.002615233736515061
23,3,803168,0,215,15.64,0.04,2.28,20.942,0.039512912716573534,-1.3718425773537658e-05,0.07900000000000063,-0.00017365095915870317,0.014709677419354838,0.0,0.0,0.0021103943126941694
23,3,803208,0,215,15.53,0.04,2.28,20.982,0.03933311539718811,-9.926814947099239e-06,0.08099999999999952,-0.00012255327095184317,0.014709677419354838,0.0,0.0,-0.004035854531659247
23,3,803249,0,215,15.42,0.04,2.28,21.023,0.03918600849950914,-8.667330010882601e-06,0.08200000000000074,-0.00010569914647417711,0.014709677419354838,0.0,0.0,-0.0031893094347745093
23,3,803290,0,215,15.42,0.04,2.28,21.064,0.0390715920235366,-1.0402022890197316e-05,0.08099999999999952,-0.0001284200356814491,0.014709677419354838,0.0,0.0,-0.002421512718995583
23,3,803330,0,215,15.42,0.04,2.28,21.104,0.038989865969270496,-1.4699915718880963e-05,0.08099999999999952,-0.00018148044097384013,0.014709677419354838,0.0,0.0,-0.0016143418126637504
23,3,803371,0,215,15.31,0.04,2.28,21.145,0.038940830336710835,-2.0340602620932734e-05,0.08000000000000185,-0.0002542575327616533,0.014709677419354838,0.0,-0.12499999999999714,-0.0008172605426609565
23,3,803410,0,215,15.31,0.03,2.28,21.184,0.03892448512585762,-2.5646300444519986e-05,0.08000000000000185,-0.00032057875555649244,0.014709677419354838,0.0,0.0,0.0
23,3,803451,0,215,15.31,0.04,2.28,21.225,0.038940830336710835,-2.896433711690527e-05,0.08199999999999719,-0.00035322362337690565,0.014709677419354838,-0.00786782061369025,0.12195121951219932,0.0007973273586936619
23,3,803492,0,215,15.31,0.04,2.18,21.266,0.038989865969270496,-2.916389338677172e-05,0.08399999999999963,-0.00034718920698537917,0.01406451612903226,-0.007680491551459301,0.0,0.001556686747925757
23,3,803535,0,215,15.2,0.04,2.18,21.309,0.0390715920235366,-2.5982804937537905e-05,0.08300000000000196,-0.0003130458426209312,0.01406451612903226,0.0,0.0,0.009098177607454688
23,3,803575,0,215,15.09,0.04,2.18,21.349,0.03974501471068925,-2.0102421009840388e-05,0.08099999999999952,-0.0002481780371585248,0.01406451612903226,0.0,0.0,0.006295933069388378
23,3,803616,0,215,15.09,0.04,2.18,21.39,0.039581562602157054,-1.2937024477059023e-05,0.08200000000000074,-0.0001577685911836452,0.01406451612903226,0.0,0.0,-0.003189309434774594
23,3,803657,0,215,15.09,0.04,2.18,21.431,0.039483491337037734,-6.232993571763768e-06,0.08099999999999952,-7.695053792300994e-05,0.01406451612903226,0.0,0.0,-0.0016143418126636647
23,3,803697,0,215,14.98,0.04,2.18,21.471,0.0394508009153313,-1.616478928507803e-06,0.08099999999999952,-1.9956529981577934e-05,0.01406451612903226,0.0,0.0,0.006901311249137359
23,3,803738,0,215,14.98,0.04,2.18,21.512,0.040042497548217856,-2.0542865309280955e-07,0.08099999999999952,-2.5361562110223554e-06,0.01406451612903226,0.0,0.0,0.004681591256724799
23,3,803778,0,215,14.98,0.04,2.18,21.552,0.039830009807126004,-2.3554923333528597e-06,0.08099999999999952,-2.9080152263615727e-05,0.01406451612903226,0.0,0.0,-0.004035854531659247
23,3,803819,0,215,14.98,0.04,2.18,21.593,0.03971559333115346,-7.572884774266875e-06,0.08200000000000074,-9.235225334471715e-05,0.01406451612903226,0.0,0.0,-0.01259777226735965
23,3,803860,0,215,14.87,0.04,2.18,21.634,0.038796992481202504,-1.4605900456380105e-05,0.08099999999999952,-0.00018031975872074313,0.01406451612903226,0.0,0.0,-0.014973020312455768
23,3,803900,0,215,14.76,0.04,2.18,21.674,0.03850277868584455,-2.171049551928883e-05,0.08299999999999841,-0.0002615722351721596,0.01406451612903226,0.0,0.0,-0.0063017680397957606
23,3,803943,0,215,14.76,0.04,2.18,21.717,0.038273945733899466,-2.7061127552113095e-05,0.08399999999999963,-0.00032215628038230015,0.01406451612903226,0.0,-0.1190476190476196,-0.0046700602437771055
23,3,803984,0,215,14.76,0.03,2.18,21.758,0.038110493625367274,-2.9236537445137323e-05,0.08200000000000074,-0.0003565431395748422,0.01406451612903226,-0.007867820613689952,0.0,-0.0031893094347745093
23,3,804025,0,215,14.65,0.04,2.08,21.799,0.038012422360247954,-2.765776664515096e-05,0.08099999999999952,-0.0003414539091993966,0.013419354838709678,-0.007964954201513405,0.12345679012345755,-0.0016143418126637504
23,3,804065,0,215,14.65,0.04,2.08,21.839,0.03797973193854151,-2.2827274566596056e-05,0.08099999999999952,-0.0002818182045258789,0.013419354838709678,0.0,0.0,-4.402750397549053e-05
23,3,804106,0,215,14.65,0.04,2.08,21.88,0.03800885613242594,-1.625858990486817e-05,0.08100000000000307,-0.0002007233321588587,0.013419354838709678,0.0,-0.12345679012345213,0.0014382317967428788
23,3,804146,0,215,14.54,0.03,2.08,21.92,0.03809622871407769,-1.0095784212200698e-05,0.08099999999999952,-0.00012463931126173775,0.013419354838709678,0.0,0.0,0.0028764635934734623
23,3,804187,0,215,14.54,0.04,2.08,21.961,0.03824184968349729,-6.537098704335165e-06,0.08199999999999719,-7.972071590652914e-05,0.013419354838709678,0.0,0.12195121951219932,0.004262077153744463
23,3,804228,0,215,14.43,0.04,2.08,22.002,0.03844571904068472,-7.231155040194892e-06,0.08100000000000307,-8.927351901474837e-05,0.013419354838709678,0.0,0.0,0.005752927186946758
23,3,804268,0,215,14.43,0.04,2.08,22.042,0.03870783678563999,-1.2801851947776833e-05,0.08300000000000196,-0.00015423918009369313,0.013419354838709678,0.0,0.0,0.007017878044317702
23,3,804311,0,215,14.43,0.04,2.08,22.085,0.039028202918363106,-2.261577254228042e-05,0.08399999999999963,-0.0002692353874081014,0.013419354838709678,0.0,0.0,0.008321198252548382
23,3,804352,0,215,14.32,0.04,2.08,22.126,0.039406817438854054,-3.48587390313444e-05,0.08099999999999952,-0.0004303548028561063,0.013419354838709678,0.0,0.0,0.010067622577157332
23,3,804392,0,215,14.32,0.04,2.08,22.166,0.039843680347112845,-4.6933315830590236e-05,0.0799999999999983,-0.0005866664478823905,0.013419354838709678,0.0,0.0,0.011649677553568048
23,3,804432,0,215,14.32,0.04,2.08,22.206,0.04033879164313948,-5.611269747343473e-05,0.08099999999999952,-0.0006927493515238896,0.013419354838709678,-0.007964954201513405,0.0,0.012944086170630966
23,3,804473,0,215,14.21,0.04,1.98,22.247,0.04089215132693395,0.0,0.0,0.0,0.012774193548387096,0.0,0.0,0.0
