MS,MPT,t (ms),PWMi,PWMe,Pressure (Psi),LW raw(V),Displacement (mm),t_rel(s),LW (V),delta d (m),delta t (s),vel (m/s),strain,strain rate (1/s),dv/dt raw,dv/dt
24,1,849482,0,215,13.99,0.03,1.98,0.0,-0.025166572557876857,0.0,0.0,0.0,0.0,0.0,0.0,0.0
24,1,849521,255,0,13.99,0.03,1.98,0.039,0.018729531338226985,0.0024370874798335922,0.078,0.03124471127991785,0.012774193548387096,0.0,0.0,1.1567037081911211
24,1,849560,255,0,16.3,0.03,1.98,0.078,0.0650563166810306,0.002788684862584388,0.07800000000000001,0.035752370033133175,0.012774193548387096,0.13978494623655913,0.3846153846153845,1.2104765308426624
24,1,849599,255,0,30.18,0.06,3.67,0.117,0.11314670074395466,0.0032560418985278197,0.078,0.041744126904202816,0.02367741935483871,0.4028122415219189,1.0256410256410258,1.247144668197299
24,1,849638,255,0,44.17,0.11,6.85,0.156,0.16233360080041992,0.003704117507073054,0.078,0.04748868598811608,0.04419354838709677,0.5417700578990903,1.6666666666666667,1.266708120255031
24,1,849677,255,0,54.08,0.19,10.22,0.195,0.21194993412384708,0.004005360690315319,0.07800000000000001,0.05135077808096562,0.06593548387096775,0.5004135649296939,2.051282051282051,1.269166887015857
24,1,849716,255,0,60.9,0.27,12.9,0.234,0.2613286179876568,0.00407361570286324,0.07800000000000001,0.0522258423444005,0.0832258064516129,0.38544251447477246,1.9230769230769231,1.2545209684797785
24,1,849755,255,0,65.75,0.34,14.88,0.273,0.3098025696652698,0.003882224347659479,0.07999999999999999,0.0485278043457435,0.096,0.28790322580645167,1.6250000000000002,1.1922011055306259
24,1,849796,255,0,69.49,0.4,16.47,0.314,0.3567047064301068,0.0034632248029360896,0.07999999999999996,0.04329031003670114,0.10625806451612903,0.21612903225806454,1.1250000000000002,1.1445671986289845
24,1,849835,255,0,72.36,0.43,17.56,0.353,0.4013679455555885,0.002891345593743619,0.07700000000000001,0.037549942775891146,0.11329032258064516,0.1658986175115208,0.9090909090909083,1.122344128376923
24,1,849873,255,0,74.56,0.47,18.45,0.391,0.4431252043151299,0.0022603350799904652,0.07700000000000001,0.029355001038837206,0.11903225806451613,0.13322161709258473,0.9090909090909091,1.051932999687681
24,1,849912,255,0,76.54,0.5,19.15,0.43,0.48236678653153997,0.0016595035889775537,0.07700000000000001,0.02155199466204615,0.12354838709677418,0.10808546292417229,0.6493506493506498,0.935200791362922
24,1,849950,255,0,78.19,0.52,19.74,0.468,0.5151356652500749,0.0011562462415126973,0.07700000000000001,0.015016184954710353,0.1273548387096774,0.0829493087557604,0.5194805194805199,0.7433037704368105
24,1,849989,255,0,79.74,0.54,20.14,0.507,0.5396011768551744,0.0007872578784186075,0.07800000000000001,0.010093049723315478,0.12993548387096773,0.06617038875103422,0.3846153846153849,0.5249327331707129
24,1,850028,255,0,81.17,0.55,20.54,0.546,0.5560804184373905,0.0005583268839643089,0.07799999999999996,0.0071580369739014,0.13251612903225807,0.06617038875103426,0.2564102564102568,0.34542878936471283
24,1,850067,255,0,82.38,0.56,20.94,0.585,0.566544622425622,0.00045062868961462854,0.07799999999999996,0.005777290892495241,0.1350967741935484,0.0653432588916458,0.25641025641025533,0.22736607404799386
24,1,850106,255,0,83.59,0.57,21.33,0.624,0.573814972213134,0.00043050237478458084,0.08000000000000007,0.005381279684807256,0.13761290322580644,0.05564516129032237,0.2499999999999986,0.15940666884602508
24,1,850147,255,0,84.69,0.58,21.63,0.665,0.579297155933304,0.0004596979066154212,0.07899999999999996,0.005818960843233183,0.1395483870967742,0.048999591670069495,0.12658227848101283,0.12583743342947165
24,1,850185,255,0,85.68,0.58,21.93,0.703,0.5837561294540623,0.0005037901717810911,0.07699999999999996,0.006542729503650538,0.14148387096774193,0.049434436531210636,0.0,0.11097761342939232
24,1,850224,255,0,86.78,0.58,22.22,0.742,0.5878424321673672,0.0005375151433514631,0.07800000000000007,0.006891219786557213,0.1433548387096774,0.04052936311000852,0.1282051282051282,0.08331866455436192
24,1,850263,255,0,87.56,0.59,22.42,0.781,0.5902549852893025,0.0005468170590294399,0.07699999999999996,0.007101520247135586,0.1446451612903226,0.04189359028068718,0.12987012987013005,0.05154048305404988
24,1,850301,255,0,88.44,0.59,22.72,0.819,0.591811049362529,0.0005281438764946671,0.07599999999999996,0.006949261532824571,0.14658064516129032,0.04244482173174886,0.0,0.049078646272430984
24,1,850339,255,0,89.21,0.59,22.92,0.857,0.5939849624060073,0.0004859098413303613,0.07700000000000007,0.006310517419874816,0.1478709677419355,0.03351487222454977,0.0,0.04292209914962433
24,1,850378,255,0,89.98,0.59,23.12,0.896,0.5951160509970501,0.00042911556535408125,0.07800000000000007,0.005501481607103601,0.14916129032258066,0.03308519437551673,0.1282051282051282,0.032229402938783874
24,1,850417,255,0,90.75,0.6,23.32,0.935,0.5964988558352324,0.00036799239746905597,0.07799999999999996,0.0047178512496032846,0.1504516129032258,0.02481389578163758,0.1282051282051284,0.03298379728585626
24,1,850456,255,0,91.3,0.6,23.42,0.974,0.5976887871853469,0.00031131883861970877,0.07999999999999985,0.003891485482746367,0.1510967741935484,0.0153225806451614,0.0,0.0291762013729977
24,1,850497,255,0,92.07,0.6,23.51,1.015,0.5988329519450722,0.000264793652579165,0.08000000000000007,0.0033099206572395597,0.15167741935483872,0.02338709677419356,0.0,0.030279503105590216
24,1,850536,255,0,92.62,0.6,23.71,1.054,0.6001111474337941,0.00023056185760005478,0.07700000000000018,0.0029943098389617435,0.15296774193548388,0.02513615416841202,0.0,0.03770012269521807
24,1,850574,255,0,93.06,0.6,23.81,1.092,0.601735861392604,0.00020770872242258776,0.07699999999999996,0.0026975158756180244,0.15361290322580645,0.016757436112274728,0.0,0.03816712871959509
24,1,850613,255,0,93.61,0.6,23.91,1.131,0.6030500163452029,0.0001933362148532325,0.07799999999999985,0.0024786694211952932,0.15425806451612903,0.024813895781637615,0.0,0.028457431203426548
24,1,850652,255,0,94.05,0.6,24.11,1.17,0.6039555410264713,0.00018378421242945463,0.07800000000000007,0.002356207851659673,0.15554838709677418,0.016542597187758364,0.1282051282051282,0.02828978801518912
24,1,850691,255,0,94.49,0.61,24.11,1.209,0.6052566198103877,0.0001756532798286159,0.07600000000000007,0.0023112273661659967,0.15554838709677418,0.008488964346350051,0.0,0.03122795547220488
24,1,850728,255,0,94.82,0.6,24.21,1.246,0.6063288656423589,0.0001664565151432065,0.07599999999999985,0.0021902173045158795,0.1561935483870968,0.016977928692699422,0.0,0.024345761428741924
24,1,850767,255,0,95.15,0.61,24.31,1.285,0.6071068976789721,0.00015488502181024087,0.07800000000000007,0.001985705407823599,0.15683870967741934,0.016542597187758364,0.1282051282051282,0.015339351723791358
24,1,850806,255,0,95.37,0.61,24.41,1.324,0.6075253350768146,0.00014075806797216118,0.08000000000000007,0.0017594758496520132,0.15748387096774194,0.00806451612903255,0.0,0.016426936907486242
24,1,850847,255,0,95.59,0.61,24.41,1.365,0.608421052631571,0.00012475588473810008,0.07999999999999985,0.001559448559226254,0.15748387096774194,0.008064516129032225,0.0,0.020962732919253862
24,1,850886,255,0,95.7,0.61,24.51,1.404,0.6092023537103549,0.00010804441115582008,0.07800000000000007,0.0013851847584079484,0.15812903225806452,0.008271298593879182,0.0,0.01814737512678117
24,1,850925,255,0,95.82,0.61,24.51,1.443,0.6098365478914599,9.190365465968142e-05,0.07700000000000018,0.0011935539566192365,0.15812903225806452,0.008378718056137342,0.0,0.014137546010706959
24,1,850963,255,0,95.93,0.61,24.61,1.481,0.6102909447531794,7.744246195616e-05,0.07699999999999996,0.0010057462591709096,0.1587741935483871,0.008378718056137364,0.0,0.009042934835677358
24,1,851002,255,0,96.04,0.61,24.61,1.52,0.6105328538738071,6.543115710704939e-05,0.07799999999999985,0.000838860988551917,0.1587741935483871,0.0,0.0,0.003059488185347267
24,1,851041,255,0,96.15,0.61,24.61,1.559,0.6105295848316364,5.6243273460605536e-05,0.07800000000000007,0.0007210676084693011,0.1587741935483871,0.008271298593879182,0.0,-0.003646239344180823
24,1,851080,255,0,96.15,0.61,24.71,1.598,0.610248447204961,4.9877854906124954e-05,0.07800000000000007,0.0006394596782836527,0.15941935483870967,0.008271298593879182,0.0,0.00037719717353545636
24,1,851119,255,0,96.15,0.61,24.71,1.637,0.6105590062111722,4.602388087272047e-05,0.07599999999999985,0.0006055773799042179,0.15941935483870967,0.0,0.0,-0.003269042170642904
24,1,851156,255,0,96.26,0.61,24.71,1.674,0.6099999999999921,4.413341247656888e-05,0.07800000000000007,0.0005658129804688313,0.15941935483870967,0.0,0.0,-0.007166746297180788
24,1,851197,255,0,96.26,0.61,24.71,1.715,0.6099999999999921,4.349504650202363e-05,0.08000000000000007,0.0005436880812752948,0.15941935483870967,0.007258064516129156,0.0,0.0
24,1,851236,255,0,96.26,0.61,24.8,1.754,0.6099999999999921,4.331698574860709e-05,0.07799999999999985,0.0005553459711359895,0.16,0.007444168734491463,0.0,0.0
24,1,851275,255,0,96.26,0.61,24.8,1.793,0.6099999999999921,4.28188516783905e-05,0.07800000000000007,0.0005489596369024418,0.16,0.0,0.0,0.0
24,1,851314,255,0,96.26,0.61,24.8,1.832,0.6099999999999921,4.1322685723017114e-05,0.07800000000000007,0.0005297780220899625,0.16,0.0,0.0,0.0
24,1,851353,255,0,96.26,0.61,24.8,1.871,0.6099999999999921,3.8352563236905725e-05,0.07699999999999996,0.0004980852368429318,0.16,0.0,0.0,0.0
24,1,851391,255,0,96.26,0.61,24.8,1.909,0.6099999999999921,3.3762303312819596e-05,0.07699999999999996,0.00043847147159505994,0.16,0.008378718056137364,0.0,0.0
24,1,851430,255,0,96.26,0.61,24.9,1.948,0.6099999999999921,2.7867159598429225e-05,0.07800000000000007,0.00035727127690293845,0.16064516129032258,0.008271298593879182,0.0,0.0
24,1,851469,255,0,96.26,0.61,24.9,1.987,0.6099999999999921,2.1490094966448936e-05,0.07799999999999985,0.00027551403803139713,0.16064516129032258,0.0,0.0,0.0
24,1,851508,255,0,96.37,0.61,24.9,2.026,0.6099999999999921,1.5828693862289356e-05,0.08000000000000007,0.00019785867327861678,0.16064516129032258,0.0,0.0,0.0
24,1,851549,255,0,96.26,0.61,24.9,2.067,0.6099999999999921,1.2132173523923485e-05,0.07900000000000018,0.00015357181675852477,0.16064516129032258,0.0,0.0,0.0
24,1,851587,255,0,96.26,0.61,24.9,2.105,0.6099999999999921,1.1284863215195173e-05,0.07599999999999962,0.00014848504230520037,0.16064516129032258,0.0,0.0,0.0
24,1,851625,255,0,96.26,0.61,24.9,2.143,0.6099999999999921,1.344469777585644e-05,0.07699999999999996,0.0001746064646215123,0.16064516129032258,0.0,0.0,0.0
24,1,851664,255,0,96.26,0.61,24.9,2.182,0.6099999999999921,1.7867551339630695e-05,0.07800000000000029,0.0002290711710209055,0.16064516129032258,0.0,0.0,0.0
24,1,851703,255,0,96.26,0.61,24.9,2.221,0.6099999999999921,2.2993046718159606e-05,0.07799999999999985,0.00029478265023281605,0.16064516129032258,0.0,0.0,0.0
24,1,851742,255,0,96.26,0.61,24.9,2.26,0.6099999999999921,2.680059005728097e-05,0.07699999999999996,0.0003480596111335193,0.16064516129032258,0.0,0.0,0.0
24,1,851780,255,0,96.26,0.61,24.9,2.298,0.6099999999999921,2.7370360186932174e-05,0.0770000000000004,0.0003554592232069095,0.16064516129032258,0.008378718056137317,0.0,0.0
24,1,851819,255,0,96.26,0.61,25.0,2.337,0.6099999999999921,2.3510617438578408e-05,0.07799999999999985,0.0003014181722894674,0.16129032258064516,0.008271298593879204,0.0,0.0
24,1,851858,255,0,96.26,0.61,25.0,2.376,0.6099999999999921,1.5273070119544486e-05,0.07999999999999963,0.00019091337649430697,0.16129032258064516,-0.008064516129032247,0.0,0.0
24,1,851899,255,0,96.26,0.61,24.9,2.417,0.6099999999999921,4.206893737965345e-06,0.08000000000000007,5.2586171724566764e-05,0.16064516129032258,0.0,0.0,0.0
24,1,851938,255,0,96.26,0.61,25.0,2.456,0.6099999999999921,-6.722734688064947e-06,0.0770000000000004,-8.730824270214171e-05,0.16129032258064516,0.008378718056137317,0.0,0.0
24,1,851976,255,0,96.26,0.61,25.0,2.494,0.6099999999999921,-1.3572552146918327e-05,0.07699999999999996,-0.0001762669109989394,0.16129032258064516,0.0,0.0,0.0
24,1,852015,255,0,96.26,0.61,25.0,2.533,0.6099999999999921,-1.2219531631807002e-05,0.07799999999999985,-0.00015666066194624392,0.16129032258064516,0.0,0.0,0.0
24,1,852054,255,0,96.26,0.61,25.0,2.572,0.6099999999999921,5.22608512675049e-07,0.07699999999999996,6.7871235412344066e-06,0.16129032258064516,0.0,0.0,0.0
24,1,852092,255,0,96.26,0.61,25.0,2.61,0.6099999999999921,2.5621836356524598e-05,0.07699999999999996,0.00033275112151330663,0.16129032258064516,0.0,0.0,0.0
24,1,852131,255,0,96.26,0.61,25.0,2.649,0.6099999999999921,6.0656814984156424e-05,0.07699999999999996,0.0007877508439500839,0.16129032258064516,0.0,0.0,0.007259820924416913
24,1,852169,255,0,96.26,0.61,25.0,2.687,0.6105590062111722,9.90941500996989e-05,0.07699999999999996,0.0012869370142818046,0.16129032258064516,0.008378718056137725,0.0,0.017746228926352935
24,1,852208,255,0,96.26,0.61,25.1,2.726,0.6113664596273213,0.0001303269304252268,0.08099999999999996,0.0016089744496941589,0.16193548387096776,0.007964954201513639,0.0,0.019573894478546548
24,1,852250,255,0,96.26,0.61,25.1,2.768,0.6121444916639345,0.0001406910250885538,0.08099999999999996,0.0017369262356611587,0.16193548387096776,0.0,0.0,0.015820549764103655
24,1,852289,255,0,96.15,0.61,25.1,2.807,0.6126479241582137,0.00011552891910764985,0.0770000000000004,0.0015003755728266136,0.16193548387096776,0.0,0.0,0.014010180731331789
24,1,852327,255,0,96.26,0.61,25.1,2.845,0.613223275580247,4.2166016315370315e-05,0.07699999999999996,0.0005476106014983161,0.16193548387096776,0.0,0.0,0.009509940860055712
24,1,852366,255,0,96.26,0.61,25.1,2.884,0.613380189604438,-8.663081793284633e-05,0.07799999999999985,-0.0011106515119595705,0.16193548387096776,0.0,0.0,-0.006789549123645351
24,1,852405,255,0,96.26,0.61,25.1,2.923,0.6126936907486027,-0.0002695028859333881,0.07800000000000029,-0.0034551652042741935,0.16193548387096776,0.0,0.0,-0.03302570808291688
24,1,852444,0,210,96.26,0.61,25.1,2.962,0.6108041843739704,-0.0004947201872423719,0.07799999999999985,-0.006342566503107345,0.16193548387096776,0.0,0.0,-0.06764402645409465
24,1,852483,0,210,93.61,0.61,25.1,3.001,0.6074174566851833,-0.0007407777850271592,0.07599999999999962,-0.00974707611877846,0.16193548387096776,-0.041595925297114256,0.0,-0.1118356532062413
24,1,852520,0,210,88.0,0.61,24.61,3.038,0.6023046747302961,-0.0009797966379027337,0.07600000000000007,-0.012892061025035957,0.1587741935483871,-0.10950764006791187,-0.13157894736842105,-0.1667641644156131
24,1,852559,0,210,82.71,0.6,23.81,3.077,0.5947433801895967,-0.0011831337563343318,0.08000000000000007,-0.014789171954179135,0.15361290322580645,-0.13629032258064475,-0.25,-0.20999509643674066
24,1,852600,0,210,77.97,0.59,22.92,3.118,0.5855050670153569,-0.0013275918674868663,0.08000000000000007,-0.016594898343585813,0.1478709677419355,-0.12822580645161288,-0.25,-0.2597254004576622
24,1,852639,0,210,74.45,0.58,22.22,3.157,0.5739653481529837,-0.001400239671767718,0.07800000000000029,-0.017951790663688627,0.1433548387096774,-0.12324234904880034,-0.25641025641025567,-0.32141390264959463
24,1,852678,0,210,71.48,0.57,21.43,3.196,0.5604347826086884,-0.0014003926192219466,0.07799999999999985,-0.01795375152848653,0.13825806451612904,-0.11414392059553374,-0.3846153846153843,-0.36806061977686355
24,1,852717,0,210,68.94,0.55,20.84,3.235,0.5452566198103884,-0.0013384297057947095,0.07699999999999996,-0.017382203971359873,0.1344516129032258,-0.09970674486803555,-0.5194805194805188,-0.40349320506234115
24,1,852755,0,210,66.85,0.53,20.24,3.273,0.5293658058188881,-0.0012322006876570803,0.07699999999999996,-0.016002606333208845,0.1305806451612903,-0.09216589861751173,-0.5194805194805202,-0.42798979379560614
24,1,852794,0,210,64.98,0.51,19.74,3.312,0.5123014056881268,-0.0011023713635930292,0.07799999999999985,-0.014132966199910658,0.1273548387096774,-0.0736145574855251,-0.5128205128205143,-0.4536843781694985
24,1,852833,0,210,63.44,0.49,19.35,3.351,0.49397842432166733,-0.0009680838389676723,0.07800000000000029,-0.012411331268816264,0.12483870967741936,-0.0736145574855245,-0.5128205128205113,-0.46831124634327637
24,1,852872,0,210,62.01,0.47,18.85,3.39,0.47577312847335107,-0.0008439175048149039,0.07699999999999996,-0.010959967594998758,0.12161290322580647,-0.07540846250523682,-0.5194805194805195,-0.4647559044420712
24,1,852910,0,210,60.9,0.45,18.45,3.428,0.45819221967962787,-0.0007385450905909927,0.07899999999999974,-0.009348672032797406,0.11903225806451613,-0.06451612903225859,-0.3797468354430389,-0.4303549186670537
24,1,852951,0,210,59.69,0.44,18.06,3.469,0.44177508989865394,-0.0006549229721996888,0.07900000000000018,-0.008290164205059332,0.11651612903225805,-0.05634953042057953,-0.37974683544303744,-0.40507156719536164
24,1,852989,0,210,58.81,0.42,17.76,3.507,0.4261915658711942,-0.0005915201738806779,0.07699999999999996,-0.007682080180268548,0.11458064516129034,-0.05027230833682419,-0.3896103896103902,-0.3982287735148092
24,1,853028,0,210,58.04,0.41,17.46,3.546,0.41111147433801365,-0.00054402100701936,0.07799999999999985,-0.0069746282951200144,0.11264516129032259,-0.049627791563275764,-0.25641025641025644,-0.37329946940930564
24,1,853067,0,210,57.27,0.4,17.16,3.585,0.39707420725726844,-0.0005070393706562583,0.07800000000000029,-0.006500504752003288,0.11070967741935483,-0.04052936311000841,-0.25641025641025494,-0.3328974610439099
24,1,853106,0,210,56.72,0.39,16.97,3.624,0.3851454723765886,-0.0004755364824660333,0.07699999999999996,-0.006175798473584852,0.10948387096774193,-0.04105571847507309,-0.3896103896103902,-0.29204858560856833
24,1,853144,0,210,56.06,0.37,16.67,3.662,0.3745864661654087,-0.000445772281762288,0.07699999999999996,-0.00578925041249725,0.10754838709677421,-0.041893590280687,-0.3896103896103902,-0.2664906195471693
24,1,853183,0,210,55.51,0.36,16.47,3.701,0.36462569467145656,-0.0004157306516613701,0.07800000000000029,-0.005329880149504725,0.10625806451612903,-0.03308519437551699,-0.12820512820512783,-0.23972975918055706
24,1,853222,0,210,54.96,0.36,16.27,3.74,0.3558875449493252,-0.00038504959699758244,0.07799999999999985,-0.0049365332948408105,0.10496774193548387,-0.033085194375517,-0.12820512820512858,-0.21952875499786112
24,1,853261,0,210,54.63,0.35,16.07,3.779,0.3475024517816234,-0.00035457197917557084,0.07999999999999963,-0.004432149739694656,0.1036774193548387,-0.024193548387096916,-0.2500000000000007,-0.19863517489375435
24,1,853302,0,210,54.19,0.34,15.97,3.82,0.3399967309578249,-0.00032570264772709476,0.07900000000000018,-0.004122818325659418,0.10303225806451613,-0.023683135973866863,-0.2531645569620243,-0.1911355162810686
24,1,853340,0,210,53.86,0.33,15.78,3.858,0.33240274599541897,-0.0002997823219942344,0.07699999999999996,-0.0038932769090160332,0.10180645161290322,-0.02429828236279854,-0.2597402597402601,-0.18837324819671722
24,1,853379,0,210,53.53,0.32,15.68,3.897,0.3254919908466777,-0.00027764376574175744,0.07699999999999996,-0.0036057631914513974,0.10116129032258064,-0.025136154168412094,-0.12987012987013005,-0.18000959485104343
24,1,853417,0,210,53.2,0.32,15.48,3.935,0.31854200719188863,-0.0002594190396985194,0.0770000000000004,-0.0033690784376430916,0.09987096774193549,-0.02513615416841195,0.0,-0.16502294697783101
24,1,853456,0,210,52.87,0.32,15.38,3.974,0.3127852239293846,-0.00024457329999792596,0.07699999999999951,-0.003176276623349708,0.09922580645161291,-0.016757436112275006,-0.1298701298701308,-0.13700258551517047
24,1,853494,0,210,52.65,0.31,15.28,4.012,0.3079928081072206,-0.0002321000371804569,0.07699999999999996,-0.0030142861971487927,0.09858064516129032,-0.01675743611227491,-0.2597402597402601,-0.12944557893887532
24,1,853533,0,210,52.42,0.3,15.18,4.051,0.30281791435109123,-0.00022081924398714925,0.07800000000000029,-0.002831015948553185,0.09793548387096775,-0.016542597187758495,-0.12820512820512783,-0.12979773849338763
24,1,853572,0,210,52.09,0.3,15.08,4.09,0.2978685845047363,-0.00020972014136548723,0.0779999999999994,-0.002688719761096011,0.09729032258064516,-0.024813895781637934,-0.1282051282051293,-0.1282051282051279
24,1,853611,0,210,51.98,0.29,14.88,4.129,0.29281791435109134,-0.00019825368603687644,0.08000000000000007,-0.0024781710754609534,0.096,-0.02419354838709678,-0.125,-0.11645962732919128
24,1,853652,0,210,51.76,0.29,14.78,4.17,0.288551814318401,-0.0001864541407865019,0.08000000000000007,-0.002330676759831272,0.09535483870967741,-0.008064516129032376,-0.1249999999999993,-0.09704968944099215
24,1,853691,0,210,51.54,0.28,14.78,4.209,0.28505393919581196,-0.00017482636652467497,0.07699999999999996,-0.0022704722925282477,0.09535483870967741,-0.008378718056137364,-0.12987012987012933,-0.09280683357178823
24,1,853729,0,210,51.32,0.28,14.68,4.247,0.2814056881333733,-0.00016406331702642873,0.07699999999999996,-0.00213069242891466,0.09470967741935483,-0.015919564306660992,0.0,-0.09734952853619015
24,1,853768,0,210,51.21,0.28,14.59,4.286,0.2775580254985253,-0.00015474672016421742,0.07800000000000029,-0.001983932309797652,0.09412903225806452,-0.0157154673283704,0.0,-0.09509559852809157
24,1,853807,0,210,50.99,0.28,14.49,4.325,0.27398823144818213,-0.00014715980167719422,0.07800000000000029,-0.0018866641240665855,0.09348387096774194,-0.008271298593879158,-0.12820512820512783,-0.08901853295445783
24,1,853846,0,210,50.77,0.27,14.49,4.364,0.2706145799280776,-0.0001412541714965645,0.07599999999999962,-0.0018586075196916475,0.09348387096774194,-0.008488964346349735,-0.26315789473684364,-0.08275838337261844
24,1,853883,0,210,50.66,0.26,14.39,4.401,0.26769859431186316,-0.00013674556857283627,0.07600000000000051,-0.0017992837970109913,0.09283870967741936,-0.016977928692699457,0.0,-0.07914523149980102
24,1,853922,0,210,50.55,0.27,14.29,4.44,0.26459954233409266,-0.00013327490684187992,0.07800000000000029,-0.001708652651818967,0.09219354838709677,-0.016542597187758495,0.0,-0.07611000746012087
24,1,853961,0,210,50.33,0.26,14.19,4.479,0.2617620137299737,-0.0001305456346463263,0.07999999999999918,-0.0016318204330790953,0.0915483870967742,-0.00806451612903229,-0.1250000000000014,-0.06909937888198715
24,1,854002,0,210,50.22,0.26,14.19,4.52,0.25907159202353375,-0.00012836244333812096,0.08000000000000007,-0.0016045305417265107,0.0915483870967742,-0.008064516129032202,0.0,-0.0738394900294203
24,1,854041,0,210,50.11,0.26,14.09,4.559,0.2558548545276201,-0.00012656818483769783,0.07800000000000029,-0.0016226690363807352,0.09090322580645162,-0.008271298593879158,-0.12820512820512783,-0.07954669281900287
24,1,854080,0,210,50.0,0.25,14.09,4.598,0.2528669499836515,-0.00012495231390574803,0.07699999999999996,-0.001622757323451274,0.09090322580645162,-0.008378718056137545,-0.12987012987013005,-0.07654653290481901
24,1,854118,0,210,49.78,0.25,13.99,4.636,0.24996077149394902,-0.00012321450895791487,0.07699999999999996,-0.0016001884280248692,0.09025806451612903,-0.01675743611227491,0.0,-0.07633425743919271
24,1,854157,0,210,49.67,0.25,13.89,4.675,0.24698921216083367,-0.00012101024876901434,0.07800000000000029,-0.0015514134457565883,0.08961290322580645,-0.008271298593879158,-0.12820512820512783,-0.07451739717185824
24,1,854196,0,210,49.56,0.24,13.89,4.714,0.24414841451454405,-0.00011804471136195538,0.07800000000000029,-0.0015133937354096787,0.08961290322580645,-0.008271298593879336,-0.12820512820512783,-0.06864988558352296
24,1,854235,0,210,49.34,0.24,13.79,4.753,0.24163452108531885,-0.00011416879538418456,0.07699999999999996,-0.0014827116283660342,0.08896774193548386,-0.008378718056137545,0.0,-0.07022072402915736
24,1,854273,0,210,49.34,0.24,13.79,4.791,0.23874141876429894,-0.00010945360802595338,0.07599999999999962,-0.001440179052973078,0.08896774193548386,-0.008488964346349735,0.0,-0.08348961648973632
24,1,854311,0,210,49.12,0.24,13.69,4.829,0.23528931023209892,-0.00010422943407818153,0.07899999999999974,-0.001319359925040277,0.08832258064516128,-0.016333197223356428,-0.12658227848101283,-0.074318984031349
24,1,854352,0,210,49.01,0.23,13.59,4.87,0.2328702190258224,-9.905967454145426e-05,0.08000000000000007,-0.0012382459317681772,0.0876774193548387,-0.008064516129032202,-0.12499999999999965,-0.06378718535469044
24,1,854391,0,210,48.9,0.23,13.59,4.909,0.23018633540372369,-9.462147075489291e-05,0.07800000000000029,-0.001213095778908879,0.0876774193548387,0.0,0.0,-0.056202378856840485
24,1,854430,0,210,48.79,0.23,13.59,4.948,0.22848643347498881,-9.151454879719977e-05,0.07699999999999996,-0.001188500633729868,0.0876774193548387,-0.008378718056137364,0.0,-0.040969164865862336
24,1,854468,0,210,48.68,0.23,13.49,4.986,0.2270317097090523,-9.00793400774429e-05,0.07699999999999996,-0.0011698615594473109,0.08703225806451613,-0.008378718056137364,-0.12987012987013005,-0.04419575194338072
24,1,854507,0,210,48.57,0.22,13.49,5.025,0.2250833605753485,-9.03066024686776e-05,0.07800000000000029,-0.0011577769547266316,0.08703225806451613,-0.008271298593879158,-0.12820512820512783,-0.04744302227139709
24,1,854546,0,210,48.46,0.22,13.39,5.064,0.2233311539718833,-9.186034256671682e-05,0.0779999999999994,-0.0011776966995733016,0.08638709677419355,-0.008271298593879253,0.0,-0.04073729474187091
24,1,854585,0,210,48.35,0.22,13.39,5.103,0.2219058515854826,-9.417746592524168e-05,0.07699999999999996,-0.0012230839730550875,0.08638709677419355,-0.007540846250523628,0.0,-0.03553491294583091
24,1,854623,0,210,48.24,0.22,13.3,5.141,0.22059496567505432,-9.659515742797354e-05,0.07699999999999996,-0.001254482563999657,0.08580645161290323,-0.007540846250523628,0.0,-0.04258245840462189
24,1,854662,0,210,48.13,0.22,13.3,5.18,0.2186270022883267,-9.847629756960785e-05,0.08000000000000007,-0.0012309537196200971,0.08580645161290323,-0.008064516129032376,0.0,-0.03792088917946992
24,1,854703,0,210,48.02,0.22,13.2,5.221,0.21756129454069673,-9.932165131231408e-05,0.08000000000000007,-0.0012415206414039248,0.08516129032258064,-0.008064516129032376,0.0,-0.025008172605426433
24,1,854742,0,210,47.91,0.22,13.2,5.26,0.2166263484798926,-9.886146366052984e-05,0.07699999999999996,-0.0012839151124744142,0.08516129032258064,-0.008378718056137364,0.0,-0.03260551152018926
24,1,854780,0,210,47.8,0.22,13.1,5.298,0.21505067015364215,-9.711401837287426e-05,0.07699999999999996,-0.0012612210178295365,0.08451612903225807,-0.008378718056137364,-0.12987012987013005,-0.04071443430711136
24,1,854819,0,210,47.69,0.21,13.1,5.337,0.21349133703824502,-9.43947474839053e-05,0.07699999999999996,-0.0012259058114792902,0.08451612903225807,-0.008378718056137364,-0.12987012987013005,-0.039016230582101
24,1,854857,0,210,47.58,0.21,13.0,5.375,0.21204642039882038,-9.126180768210901e-05,0.07699999999999996,-0.001185218281585832,0.08387096774193549,-0.008378718056137364,0.0,-0.027510900345159624
24,1,854896,0,210,47.58,0.21,13.0,5.414,0.21137299771166773,-8.83937269675723e-05,0.07800000000000029,-0.0011332529098406663,0.08387096774193549,-0.008271298593879336,0.0,-0.02883462837696184
24,1,854935,0,210,47.47,0.21,12.9,5.453,0.20979731938541735,-8.641310690605408e-05,0.07800000000000029,-0.0011078603449494072,0.0832258064516129,-0.008271298593879336,0.0,-0.04354531814485954
24,1,854974,0,210,47.25,0.21,12.9,5.492,0.20797646289636867,-8.569788236584942e-05,0.07699999999999996,-0.0011129595112447982,0.0832258064516129,0.0,-0.1298701298701297,-0.049205452932160276
24,1,855012,0,210,47.25,0.2,12.9,5.53,0.206008499509641,-8.624809108688858e-05,0.07899999999999974,-0.0010917479884416312,0.0832258064516129,-0.008166598611678214,0.0,-0.050442562101455965
24,1,855053,0,210,47.14,0.21,12.8,5.571,0.20399150049035367,-8.767546310924423e-05,0.08000000000000007,-0.001095943288865552,0.08258064516129032,-0.008064516129032202,0.0,-0.04981203007518721
24,1,855092,0,210,47.03,0.2,12.8,5.61,0.20202353710362603,-8.933674429557037e-05,0.07800000000000029,-0.0011453428755842311,0.08258064516129032,-0.008271298593879336,-0.12820512820512747,-0.048574613792004166
24,1,855131,0,210,46.92,0.2,12.7,5.649,0.20020268061457733,-9.056187140027383e-05,0.0779999999999994,-0.0011610496333368527,0.08193548387096773,-0.00827129859387943,0.0,-0.043545318144860394
24,1,855170,0,210,46.81,0.2,12.7,5.688,0.19862700228832694,-9.088422696208731e-05,0.07599999999999962,-0.001195845091606418,0.08193548387096773,-0.008488964346349735,0.0,-0.029593434386882146
24,1,855207,0,210,46.7,0.2,12.6,5.725,0.1979535796011743,-9.018593093064808e-05,0.07600000000000051,-0.001186656985929572,0.08129032258064516,-0.008488964346349636,0.0,-0.02787288587601642
24,1,855246,0,210,46.59,0.2,12.6,5.764,0.19650866296174968,-8.871005444480673e-05,0.07800000000000029,-0.0011373083903180308,0.08129032258064516,-0.008271298593879158,-0.12820512820512783,-0.038516022497715276
24,1,855285,0,210,46.48,0.19,12.5,5.803,0.1949493298463525,-8.694004830361201e-05,0.0779999999999994,-0.0011146160038924702,0.08064516129032258,-0.008271298593879253,-0.1282051282051293,-0.04019245438009775
24,1,855324,0,210,46.48,0.19,12.5,5.842,0.19337365152010208,-8.539405599572447e-05,0.07800000000000029,-0.001094795589688771,0.08064516129032258,0.0,0.0,-0.03218749214172516
24,1,855363,0,210,46.37,0.19,12.5,5.881,0.19243870545929792,-8.44181405032156e-05,0.08000000000000007,-0.0010552267562901941,0.08064516129032258,-0.008064516129032202,0.0,-0.025008172605426086
24,1,855404,0,210,46.26,0.19,12.4,5.922,0.191372997711668,-8.406557507062651e-05,0.07899999999999974,-0.0010641212034256556,0.08,-0.008166598611678214,0.0,-0.03840090043490641
24,1,855442,0,210,46.15,0.19,12.4,5.96,0.18940503432494032,-8.41051173817764e-05,0.07699999999999996,-0.0010922742517113825,0.08,-0.008378718056137364,0.0,-0.04258245840462225
24,1,855481,0,210,46.04,0.19,12.3,5.999,0.18809414841451208,-8.413613941454834e-05,0.07800000000000029,-0.001078668454032667,0.07935483870967742,-0.008271298593879158,0.0,-0.04224608343601405
24,1,855520,0,210,45.93,0.19,12.3,6.038,0.18610983981693122,-8.375298651115592e-05,0.07800000000000029,-0.0010737562373225077,0.07935483870967742,0.0,0.0,-0.05108926161557612
24,1,855559,0,210,45.82,0.19,12.3,6.077,0.18410918600849713,-8.270852578590393e-05,0.07699999999999996,-0.0010741366985182335,0.07935483870967742,-0.008378718056137545,-0.12987012987013005,-0.043643835732753
24,1,855597,0,210,45.71,0.18,12.2,6.115,0.18274926446550924,-8.103784496610799e-05,0.07599999999999962,-0.0010662874337645841,0.07870967741935483,-0.016977928692699654,-0.13157894736842182,-0.044863302420811456
24,1,855635,0,210,45.6,0.18,12.1,6.153,0.18069957502451547,-7.908868248115297e-05,0.07699999999999996,-0.0010271257465084807,0.07806451612903226,-0.008378718056137364,0.0,-0.04920545293216064
24,1,855674,0,210,45.6,0.18,12.1,6.192,0.17896044458973287,-7.740522597680233e-05,0.07800000000000029,-0.0009923746920102825,0.07806451612903226,0.0,0.0,-0.050921618427338416
24,1,855713,0,210,45.49,0.18,12.1,6.231,0.17672768878718306,-7.648232179211867e-05,0.08000000000000007,-0.0009560290224014825,0.07806451612903226,0.0,-0.12499999999999965,-0.04719679633867209
24,1,855754,0,210,45.38,0.17,12.1,6.272,0.1751847008826391,-7.651293694111061e-05,0.08699999999999974,-0.0008794590453001245,0.07806451612903226,-0.006674082313681848,-0.11494252873563231,-0.036786118219085666
24,1,855800,0,210,45.27,0.17,12.01,6.318,0.17352729650212262,-7.728250198670849e-05,0.08399999999999963,-0.0009200297855560575,0.07748387096774194,-0.006912442396313352,0.0,-0.03965659490340715
24,1,855838,0,210,45.16,0.17,12.01,6.356,0.1718535469107529,-7.827441482473496e-05,0.07699999999999996,-0.0010165508418796753,0.07748387096774194,-0.008378718056137364,0.0,-0.04241263803212136
24,1,855877,0,210,45.05,0.17,11.91,6.395,0.17026152337364928,-7.891961575315598e-05,0.07800000000000029,-0.001011789945553278,0.07683870967741936,-0.008271298593879158,0.0,-0.03851602249771492
24,1,855916,0,210,44.94,0.17,11.91,6.434,0.16884929715593114,-7.885176659645055e-05,0.07800000000000029,-0.0010109200845698752,0.07683870967741936,-0.008271298593879336,0.0,-0.03264851090937965
24,1,855955,0,210,44.83,0.17,11.81,6.473,0.16771493952271765,-7.804695422306374e-05,0.07699999999999996,-0.0010135968080917375,0.07619354838709677,-0.008378718056137545,-0.12987012987013005,-0.017321677995100704
24,1,855993,0,210,44.72,0.16,11.81,6.511,0.16751552795030838,-7.679981529610025e-05,0.07699999999999996,-0.0009974001986506533,0.07619354838709677,0.0,0.0,-0.014774372407585524
24,1,856032,0,210,44.72,0.17,11.81,6.55,0.16657731284733357,-7.557049820666961e-05,0.07800000000000029,-0.0009688525411111452,0.07619354838709677,-0.008271298593879158,0.12820512820512783,-0.025104567438663423
24,1,856071,0,210,44.61,0.17,11.71,6.589,0.16555737169009263,-7.47885210085375e-05,0.08000000000000007,-0.000934856512606718,0.0755483870967742,-0.008064516129032202,0.0,-0.025294213795357796
24,1,856112,0,210,44.5,0.17,11.71,6.63,0.16455377574370494,-7.469973840034427e-05,0.07999999999999918,-0.0009337467300043129,0.0755483870967742,0.0,-0.1250000000000014,-0.023659692710035936
24,1,856151,0,210,44.39,0.16,11.71,6.669,0.16366459627328978,-7.530678484745401e-05,0.07600000000000051,-0.0009908787479928093,0.0755483870967742,-0.00848896434634982,-0.1315789473684203,-0.032475353142581126
24,1,856188,0,210,44.28,0.16,11.61,6.706,0.16208564890486876,-7.641017737450362e-05,0.07600000000000051,-0.001005397070717146,0.0749032258064516,-0.00848896434634982,0.0,-0.04241152079282768
24,1,856227,0,210,44.17,0.16,11.61,6.745,0.16044132069303485,-7.771682647622491e-05,0.0779999999999994,-0.0009963695702080192,0.0749032258064516,-0.008271298593879253,0.0,-0.042162261841895504
24,1,856266,0,210,44.06,0.16,11.51,6.784,0.15879699248120094,-7.895417134375471e-05,0.07800000000000029,-0.0010122329659455695,0.07425806451612903,-0.008271298593879158,0.0,-0.041324045900704015
24,1,856305,0,210,43.95,0.16,11.51,6.823,0.15721804511277992,-7.99359151231549e-05,0.07699999999999996,-0.001038128767833181,0.07425806451612903,0.0,0.0,-0.032053595309560826
24,1,856343,0,210,43.84,0.16,11.51,6.861,0.15632886564236476,-8.057123879652472e-05,0.07699999999999996,-0.0010463797246301918,0.07425806451612903,-0.008378718056137364,-0.12987012987013005,-0.024581498919517976
24,1,856382,0,210,43.72,0.15,11.41,6.9,0.15532526969597704,-8.0850062807583e-05,0.07800000000000029,-0.0010365392667638807,0.07361290322580645,-0.008271298593879158,-0.12820512820512783,-0.03751016336828657
24,1,856421,0,210,43.61,0.15,11.41,6.939,0.1534030728996384,-8.083200740796137e-05,0.08000000000000007,-0.0010104000925995162,0.07361290322580645,-0.008064516129032202,0.0,-0.03346681922196737
24,1,856462,0,210,43.5,0.15,11.31,6.98,0.15264792415821965,-8.063240257994408e-05,0.08000000000000007,-0.0010079050322493001,0.07296774193548387,-0.008064516129032202,0.0,-0.027909447531872567
24,1,856501,0,210,43.39,0.15,11.31,7.019,0.15117031709708859,-8.038635347117839e-05,0.0779999999999994,-0.0010305942752715258,0.07296774193548387,0.0,0.0,-0.034324942791761695
24,1,856540,0,210,43.39,0.15,11.31,7.058,0.14997057862046226,-8.019829170215864e-05,0.07699999999999996,-0.0010415362558721906,0.07296774193548387,-0.008378718056137364,0.0,-0.030737487422678372
24,1,856578,0,210,43.28,0.15,11.21,7.096,0.14880353056554235,-8.011045229068614e-05,0.07600000000000051,-0.0010540848985616527,0.0723225806451613,-0.008488964346349636,0.0,-0.033507682249100425
24,1,856616,0,210,43.17,0.15,11.21,7.134,0.1474239947695306,-8.010972123142146e-05,0.07699999999999996,-0.001040385990018461,0.0723225806451613,-0.008378718056137545,0.0,-0.03731802685709135
24,1,856655,0,210,43.06,0.15,11.11,7.173,0.14593004249754632,-8.015404142586214e-05,0.0779999999999994,-0.001027615915716189,0.0716774193548387,-0.00827129859387943,0.0,-0.03851602249771536
24,1,856694,0,210,42.95,0.15,11.11,7.212,0.14441974501470883,-8.01870311474655e-05,0.07699999999999996,-0.00104139001490215,0.0716774193548387,0.0,-0.1298701298701297,-0.038167128719596176
24,1,856732,0,210,42.95,0.14,11.11,7.25,0.14299117358613742,-8.013779851247805e-05,0.07699999999999996,-0.001040750630032183,0.0716774193548387,-0.008378718056137364,-0.1298701298701297,-0.03477072126957654
24,1,856771,0,210,42.73,0.14,11.01,7.289,0.14174239947695144,-7.993144939425178e-05,0.08000000000000007,-0.0009991431174281465,0.07103225806451613,-0.008064516129032202,0.0,-0.032036613272310555
24,1,856812,0,210,42.73,0.14,11.01,7.33,0.14042824452435257,-7.952394741666424e-05,0.08000000000000007,-0.0009940493427083022,0.07103225806451613,-0.008064516129032202,-0.125,-0.043723439032363226
24,1,856851,0,210,42.62,0.13,10.91,7.369,0.13824452435436238,-7.893829651820816e-05,0.07800000000000029,-0.0010120294425411266,0.07038709677419355,-0.008271298593879158,0.0,-0.05473550095975658
24,1,856890,0,210,42.51,0.14,10.91,7.408,0.13615887544949154,-7.826789494018271e-05,0.07699999999999996,-0.0010164661680543215,0.07038709677419355,0.0,0.12987012987013005,-0.044790123247134564
24,1,856928,0,210,42.4,0.14,10.91,7.446,0.13479568486433302,-7.764336948720718e-05,0.07699999999999996,-0.0010083554478858081,0.07038709677419355,-0.008378718056137364,-0.12987012987013005,-0.03646892499458654
24,1,856967,0,210,42.29,0.13,10.81,7.485,0.13335076822490838,-7.719154769776004e-05,0.07800000000000029,-0.0009896352268943557,0.06974193548387098,-0.008271298593879158,-0.12820512820512783,-0.03683959061533397
24,1,857006,0,210,42.18,0.13,10.81,7.524,0.13192219679633696,-7.700945431531813e-05,0.07699999999999996,-0.0010001227833158204,0.06974193548387098,-0.007540846250523809,0.0,-0.035619823132081715
24,1,857044,0,210,42.07,0.13,10.72,7.562,0.1306080418437381,-7.714662297005859e-05,0.07699999999999996,-0.001001904194416346,0.06916129032258064,-0.007540846250523809,0.0,-0.031374313819556895
24,1,857083,0,210,41.96,0.13,10.72,7.601,0.12950637463223108,-7.758173754786135e-05,0.07699999999999996,-0.001007555033089109,0.06916129032258064,0.0,0.0,-0.024581498919517615
24,1,857121,0,210,41.85,0.13,10.72,7.639,0.12871526642693523,-7.820529514631502e-05,0.07899999999999974,-0.0009899404448900668,0.06916129032258064,-0.008166598611678214,0.0,-0.026276478207075123
24,1,857162,0,210,41.85,0.13,10.62,7.68,0.12743053285387215,-7.883827147760237e-05,0.08000000000000007,-0.0009854783934700286,0.06851612903225807,-0.008064516129032202,-0.125,-0.03048381824125483
24,1,857201,0,210,41.74,0.12,10.62,7.719,0.12627656096763484,-7.929410602527476e-05,0.07800000000000029,-0.001016591102888134,0.06851612903225807,-0.008271298593879336,0.0,-0.02707437490046151
24,1,857240,0,210,41.63,0.13,10.52,7.758,0.12531873161163615,-7.945008869097237e-05,0.0779999999999994,-0.0010185908806534998,0.06787096774193548,-0.00827129859387943,0.1282051282051293,-0.02560749700337789
24,1,857279,0,210,41.52,0.13,10.52,7.797,0.12427917620137138,-7.928494825797471e-05,0.07699999999999996,-0.001029674652700971,0.06787096774193548,0.0,-0.12987012987013005,-0.01995389376886561
24,1,857317,0,210,41.41,0.12,10.52,7.835,0.1237822817914335,-7.887344375963501e-05,0.07699999999999996,-0.001024330438436819,0.06787096774193548,-0.008378718056137364,-0.12987012987013005,-0.011844970981943877
24,1,857356,0,210,41.3,0.12,10.42,7.874,0.1233671134357617,-7.836259241897281e-05,0.07800000000000029,-0.001004648620756058,0.0672258064516129,-0.008271298593879158,0.0,-0.019907628603280384
24,1,857395,0,210,41.19,0.12,10.42,7.913,0.12222948676037762,-7.794712701753248e-05,0.07800000000000029,-0.0009993221412504128,0.0672258064516129,-0.008271298593879158,0.0,-0.03042723866522447
24,1,857434,0,210,41.19,0.12,10.32,7.952,0.12099378881987419,-7.783020599585023e-05,0.07699999999999996,-0.0010107818960500034,0.06658064516129032,-0.008378718056137364,0.0,-0.03252060133393882
24,1,857472,0,210,41.08,0.12,10.32,7.99,0.11972540045766433,-7.815019482058005e-05,0.07900000000000063,-0.000989242972412398,0.06658064516129032,0.0,0.0,-0.03169729497105367
24,1,857513,0,210,40.97,0.12,10.32,8.031,0.11848970251716093,-7.88911725832424e-05,0.07900000000000063,-0.000998622437762554,0.06658064516129032,-0.008166598611678122,0.0,-0.03004208374541138
24,1,857551,0,210,40.86,0.12,10.22,8.069,0.11735207584177682,-7.983282875343356e-05,0.07699999999999996,-0.001036789983810826,0.06593548387096775,-0.008378718056137364,0.0,-0.02742599015890918
24,1,857590,0,210,40.75,0.12,10.22,8.108,0.11637790127492492,-8.059113980238485e-05,0.0779999999999994,-0.001033219741056224,0.06593548387096775,0.0,0.0,-0.033612459241749756
24,1,857629,0,210,40.64,0.12,10.22,8.147,0.11473030402092035,-8.075703859668515e-05,0.0779999999999994,-0.0010353466486754585,0.06593548387096775,-0.00827129859387943,-0.1282051282051291,-0.03172647337407068
24,1,857668,0,210,40.53,0.11,10.12,8.186,0.11390323635174743,-8.008385057489242e-05,0.07699999999999996,-0.0010400500074661358,0.06529032258064515,-0.01675743611227491,-0.12987012987012989,-0.009976946884432625
24,1,857706,0,210,40.53,0.11,10.02,8.224,0.11396207911081904,-7.862831244670155e-05,0.07699999999999996,-0.0010211469148922285,0.06464516129032258,-0.008378718056137364,0.0,-0.009127845021927804
24,1,857745,0,210,40.42,0.11,10.02,8.263,0.11320039228505899,-7.675009456711734e-05,0.0779999999999994,-0.0009839755713733067,0.06464516129032258,0.0,0.0,-0.022045079253317137
24,1,857784,0,210,40.31,0.11,10.02,8.302,0.11224256292906032,-7.495390552391612e-05,0.0779999999999994,-0.0009609475067168807,0.06464516129032258,0.0,0.0,-0.0262361589592708
24,1,857823,0,210,40.2,0.11,10.02,8.341,0.11115397188623588,-7.367124150267301e-05,0.08000000000000007,-0.0009208905187834118,0.06464516129032258,-0.008064516129032202,0.0,-0.028032036613271822
24,1,857864,0,210,40.09,0.11,9.92,8.382,0.10999999999999857,-7.311667715993942e-05,0.07900000000000063,-0.0009255275589865676,0.064,-0.008166598611678122,0.0,-0.02921447813258988
24,1,857902,0,210,40.09,0.11,9.92,8.42,0.10884602811376126,-7.327734173204447e-05,0.07600000000000051,-0.0009641755491058418,0.064,-0.008488964346349636,0.0,-0.02950740696133859
24,1,857940,0,210,39.87,0.11,9.82,8.458,0.10775743707093682,-7.39883837082207e-05,0.07699999999999996,-0.0009608881001067629,0.06335483870967742,-0.008378718056137364,0.0,-0.02657688829640436
24,1,857979,0,210,39.87,0.11,9.82,8.497,0.10679960771493813,-7.501209895138495e-05,0.0779999999999994,-0.0009616935762998144,0.06335483870967742,0.0,0.0,-0.022045079253317137
24,1,858018,0,210,39.76,0.11,9.82,8.536,0.1060379208891781,-7.608291085373153e-05,0.07699999999999996,-0.0009880897513471632,0.06335483870967742,-0.008378718056137364,0.0,-0.009127845021927804
24,1,858056,0,210,39.65,0.11,9.72,8.574,0.10609676364824969,-7.693825914986619e-05,0.07699999999999996,-0.0009991981707774835,0.06270967741935485,-0.008378718056137364,-0.12987012987012989,-0.009976946884432805
24,1,858095,0,210,39.54,0.1,9.72,8.613,0.10526969597907677,-7.737049668179274e-05,0.0779999999999994,-0.0009919294446383761,0.06270967741935485,0.0,-0.1282051282051291,-0.024559727076889297
24,1,858134,0,210,39.54,0.1,9.72,8.652,0.10418110493625234,-7.730765335411504e-05,0.07800000000000118,-0.0009911237609501779,0.06270967741935485,-0.008271298593879331,0.0,-0.030427238665224125
24,1,858173,0,210,39.43,0.1,9.62,8.691,0.10289637136318926,-7.688979456099788e-05,0.07900000000000063,-0.0009732885387468009,0.06206451612903225,-0.015516537362188696,0.0,-0.03418011180951764
24,1,858213,0,210,39.32,0.1,9.53,8.731,0.10148087610330042,-7.647516920802211e-05,0.07899999999999885,-0.000968040116557256,0.06148387096774193,-0.007349938750510475,0.0,-0.036662928647982075
24,1,858252,0,210,39.21,0.1,9.53,8.77,0.09999999999999871,-7.651882092056006e-05,0.0779999999999994,-0.0009810105246225724,0.06148387096774193,0.0,0.0,-0.03797118213594166
24,1,858291,0,210,39.1,0.1,9.53,8.809,0.098519123896697,-7.734409039024292e-05,0.07800000000000118,-0.0009915909024389969,0.06148387096774193,0.0,0.0,-0.03713296619475016
24,1,858330,0,210,38.99,0.1,9.53,8.848,0.09710362863680816,-7.892840628363906e-05,0.07699999999999996,-0.0010250442374498585,0.06148387096774193,-0.008378718056137364,0.0,-0.03506790692145346
24,1,858368,0,210,38.99,0.1,9.43,8.886,0.09581889506374508,-8.084510786411947e-05,0.07599999999999874,-0.0010637514192647476,0.060838709677419354,-0.008488964346349836,0.0,-0.0312279554722047
24,1,858406,0,210,38.77,0.1,9.43,8.924,0.09473030402092064,-8.240879951789815e-05,0.07699999999999996,-0.0010702441495830935,0.060838709677419354,-0.008378718056137364,-0.12987012987013005,-0.024878684571394357
24,1,858445,0,210,38.66,0.09,9.33,8.963,0.09390323635174772,-8.294631228864801e-05,0.07800000000000118,-0.001063414260110856,0.06019354838709678,-0.008271298593879064,-0.1282051282051264,-0.017015783606172247
24,1,858484,0,210,38.66,0.09,9.33,9.002,0.09340307289963919,-8.20565118978891e-05,0.07699999999999996,-0.001065668985686872,0.06019354838709678,-0.008378718056137454,0.0,-0.019614253023863826
24,1,858522,0,210,38.55,0.09,9.23,9.04,0.0923929388689102,-7.974880262250395e-05,0.07899999999999885,-0.0010094785142089255,0.059548387096774194,-0.008166598611678393,0.0,-0.017462478430528658
24,1,858563,0,210,38.44,0.09,9.23,9.081,0.09202353710362744,-7.642217126681672e-05,0.08000000000000007,-0.0009552771408352082,0.059548387096774194,0.0,0.0,-0.018674403399803596
24,1,858602,0,210,38.44,0.09,9.23,9.12,0.09089898659692591,-7.271961854903174e-05,0.07800000000000118,-0.0009323028019106493,0.059548387096774194,-0.008271298593879064,0.0,-0.019362788241506293
24,1,858641,0,210,38.33,0.09,9.13,9.159,0.09051323962078993,-6.933363608612452e-05,0.07699999999999996,-0.0009004368322873319,0.05890322580645162,-0.008378718056137364,0.0,-0.011293054771315437
24,1,858679,0,210,38.22,0.09,9.13,9.197,0.09002942137953462,-6.683304813633128e-05,0.07699999999999996,-0.000867961664108199,0.05890322580645162,0.0,0.0,-0.012991258496325438
24,1,858718,0,210,38.11,0.09,9.13,9.236,0.08951291271657287,-6.554934949318891e-05,0.07800000000000118,-0.0008403762755536913,0.05890322580645162,-0.008271298593879243,0.0,-0.019991450197399365
24,1,858757,0,210,38.0,0.09,9.03,9.275,0.08847008826413745,-6.55320731868141e-05,0.0779999999999994,-0.000840154784446341,0.05825806451612903,-0.00827129859387943,0.0,-0.014333492594362054
24,1,858796,0,210,38.0,0.09,9.03,9.314,0.08839490029421264,-6.656628285945309e-05,0.07600000000000051,-0.0008758721428875348,0.05825806451612903,0.0,0.0,-0.00025808227662982563
24,1,858833,0,210,37.78,0.09,9.03,9.351,0.08845047401111358,-6.823769034228632e-05,0.07600000000000051,-0.0008978643466090245,0.05825806451612903,-0.008488964346349636,0.0,-0.007828495724436705
24,1,858872,0,210,37.78,0.09,8.93,9.39,0.08779993461915545,-7.0031279716261e-05,0.0799999999999983,-0.0008753909964532811,0.05761290322580645,-0.008064516129032381,0.0,-0.01769369074861082
24,1,858913,0,210,37.67,0.09,8.93,9.431,0.08703497875122475,-7.145072773357697e-05,0.08000000000000007,-0.0008931340966697114,0.05761290322580645,0.0,-0.12499999999999983,-0.020145472376593438
24,1,858952,0,210,37.56,0.08,8.93,9.47,0.08618829682902797,-7.214216334853063e-05,0.07800000000000118,-0.000924899530109353,0.05761290322580645,-0.008271298593879064,0.0,-0.022338454832733234
24,1,858991,0,210,37.45,0.09,8.83,9.509,0.08529257927427153,-7.199807466682273e-05,0.07699999999999996,-0.0009350399307379581,0.05696774193548387,-0.008378718056137364,0.0,-0.0234776664982611
24,1,859029,0,210,37.45,0.08,8.83,9.547,0.08438051650866187,-7.120475035672058e-05,0.07699999999999996,-0.0009247370176197483,0.05696774193548387,-0.008378718056137364,-0.12987012987012989,-0.0234776664982611
24,1,859068,0,210,37.34,0.08,8.73,9.586,0.08348479895390543,-7.019033631669025e-05,0.0779999999999994,-0.0008998761066242409,0.056322580645161296,-0.008271298593879253,0.0,-0.02233845483273392
24,1,859107,0,210,37.23,0.08,8.73,9.625,0.08263811703170863,-6.945981224124686e-05,0.07699999999999996,-0.0009020754836525571,0.056322580645161296,0.0,0.12987012987012989,-0.02093036091074628
24,1,859145,0,210,37.12,0.09,8.73,9.663,0.08187316116377796,-6.937271354814456e-05,0.07699999999999996,-0.0009009443317940857,0.056322580645161296,0.0,0.0,-0.011123234398814547
24,1,859184,0,210,37.01,0.08,8.73,9.702,0.08178162798299991,-6.997756304594915e-05,0.0779999999999994,-0.0008971482441788421,0.056322580645161296,-0.008271298593879341,-0.1282051282051291,-0.0044425444883114664
24,1,859223,0,210,37.01,0.08,8.63,9.741,0.08152664269368967,-7.099911503468092e-05,0.08000000000000007,-0.0008874889379335107,0.05567741935483871,-0.008064516129032289,0.0,-0.014588100686498637
24,1,859264,0,210,36.9,0.08,8.63,9.782,0.08061457992808002,-7.197987107798554e-05,0.07900000000000063,-0.0009111376085820882,0.05567741935483871,-0.008166598611678297,0.0,-0.01957287274322217
24,1,859302,0,210,36.79,0.08,8.53,9.82,0.07998038574697511,-7.248289634931915e-05,0.07699999999999996,-0.0009413363162249246,0.05503225806451612,-0.008378718056137545,0.0,-0.005179521361279725
24,1,859341,0,210,36.68,0.08,8.53,9.859,0.08021575678326148,-7.224556419119033e-05,0.0779999999999994,-0.0009262251819383446,0.05503225806451612,0.0,0.0,-0.005113117241263711
24,1,859380,0,210,36.57,0.08,8.53,9.898,0.07958156260215654,-7.123222167870402e-05,0.07699999999999996,-0.0009250937880351177,0.05503225806451612,-0.008378718056137364,0.0,-0.008363653345673792
24,1,859418,0,210,36.57,0.08,8.43,9.936,0.0795717554756446,-6.960265578470448e-05,0.07699999999999996,-0.0009039305946065522,0.054387096774193545,-0.008378718056137364,0.0,-0.010274132536309726
24,1,859457,0,210,36.46,0.08,8.43,9.975,0.07879045439686069,-6.76404353156954e-05,0.0779999999999994,-0.0008671850681499477,0.054387096774193545,0.0,0.0,-0.02233845483273392
24,1,859496,0,210,36.35,0.08,8.43,10.014,0.07782935599869137,-6.567530799035736e-05,0.07800000000000118,-0.000841991128081492,0.054387096774193545,-0.008271298593879064,0.0,-0.02652953453868698
24,1,859535,0,210,36.24,0.08,8.33,10.053,0.07672115070284308,-6.401671808525577e-05,0.07699999999999996,-0.0008313859491591663,0.05374193548387097,-0.008378718056137364,-0.12987012987012989,-0.01855287569573253
24,1,859573,0,210,36.13,0.07,8.33,10.091,0.07640078457011996,-6.290323991573565e-05,0.07899999999999885,-0.0007962435432371718,0.05374193548387097,0.0,-0.12658227848101444,-0.01580726720488615
24,1,859614,0,210,36.13,0.07,8.33,10.132,0.07547237659365709,-6.246649793002135e-05,0.08000000000000007,-0.0007808312241252661,0.05374193548387097,-0.007258064516128982,0.12499999999999983,-0.023414514547237163
24,1,859653,0,210,36.02,0.08,8.24,10.171,0.07452762340634099,-6.271055345410304e-05,0.07800000000000118,-0.0008039814545397704,0.05316129032258065,-0.007444168734491157,0.1282051282051262,-0.024014886715114876
24,1,859692,0,210,35.91,0.08,8.24,10.21,0.0735992154298781,-6.351201315640153e-05,0.07699999999999996,-0.0008248313396935268,0.05316129032258065,0.0,-0.12987012987012989,-0.023477666498261277
24,1,859730,0,210,35.8,0.07,8.24,10.248,0.07271984308597487,-6.464410254553599e-05,0.07699999999999996,-0.0008395337992926756,0.05316129032258065,-0.008378718056137454,-0.12987012987012989,-0.02177946277325146
24,1,859769,0,210,35.69,0.07,8.14,10.287,0.07192219679633774,-6.582190913563223e-05,0.07699999999999996,-0.0008548299887744451,0.052516129032258066,-0.008378718056137454,0.0,-0.019232157185736457
24,1,859807,0,210,35.69,0.07,8.14,10.325,0.07123896698267317,-6.67593233055559e-05,0.07699999999999996,-0.0008670041987734537,0.052516129032258066,0.0,0.0,-0.01583574973571664
24,1,859846,0,210,35.58,0.07,8.14,10.364,0.07070284406668756,-6.722477389680748e-05,0.07800000000000118,-0.0008618560756000829,0.052516129032258066,-0.008271298593879243,0.0,-0.011441647597253817
24,1,859885,0,210,35.47,0.07,8.04,10.403,0.07034651847008735,-6.708631000870114e-05,0.0779999999999994,-0.0008600808975474571,0.051870967741935475,-0.00827129859387943,0.0,-0.006412351950109397
24,1,859924,0,210,35.36,0.07,8.04,10.442,0.07020268061457903,-6.634073763788528e-05,0.0779999999999994,-0.0008505222774087922,0.051870967741935475,0.0,0.0,0.006621905935407151
24,1,859963,0,210,35.25,0.07,8.04,10.481,0.07086302713304911,-6.512173390561137e-05,0.08000000000000007,-0.0008140216738201415,0.051870967741935475,-0.008064516129032116,0.0,-0.002165740438051648
24,1,860004,0,210,35.25,0.07,7.94,10.522,0.0700294213795349,-6.368249723338603e-05,0.08000000000000007,-0.0007960312154173247,0.051225806451612906,-0.008064516129032116,0.0,-0.014261196469434247
24,1,860043,0,210,35.13,0.07,7.94,10.561,0.06972213141549437,-6.234981156365028e-05,0.0779999999999994,-0.000799356558508343,0.051225806451612906,0.0,0.0,-0.0007124835500121156
24,1,860082,0,210,35.13,0.07,7.94,10.6,0.06997384766263395,-6.144884533695016e-05,0.07699999999999996,-0.0007980369524279246,0.051225806451612906,-0.008378718056137454,0.0,0.007387186203792762
24,1,860120,0,210,34.91,0.07,7.84,10.638,0.07029094475318641,-6.120721473500446e-05,0.07600000000000051,-0.0008053580886184744,0.05058064516129032,-0.008488964346349728,0.0,-0.0018065759364085966
24,1,860158,0,210,34.8,0.07,7.84,10.676,0.0698365478914669,-6.166166518312544e-05,0.07699999999999996,-0.000800800846534097,0.05058064516129032,0.0,0.0,-0.014137546010706999
24,1,860197,0,210,34.8,0.07,7.84,10.715,0.06920235371036197,-6.260683408625223e-05,0.0779999999999994,-0.0008026517190545219,0.05058064516129032,0.0,0.0,-0.018147375126779903
24,1,860236,0,210,34.69,0.07,7.84,10.754,0.06842105263157808,-6.363359937946455e-05,0.0779999999999994,-0.0008158153766598082,0.05058064516129032,-0.008271298593879253,0.0,-0.02150023889154308
24,1,860275,0,210,34.58,0.07,7.74,10.793,0.06752533507682162,-6.42770926534526e-05,0.07699999999999996,-0.0008347674370578264,0.049935483870967745,-0.008378718056137364,0.0,-0.02432676836076628
24,1,860313,0,210,34.58,0.07,7.74,10.831,0.06654789146779908,-6.42233971896493e-05,0.08000000000000007,-0.0008027924648706156,0.049935483870967745,-0.008064516129032289,-0.125,-0.025049035632559287
24,1,860355,0,210,34.47,0.06,7.64,10.873,0.06552141222621688,-6.346346303065609e-05,0.08000000000000007,-0.0007932932878832005,0.04929032258064516,-0.008064516129032289,0.0,-0.025866296175220346
24,1,860393,0,210,34.36,0.07,7.64,10.911,0.06447858777378145,-6.229997724026504e-05,0.07699999999999996,-0.0008090906135099359,0.04929032258064516,0.0,0.0,-0.026874073948280917
24,1,860432,0,210,34.25,0.06,7.64,10.95,0.06345210853219925,-6.120521620592978e-05,0.07800000000000118,-0.0007846822590503699,0.04929032258064516,0.0,-0.1282051282051264,-0.02569131859749634
24,1,860471,0,210,34.14,0.06,7.64,10.989,0.0624746649231767,-6.062049250654944e-05,0.07800000000000118,-0.0007771858013660067,0.04929032258064516,-0.008271298593879152,0.0,-0.024014886715115053
24,1,860510,0,210,34.14,0.06,7.54,11.028,0.06157894736842025,-6.080592010095831e-05,0.0779999999999994,-0.0007795630782174202,0.04864516129032258,-0.008271298593879341,0.0,-0.02150023889154326
24,1,860549,0,210,34.03,0.06,7.54,11.067,0.06079764628963634,-6.179026501361572e-05,0.07699999999999996,-0.0008024709742028021,0.04864516129032258,0.0,0.0,-0.018383055323231638
24,1,860587,0,210,33.92,0.06,7.54,11.105,0.06016345210853141,-6.340170463941863e-05,0.07600000000000051,-0.0008342329557818185,0.04864516129032258,-0.008488964346349636,0.0,-0.01432356635295304
24,1,860625,0,210,33.92,0.06,7.44,11.143,0.0597090552468119,-6.533540084443246e-05,0.07699999999999996,-0.0008485116992783441,0.048,-0.008378718056137364,0.0,-0.009042934835677358
24,1,860664,0,210,33.81,0.06,7.44,11.182,0.059467146126184256,-6.722433244670434e-05,0.08999999999999986,-0.0007469370271856049,0.048,0.0,0.0,-0.0026515564273000385
24,1,860715,0,210,33.7,0.06,7.44,11.233,0.0594704151683549,-6.869780068159947e-05,0.0909999999999993,-0.0007549208866109889,0.048,-0.007089684509039435,0.0,0.00312534800929696
24,1,860755,0,210,33.59,0.06,7.34,11.273,0.05975155279503028,-6.942727561165451e-05,0.08099999999999952,-0.0008571268594031472,0.04735483870967742,-0.007964954201513426,0.0,-0.0003632269078494745
24,1,860796,0,210,33.48,0.06,7.34,11.314,0.05944099378881909,-6.916668114272184e-05,0.08200000000000074,-0.0008434961114966001,0.04735483870967742,0.0,0.0,0.0030298439630358684
24,1,860837,0,210,33.48,0.06,7.34,11.355,0.05999999999999922,-6.77921570223763e-05,0.08200000000000074,-0.0008267336222240937,0.04735483870967742,-0.00786782061368989,0.0,0.006817148916830789
24,1,860878,0,210,33.26,0.06,7.24,11.396,0.05999999999999922,-6.534048556362216e-05,0.08199999999999896,-0.0007968351898002803,0.04670967741935484,-0.00786782061369006,0.0,0.0
24,1,860919,0,210,33.15,0.06,7.24,11.437,0.05999999999999922,-6.203706601935898e-05,0.08199999999999896,-0.0007565495856019484,0.04670967741935484,0.0,0.0,0.006817148916830767
24,1,860960,0,210,33.15,0.06,7.24,11.478,0.060559006211179336,-5.829591615336938e-05,0.08200000000000074,-0.0007109258067484007,0.04670967741935484,-0.007867820613689973,0.0,0.0030298439630356993
24,1,861001,0,210,33.04,0.06,7.14,11.519,0.06024844720496815,-5.46742440054464e-05,0.08200000000000074,-0.0006667590732371452,0.04606451612903226,-0.007867820613689973,0.0,-0.0071759462282429
24,1,861042,0,210,33.04,0.06,7.14,11.56,0.05997057862046341,-5.1775167223899744e-05,0.08399999999999963,-0.0006163710383797616,0.04606451612903226,0.0,0.0,-0.006226746991702697
24,1,861085,0,210,32.82,0.06,7.14,11.603,0.059725400457665126,-5.011366134848228e-05,0.08399999999999963,-0.0005965912065295536,0.04606451612903226,0.0,0.0,-0.005448403617739943
24,1,861126,0,210,32.82,0.06,7.14,11.644,0.05951291271657326,-4.998663586138896e-05,0.08200000000000074,-0.0006095931202608354,0.04606451612903226,-0.00786782061368989,0.0,-0.004783964152161933
24,1,861167,0,210,32.71,0.06,7.04,11.685,0.059333115397187844,-5.139240061935624e-05,0.08099999999999952,-0.0006344740817204511,0.04541935483870968,-0.00796495420151334,0.0,0.0028654567174781977
24,1,861207,0,210,32.6,0.06,7.04,11.725,0.05974501471068899,-5.401686532695038e-05,0.08099999999999952,-0.0006668748805796383,0.04541935483870968,0.0,0.0,0.006739877067870993
24,1,861248,0,210,32.6,0.06,7.04,11.766,0.05987904543968539,-5.728083548796903e-05,0.08200000000000074,-0.0006985467742435184,0.04541935483870968,0.0,0.0,0.0002790645755427061
24,1,861289,0,210,32.49,0.06,7.04,11.807,0.059767898005883495,-6.0451042375035516e-05,0.08200000000000074,-0.0007372078338418899,0.04541935483870968,-0.007081038552320985,0.0,-0.005302226935312854
24,1,861330,0,210,32.38,0.06,6.95,11.848,0.05944426283098973,-6.281881419757696e-05,0.08099999999999952,-0.0007755409160194733,0.044838709677419354,-0.007168458781362092,-0.12345679012345746,-0.010210711965097829
24,1,861370,0,210,32.27,0.05,6.95,11.888,0.058940830336710576,-6.390722961565842e-05,0.08099999999999952,-0.0007889781434031951,0.044838709677419354,-0.007964954201513426,0.0,-0.014246566496756992
24,1,861411,0,210,32.16,0.06,6.85,11.929,0.058290290944752424,-6.361790262801748e-05,0.08399999999999963,-0.0007573559836668781,0.04419354838709677,-0.007680491551459364,0.11904761904761951,-0.023505969893678095
24,1,861454,0,210,32.05,0.06,6.85,11.972,0.056966328865641624,-6.223910453334991e-05,0.08399999999999963,-0.0007409417206351212,0.04419354838709677,0.0,0.0,-0.022143868989243025
24,1,861495,0,210,32.05,0.06,6.85,12.013,0.05643020594965602,-6.0314886169886785e-05,0.08200000000000074,-0.0007355473923156858,0.04419354838709677,0.0,0.0,-0.014072827880942756
24,1,861536,0,210,31.94,0.06,6.85,12.054,0.05581235697940431,-5.8456010768940024e-05,0.08200000000000074,-0.0007128781801090183,0.04419354838709677,-0.00786782061368989,0.0,-0.022484631515160714
24,1,861577,0,210,31.83,0.06,6.75,12.095,0.05458646616541282,-5.718715102521088e-05,0.08099999999999952,-0.0007060142101877929,0.043548387096774194,-0.00796495420151334,-0.12345679012345746,-0.019735328659813707
24,1,861617,0,210,31.72,0.05,6.75,12.135,0.05421379535795941,-5.686726450524926e-05,0.08099999999999952,-0.0007020649938919704,0.043548387096774194,0.0,-0.12345679012345746,-0.01630485230790327
24,1,861658,0,210,31.72,0.05,6.75,12.176,0.053265773128472665,-5.7657333361622595e-05,0.08200000000000074,-0.0007031382117270985,0.043548387096774194,-0.00786782061368989,0.0,-0.01231870769181669
24,1,861699,0,210,31.61,0.05,6.65,12.217,0.05320366132723043,-5.9496173937499286e-05,0.08199999999999896,-0.0007255630967987809,0.04290322580645162,-0.00786782061369006,0.0,-0.008132739058675344
24,1,861740,0,210,31.5,0.05,6.65,12.258,0.052598888525661296,-6.20726514984451e-05,0.08000000000000007,-0.0007759081437305631,0.04290322580645162,0.0,0.0,-0.0036368094148414025
24,1,861779,0,210,31.39,0.05,6.65,12.297,0.05291271657404312,-6.482071609964014e-05,0.08200000000000074,-0.0007904965378004823,0.04290322580645162,0.0,0.0,-0.002750779387492993
24,1,861822,0,210,31.28,0.05,6.65,12.34,0.05237332461588687,-6.698858925730989e-05,0.08399999999999963,-0.0007974832054441688,0.04290322580645162,-0.007680491551459364,0.11904761904761951,-0.00560407229253251
24,1,861863,0,210,31.28,0.06,6.55,12.381,0.05244197450147039,-6.781425676453079e-05,0.08200000000000074,-0.0008270031312747583,0.04225806451612903,-0.007867820613689973,0.0,0.0026710466516235883
24,1,861904,0,210,31.17,0.05,6.55,12.422,0.052592350441320004,-6.676787986195264e-05,0.08199999999999896,-0.0008142424373408962,0.04225806451612903,-0.007867820613690145,-0.1219512195121966,0.005063028727704749
24,1,861945,0,210,31.06,0.05,6.45,12.463,0.05285714285714217,-6.375351729493239e-05,0.08199999999999896,-0.0007774819182308927,0.04161290322580645,-0.007867820613690145,0.1219512195121966,0.008252338162479497
24,1,861986,0,210,31.06,0.06,6.45,12.504,0.053269042170643315,-5.916780124065379e-05,0.0810000000000013,-0.0007304666819833685,0.04161290322580645,0.0,0.0,0.012390073412193548
24,1,862026,0,210,30.95,0.05,6.45,12.544,0.053860738803529866,-5.3793623625405295e-05,0.0810000000000013,-0.0006641188101901782,0.04161290322580645,0.0,0.0,0.006094140342805222
24,1,862067,0,210,30.84,0.06,6.45,12.585,0.053762667538410545,-4.859282777848772e-05,0.08199999999999896,-0.0005925954607132723,0.04161290322580645,-0.007867820613690145,0.0,-0.0039866367934683076
24,1,862108,0,210,30.73,0.05,6.35,12.626,0.05353383458646547,-4.448394787209331e-05,0.08199999999999896,-0.0005424871691718765,0.040967741935483866,-0.007867820613690145,0.0,-0.007175946228242886
24,1,862149,0,210,30.62,0.06,6.35,12.667,0.053174239947694636,-4.215136407415354e-05,0.0840000000000014,-0.0005018019532637242,0.040967741935483866,0.0,0.0,-0.010118463861516835
24,1,862192,0,210,30.62,0.05,6.35,12.71,0.05268388362209804,-4.189930386891039e-05,0.08300000000000018,-0.000504810889986871,0.040967741935483866,0.0,-0.12048192771084304,-0.013391257084565601
24,1,862232,0,210,30.51,0.05,6.35,12.75,0.05206276560967569,-4.3579559719061576e-05,0.08099999999999952,-0.0005380192557908869,0.040967741935483866,0.0,0.0,-0.016950589032968737
24,1,862273,0,210,30.4,0.05,6.35,12.791,0.05131088591042758,-4.664089296932783e-05,0.08200000000000074,-0.0005687913776747245,0.040967741935483866,-0.00786782061368989,0.0,-0.008930066417368796
24,1,862314,0,210,30.29,0.05,6.25,12.832,0.05133050016345144,-5.030996195384763e-05,0.08199999999999896,-0.0006135361213883935,0.04032258064516129,-0.00786782061369006,0.0,-0.00753474353965509
24,1,862355,0,210,30.29,0.05,6.25,12.873,0.05069303694017587,-5.383695290670332e-05,0.08099999999999952,-0.0006646537395889338,0.04032258064516129,0.0,0.0,-0.016950589032968737
24,1,862395,0,210,30.18,0.05,6.25,12.913,0.04995750245178098,-5.669888700056624e-05,0.0810000000000013,-0.0006999862592662388,0.04032258064516129,-0.007964954201513165,0.0,-0.008233143244584596
24,1,862436,0,210,30.07,0.05,6.15,12.954,0.05002615233736451,-5.8682490605672656e-05,0.08199999999999896,-0.0007156401293374804,0.03967741935483871,-0.00786782061369006,0.0,-0.005940088822267716
24,1,862477,0,210,30.07,0.05,6.15,12.995,0.049470415168355035,-5.9832724129403656e-05,0.08199999999999896,-0.0007296673674317612,0.03967741935483871,0.0,0.0,-0.003348774906513392
24,1,862518,0,210,29.85,0.05,6.15,13.036,0.049751552795030414,-6.03138721423635e-05,0.08200000000000074,-0.0007355350261263775,0.03967741935483871,0.0,0.0,-0.00035879731141211116
24,1,862559,0,210,29.85,0.05,6.15,13.077,0.04944099378881924,-6.026831927935916e-05,0.08399999999999963,-0.0007174799914209456,0.03967741935483871,-0.007680491551459364,0.0,0.0029577048210588635
24,1,862602,0,210,29.74,0.05,6.05,13.12,0.04999999999999936,-5.975004021275243e-05,0.08300000000000018,-0.0007198800025632806,0.03903225806451613,-0.007773027594247979,0.0,0.006735014592531501
24,1,862642,0,210,29.63,0.05,6.05,13.16,0.04999999999999936,-5.875124551889055e-05,0.0810000000000013,-0.0007253240187517237,0.03903225806451613,0.0,0.0,0.0
24,1,862683,0,210,29.63,0.05,6.05,13.201,0.04999999999999936,-5.727908472935717e-05,0.08200000000000074,-0.0006985254235287396,0.03903225806451613,-0.00786782061368989,0.0,0.0
24,1,862724,0,210,29.52,0.05,5.95,13.242,0.04999999999999936,-5.5421942635071274e-05,0.08199999999999896,-0.0006758773492081948,0.03838709677419355,-0.00786782061369006,0.0,0.0
24,1,862765,0,210,29.41,0.05,5.95,13.283,0.04999999999999936,-5.336652439519796e-05,0.0799999999999983,-0.0006670815549399886,0.03838709677419355,0.0,0.0,0.0
24,1,862804,0,210,29.3,0.05,5.95,13.322,0.04999999999999936,-5.1362978508593394e-05,0.08000000000000007,-0.0006420372313574169,0.03838709677419355,0.0,0.0,0.0
24,1,862845,0,210,29.3,0.05,5.95,13.363,0.04999999999999936,-4.9668525159670903e-05,0.08200000000000074,-0.0006057137214593958,0.03838709677419355,-0.007867820613689973,0.0,0.0
24,1,862886,0,210,29.19,0.05,5.85,13.404,0.04999999999999936,-4.850500211149633e-05,0.08200000000000074,-0.0005915244159938524,0.03774193548387097,-0.007867820613689973,0.0,0.0
24,1,862927,0,210,29.08,0.05,5.85,13.445,0.04999999999999936,-4.8035417360352106e-05,0.08399999999999963,-0.0005718502066708609,0.03774193548387097,0.0,0.0,0.006654835847382361
24,1,862970,0,210,29.08,0.05,5.85,13.488,0.05055900621117947,-4.834102919001282e-05,0.08399999999999963,-0.0005754884427382503,0.03774193548387097,0.0,0.0,0.0029577048210586987
24,1,863011,0,210,28.97,0.05,5.85,13.529,0.05024844720496829,-4.939499259816493e-05,0.08200000000000074,-0.000602377958514201,0.03774193548387097,-0.007867820613689973,0.0,-0.007175946228242815
24,1,863052,0,210,28.86,0.05,5.75,13.57,0.04997057862046356,-5.104810101457513e-05,0.08200000000000074,-0.0006225378172509107,0.037096774193548385,-0.007867820613689973,0.0,-0.006378618869549019
24,1,863093,0,210,28.86,0.05,5.75,13.611,0.04972540045766526,-5.3032814272629734e-05,0.08099999999999952,-0.0006547261021312352,0.037096774193548385,0.0,0.0,0.0012511149048144473
24,1,863133,0,210,28.75,0.05,5.75,13.651,0.05007191892775353,-5.4981077195977334e-05,0.0909999999999993,-0.000604187661494261,0.037096774193548385,0.0,0.0,-0.00158063577481692
24,1,863184,0,210,28.64,0.05,5.75,13.702,0.049581562602156924,-5.646687621531399e-05,0.09100000000000108,-0.0006205151232452012,0.037096774193548385,-0.0063807160581352985,0.0,-0.010058591294289114
24,1,863224,0,210,28.53,0.05,5.66,13.742,0.04915658711997321,-5.709152432897735e-05,0.08099999999999952,-0.0007048336336910827,0.036516129032258066,-0.007168458781362006,0.0,-0.002784739626844886
24,1,863265,0,210,28.42,0.05,5.66,13.783,0.04935599869238249,-5.659460522503057e-05,0.08199999999999896,-0.0006901781125003815,0.036516129032258066,-0.007867820613690145,0.0,-0.004943429623900597
24,1,863306,0,210,28.42,0.05,5.56,13.824,0.04875122589081336,-5.493503061155547e-05,0.0840000000000014,-0.0006539884596613636,0.03587096774193548,0.0,0.0,-0.0065770015099859795
24,1,863349,0,210,28.31,0.05,5.66,13.867,0.04880353056554366,-5.23019058005989e-05,0.08399999999999963,-0.0006226417357214182,0.036516129032258066,0.0,-0.1190476190476196,-0.0012842665670387433
24,1,863390,0,210,28.31,0.04,5.56,13.908,0.04864334749918211,-4.906861291945752e-05,0.08099999999999952,-0.0006057853446846643,0.03587096774193548,-0.007964954201513426,0.0,-0.006174857433438582
24,1,863430,0,210,28.2,0.05,5.56,13.948,0.048303367113435136,-4.572753748317648e-05,0.0810000000000013,-0.0005645374997922932,0.03587096774193548,-0.007964954201513165,0.12345679012345484,-0.010210711965097605
24,1,863471,0,210,28.09,0.05,5.46,13.989,0.04781627983000919,-4.2816090774751456e-05,0.08199999999999896,-0.0005221474484725854,0.035225806451612905,0.0,0.0,-0.013275500522249415
24,1,863512,0,210,27.98,0.05,5.56,14.03,0.0472147760706107,-4.0820881552024344e-05,0.08199999999999896,-0.00049781562868323,0.03587096774193548,0.0,-0.12195121951219669,-0.015667482598330434
24,1,863553,0,210,27.87,0.04,5.46,14.071,0.04653154625694611,-4.0067132466820256e-05,0.0810000000000013,-0.0004946559563804891,0.035225806451612905,-0.007964954201513165,0.0,-0.017475250122084108
24,1,863593,0,210,27.87,0.05,5.46,14.111,0.04579928081072186,-4.0632931146222796e-05,0.08099999999999952,-0.0005016411252620128,0.035225806451612905,0.0,0.12345679012345755,-0.018282421028416325
24,1,863634,0,210,27.76,0.05,5.46,14.152,0.0450506701536444,-4.2328283374748924e-05,0.08199999999999896,-0.0005161985777408471,0.035225806451612905,0.0,-0.12195121951219669,-0.018059464674411368
24,1,863675,0,210,27.65,0.04,5.46,14.193,0.04431840470742015,-4.4751128332976006e-05,0.0840000000000014,-0.0005327515277735149,0.035225806451612905,-0.007680491551459201,0.0,-0.016851134046295294
24,1,863718,0,210,27.65,0.05,5.36,14.236,0.04363517489375557,-4.739841113708288e-05,0.08399999999999963,-0.0005642667992509891,0.03458064516129032,-0.007680491551459364,0.0,-0.02194928314575242
24,1,863759,0,210,27.54,0.04,5.36,14.277,0.042474664923176954,-4.978391561873518e-05,0.08099999999999952,-0.0006146162422066109,0.03458064516129032,0.0,-0.12345679012345755,-0.023407956283623566
24,1,863799,0,210,27.43,0.04,5.36,14.317,0.04173913043478207,-5.15181641618554e-05,0.0810000000000013,-0.0006360267180475874,0.03458064516129032,0.0,0.0,-0.017152381759551298
24,1,863840,0,210,27.32,0.04,5.36,14.358,0.04108532200065328,-5.23438881710856e-05,0.08199999999999896,-0.0006383400996473935,0.03458064516129032,-0.007867820613690145,0.0,-0.008132739058675259
24,1,863881,0,210,27.32,0.04,5.26,14.399,0.04107224583197071,-5.214990357508853e-05,0.08199999999999896,-0.0006359744338425511,0.03393548387096774,-0.007867820613690145,0.0,0.001076391934236526
24,1,863922,0,210,27.21,0.04,5.26,14.44,0.04117358613926067,-5.0974868064028736e-05,0.0810000000000013,-0.0006293193588151596,0.03393548387096774,0.0,0.0,0.004318364348875144
24,1,863962,0,210,27.1,0.04,5.26,14.48,0.0414220333442296,-4.899373499761239e-05,0.0810000000000013,-0.0006048609258964396,0.03393548387096774,0.0,0.0,-0.009686050875981947
24,1,864003,0,210,27.1,0.04,5.26,14.521,0.04038901601830612,-4.648831745899962e-05,0.08199999999999896,-0.0005669307007195147,0.03393548387096774,-0.00786782061369006,0.0,-0.005581291510855597
24,1,864044,0,210,26.99,0.04,5.16,14.562,0.04096436744033945,-4.3812764120408684e-05,0.08399999999999963,-0.0005215805252429628,0.03329032258064516,-0.00768049155145928,0.0,0.015839287660143923
24,1,864087,0,210,26.88,0.04,5.16,14.605,0.041719516181758204,-4.134832923625531e-05,0.0840000000000014,-0.0004922420147173168,0.03329032258064516,0.0,0.0,0.009768209343233586
24,1,864128,0,210,26.88,0.04,5.16,14.646,0.04178489702517108,-3.943383526542377e-05,0.08099999999999952,-0.00048683747241264205,0.03329032258064516,0.0,0.12345679012345755,0.011138958507379459
24,1,864168,0,210,26.77,0.05,5.16,14.686,0.042621771820855935,-3.8289787142316455e-05,0.08000000000000007,-0.00047862233927895524,0.03329032258064516,0.0,0.12499999999999992,0.01270840143837835
24,1,864208,0,210,26.66,0.05,5.16,14.726,0.04280156914024135,-3.7983613042615436e-05,0.08099999999999952,-0.00046893349435327977,0.03329032258064516,-0.007964954201513426,-0.12345679012345755,0.0032286836253273294
24,1,864249,0,210,26.55,0.04,5.06,14.767,0.04288329519450745,-3.8456276497846e-05,0.08199999999999896,-0.00046897898168105475,0.03264516129032258,-0.007867820613690145,-0.12195121951219669,0.0007973273586936446
24,1,864290,0,210,26.55,0.04,5.06,14.808,0.04286694998365423,-3.957127179941988e-05,0.08200000000000074,-0.00048257648535877473,0.03264516129032258,0.0,0.0,-0.00159465471738717
24,1,864331,0,210,26.43,0.04,5.06,14.849,0.0427525335076817,-4.113345215455588e-05,0.08099999999999952,-0.0005078203969698287,0.03264516129032258,0.0,0.0,-0.004035854531659162
24,1,864371,0,210,26.32,0.04,5.06,14.889,0.04254004576658984,-4.287871919863928e-05,0.08099999999999952,-0.0005293669036869078,0.03264516129032258,0.0,0.12345679012345755,-0.0064573672506548305
24,1,864412,0,210,26.32,0.05,5.06,14.93,0.04222948676037866,-4.448749076473035e-05,0.0840000000000014,-0.0005296129852944,0.03264516129032258,-0.007680491551459118,0.0,-0.008561777113591275
24,1,864455,0,210,26.21,0.04,4.96,14.973,0.04182085648904816,-4.565680703885189e-05,0.08399999999999963,-0.0005435334171291916,0.032,-0.00768049155145928,-0.1190476190476196,-0.010896807235479885
24,1,864496,0,210,26.1,0.04,4.96,15.014,0.04131415495259835,-4.620104444667383e-05,0.08199999999999896,-0.0005634273713009076,0.032,0.0,0.0,-0.013554565097792128
24,1,864537,0,210,26.1,0.04,4.96,15.055,0.04070938215102922,-4.6119574323814306e-05,0.0810000000000013,-0.0005693774607878219,0.032,0.0,0.0,-0.016143418126636465
24,1,864577,0,210,25.99,0.04,4.96,15.095,0.04000653808434078,-4.559881340140848e-05,0.08099999999999952,-0.0005629483135976389,0.032,-0.00796495420151334,0.0,-0.0074259723382528574
24,1,864618,0,210,25.99,0.04,4.86,15.136,0.04010787839163074,-4.4953731192987513e-05,0.08199999999999896,-0.0005482162340608303,0.031354838709677424,-0.00786782061369006,0.0,0.005860356086398224
24,1,864659,0,210,25.88,0.04,4.86,15.177,0.04048708728342543,-4.451995403960129e-05,0.08200000000000074,-0.0005429262687756206,0.031354838709677424,0.0,0.0,0.0020331847646686864
24,1,864700,0,210,25.77,0.04,4.86,15.218,0.040274599542333575,-4.4513267934808806e-05,0.08099999999999952,-0.0005495465177136923,0.031354838709677424,0.0,0.0,-0.005650196344322912
24,1,864740,0,210,25.66,0.04,4.86,15.258,0.040029421379535274,-4.490905284505331e-05,0.08099999999999952,-0.000554432751173501,0.031354838709677424,0.0,0.0,-0.0064573672506548305
24,1,864781,0,210,25.66,0.04,4.86,15.299,0.03975155279503054,-4.541821117879863e-05,0.0840000000000014,-0.0005406929902237841,0.031354838709677424,-0.007680491551459242,0.0,-0.007005090365665469
24,1,864824,0,210,25.55,0.04,4.76,15.342,0.039440993788819365,-4.5594114719500925e-05,0.08399999999999963,-0.000542787079994061,0.030709677419354837,-0.007680491551459404,0.0,0.0029577048210588635
24,1,864865,0,210,25.44,0.04,4.76,15.383,0.03999999999999948,-4.5022839359773137e-05,0.08199999999999896,-0.0005490590165826061,0.030709677419354837,0.0,0.0,0.006817148916830767
24,1,864906,0,210,25.44,0.04,4.76,15.424,0.03999999999999948,-4.3506398332905146e-05,0.0810000000000013,-0.0005371160288012895,0.030709677419354837,0.0,0.0,0.0
24,1,864946,0,210,25.33,0.04,4.76,15.464,0.03999999999999948,-4.117283554165585e-05,0.0810000000000013,-0.0005083066116253727,0.030709677419354837,-0.007964954201513165,0.0,0.0
24,1,864987,0,210,25.33,0.04,4.66,15.505,0.03999999999999948,-3.8485514003193444e-05,0.08199999999999896,-0.00046933553662431625,0.03006451612903226,-0.00786782061369006,0.0,0.0
24,1,865028,0,210,25.22,0.04,4.66,15.546,0.03999999999999948,-3.613714155171088e-05,0.08199999999999896,-0.00044069684819160167,0.03006451612903226,0.0,0.0,0.0
24,1,865069,0,210,25.11,0.04,4.66,15.587,0.03999999999999948,-3.483410893779126e-05,0.08000000000000007,-0.00043542636172239036,0.03006451612903226,0.0,0.0,0.0
24,1,865108,0,210,25.0,0.04,4.66,15.626,0.03999999999999948,-3.5035014677024637e-05,0.08000000000000007,-0.00043793768346280757,0.03006451612903226,0.0,0.0,0.0
24,1,865149,0,210,25.0,0.04,4.66,15.667,0.03999999999999948,-3.6760361150670385e-05,0.08200000000000074,-0.0004482970872032933,0.03006451612903226,0.0,0.0,0.0
24,1,865190,0,210,24.89,0.04,4.66,15.708,0.03999999999999948,-3.9571241834012835e-05,0.08399999999999963,-0.0004710862123096787,0.03006451612903226,-0.007680491551459364,0.0,0.0
24,1,865233,0,210,24.78,0.04,4.56,15.751,0.03999999999999948,-4.272319429069071e-05,0.08399999999999963,-0.0005086094558415583,0.029419354838709676,-0.007680491551459364,0.0,0.0
24,1,865274,0,210,24.78,0.04,4.56,15.792,0.03999999999999948,-4.540869524874402e-05,0.08200000000000074,-0.0005537645762041904,0.029419354838709676,0.0,0.0,0.0
24,1,865315,0,210,24.78,0.04,4.56,15.833,0.03999999999999948,-4.6979443102193485e-05,0.08099999999999952,-0.0005799931247184415,0.029419354838709676,0.0,0.0,0.0
24,1,865355,0,210,24.67,0.04,4.56,15.873,0.03999999999999948,-4.708745897077549e-05,0.08099999999999952,-0.0005813266539601947,0.029419354838709676,-0.007964954201513384,0.0,0.0
24,1,865396,0,210,24.56,0.04,4.46,15.914,0.03999999999999948,-4.5735376155383814e-05,0.08200000000000074,-0.0005577484896997976,0.028774193548387096,-0.007867820613689932,0.0,0.0068171489168306195
24,1,865437,0,210,24.56,0.04,4.46,15.955,0.040559006211179596,-4.323847412244675e-05,0.08200000000000074,-0.0005272984649078824,0.028774193548387096,0.0,0.0,0.0030298439630358684
24,1,865478,0,210,24.34,0.04,4.46,15.996,0.040248447204968424,-4.010708299569554e-05,0.0810000000000013,-0.0004951491727863568,0.028774193548387096,0.0,0.0,-0.007264538156986418
24,1,865518,0,210,24.34,0.04,4.46,16.036,0.03997057862046369,-3.689243732465109e-05,0.0810000000000013,-0.000455462189193216,0.028774193548387096,0.0,0.0,-0.006457367250654688
24,1,865559,0,210,24.34,0.04,4.46,16.077,0.039725400457665386,-3.40651608060023e-05,0.08399999999999963,-0.00040553762864288637,0.028774193548387096,-0.006912442396313394,0.0,-0.005448403617739943
24,1,865602,0,210,24.23,0.04,4.37,16.12,0.039512912716573534,-3.19628345203542e-05,0.08399999999999963,-0.0003805099347661231,0.028193548387096774,-0.006912442396313394,0.0,-0.0046700602437771055
24,1,865643,0,210,24.12,0.04,4.37,16.161,0.03933311539718811,-3.077769441795919e-05,0.08200000000000074,-0.000375337736804377,0.028193548387096774,0.0,0.0,-0.003986636793468222
24,1,865684,0,210,24.12,0.04,4.37,16.202,0.03918600849950914,-3.053488777569857e-05,0.08099999999999952,-0.0003769739231567748,0.028193548387096774,0.0,0.0,-0.0032286836253273294
24,1,865724,0,210,24.01,0.04,4.37,16.242,0.0390715920235366,-3.106073952315569e-05,0.08099999999999952,-0.0003834659200389614,0.028193548387096774,0.0,0.0,-0.002421512718995583
24,1,865765,0,210,23.9,0.04,4.37,16.283,0.038989865969270496,-3.199702500192814e-05,0.08200000000000074,-0.00039020762197472986,0.028193548387096774,0.0,0.0,0.00522249419944328
24,1,865806,0,210,23.9,0.04,4.37,16.324,0.03949983654789095,-3.290874195699178e-05,0.08199999999999719,-0.0004013261214267428,0.028193548387096774,-0.007867820613690315,-0.12195121951219932,0.002232516604342338
24,1,865847,0,210,23.79,0.03,4.27,16.365,0.03917293233082656,-3.3458655273475025e-05,0.08199999999999719,-0.00040803238138385577,0.02754838709677419,-0.007867820613690315,0.0,-0.0071759462282430415
24,1,865888,0,210,23.79,0.04,4.27,16.406,0.03891140895717504,-3.3551847087394117e-05,0.08100000000000307,-0.00041422033441225735,0.02754838709677419,0.0,0.12345679012345213,-0.00565019634432275
24,1,865928,0,210,23.68,0.04,4.27,16.446,0.0387152664269364,-3.335920283140048e-05,0.08300000000000196,-0.00040191810640240595,0.02754838709677419,0.0,0.0,-0.003938605024872161
24,1,865971,0,210,23.57,0.04,4.27,16.489,0.038584504740110645,-3.321047084266482e-05,0.08399999999999963,-0.0003953627481269639,0.02754838709677419,0.0,0.0,-0.0023350301218885115
24,1,866012,0,210,23.57,0.04,4.27,16.53,0.03851912389669777,-3.342888266979571e-05,0.08200000000000074,-0.0004076693008511636,0.02754838709677419,-0.00786782061368989,0.0,-0.0007973273586936273
24,1,866053,0,210,23.46,0.04,4.17,16.571,0.03851912389669777,-3.4192204252509126e-05,0.08199999999999719,-0.0004169781006403695,0.026903225806451613,0.0,0.0,0.0007973273586936619
24,1,866094,0,210,23.35,0.04,4.27,16.612,0.038584504740110645,-3.546370232035567e-05,0.08099999999999952,-0.0004378234854364924,0.02754838709677419,0.0,0.0,0.002421512718995497
24,1,866134,0,210,23.35,0.04,4.17,16.652,0.0387152664269364,-3.699835635383941e-05,0.08000000000000185,-0.00046247945442298195,0.026903225806451613,-0.008064516129032024,0.0,0.004086302713304869
24,1,866174,0,210,23.24,0.04,4.17,16.692,0.03891140895717504,-3.841467935115617e-05,0.08099999999999952,-0.0004742553006315605,0.026903225806451613,0.0,-0.12345679012345755,0.005650196344322998
24,1,866215,0,210,23.24,0.03,4.17,16.733,0.03917293233082656,-3.931357636972877e-05,0.08200000000000074,-0.00047943385816741964,0.026903225806451613,0.0,0.0,0.007175946228242731
24,1,866256,0,210,23.13,0.04,4.17,16.774,0.03949983654789095,-3.941347669090778e-05,0.08099999999999952,-0.00048658613198651867,0.026903225806451613,-0.007964954201513384,0.12345679012345755,-0.002260078537729216
24,1,866296,0,210,23.02,0.04,4.07,16.814,0.038989865969270496,-3.865674038042055e-05,0.08299999999999841,-0.0004657438600050758,0.026258064516129033,-0.007773027594248103,0.0,-0.005159572582582663
24,1,866339,0,210,23.02,0.04,4.07,16.857,0.0390715920235366,-3.7234403008406855e-05,0.08399999999999963,-0.00044326670248103595,0.026258064516129033,0.0,0.0,0.002335030121888594
24,1,866380,0,210,22.91,0.04,4.07,16.898,0.03918600849950914,-3.550172099376958e-05,0.08200000000000074,-0.0004329478169971861,0.026258064516129033,0.0,0.0,0.0031893094347745093
24,1,866421,0,210,22.8,0.04,4.07,16.939,0.03933311539718811,-3.3824462060197294e-05,0.08200000000000074,-0.00041249343975849985,0.026258064516129033,0.0,0.0,0.003986636793468222
24,1,866462,0,210,22.8,0.04,4.07,16.98,0.039512912716573534,-3.2452829158200026e-05,0.08099999999999952,-0.0004006522118296323,0.026258064516129033,0.0,0.0,0.00484302543799108
24,1,866502,0,210,22.69,0.04,4.07,17.02,0.039725400457665386,-3.1501550746631855e-05,0.08099999999999952,-0.00038890803390903756,0.026258064516129033,-0.007964954201513384,0.0,0.005650196344322912
24,1,866543,0,210,22.69,0.04,3.97,17.061,0.03997057862046369,-3.1026295047789976e-05,0.08200000000000074,-0.00037836945180231337,0.025612903225806453,-0.007867820613689932,0.0,0.006378618869549188
24,1,866584,0,210,22.58,0.04,3.97,17.102,0.040248447204968424,-3.110525941095421e-05,0.08200000000000074,-0.0003793324318409016,0.025612903225806453,0.0,0.0,0.007175946228242731
24,1,866625,0,210,22.58,0.04,3.97,17.143,0.040559006211179596,-3.183651854789993e-05,0.08200000000000074,-0.00038825022619389806,0.025612903225806453,0.0,0.0,-0.0030298439630358684
24,1,866666,0,210,22.47,0.04,3.97,17.184,0.03999999999999948,-3.324662151753843e-05,0.08399999999999963,-0.0003957931133040307,0.025612903225806453,0.0,0.0,0.0
24,1,866709,0,210,22.36,0.04,3.97,17.227,0.040559006211179596,-3.519279545648635e-05,0.08299999999999841,-0.0004240095838130967,0.025612903225806453,0.0,0.0,0.002993339818902991
24,1,866749,0,210,22.36,0.04,3.97,17.267,0.040248447204968424,-3.734836832422461e-05,0.08099999999999952,-0.0004610909669657387,0.025612903225806453,-0.007964954201513384,0.0,-0.00036322690784930313
24,1,866790,0,210,22.25,0.04,3.87,17.308,0.0405295848316438,-3.92877363720805e-05,0.08200000000000074,-0.0004791187362448798,0.024967741935483873,-0.007867820613689932,0.0,-0.0033487749065133194
24,1,866831,0,210,22.25,0.04,3.87,17.349,0.03997384766263433,-4.060769512301343e-05,0.08200000000000074,-0.0004952157941830862,0.024967741935483873,0.0,0.0,-0.005940088822267587
24,1,866872,0,210,22.14,0.04,3.87,17.39,0.040042497548217856,-4.101129262422809e-05,0.08200000000000074,-0.0005001377149296063,0.024967741935483873,0.0,0.0,-0.008132739058675169
24,1,866913,0,210,22.14,0.04,3.87,17.431,0.03930696305982296,-4.033986664588785e-05,0.08200000000000074,-0.0004919495932425303,0.024967741935483873,0.0,0.0,-0.016743874532566514
24,1,866954,0,210,22.03,0.04,3.87,17.472,0.03866949983654739,-3.859263756617537e-05,0.08099999999999952,-0.00047645231563179754,0.024967741935483873,-0.007964954201513426,0.0,-0.01452907631397324
24,1,866994,0,210,21.92,0.04,3.77,17.512,0.038130107878391134,-3.5956411523871525e-05,0.08099999999999952,-0.00044390631510952765,0.02432258064516129,-0.007964954201513426,0.0,-0.005206252345840383
24,1,867035,0,210,21.92,0.04,3.77,17.553,0.03824779339653432,-3.2809477021599864e-05,0.08399999999999963,-0.00039058901216190484,0.02432258064516129,0.0,0.0,-0.006382415666495347
24,1,867078,0,210,21.81,0.04,3.77,17.596,0.03759398496240553,-2.9648978593424412e-05,0.08399999999999963,-0.0003529640308741017,0.02432258064516129,0.0,-0.1190476190476196,-0.014010180731331234
24,1,867119,0,210,21.81,0.03,3.77,17.637,0.0370709382151025,-2.694936298218531e-05,0.08200000000000074,-0.00032865076807542763,0.02432258064516129,0.0,0.0,-0.011162583021710953
24,1,867160,0,210,21.7,0.04,3.77,17.678,0.03667865315462522,-2.5027134400312344e-05,0.08200000000000074,-0.0003052089561013673,0.02432258064516129,0.0,0.0,-0.007973273586936443
24,1,867201,0,210,21.59,0.03,3.77,17.719,0.03641712978097371,-2.3989201161228825e-05,0.0799999999999983,-0.0002998650145153667,0.02432258064516129,-0.008064516129032424,0.0,0.002084014383785553
24,1,867240,0,210,21.59,0.04,3.67,17.758,0.03684537430532806,-2.377871259165021e-05,0.0799999999999983,-0.00029723390739563394,0.02367741935483871,0.0,0.0,0.008458646616541297
24,1,867281,0,210,21.48,0.03,3.77,17.799,0.037093821510297,-2.4267262730434335e-05,0.08200000000000074,-0.00029594222841992826,0.02432258064516129,0.0,0.0,-0.002551447547819692
24,1,867322,0,210,21.48,0.04,3.67,17.84,0.036636155606406845,-2.5326592061036378e-05,0.08200000000000074,-0.00030886087879312377,0.02367741935483871,-0.007867820613689932,0.12195121951219405,-0.0019534520287993657
24,1,867363,0,210,21.37,0.04,3.67,17.881,0.03693363844393545,-2.684089656681099e-05,0.08099999999999952,-0.0003313690934174216,0.02367741935483871,0.0,0.0,-0.0009686050875981989
24,1,867403,0,210,21.37,0.04,3.67,17.921,0.03655769859431139,-2.866192439925719e-05,0.08299999999999841,-0.00034532439035250286,0.02367741935483871,0.0,-0.1204819277108457,-0.006301768039795677
24,1,867446,0,210,21.26,0.03,3.67,17.964,0.03641059169663242,-3.054831342383979e-05,0.08399999999999963,-0.00036367039790285625,0.02367741935483871,0.0,0.0,0.005876492473419524
24,1,867487,0,210,21.15,0.04,3.67,18.005,0.03705132396207863,-3.2153774514384724e-05,0.08200000000000074,-0.0003921192013949321,0.02367741935483871,0.0,0.12195121951219405,0.014630957032028337
24,1,867528,0,210,21.15,0.04,3.67,18.046,0.03761033017325875,-3.3106760070463096e-05,0.08200000000000074,-0.0004037409764690585,0.02367741935483871,-0.007867820613689932,0.0,0.002033184764668771
24,1,867569,0,210,21.04,0.04,3.57,18.087,0.03721804511278147,-3.315411518531519e-05,0.08099999999999952,-0.0004093100640162394,0.02303225806451613,-0.007964954201513384,0.0,-0.010291429055731055
24,1,867609,0,210,21.04,0.04,3.57,18.127,0.03677672441974454,-3.2276810586371775e-05,0.08099999999999952,-0.00039847914304162925,0.02303225806451613,0.0,-0.12345679012345755,-0.011502185415228761
24,1,867650,0,210,20.93,0.03,3.57,18.168,0.036286368094147946,-3.069402876664862e-05,0.08200000000000074,-0.00037431742398351636,0.02303225806451613,0.0,-0.12195121951219405,-0.005740756982594202
24,1,867691,0,210,20.93,0.03,3.57,18.209,0.03630598234717181,-2.8755297311084062e-05,0.08200000000000074,-0.0003506743574522415,0.02303225806451613,0.0,0.12195121951219405,-0.010724052974429436
24,1,867732,0,210,20.82,0.04,3.57,18.25,0.035406995750244724,-2.680363903494509e-05,0.08099999999999952,-0.000330909123888213,0.02303225806451613,0.0,0.0,-0.015497681401571439
24,1,867772,0,210,20.71,0.03,3.57,18.29,0.035050670153644534,-2.5100514142684993e-05,0.08099999999999952,-0.00030988289065043387,0.02303225806451613,-0.007964954201513384,0.0,-0.00859637015243425
24,1,867813,0,210,20.71,0.04,3.47,18.331,0.034710689767897554,-2.3838549141983023e-05,0.08399999999999963,-0.00028379225169027533,0.022387096774193548,0.0,0.1190476190476196,-0.014165849406123966
24,1,867856,0,210,20.6,0.04,3.57,18.374,0.033860738803530126,-2.3197788882752148e-05,0.08399999999999963,-0.0002761641533660982,0.02303225806451613,0.0,-0.1190476190476196,-0.019653170192561947
24,1,867897,0,210,20.6,0.03,3.47,18.415,0.03305982347172236,-2.337966962090654e-05,0.08200000000000074,-0.00028511792220617475,0.022387096774193548,-0.007867820613689932,-0.12195121951219405,-0.012119375852143389
24,1,867938,0,210,20.49,0.03,3.47,18.456,0.03286694998365436,-2.4577209525122433e-05,0.08200000000000074,-0.00029972206737953916,0.022387096774193548,0.0,0.0,-0.01052472113475605
24,1,867979,0,210,20.49,0.03,3.47,18.497,0.032196796338672354,-2.688103480279125e-05,0.08099999999999952,-0.00033186462719495566,0.022387096774193548,0.0,0.12345679012345755,-0.00439908143950855
24,1,868019,0,210,20.49,0.04,3.47,18.537,0.03251062438705417,-3.016420045711099e-05,0.08099999999999952,-0.0003723975365075453,0.022387096774193548,0.0,0.0,0.0022600785377291308
24,1,868060,0,210,20.38,0.03,3.47,18.578,0.03237986270022841,-3.401887510986334e-05,0.08200000000000074,-0.0004148643306080858,0.022387096774193548,0.0,-0.12195121951219405,-0.00861113547389126
24,1,868101,0,210,20.38,0.03,3.47,18.619,0.03180451127819508,-3.780343446655543e-05,0.0990000000000002,-0.000381852873399549,0.022387096774193548,-0.00651678071032908,0.0,-0.005151217965863177
24,1,868159,0,210,20.27,0.03,3.37,18.677,0.03186989212160796,-4.079295512396142e-05,0.09799999999999898,-0.00041625464412205963,0.021741935483870968,-0.006583278472679459,0.0,0.007872387268081456
24,1,868199,0,210,20.16,0.03,3.37,18.717,0.03257600523046705,-4.2359768417965514e-05,0.08300000000000196,-0.0005103586556381266,0.021741935483870968,0.0,0.0,0.007522735597505772
24,1,868242,0,210,20.16,0.03,3.37,18.76,0.03249427917620095,-4.210720597445849e-05,0.08399999999999963,-0.0005012762616006985,0.021741935483870968,0.0,0.1190476190476196,0.006071078316910212
24,1,868283,0,210,20.05,0.04,3.37,18.801,0.03308597580908751,-3.9939645767045115e-05,0.08199999999999719,-0.0004870688508176401,0.021741935483870968,0.0,0.0,0.01622561174941638
24,1,868324,0,210,19.94,0.03,3.37,18.842,0.03382477933965305,-3.6101993466868265e-05,0.08200000000000074,-0.00044026821301058466,0.021741935483870968,-0.007867820613689932,-0.12195121951219405,0.009209130992911586
24,1,868365,0,210,19.94,0.03,3.27,18.883,0.033841124550506266,-3.1200439608279676e-05,0.08099999999999952,-0.0003851906124478995,0.021096774193548388,-0.007964954201513384,0.12345679012345755,-0.0016143418126637504
24,1,868405,0,210,19.94,0.04,3.27,18.923,0.033694017652827285,-2.615627258070852e-05,0.08099999999999952,-0.0003229169454408478,0.021096774193548388,0.0,0.0,-0.005650196344322912
24,1,868446,0,210,19.83,0.03,3.27,18.964,0.03338345864661611,-2.203431819729662e-05,0.08200000000000074,-0.0002687111975280051,0.021096774193548388,0.0,0.0,0.0014351892456485292
24,1,868487,0,210,19.72,0.04,3.27,19.005,0.033811703170970465,-1.975880435299482e-05,0.08200000000000074,-0.0002409610286950566,0.021096774193548388,0.0,0.12195121951219405,0.002033184764668771
24,1,868528,0,210,19.72,0.04,3.27,19.046,0.03355017979731895,-1.9818670844081066e-05,0.08200000000000074,-0.00024169110785464496,0.021096774193548388,0.0,-0.12195121951219405,-0.007973273586936358
24,1,868569,0,210,19.61,0.03,3.27,19.087,0.03315789473684168,-2.20928503802158e-05,0.08399999999999963,-0.0002630101235739988,0.021096774193548388,0.0,-0.1190476190476196,-0.017551643082862327
24,1,868612,0,210,19.61,0.03,3.27,19.13,0.032075841778358524,-2.5878453846685634e-05,0.08300000000000196,-0.00031178860056247016,0.021096774193548388,0.0,0.0,-0.01717231790844259
24,1,868652,0,210,19.5,0.03,3.27,19.17,0.03173259235044091,-3.0116272066301075e-05,0.08000000000000185,-0.00037645340082875475,0.021096774193548388,-0.008064516129032067,0.0,-0.010624387054592609
24,1,868692,0,210,19.5,0.03,3.17,19.21,0.031225890813991096,-3.371973660812388e-05,0.08099999999999952,-0.0004162930445447418,0.020451612903225808,-0.007964954201513384,0.0,-0.0033901178065937816
24,1,868733,0,210,19.39,0.03,3.17,19.251,0.031457992808106815,-3.586711027048661e-05,0.08200000000000074,-0.00043740378378641815,0.020451612903225808,0.0,0.0,-0.009567928304323781
24,1,868774,0,210,19.39,0.03,3.17,19.292,0.03044132069303654,-3.614866612256495e-05,0.08099999999999952,-0.00044627982867364403,0.020451612903225808,0.0,0.0,-0.015981983945370537
24,1,868814,0,210,19.17,0.03,3.17,19.332,0.03016345210853181,-3.455738366492289e-05,0.08099999999999952,-0.00042663436623361847,0.020451612903225808,0.0,0.0,0.002260078537729216
24,1,868855,0,210,19.28,0.03,3.17,19.373,0.030624387054592604,-3.139622219670235e-05,0.08200000000000074,-0.0003828807584963667,0.020451612903225808,-0.007081038552320943,0.0,0.0028305121233623983
24,1,868896,0,210,19.17,0.03,3.08,19.414,0.030395554102647528,-2.7182310938286937e-05,0.08199999999999719,-0.0003314915968083887,0.019870967741935485,0.0,0.0,0.003827171321729662
24,1,868937,0,210,19.17,0.03,3.17,19.455,0.030938215102974426,-2.2576748269790058e-05,0.08399999999999963,-0.00026877081273559713,0.020451612903225808,0.0,0.0,0.015839287660144002
24,1,868980,0,210,19.06,0.03,3.08,19.498,0.03172605426609962,-1.83218374272478e-05,0.08300000000000196,-0.00022074502924394415,0.019870967741935485,-0.006995724834822998,0.12048192771084056,0.011461340622377934
24,1,869020,0,210,19.06,0.04,3.08,19.538,0.03188950637463182,-1.5154851427802374e-05,0.08099999999999952,-0.00018709693120743783,0.019870967741935485,0.0,0.0,0.0032286836253274153
24,1,869061,0,210,18.95,0.03,3.08,19.579,0.03198757763975114,-1.368077606789031e-05,0.08200000000000074,-0.00016683873253524618,0.019870967741935485,0.0,-0.12195121951219405,0.0015946547173873392
24,1,869102,0,210,18.95,0.03,3.08,19.62,0.03202026806145758,-1.4219029165602137e-05,0.08200000000000074,-0.00017340279470246352,0.019870967741935485,0.0,0.0,0.0
24,1,869143,0,210,18.84,0.03,3.08,19.661,0.03198757763975114,-1.6678870410560266e-05,0.08099999999999952,-0.00020591198037728847,0.019870967741935485,0.0,0.12345679012345755,-0.0016143418126637504
24,1,869183,0,210,18.73,0.04,3.08,19.701,0.03188950637463182,-2.0534453636932516e-05,0.08099999999999952,-0.00025351177329546466,0.019870967741935485,0.0,0.0,-0.0032286836253274153
24,1,869224,0,210,18.73,0.03,3.08,19.742,0.03172605426609962,-2.4942389127780463e-05,0.08200000000000074,-0.0003041754771680517,0.019870967741935485,0.0,-0.12195121951219405,-0.004783964152161849
24,1,869265,0,210,18.73,0.03,3.08,19.783,0.03149722131415454,-2.8981719457026323e-05,0.08200000000000074,-0.00035343560313446417,0.019870967741935485,-0.007867820613689973,0.0,-0.006378618869549104
24,1,869306,0,210,18.62,0.03,2.98,19.824,0.031203007518796587,-3.192678223329803e-05,0.08399999999999963,-0.0003800807408725973,0.0192258064516129,-0.007680491551459364,0.0,-0.0077834337396285366
24,1,869349,0,210,18.62,0.03,2.98,19.867,0.030843412880025747,-3.342896788605687e-05,0.08299999999999841,-0.00040275864922960857,0.0192258064516129,0.0,0.0,-0.009452652059693558
24,1,869389,0,210,18.51,0.03,2.98,19.907,0.030418437397842037,-3.352362793346764e-05,0.08099999999999952,-0.0004138719497958992,0.0192258064516129,0.0,0.0,-0.018201703937783097
24,1,869430,0,210,18.51,0.03,2.98,19.948,0.029369074861065325,-3.248281433155587e-05,0.08200000000000074,-0.00039613188209214117,0.0192258064516129,0.0,0.0,-0.004783964152161849
24,1,869471,0,210,18.4,0.03,2.98,19.989,0.03002615233736476,-3.0626147650596015e-05,0.08200000000000074,-0.00037348960549507,0.0192258064516129,0.0,0.0,0.008411803634217875
24,1,869512,0,210,18.4,0.03,2.98,20.03,0.030058842759071197,-2.8207507916206076e-05,0.08099999999999952,-0.00034824083847168205,0.0192258064516129,-0.007964954201513384,0.0,0.0
24,1,869552,0,210,18.29,0.03,2.88,20.07,0.03002615233736476,-2.5420259592251694e-05,0.08099999999999952,-0.00031383036533644254,0.01858064516129032,0.0,0.0,-0.0016143418126636647
24,1,869593,0,210,18.29,0.03,2.98,20.111,0.02992808107224544,-2.2479019991813675e-05,0.08200000000000074,-0.0002741343901440667,0.0192258064516129,0.0,0.0,0.007813808115197633
24,1,869634,0,210,18.18,0.03,2.88,20.152,0.030666884602810973,-1.9699580720347053e-05,0.08200000000000074,-0.00024023878927252287,0.01858064516129032,-0.007867820613689932,0.0,0.01080378571029884
24,1,869675,0,210,18.18,0.03,2.88,20.193,0.030813991500489954,-1.751150645543653e-05,0.08399999999999963,-0.0002084703149456739,0.01858064516129032,0.0,0.0,0.003113373495851431
24,1,869718,0,210,18.07,0.03,2.88,20.236,0.030928407976462492,-1.637493834612913e-05,0.08199999999999719,-0.00019969437007475233,0.01858064516129032,0.0,0.0,0.0023919820760810702
24,1,869757,0,210,18.07,0.03,2.88,20.275,0.031010134030728595,-1.6623049489456143e-05,0.0799999999999983,-0.00020778811861820622,0.01858064516129032,0.0,0.0,0.0016345210853220724
24,1,869798,0,210,17.96,0.03,2.88,20.316,0.031059169663288255,-1.83016973507546e-05,0.08200000000000074,-0.00022319143110676137,0.01858064516129032,0.0,0.12195121951219405,0.0007973273586936273
24,1,869839,0,210,17.96,0.04,2.88,20.357,0.031075514874141473,-2.109629067483221e-05,0.08200000000000074,-0.00025727183749795147,0.01858064516129032,0.0,0.0,0.0
24,1,869880,0,210,17.96,0.03,2.88,20.398,0.031059169663288255,-2.440278978882793e-05,0.08099999999999952,-0.00030126900973861823,0.01858064516129032,0.0,-0.12345679012345755,-0.0008071709063318324
24,1,869920,0,210,17.85,0.03,2.88,20.438,0.031010134030728595,-2.752877355429639e-05,0.08099999999999952,-0.00033986140190489576,0.01858064516129032,-0.007964954201513384,0.0,-0.0016143418126637504
24,1,869961,0,210,17.73,0.03,2.78,20.479,0.030928407976462492,-2.9934599111737903e-05,0.08200000000000074,-0.0003650560867285077,0.01793548387096774,-0.007867820613689932,0.0,-0.0023919820760809666
24,1,870002,0,210,17.73,0.03,2.78,20.52,0.030813991500489954,-3.138766497177414e-05,0.08200000000000074,-0.00038277640209480313,0.01793548387096774,0.0,0.0,-0.003189309434774594
24,1,870043,0,210,17.73,0.03,2.78,20.561,0.030666884602810973,-3.194484391004382e-05,0.08399999999999963,-0.0003802957608338567,0.01793548387096774,0.0,0.0,-0.0038917168698142683
24,1,870086,0,210,17.62,0.03,2.78,20.604,0.030487087283425557,-3.1788019502735575e-05,0.08399999999999963,-0.0003784288036039966,0.01793548387096774,0.0,0.0,-0.0046700602437771055
24,1,870127,0,210,17.51,0.03,2.78,20.645,0.030274599542333698,-3.103684802863604e-05,0.08099999999999952,-0.0003831709633164966,0.01793548387096774,0.0,0.0,-0.005650196344322912
24,1,870167,0,210,17.51,0.03,2.78,20.685,0.030029421379535404,-2.967407433769642e-05,0.08099999999999952,-0.0003663465967616864,0.01793548387096774,0.0,0.0,-0.006457367250654745
24,1,870208,0,210,17.51,0.03,2.78,20.726,0.029751552795030667,-2.7636171569080938e-05,0.08200000000000074,-0.0003370264825497645,0.01793548387096774,-0.007867820613689932,0.0,-0.007175946228242815
24,1,870249,0,210,17.4,0.03,2.68,20.767,0.029440993788819488,-2.5003264050794448e-05,0.08200000000000074,-0.0003049178542779783,0.01729032258064516,-0.007867820613689932,0.0,0.0030298439630358684
24,1,870290,0,210,17.4,0.03,2.68,20.808,0.02999999999999961,-2.214367658480976e-05,0.08099999999999952,-0.0002733787232692579,0.01729032258064516,0.0,0.0,0.006901311249137359
24,1,870330,0,210,17.29,0.03,2.68,20.848,0.02999999999999961,-1.9686985703287975e-05,0.08099999999999952,-0.00024304920621343325,0.01729032258064516,0.0,0.0,0.0
24,1,870371,0,210,17.29,0.03,2.68,20.889,0.02999999999999961,-1.830820512215192e-05,0.08200000000000074,-0.0002232707941725824,0.01729032258064516,0.0,0.0,0.0
24,1,870412,0,210,17.18,0.03,2.68,20.93,0.02999999999999961,-1.8425703633645707e-05,0.08200000000000074,-0.00022470370284933587,0.01729032258064516,0.0,0.0,0.0
24,1,870453,0,210,17.18,0.03,2.68,20.971,0.02999999999999961,-1.9965961358675344e-05,0.08399999999999963,-0.00023769001617470752,0.01729032258064516,0.0,0.0,0.0
24,1,870496,0,210,17.18,0.03,2.68,21.014,0.02999999999999961,-2.2315710946621438e-05,0.08299999999999841,-0.0002688639873086972,0.01729032258064516,0.0,0.0,-0.006735014592531729
24,1,870536,0,210,17.07,0.03,2.68,21.054,0.029440993788819488,-2.4502630044543227e-05,0.08099999999999952,-0.0003025016054881898,0.01729032258064516,0.0,0.0,-0.0030672494440610485
24,1,870577,0,210,17.07,0.03,2.68,21.095,0.029751552795030667,-2.5552761975853767e-05,0.08200000000000074,-0.00031161904848601876,0.01729032258064516,-0.007867820613689932,0.0,0.007175946228242815
24,1,870618,0,210,16.96,0.03,2.58,21.136,0.030029421379535404,-2.4888436701048454e-05,0.08200000000000074,-0.0003035175207444906,0.01664516129032258,-0.007867820613689932,0.0,0.006378618869549104
24,1,870659,0,210,16.96,0.03,2.58,21.177,0.030274599542333698,-2.2590605337539316e-05,0.08099999999999952,-0.0002788963621918451,0.01664516129032258,0.0,0.0,0.005650196344322912
24,1,870699,0,210,16.85,0.03,2.58,21.217,0.030487087283425557,-1.9395341002719226e-05,0.08000000000000185,-0.00024244176253398472,0.01664516129032258,0.0,0.0,0.0049035632559658255
24,1,870739,0,210,16.85,0.03,2.58,21.257,0.030666884602810973,-1.641813599993025e-05,0.08099999999999952,-0.00020269303703617715,0.01664516129032258,0.0,0.0,0.004035854531659247
24,1,870780,0,210,16.74,0.03,2.58,21.298,0.030813991500489954,-1.4726384468905618e-05,0.08199999999999719,-0.00017959005449885517,0.01664516129032258,0.0,0.0,0.0031893094347747323
24,1,870821,0,210,16.74,0.03,2.58,21.339,0.030928407976462492,-1.4934554035747726e-05,0.08400000000000318,-0.00017779230994937096,0.01664516129032258,0.0,0.0,0.002335030121888495
24,1,870864,0,210,16.74,0.03,2.58,21.382,0.031010134030728595,-1.6969290772152588e-05,0.08300000000000196,-0.00020444928641147214,0.01664516129032258,0.0,0.0,0.0015754420099489146
24,1,870904,0,210,16.63,0.03,2.58,21.422,0.031059169663288255,-2.0082602917472324e-05,0.08099999999999952,-0.00024793336935151166,0.01664516129032258,0.0,0.12345679012345755,0.0008071709063318324
24,1,870945,0,210,16.52,0.04,2.58,21.463,0.031075514874141473,-2.3112493701611837e-05,0.08200000000000074,-0.0002818596792879467,0.01664516129032258,0.0,0.0,0.0
24,1,870986,0,210,16.63,0.03,2.58,21.504,0.031059169663288255,-2.491095029634449e-05,0.08200000000000074,-0.0003037920767846862,0.01664516129032258,-0.007867820613689932,-0.12195121951219405,-0.0007973273586936273
24,1,871027,0,210,16.52,0.03,2.48,21.545,0.031010134030728595,-2.4788330226642062e-05,0.08199999999999719,-0.00030229671008101116,0.016,-0.007867820613690273,0.0,-0.008411803634218323
24,1,871068,0,210,16.52,0.03,2.48,21.586,0.030369401765282376,-2.2793914441147312e-05,0.08099999999999952,-0.0002814063511252771,0.016,0.0,0.0,-0.005488762163056631
24,1,871108,0,210,16.41,0.03,2.48,21.626,0.03056554429552101,-1.9705443083702258e-05,0.08100000000000307,-0.00024327707510742605,0.016,0.0,0.0,0.00403585453165907
24,1,871149,0,210,16.41,0.03,2.48,21.667,0.030696305982346773,-1.6728365658265964e-05,0.08199999999999719,-0.0002040044592471529,0.016,0.0,0.0,0.0023919820760810702
24,1,871190,0,210,16.3,0.03,2.48,21.708,0.03076168682575965,-1.5033833266321128e-05,0.08399999999999963,-0.0001789742055514428,0.016,0.0,0.0,0.0007783433739628372
24,1,871233,0,210,16.19,0.03,2.48,21.751,0.03076168682575965,-1.5318455786585084e-05,0.08400000000000318,-0.00018236256888791075,0.016,0.0,0.0,-0.0007783433739628042
24,1,871274,0,210,16.3,0.03,2.48,21.792,0.030696305982346773,-1.7540560404972537e-05,0.08099999999999952,-0.00021655012845645238,0.016,0.0,0.0,-0.002421512718995583
24,1,871314,0,210,16.19,0.03,2.48,21.832,0.03056554429552101,-2.091711323119405e-05,0.08099999999999952,-0.00025823596581721206,0.016,0.0,0.0,-0.004035854531659247
24,1,871355,0,210,16.08,0.03,2.48,21.873,0.030369401765282376,-2.4184875340364175e-05,0.08200000000000074,-0.00029493750415078,0.016,0.0,0.0,0.005421826039116835
24,1,871396,0,210,16.08,0.03,2.48,21.914,0.031010134030728595,-2.6047582112435298e-05,0.08199999999999719,-0.0003176534403955633,0.016,-0.007867820613690294,0.0,0.008411803634218323
24,1,871437,0,210,16.08,0.03,2.38,21.955,0.031059169663288255,-2.565699806156685e-05,0.08099999999999952,-0.00031675306248848153,0.015354838709677418,-0.007964954201513405,0.12345679012345755,0.0008071709063318324
24,1,871477,0,210,15.97,0.04,2.38,21.995,0.031075514874141473,-2.2942523223145272e-05,0.08100000000000307,-0.0002832410274462272,0.015354838709677418,0.0,0.0,0.0
24,1,871518,0,210,15.97,0.03,2.38,22.036,0.031059169663288255,-1.8652662432763645e-05,0.08200000000000074,-0.00022747149308248143,0.015354838709677418,0.0,-0.12195121951219405,-0.0007973273586936273
24,1,871559,0,210,15.86,0.03,2.38,22.077,0.031010134030728595,-1.4095549914421301e-05,0.08399999999999963,-0.00016780416564787337,0.015354838709677418,0.0,0.0,-0.001556686747925757
24,1,871602,0,210,15.86,0.03,2.38,22.12,0.030928407976462492,-1.0691801596208083e-05,0.08399999999999963,-0.00012728335233581106,0.015354838709677418,0.0,0.0,-0.002335030121888594
24,1,871643,0,210,15.75,0.03,2.38,22.161,0.030813991500489954,-9.508366055885008e-06,0.08200000000000074,-0.00011595568360835272,0.015354838709677418,0.0,0.0,-0.003189309434774594
24,1,871684,0,210,15.86,0.03,2.38,22.202,0.030666884602810973,-1.0920550495073122e-05,0.08199999999999719,-0.0001331774450618719,0.015354838709677418,0.0,0.0,-0.003986636793468394
24,1,871725,0,210,15.75,0.03,2.38,22.243,0.030487087283425557,-1.4492219358363201e-05,0.0799999999999983,-0.00018115274197954388,0.015354838709677418,0.0,0.0,-0.004903563255966044
24,1,871764,0,210,15.64,0.03,2.38,22.282,0.030274599542333698,-1.9103698690205562e-05,0.08000000000000185,-0.000238796233627564,0.015354838709677418,0.0,0.0,-0.005720823798626783
24,1,871805,0,210,15.64,0.03,2.38,22.323,0.030029421379535404,-2.3298723410841494e-05,0.08200000000000074,-0.00028413077330294247,0.015354838709677418,0.0,0.0,-0.006378618869549104
24,1,871846,0,210,15.53,0.03,2.38,22.364,0.029751552795030667,-2.5760457838048812e-05,0.08299999999999841,-0.0003103669619042085,0.015354838709677418,-0.007773027594248103,0.0,-0.00708948904477021
24,1,871888,0,210,15.53,0.03,2.28,22.406,0.029440993788819488,-2.5768014688929863e-05,0.08299999999999841,-0.00031045800830036577,0.014709677419354838,-0.007773027594248103,0.0,0.002993339818902991
24,1,871929,0,210,15.53,0.03,2.28,22.447,0.02999999999999961,-2.3461866985034608e-05,0.08399999999999963,-0.00027930794029803227,0.014709677419354838,0.0,0.0,0.006654835847382443
24,1,871972,0,210,15.53,0.03,2.28,22.49,0.02999999999999961,-1.980090303133952e-05,0.08399999999999963,-0.0002357250360873763,0.014709677419354838,0.0,0.0,0.0
24,1,872013,0,210,15.42,0.03,2.28,22.531,0.02999999999999961,-1.6220011010548153e-05,0.08100000000000307,-0.00020024704951293257,0.014709677419354838,0.0,0.0,0.0
24,1,872053,0,210,15.31,0.03,2.28,22.571,0.02999999999999961,-1.412256356755348e-05,0.08099999999999952,-0.00017435263663646378,0.014709677419354838,0.0,0.0,0.0
24,1,872094,0,210,15.31,0.03,2.28,22.612,0.02999999999999961,-1.4394074303931692e-05,0.08199999999999719,-0.00017553749151136812,0.014709677419354838,0.0,0.0,0.0
24,1,872135,0,210,15.31,0.03,2.28,22.653,0.02999999999999961,-1.7094690769999143e-05,0.08200000000000074,-0.00020847183865852425,0.014709677419354838,0.0,0.0,0.0
24,1,872176,0,210,15.2,0.03,2.28,22.694,0.02999999999999961,-2.141920753946591e-05,0.08200000000000074,-0.00026120984804226487,0.014709677419354838,0.0,0.0,0.0
24,1,872217,0,210,15.2,0.03,2.28,22.735,0.02999999999999961,-2.5935419786293324e-05,0.08200000000000074,-0.0003162856071499157,0.014709677419354838,0.0,0.0,0.0
24,1,872258,0,210,15.2,0.03,2.28,22.776,0.02999999999999961,-2.9032211555420682e-05,0.08200000000000074,-0.00035405136043195634,0.014709677419354838,-0.00786782061368991,0.0,0.0
24,1,872299,0,210,15.09,0.03,2.18,22.817,0.02999999999999961,-2.9434983922520973e-05,0.08399999999999963,-0.0003504164752681084,0.01406451612903226,-0.007680491551459301,0.0,0.0
24,1,872342,0,210,15.09,0.03,2.18,22.86,0.02999999999999961,-2.6609158144548674e-05,0.08399999999999963,-0.00031677569219700944,0.01406451612903226,0.0,0.0,0.0
24,1,872383,0,210,14.98,0.03,2.18,22.901,0.02999999999999961,-2.0912766383824887e-05,0.08200000000000074,-0.0002550337363881061,0.01406451612903226,0.0,0.0,0.0
24,1,872424,0,210,14.98,0.03,2.18,22.942,0.02999999999999961,-1.3470551650593076e-05,0.08099999999999952,-0.00016630310679744637,0.01406451612903226,0.0,0.0,0.0
24,1,872464,0,210,14.87,0.03,2.18,22.982,0.02999999999999961,-5.853783530372692e-06,0.08099999999999952,-7.226893247373736e-05,0.01406451612903226,0.0,0.0,0.0
24,1,872505,0,210,14.98,0.03,2.18,23.023,0.02999999999999961,3.066663651472012e-07,0.08200000000000074,3.7398337213072985e-06,0.01406451612903226,0.0,0.0,0.0
24,1,872546,0,210,14.87,0.03,2.18,23.064,0.02999999999999961,3.672391553430465e-06,0.08200000000000074,4.478526284671258e-05,0.01406451612903226,0.0,0.0,0.0
24,1,872587,0,210,14.87,0.03,2.18,23.105,0.02999999999999961,3.4613570353134726e-06,0.08200000000000074,4.221167116235904e-05,0.01406451612903226,0.0,0.0,0.0
24,1,872628,0,210,14.76,0.03,2.18,23.146,0.02999999999999961,-3.9608958853865063e-07,0.08200000000000074,-4.830360835837159e-06,0.01406451612903226,0.0,0.0,0.0
24,1,872669,0,210,14.76,0.03,2.18,23.187,0.02999999999999961,-7.217576132115599e-06,0.09099999999999753,-7.93140234298439e-05,0.01406451612903226,0.0,0.0,0.0
24,1,872719,0,210,14.76,0.03,2.18,23.237,0.02999999999999961,-1.5655657896802122e-05,0.09099999999999753,-0.00017204019666815985,0.01406451612903226,0.0,0.0,0.0
24,1,872760,0,210,14.65,0.03,2.18,23.278,0.02999999999999961,-2.3922027308114214e-05,0.08200000000000074,-0.00029173204034285363,0.01406451612903226,0.0,0.0,0.0
24,1,872801,0,210,14.65,0.03,2.18,23.319,0.02999999999999961,-3.0144280412457646e-05,0.08200000000000074,-0.0003676131757616753,0.01406451612903226,0.0,0.0,0.0
24,1,872842,0,210,14.54,0.03,2.18,23.36,0.02999999999999961,-3.280972415506023e-05,0.08200000000000074,-0.00040011858725682843,0.01406451612903226,-0.007867820613689952,0.0,0.0
24,1,872883,0,210,14.54,0.03,2.08,23.401,0.02999999999999961,-3.1191886671706916e-05,0.08200000000000074,-0.0003803888618500809,0.013419354838709678,-0.007867820613689952,0.0,0.0
24,1,872924,0,210,14.43,0.03,2.08,23.442,0.02999999999999961,-2.5616238761881238e-05,0.08200000000000074,-0.0003123931556326952,0.013419354838709678,0.0,0.0,0.0
24,1,872965,0,210,14.43,0.03,2.08,23.483,0.02999999999999961,-1.7450893519479482e-05,0.08200000000000074,-0.00021281577462779665,0.013419354838709678,0.0,0.0,4.865687798471488e-15
24,1,873006,0,210,14.43,0.03,2.08,23.524,0.03000000000000001,-8.808113161341335e-06,0.08200000000000074,-0.00010741601416269824,0.013419354838709678,0.0,0.0,4.865687798471488e-15
24,1,873047,0,210,14.32,0.03,2.08,23.565,0.03000000000000001,-2.0489012792674897e-06,0.08200000000000074,-2.498660096667648e-05,0.013419354838709678,0.0,0.0,0.0
24,1,873088,0,210,14.32,0.03,2.08,23.606,0.03000000000000001,7.701541820503977e-07,0.08399999999999963,9.16850216726668e-06,0.013419354838709678,0.0,0.0,0.0
24,1,873131,0,210,14.32,0.03,2.08,23.649,0.03000000000000001,-1.616598426679161e-06,0.08299999999999841,-1.9477089478062556e-05,0.013419354838709678,0.0,0.0,0.0
24,1,873171,0,210,14.32,0.03,2.08,23.689,0.03000000000000001,-9.353571771857805e-06,0.0799999999999983,-0.00011691964714822505,0.013419354838709678,0.0,0.0,0.0
24,1,873211,0,210,14.21,0.03,2.08,23.729,0.03000000000000001,-2.1353274018571343e-05,0.08099999999999952,-0.00026362066689594407,0.013419354838709678,0.0,0.0,0.0
24,1,873252,0,210,14.21,0.03,2.08,23.77,0.03000000000000001,-3.5448855172439674e-05,0.08200000000000074,-0.0004323031118590165,0.013419354838709678,0.0,0.0,-4.231032868236077e-17
24,1,873293,0,210,14.1,0.03,2.08,23.811,0.030000000000000006,-4.8821319138573125e-05,0.08200000000000074,-0.000595381940714301,0.013419354838709678,0.0,0.0,-8.462065736472153e-17
24,1,873334,0,210,14.1,0.03,2.08,23.852,0.030000000000000002,-5.864962109513017e-05,0.08200000000000074,-0.0007152392816479224,0.013419354838709678,-0.007867820613689952,0.0,-8.462065736472153e-17
24,1,873375,0,210,14.1,0.03,1.98,23.893,0.03,0.0,0.0,0.0,0.012774193548387096,0.0,0.0,0.0
