MS,MPT,t (ms),PWMi,PWMe,Pressure (Psi),LW raw(V),Displacement (mm),t_rel(s),LW (V),delta d (m),delta t (s),vel (m/s),strain,strain rate (1/s),dv/dt raw,dv/dt
25,2,995230,0,205,13.55,0.04,1.98,0.0,-0.02111236589497464,0.0,0.0,0.0,0.0,0.0,0.0,0.0
25,2,995269,255,0,13.66,0.03,1.98,0.039,0.02311688311688304,0.0024706634294572264,0.079,0.03127422062604084,0.012774193548387096,0.0,-0.1265822784810127,1.1480808390115222
25,2,995309,255,0,16.3,0.03,1.98,0.079,0.06958602038693561,0.0028297809526253393,0.07899999999999999,0.03582001205854861,0.012774193548387096,0.14618211514904045,0.379746835443038,1.196614892411897
25,2,995348,255,0,30.4,0.06,3.77,0.118,0.11764945961742287,0.003304643823631462,0.078,0.04236722850809567,0.02432258064516129,0.4110835401157982,1.1538461538461537,1.2445588990211416
25,2,995387,255,0,44.5,0.12,6.95,0.157,0.16666161451058464,0.0037550688800045673,0.07900000000000001,0.047532517468412236,0.044838709677419354,0.5349122090649244,1.7721518987341771,1.2446511284966804
25,2,995427,255,0,54.3,0.2,10.32,0.197,0.21597689876866064,0.004049945734357866,0.07899999999999999,0.05126513587794768,0.06658064516129032,0.5022458146182116,1.8987341772151904,1.2441533111810898
25,2,995466,255,0,61.01,0.27,13.1,0.236,0.2649497260938907,0.004102725685964897,0.07800000000000001,0.05259904725596021,0.08451612903225807,0.39371381306865166,1.7948717948717947,1.2430463002545384
25,2,995505,255,0,65.86,0.34,15.08,0.275,0.31293451018851465,0.0038897147995327367,0.08100000000000002,0.04802117036460168,0.09729032258064516,0.27638391079251295,1.604938271604938,1.1646412180355734
25,2,995547,255,0,69.49,0.4,16.57,0.317,0.3592856647547722,0.0034480770051774777,0.08099999999999996,0.04256885191577135,0.10690322580645162,0.20549581839904443,1.2345679012345683,1.1163344852640564
25,2,995586,255,0,72.36,0.44,17.66,0.356,0.4033576034949032,0.002857864791748874,0.07700000000000001,0.037115127165569785,0.11393548387096775,0.15751989945538325,0.9090909090909083,1.1067412383944084
25,2,995624,255,0,74.67,0.47,18.45,0.394,0.44450474011114166,0.002216507314975306,0.07700000000000001,0.028785809285393583,0.11903225806451613,0.12484289903644719,0.779220779220779,1.0427781377883105
25,2,995663,255,0,76.54,0.5,19.15,0.433,0.4836515201046031,0.00161435465943228,0.07799999999999996,0.020696854608106163,0.12354838709677418,0.10669975186104196,0.641025641025642,0.9127752491596766
25,2,995702,255,0,78.19,0.52,19.74,0.472,0.5157012095455964,0.001117299061074771,0.07800000000000001,0.014324346936856037,0.1273548387096774,0.09015715467328368,0.5128205128205132,0.7144952682710023
25,2,995741,255,0,79.74,0.54,20.24,0.511,0.5393821510297413,0.0007589324630933625,0.07800000000000007,0.009729903372991818,0.1305806451612903,0.07444168734491334,0.38461538461538464,0.5039773346409429
25,2,995780,255,0,81.06,0.55,20.64,0.55,0.55501144164759,0.0005415775755785895,0.07799999999999996,0.006943302251007561,0.13316129032258064,0.06534325889164616,0.2564102564102568,0.33436433894099377
25,2,995819,255,0,82.38,0.56,21.03,0.589,0.5654625694671388,0.0004435861290912868,0.07799999999999996,0.005687001655016501,0.1356774193548387,0.057071960297766615,0.25641025641025533,0.23101231339217326
25,2,995858,255,0,83.48,0.57,21.33,0.628,0.5730304020921795,0.0004296304117140437,0.08000000000000007,0.005370380146425541,0.13761290322580644,0.04838709677419356,0.12499999999999861,0.15985616214448925
25,2,995899,255,0,84.69,0.57,21.63,0.669,0.578251062438698,0.0004610216159781331,0.07999999999999996,0.005762770199726666,0.1395483870967742,0.04838709677419362,0.12500000000000017,0.11772638117031614
25,2,995938,255,0,85.68,0.58,21.93,0.708,0.5824485125858048,0.0005039403342984237,0.07799999999999996,0.006460773516646461,0.14148387096774193,0.048800661703887416,0.1282051282051284,0.10284909598410563
25,2,995977,255,0,86.67,0.58,22.22,0.747,0.5862732919254582,0.0005344779552280094,0.07800000000000007,0.006852281477282166,0.1433548387096774,0.04880066170388771,0.1282051282051282,0.0881803170132678
25,2,996016,255,0,87.56,0.59,22.52,0.786,0.5893265773128397,0.0005403103668942925,0.07799999999999996,0.0069270559858242665,0.14529032258064517,0.04135649296939632,0.1282051282051284,0.06056110175103242
25,2,996055,255,0,88.44,0.59,22.72,0.825,0.5909970578620387,0.0005195370183876236,0.07699999999999996,0.006747234005034077,0.14658064516129032,0.03351487222454982,0.0,0.051837668705926626
25,2,996093,255,0,89.21,0.59,22.92,0.863,0.593318077803196,0.00047767045269478105,0.07700000000000007,0.006203512372659489,0.1478709677419355,0.03351487222454977,0.0,0.047167608462148784
25,2,996132,255,0,89.98,0.59,23.12,0.902,0.5946289637136242,0.0004239247752825044,0.07799999999999996,0.005434933016442367,0.14916129032258066,0.024813895781637223,0.1282051282051284,0.03725869858592715
25,2,996171,255,0,90.64,0.6,23.22,0.941,0.5962242562928983,0.0003678278455401518,0.07799999999999996,0.004715741609489128,0.1498064516129032,0.02481389578163758,0.1282051282051284,0.038851308874191914
25,2,996210,255,0,91.3,0.6,23.42,0.98,0.5976593658058111,0.0003168382724240644,0.08100000000000007,0.003911583610173631,0.1510967741935484,0.03106332138590233,0.0,0.035273368606702334
25,2,996252,255,0,91.96,0.6,23.61,1.022,0.5990813991500412,0.0002752123513755258,0.08099999999999996,0.003397683350315135,0.1523225806451613,0.02309836718438873,0.0,0.03717022023657997
25,2,996291,255,0,92.62,0.6,23.71,1.061,0.6006701536449741,0.0002439853250271007,0.07800000000000007,0.003128016987526929,0.15296774193548388,0.016542597187758364,0.0,0.03403156721234391
25,2,996330,255,0,93.17,0.6,23.81,1.1,0.601735861392604,0.00022171052091474763,0.07800000000000007,0.002842442575830095,0.15361290322580645,0.0248138957816379,0.0,0.030511060259343945
25,2,996369,255,0,93.61,0.6,24.01,1.139,0.6030500163452029,0.00020554647628113543,0.07799999999999985,0.0026352112343735364,0.15490322580645163,0.024813895781637615,0.0,0.028457431203426548
25,2,996408,255,0,94.16,0.6,24.11,1.178,0.6039555410264713,0.0001923353042133371,0.07800000000000007,0.00246583723350432,0.15554838709677418,0.008271298593878826,0.1282051282051282,0.02828978801518912
25,2,996447,255,0,94.49,0.61,24.11,1.217,0.6052566198103877,0.0001794286959807998,0.07800000000000007,0.002300367897189739,0.15554838709677418,0.016542597187758364,0.0,0.03042723866522527
25,2,996486,255,0,94.82,0.6,24.31,1.256,0.6063288656423589,0.00016516041207247412,0.07799999999999985,0.002117441180416339,0.15683870967741934,0.01654259718775841,0.0,0.023721511135697256
25,2,996525,255,0,95.15,0.61,24.31,1.295,0.6071068976789721,0.00014898035019910339,0.07699999999999996,0.0019348097428454995,0.15683870967741934,0.008378718056137725,0.12987012987013005,0.015538564083840618
25,2,996563,255,0,95.37,0.61,24.41,1.333,0.6075253350768146,0.00013131694892939904,0.07900000000000018,0.0016622398598658068,0.15748387096774194,0.016333197223356688,0.0,0.016634872817707563
25,2,996604,255,0,95.59,0.61,24.51,1.374,0.608421052631571,0.00011324741004278493,0.08000000000000007,0.0014155926255348104,0.15812903225806452,0.008064516129032202,0.0,0.020962732919253806
25,2,996643,255,0,95.7,0.61,24.51,1.413,0.6092023537103549,9.607221831672064e-05,0.07799999999999985,0.0012316951066246261,0.15812903225806452,0.0,0.0,0.01814737512678122
25,2,996682,255,0,95.82,0.61,24.51,1.452,0.6098365478914599,8.091497016975069e-05,0.07800000000000007,0.0010373714124327002,0.15812903225806452,0.008271298593879182,0.0,0.01395629542082612
25,2,996721,255,0,96.04,0.61,24.61,1.491,0.6102909447531794,6.846571574788029e-05,0.07800000000000007,0.000877765586511285,0.1587741935483871,0.008271298593879182,0.0,0.008926999773681483
25,2,996760,255,0,96.04,0.61,24.61,1.53,0.6105328538738071,5.8927690073772966e-05,0.07799999999999985,0.0007554832060740139,0.1587741935483871,0.0,0.0,0.003059488185347267
25,2,996799,255,0,96.15,0.61,24.61,1.569,0.6105295848316364,5.2136399435706696e-05,0.07800000000000007,0.0006684153773808544,0.1587741935483871,0.008271298593879182,0.0,-0.003646239344180823
25,2,996838,255,0,96.26,0.61,24.71,1.608,0.610248447204961,4.775010144965819e-05,0.07800000000000007,0.0006121807878161301,0.15941935483870967,0.008271298593879182,0.0,0.00037719717353545636
25,2,996877,255,0,96.26,0.61,24.71,1.647,0.6105590062111722,4.539100112761929e-05,0.07899999999999996,0.0005745696345268267,0.15941935483870967,0.007349938750510547,0.0,-0.003144901328719751
25,2,996917,255,0,96.26,0.61,24.8,1.687,0.6099999999999921,4.46549294400107e-05,0.08099999999999996,0.0005512954251853175,0.16,0.0,0.0,-0.0069013112491370645
25,2,996958,255,0,96.26,0.61,24.71,1.728,0.6099999999999921,4.50044226252615e-05,0.07999999999999985,0.0005625552828157698,0.15941935483870967,-0.007258064516129176,0.0,0.0
25,2,996997,255,0,96.26,0.61,24.71,1.767,0.6099999999999921,4.566763491085268e-05,0.07800000000000007,0.0005854824988570851,0.15941935483870967,0.007444168734491442,0.0,0.0
25,2,997036,255,0,96.26,0.61,24.8,1.806,0.6099999999999921,4.568770272392087e-05,0.07700000000000018,0.0005933467886223476,0.16,0.007540846250523787,0.0,0.0
25,2,997074,255,0,96.26,0.61,24.8,1.844,0.6099999999999921,4.416635715525175e-05,0.07699999999999996,0.0005735890539643087,0.16,0.0,0.0,0.0
25,2,997113,255,0,96.37,0.61,24.8,1.883,0.6099999999999921,4.06040671862371e-05,0.07799999999999985,0.0005205649639261177,0.16,0.008271298593879204,0.0,0.0
25,2,997152,255,0,96.37,0.61,24.9,1.922,0.6099999999999921,3.5165951232055905e-05,0.07800000000000007,0.00045084552861610094,0.16064516129032258,0.008271298593879182,0.0,0.0
25,2,997191,255,0,96.26,0.61,24.9,1.961,0.6099999999999921,2.8727049368242775e-05,0.07800000000000007,0.0003682955047210609,0.16064516129032258,0.0,0.0,0.0
25,2,997230,255,0,96.37,0.61,24.9,2.0,0.6099999999999921,2.264193420734273e-05,0.07800000000000007,0.000290281207786445,0.16064516129032258,0.0,0.0,0.0
25,2,997269,255,0,96.37,0.61,24.9,2.039,0.6099999999999921,1.830363561872872e-05,0.08000000000000007,0.00022879544523410878,0.16064516129032258,0.0,0.0,0.0
25,2,997310,255,0,96.37,0.61,24.9,2.08,0.6099999999999921,1.66529269198179e-05,0.08000000000000007,0.00020816158649772357,0.16064516129032258,0.0,0.0,0.0
25,2,997349,255,0,96.37,0.61,24.9,2.119,0.6099999999999921,1.7820692000537265e-05,0.07799999999999985,0.00022847041026329872,0.16064516129032258,0.0,0.0,0.0
25,2,997388,255,0,96.37,0.61,24.9,2.158,0.6099999999999921,2.1031992009245215e-05,0.07799999999999985,0.000269640923195452,0.16064516129032258,0.0,0.0,0.0
25,2,997427,255,0,96.26,0.61,24.9,2.197,0.6099999999999921,2.4808969548569593e-05,0.07800000000000029,0.00031806371216114743,0.16064516129032258,0.0,0.0,0.0
25,2,997466,255,0,96.26,0.61,24.9,2.236,0.6099999999999921,2.7411962588757887e-05,0.07799999999999985,0.000351435417804589,0.16064516129032258,0.008271298593879204,0.0,0.0
25,2,997505,255,0,96.37,0.61,25.0,2.275,0.6099999999999921,2.7372512144758333e-05,0.07699999999999996,0.0003554871707111474,0.16129032258064516,0.008378718056137364,0.0,0.0
25,2,997543,255,0,96.37,0.61,25.0,2.313,0.6099999999999921,2.3932335432874653e-05,0.07800000000000029,0.0003068248132419816,0.16129032258064516,0.0,0.0,0.0
25,2,997583,255,0,96.37,0.61,25.0,2.353,0.6099999999999921,1.7250671530455008e-05,0.07899999999999974,0.00021836293076525398,0.16129032258064516,0.0,0.0,0.0
25,2,997622,255,0,96.26,0.61,25.0,2.392,0.6099999999999921,8.36911285300701e-06,0.07999999999999963,0.00010461391066258811,0.16129032258064516,-0.008064516129032247,0.0,0.0
25,2,997663,255,0,96.37,0.61,24.9,2.433,0.6099999999999921,-9.60975507044992e-07,0.08000000000000007,-1.201219383806239e-05,0.16064516129032258,0.0,0.0,0.0
25,2,997702,255,0,96.26,0.61,25.0,2.472,0.6099999999999921,-8.476680472305986e-06,0.07800000000000029,-0.00010867539067058917,0.16129032258064516,0.008271298593879158,0.0,0.0
25,2,997741,255,0,96.26,0.61,25.0,2.511,0.6099999999999921,-1.1622102315957505e-05,0.07799999999999985,-0.00014900131174304523,0.16129032258064516,0.0,0.0,0.0
25,2,997780,255,0,96.26,0.61,25.0,2.55,0.6099999999999921,-7.893722553276916e-06,0.07799999999999985,-0.00010120157119585809,0.16129032258064516,0.0,0.0,0.0
25,2,997819,255,0,96.26,0.61,25.0,2.589,0.6099999999999921,4.57794606029438e-06,0.07800000000000029,5.8691616157620034e-05,0.16129032258064516,0.0,0.0,0.0
25,2,997858,255,0,96.26,0.61,25.0,2.628,0.6099999999999921,2.621238809715365e-05,0.07799999999999985,0.00033605625765581665,0.16129032258064516,0.008271298593879562,0.0,0.0
25,2,997897,255,0,96.26,0.61,25.1,2.667,0.6099999999999921,5.50737933204104e-05,0.07799999999999985,0.0007060742733385962,0.16193548387096776,0.0,0.0,0.0071667462971808085
25,2,997936,255,0,96.37,0.61,25.0,2.706,0.6105590062111722,8.613419251901177e-05,0.07800000000000029,0.0011042845194745058,0.16129032258064516,0.0,0.0,0.017518713170886796
25,2,997975,255,0,96.26,0.61,25.1,2.745,0.6113664596273213,0.00011102941885967966,0.08000000000000007,0.0013878677357459944,0.16193548387096776,0.00806451612903255,0.0,0.019818568159528354
25,2,998016,255,0,96.26,0.61,25.1,2.786,0.6121444916639345,0.00011862456850933612,0.07899999999999974,0.0015015768165738798,0.16193548387096776,0.0,0.0,0.0162210700112962
25,2,998054,255,0,96.26,0.61,25.1,2.824,0.6126479241582137,9.658183906315542e-05,0.07699999999999996,0.0012543095982227984,0.16193548387096776,0.0,0.0,-0.0005094611175019547
25,2,998093,255,0,96.37,0.61,25.1,2.863,0.6121052631578868,3.3877840641480364e-05,0.07800000000000029,0.00043433129027538764,0.16193548387096776,0.0,0.0,-0.011315915206075047
25,2,998132,255,0,96.26,0.61,25.1,2.902,0.6117652827721398,-7.611713112576979e-05,0.07900000000000018,-0.0009635079889337927,0.16193548387096776,0.0,0.0,-0.01932459105937639
25,2,998172,255,0,96.26,0.61,25.1,2.942,0.6105786204641961,-0.00023274328954321532,0.07899999999999974,-0.002946117589154634,0.16193548387096776,0.0,0.0,-0.03513185826426265
25,2,998211,0,205,96.26,0.61,25.1,2.981,0.6089898659692631,-0.00042633256868967,0.07799999999999985,-0.0054658021626880875,0.16193548387096776,0.0,0.0,-0.05808836472452023
25,2,998250,0,205,93.83,0.61,25.1,3.02,0.6060477280156835,-0.0006385967264584735,0.07800000000000029,-0.008187137518698347,0.16193548387096776,-0.04052936311000841,0.0,-0.08583331237793329
25,2,998289,0,205,88.77,0.61,24.61,3.059,0.6022948676037843,-0.000845518269673935,0.07799999999999985,-0.010839977816332521,0.1587741935483871,-0.09015715467328388,-0.12820512820512858,-0.11755978575200428
25,2,998328,0,205,83.92,0.6,24.01,3.098,0.5968780647270272,-0.0010222164805263603,0.07999999999999963,-0.012777706006579563,0.15490322580645163,-0.1120967741935491,-0.2500000000000014,-0.1482101994115713
25,2,998369,0,205,79.63,0.59,23.22,3.139,0.5904380516508586,-0.0011483682292979722,0.08000000000000007,-0.01435460286622464,0.1498064516129032,-0.11209677419354848,-0.25,-0.1832298136645939
25,2,998408,0,205,76.32,0.58,22.62,3.178,0.5822196796338597,-0.0012124437331655891,0.07800000000000029,-0.015544150425199802,0.14593548387096775,-0.10669975186104168,-0.25641025641025567,-0.23122186737747039
25,2,998447,0,205,73.57,0.57,21.93,3.217,0.5724027459954159,-0.001213493015044179,0.07799999999999985,-0.015557602756976683,0.14148387096774193,-0.09842845326716308,-0.12820512820512858,-0.26948642509282866
25,2,998486,0,205,71.26,0.57,21.43,3.256,0.5611997384766191,-0.0011601954861638966,0.07699999999999996,-0.01506747384628438,0.13825806451612904,-0.08294930875576009,-0.25974025974025866,-0.30580403578114923
25,2,998524,0,205,69.27,0.55,20.94,3.294,0.5488558352402674,-0.0010678203708474818,0.0770000000000004,-0.013867797023993197,0.1350967741935484,-0.08294930875575998,-0.38961038961038646,-0.3318290078669225
25,2,998563,0,205,67.62,0.54,20.44,3.333,0.5356489048708659,-0.0009542510616720569,0.07799999999999985,-0.0122339879701546,0.1318709677419355,-0.07444168734491356,-0.3846153846153857,-0.3528889112413081
25,2,998602,0,205,66.08,0.52,20.04,3.372,0.5213305001634454,-0.0008362342048254199,0.07799999999999985,-0.010720951343915661,0.12929032258064516,-0.05789909015715515,-0.3846153846153857,-0.36583934753270875
25,2,998641,0,205,64.87,0.51,19.74,3.411,0.5071134357633147,-0.0007266866472225324,0.07800000000000029,-0.00931649547721192,0.1273548387096774,-0.05707196029776637,-0.3846153846153835,-0.3588402444237632
25,2,998680,0,205,63.77,0.49,19.35,3.45,0.49334096109839176,-0.0006334388188550335,0.08000000000000007,-0.007917985235687913,0.12483870967741936,-0.055645161290322195,-0.375,-0.3410428244524308
25,2,998721,0,205,62.67,0.48,19.05,3.491,0.4798300098071202,-0.000559352475983772,0.07999999999999963,-0.006991905949797182,0.12290322580645162,-0.04838709677419383,-0.3750000000000014,-0.32980549199084375
25,2,998760,0,205,61.79,0.46,18.75,3.53,0.4669565217391244,-0.0005034141840481183,0.07799999999999985,-0.006454028000616914,0.12096774193548387,-0.04962779156327559,-0.384615384615385,-0.32866447054089737
25,2,998799,0,205,61.13,0.45,18.45,3.569,0.45419418110493026,-0.00046225200688787636,0.07800000000000029,-0.005926307780613777,0.11903225806451613,-0.04052936311000805,-0.25641025641025567,-0.31424715635241385
25,2,998838,0,205,60.35,0.44,18.26,3.608,0.442445243543636,-0.00043157982494953373,0.07900000000000018,-0.005463035758854845,0.11780645161290323,-0.03184973458554521,-0.25316455696202494,-0.284613570249228
25,2,998878,0,205,59.8,0.43,18.06,3.648,0.4317097090552412,-0.0004072751085449475,0.07899999999999974,-0.0051553811208221376,0.11651612903225805,-0.03266639444671321,-0.2531645569620264,-0.2546128667844609
25,2,998917,0,205,59.25,0.42,17.86,3.687,0.42233082706766367,-0.00038601503625590894,0.07799999999999985,-0.0049489107212296116,0.1152258064516129,-0.03308519437551682,-0.25641025641025716,-0.23025791904510196
25,2,998956,0,205,58.81,0.41,17.66,3.726,0.4137495913697233,-0.0003655313881308153,0.07699999999999996,-0.004747160884815786,0.11393548387096775,-0.033514872224549457,-0.12987012987013005,-0.21295474711623522
25,2,998994,0,205,58.26,0.41,17.46,3.764,0.40593331153971357,-0.00034458507646170487,0.07699999999999996,-0.004475130863139027,0.11264516129032259,-0.025136154168412275,-0.12987012987012933,-0.1939348653961245
25,2,999033,0,205,57.82,0.4,17.36,3.803,0.3988166067342217,-0.00032276370059271644,0.09100000000000019,-0.003546853852667206,0.112,-0.021269053527118175,-0.2197802197802189,-0.14980116320423317
25,2,999085,0,205,57.38,0.39,17.16,3.855,0.3923014056881283,-0.0003002099908487992,0.08999999999999986,-0.0033356665649866626,0.11070967741935483,-0.020788530465949882,-0.11111111111111138,-0.14576295811993661
25,2,999123,0,205,57.16,0.39,17.07,3.893,0.3856979405034274,-0.00027737828207697034,0.07699999999999996,-0.0036023153516489674,0.11012903225806452,-0.024298282362798358,-0.12987012987013005,-0.15623474270090704
25,2,999162,0,205,56.83,0.38,16.87,3.932,0.3802713305001585,-0.00025486805917372733,0.07800000000000029,-0.0032675392201759793,0.10883870967741936,-0.024813895781637653,-0.12820512820512783,-0.145304733405417
25,2,999201,0,205,56.5,0.38,16.77,3.971,0.37436417129780486,-0.00023332309313959599,0.07799999999999985,-0.002991321706917903,0.10819354838709677,-0.01654259718775841,-0.12820512820512858,-0.1494119915172528
25,2,999240,0,205,56.28,0.37,16.67,4.01,0.3686171951618128,-0.00021335854104403396,0.07800000000000029,-0.002735365910820938,0.10754838709677421,-0.016542597187758315,-0.25641025641025567,-0.14467607144952552
25,2,999279,0,205,55.95,0.36,16.57,4.049,0.3630794377247418,-0.00019549593351485584,0.07800000000000029,-0.0025063581219853218,0.10690322580645162,-0.016542597187758672,-0.12820512820512783,-0.1319351891434259
25,2,999318,0,205,55.73,0.36,16.47,4.088,0.35832625040862554,-0.00018011028312875154,0.0779999999999994,-0.0023091061939583706,0.10625806451612903,-0.016542597187758506,-0.1282051282051293,-0.12317583255798177
25,2,999357,0,205,55.51,0.35,16.37,4.127,0.3534717227852193,-0.00016739382767168464,0.07800000000000029,-0.0021460747137395384,0.10561290322580646,-0.016542597187758315,-0.12820512820512783,-0.12598385596096948
25,2,999396,0,205,55.4,0.35,16.27,4.166,0.3484995096436699,-0.00015733189754738676,0.08000000000000007,-0.0019666487193423328,0.10496774193548387,-0.008064516129032376,-0.1249999999999993,-0.1081235697940489
25,2,999437,0,205,55.18,0.34,16.27,4.207,0.3448218372016954,-0.0001496973383142155,0.08000000000000007,-0.001871216728927692,0.10496774193548387,-0.008064516129032202,-0.1249999999999993,-0.09423014056881276
25,2,999476,0,205,54.96,0.34,16.17,4.246,0.34096109839816485,-0.00014408921301031796,0.07800000000000029,-0.001847297602696377,0.1043225806451613,-0.016542597187758495,0.0,-0.10196896924585556
25,2,999515,0,205,54.74,0.34,16.07,4.285,0.33686825760051864,-0.00014002669202427498,0.0779999999999994,-0.0017952140003112313,0.1036774193548387,-0.016542597187758683,-0.1282051282051293,-0.09740069236636617
25,2,999554,0,205,54.52,0.33,15.97,4.324,0.33336384439358835,-0.00013705950420646573,0.07699999999999996,-0.0017799935611229325,0.10303225806451613,-0.008378718056137364,-0.12987012987013005,-0.08444318022611372
25,2,999592,0,205,54.41,0.33,15.97,4.362,0.3303661327231079,-0.0001348325414495548,0.07699999999999996,-0.001751071966877336,0.10303225806451613,-0.007540846250523628,0.0,-0.0723434786854203
25,2,999631,0,205,54.3,0.33,15.88,4.401,0.327793396534811,-0.0001330801569661837,0.07800000000000029,-0.0017061558585408103,0.10245161290322581,-0.015715467328370578,0.0,-0.06873370717764271
25,2,999670,0,205,54.08,0.33,15.78,4.44,0.32500490356325173,-0.00013157985067390677,0.07800000000000029,-0.0016869211624859779,0.10180645161290322,-0.008271298593879336,-0.12820512820512783,-0.07573281028658399
25,2,999709,0,205,53.86,0.32,15.78,4.479,0.3218862373324574,-0.00013010907533232441,0.0779999999999994,-0.0016680650683631463,0.10180645161290322,-0.008271298593879253,-0.1282051282051293,-0.0745173971718591
25,2,999748,0,205,53.75,0.32,15.68,4.518,0.31919254658384677,-0.0001284280484015845,0.08000000000000007,-0.0016053506050198048,0.10116129032258064,-0.016129032258064405,0.0,-0.06386891140895684
25,2,999789,0,205,53.64,0.32,15.58,4.559,0.31677672441974086,-0.0001262887213064534,0.08000000000000007,-0.0015786090163306661,0.10051612903225807,-0.008064516129032202,-0.125,-0.05876103301732516
25,2,999828,0,205,53.53,0.31,15.58,4.598,0.31449166394246075,-0.00012346110210448736,0.0779999999999994,-0.0015828346423652345,0.10051612903225807,-0.008271298593879253,-0.1282051282051293,-0.06596759457171228
25,2,999867,0,205,53.31,0.31,15.48,4.637,0.31163125204314734,-0.00011977616122766932,0.07800000000000029,-0.0015355918106111394,0.09987096774193549,-0.008271298593879158,0.0,-0.07145790898651241
25,2,999906,0,205,53.2,0.31,15.48,4.676,0.30891794704151276,-0.0001151959376864653,0.07800000000000029,-0.0014768709959803188,0.09987096774193549,-0.008271298593879158,0.0,-0.05842365110099602
25,2,999945,0,205,53.09,0.31,15.38,4.715,0.30707420725726964,-0.00010990545475585911,0.0779999999999994,-0.0014090442917417943,0.09922580645161291,-0.016542597187758683,-0.1282051282051293,-0.056747219218613934
25,2,999984,0,205,52.98,0.3,15.28,4.754,0.3044916639424609,-0.00010437532622329293,0.07800000000000029,-0.00133814520799093,0.09858064516129032,-0.008271298593879336,-0.12820512820512783,-0.0664286133393678
25,2,1000023,0,205,52.76,0.3,15.28,4.793,0.30189277541679893,-9.931785422108597e-05,0.07700000000000085,-0.0012898422626114918,0.09858064516129032,-0.008378718056137269,0.0,-0.06559311887850532
25,2,1000061,0,205,52.65,0.3,15.18,4.831,0.29944099378881595,-9.550029215702693e-05,0.07699999999999996,-0.0012402635345068439,0.09793548387096775,-0.008378718056137364,0.0,-0.05964940584097053
25,2,1000100,0,205,52.54,0.3,15.18,4.87,0.2972997711670442,-9.347051934015837e-05,0.08099999999999952,-0.001153957028890851,0.09793548387096775,0.0,0.0,-0.05125535255207191
25,2,1000142,0,205,52.54,0.3,15.18,4.912,0.29528931023209815,-9.332428379598667e-05,0.08099999999999952,-0.0011521516518023115,0.09793548387096775,-0.007964954201513512,-0.12345679012345763,-0.05024638891915783
25,2,1000181,0,205,52.31,0.29,15.08,4.951,0.29322981366459244,-9.464062519949756e-05,0.07800000000000029,-0.0012133413487115028,0.09729032258064516,-0.008271298593879336,-0.12820512820512783,-0.05134072639793321
25,2,1000220,0,205,52.2,0.29,15.08,4.99,0.29128473357305934,-9.662757712998804e-05,0.07800000000000029,-0.0012388150914100986,0.09729032258064516,-0.008271298593879158,0.0,-0.057878810739221076
25,2,1000259,0,205,52.09,0.29,14.98,5.029,0.2887152664269332,-9.840456311547108e-05,0.0779999999999994,-0.0012615969630188698,0.09664516129032258,-0.016542597187758506,0.0,-0.06504555703640401
25,2,1000298,0,205,51.98,0.29,14.88,5.068,0.28621118012421987,-9.927654896766925e-05,0.07800000000000029,-0.0012727762688162676,0.096,-0.008271298593879158,-0.12820512820512714,-0.05452594697445847
25,2,1000337,0,205,51.87,0.28,14.88,5.107,0.2844622425629254,-9.887806940676569e-05,0.07800000000000029,-0.0012676675564969914,0.096,0.0,-0.12820512820512714,-0.044634998868407286
25,2,1000376,0,205,51.76,0.28,14.88,5.146,0.2827296502124841,-9.716714705737672e-05,0.0779999999999994,-0.0012457326545817623,0.096,-0.00827129859387943,0.0,-0.053687731033268786
25,2,1000415,0,205,51.65,0.28,14.78,5.185,0.28027459954233047,-9.434706173466089e-05,0.07800000000000029,-0.00120957771454693,0.09535483870967741,-0.008271298593879336,0.0,-0.06336912515402125
25,2,1000454,0,205,51.54,0.28,14.78,5.224,0.2777868584504704,-9.080391848739567e-05,0.08000000000000007,-0.001135048981092445,0.09535483870967741,-0.008064516129032202,0.0,-0.06096763648250966
25,2,1000495,0,205,51.43,0.28,14.68,5.265,0.2753971886237297,-8.707497697835542e-05,0.08000000000000007,-0.0010884372122294417,0.09470967741935483,-0.015322580645161184,-0.125,-0.05688133376920488
25,2,1000534,0,205,51.32,0.27,14.59,5.304,0.273236351748934,-8.379640730927739e-05,0.07699999999999996,-0.001088265029990616,0.09412903225806452,0.0,-0.12987012987013005,-0.04419575194338144
25,2,1000572,0,205,51.21,0.27,14.68,5.342,0.2719941157240893,-8.159032402824451e-05,0.0779999999999994,-0.0010460297952339121,0.09470967741935483,0.0,0.0,-0.041114491915407086
25,2,1000612,0,205,51.1,0.27,14.59,5.382,0.2700294213795323,-8.091588265709148e-05,0.07900000000000063,-0.0010242516792036815,0.09412903225806452,-0.015516537362188432,0.0,-0.0501529001369683
25,2,1000651,0,205,50.99,0.27,14.49,5.421,0.2680320366132688,-8.19448872427948e-05,0.07800000000000029,-0.0010505754774717243,0.09348387096774194,-0.008271298593879158,0.0,-0.04279092379778792
25,2,1000690,0,205,50.88,0.27,14.49,5.46,0.2666917293233048,-8.449634510452774e-05,0.0779999999999994,-0.0010832864756990818,0.09348387096774194,0.0,-0.1282051282051293,-0.0425813698124903
25,2,1000729,0,205,50.77,0.26,14.49,5.499,0.2647106897678946,-8.803337395875665e-05,0.07800000000000029,-0.0011286329994712348,0.09348387096774194,-0.008271298593879158,-0.12820512820512783,-0.050167224080266797
25,2,1000768,0,205,50.66,0.26,14.39,5.538,0.262778685845044,-9.173215194218187e-05,0.07800000000000029,-0.0011760532300279683,0.09283870967741936,-0.008271298593879158,0.0,-0.0516341019773507
25,2,1000807,0,205,50.55,0.26,14.39,5.577,0.2606832298136612,-9.463666289922302e-05,0.08000000000000007,-0.0011829582862402867,0.09283870967741936,-0.008064516129032376,0.0,-0.05279503105590009
25,2,1000848,0,205,50.44,0.26,14.29,5.618,0.258555083360572,-9.587895171464922e-05,0.08000000000000007,-0.0011984868964331143,0.09219354838709677,-0.008064516129032376,0.0,-0.051977770513238854
25,2,1000887,0,205,50.33,0.26,14.29,5.657,0.2565250081726021,-9.49041403990396e-05,0.0779999999999994,-0.0012167197487056452,0.09219354838709677,-0.008271298593879253,0.0,-0.04195270785659739
25,2,1000926,0,205,50.22,0.26,14.19,5.696,0.2552827721477574,-9.16311680835289e-05,0.07800000000000029,-0.001174758565173443,0.0915483870967742,-0.008271298593879158,-0.12820512820512783,-0.042790923797788635
25,2,1000965,0,205,50.11,0.25,14.19,5.735,0.25318731611637457,-8.650037447535296e-05,0.07800000000000029,-0.0011089791599404185,0.0915483870967742,-0.008271298593879158,-0.12820512820512783,-0.05582518168330503
25,2,1001004,0,205,50.0,0.25,14.09,5.774,0.2509284079764596,-8.038979268433266e-05,0.07699999999999996,-0.0010440232816147105,0.09090322580645162,-0.008378718056137364,0.0,-0.059097489630342455
25,2,1001042,0,205,49.89,0.25,14.09,5.812,0.2486368094148382,-7.441829439966874e-05,0.07699999999999996,-0.0009664713558398543,0.09090322580645162,0.0,-0.12987012987013005,-0.05824838776783763
25,2,1001081,0,205,49.78,0.24,14.09,5.851,0.2464432821183361,-6.96906914523332e-05,0.07899999999999974,-0.0008821606512953599,0.09090322580645162,-0.008166598611678389,0.0,-0.04555968898581006
25,2,1001121,0,205,49.78,0.25,13.99,5.891,0.24503759398495922,-6.705828748568799e-05,0.0810000000000004,-0.0008278800924158969,0.09025806451612903,-0.007964954201513424,0.0,-0.04524192929989954
25,2,1001162,0,205,49.56,0.24,13.99,5.932,0.24277868584504422,-6.69535232597287e-05,0.08000000000000007,-0.000836919040746608,0.09025806451612903,0.0,-0.125,-0.058515854854527004
25,2,1001201,0,205,49.56,0.24,13.99,5.971,0.24035632559659706,-6.932520985173341e-05,0.0779999999999994,-0.0008887847416888966,0.09025806451612903,-0.008271298593879253,0.0,-0.06253090921283096
25,2,1001240,0,205,49.34,0.24,13.89,6.01,0.23790127492644345,-7.367717262193452e-05,0.07800000000000029,-0.0009445791361786442,0.08961290322580645,-0.008271298593879158,0.0,-0.06169269327163959
25,2,1001279,0,205,49.23,0.24,13.89,6.049,0.23554429552140915,-7.919921555032338e-05,0.07800000000000029,-0.0010153745583374755,0.08961290322580645,0.0,-0.12820512820512747,-0.05750161356568598
25,2,1001318,0,205,49.23,0.23,13.89,6.088,0.23341614906831992,-8.496407986018362e-05,0.0779999999999994,-0.0010892830751305675,0.08961290322580645,-0.00827129859387943,-0.12820512820512894,-0.04995767009496926
25,2,1001357,0,205,49.12,0.23,13.79,6.127,0.23164759725400158,-9.01427585555492e-05,0.07800000000000029,-0.001155676391737806,0.08896774193548386,-0.016542597187758495,0.0,-0.05062824284792164
25,2,1001396,0,205,49.01,0.23,13.69,6.166,0.22946714612618202,-9.41666208075489e-05,0.07800000000000029,-0.0012072643693275455,0.08832258064516128,-0.008271298593879158,0.0,-0.052765693497958496
25,2,1001435,0,205,48.9,0.23,13.69,6.205,0.2275318731611608,-9.676800716075462e-05,0.0779999999999994,-0.0012406154764199404,0.08832258064516128,0.0,0.0,-0.04522175002724136
25,2,1001474,0,205,48.68,0.23,13.69,6.244,0.22593984962405722,-9.789491137056672e-05,0.08099999999999952,-0.0012085791527230532,0.08832258064516128,-0.00796495420151334,-0.12345679012345763,-0.03809846677886283
25,2,1001516,0,205,48.57,0.22,13.59,6.286,0.22444589735207293,-9.758252135529233e-05,0.08000000000000007,-0.001219781516941153,0.0876774193548387,-0.008064516129032202,-0.125,-0.027909447531872914
25,2,1001554,0,205,48.57,0.22,13.59,6.324,0.22370709382150739,-9.588596125428062e-05,0.07700000000000085,-0.0012452722240815528,0.0876774193548387,-0.008378718056137269,0.0,-0.026661798482654136
25,2,1001593,0,205,48.46,0.22,13.49,6.363,0.22239293886890854,-9.29140336972445e-05,0.07800000000000029,-0.0011912055602210788,0.08703225806451613,-0.008271298593879158,0.0,-0.03264851090938
25,2,1001632,0,205,48.35,0.22,13.49,6.402,0.22116050997057574,-8.892275944243621e-05,0.0779999999999994,-0.0011400353774671395,0.08703225806451613,-0.008271298593879253,0.0,-0.02929564714461773
25,2,1001671,0,205,48.24,0.22,13.39,6.441,0.22010787839162838,-8.439148452889e-05,0.07800000000000029,-0.0010819421093447397,0.08638709677419355,-0.008271298593879158,0.0,-0.016261389259100284
25,2,1001710,0,205,48.13,0.22,13.39,6.48,0.2198921216083659,-8.001588096420953e-05,0.07800000000000029,-0.0010258446277462722,0.08638709677419355,-0.007444168734491242,0.0,-0.023428135556281763
25,2,1001749,0,205,48.02,0.22,13.3,6.519,0.2182804838182384,-7.659093750914713e-05,0.0779999999999994,-0.0009819350962711247,0.08580645161290323,-0.007444168734491327,0.0,-0.03248086772114231
25,2,1001788,0,205,47.91,0.22,13.3,6.558,0.21735861392611683,-7.480890870306744e-05,0.07800000000000029,-0.0009590885731162457,0.08580645161290323,0.0,0.0,-0.025104567438663065
25,2,1001827,0,205,47.8,0.22,13.3,6.597,0.21632232755802266,-7.504516885330403e-05,0.08000000000000007,-0.0009380646106662996,0.08580645161290323,-0.008064516129032376,0.0,-0.0330990519777703
25,2,1001868,0,205,47.69,0.22,13.2,6.638,0.2147106897678952,-7.72220201425604e-05,0.07999999999999918,-0.0009652752517820149,0.08516129032258064,-0.008064516129032464,-0.1250000000000014,-0.028399803857469555
25,2,1001907,0,205,47.58,0.21,13.2,6.677,0.21405034324942512,-8.081225656738767e-05,0.07800000000000029,-0.001036054571376761,0.08516129032258064,0.0,-0.12820512820512783,-0.026613356132806312
25,2,1001946,0,205,47.47,0.21,13.2,6.716,0.2126348479895363,-8.498884838490639e-05,0.07800000000000029,-0.0010896006203193085,0.08516129032258064,-0.008271298593879158,0.0,-0.0379711821359414
25,2,1001985,0,205,47.36,0.21,13.1,6.755,0.21108859104282168,-8.887040576211547e-05,0.0779999999999994,-0.0011393641764373865,0.08451612903225807,-0.016542597187758506,0.0,-0.04048582995951418
25,2,1002024,0,205,47.25,0.21,13.0,6.794,0.20947695325269422,-9.17664789153747e-05,0.07800000000000029,-0.0011764933194278763,0.08387096774193549,-0.008271298593879158,0.0,-0.03415729960352289
25,2,1002063,0,205,47.14,0.21,13.0,6.833,0.2084243216737469,-9.33196246732333e-05,0.07800000000000029,-0.0011964054445286277,0.08387096774193549,0.0,-0.12820512820512747,-0.03013386308580769
25,2,1002102,0,205,47.14,0.2,13.0,6.872,0.2071265119320012,-9.350357532101761e-05,0.0779999999999994,-0.0011987637861669016,0.08387096774193549,-0.00827129859387943,0.0,-0.03516315873295271
25,2,1002141,0,205,47.03,0.21,12.9,6.911,0.2056815952925766,-9.252981488777933e-05,0.07800000000000029,-0.0011862796780484485,0.0832258064516129,-0.008271298593879336,0.0,-0.03767780655652391
25,2,1002180,0,205,46.92,0.2,12.9,6.95,0.20418764302059234,-9.074857394443825e-05,0.08000000000000007,-0.001134357174305477,0.0832258064516129,-0.008064516129032202,-0.12499999999999965,-0.029748283752859997
25,2,1002221,0,205,46.81,0.2,12.8,6.991,0.2033017325923478,-8.858322571138367e-05,0.08000000000000007,-0.0011072903213922949,0.08258064516129032,-0.008064516129032202,0.12499999999999965,-0.024190912062765545
25,2,1002260,0,205,46.59,0.21,12.8,7.03,0.2022523700555711,-8.64777229423499e-05,0.07800000000000029,-0.0011086887556711483,0.08258064516129032,-0.008271298593879336,0.0,-0.027325839682818598
25,2,1002299,0,205,46.48,0.2,12.7,7.069,0.20117031709708794,-8.482448736239156e-05,0.0779999999999994,-0.001087493427722977,0.08193548387096773,-0.00827129859387943,-0.12820512820512894,-0.038055003730060516
25,2,1002338,0,205,46.48,0.2,12.7,7.108,0.1992840797646264,-8.387270073563435e-05,0.07800000000000029,-0.0010752910350722313,0.08193548387096773,0.0,0.0,-0.05025104567438547
25,2,1002377,0,205,46.37,0.2,12.7,7.147,0.19725073553448585,-8.365878962519347e-05,0.07800000000000029,-0.0010725485849383738,0.08193548387096773,-0.008271298593879158,0.0,-0.052765693497958135
25,2,1002416,0,205,46.26,0.2,12.6,7.186,0.19516835567178564,-8.401252422710748e-05,0.0779999999999994,-0.0010770836439372837,0.08129032258064516,-0.008271298593879253,-0.1282051282051293,-0.05276569349795909
25,2,1002455,0,205,46.15,0.19,12.6,7.225,0.19313501144164508,-8.465316127680822e-05,0.07699999999999996,-0.0010993917048936139,0.08129032258064516,-0.008378718056137364,-0.12987012987013005,-0.050903656657170275
25,2,1002493,0,205,46.04,0.19,12.5,7.263,0.19124877410918353,-8.53268192518346e-05,0.07699999999999996,-0.0011081405097640863,0.08064516129032258,-0.008378718056137364,0.0,-0.0575266511847083
25,2,1002532,0,205,45.93,0.19,12.5,7.302,0.18870545930042254,-8.590400739700144e-05,0.0810000000000004,-0.0010605433011975434,0.08064516129032258,-0.007964954201513254,0.0,-0.0451612122092664
25,2,1002574,0,205,45.82,0.19,12.4,7.344,0.18759071592023294,-8.638154015330635e-05,0.0810000000000004,-0.0010664387673247643,0.08,-0.007964954201513254,-0.12345679012345628,-0.037452730053797297
25,2,1002613,0,205,45.71,0.18,12.4,7.383,0.18567178816606494,-8.679564540364204e-05,0.0779999999999994,-0.001112764684662086,0.08,0.0,-0.1282051282051293,-0.05108926161557742
25,2,1002652,0,205,45.6,0.18,12.4,7.422,0.18360575351421793,-8.711274948398006e-05,0.07800000000000029,-0.0011168301215894838,0.08,-0.008271298593879158,0.0,-0.042036529450716655
25,2,1002691,0,205,45.49,0.18,12.3,7.461,0.18239293886890903,-8.71816914485759e-05,0.07900000000000063,-0.0011035657145389267,0.07935483870967742,-0.008166598611678122,0.0,-0.036745689209263334
25,2,1002731,0,205,45.38,0.18,12.3,7.501,0.1807028440666861,-8.678763191330141e-05,0.07899999999999974,-0.0010985776191557177,0.07935483870967742,-0.008166598611678389,0.0,-0.03343526675797877
25,2,1002770,0,205,45.38,0.18,12.2,7.54,0.17975155279502872,-8.57733850983422e-05,0.0779999999999994,-0.001099658783312088,0.07870967741935483,-0.00827129859387943,0.0,-0.024811191859246923
25,2,1002809,0,205,45.27,0.18,12.2,7.579,0.17876757110166486,-8.414749282053435e-05,0.07800000000000029,-0.0010788140105196672,0.07870967741935483,-0.008271298593879158,0.0,-0.023972975918055632
25,2,1002848,0,205,45.16,0.18,12.1,7.618,0.17788166067342037,-8.211072294231946e-05,0.08000000000000007,-0.0010263840367789924,0.07806451612903226,-0.008064516129032202,0.0,-0.03056554429552054
25,2,1002889,0,205,44.94,0.18,12.1,7.659,0.1763223275580232,-7.998728074957562e-05,0.08000000000000007,-0.0009998410093696945,0.07806451612903226,0.0,0.0,-0.03220006538084301
25,2,1002928,0,205,44.94,0.18,12.1,7.698,0.17530565544295293,-7.810672411234876e-05,0.07800000000000029,-0.0010013682578506214,0.07806451612903226,-0.007444168734491242,-0.12820512820512747,-0.036169017862381025
25,2,1002967,0,205,44.83,0.17,12.01,7.737,0.17350114416475748,-7.670881805624141e-05,0.07699999999999996,-0.000996218416314824,0.07748387096774194,-0.007540846250523628,-0.1298701298701297,-0.044110841757130995
25,2,1003005,0,205,44.72,0.17,12.01,7.775,0.17190912062765384,-7.59153097601466e-05,0.07699999999999996,-0.0009859131137681383,0.07748387096774194,-0.008378718056137364,0.0,-0.041775811635242834
25,2,1003044,0,205,44.61,0.17,11.91,7.814,0.17028440666884379,-7.575498770807521e-05,0.0779999999999994,-0.0009712177911291767,0.07683870967741936,-0.008271298593879253,0.0,-0.04522175002724172
25,2,1003083,0,205,44.5,0.17,11.91,7.853,0.16838182412552902,-7.619786039691335e-05,0.07800000000000029,-0.00097689564611427,0.07683870967741936,0.0,0.0,-0.05108926161557612
25,2,1003122,0,205,44.39,0.17,11.91,7.892,0.16629944426282883,-7.717417776093072e-05,0.07800000000000029,-0.000989412535396544,0.07683870967741936,-0.008271298593879336,-0.12820512820512783,-0.05444212538033944
25,2,1003161,0,205,44.39,0.16,11.81,7.931,0.16413533834586252,-7.85866480126547e-05,0.0779999999999994,-0.0010075211283673757,0.07619354838709677,-0.00827129859387943,-0.1282051282051293,-0.05528034132153072
25,2,1003200,0,205,44.28,0.16,11.81,7.97,0.16198757763974947,-8.032412424132574e-05,0.07699999999999907,-0.0010431704446925546,0.07619354838709677,-0.008378718056137461,0.0,-0.05430006410719054
25,2,1003238,0,205,44.06,0.16,11.71,8.008,0.1599542334096089,-8.226152988983237e-05,0.07700000000000085,-0.0010683315570107984,0.0755483870967742,-0.008378718056137269,0.0,-0.04279473387024805
25,2,1003277,0,205,44.06,0.16,11.71,8.047,0.15869238313174033,-8.423127675865061e-05,0.07800000000000118,-0.0010798881635724275,0.0755483870967742,0.0,-0.1282051282051264,-0.03235513532996285
25,2,1003316,0,205,43.95,0.15,11.71,8.086,0.15743053285387176,-8.598885999339245e-05,0.0779999999999994,-0.0011024212819665783,0.0755483870967742,-0.00827129859387943,0.0,-0.03067870344758191
25,2,1003355,0,205,43.84,0.16,11.61,8.125,0.15629944426282896,-8.722421317692409e-05,0.0779999999999994,-0.001118259143293907,0.0749032258064516,-0.00827129859387943,0.1282051282051293,-0.037216787788870206
25,2,1003394,0,205,43.72,0.16,11.61,8.164,0.1545276234063399,-8.764627802220382e-05,0.07699999999999996,-0.0011382633509377125,0.0749032258064516,-0.008378718056137364,-0.12987012987013005,-0.04580904548214064
25,2,1003432,0,205,43.61,0.15,11.51,8.202,0.15277214776070414,-8.71078733134265e-05,0.07699999999999996,-0.0011312710819925526,0.07425806451612903,-0.008378718056137364,-0.12987012987013005,-0.044110841757130634
25,2,1003471,0,205,43.5,0.15,11.51,8.241,0.15113108859104085,-8.56988221858348e-05,0.0779999999999994,-0.001098702848536352,0.07425806451612903,-0.008271298593879253,0.0,-0.032187492141725525
25,2,1003510,0,205,43.39,0.15,11.41,8.28,0.15026152337364956,-8.374913266241179e-05,0.07800000000000118,-0.001073706829005263,0.07361290322580645,-0.008271298593879064,0.0,-0.029463290332854407
25,2,1003549,0,205,43.28,0.15,11.41,8.319,0.14883295194507817,-8.173573397973577e-05,0.08000000000000007,-0.0010216966747466961,0.07361290322580645,0.0,0.0,-0.03448839490029357
25,2,1003590,0,205,43.17,0.15,11.41,8.36,0.14750245178162608,-8.014036213976006e-05,0.0799999999999983,-0.0010017545267470222,0.07361290322580645,-0.008064516129032381,0.0,-0.03510134030729027
25,2,1003629,0,205,43.06,0.15,11.31,8.399,0.146024844720495,-7.932669100691391e-05,0.07900000000000063,-0.0010041353292014339,0.07296774193548387,-0.008166598611678122,-0.12658227848101142,-0.038028477909136445
25,2,1003669,0,205,43.06,0.14,11.31,8.439,0.14449820202680427,-7.947519514054057e-05,0.07900000000000063,-0.001006015128361265,0.07296774193548387,-0.008166598611678122,-0.12658227848101142,-0.038028477909136445
25,2,1003708,0,205,42.84,0.14,11.21,8.478,0.1430205949656732,-8.056389856616164e-05,0.0779999999999994,-0.0010328704944379777,0.0723225806451613,-0.008271298593879253,0.0,-0.047568754662575645
25,2,1003747,0,205,42.84,0.14,11.21,8.517,0.1407878391631234,-8.236654829561196e-05,0.0779999999999994,-0.0010559813884052896,0.0723225806451613,0.0,0.0,-0.047359200677278245
25,2,1003786,0,205,42.73,0.14,11.21,8.556,0.13932657731284553,-8.447021328544757e-05,0.07800000000000118,-0.0010829514523775165,0.0723225806451613,-0.008271298593879243,0.0,-0.03348672685057063
25,2,1003825,0,205,42.62,0.14,11.11,8.595,0.13817587446877885,-8.63441009637942e-05,0.1070000000000011,-0.0008069542146148908,0.0716774193548387,-0.006029544769369944,0.0,-0.02089742845533122
25,2,1003893,0,205,42.4,0.14,11.11,8.663,0.13709055246812507,-8.747287966019002e-05,0.10699999999999932,-0.0008175035482260801,0.0716774193548387,-0.0060295447693699145,-0.09345794392523432,-0.02196674131488781
25,2,1003932,0,205,42.4,0.13,11.01,8.702,0.13582543314808587,-8.751472603043453e-05,0.08000000000000007,-0.0010939340753804306,0.07103225806451613,-0.008064516129032202,0.0,-0.03264955867930648
25,2,1003973,0,205,42.29,0.14,11.01,8.743,0.13447858777378055,-8.64117294200657e-05,0.08000000000000007,-0.0010801466177508203,0.07103225806451613,-0.008064516129032202,0.0,-0.03346681922196772
25,2,1004012,0,205,42.18,0.13,10.91,8.782,0.13314808761032845,-8.43983884221533e-05,0.0779999999999994,-0.0010820306207968455,0.07038709677419355,-0.008271298593879253,-0.1282051282051293,-0.032648510909380375
25,2,1004051,0,205,42.07,0.13,10.91,8.821,0.1319320039228489,-8.19071488007399e-05,0.0779999999999994,-0.0010500916512915452,0.07038709677419355,0.0,0.0,-0.021290684906245506
25,2,1004090,0,205,41.96,0.13,10.91,8.86,0.13148741418764132,-7.942321475719361e-05,0.0779999999999994,-0.0010182463430409515,0.07038709677419355,-0.008271298593879253,0.0,-0.030133863085808035
25,2,1004129,0,205,41.85,0.13,10.81,8.899,0.1295815626021559,-7.735944056972065e-05,0.07800000000000118,-0.0009917876996117883,0.06974193548387098,-0.008271298593879064,0.0,-0.04086302713304871
25,2,1004168,0,205,41.74,0.13,10.81,8.938,0.12830009807126347,-7.599094453407141e-05,0.07800000000000118,-0.0009742428786419264,0.06974193548387098,-0.007444168734491335,0.0,-0.035163158732951914
25,2,1004207,0,205,41.74,0.13,10.72,8.977,0.1268388362209856,-7.543806579177392e-05,0.07899999999999885,-0.000954912225212342,0.06916129032258064,-0.0073499387505106505,0.0,-0.0451045058987593
25,2,1004247,0,205,41.52,0.13,10.72,9.017,0.12473684210526154,-7.566783430761603e-05,0.0779999999999994,-0.0009701004398412385,0.06916129032258064,0.0,-0.1282051282051293,-0.04253945901543132
25,2,1004285,0,205,41.52,0.12,10.72,9.055,0.12352075841778198,-7.650891765712408e-05,0.07900000000000063,-0.0009684673121154871,0.06916129032258064,-0.008166598611678122,-0.12658227848101178,-0.029752421780923924
25,2,1004326,0,205,41.41,0.12,10.62,9.096,0.12238640078456853,-7.769771160001326e-05,0.08000000000000007,-0.0009712213950001649,0.06851612903225807,-0.008064516129032202,0.0,-0.03738966982674039
25,2,1004365,0,205,41.3,0.12,10.62,9.135,0.12052958483164275,-7.89553677409156e-05,0.0779999999999994,-0.0010122483043707206,0.06851612903225807,-0.00827129859387943,0.0,-0.037300609382989236
25,2,1004404,0,205,41.19,0.12,10.52,9.174,0.11947695325269539,-8.005897963008835e-05,0.0779999999999994,-0.0010263971747447303,0.06787096774193548,-0.00827129859387943,0.0,-0.034157299603523636
25,2,1004443,0,205,41.19,0.12,10.52,9.213,0.11786531546256793,-8.086736818247786e-05,0.07800000000000118,-0.0010367611305445723,0.06787096774193548,0.0,-0.1282051282051262,-0.0404858299595129
25,2,1004482,0,205,40.97,0.11,10.52,9.252,0.11631905851585334,-8.130342759123365e-05,0.07800000000000118,-0.0010423516357850311,0.06787096774193548,-0.008271298593879064,0.0,-0.03797118213594097
25,2,1004521,0,205,40.97,0.12,10.42,9.291,0.11490356325596449,-8.133261707764739e-05,0.0779999999999994,-0.0010427258599698464,0.0672258064516129,-0.008271298593879253,0.0,-0.02661335613280697
25,2,1004560,0,205,40.86,0.11,10.42,9.33,0.11424321673749441,-8.096625628390086e-05,0.0779999999999994,-0.0010380289267166857,0.0672258064516129,-0.008271298593879253,-0.1282051282051291,-0.01756062396794633
25,2,1004599,0,205,40.75,0.11,10.32,9.369,0.11353383458646468,-8.02764686760149e-05,0.0779999999999994,-0.0010291854958463526,0.06658064516129032,-0.008271298593879253,0.1282051282051291,-0.01756062396794633
25,2,1004638,0,205,40.64,0.12,10.32,9.408,0.1128734880679946,-7.939269189562027e-05,0.08099999999999952,-0.0009801566900693919,0.06658064516129032,0.0,0.0,-0.014488717768656584
25,2,1004680,0,205,40.53,0.11,10.32,9.45,0.1123602484472035,-7.847617248368621e-05,0.0810000000000013,-0.0009688416356010489,0.06658064516129032,-0.007964954201513165,-0.12345679012345476,-0.020784650838044677
25,2,1004719,0,205,40.42,0.11,10.22,9.489,0.11118993135011296,-7.769693505391828e-05,0.07800000000000118,-0.0009961145519732963,0.06593548387096775,-0.008271298593879064,0.0,-0.030427238665223948
25,2,1004758,0,205,40.31,0.11,10.22,9.528,0.109986923831316,-7.722515441353295e-05,0.07699999999999996,-0.0010029240832926363,0.06593548387096775,-0.008378718056137545,0.0,-0.030822397608928458
25,2,1004796,0,205,40.31,0.11,10.12,9.566,0.10881660673422547,-7.721315784995397e-05,0.07699999999999996,-0.0010027682837656364,0.06529032258064515,-0.008378718056137545,0.0,-0.029124193883918816
25,2,1004835,0,205,40.2,0.11,10.12,9.605,0.10774436090225425,-7.773960891144149e-05,0.0779999999999994,-0.0009966616527107958,0.06529032258064515,0.0,0.0,-0.025397943018080137
25,2,1004874,0,205,40.09,0.11,10.12,9.644,0.10683556717881523,-7.872969443822165e-05,0.0779999999999994,-0.0010093550569002852,0.06529032258064515,-0.008271298593879253,0.0,-0.031936027359368256
25,2,1004913,0,205,39.98,0.11,10.02,9.683,0.10525335076822355,-7.990921405299112e-05,0.0779999999999994,-0.0010244771032434838,0.06464516129032258,-0.008271298593879253,-0.1282051282051291,-0.030050041491689
25,2,1004952,0,205,39.87,0.1,10.02,9.722,0.10449166394246351,-8.084859563826718e-05,0.08000000000000007,-0.0010106074454783389,0.06464516129032258,0.0,-0.12499999999999983,-0.026234063419417763
25,2,1004993,0,205,39.76,0.1,10.02,9.763,0.10315462569467013,-8.110707358099666e-05,0.08000000000000007,-0.0010138384197624574,0.06464516129032258,-0.008064516129032202,0.0,-0.026234063419417763
25,2,1005032,0,205,39.65,0.1,9.92,9.802,0.10239293886891009,-8.0427183343172e-05,0.0779999999999994,-0.0010311177351688798,0.064,-0.016542597187758506,0.0,-0.01848266150325638
25,2,1005071,0,205,39.54,0.1,9.82,9.841,0.10171297809741614,-7.887993319758557e-05,0.07800000000000118,-0.0010112811948408255,0.06335483870967742,-0.008271298593879064,0.0,-0.015548905709088356
25,2,1005110,0,205,39.54,0.1,9.82,9.88,0.10118012422360118,-7.686018783172521e-05,0.07800000000000118,-0.0009853870234836416,0.06335483870967742,0.0,0.0,-0.015339351723790605
25,2,1005149,0,205,39.43,0.1,9.82,9.919,0.10051650866296045,-7.491595032001364e-05,0.0779999999999994,-0.0009604609015386438,0.06335483870967742,0.0,0.0,-0.017853999547363296
25,2,1005188,0,205,39.32,0.1,9.82,9.958,0.09978751225890685,-7.35159002962984e-05,0.0779999999999994,-0.000942511542260243,0.06335483870967742,-0.008271298593879253,0.0,-0.018692215488554133
25,2,1005227,0,205,39.21,0.1,9.72,9.997,0.09905851585485324,-7.289933815794036e-05,0.07699999999999996,-0.0009467446514018234,0.06270967741935485,-0.008378718056137364,0.0,-0.018085869671354896
25,2,1005265,0,205,39.1,0.1,9.72,10.035,0.09839490029421252,-7.306974816892443e-05,0.07699999999999996,-0.0009489577684275905,0.06270967741935485,-0.008378718056137635,0.0,-0.015538564083840078
25,2,1005304,0,205,38.99,0.1,9.62,10.074,0.09786204642039756,-7.387888752495364e-05,0.08099999999999952,-0.0009120850311722725,0.06206451612903225,-0.007964954201513597,0.0,-0.01073537305421367
25,2,1005346,0,205,38.88,0.1,9.62,10.116,0.09752533507682122,-7.511089752130573e-05,0.08099999999999952,-0.0009272950311272368,0.06206451612903225,0.0,0.0,-0.01622413521727013
25,2,1005385,0,205,38.88,0.1,9.62,10.155,0.09654789146779869,-7.652460002268135e-05,0.07800000000000118,-0.000981084615675387,0.06206451612903225,-0.007444168734491157,-0.1282051282051264,-0.02569131859749634
25,2,1005424,0,205,38.77,0.09,9.53,10.194,0.09552141222621648,-7.787342745381665e-05,0.07800000000000118,-0.0009983772750489163,0.06148387096774193,-0.007444168734491157,0.0,-0.026529534538687158
25,2,1005463,0,205,38.66,0.1,9.53,10.233,0.09447858777378106,-7.89332773964766e-05,0.0779999999999994,-0.0010119650948266308,0.06148387096774193,-0.008271298593879253,0.0,-0.02652953453868776
25,2,1005502,0,205,38.55,0.09,9.43,10.272,0.09345210853219885,-7.953709592447388e-05,0.0779999999999994,-0.0010197063580060833,0.060838709677419354,-0.008271298593879253,-0.1282051282051293,-0.0256913185974971
25,2,1005541,0,205,38.55,0.09,9.43,10.311,0.0924746649231763,-7.959553517839169e-05,0.0779999999999994,-0.0010204555792101577,0.060838709677419354,0.0,0.0,-0.016848140417934393
25,2,1005580,0,205,38.44,0.09,9.43,10.35,0.09213795357959997,-7.910118312968529e-05,0.0779999999999994,-0.0010141177324318703,0.060838709677419354,-0.008271298593879253,0.0,-0.011148272017837114
25,2,1005619,0,205,38.33,0.09,9.33,10.389,0.09160509970578501,-7.813595569024655e-05,0.07800000000000118,-0.0010017430216698125,0.06019354838709678,-0.008271298593879064,0.0,-0.015339351723790605
25,2,1005658,0,205,38.22,0.09,9.33,10.428,0.09094148414514429,-7.68869003574526e-05,0.0810000000000013,-0.0009492209920673009,0.06019354838709678,-0.007964954201513252,0.0,-0.024094051554005076
25,2,1005700,0,205,38.22,0.09,9.23,10.47,0.08965348152991057,-7.563961767452909e-05,0.08099999999999952,-0.0009338224404262907,0.059548387096774194,-0.007964954201513426,0.0,-0.021067160655261125
25,2,1005739,0,205,38.0,0.09,9.23,10.509,0.08923504413206815,-7.471332809682351e-05,0.07699999999999996,-0.0009703029622964098,0.059548387096774194,0.0,0.0,-0.010443952908810618
25,2,1005777,0,205,38.0,0.09,9.23,10.547,0.08884929715593215,-7.434446718765386e-05,0.07699999999999996,-0.000965512560878622,0.059548387096774194,-0.008378718056137364,0.0,-0.008745749183800798
25,2,1005816,0,205,37.89,0.09,9.13,10.586,0.08856162144491549,-7.457380248473378e-05,0.0779999999999994,-0.0009560743908299276,0.05890322580645162,-0.008271298593879253,0.0,-0.016848140417934393
25,2,1005855,0,205,37.78,0.09,9.13,10.625,0.08753514220333328,-7.519959088834404e-05,0.0779999999999994,-0.0009640973190813412,0.05890322580645162,0.0,0.0,-0.01663858643263682
25,2,1005894,0,205,37.67,0.09,9.13,10.664,0.08726381170316982,-7.582911671423709e-05,0.0779999999999994,-0.0009721681630030471,0.05890322580645162,-0.00827129859387943,0.0,-0.015171708535552894
25,2,1005933,0,205,37.56,0.09,9.03,10.703,0.08635174893756016,-7.602012668930413e-05,0.07800000000000118,-0.0009746170088372176,0.05825806451612903,-0.008271298593879243,-0.1282051282051262,-0.01684814041793401
25,2,1005972,0,205,37.56,0.08,9.03,10.742,0.08594965675057095,-7.546260740919486e-05,0.07900000000000063,-0.0009552228785973957,0.05825806451612903,-0.008166598611678122,-0.12658227848101158,-0.02139360509142915
25,2,1006012,0,205,37.45,0.08,8.93,10.782,0.08466165413533724,-7.412124783512653e-05,0.08099999999999952,-0.0009150771337669997,0.05761290322580645,-0.00796495420151334,0.0,-0.0311971555297259
25,2,1006053,0,205,37.34,0.08,8.93,10.823,0.08342268715266317,-7.226907376101899e-05,0.08000000000000007,-0.0009033634220127365,0.05761290322580645,0.0,0.12499999999999983,-0.02296502124877369
25,2,1006092,0,205,37.23,0.09,8.93,10.862,0.08282445243543535,-7.039899604280464e-05,0.0779999999999994,-0.0009025512313180151,0.05761290322580645,-0.008271298593879253,0.0,-0.017853999547363116
25,2,1006131,0,205,37.12,0.08,8.83,10.901,0.08203007518796886,-6.905936173248329e-05,0.0779999999999994,-0.0008853764324677412,0.05696774193548387,-0.008271298593879253,-0.1282051282051291,-0.022045079253317137
25,2,1006170,0,205,37.01,0.08,8.83,10.94,0.08110493625367662,-6.867905343940883e-05,0.0779999999999994,-0.0008805006851206329,0.05696774193548387,0.0,0.0,-0.024559727076889297
25,2,1006209,0,205,37.01,0.08,8.83,10.979,0.0801144164759715,-6.943309889737748e-05,0.07699999999999996,-0.000901728557108799,0.05696774193548387,-0.008378718056137364,0.0,-0.025727786433899176
25,2,1006247,0,205,36.9,0.08,8.73,11.017,0.07912389669826639,-7.1180062022691e-05,0.07699999999999996,-0.0009244163899050784,0.056322580645161296,-0.008378718056137364,0.0,-0.024878684571394357
25,2,1006286,0,205,36.79,0.08,8.73,11.056,0.07819875776397414,-7.348582213700006e-05,0.07900000000000063,-0.0009302002802151833,0.056322580645161296,0.0,0.0,-0.02176602761719886
25,2,1006326,0,205,36.68,0.08,8.73,11.096,0.07740438051650766,-7.573081706178896e-05,0.07900000000000063,-0.000958617937490992,0.056322580645161296,-0.00816659861167821,-0.12658227848101158,-0.017627999553092598
25,2,1006365,0,205,36.68,0.07,8.63,11.135,0.07680614579927982,-7.727906687414609e-05,0.08699999999999974,-0.0008882651364844405,0.05567741935483871,-0.007415647015202133,0.0,-0.02111726091841283
25,2,1006413,0,205,36.57,0.08,8.63,11.183,0.07556717881660575,-7.766342106729063e-05,0.08900000000000041,-0.000872622708621239,0.05567741935483871,-0.007249003262051547,0.11235955056179718,-0.028392916830424237
25,2,1006454,0,205,36.46,0.08,8.53,11.224,0.07427917620137205,-7.672077529712951e-05,0.08200000000000074,-0.0009356192109405953,0.05503225806451612,-0.007867820613690058,-0.12195121951219397,-0.03161402977220281
25,2,1006495,0,205,36.35,0.07,8.53,11.265,0.0729748283752851,-7.462297633390236e-05,0.08300000000000018,-0.000899072004022918,0.05503225806451612,0.0,-0.12048192771084304,-0.02036258797858964
25,2,1006537,0,205,36.24,0.07,8.53,11.307,0.0725890813991491,-7.18008388938447e-05,0.08300000000000018,-0.0008650703481186089,0.05503225806451612,-0.007773027594247895,0.0,-0.015045471195011867
25,2,1006578,0,205,36.13,0.07,8.43,11.348,0.07172605426609911,-6.880916470315057e-05,0.08199999999999896,-0.000839136154916481,0.054387096774193545,-0.00786782061369006,0.0,-0.019654119391798574
25,2,1006619,0,205,36.13,0.07,8.43,11.389,0.07097744360902164,-6.618962060472455e-05,0.08199999999999896,-0.000807190495179578,0.054387096774193545,0.0,0.0,-0.016464809957023995
25,2,1006660,0,205,36.02,0.07,8.43,11.43,0.07037593984962316,-6.436484130666997e-05,0.08300000000000018,-0.0007754800157430099,0.054387096774193545,-0.007773027594247895,0.0,-0.012327833727850013
25,2,1006702,0,205,35.91,0.07,8.33,11.472,0.06995423340961009,-6.357348703832244e-05,0.08300000000000018,-0.0007659456269677385,0.05374193548387097,-0.007773027594247895,0.0,-0.0008664931054719174
25,2,1006743,0,205,35.8,0.07,8.33,11.513,0.07030402092186899,-6.384351977606607e-05,0.08399999999999963,-0.0007600419020960279,0.05374193548387097,0.0,0.0,0.007549930727439644
25,2,1006786,0,205,35.69,0.07,8.33,11.556,0.07058842759071501,-6.499803127405102e-05,0.08399999999999963,-0.0007737860865958489,0.05374193548387097,-0.006912442396313352,0.0,-0.010624387054592871
25,2,1006827,0,205,35.58,0.07,8.24,11.597,0.0694115724092832,-6.66939385034624e-05,0.08300000000000018,-0.0008035414277525572,0.05316129032258065,-0.006995724834823106,0.0,-0.010752391717901148
25,2,1006869,0,205,35.47,0.07,8.24,11.639,0.06969597907812922,-6.849828238081557e-05,0.08300000000000018,-0.000825280510612234,0.05316129032258065,0.0,0.0,0.007640893748252119
25,2,1006910,0,205,35.36,0.07,8.24,11.68,0.07004576659038812,-6.999865321016151e-05,0.08200000000000074,-0.0008536421123190352,0.05316129032258065,-0.007867820613689973,0.0,-0.007694209011393652
25,2,1006951,0,205,35.36,0.07,8.14,11.721,0.06906505393919493,-7.092493118300069e-05,0.08200000000000074,-0.0008649381851585371,0.052516129032258066,-0.007867820613689973,0.0,-0.015508017126591453
25,2,1006992,0,205,35.25,0.07,8.14,11.762,0.06877410918600761,-7.123533964503714e-05,0.08200000000000074,-0.0008687236542077622,0.052516129032258066,-0.007867820613690058,0.0,-0.009288863728780907
25,2,1007033,0,205,35.13,0.07,8.04,11.803,0.06830336711343489,-7.110918856016112e-05,0.08199999999999896,-0.0008671852263434394,0.051870967741935475,-0.00786782061369023,0.0,-0.013275500522249415
25,2,1007074,0,205,35.02,0.07,8.04,11.844,0.06768551814318317,-7.08229245931733e-05,0.08199999999999896,-0.0008636942023557829,0.051870967741935475,0.0,0.0,-0.01646480995702416
25,2,1007115,0,205,34.91,0.07,8.04,11.885,0.06695325269695893,-7.056493059667624e-05,0.0840000000000014,-0.000840058697579465,0.051870967741935475,0.0,-0.11904761904761715,-0.018407820794221017
25,2,1007158,0,205,34.8,0.06,8.04,11.928,0.06613926119646858,-7.030807627779812e-05,0.08399999999999963,-0.0008370009080690289,0.051870967741935475,-0.007680491551459198,-0.11904761904761968,-0.019964507542147084
25,2,1007199,0,205,34.8,0.06,7.94,11.969,0.06527623406341858,-6.98370791955183e-05,0.08199999999999896,-0.0008516716975063315,0.051225806451612906,-0.007867820613689975,0.12195121951219677,-0.02124877410918603
25,2,1007240,0,205,34.69,0.07,7.94,12.01,0.06439686171951535,-6.892129599982244e-05,0.08200000000000074,-0.0008405036097539247,0.051225806451612906,-0.007867820613689973,0.0,-0.021248774109185572
25,2,1007281,0,205,34.58,0.06,7.84,12.051,0.06353383458646535,-6.751859060745513e-05,0.08200000000000074,-0.0008233974464323722,0.05058064516129032,-0.007867820613689973,-0.12195121951219413,-0.020451446750492028
25,2,1007322,0,205,34.47,0.06,7.84,12.092,0.06271984308597499,-6.587839845914978e-05,0.08199999999999896,-0.0008033951031603734,0.05058064516129032,0.0,0.12195121951219677,-0.018856792033105182
25,2,1007363,0,205,34.36,0.07,7.84,12.133,0.06198757763975074,-6.448318940830688e-05,0.08300000000000018,-0.0007769058964856233,0.05058064516129032,-0.007773027594247895,0.0,-0.016266438752722257
25,2,1007405,0,205,34.36,0.06,7.74,12.175,0.06136972866949904,-6.385808114475022e-05,0.08300000000000018,-0.0007693744716234949,0.049935483870967745,-0.007773027594247895,-0.1204819277108432,-0.013115554732824528
25,2,1007446,0,205,34.25,0.06,7.74,12.216,0.0608989865969263,-6.43314900390779e-05,0.08099999999999952,-0.0007942159264083739,0.049935483870967745,0.0,0.0,-0.009403541058765997
25,2,1007486,0,205,34.14,0.06,7.74,12.256,0.060608041843739,-6.584569607744139e-05,0.07900000000000063,-0.0008334898237650742,0.049935483870967745,0.0,0.0,-0.004675971712439952
25,2,1007525,0,205,34.03,0.06,7.74,12.295,0.06052958483164354,-6.791023682085484e-05,0.08000000000000007,-0.0008488779602606848,0.049935483870967745,-0.008064516129032289,0.0,0.0011033017325922506
25,2,1007566,0,205,34.03,0.06,7.64,12.336,0.06069630598234638,-6.974542952543405e-05,0.08200000000000074,-0.0008505540186028466,0.04929032258064516,-0.007867820613689973,0.0,-0.00354810674618679
25,2,1007607,0,205,33.92,0.06,7.64,12.377,0.060238640078456224,-7.056983128589068e-05,0.08199999999999896,-0.0008606076986084338,0.04929032258064516,-0.007867820613690145,0.0,-0.011959910380404924
25,2,1007648,0,205,33.81,0.06,7.54,12.418,0.059715593331153186,-6.990079116628856e-05,0.08300000000000018,-0.0008421782068227519,0.04864516129032258,-0.007773027594247979,0.0,-0.0025207072159181836
25,2,1007690,0,205,33.7,0.06,7.54,12.46,0.060029421379535014,-6.773254247078863e-05,0.08300000000000018,-0.0008160547285637167,0.04864516129032258,0.0,0.0,0.0004332465527360423
25,2,1007731,0,205,33.59,0.06,7.54,12.501,0.05975155279503028,-6.453065402525749e-05,0.08199999999999896,-0.0007869591954299793,0.04864516129032258,-0.00786782061369006,0.0,-0.007175946228243055
25,2,1007772,0,205,33.59,0.06,7.44,12.542,0.05944099378881909,-6.106842918109922e-05,0.08200000000000074,-0.0007447369412329106,0.048,-0.00786782061368989,0.0,0.0030298439630358684
25,2,1007813,0,205,33.48,0.06,7.44,12.583,0.05999999999999922,-5.8177545834019465e-05,0.08200000000000074,-0.0007094822662685237,0.048,0.0,0.0,0.013634297833661409
25,2,1007854,0,205,33.37,0.06,7.44,12.624,0.060559006211179336,-5.649764061499063e-05,0.08399999999999963,-0.0006725909597022723,0.048,0.0,0.0,0.009612540668441059
25,2,1007897,0,205,33.26,0.06,7.44,12.667,0.060807453416148266,-5.630831819107396e-05,0.08399999999999963,-0.0006703371213223119,0.048,-0.007680491551459364,0.0,-0.004047385544606918
25,2,1007938,0,205,33.15,0.06,7.34,12.708,0.06021902582543236,-5.749873661043292e-05,0.08200000000000074,-0.0007012041050052732,0.04735483870967742,-0.007867820613689973,0.0,-0.00673741618096113
25,2,1007979,0,205,33.15,0.06,7.34,12.749,0.06025498528930945,-5.966607096422027e-05,0.08199999999999896,-0.0007276350117587931,0.04735483870967742,0.0,0.0,-0.0021129175005382217
25,2,1008020,0,205,33.04,0.06,7.34,12.79,0.060045766590388225,-6.227782536531556e-05,0.08199999999999896,-0.0007594856751867848,0.04735483870967742,-0.00786782061369006,0.0,-0.007694209011393819
25,2,1008061,0,205,32.93,0.06,7.24,12.831,0.05962406015037516,-6.482587100726977e-05,0.08200000000000074,-0.000790559402527673,0.04670967741935484,-0.00786782061368989,0.0,-0.012478173163555416
25,2,1008102,0,205,32.82,0.06,7.24,12.872,0.05902255639097667,-6.692800537741128e-05,0.08200000000000074,-0.0008161951875293985,0.04670967741935484,0.0,0.0,-0.023281958873854425
25,2,1008143,0,205,32.71,0.06,7.24,12.913,0.05771493952271908,-6.836422530148401e-05,0.08300000000000018,-0.0008236653650781188,0.04670967741935484,-0.007773027594247979,0.0,-0.022410662591522915
25,2,1008185,0,205,32.6,0.06,7.14,12.955,0.057162471395880265,-6.905906760951552e-05,0.08300000000000018,-0.0008320369591507876,0.04606451612903226,-0.007773027594247979,0.0,-0.014690996742773393
25,2,1008226,0,205,32.6,0.06,7.14,12.996,0.05649558679306889,-6.903392892757764e-05,0.08399999999999963,-0.0008218324872330708,0.04606451612903226,0.0,-0.11904761904761951,-0.023505969893678095
25,2,1008269,0,205,32.49,0.05,7.14,13.039,0.055187969924811314,-6.83537648603636e-05,0.08399999999999963,-0.0008137352959567131,0.04606451612903226,-0.00768049155145928,-0.11904761904761951,-0.021365525615280108
25,2,1008310,0,205,32.38,0.05,7.04,13.08,0.05470088264138537,-6.708798132272343e-05,0.08200000000000074,-0.0008181461136917417,0.04541935483870968,-0.00786782061368989,0.12195121951219397,-0.012478173163555501
25,2,1008351,0,205,32.27,0.06,7.04,13.121,0.054164759725399754,-6.529703103698825e-05,0.08200000000000074,-0.0007963052565486301,0.04541935483870968,0.0,0.0,-0.013275500522249297
25,2,1008392,0,205,32.16,0.05,7.04,13.162,0.053612291598560916,-6.304550386288454e-05,0.08199999999999896,-0.0007688476080839675,0.04541935483870968,-0.007081038552321138,-0.1219512195121966,-0.013275500522249415
25,2,1008433,0,205,32.16,0.05,6.95,13.203,0.053076168682575316,-6.043546819535539e-05,0.08199999999999896,-0.0007370179048214165,0.044838709677419354,-0.007081038552321138,0.0,-0.012478173163555602
25,2,1008474,0,205,32.05,0.05,6.95,13.244,0.05258908139914937,-5.764756695032513e-05,0.08200000000000074,-0.0007030191091503002,0.044838709677419354,0.0,0.0,-0.010883518446168246
25,2,1008515,0,205,31.94,0.05,6.95,13.285,0.05218372016998951,-5.496818543801929e-05,0.08200000000000074,-0.0006703437248538877,0.044838709677419354,-0.007867820613689973,0.12195121951219397,-0.00849153637008728
25,2,1008556,0,205,31.94,0.06,6.85,13.326,0.051892775416802206,-5.277653456598408e-05,0.08099999999999952,-0.0006515621551356098,0.04419354838709677,-0.007964954201513426,0.0,-0.00536768652710675
25,2,1008596,0,205,31.83,0.05,6.85,13.366,0.05174893756129387,-5.147390334399837e-05,0.08499999999999908,-0.0006055753334588109,0.04419354838709677,0.0,-0.11764705882353063,-0.0012691575486030832
25,2,1008641,0,205,31.72,0.05,6.85,13.411,0.051784897025170945,-5.136366448075069e-05,0.08500000000000085,-0.0006042784056558844,0.04419354838709677,0.0,0.11764705882352818,0.0033459608099532384
25,2,1008681,0,205,31.61,0.06,6.85,13.451,0.052033344230139895,-5.252683236060385e-05,0.0810000000000013,-0.0006484794118592964,0.04419354838709677,-0.007964954201513165,0.0,-0.0019775687205129244
25,2,1008722,0,205,31.61,0.05,6.75,13.492,0.051624713958809396,-5.475005362630636e-05,0.08199999999999896,-0.0006676835808086226,0.043548387096774194,-0.00786782061369006,-0.1219512195121966,-0.011162583021711279
25,2,1008763,0,205,31.5,0.05,6.75,13.533,0.05111801242235958,-5.7534385160871616e-05,0.08199999999999896,-0.0007016388434252725,0.043548387096774194,0.0,0.0,-0.002551447547819663
25,2,1008804,0,205,31.39,0.05,6.75,13.574,0.051415495259888186,-6.018310754418632e-05,0.08200000000000074,-0.0007339403359047046,0.043548387096774194,0.0,0.0,-0.00035879731141211116
25,2,1008845,0,205,31.28,0.05,6.75,13.615,0.05108859104282379,-6.196490747957385e-05,0.08200000000000074,-0.0007556696034094303,0.043548387096774194,-0.00786782061368989,0.0,-0.01558774986246069
25,2,1008886,0,205,31.17,0.05,6.65,13.656,0.0501372997711664,-6.23374969699002e-05,0.08199999999999896,-0.0007602133776817195,0.04290322580645162,-0.00786782061369006,0.0,-0.013395099626053484
25,2,1008927,0,205,31.17,0.05,6.65,13.697,0.04999019287348742,-6.116285449054892e-05,0.08199999999999896,-0.0007458884693969475,0.04290322580645162,-0.007867820613690145,0.0,-0.004783964152161868
25,2,1008968,0,205,31.06,0.05,6.55,13.738,0.04974501471068913,-5.879739459118483e-05,0.08500000000000085,-0.0006917340540139322,0.04225806451612903,-0.0075901328273244376,0.0,0.003692094686845003
25,2,1009012,0,205,30.95,0.05,6.55,13.782,0.050304020921869246,-5.597282440531526e-05,0.08500000000000085,-0.0006585038165331141,0.04225806451612903,0.0,0.0,0.01238390092879219
25,2,1009053,0,205,30.84,0.05,6.55,13.823,0.050797646289636476,-5.349765784792826e-05,0.08200000000000074,-0.0006524104615600948,0.04225806451612903,0.0,0.0,0.0006378618869549019
25,2,1009094,0,205,30.84,0.05,6.55,13.864,0.05035632559659955,-5.192607422919515e-05,0.08199999999999896,-0.0006332448076731196,0.04225806451612903,0.0,0.0,-0.00015946547173864431
25,2,1009135,0,205,30.73,0.05,6.55,13.905,0.05078457012095391,-5.13690524458319e-05,0.08199999999999896,-0.0006264518590955189,0.04225806451612903,-0.007867820613690145,0.0,0.003627839482056104
25,2,1009176,0,205,30.62,0.05,6.45,13.946,0.050653808434128145,-5.1535469116262614e-05,0.08200000000000074,-0.0006284813306861237,0.04161290322580645,-0.007867820613689973,0.0,-0.0031893094347746785
25,2,1009217,0,205,30.51,0.05,6.45,13.987,0.05052304674730238,-5.1953886583733676e-05,0.08200000000000074,-0.0006335839827284538,0.04161290322580645,0.0,0.0,-0.0031893094347746785
25,2,1009258,0,205,30.51,0.05,6.45,14.028,0.05039228506047662,-5.224016171525836e-05,0.08200000000000074,-0.0006370751428689986,0.04161290322580645,-0.007867820613689973,0.12195121951219397,-0.0031893094347745093
25,2,1009299,0,205,30.4,0.06,6.35,14.069,0.05026152337365087,-5.228184636661837e-05,0.08199999999999896,-0.0006375834922758418,0.040967741935483866,-0.007867820613690145,0.0,-0.0031893094347745783
25,2,1009340,0,205,30.29,0.05,6.35,14.11,0.05013076168682511,-5.2271376957554237e-05,0.08399999999999963,-0.0006222782971137436,0.040967741935483866,0.0,-0.11904761904761951,0.003541462351531012
25,2,1009383,0,205,30.18,0.05,6.35,14.153,0.05055900621117947,-5.2593023436521945e-05,0.0840000000000014,-0.000626107421863346,0.040967741935483866,0.0,0.0,-0.00015566867479256414
25,2,1009424,0,205,30.07,0.05,6.35,14.194,0.05011768551814253,-5.363015261953663e-05,0.08199999999999896,-0.0006540262514577721,0.040967741935483866,-0.00786782061369006,-0.12195121951219669,-0.0035481067461868667
25,2,1009465,0,205,30.07,0.04,6.25,14.235,0.050268061457992154,-5.55804017280499e-05,0.08299999999999841,-0.0006696433943138671,0.04032258064516129,-0.007773027594248061,0.0,-0.006459312240790567
25,2,1009507,0,205,29.96,0.05,6.25,14.277,0.049581562602156924,-5.8337947491662766e-05,0.08300000000000018,-0.0007028668372489474,0.04032258064516129,0.0,0.12048192771084312,-0.015754420099488898
25,2,1009548,0,205,29.85,0.05,6.25,14.318,0.04896044458973457,-6.146816362730955e-05,0.08200000000000074,-0.0007496117515525488,0.04032258064516129,0.0,0.0,-0.014351892456485545
25,2,1009589,0,205,29.74,0.05,6.25,14.359,0.0484047074207251,-6.429298599303567e-05,0.08200000000000074,-0.0007840608047931109,0.04032258064516129,-0.00786782061368989,0.0,-0.005940088822267672
25,2,1009630,0,205,29.74,0.05,6.15,14.4,0.04847335730630862,-6.608855913536527e-05,0.08200000000000074,-0.0008059580382361545,0.03967741935483871,-0.00786782061368989,0.0,-0.008132739058675169
25,2,1009671,0,205,29.63,0.05,6.15,14.441,0.04773782281791373,-6.633627300322065e-05,0.08199999999999896,-0.0008089789390636768,0.03967741935483871,-0.007867820613690145,0.0,-0.01674387453256679
25,2,1009712,0,205,29.52,0.05,6.05,14.482,0.04710035959463816,-6.491103985701941e-05,0.08399999999999963,-0.0007727504744883297,0.03903225806451613,-0.007680491551459364,0.0,0.0033857936767384446
25,2,1009755,0,205,29.41,0.05,6.05,14.525,0.04802222948675976,-6.210907699101309e-05,0.0840000000000014,-0.0007393937737025244,0.03903225806451613,0.0,-0.11904761904761707,0.006499167172589656
25,2,1009796,0,205,29.41,0.04,6.05,14.566,0.0476462896371357,-5.851189749166963e-05,0.08199999999999896,-0.0007135597255081752,0.03903225806451613,0.0,0.0,-0.0003587973114121189
25,2,1009837,0,205,29.3,0.05,6.05,14.607,0.047992808107223964,-5.477694085568441e-05,0.08199999999999896,-0.0006680114738498184,0.03903225806451613,-0.00786782061369006,0.0,0.006657683445092123
25,2,1009878,0,205,29.19,0.04,5.95,14.648,0.04819221967963325,-5.146209457037276e-05,0.0810000000000013,-0.0006353345008687894,0.03838709677419355,-0.007964954201513165,0.0,-0.014529076313973006
25,2,1009918,0,205,29.19,0.05,5.95,14.688,0.04681595292579213,-4.893305842416407e-05,0.08200000000000074,-0.0005967446149288247,0.03838709677419355,0.0,0.12195121951219405,-0.01754120189126014
25,2,1009960,0,205,29.08,0.05,5.95,14.73,0.0467538411245499,-4.7343551920254966e-05,0.08300000000000018,-0.0005704042400030706,0.03838709677419355,0.0,0.0,-0.002875181668156741
25,2,1010001,0,205,28.97,0.05,5.95,14.771,0.04657731284733512,-4.666769647666857e-05,0.08199999999999896,-0.0005691182497154776,0.03838709677419355,-0.007867820613690145,-0.12195121951219669,-0.005302226935312885
25,2,1010042,0,205,28.97,0.04,5.85,14.812,0.04631905851585425,-4.6768977969639634e-05,0.08199999999999896,-0.0005703533898736612,0.03774193548387097,-0.007867820613690145,0.0,-0.006896881652700089
25,2,1010083,0,205,28.86,0.05,5.85,14.853,0.04601176855181372,-4.747458745608579e-05,0.0840000000000014,-0.000565173660191488,0.03774193548387097,0.0,0.11904761904761707,-0.007511013558741364
25,2,1010126,0,205,28.75,0.05,5.85,14.896,0.045688133376919966,-4.861680046236838e-05,0.08399999999999963,-0.0005787714340758166,0.03774193548387097,0.0,-0.1190476190476196,-0.007511013558741523
25,2,1010167,0,205,28.64,0.04,5.85,14.937,0.045380843412879436,-5.003337007038944e-05,0.08199999999999896,-0.0006101630496389033,0.03774193548387097,-0.007867820613690145,0.0,-0.006896881652700174
25,2,1010208,0,205,28.53,0.05,5.75,14.978,0.04512258908139856,-5.1549524647434455e-05,0.08200000000000074,-0.0006286527396028535,0.037096774193548385,-0.007867820613689973,0.0,-0.016305344485284996
25,2,1010249,0,205,28.53,0.04,5.75,15.019,0.044043805165086054,-5.295864135375883e-05,0.08200000000000074,-0.0006458370896799799,0.037096774193548385,0.0,-0.12195121951219405,-0.018497994721692494
25,2,1010290,0,205,28.42,0.04,5.75,15.06,0.04360575351421976,-5.4007961446279395e-05,0.08200000000000074,-0.000658633676174133,0.037096774193548385,0.0,0.12195121951219405,-0.020291981278753132
25,2,1010331,0,205,28.31,0.05,5.75,15.101,0.04237986270022828,-5.441149189123173e-05,0.08199999999999896,-0.000663554779161371,0.037096774193548385,-0.007081038552321054,0.0,-0.02168730415646739
25,2,1010372,0,205,28.31,0.04,5.66,15.142,0.04182739457338946,-5.391940452914401e-05,0.08199999999999896,-0.0006575537137700572,0.036516129032258066,-0.007081038552321054,-0.12195121951219669,-0.011680845804862127
25,2,1010413,0,205,28.2,0.04,5.66,15.183,0.0414220333442296,-5.243534320803267e-05,0.08200000000000074,-0.0006394554049760024,0.036516129032258066,0.0,0.0,-0.014511357928224356
25,2,1010454,0,205,28.09,0.04,5.66,15.224,0.04063746322327505,-5.012304991889227e-05,0.08500000000000085,-0.0005896829402222561,0.036516129032258066,-0.0075901328273244376,0.0,-0.016345210853219487
25,2,1010498,0,205,28.09,0.04,5.56,15.268,0.04003269042170593,-4.743177439821711e-05,0.08499999999999908,-0.0005580208752731486,0.03587096774193548,-0.007590132827324596,0.0,-0.005538142030267376
25,2,1010539,0,205,27.98,0.04,5.56,15.309,0.04016672115070233,-4.500042890826705e-05,0.08199999999999896,-0.0005487857183935076,0.03587096774193548,0.0,0.0,-0.0009567928304325428
25,2,1010580,0,205,27.87,0.04,5.56,15.35,0.03995423340961046,-4.34570638120606e-05,0.08200000000000074,-0.0005299641928300026,0.03587096774193548,0.0,0.0,-0.002591313915754437
25,2,1010621,0,205,27.87,0.04,5.56,15.391,0.03995423340961046,-4.31944600673253e-05,0.08200000000000074,-0.0005267617081381086,0.03587096774193548,0.0,0.0,0.009408462832585056
25,2,1010662,0,205,27.76,0.04,5.56,15.432,0.040725727361882444,-4.422971079615401e-05,0.08200000000000074,-0.0005393867170262635,0.03587096774193548,-0.00786782061368989,0.0,0.01080378571029884
25,2,1010703,0,205,27.65,0.04,5.46,15.473,0.040840143837854975,-4.620709431127512e-05,0.08199999999999896,-0.0005635011501375085,0.035225806451612905,-0.00786782061369006,0.0,0.0015946547173872891
25,2,1010744,0,205,27.54,0.04,5.46,15.514,0.0408564890487082,-4.851582501687979e-05,0.08199999999999896,-0.000591656402644883,0.035225806451612905,0.0,0.0,0.01020579019127882
25,2,1010785,0,205,27.54,0.04,5.46,15.555,0.04167701863353983,-5.045152236566253e-05,0.08200000000000074,-0.0006152624678739277,0.035225806451612905,0.0,0.0,0.012398440427686012
25,2,1010826,0,205,27.43,0.04,5.46,15.596,0.04187316116377846,-5.137642938497678e-05,0.08500000000000085,-0.0006044285809997207,0.035225806451612905,-0.0075901328273244376,0.11764705882352826,0.0038459319654634565
25,2,1010870,0,205,27.32,0.05,5.36,15.64,0.042003922850604225,-5.086657599943578e-05,0.08499999999999908,-0.0005984303058757216,0.03458064516129032,-0.007590132827324596,0.0,0.002307559179278155
25,2,1010911,0,205,27.21,0.04,5.36,15.681,0.0420693036940171,-4.882720620607728e-05,0.08199999999999896,-0.0005954537342204621,0.03458064516129032,0.0,-0.12195121951219669,0.0007973273586936446
25,2,1010952,0,205,27.21,0.04,5.36,15.722,0.0420693036940171,-4.554371648153221e-05,0.08200000000000074,-0.0005554111766040464,0.03458064516129032,0.0,0.12195121951219405,-0.0007973273586936273
25,2,1010993,0,205,27.1,0.05,5.36,15.763,0.042003922850604225,-4.1651659769556206e-05,0.08200000000000074,-0.000507947070360437,0.03458064516129032,-0.007867820613689973,0.0,-0.009209130992911586
25,2,1011034,0,205,26.99,0.04,5.26,15.804,0.041314154952598346,-3.8028798071873204e-05,0.08200000000000074,-0.000463765830144791,0.03393548387096774,-0.007867820613689973,-0.12195121951219405,-0.00701648075650409
25,2,1011075,0,205,26.99,0.04,5.26,15.845,0.041428571428570884,-3.560774509979936e-05,0.08199999999999896,-0.0004342407938999977,0.03393548387096774,0.0,0.0,0.001594654717387374
25,2,1011116,0,205,26.88,0.04,5.26,15.886,0.04144491663942411,-3.5117607873672794e-05,0.08099999999999952,-0.0004335507144897902,0.03393548387096774,0.0,0.0,-0.0008071709063317467
25,2,1011156,0,205,26.77,0.04,5.26,15.926,0.04136319058515801,-3.6820502887610294e-05,0.0810000000000013,-0.0004545741097235766,0.03393548387096774,0.0,0.0,-0.0032286836253272587
25,2,1011197,0,205,26.66,0.04,5.26,15.967,0.0411833932657726,-4.036446904834801e-05,0.08499999999999908,-0.0004748761064511582,0.03393548387096774,0.0,0.0,-0.005384304751648919
25,2,1011241,0,205,26.66,0.04,5.26,16.011,0.04090552468126786,-4.485211798566713e-05,0.08499999999999908,-0.000527671976301972,0.03393548387096774,-0.007590132827324515,0.0,-0.007691863930927074
25,2,1011282,0,205,26.55,0.04,5.16,16.052,0.0405295848316438,-4.912049419654885e-05,0.08200000000000074,-0.0005990304170310781,0.03329032258064516,-0.00786782061368989,0.0,0.0006378618869549019
25,2,1011323,0,205,26.55,0.04,5.16,16.093,0.04095782935599816,-5.211642379044612e-05,0.08200000000000074,-0.0006355661437859226,0.03329032258064516,0.0,0.0,0.0028305121233623983
25,2,1011364,0,205,26.43,0.04,5.16,16.134,0.04076168682575952,-5.3211070662068315e-05,0.08200000000000074,-0.0006489154958788761,0.03329032258064516,-0.007867820613689973,0.0,-0.005581291510855476
25,2,1011405,0,205,26.32,0.04,5.06,16.175,0.04050016345210801,-5.234033864644161e-05,0.09299999999999997,-0.0005627993402843185,0.03264516129032258,-0.006937218175511655,0.10752688172043016,0.0033744951438906294
25,2,1011457,0,205,26.21,0.05,5.06,16.227,0.04107551487414135,-4.993910905867516e-05,0.09199999999999875,-0.0005428164028116939,0.03264516129032258,0.0,0.0,0.006076154469349092
25,2,1011497,0,205,26.21,0.04,5.06,16.267,0.04105916966328812,-4.67182600537317e-05,0.08099999999999952,-0.0005767686426386664,0.03264516129032258,0.0,-0.12345679012345755,-0.000807170906331918
25,2,1011538,0,205,26.1,0.04,5.06,16.308,0.041010134030728465,-4.339652726987353e-05,0.08200000000000074,-0.0005292259423155261,0.03264516129032258,0.0,0.0,-0.00159465471738717
25,2,1011579,0,205,25.99,0.04,5.06,16.349,0.04092840797646237,-4.051105131678412e-05,0.08399999999999963,-0.0004822744204379083,0.03264516129032258,-0.00768049155145928,0.0,-0.002335030121888594
25,2,1011622,0,205,25.88,0.04,4.96,16.392,0.040813991500489824,-3.836441559671666e-05,0.08399999999999963,-0.000456719233294248,0.032,-0.00768049155145928,0.0,-0.0031133734958513487
25,2,1011663,0,205,25.88,0.04,4.96,16.433,0.04066688460281086,-3.70678733668548e-05,0.08300000000000196,-0.0004466008839379991,0.032,0.0,0.0,-0.003938605024872161
25,2,1011705,0,205,25.77,0.04,4.96,16.475,0.04048708728342543,-3.660095719530698e-05,0.08299999999999841,-0.0004409753878952733,0.032,0.0,0.0,-0.004726326029846862
25,2,1011746,0,205,25.66,0.04,4.96,16.516,0.040274599542333575,-3.6852531897346275e-05,0.08199999999999719,-0.00044942112069936026,0.032,0.0,0.0,-0.0055812915108557175
25,2,1011787,0,205,25.66,0.04,4.96,16.557,0.040029421379535274,-3.766394549952689e-05,0.08200000000000074,-0.00045931640853081164,0.032,-0.00786782061368989,0.0,-0.006378618869549188
25,2,1011828,0,205,25.55,0.04,4.86,16.598,0.03975155279503054,-3.888676039012484e-05,0.08200000000000074,-0.00047422878524542065,0.031354838709677424,-0.00786782061368989,0.0,-0.007175946228242731
25,2,1011869,0,205,25.55,0.04,4.86,16.639,0.039440993788819365,-4.0418701368632346e-05,0.08200000000000074,-0.00049291099230039,0.031354838709677424,0.0,0.0,0.0030298439630358684
25,2,1011910,0,205,25.44,0.04,4.86,16.68,0.03999999999999948,-4.2175673506260835e-05,0.08200000000000074,-0.0005143374817836641,0.031354838709677424,0.0,0.0,0.0068171489168306195
25,2,1011951,0,205,25.44,0.04,4.86,16.721,0.03999999999999948,-4.401901919616158e-05,0.08399999999999963,-0.0005240359428114497,0.031354838709677424,0.0,0.0,0.0
25,2,1011994,0,205,25.33,0.04,4.86,16.764,0.03999999999999948,-4.5712585883888935e-05,0.08399999999999963,-0.0005441974509986802,0.031354838709677424,-0.007680491551459404,0.0,0.0
25,2,1012035,0,205,25.22,0.04,4.76,16.805,0.03999999999999948,-4.6961306077405676e-05,0.08200000000000074,-0.0005726988546025031,0.030709677419354837,-0.007867820613690017,0.0,0.0
25,2,1012076,0,205,25.22,0.04,4.76,16.846,0.03999999999999948,-4.75079173763735e-05,0.08200000000000074,-0.0005793648460533301,0.030709677419354837,0.0,0.0,0.0
25,2,1012117,0,205,25.11,0.04,4.76,16.887,0.03999999999999948,-4.722441257538623e-05,0.08200000000000074,-0.0005759074704315342,0.030709677419354837,0.0,0.0,0.0
25,2,1012158,0,205,25.0,0.04,4.76,16.928,0.03999999999999948,-4.615992261400681e-05,0.08200000000000074,-0.0005629258855366633,0.030709677419354837,-0.00786782061368989,0.0,0.0
25,2,1012199,0,205,25.0,0.04,4.66,16.969,0.03999999999999948,-4.4540954377261245e-05,0.08299999999999841,-0.0005366380045453264,0.03006451612903226,-0.007773027594248061,0.0,0.006735014592531645
25,2,1012241,0,205,24.89,0.04,4.66,17.011,0.040559006211179596,-4.272061720388187e-05,0.08299999999999841,-0.0005147062313720806,0.03006451612903226,0.0,0.0,0.002993339818902991
25,2,1012282,0,205,24.78,0.04,4.66,17.052,0.040248447204968424,-4.107543186177054e-05,0.08200000000000074,-0.0005009199007532948,0.03006451612903226,0.0,0.0,-0.007175946228242731
25,2,1012323,0,205,24.67,0.04,4.66,17.093,0.03997057862046369,-3.988602267549535e-05,0.08399999999999963,-0.0004748336032797086,0.03006451612903226,0.0,0.0,-0.006226746991702862
25,2,1012366,0,205,24.67,0.04,4.66,17.136,0.039725400457665386,-3.926807844039892e-05,0.08399999999999963,-0.0004674771242904654,0.03006451612903226,-0.007680491551459364,0.0,-0.005448403617739943
25,2,1012407,0,205,24.56,0.04,4.56,17.177,0.039512912716573534,-3.918518758751066e-05,0.08200000000000074,-0.00047786814131110133,0.029419354838709676,-0.007867820613689973,0.0,-0.004783964152161849
25,2,1012448,0,205,24.45,0.04,4.56,17.218,0.03933311539718811,-3.950410341552768e-05,0.08200000000000074,-0.00048175735872594297,0.029419354838709676,0.0,0.0,-0.003986636793468222
25,2,1012489,0,205,24.34,0.04,4.56,17.259,0.03918600849950914,-4.003130703587488e-05,0.08200000000000074,-0.0004881866711692014,0.029419354838709676,0.0,0.0,-0.0031893094347745093
25,2,1012530,0,205,24.34,0.04,4.56,17.3,0.0390715920235366,-4.052212674451994e-05,0.08200000000000074,-0.00049417227737219,0.029419354838709676,0.0,0.0,-0.0023919820760809666
25,2,1012571,0,205,24.23,0.04,4.56,17.341,0.038989865969270496,-4.07071438799651e-05,0.08200000000000074,-0.0004964285839020089,0.029419354838709676,-0.007867820613689932,0.0,-0.0015946547173873392
25,2,1012612,0,205,24.23,0.04,4.46,17.382,0.038940830336710835,-4.0362699555935855e-05,0.08199999999999719,-0.0004922280433650883,0.028774193548387096,-0.007867820613690273,-0.12195121951219932,-0.0007973273586936619
25,2,1012653,0,205,24.12,0.03,4.46,17.423,0.03892448512585762,-3.938917631751693e-05,0.08199999999999719,-0.0004803558087502229,0.028774193548387096,0.0,0.0,0.0
25,2,1012694,0,205,24.12,0.04,4.46,17.464,0.038940830336710835,-3.783994076641672e-05,0.08500000000000085,-0.0004451757737225452,0.028774193548387096,0.0,0.11764705882352826,0.000769186393092675
25,2,1012738,0,205,24.01,0.04,4.46,17.508,0.038989865969270496,-3.589380015878074e-05,0.08500000000000085,-0.0004222800018680045,0.028774193548387096,0.0,0.0,0.0015383727861854317
25,2,1012779,0,205,23.9,0.04,4.46,17.549,0.0390715920235366,-3.381589306858945e-05,0.08099999999999952,-0.000417480161340613,0.028774193548387096,-0.00716845878136205,0.0,0.002421512718995583
25,2,1012819,0,205,23.9,0.04,4.37,17.589,0.03918600849950914,-3.193658890983908e-05,0.08099999999999952,-0.00039427887543011444,0.028193548387096774,-0.00716845878136205,0.0,0.01012999487446469
25,2,1012860,0,205,23.79,0.04,4.37,17.63,0.03989212160836823,-3.062071515787057e-05,0.08200000000000074,-0.00037342335558378405,0.028193548387096774,0.0,0.0,0.00701648075650409
25,2,1012901,0,205,23.79,0.04,4.37,17.671,0.03976135992154248,-3.0184853300045946e-05,0.08200000000000074,-0.00036810796707372774,0.028193548387096774,0.0,0.0,-0.0023919820760809666
25,2,1012942,0,205,23.68,0.04,4.37,17.712,0.03969597907812959,-3.077719776907095e-05,0.08200000000000074,-0.00037533168011061796,0.028193548387096774,0.0,0.0,-0.000797327358693712
25,2,1012983,0,205,23.68,0.04,4.37,17.753,0.03969597907812959,-3.229736703327113e-05,0.08200000000000074,-0.00039387032967403465,0.028193548387096774,0.0,0.0,0.007614476275524332
25,2,1013024,0,205,23.57,0.04,4.37,17.794,0.04032036613272259,-3.4425475710916585e-05,0.08200000000000074,-0.00041982287452336923,0.028193548387096774,-0.007867820613689973,0.0,0.012238974955947455
25,2,1013065,0,205,23.46,0.04,4.27,17.835,0.04069957502451729,-3.6750182947692164e-05,0.08399999999999963,-0.00043750217794871814,0.02754838709677419,-0.007680491551459364,0.0,-0.004241971388097524
25,2,1013108,0,205,23.35,0.04,4.27,17.878,0.0399640405361224,-3.890877904384471e-05,0.08399999999999963,-0.00046319975052196285,0.02754838709677419,0.0,0.0,-0.013387506032161128
25,2,1013149,0,205,23.35,0.04,4.27,17.919,0.03957502451781576,-4.065392801730727e-05,0.08200000000000074,-0.0004957796099671574,0.02754838709677419,0.0,0.0,-0.011680845804861874
25,2,1013190,0,205,23.24,0.04,4.27,17.96,0.03900621118012372,-4.183929872941583e-05,0.08200000000000074,-0.000510235350358725,0.02754838709677419,0.0,0.0,-0.02248463151516063
25,2,1013231,0,205,23.13,0.04,4.27,18.001,0.037731284733572575,-4.238543822986163e-05,0.08299999999999841,-0.0005106679304802703,0.02754838709677419,-0.007773027594248061,-0.1204819277108457,-0.028357956179080674
25,2,1013273,0,205,23.13,0.03,4.17,18.043,0.03665250081726007,-4.227551147546293e-05,0.08299999999999841,-0.0005093435117525752,0.026903225806451613,-0.007773027594248061,0.0,-0.023631630149233893
25,2,1013314,0,205,23.02,0.04,4.17,18.084,0.0357698594311862,-4.156668499008731e-05,0.08200000000000074,-0.0005069107925620358,0.026903225806451613,0.0,0.12195121951219405,-0.019135856608647396
25,2,1013355,0,205,23.02,0.04,4.17,18.125,0.03508336057535097,-4.037687200792916e-05,0.08200000000000074,-0.0004924008781454732,0.026903225806451613,0.0,0.0,-0.014351892456485545
25,2,1013396,0,205,22.91,0.04,4.17,18.166,0.034593004249754374,-3.884835672877163e-05,0.08200000000000074,-0.00047376044791184487,0.026903225806451613,0.0,-0.12195121951219405,-0.0027507793874930776
25,2,1013437,0,205,22.8,0.03,4.17,18.207,0.034857796665576535,-3.71319221549884e-05,0.08399999999999963,-0.0004420466923212924,0.026903225806451613,-0.007680491551459322,-0.1190476190476196,-0.0017123554227182417
25,2,1013480,0,205,22.8,0.03,4.07,18.25,0.03444916639424604,-3.540972937778175e-05,0.08399999999999963,-0.0004215443973545465,0.026258064516129033,-0.007680491551459322,0.0,-0.007005090365665699
25,2,1013521,0,205,22.69,0.03,4.07,18.291,0.03426936907486062,-3.39117610956432e-05,0.08200000000000074,-0.00041355806214198656,0.026258064516129033,0.0,0.0,-0.0015946547173873392
25,2,1013562,0,205,22.58,0.03,4.07,18.332,0.03431840470742028,-3.286816844157148e-05,0.08200000000000074,-0.00040083132245818514,0.026258064516129033,0.0,0.0,0.003986636793468306
25,2,1013603,0,205,22.58,0.03,4.07,18.373,0.03459627329192502,-3.2406225223520655e-05,0.08200000000000074,-0.0003951978685795166,0.026258064516129033,0.0,0.12195121951219405,0.009567928304323781
25,2,1013644,0,205,22.58,0.04,4.07,18.414,0.035102974828374836,-3.2472913868836884e-05,0.08199999999999719,-0.0003960111447419268,0.026258064516129033,0.0,0.12195121951219932,0.021966368732010744
25,2,1013685,0,205,22.47,0.04,4.07,18.455,0.03639751552794984,-3.2858174290820054e-05,0.08199999999999719,-0.00040070944257099,0.026258064516129033,-0.007867820613690273,0.0,0.019574386655929674
25,2,1013726,0,205,22.36,0.04,3.97,18.496,0.036708074534161014,-3.330969964356534e-05,0.08200000000000074,-0.0004062158493117688,0.025612903225806453,-0.007867820613689932,0.0,0.01339509962605311
25,2,1013767,0,205,22.36,0.04,3.97,18.537,0.03749591369728621,-3.3648713076084305e-05,0.08200000000000074,-0.000410350159464439,0.025612903225806453,0.0,0.0,0.018617593825496475
25,2,1013808,0,205,22.25,0.04,3.97,18.578,0.03823471722785174,-3.379843444894659e-05,0.08500000000000085,-0.0003976286405758382,0.025612903225806453,0.0,-0.11764705882352826,0.017191315885621634
25,2,1013852,0,205,22.14,0.03,3.97,18.622,0.03895717554756406,-3.372355115821613e-05,0.08500000000000085,-0.00039674766068489164,0.025612903225806453,0.0,0.0,0.006576543660942636
25,2,1013893,0,205,22.14,0.04,3.97,18.663,0.03879372343903187,-3.336410449430094e-05,0.08200000000000074,-0.0004068793231012273,0.025612903225806453,0.0,0.12195121951219405,-0.007973273586936443
25,2,1013934,0,205,22.03,0.04,3.97,18.704,0.038303367113435266,-3.264575797847469e-05,0.08200000000000074,-0.0003981189997374926,0.025612903225806453,-0.007867820613689932,0.0,-0.015946547173872887
25,2,1013975,0,205,22.03,0.04,3.87,18.745,0.03748610657077428,-3.156330427309051e-05,0.08200000000000074,-0.00038491834479378325,0.024967741935483873,-0.007867820613689932,0.0,-0.030736969677639777
25,2,1014016,0,205,21.92,0.04,3.87,18.786,0.03578293559986878,-3.0249855633314836e-05,0.08099999999999952,-0.0003734550078187039,0.024967741935483873,0.0,0.0,-0.04225539694647213
25,2,1014056,0,205,21.92,0.04,3.87,18.826,0.03406341941811006,-2.8945083046410858e-05,0.08099999999999952,-0.0003573467042766794,0.024967741935483873,0.0,-0.12345679012345755,-0.03192360934542459
25,2,1014097,0,205,21.81,0.03,3.87,18.867,0.033197123242889405,-2.7865770713495054e-05,0.08200000000000074,-0.00033982647211579025,0.024967741935483873,0.0,-0.12195121951219405,-0.01754120189126014
25,2,1014138,0,205,21.7,0.03,3.87,18.908,0.032625040863026714,-2.7076969002674646e-05,0.08200000000000074,-0.0003302069390570049,0.024967741935483873,0.0,0.0,-0.010365255663017325
25,2,1014179,0,205,21.7,0.03,3.87,18.949,0.03234717227852198,-2.6475667418068393e-05,0.08399999999999963,-0.000315186516881768,0.024967741935483873,0.0,0.0,-0.003113373495851431
25,2,1014222,0,205,21.7,0.03,3.87,18.992,0.032363517489375195,-2.5920844309478054e-05,0.08399999999999963,-0.0003085814798747401,0.024967741935483873,-0.007680491551459364,0.0,0.0038917168698141854
25,2,1014263,0,205,21.59,0.03,3.77,19.033,0.03267407649558637,-2.5431603437582774e-05,0.08200000000000074,-0.0003101415053363725,0.02432258064516129,-0.007867820613689973,0.0,0.00015946547173872547
25,2,1014304,0,205,21.48,0.03,3.77,19.074,0.03237659365805777,-2.5306975157702195e-05,0.08199999999999719,-0.0003086216482646715,0.02432258064516129,0.0,0.0,0.002750779387493197
25,2,1014345,0,205,21.37,0.03,3.77,19.115,0.0328996404053608,-2.6054145485202795e-05,0.08299999999999841,-0.00031390536729160594,0.02432258064516129,0.0,0.0,0.015754420099489318
25,2,1014387,0,205,21.37,0.03,3.77,19.157,0.03368421052631536,-2.8135030281529526e-05,0.08300000000000196,-0.00033897626845215493,0.02432258064516129,0.0,0.12048192771084056,0.02205618813928405
25,2,1014428,0,205,21.26,0.04,3.77,19.198,0.03473030402092142,-3.1665418074969584e-05,0.08200000000000074,-0.0003861636350606012,0.02432258064516129,0.0,0.12195121951219405,0.02870378491297109
25,2,1014469,0,205,21.26,0.04,3.77,19.239,0.03603792088917901,-3.623631771291658e-05,0.08200000000000074,-0.0004419063135721494,0.02432258064516129,0.0,0.0,0.03508240378252028
25,2,1014510,0,205,21.15,0.04,3.77,19.28,0.03760706113108811,-4.0958954923320244e-05,0.08200000000000074,-0.0004994994502843887,0.02432258064516129,-0.007867820613689932,0.0,0.03045790510209707
25,2,1014551,0,205,21.04,0.04,3.67,19.321,0.03853546910755099,-4.4715799950635126e-05,0.08399999999999963,-0.0005323309517932777,0.02367741935483871,-0.007680491551459322,0.0,0.02074285091610992
25,2,1014594,0,205,21.04,0.04,3.67,19.364,0.039349460608041335,-4.6503750925478203e-05,0.08399999999999963,-0.0005536160824461716,0.02367741935483871,0.0,0.0,0.017629477420258572
25,2,1014635,0,205,21.04,0.04,3.67,19.405,0.040016345210852705,-4.573699342667625e-05,0.08200000000000074,-0.0005577682125204371,0.02367741935483871,0.0,0.0,0.014072827880942756
25,2,1014676,0,205,20.93,0.04,3.67,19.446,0.04050343249427865,-4.242802190600692e-05,0.08199999999999719,-0.000517414901292785,0.02367741935483871,-0.007867820613690273,0.0,0.016106012645612223
25,2,1014717,0,205,20.93,0.04,3.57,19.487,0.04133703824779286,-3.7217672441944405e-05,0.08199999999999719,-0.0004538740541700693,0.02303225806451613,-0.007867820613690273,0.0,0.013554565097792506
25,2,1014758,0,205,20.82,0.04,3.57,19.528,0.0416149068322976,-3.123944514311239e-05,0.08200000000000074,-0.0003809688432086843,0.02303225806451613,0.0,0.0,-0.0068171489168306195
25,2,1014799,0,205,20.71,0.04,3.57,19.569,0.040778032036612746,-2.582178273214053e-05,0.08200000000000074,-0.00031489978941634506,0.02303225806451613,0.0,0.0,-0.023401557977658406
25,2,1014840,0,205,20.71,0.04,3.57,19.61,0.03969597907812959,-2.2096015426978254e-05,0.08200000000000074,-0.00026946360276802506,0.02303225806451613,0.0,0.0,-0.018777059297235284
25,2,1014881,0,205,20.71,0.04,3.57,19.651,0.03923831317423944,-2.064736351796803e-05,0.08200000000000074,-0.0002517971160727786,0.02303225806451613,0.0,0.0,-0.010365255663017325
25,2,1014922,0,205,20.49,0.04,3.57,19.692,0.038846028113762164,-2.135215687988756e-05,0.08500000000000085,-0.0002512018456457335,0.02303225806451613,0.0,0.0,-0.001884506663077115
25,2,1014966,0,205,20.38,0.04,3.57,19.736,0.03907813010787788,-2.3473867728331487e-05,0.08500000000000085,-0.00027616314974507355,0.02303225806451613,0.0,0.0,0.002576774416860482
25,2,1015007,0,205,20.49,0.04,3.57,19.777,0.03906505393919531,-2.598295119790306e-05,0.08200000000000074,-0.00031686525851101007,0.02303225806451613,-0.007867820613689932,0.0,-0.002910244859231803
25,2,1015048,0,205,20.38,0.04,3.47,19.818,0.03883949002942087,-2.7966074903623017e-05,0.08200000000000074,-0.0003410496939466191,0.022387096774193548,-0.007867820613689932,0.0,-0.014511357928224188
25,2,1015089,0,205,20.27,0.04,3.47,19.859,0.03787512258908091,-2.8944534900451568e-05,0.08199999999999719,-0.0003529821329323483,0.022387096774193548,0.0,-0.12195121951219932,-0.014710689767898294
25,2,1015130,0,205,20.27,0.03,3.47,19.9,0.037633213468453254,-2.8969094836330812e-05,0.08199999999999719,-0.00035328164434550983,0.022387096774193548,0.0,-0.12195121951219932,-0.014511357928224985
25,2,1015171,0,205,20.16,0.03,3.47,19.941,0.036685191238966505,-2.848415875593302e-05,0.08300000000000196,-0.00034318263561364275,0.022387096774193548,0.0,0.12048192771084056,-0.013745731536803698
25,2,1015213,0,205,20.16,0.04,3.47,19.983,0.03649231775089852,-2.8071667803051704e-05,0.08300000000000196,-0.0003382128650970005,0.022387096774193548,0.0,0.12048192771084056,-0.006026065688054425
25,2,1015254,0,205,20.16,0.04,3.47,20.024,0.036185027786857976,-2.8212107764383544e-05,0.08099999999999952,-0.00034829762672078656,0.022387096774193548,-0.007964954201513384,0.0,-0.00859637015243425
25,2,1015294,0,205,20.05,0.04,3.37,20.064,0.03579601176855135,-2.9139740928980638e-05,0.08299999999999841,-0.00035108121601182165,0.021741935483870968,0.0,0.0,-0.01669968530545849
25,2,1015337,0,205,19.94,0.04,3.47,20.107,0.03479895390650495,-3.079428421309105e-05,0.08399999999999963,-0.00036659862158441885,0.022387096774193548,0.0,-0.1190476190476196,-0.013582091875651734
25,2,1015378,0,205,19.94,0.03,3.37,20.148,0.03465511605099661,-3.283994961800252e-05,0.08200000000000074,-0.0004004871904634418,0.021741935483870968,-0.007867820613689932,-0.12195121951219405,-0.010524721134756134
25,2,1015419,0,205,19.83,0.03,3.37,20.189,0.03393592677345494,-3.4731149370903494e-05,0.08200000000000074,-0.00042355060208418516,0.021741935483870968,0.0,0.0,-0.006737416180961214
25,2,1015460,0,205,19.83,0.03,3.37,20.23,0.034102647924157785,-3.58203810786657e-05,0.08200000000000074,-0.0004368339155934802,0.021741935483870968,0.0,0.12195121951219405,-0.0025514475478196075
25,2,1015501,0,205,19.83,0.04,3.37,20.271,0.03372670807453373,-3.5512872772593076e-05,0.08200000000000074,-0.00043308381429991164,0.021741935483870968,0.0,0.0,-0.004783964152162018
25,2,1015542,0,205,19.61,0.03,3.37,20.312,0.033710362863680496,-3.346303651039406e-05,0.08200000000000074,-0.00040808581110236293,0.021741935483870968,-0.007867820613689932,0.0,-0.00019933183967347031
25,2,1015583,0,205,19.61,0.04,3.27,20.353,0.0337103628636805,-2.9764294475403295e-05,0.08199999999999719,-0.0003629792009195648,0.021096774193548388,-0.007867820613690273,0.0,-0.010803785710299224
25,2,1015624,0,205,19.5,0.03,3.27,20.394,0.03282445243543599,-2.5033191120656274e-05,0.08199999999999719,-0.00030528281854459916,0.021096774193548388,0.0,-0.12195121951219932,-0.003986636793468394
25,2,1015665,0,205,19.5,0.03,3.27,20.435,0.033383458646616106,-2.0299397013226805e-05,0.08500000000000085,-0.0002388164354497247,0.021096774193548388,0.0,0.0,0.013345383920158176
25,2,1015709,0,205,19.5,0.03,3.27,20.479,0.033958810068649446,-1.6706941809435882e-05,0.08500000000000085,-0.00019655225658159664,0.021096774193548388,0.0,0.11764705882352826,0.014114570313250852
25,2,1015750,0,205,19.39,0.04,3.27,20.52,0.03458319712324244,-1.5140288632203181e-05,0.08200000000000074,-0.0001846376662463786,0.021096774193548388,0.0,0.0,0.009408462832584973
25,2,1015791,0,205,19.39,0.03,3.27,20.561,0.03473030402092142,-1.5930076864047128e-05,0.08200000000000074,-0.00019426923004935346,0.021096774193548388,0.0,0.0,-0.0022325166043421565
25,2,1015832,0,205,19.28,0.04,3.27,20.602,0.03440013076168638,-1.875458288363907e-05,0.08200000000000074,-0.0002287144254102305,0.021096774193548388,0.0,0.0,-0.007455010803785521
25,2,1015873,0,205,19.28,0.03,3.27,20.643,0.034118993135011,-2.2772998745741456e-05,0.08200000000000074,-0.00027771949689928355,0.021096774193548388,0.0,0.0,0.00015946547173872547
25,2,1015914,0,205,19.17,0.04,3.27,20.684,0.03441320693036896,-2.6938889239232378e-05,0.08200000000000074,-0.0003285230395028309,0.021096774193548388,-0.007867820613689932,0.12195121951219405,0.01419242698474682
25,2,1015955,0,205,19.17,0.04,3.17,20.725,0.03528277214776025,-3.036626130511122e-05,0.08199999999999719,-0.0003703202598184422,0.020451612903225808,-0.007867820613690273,-0.12195121951219932,0.010803785710299224
25,2,1015996,0,205,19.06,0.03,3.17,20.766,0.03529911735861346,-3.258974579276019e-05,0.08199999999999719,-0.00039743592430196723,0.020451612903225808,0.0,0.0,0.007813808115197971
25,2,1016037,0,205,18.95,0.04,3.17,20.807,0.035923504413206464,-3.361275467733416e-05,0.08500000000000085,-0.00039544417267451553,0.020451612903225808,0.0,0.0,-0.0015383727861852685
25,2,1016081,0,205,18.95,0.03,3.17,20.851,0.035168355671787714,-3.3759218157525695e-05,0.08500000000000085,-0.0003971672724414748,0.020451612903225808,0.0,-0.11764705882352826,-0.017191315885621634
25,2,1016122,0,205,18.95,0.03,3.17,20.892,0.03446224256292861,-3.345038143321855e-05,0.08200000000000074,-0.00040793148089290546,0.020451612903225808,0.0,0.0,-0.01702293910810922
25,2,1016163,0,205,18.84,0.03,3.17,20.933,0.033772474664922746,-3.3036972125546796e-05,0.08200000000000074,-0.00040288990397007926,0.020451612903225808,-0.007081038552320943,0.12195121951219405,-0.006019821558136907
25,2,1016204,0,205,18.84,0.04,3.08,20.974,0.03396861719516138,-3.273428996485528e-05,0.08200000000000074,-0.00039919865810798756,0.019870967741935485,-0.007081038552320943,0.12195121951219405,-0.002232516604342241
25,2,1016245,0,205,18.73,0.04,3.08,21.015,0.03358940830336668,-3.261669533918621e-05,0.08200000000000074,-0.0003977645773071453,0.019870967741935485,0.0,0.0,0.007973273586936443
25,2,1016286,0,205,18.62,0.04,3.08,21.056,0.034622425629290174,-3.261000069518172e-05,0.08200000000000074,-0.00039768293530709057,0.019870967741935485,0.0,-0.12195121951219405,0.007175946228242815
25,2,1016327,0,205,18.62,0.03,3.08,21.097,0.034177835894082596,-3.247988981682459e-05,0.08200000000000074,-0.00039609621727834513,0.019870967741935485,0.0,-0.12195121951219405,-0.0004385300472815162
25,2,1016368,0,205,18.62,0.03,3.08,21.138,0.03458646616541309,-3.1875342042840146e-05,0.08199999999999719,-0.0003887236834492834,0.019870967741935485,0.0,0.0,0.020371714014623336
25,2,1016409,0,205,18.51,0.03,3.08,21.179,0.03584831644328165,-3.0471406949452272e-05,0.08399999999999963,-0.00036275484463633816,0.019870967741935485,-0.007680491551459364,0.0,0.019108329830788
25,2,1016452,0,205,18.4,0.03,2.98,21.222,0.036191565871199274,-2.8169043440949616e-05,0.08400000000000318,-0.00033534575524938747,0.0192258064516129,-0.007680491551459038,0.11904761904761456,0.007978019583118971
25,2,1016493,0,205,18.4,0.04,2.98,21.263,0.03651847008826367,-2.523100877462747e-05,0.08199999999999719,-0.00030769522895888215,0.0192258064516129,0.0,0.12195121951219932,0.007773941747263309
25,2,1016534,0,205,18.29,0.04,2.98,21.304,0.036829029094474844,-2.224346693233503e-05,0.08099999999999952,-0.00027461070286833537,0.0192258064516129,0.0,0.0,0.0032286836253273294
25,2,1016574,0,205,18.29,0.04,2.98,21.344,0.036779993461915184,-1.9896881934744036e-05,0.08100000000000307,-0.00024564051771288004,0.0192258064516129,0.0,0.0,-0.005650196344322665
25,2,1016615,0,205,18.29,0.04,2.98,21.385,0.03637136319058469,-1.869459199952539e-05,0.08199999999999719,-0.00022798282926251258,0.0192258064516129,0.0,0.0,-0.0033487749065134647
25,2,1016656,0,205,18.18,0.04,2.98,21.426,0.03650539391958109,-1.8737890647860134e-05,0.08199999999999719,-0.00022851086155927777,0.0192258064516129,0.0,-0.12195121951219932,0.00346837401031745
25,2,1016697,0,205,18.18,0.03,2.98,21.467,0.03665576985943071,-1.968983613669284e-05,0.08200000000000074,-0.00024011995288649587,0.0192258064516129,0.0,0.0,0.004265701369011012
25,2,1016738,0,205,18.07,0.04,2.98,21.508,0.036855181431839995,-2.0929556675373996e-05,0.08300000000000196,-0.00025216333343823494,0.0192258064516129,-0.007773027594247771,0.12048192771084056,-0.005080800482085043
25,2,1016780,0,205,17.96,0.04,2.88,21.55,0.03623406341941764,-2.1822214079367354e-05,0.08500000000000085,-0.0002567319303454957,0.01858064516129032,0.0,-0.11764705882352826,-0.01769128704113185
25,2,1016823,0,205,17.96,0.03,2.98,21.593,0.03535142203334377,-2.1983964782988698e-05,0.08399999999999963,-0.00026171386646415233,0.0192258064516129,0.0,-0.1190476190476196,-0.024128644592848365
25,2,1016864,0,205,17.96,0.03,2.88,21.634,0.03420725727361839,-2.1433464123595147e-05,0.08200000000000074,-0.00026138370882432873,0.01858064516129032,-0.007867820613689932,0.12195121951219405,-0.03791291590588268
25,2,1016905,0,205,17.85,0.04,2.88,21.675,0.032242562929061365,-2.0573614032007638e-05,0.08200000000000074,-0.00025089773209765185,0.01858064516129032,0.0,0.0,-0.029501112271664718
25,2,1016946,0,205,17.85,0.03,2.88,21.716,0.03178816606734186,-2.0008890878445486e-05,0.08200000000000074,-0.00024401086437128423,0.01858064516129032,0.0,-0.12195121951219405,-0.010086191087474534
25,2,1016987,0,205,17.73,0.03,2.88,21.757,0.031415495259888446,-2.026430131994239e-05,0.08199999999999719,-0.00024712562585296445,0.01858064516129032,0.0,0.0,-0.00769420901139407
25,2,1017028,0,205,17.73,0.03,2.88,21.798,0.03115724092840757,-2.15213791755513e-05,0.08199999999999719,-0.00026245584360429317,0.01858064516129032,0.0,0.0,-0.004504899576619338
25,2,1017069,0,205,17.62,0.03,2.88,21.839,0.031046093494605673,-2.3494223905823565e-05,0.08200000000000074,-0.0002865149256807726,0.01858064516129032,0.0,0.0,-0.0005182627831508366
25,2,1017110,0,205,17.62,0.03,2.88,21.88,0.0311147433801892,-2.5516574742753482e-05,0.08200000000000074,-0.0003111777407652836,0.01858064516129032,0.0,0.0,-0.006737416180961214
25,2,1017151,0,205,17.62,0.03,2.88,21.921,0.030493625367766848,-2.6817304938600904e-05,0.08399999999999963,-0.00031925363022144076,0.01858064516129032,-0.007680491551459322,0.0,-0.00560407229253251
25,2,1017194,0,205,17.51,0.03,2.78,21.964,0.03064400130761647,-2.686485489742596e-05,0.08500000000000085,-0.00031605711644030224,0.01793548387096774,-0.007590132827324397,0.0,0.006422706382323938
25,2,1017236,0,205,17.4,0.03,2.78,22.006,0.03103955541026439,-2.561084755217813e-05,0.08300000000000196,-0.0003085644283394882,0.01793548387096774,0.0,0.0,0.0020086885626847805
25,2,1017277,0,205,17.4,0.03,2.78,22.047,0.030810722458319312,-2.3505356373878517e-05,0.08200000000000074,-0.0002866506874863208,0.01793548387096774,0.0,0.12195121951219405,-0.006378618869549188
25,2,1017318,0,205,17.4,0.04,2.78,22.088,0.03051650866296135,-2.128130454784216e-05,0.08200000000000074,-0.0002595281042419752,0.01793548387096774,0.0,0.0,0.0030298439630358684
25,2,1017359,0,205,17.29,0.03,2.78,22.129,0.031059169663288255,-1.963045676842423e-05,0.08200000000000074,-0.00023939581424907384,0.01793548387096774,0.0,-0.12195121951219405,0.006019821558137077
25,2,1017400,0,205,17.18,0.03,2.78,22.17,0.031010134030728595,-1.8935797688380164e-05,0.08199999999999719,-0.00023092436205342457,0.01793548387096774,0.0,0.0,-0.0015946547173874084
25,2,1017441,0,205,17.18,0.03,2.78,22.211,0.030928407976462492,-1.9175527930710424e-05,0.08199999999999719,-0.0002338479015940376,0.01793548387096774,0.0,0.0,-0.0023919820760810702
25,2,1017482,0,205,17.18,0.03,2.78,22.252,0.030813991500489954,-2.0018942095744397e-05,0.08300000000000196,-0.00024119207344269788,0.01793548387096774,-0.007773027594247771,0.0,-0.0031508840198977454
25,2,1017524,0,205,17.07,0.03,2.68,22.294,0.030666884602810973,-2.1044340497793356e-05,0.08500000000000085,-0.00024758047644462525,0.01729032258064516,0.0,0.0,-0.0038459319654634565
25,2,1017567,0,205,17.07,0.03,2.78,22.337,0.030487087283425557,-2.1962160037232616e-05,0.08399999999999963,-0.0002614542861575323,0.01793548387096774,0.0,0.0,-0.0046700602437771055
25,2,1017608,0,205,16.96,0.03,2.68,22.378,0.030274599542333698,-2.2739922877574427e-05,0.08200000000000074,-0.00027731613265334415,0.01729032258064516,-0.007867820613689932,0.0,-0.005581291510855476
25,2,1017649,0,205,16.85,0.03,2.68,22.419,0.030029421379535404,-2.3580018769626676e-05,0.08200000000000074,-0.0002875612045076398,0.01729032258064516,0.0,0.0,-0.006378618869549104
25,2,1017690,0,205,16.85,0.03,2.68,22.46,0.029751552795030667,-2.4764078725263872e-05,0.08299999999999841,-0.00029836239428029335,0.01729032258064516,0.0,0.0,-0.00708948904477021
25,2,1017732,0,205,16.85,0.03,2.68,22.502,0.029440993788819488,-2.6435767333699456e-05,0.08299999999999841,-0.00031850322088795136,0.01729032258064516,0.0,0.0,0.002993339818902991
25,2,1017773,0,205,16.85,0.03,2.68,22.543,0.02999999999999961,-2.8434486576107255e-05,0.08200000000000074,-0.000346762031415939,0.01729032258064516,0.0,0.0,0.0068171489168307045
25,2,1017814,0,205,16.74,0.03,2.68,22.584,0.02999999999999961,-3.028391617443482e-05,0.08099999999999952,-0.000373875508326358,0.01729032258064516,0.0,0.0,0.0
25,2,1017854,0,205,16.74,0.03,2.68,22.624,0.02999999999999961,-3.136576605712404e-05,0.08099999999999952,-0.0003872316797175831,0.01729032258064516,-0.007964954201513384,0.0,0.0
25,2,1017895,0,205,16.63,0.03,2.58,22.665,0.02999999999999961,-3.120258920063445e-05,0.08500000000000085,-0.0003670892847133428,0.01664516129032258,-0.007590132827324397,0.0,0.0
25,2,1017939,0,205,16.63,0.03,2.58,22.709,0.02999999999999961,-2.9700132010945348e-05,0.08500000000000085,-0.0003494133177758241,0.01664516129032258,0.0,0.0,0.0
25,2,1017980,0,205,16.52,0.03,2.58,22.75,0.02999999999999961,-2.7216974873604194e-05,0.08200000000000074,-0.0003319143277268774,0.01664516129032258,0.0,0.0,0.0
25,2,1018021,0,205,16.52,0.03,2.58,22.791,0.02999999999999961,-2.443015312417751e-05,0.08200000000000074,-0.0002979286966363084,0.01664516129032258,0.0,0.0,0.0
25,2,1018062,0,205,16.52,0.03,2.58,22.832,0.02999999999999961,-2.2069706869721094e-05,0.08200000000000074,-0.00026914276670391335,0.01664516129032258,-0.007867820613689932,0.0,0.0
25,2,1018103,0,205,16.41,0.03,2.48,22.873,0.02999999999999961,-2.0632932684510053e-05,0.08200000000000074,-0.00025162113029890084,0.016,0.0,0.0,0.0
25,2,1018144,0,205,16.41,0.03,2.58,22.914,0.02999999999999961,-2.0176748975535564e-05,0.08199999999999719,-0.000246057914335808,0.01664516129032258,0.007867820613690273,0.0,0.0
25,2,1018185,0,205,16.3,0.03,2.58,22.955,0.02999999999999961,-2.027323583576379e-05,0.08199999999999719,-0.00024723458336298155,0.01664516129032258,0.0,0.0,0.0
25,2,1018226,0,205,16.3,0.03,2.58,22.996,0.02999999999999961,-2.0183334338721882e-05,0.08300000000000196,-0.0002431727028761615,0.01664516129032258,-0.007773027594247771,0.0,0.0
25,2,1018268,0,205,16.19,0.03,2.48,23.038,0.02999999999999961,-1.9208263234123724e-05,0.0920000000000023,-0.0002087854699361222,0.016,-0.007012622720897435,0.0,0.0
25,2,1018318,0,205,16.19,0.03,2.48,23.088,0.02999999999999961,-1.705597099425571e-05,0.09100000000000108,-0.00018742825268412645,0.016,0.0,0.0,0.0
25,2,1018359,0,205,16.19,0.03,2.48,23.129,0.02999999999999961,-1.4027792503458425e-05,0.08200000000000074,-0.00017107064028607682,0.016,0.0,0.0,0.0
25,2,1018400,0,205,16.08,0.03,2.48,23.17,0.02999999999999961,-1.0932840038828662e-05,0.08299999999999841,-0.00013172096432323942,0.016,0.0,0.0,0.0
25,2,1018442,0,205,16.08,0.03,2.48,23.212,0.02999999999999961,-8.785922049185047e-06,0.08299999999999841,-0.0001058544825203038,0.016,0.0,0.0,0.0
25,2,1018483,0,205,15.97,0.03,2.48,23.253,0.02999999999999961,-8.430285161834305e-06,0.08200000000000074,-0.00010280835563212474,0.016,0.0,0.0,-0.0068171489168307045
25,2,1018524,0,205,15.97,0.03,2.48,23.294,0.029440993788819488,-1.022662942674879e-05,0.08200000000000074,-0.00012471499300913046,0.016,0.0,0.0,-0.0030298439630358684
25,2,1018565,0,205,15.97,0.03,2.48,23.335,0.029751552795030667,-1.3905644970023446e-05,0.08299999999999841,-0.00016753789120510496,0.016,0.0,0.0,0.00708948904477021
25,2,1018607,0,205,15.86,0.03,2.48,23.377,0.030029421379535404,-1.86280111003998e-05,0.08299999999999841,-0.00022443386867951996,0.016,0.0,0.0,0.006301768039795677
25,2,1018648,0,205,15.86,0.03,2.48,23.418,0.030274599542333698,-2.3240665519957294e-05,0.08399999999999963,-0.0002766745895233023,0.016,0.0,0.0,0.005448403617739943
25,2,1018691,0,205,15.75,0.03,2.48,23.461,0.030487087283425557,-2.6656853581279006e-05,0.08500000000000085,-0.00031361004213269103,0.016,-0.007590132827324418,0.0,-0.001961425302386342
25,2,1018733,0,205,15.64,0.03,2.38,23.503,0.030107878391630857,-2.8227200935685204e-05,0.08300000000000196,-0.00034008675826125947,0.015354838709677418,-0.007773027594247792,0.0,-0.005789749386562059
25,2,1018774,0,205,15.64,0.03,2.38,23.544,0.030006538084340895,-2.7945208548134648e-05,0.08200000000000074,-0.00034079522619676094,0.015354838709677418,0.0,0.0,0.0005182627831509212
25,2,1018815,0,205,15.64,0.03,2.38,23.585,0.030150375939849233,-2.6387063103177065e-05,0.08200000000000074,-0.0003217934524777662,0.015354838709677418,0.0,0.0,0.0060995542940063974
25,2,1018856,0,205,15.53,0.03,2.38,23.626,0.030506701536449424,-2.441436594347346e-05,0.08200000000000074,-0.0002977361700423566,0.015354838709677418,0.0,0.0,0.017700667362998867
25,2,1018897,0,205,15.53,0.03,2.38,23.667,0.03160183066361515,-2.2788881175104247e-05,0.08199999999999719,-0.00027791318506225645,0.015354838709677418,0.0,0.12195121951219932,0.024717148119503943
25,2,1018938,0,205,15.53,0.04,2.38,23.708,0.03253350768224868,-2.188056032907948e-05,0.08199999999999719,-0.00026683610157414916,0.015354838709677418,0.0,0.0,0.013913362409204632
25,2,1018979,0,205,15.42,0.03,2.38,23.749,0.032742726381169894,-2.158688077913018e-05,0.08300000000000196,-0.0002600829009533695,0.015354838709677418,0.0,-0.12048192771084056,0.013548801285560198
25,2,1019021,0,205,15.42,0.03,2.38,23.791,0.0336580581889502,-2.1471248916218764e-05,0.08500000000000085,-0.0002526029284261006,0.015354838709677418,-0.007590132827324397,0.0,0.0192296598273172
25,2,1019064,0,205,15.31,0.03,2.28,23.834,0.03437724746649187,-2.1024773591234335e-05,0.09299999999999997,-0.00022607283431434777,0.014709677419354838,-0.006937218175511618,0.0,0.013357376611233448
25,2,1019114,0,205,15.2,0.03,2.28,23.884,0.03490029421379491,-1.9909380836549584e-05,0.09100000000000108,-0.00021878440479724558,0.014709677419354838,0.007089684509039258,0.10989010989010861,0.009340120487554122
25,2,1019155,0,205,15.2,0.04,2.38,23.925,0.03522719843085931,-1.8082557527804523e-05,0.08200000000000074,-0.0002205189942415166,0.015354838709677418,0.0,0.12195121951219405,0.005581291510855476
25,2,1019196,0,205,15.2,0.04,2.28,23.966,0.035357960117685064,-1.5797017495982945e-05,0.08299999999999841,-0.00019032551199979817,0.014709677419354838,-0.007773027594248103,0.0,-0.00594729358755728
25,2,1019238,0,205,15.2,0.04,2.28,24.008,0.03473357306309206,-1.3521858967740386e-05,0.08299999999999841,-0.00016291396346675475,0.014709677419354838,0.0,0.0,-0.00693194484377532
25,2,1019279,0,205,15.09,0.04,2.28,24.049,0.03478260869565172,-1.1816360884813637e-05,0.08200000000000074,-0.0001441019620099211,0.014709677419354838,0.0,-0.12195121951219405,-0.008411803634217958
25,2,1019320,0,205,15.09,0.03,2.28,24.09,0.034043805165086184,-1.1168195080770716e-05,0.08200000000000074,-0.0001361975009850075,0.014709677419354838,0.0,-0.12195121951219405,-0.0102057901912786
25,2,1019361,0,205,14.98,0.03,2.28,24.131,0.03394573389996687,-1.1829561538198253e-05,0.08200000000000074,-0.00014426294558778226,0.014709677419354838,0.0,0.12195121951219405,0.005421826039116835
25,2,1019402,0,205,15.09,0.04,2.28,24.172,0.03448839490029377,-1.3711770314287719e-05,0.08399999999999963,-0.00016323536088437833,0.014709677419354838,0.0,0.0,0.003541462351531012
25,2,1019445,0,205,14.98,0.03,2.28,24.215,0.034243216737495474,-1.638686026955849e-05,0.08399999999999963,-0.00019508166987569715,0.014709677419354838,0.0,-0.1190476190476196,-0.008561777113591374
25,2,1019486,0,205,14.87,0.03,2.28,24.256,0.033769205622752096,-1.91977906731875e-05,0.08200000000000074,-0.00023411939845350397,0.014709677419354838,-0.00786782061368991,0.0,-0.01435189245648563
25,2,1019527,0,205,14.87,0.03,2.18,24.297,0.03306636155606364,-2.1428636010340174e-05,0.08200000000000074,-0.00026132482939439,0.01406451612903226,0.0,0.0,-0.019933183967341023
25,2,1019568,0,205,14.87,0.03,2.28,24.338,0.03213468453743012,-2.2467666185889358e-05,0.08200000000000074,-0.0002739959290962092,0.014709677419354838,0.0,0.0,-0.01451135792822427
25,2,1019609,0,205,14.76,0.03,2.18,24.379,0.03187643020594924,-2.192480064953095e-05,0.08200000000000074,-0.0002673756176772043,0.01406451612903226,0.0,0.12195121951219405,-0.011322048493449761
25,2,1019650,0,205,14.76,0.04,2.28,24.42,0.03120627656096723,-1.9711174642063955e-05,0.08199999999999719,-0.0002403801785617638,0.014709677419354838,0.0,0.0,-0.010365255663017816
25,2,1019691,0,205,14.65,0.03,2.18,24.461,0.03102647924158181,-1.6098923850261128e-05,0.08099999999999952,-0.00019875214629952128,0.01406451612903226,-0.007964954201513361,0.0,0.008515653061801024
25,2,1019731,0,205,14.65,0.04,2.18,24.501,0.03189604445897311,-1.1742383794940636e-05,0.08100000000000307,-0.00014496770117210112,0.01406451612903226,0.0,0.0,0.012551507593459764
25,2,1019772,0,205,14.65,0.03,2.18,24.542,0.03204315135665209,-7.6082394933094655e-06,0.0849999999999973,-8.950869992129067e-05,0.01406451612903226,0.0,-0.11764705882353317,0.0015383727861854144
25,2,1019816,0,205,14.54,0.03,2.18,24.586,0.032026806145798864,-4.782467783167821e-06,0.0849999999999973,-5.626432686079968e-05,0.01406451612903226,0.0,0.0,0.008307213045401319
25,2,1019857,0,205,14.54,0.03,2.18,24.627,0.03274926446551118,-4.185141712262919e-06,0.08200000000000074,-5.103831356418148e-05,0.01406451612903226,0.0,0.0,0.009209130992911586
25,2,1019898,0,205,14.43,0.03,2.18,24.668,0.03278195488721762,-6.276703929687155e-06,0.08200000000000074,-7.65451698742329e-05,0.01406451612903226,0.0,0.0,-0.0007973273586936273
25,2,1019939,0,205,14.43,0.03,2.18,24.709,0.0326838836220983,-1.085040570641782e-05,0.08200000000000074,-0.00013232202080997222,0.01406451612903226,0.0,0.0,-0.01080378571029884
25,2,1019980,0,205,14.43,0.03,2.18,24.75,0.03189604445897311,-1.6985814983949244e-05,0.08200000000000074,-0.00020714408517011088,0.01406451612903226,0.0,0.0,-0.01702293910810922
25,2,1020021,0,205,14.43,0.03,2.18,24.791,0.03128800261523333,-2.3205068388455264e-05,0.08200000000000074,-0.00028298863888359823,0.01406451612903226,0.0,0.12195121951219405,-0.006219153397810462
25,2,1020062,0,205,14.32,0.04,2.18,24.832,0.031386073880352645,-2.7828282092690948e-05,0.08200000000000074,-0.00033936929381330117,0.01406451612903226,0.0,0.12195121951219405,0.011003117549972227
25,2,1020103,0,205,14.32,0.04,2.18,24.873,0.03219025825433106,-2.9461600978173854e-05,0.08200000000000074,-0.000359287816806995,0.01406451612903226,-0.007867820613689952,-0.12195121951219405,0.003986636793468306
25,2,1020144,0,205,14.32,0.03,2.08,24.914,0.03171297809741705,-2.747958626015734e-05,0.08399999999999963,-0.00032713793166854117,0.013419354838709678,-0.007680491551459343,-0.1190476190476196,0.0011285978922461759
25,2,1020187,0,205,14.21,0.03,2.08,24.957,0.03228506047727974,-2.2322908006240815e-05,0.0849999999999973,-0.0002626224471322532,0.013419354838709678,0.0,0.0,0.005961194546473481
25,2,1020229,0,205,14.21,0.03,2.08,24.999,0.03221967963386728,-1.5473277234428372e-05,0.08299999999999841,-0.00018642502692082735,0.013419354838709678,0.0,0.0,-0.000746942518600844
25,2,1020270,0,205,14.1,0.03,2.08,25.04,0.03222306424823587,-9.089926751638e-06,0.08200000000000074,-0.00011085276526387705,0.013419354838709678,0.0,0.0,0.0013792152543059297
25,2,1020311,0,205,14.1,0.03,2.08,25.081,0.032332775284720366,-5.4225830888974255e-06,0.08200000000000074,-6.61290620597241e-05,0.013419354838709678,0.0,0.0,0.004430603163649964
25,2,1020352,0,205,14.1,0.03,2.08,25.122,0.03258637370765517,-6.179432922642114e-06,0.08200000000000074,-7.535893808100072e-05,0.013419354838709678,0.0,0.12195121951219405,0.008398112154321232
25,2,1020393,0,205,13.99,0.04,2.08,25.163,0.033021420481374714,-1.201843150310289e-05,0.08200000000000074,-0.00014656623784271684,0.013419354838709678,0.0,0.12195121951219405,0.0132817422263199
25,2,1020434,0,205,13.99,0.04,2.08,25.204,0.033675476570213414,-2.2287217068859722e-05,0.08200000000000074,-0.0002717953301080429,0.013419354838709678,0.0,-0.12195121951219405,0.019081493379645802
25,2,1020475,0,205,13.99,0.03,2.08,25.245,0.03458610293850568,-3.508858034767481e-05,0.08200000000000074,-0.0004279095164350548,0.013419354838709678,0.0,-0.12195121951219405,0.025797365614298934
25,2,1020516,0,205,13.88,0.03,2.08,25.286,0.035790860550585946,-4.7691007855935386e-05,0.08399999999999963,-0.0005677500935230428,0.013419354838709678,0.0,0.1190476190476196,0.0326334218128923
25,2,1020559,0,205,13.88,0.04,2.08,25.329,0.037327310370788624,-5.722072444030979e-05,0.08399999999999963,-0.0006811991004798814,0.013419354838709678,-0.007680491551459343,0.1190476190476196,0.04097800967693111
25,2,1020600,0,205,13.77,0.04,1.98,25.37,0.039233013363448144,0.0,0.0,0.0,0.012774193548387096,0.0,0.0,0.0
