MS,MPT,t (ms),PWMi,PWMe,Pressure (Psi),LW raw(V),Displacement (mm),t_rel(s),LW (V),delta d (m),delta t (s),vel (m/s),strain,strain rate (1/s),dv/dt raw,dv/dt
25,1,969631,0,210,13.77,0.03,1.98,0.0,-0.025004705439487934,0.0,0.0,0.0,0.0,0.0,0.0,0.0
25,1,969670,255,0,13.77,0.03,1.98,0.039,0.02123470732166391,0.0024619049303238627,0.079,0.031163353548403324,0.012774193548387096,0.0,0.1265822784810127,1.192700067073672
25,1,969710,255,0,16.19,0.04,1.98,0.079,0.06921859985933215,0.002823230752658224,0.07899999999999999,0.035737098134914234,0.012774193548387096,0.13801551653736222,0.379746835443038,1.2293446044858143
25,1,969749,255,0,30.29,0.06,3.67,0.118,0.11835293107604322,0.0033015550238243126,0.078,0.04232762851056811,0.02367741935483871,0.4110835401157982,1.0256410256410255,1.2669879489101452
25,1,969788,255,0,44.39,0.12,6.95,0.157,0.1680436598743235,0.003756388773556832,0.07800000000000001,0.048158830430215786,0.044838709677419354,0.5500413564929694,1.7948717948717947,1.2736386420596943
25,1,969827,255,0,54.3,0.2,10.32,0.196,0.2176967451566994,0.004056076271991066,0.07799999999999999,0.052000977846039326,0.06658064516129032,0.5086848635235733,1.9230769230769238,1.2650575121971004
25,1,969866,255,0,61.13,0.27,13.1,0.235,0.2667181458256973,0.004113304159797512,0.07800000000000001,0.052734668715352706,0.08451612903225807,0.39371381306865166,1.7948717948717947,1.2412445593223627
25,1,969905,255,0,65.86,0.34,15.08,0.274,0.3145138207838437,0.0039035509174527886,0.08100000000000002,0.048191986635219605,0.09729032258064516,0.27638391079251295,1.604938271604938,1.1576738655304644
25,1,969947,255,0,69.71,0.4,16.57,0.316,0.36048972893366493,0.003463349756054139,0.08099999999999996,0.042757404395730135,0.10690322580645162,0.20549581839904443,1.2345679012345683,1.1054075110351085
25,1,969986,255,0,72.47,0.44,17.66,0.355,0.40405182917768745,0.0028725868441223366,0.07700000000000001,0.03730632265093943,0.11393548387096775,0.1658986175115208,0.9090909090909083,1.0924201491528143
25,1,970024,255,0,74.78,0.47,18.55,0.393,0.44460608041843164,0.002229119355506729,0.07700000000000001,0.028949602019567904,0.11967741935483872,0.13322161709258473,0.779220779220779,1.0218747937550037
25,1,970063,255,0,76.65,0.5,19.25,0.432,0.48273618829682274,0.001624187841123753,0.07799999999999996,0.020822921040048126,0.12419354838709677,0.09842845326716258,0.641025641025642,0.8938734796858252
25,1,970102,255,0,78.41,0.52,19.74,0.471,0.514328211833926,0.0011246503628948759,0.07800000000000001,0.01441859439608815,0.1273548387096774,0.08188585607940431,0.5128205128205132,0.7143276250827649
25,1,970141,255,0,79.85,0.54,20.24,0.51,0.5384537430532784,0.0007646823758818115,0.07800000000000007,0.009803620203612959,0.1305806451612903,0.07444168734491334,0.38461538461538464,0.5086294331145521
25,1,970180,255,0,81.28,0.55,20.64,0.549,0.5540013076168611,0.0005465433187200262,0.07799999999999996,0.007006965624615724,0.13316129032258064,0.06534325889164616,0.2564102564102568,0.3326879070586118
25,1,970219,255,0,82.49,0.56,21.03,0.588,0.5644033998038501,0.0004479642177801928,0.07799999999999996,0.005743130997181962,0.1356774193548387,0.057071960297766615,0.1282051282051284,0.23017409745098225
25,1,970258,255,0,83.7,0.56,21.33,0.627,0.5719548872180377,0.0004328313888031872,0.08000000000000007,0.005410392360039835,0.13761290322580644,0.05645161290322576,0.12499999999999861,0.15985616214448925
25,1,970299,255,0,84.8,0.57,21.73,0.668,0.5771918927754093,0.00046197515804965403,0.07999999999999996,0.005774689475620679,0.14019354838709677,0.056451612903226187,0.24999999999999895,0.11854364171297599
25,1,970338,255,0,85.79,0.58,22.03,0.707,0.5814383785550757,0.0005016844240949041,0.07799999999999996,0.0064318515909603125,0.14212903225806453,0.048800661703887416,0.1282051282051284,0.10452552786648765
25,1,970377,255,0,86.78,0.58,22.32,0.746,0.5853448839489953,0.0005286938763654199,0.07800000000000007,0.00677812662006948,0.144,0.04052936311000817,0.1282051282051282,0.09069496483684082
25,1,970416,255,0,87.67,0.59,22.52,0.785,0.5885125858123493,0.00053152146107346,0.07799999999999996,0.006814377706070004,0.14529032258064517,0.03308519437551713,0.1282051282051284,0.07108071181297726
25,1,970455,255,0,88.55,0.59,22.72,0.824,0.5908891794704075,0.0005089154164224148,0.07699999999999996,0.006609291122369026,0.14658064516129032,0.03351487222454982,0.0,0.05930976509596875
25,1,970493,255,0,89.32,0.59,22.92,0.862,0.5930794377247389,0.0004666272433001524,0.07700000000000007,0.0060600940688331426,0.1478709677419355,0.03351487222454977,0.0,0.04462030287463325
25,1,970532,255,0,90.09,0.59,23.12,0.901,0.5943249427917543,0.00041373350314841064,0.07799999999999996,0.005304275681389883,0.14916129032258066,0.033085194375516776,0.1282051282051284,0.03642048264473756
25,1,970571,255,0,90.86,0.6,23.32,0.94,0.5959202353710285,0.00035942585840811604,0.07799999999999996,0.00460802382574508,0.1504516129032258,0.02481389578163758,0.1282051282051284,0.0396895248153815
25,1,970610,255,0,91.41,0.6,23.42,0.979,0.597420725727354,0.0003107857220477257,0.08000000000000007,0.0038848215255965677,0.1510967741935484,0.02338709677419356,0.0,0.03816606734226843
25,1,970651,255,0,92.07,0.6,23.61,1.02,0.5989735207584099,0.0002717077154221492,0.07999999999999996,0.0033963464427768666,0.1523225806451613,0.02338709677419359,0.0,0.030442955214121672
25,1,970690,255,0,92.73,0.6,23.71,1.059,0.5998561621444838,0.00024287806510409738,0.07800000000000007,0.0031138213474884253,0.15296774193548388,0.016542597187758364,0.0,0.023511957150400505
25,1,970729,255,0,93.28,0.6,23.81,1.098,0.6008074534161412,0.00022253613439628594,0.07800000000000007,0.0028530273640549456,0.15361290322580645,0.0248138957816379,0.0,0.027996412435770914
25,1,970768,255,0,93.72,0.6,24.01,1.137,0.6020398823144739,0.00020763961232879425,0.07799999999999985,0.002662046311907624,0.15490322580645163,0.024813895781637615,0.0,0.026780999321045947
25,1,970807,255,0,94.16,0.6,24.11,1.176,0.6028963713631827,0.000195029130593408,0.07800000000000007,0.002500373469146254,0.15554838709677418,0.016542597187758364,0.0,0.02745157207399811
25,1,970846,255,0,94.6,0.6,24.21,1.215,0.6041811049362458,0.00018226838902159415,0.07800000000000007,0.002336774218225564,0.1561935483870968,0.016542597187758364,0.0,0.030427238665223847
25,1,970885,255,0,94.93,0.6,24.31,1.254,0.6052696959790702,0.00016801336219844033,0.07799999999999985,0.0021540174640825725,0.15683870967741934,0.008271298593878849,0.12820512820512858,0.024559727076889692
25,1,970924,255,0,95.15,0.61,24.31,1.293,0.6060967636482432,0.00015196643854052994,0.07699999999999996,0.001973590110915974,0.15683870967741934,0.008378718056137725,0.12987012987013005,0.01723676780885098
25,1,970962,255,0,95.37,0.61,24.41,1.331,0.6065969271003517,0.00013459594657068408,0.07900000000000018,0.0017037461591225794,0.15748387096774194,0.016333197223356688,0.0,0.019117689656170667
25,1,971003,255,0,95.7,0.61,24.51,1.372,0.6076070611310807,0.00011679999441767564,0.08000000000000007,0.0014599999302209441,0.15812903225806452,0.008064516129032202,0.0,0.024231775089898745
25,1,971042,255,0,95.7,0.61,24.51,1.411,0.6085354691075436,9.961136153247452e-05,0.07799999999999985,0.0012770687375958298,0.15812903225806452,0.008271298593879204,0.0,0.02233845483273486
25,1,971081,255,0,95.93,0.61,24.61,1.45,0.609349460608034,8.396654629856215e-05,0.07800000000000007,0.0010764941833148983,0.1587741935483871,0.008271298593879182,0.0,0.018985591067969335
25,1,971120,255,0,96.04,0.61,24.61,1.489,0.6100163452108452,7.054243981132302e-05,0.07800000000000007,0.00090439025399132,0.1587741935483871,0.0,0.0,0.014794511362015707
25,1,971159,255,0,96.15,0.61,24.61,1.528,0.6105034324942712,5.967332251268687e-05,0.07799999999999985,0.0007650425963164998,0.1587741935483871,0.008271298593879204,0.0,0.00976521571487252
25,1,971198,255,0,96.15,0.61,24.71,1.567,0.6107780320366053,5.1355325010970176e-05,0.07800000000000007,0.0006584016027047452,0.15941935483870967,0.008271298593879182,0.0,0.0038977041265382682
25,1,971237,255,0,96.26,0.61,24.71,1.606,0.6108074534161412,4.531828927306236e-05,0.07800000000000007,0.0005810037086290041,0.15941935483870967,0.0,0.0,-0.0028080234029883894
25,1,971276,255,0,96.26,0.61,24.71,1.645,0.6105590062111722,4.112696721903575e-05,0.07799999999999985,0.0005272688105004594,0.15941935483870967,0.0,0.0,-0.010351966873706087
25,1,971315,255,0,96.26,0.61,24.71,1.684,0.6099999999999921,3.8283409216798955e-05,0.08000000000000007,0.0004785426152099865,0.15941935483870967,0.007258064516129156,0.0,-0.0069875776397512685
25,1,971356,255,0,96.26,0.61,24.8,1.725,0.6099999999999921,3.6314542131808736e-05,0.08000000000000007,0.0004539317766476088,0.16,0.007258064516129156,0.0,0.0
25,1,971395,255,0,96.26,0.61,24.8,1.764,0.6099999999999921,3.4822245210165195e-05,0.07699999999999996,0.0004522369507813664,0.16,0.0,0.0,0.0
25,1,971433,255,0,96.37,0.61,24.8,1.802,0.6099999999999921,3.3479044525165594e-05,0.07699999999999996,0.00043479278604111185,0.16,0.0,0.0,0.0
25,1,971472,255,0,96.26,0.61,24.8,1.841,0.6099999999999921,3.199765295412149e-05,0.07799999999999985,0.00041022631992463526,0.16,0.0,0.0,0.0
25,1,971511,255,0,96.26,0.61,24.8,1.88,0.6099999999999921,3.0143726079611355e-05,0.07800000000000007,0.0003864580266616837,0.16,0.0,0.0,0.0
25,1,971550,255,0,96.37,0.61,24.8,1.919,0.6099999999999921,2.7834718640665556e-05,0.07800000000000007,0.0003568553671880196,0.16,0.008271298593879182,0.0,0.0
25,1,971589,255,0,96.37,0.61,24.9,1.958,0.6099999999999921,2.52778543189045e-05,0.07800000000000007,0.0003240750553705702,0.16064516129032258,0.008271298593879182,0.0,0.0
25,1,971628,255,0,96.37,0.61,24.9,1.997,0.6099999999999921,2.302465201868742e-05,0.07800000000000007,0.0002951878463934282,0.16064516129032258,0.0,0.0,0.0
25,1,971667,255,0,96.37,0.61,24.9,2.036,0.6099999999999921,2.1837076627925e-05,0.08099999999999974,0.0002695935386163589,0.16064516129032258,0.0,0.0,0.0
25,1,971709,255,0,96.37,0.61,24.9,2.078,0.6099999999999921,2.237283590997663e-05,0.08099999999999996,0.00027620785074045236,0.16064516129032258,0.0,0.0,0.0
25,1,971748,255,0,96.37,0.61,24.9,2.117,0.6099999999999921,2.4820540408679648e-05,0.07800000000000029,0.00031821205652153274,0.16064516129032258,0.0,0.0,0.0
25,1,971787,255,0,96.37,0.61,24.9,2.156,0.6099999999999921,2.8661253855300827e-05,0.07799999999999985,0.0003674519725038575,0.16064516129032258,0.0,0.0,0.0
25,1,971826,255,0,96.37,0.61,24.9,2.195,0.6099999999999921,3.268419543791978e-05,0.07799999999999985,0.00041902814663999805,0.16064516129032258,0.0,0.0,0.0
25,1,971865,255,0,96.37,0.61,24.9,2.234,0.6099999999999921,3.527914327143833e-05,0.08800000000000008,0.0004008993553572534,0.16064516129032258,0.007331378299120184,0.0,0.0
25,1,971914,255,0,96.37,0.61,25.0,2.283,0.6099999999999921,3.491275682814887e-05,0.08800000000000008,0.0003967358730471459,0.16129032258064516,0.007331378299120184,0.0,0.0
25,1,971953,255,0,96.26,0.61,25.0,2.322,0.6099999999999921,3.061950073617581e-05,0.07800000000000029,0.00039255770174584224,0.16129032258064516,0.0,0.0,0.0
25,1,971992,255,0,96.37,0.61,25.0,2.361,0.6099999999999921,2.2345831451840327e-05,0.07699999999999996,0.0002902056032706538,0.16129032258064516,0.0,0.0,0.0
25,1,972030,255,0,96.37,0.61,25.0,2.399,0.6099999999999921,1.1073582252507207e-05,0.07899999999999974,0.00014017192724692713,0.16129032258064516,0.0,0.0,0.0
25,1,972071,255,0,96.26,0.61,25.0,2.44,0.6099999999999921,-1.2579327230604064e-06,0.08000000000000007,-1.5724159038255066e-05,0.16129032258064516,0.0,0.0,0.0
25,1,972110,255,0,96.26,0.61,25.0,2.479,0.6099999999999921,-1.1981270725055281e-05,0.07799999999999985,-0.00015360603493660646,0.16129032258064516,0.0,0.0,0.0
25,1,972149,255,0,96.37,0.61,25.0,2.518,0.6099999999999921,-1.806129421348501e-05,0.07799999999999985,-0.00023155505401903907,0.16129032258064516,0.0,0.0,0.0
25,1,972188,255,0,96.26,0.61,25.0,2.557,0.6099999999999921,-1.6601663680042122e-05,0.07800000000000029,-0.00021284184205182127,0.16129032258064516,0.0,0.0,0.0
25,1,972227,255,0,96.26,0.61,25.0,2.596,0.6099999999999921,-5.512828831466976e-06,0.07799999999999985,-7.067729271111522e-05,0.16129032258064516,0.0,0.0,0.0
25,1,972266,255,0,96.26,0.61,25.0,2.635,0.6099999999999921,1.568376357173662e-05,0.07799999999999985,0.0002010738919453417,0.16129032258064516,0.008271298593879562,0.0,0.0
25,1,972305,255,0,96.37,0.61,25.1,2.674,0.6099999999999921,4.5013481946170944e-05,0.07800000000000029,0.0005770959223868049,0.16193548387096776,0.0,0.0,0.007166746297180768
25,1,972344,255,0,96.26,0.61,25.0,2.713,0.6105590062111722,7.736336194054516e-05,0.07799999999999985,0.0009918379735967347,0.16129032258064516,0.0,0.0,0.017518713170886897
25,1,972383,255,0,96.26,0.61,25.1,2.752,0.6113664596273213,0.00010424613754502942,0.08000000000000007,0.0013030767193128667,0.16193548387096776,0.00806451612903255,0.0,0.019818568159528354
25,1,972424,255,0,96.26,0.61,25.1,2.793,0.6121444916639345,0.00011434432174954168,0.08000000000000007,0.0014293040218692698,0.16193548387096776,-0.00806451612903255,0.0,0.01601830663615493
25,1,972463,255,0,96.26,0.61,25.0,2.832,0.6126479241582137,9.507567347791124e-05,0.07799999999999985,0.0012189188907424542,0.16129032258064516,0.0,0.0,0.00666381673246734
25,1,972502,255,0,96.26,0.61,25.1,2.871,0.6126642693690669,3.5167188664175344e-05,0.07699999999999996,0.0004567167358983813,0.16193548387096776,0.008378718056137725,0.0,-0.008236288066298662
25,1,972540,255,0,96.26,0.61,25.1,2.909,0.6120137299771087,-7.216899451992021e-05,0.07699999999999996,-0.0009372596690898734,0.16193548387096776,0.0,0.0,-0.027468445252035303
25,1,972579,255,0,96.26,0.61,25.1,2.948,0.6105491990846602,-0.00022628068885164864,0.07800000000000029,-0.002901034472457023,0.16193548387096776,0.0,0.0,-0.042287994233073035
25,1,972618,0,205,96.26,0.61,25.1,2.987,0.608715266426929,-0.0004174007411967544,0.07799999999999985,-0.0053512915538045545,0.16193548387096776,0.0,0.0,-0.06395587631285447
25,1,972657,0,205,93.83,0.61,25.1,3.026,0.6055606407322576,-0.0006271690953408431,0.07799999999999985,-0.008040629427446723,0.16193548387096776,-0.04052936311000864,0.0,-0.09086260802507842
25,1,972696,0,205,88.77,0.61,24.61,3.065,0.6016279830009729,-0.0008316665115467146,0.07800000000000029,-0.01066239117367579,0.1587741935483871,-0.09015715467328336,-0.12820512820512783,-0.12175086545795723
25,1,972735,0,205,83.92,0.6,24.01,3.104,0.5960640732265369,-0.001006345886244766,0.08000000000000007,-0.012579323578059564,0.15490322580645163,-0.11209677419354848,-0.25,-0.151479241582214
25,1,972776,0,205,79.74,0.59,23.22,3.145,0.5895096436743957,-0.001131400705356139,0.08000000000000007,-0.014142508816951725,0.1498064516129032,-0.11209677419354848,-0.25,-0.18568159529257622
25,1,972815,0,205,76.32,0.58,22.62,3.184,0.5812095456031308,-0.0011958512175126686,0.07799999999999985,-0.015331425865547064,0.14593548387096775,-0.09842845326716272,-0.25641025641025716,-0.2328982992598523
25,1,972854,0,205,73.68,0.57,22.03,3.223,0.5713435763321273,-0.0011991496033947762,0.07799999999999985,-0.015373712864035624,0.14212903225806453,-0.09842845326716308,-0.2564102564102557,-0.2703246410340197
25,1,972893,0,205,71.37,0.56,21.43,3.262,0.5601242236024773,-0.001150087530447678,0.07800000000000029,-0.014744711928816328,0.13825806451612904,-0.09015715467328336,-0.2564102564102543,-0.3090502175170319
25,1,972932,0,205,69.27,0.55,20.94,3.301,0.5472376593657987,-0.0010636892344163798,0.07799999999999985,-0.013637041466876691,0.1350967741935484,-0.07361455748552546,-0.25641025641025716,-0.3299217944526846
25,1,972971,0,205,67.62,0.54,20.54,3.34,0.5343903236351679,-0.0009572429249203331,0.07699999999999996,-0.012431726297666671,0.13251612903225807,-0.06702974444909963,-0.3896103896103902,-0.34087194270260174
25,1,973009,0,205,66.19,0.52,20.14,3.378,0.5209905197776984,-0.0008466265267954824,0.07699999999999996,-0.010995149698642634,0.12993548387096773,-0.07457059069962309,-0.3896103896103902,-0.3580238003252012
25,1,973048,0,205,64.87,0.51,19.65,3.417,0.5068224910101274,-0.000743751650927745,0.07799999999999985,-0.00953527757599675,0.1267741935483871,-0.05707196029776669,-0.3846153846153857,-0.35716381254138324
25,1,973087,0,205,63.77,0.49,19.45,3.456,0.49313174239947055,-0.0006554669248619085,0.08000000000000007,-0.008193336560773848,0.12548387096774194,-0.04838709677419339,-0.375,-0.3316034651846972
25,1,973128,0,205,62.78,0.48,19.05,3.497,0.48029421379535164,-0.0005838146871904008,0.08000000000000007,-0.0072976835898800035,0.12290322580645162,-0.05645161290322576,-0.37499999999999933,-0.3234308597580862
25,1,973167,0,205,61.9,0.46,18.75,3.536,0.46725727361882363,-0.0005272352435020266,0.07800000000000029,-0.006759426198743906,0.12096774193548387,-0.049627791563275306,-0.3846153846153828,-0.3248505880084773
25,1,973206,0,205,61.13,0.45,18.45,3.575,0.4549558679306903,-0.0004821812043069009,0.07799999999999985,-0.006181810311626947,0.11903225806451613,-0.040529363110008286,-0.25641025641025716,-0.3127383676582724
25,1,973245,0,205,60.46,0.44,18.26,3.614,0.44286368094147843,-0.00044463590464244264,0.07799999999999985,-0.005700460315928763,0.11780645161290323,-0.040529363110008286,-0.25641025641025716,-0.2958064056462191
25,1,973284,0,205,59.8,0.43,17.96,3.653,0.4318829682902853,-0.0004112005368693268,0.07800000000000029,-0.005271801754734939,0.11587096774193549,-0.03308519437551699,-0.12820512820512783,-0.27447380994291387
25,1,973323,0,205,59.25,0.43,17.86,3.692,0.42145472376593107,-0.000379643287709996,0.07799999999999985,-0.004867221637307651,0.1152258064516129,-0.024813895781637795,-0.25641025641025716,-0.24915968851895268
25,1,973362,0,205,58.81,0.41,17.66,3.731,0.412448512585807,-0.0003489879087244994,0.07799999999999985,-0.0044742039580064116,0.11393548387096775,-0.03308519437551682,-0.384615384615385,-0.22028314934493062
25,1,973401,0,205,58.37,0.4,17.46,3.77,0.4042726381170265,-0.00031930197080572853,0.07800000000000029,-0.004093615010329838,0.11264516129032259,-0.024813895781637653,-0.12820512820512714,-0.19983068037987547
25,1,973440,0,205,58.04,0.4,17.36,3.809,0.39686171951617666,-0.00029133476564157236,0.07900000000000018,-0.0036877818435641987,0.112,-0.024499795835034855,-0.12658227848101247,-0.1791766151758026
25,1,973480,0,205,57.6,0.39,17.16,3.849,0.3901176855181381,-0.0002661060732751572,0.07899999999999974,-0.003368431307280482,0.11070967741935483,-0.023683135973866995,-0.2531645569620264,-0.17102469988951394
25,1,973519,0,205,57.27,0.38,17.07,3.888,0.3833507682249051,-0.000244515699832732,0.07799999999999985,-0.0031348166645222115,0.11012903225806452,-0.015715467328370668,-0.12820512820512858,-0.15758459694386195
25,1,973558,0,205,56.94,0.38,16.97,3.927,0.37782608695651687,-0.00022704210510903877,0.07800000000000029,-0.00291079621934664,0.10948387096774193,-0.016542597187758315,-0.12820512820512783,-0.146981165287799
25,1,973597,0,205,56.61,0.37,16.87,3.966,0.37188623733245674,-0.00021359613932338207,0.07799999999999985,-0.002738412042607468,0.10883870967741936,-0.01654259718775841,-0.12820512820512858,-0.14224524522007198
25,1,973636,0,205,56.39,0.37,16.77,4.005,0.3667309578293513,-0.00020355759304897347,0.0779999999999994,-0.0026097127313971158,0.10819354838709677,-0.024813895781637934,-0.1282051282051293,-0.132647672693439
25,1,973675,0,205,56.17,0.36,16.57,4.044,0.3615397188623686,-0.00019595165367366718,0.07800000000000029,-0.002512200688123929,0.10690322580645162,-0.016542597187758315,-0.12820512820512783,-0.13294104827285425
25,1,973714,0,205,55.95,0.36,16.57,4.083,0.3563615560640686,-0.00018967448062650761,0.07800000000000029,-0.0024317241105962424,0.10690322580645162,-0.008271298593879336,-0.12820512820512783,-0.12082882792264754
25,1,973753,0,205,55.73,0.35,16.47,4.122,0.35211507028440203,-0.00018369794443950837,0.0779999999999994,-0.0023551018517885868,0.10625806451612903,-0.016542597187758506,-0.1282051282051293,-0.10829749960184655
25,1,973792,0,205,55.4,0.35,16.37,4.161,0.34791435109512464,-0.0001772384818920294,0.08000000000000007,-0.0022154810236503656,0.10561290322580646,-0.016129032258064405,-0.1249999999999993,-0.10894083033670875
25,1,973833,0,205,55.18,0.34,16.27,4.202,0.3433998038574653,-0.0001698888935125815,0.08000000000000007,-0.002123611168907267,0.10496774193548387,-0.016129032258064578,-0.1249999999999993,-0.10612128146453075
25,1,973872,0,205,54.96,0.34,16.17,4.241,0.3394246485779622,-0.0001616780879013895,0.07800000000000029,-0.002072795998735755,0.1043225806451613,-0.016542597187758495,0.0,-0.10280718518704657
25,1,973911,0,205,54.96,0.34,16.07,4.28,0.33538084341287566,-0.0001530107505448548,0.07699999999999996,-0.001987152604478635,0.1036774193548387,-0.008378718056137545,-0.12987012987013005,-0.09972701375120264
25,1,973949,0,205,54.63,0.33,16.07,4.318,0.3317456685191196,-0.00014448822038020203,0.07699999999999996,-0.0018764703945480794,0.1036774193548387,-0.008378718056137364,-0.12987012987013005,-0.0901746177980226
25,1,973988,0,205,54.52,0.33,15.97,4.357,0.3284373978424279,-0.00013668300686951618,0.07800000000000029,-0.0017523462419168675,0.10303225806451613,-0.0157154673283704,-0.12820512820512783,-0.08885088976621977
25,1,974027,0,205,54.3,0.32,15.88,4.396,0.3248152991173544,-0.00012996427215897555,0.0779999999999994,-0.0016662086174227763,0.10245161290322581,-0.007444168734491327,-0.1282051282051293,-0.08679726071030401
25,1,974066,0,205,54.19,0.32,15.88,4.435,0.32166721150702426,-0.00012443350659209785,0.07800000000000029,-0.0015953013665653511,0.10245161290322581,-0.008271298593879336,0.0,-0.08327675375730235
25,1,974105,0,205,54.08,0.32,15.78,4.474,0.3183197123242848,-0.00011996847847754743,0.07800000000000029,-0.0015380574163788075,0.10180645161290322,-0.016542597187758495,0.0,-0.07154173058063108
25,1,974144,0,205,53.86,0.32,15.68,4.513,0.316086956521735,-0.00011632851805497246,0.08000000000000007,-0.0014541064756871545,0.10116129032258064,-0.008064516129032202,-0.125,-0.06158058188950455
25,1,974185,0,205,53.75,0.31,15.68,4.554,0.31339326577312443,-0.00011325960779233313,0.08000000000000007,-0.0014157450974041628,0.10116129032258064,-0.008064516129032202,-0.125,-0.06366459627329119
25,1,974224,0,205,53.64,0.31,15.58,4.593,0.3109937888198717,-0.00011055905811161004,0.0779999999999994,-0.0014174238219437293,0.10051612903225807,-0.008271298593879253,0.0,-0.066805810512904
25,1,974263,0,205,53.42,0.31,15.58,4.632,0.30818241255311796,-0.00010810280771423742,0.07800000000000029,-0.0013859334322338078,0.10051612903225807,-0.008271298593879158,0.0,-0.06093829892456762
25,1,974302,0,205,53.31,0.31,15.48,4.671,0.3062406015037554,-0.00010586450936781056,0.07800000000000029,-0.0013572372995873099,0.09987096774193549,-0.008271298593879158,-0.12820512820512783,-0.047694487053754536
25,1,974341,0,205,53.2,0.3,15.48,4.71,0.3044622425629251,-0.00010394114369105801,0.0779999999999994,-0.0013325787652699846,0.09987096774193549,-0.008271298593879253,-0.1282051282051293,-0.052556139512660985
25,1,974380,0,205,53.09,0.3,15.38,4.749,0.3021412226217679,-0.000102561617817992,0.07699999999999996,-0.0013319690625713254,0.09922580645161291,-0.01675743611227491,0.0,-0.057951202115961616
25,1,974418,0,205,52.98,0.3,15.28,4.787,0.29999999999999605,-0.00010202945385582751,0.07699999999999996,-0.0013250578422834749,0.09858064516129032,-0.008378718056137545,0.0,-0.05561617199407273
25,1,974457,0,205,52.76,0.3,15.28,4.826,0.2978587773782243,-0.00010257326298140157,0.07800000000000029,-0.001315041833094887,0.09858064516129032,0.0,0.0,-0.05720823798626884
25,1,974496,0,205,52.76,0.3,15.28,4.865,0.29553775743706706,-0.000104153146216726,0.08000000000000007,-0.0013019143277090738,0.09858064516129032,-0.008064516129032202,-0.125,-0.058229813664595294
25,1,974537,0,205,52.54,0.29,15.18,4.906,0.2932003922850567,-0.00010633925913627707,0.08000000000000007,-0.001329240739203462,0.09793548387096775,-0.008064516129032202,-0.125,-0.05659529257927282
25,1,974576,0,205,52.42,0.29,15.18,4.945,0.29101013403072523,-0.00010836304883516767,0.07800000000000029,-0.0013892698568611188,0.09793548387096775,-0.008271298593879336,0.0,-0.06374632232755671
25,1,974615,0,205,52.31,0.29,15.08,4.984,0.28822817914350723,-0.0001093398023645129,0.0779999999999994,-0.0014017923380065865,0.09729032258064516,-0.016542597187758683,0.0,-0.07007485268354798
25,1,974654,0,205,52.2,0.29,14.98,5.023,0.28554429552140853,-0.00010855520737973023,0.07800000000000029,-0.0013917334279452541,0.09664516129032258,-0.008271298593879158,-0.12820512820512714,-0.0587170266804128
25,1,974693,0,205,52.09,0.28,14.98,5.062,0.283648251062435,-0.00010567858824963139,0.07800000000000029,-0.0013548536955080898,0.09664516129032258,-0.008271298593879158,-0.12820512820512714,-0.047987862633170605
25,1,974732,0,205,51.98,0.28,14.88,5.101,0.2818012422360212,-0.00010082493474355481,0.0779999999999994,-0.0012926273685071228,0.096,-0.008271298593879253,0.0,-0.056202378856840415
25,1,974771,0,205,51.87,0.28,14.88,5.14,0.2792644655116015,-9.448636490872353e-05,0.07800000000000029,-0.0012113636526759383,0.096,0.0,0.0,-0.06504555703640255
25,1,974810,0,205,51.76,0.28,14.88,5.179,0.2767276887871818,-8.74170544040247e-05,0.07800000000000029,-0.001120731466718261,0.096,-0.008271298593879336,-0.12820512820512783,-0.06336912515402125
25,1,974849,0,205,51.65,0.27,14.78,5.218,0.2743216737495878,-8.053763477867016e-05,0.07899999999999974,-0.001019463731375575,0.09535483870967741,-0.016333197223356605,-0.1265822784810132,-0.05052532266273804
25,1,974889,0,205,51.54,0.27,14.68,5.258,0.2727361882968255,-7.484632303357764e-05,0.07899999999999974,-0.0009474218105516188,0.09470967741935483,-0.008166598611678214,0.0,-0.04618039319542619
25,1,974928,0,205,51.43,0.27,14.68,5.297,0.27067342268714917,-7.127060158885356e-05,0.07800000000000029,-0.0009137256613955551,0.09470967741935483,0.0,0.0,-0.050167224080266797
25,1,974967,0,205,51.32,0.27,14.68,5.336,0.2688231448185647,-7.043953625925248e-05,0.07800000000000029,-0.0009030709776827208,0.09470967741935483,0.0,0.0,-0.04744302227139709
25,1,975006,0,205,51.21,0.27,14.68,5.375,0.2669728669499802,-7.246454778659839e-05,0.0779999999999994,-0.0009290326639307557,0.09470967741935483,-0.007444168734491327,0.0,-0.04576659038901559
25,1,975045,0,205,51.1,0.27,14.59,5.414,0.2652533507682215,-7.686211124953602e-05,0.07800000000000029,-0.0009854116826863554,0.09412903225806452,-0.007444168734491242,-0.12820512820512783,-0.03357054844468968
25,1,975084,0,205,50.99,0.26,14.59,5.453,0.2643543641712944,-8.267916171364576e-05,0.07800000000000029,-0.0010599892527390442,0.09412903225806452,-0.008271298593879158,-0.12820512820512783,-0.033570548444690394
25,1,975123,0,205,50.88,0.26,14.49,5.492,0.2626348479895356,-8.876458815798926e-05,0.0779999999999994,-0.0011380075404870506,0.09348387096774194,-0.008271298593879253,0.0,-0.04576659038901559
25,1,975162,0,205,50.77,0.26,14.49,5.531,0.2607845701209512,-9.406740266079084e-05,0.07800000000000029,-0.0012059923418050063,0.09348387096774194,-0.008271298593879158,0.0,-0.047443022271395664
25,1,975201,0,205,50.66,0.26,14.39,5.57,0.25893429225236675,-9.785684168784314e-05,0.08000000000000007,-0.0012232105210980382,0.09283870967741936,-0.008064516129032202,0.0,-0.044622425629290516
25,1,975242,0,205,50.55,0.26,14.39,5.611,0.25721477607060794,-9.981309015684125e-05,0.08000000000000007,-0.0012476636269605145,0.09283870967741936,-0.008064516129032376,-0.125,-0.0509970578620469
25,1,975281,0,205,50.44,0.25,14.29,5.65,0.254854527623403,-9.99901581216296e-05,0.07800000000000029,-0.0012819251041234516,0.09219354838709677,-0.008271298593879336,0.0,-0.06030963696867472
25,1,975320,0,205,50.33,0.26,14.29,5.689,0.2525106243870513,-9.868875772401786e-05,0.07699999999999996,-0.001281672178233999,0.09219354838709677,-0.008378718056137364,0.0,-0.05213485435780192
25,1,975358,0,205,50.22,0.25,14.19,5.727,0.25084014383785225,-9.629690440295314e-05,0.07699999999999996,-0.0012506091480903013,0.0915483870967742,-0.008378718056137364,-0.12987012987013005,-0.04466275796775908
25,1,975397,0,205,50.11,0.25,14.19,5.766,0.24907159202353385,-9.316372808562967e-05,0.0779999999999994,-0.0011944067703285946,0.0915483870967742,0.0,0.0,-0.04492837444782493
25,1,975436,0,205,50.0,0.25,14.19,5.805,0.24733573063092193,-8.956324335790456e-05,0.07899999999999974,-0.001133711941239302,0.0915483870967742,-0.008166598611678214,-0.1265822784810132,-0.04187684400875554
25,1,975476,0,205,49.89,0.24,14.09,5.845,0.24576332134684217,-8.576230068309697e-05,0.07800000000000029,-0.0010995166754243161,0.09090322580645162,-0.016542597187758495,-0.12820512820512783,-0.048113595024349684
25,1,975514,0,205,49.78,0.24,13.99,5.883,0.24358287021902264,-8.213228058674105e-05,0.07699999999999996,-0.0010666529946330011,0.09025806451612903,-0.008378718056137545,0.0,-0.05599826783219992
25,1,975553,0,205,49.67,0.24,13.99,5.922,0.24145145472376278,-7.919447230303689e-05,0.0810000000000004,-0.0009777095346053888,0.09025806451612903,0.0,0.0,-0.04391009730445188
25,1,975595,0,205,49.56,0.24,13.99,5.964,0.24002615233736202,-7.75281604908784e-05,0.0810000000000004,-0.0009571377838380002,0.09025806451612903,-0.007964954201513254,0.0,-0.0359998224224001
25,1,975634,0,205,49.45,0.24,13.89,6.003,0.23853546910754836,-7.757230421571749e-05,0.0779999999999994,-0.0009945167207143343,0.08961290322580645,-0.008271298593879253,0.0,-0.03738443097710791
25,1,975673,0,205,49.34,0.24,13.89,6.042,0.23711016672114762,-7.942301184798595e-05,0.07800000000000029,-0.0010182437416408417,0.08961290322580645,0.0,0.0,-0.045598947200777014
25,1,975712,0,205,49.23,0.24,13.89,6.081,0.23497875122588774,-8.272726474358726e-05,0.07800000000000029,-0.0010606059582511148,0.08961290322580645,-0.008271298593879336,-0.12820512820512747,-0.04371296133309796
25,1,975751,0,205,49.12,0.23,13.79,6.12,0.23370055573716597,-8.672732753478307e-05,0.0779999999999994,-0.0011118888145485093,0.08896774193548386,-0.00827129859387943,-0.12820512820512894,-0.03889321967125153
25,1,975790,0,205,49.01,0.23,13.79,6.159,0.23194508009153014,-9.044943305931774e-05,0.07699999999999996,-0.001174667961809322,0.08896774193548386,-0.008378718056137364,0.0,-0.04326173989462618
25,1,975828,0,205,48.9,0.23,13.69,6.197,0.23036940176527976,-9.297177570514847e-05,0.07600000000000051,-0.0012233128382256296,0.08832258064516128,-0.008488964346349636,0.0,-0.037809053526263334
25,1,975866,0,205,48.79,0.23,13.69,6.235,0.2290715920235341,-9.367751041035533e-05,0.07699999999999996,-0.0012165910442903296,0.08832258064516128,-0.008378718056137364,0.0,-0.040544613934609744
25,1,975905,0,205,48.68,0.23,13.59,6.274,0.2272474664923148,-9.241201608523752e-05,0.08099999999999952,-0.001140889087472075,0.0876774193548387,-0.00796495420151334,0.0,-0.03692806896468178
25,1,975947,0,205,48.57,0.23,13.59,6.316,0.2260804184373949,-8.95029723261569e-05,0.0810000000000004,-0.0011049749669895857,0.0876774193548387,-0.007964954201513254,-0.12345679012345628,-0.03063213589529375
25,1,975986,0,205,48.57,0.22,13.49,6.355,0.224766263484796,-8.56451261171145e-05,0.07800000000000029,-0.0010980144373988997,0.08703225806451613,-0.008271298593879158,-0.12820512820512783,-0.034324942791761306
25,1,976025,0,205,48.35,0.22,13.49,6.394,0.2234030728996375,-8.169203247986445e-05,0.0779999999999994,-0.0010473337497418599,0.08703225806451613,0.0,0.0,-0.034324942791761695
25,1,976064,0,205,48.35,0.22,13.49,6.433,0.2220889179470386,-7.842828197184915e-05,0.07800000000000029,-0.0010054907945108828,0.08703225806451613,-0.008271298593879158,0.0,-0.031810294968189
25,1,976103,0,205,48.13,0.22,13.39,6.472,0.22092186989211876,-7.639808000336324e-05,0.07800000000000029,-0.000979462564145679,0.08638709677419355,-0.008271298593879158,0.0,-0.02678099932104437
25,1,976142,0,205,48.02,0.22,13.39,6.511,0.21999999999999714,-7.582714669544899e-05,0.0779999999999994,-0.0009721429063519176,0.08638709677419355,-0.007444168734491327,0.0,-0.02363768954158014
25,1,976181,0,205,48.02,0.22,13.3,6.55,0.21907813010787552,-7.662267719386407e-05,0.07800000000000029,-0.000982342015305946,0.08580645161290323,-0.007444168734491242,0.0,-0.026780999321045083
25,1,976220,0,205,47.91,0.22,13.3,6.589,0.21791108205295562,-7.841927627833378e-05,0.07800000000000029,-0.0010053753369017114,0.08580645161290323,0.0,0.0,-0.031810294968189
25,1,976259,0,205,47.8,0.22,13.3,6.628,0.21659692710035677,-8.066447363192708e-05,0.07999999999999918,-0.0010083059203990989,0.08580645161290323,-0.008064516129032464,0.0,-0.026479241582216394
25,1,976300,0,205,47.69,0.22,13.2,6.669,0.21579274272637833,-8.275792465825482e-05,0.07899999999999974,-0.0010475686665601912,0.08516129032258064,-0.008166598611678389,-0.1265822784810132,-0.030745548516309926
25,1,976338,0,205,47.58,0.21,13.2,6.707,0.2141680287675683,-8.423360314291806e-05,0.07700000000000085,-0.0010939428979599628,0.08516129032258064,-0.008378718056137269,-0.12987012987012855,-0.03260551152018817
25,1,976377,0,205,47.47,0.21,13.1,6.746,0.2132821183393238,-8.492475387010323e-05,0.07800000000000029,-0.00108877889577055,0.08451612903225807,-0.008271298593879158,0.0,-0.04186888626247824
25,1,976416,0,205,47.36,0.21,13.1,6.785,0.21090225563909498,-8.503128505411794e-05,0.0779999999999994,-0.0010901446801810076,0.08451612903225807,-0.008271298593879253,0.0,-0.053436266250911336
25,1,976455,0,205,47.25,0.21,13.0,6.824,0.20911408957175276,-8.504307033438074e-05,0.07800000000000029,-0.0010902957735176978,0.08387096774193549,-0.008271298593879158,0.0,-0.048574613792004166
25,1,976494,0,205,47.14,0.21,13.0,6.863,0.20711343576331864,-8.553988804900037e-05,0.07800000000000029,-0.0010966652313974365,0.08387096774193549,0.0,0.0,-0.05276569349795778
25,1,976533,0,205,47.14,0.21,13.0,6.902,0.20499836547891204,-8.695167376049184e-05,0.0779999999999994,-0.0011147650482114424,0.08387096774193549,-0.00827129859387943,-0.12820512820512894,-0.054442125380339705
25,1,976572,0,205,46.92,0.2,12.9,6.941,0.20286694998365218,-8.9384164594426e-05,0.07800000000000029,-0.0011459508281336625,0.0832258064516129,-0.008271298593879336,-0.12820512820512747,-0.046437163141968024
25,1,976611,0,205,46.81,0.2,12.9,6.98,0.20137626675383852,-9.257659127037954e-05,0.09700000000000042,-0.0009543978481482385,0.0832258064516129,-0.006651147322913133,0.0,-0.03208379532425825
25,1,976669,0,205,46.7,0.2,12.8,7.038,0.19975482183719911,-9.598654256298999e-05,0.09699999999999953,-0.0009895519851854686,0.08258064516129032,-0.006651147322913194,-0.10309278350515523,-0.033431853951328055
25,1,976708,0,205,46.59,0.19,12.8,7.077,0.1981333769205597,-9.894633284162424e-05,0.0779999999999994,-0.001268542728738782,0.08258064516129032,-0.00827129859387943,0.0,-0.03989907880068061
25,1,976747,0,205,46.48,0.2,12.7,7.116,0.19664269369074605,-0.00010083007863785732,0.07800000000000029,-0.0012926933158699608,0.08193548387096773,-0.008271298593879336,0.0,-0.046437163141968024
25,1,976786,0,205,46.37,0.19,12.7,7.155,0.1945112781954862,-0.00010119226247088697,0.07800000000000029,-0.0012973366983446998,0.08193548387096773,-0.008271298593879158,0.0,-0.05444212538033944
25,1,976825,0,205,46.37,0.2,12.6,7.194,0.19239620791107956,-9.985977852900519e-05,0.0779999999999994,-0.0012802535708846916,0.08129032258064516,-0.008271298593879253,0.0,-0.05276569349795874
25,1,976864,0,205,46.26,0.19,12.6,7.233,0.19039555410264544,-9.697024818732558e-05,0.07800000000000029,-0.001243208310093913,0.08129032258064516,-0.008271298593879158,-0.12820512820512783,-0.0414078674948234
25,1,976903,0,205,46.04,0.19,12.5,7.272,0.18916639424648332,-9.295249123751504e-05,0.07800000000000029,-0.0011916986056091626,0.08064516129032258,-0.008271298593879158,0.0,-0.03151691938877221
25,1,976942,0,205,45.93,0.19,12.5,7.311,0.1879372343903212,-8.844707455828171e-05,0.07699999999999996,-0.001148663305951711,0.08064516129032258,-0.008378718056137364,0.0,-0.030228026305175335
25,1,976980,0,205,45.93,0.19,12.4,7.349,0.18683883622098482,-8.417318015108144e-05,0.07899999999999974,-0.0010654832930516672,0.08,-0.008166598611678214,-0.1265822784810132,-0.035918083596442586
25,1,977021,0,205,45.82,0.18,12.4,7.39,0.18509970578620225,-8.076732841125534e-05,0.08000000000000007,-0.0010095916051406908,0.08,0.0,-0.125,-0.04327394573389941
25,1,977060,0,205,45.6,0.18,12.4,7.429,0.18337692056227287,-7.864239896501601e-05,0.07800000000000029,-0.001008235884166868,0.08,-0.008271298593879158,0.0,-0.042707102203669245
25,1,977099,0,205,45.6,0.18,12.3,7.468,0.18176855181431603,-7.791755340502248e-05,0.0779999999999994,-0.0009989429923720908,0.07935483870967742,-0.008271298593879253,0.0,-0.050083402486148336
25,1,977138,0,205,45.49,0.18,12.3,7.507,0.17947041516835333,-7.843392928154635e-05,0.07800000000000029,-0.0010055631959172571,0.07935483870967742,-0.008271298593879336,0.0,-0.04819741661846835
25,1,977177,0,205,45.38,0.18,12.2,7.546,0.17800915331807549,-7.982243167158209e-05,0.07800000000000029,-0.001023364508610023,0.07870967741935483,-0.008271298593879336,0.0,-0.04421589089781214
25,1,977216,0,205,45.27,0.18,12.2,7.585,0.17602157567832397,-8.157841240761954e-05,0.0779999999999994,-0.0010458770821489764,0.07870967741935483,0.0,0.0,-0.0381388253241799
25,1,977255,0,205,45.16,0.18,12.2,7.624,0.17503432494278948,-8.313386835358827e-05,0.07800000000000029,-0.0010658188250459995,0.07870967741935483,-0.008271298593879158,-0.12820512820512747,-0.022799473600388507
25,1,977294,0,205,45.05,0.17,12.1,7.663,0.17424321673749366,-8.395271828717377e-05,0.07800000000000029,-0.0010763169011176084,0.07806451612903226,-0.008271298593879158,-0.12820512820512747,-0.020913487732709096
25,1,977333,0,205,44.94,0.17,12.1,7.702,0.17340307289963816,-8.366179566320219e-05,0.08000000000000007,-0.0010457724457900266,0.07806451612903226,-0.007258064516128982,0.0,-0.020390650539391427
25,1,977374,0,205,44.83,0.17,12.01,7.743,0.17261196469434234,-8.218269589942295e-05,0.08000000000000007,-0.001027283698742786,0.07748387096774194,-0.007258064516128982,0.0,-0.01793886891140876
25,1,977413,0,205,44.83,0.17,12.01,7.782,0.17196796338672546,-7.979961640194056e-05,0.0779999999999994,-0.0010230720051530918,0.07748387096774194,-0.008271298593879253,0.0,-0.024936924250425648
25,1,977452,0,205,44.61,0.17,11.91,7.821,0.17066688460280915,-7.711312882301868e-05,0.07699999999999996,-0.0010014692054937497,0.07683870967741936,-0.008378718056137364,0.0,-0.026958984134531544
25,1,977490,0,205,44.61,0.17,11.91,7.859,0.16989212160836653,-7.487665594137383e-05,0.07699999999999996,-0.0009724241031347255,0.07683870967741936,0.0,0.0,-0.023732397057012435
25,1,977529,0,205,44.5,0.17,11.91,7.898,0.1688394900294192,-7.376559571057761e-05,0.07800000000000029,-0.0009457127655202222,0.07683870967741936,-0.008271298593879336,0.0,-0.029295647144617038
25,1,977568,0,205,44.39,0.17,11.81,7.937,0.1676070611310864,-7.416160849160037e-05,0.07800000000000029,-0.0009507898524564114,0.07619354838709677,-0.008271298593879336,0.0,-0.03264851090938
25,1,977607,0,205,44.28,0.17,11.81,7.976,0.16629290617848755,-7.602827619090569e-05,0.07800000000000029,-0.0009747214896269924,0.07619354838709677,0.0,0.0,-0.03348672685057065
25,1,977646,0,205,44.17,0.17,11.81,8.015,0.16499509643674187,-7.891922825562503e-05,0.07800000000000029,-0.0010117849776362146,0.07619354838709677,-0.008271298593879158,-0.12820512820512783,-0.03181029496818935
25,1,977685,0,205,44.06,0.16,11.71,8.054,0.16381170317096877,-8.211814140445384e-05,0.08000000000000007,-0.0010264767675556721,0.0755483870967742,-0.008064516129032202,-0.125,-0.03820693036940059
25,1,977726,0,205,43.95,0.16,11.71,8.095,0.16193854200718982,-8.48666407876717e-05,0.08000000000000007,-0.0010608330098458953,0.0755483870967742,-0.008064516129032376,0.0,-0.04764628963713556
25,1,977765,0,205,43.84,0.16,11.61,8.134,0.15999999999999792,-8.659731780322488e-05,0.0779999999999994,-0.0011102220231182763,0.0749032258064516,-0.00827129859387943,0.0,-0.04970620531261252
25,1,977804,0,205,43.72,0.16,11.61,8.173,0.15806145799280608,-8.708135780868886e-05,0.0779999999999994,-0.0011164276642139682,0.0749032258064516,-0.008271298593879253,0.0,-0.041701243074240654
25,1,977843,0,205,43.61,0.16,11.51,8.212,0.15674730304020718,-8.64385760363291e-05,0.0779999999999994,-0.001108186872260638,0.07425806451612903,-0.008271298593879253,-0.1282051282051293,-0.03600137467414373
25,1,977882,0,205,43.61,0.15,11.51,8.251,0.1552533507682229,-8.502308565188877e-05,0.0779999999999994,-0.001090039559639608,0.07425806451612903,0.0,-0.1282051282051293,-0.039354238438906376
25,1,977921,0,205,43.5,0.15,11.51,8.29,0.1536776724419725,-8.325537350730273e-05,0.07699999999999996,-0.001081238616977958,0.07425806451612903,-0.008378718056137364,0.0,-0.04071443430711136
25,1,977959,0,205,43.39,0.15,11.41,8.328,0.1521183393265753,-8.148736231316889e-05,0.07700000000000173,-0.0010582774326385331,0.07361290322580645,-0.008378718056137172,0.0,-0.03901623058210046
25,1,977998,0,205,43.28,0.15,11.41,8.367,0.1506734226871507,-7.994748198393253e-05,0.07800000000000118,-0.0010249677177427091,0.07361290322580645,-0.008271298593879064,0.0,-0.03432494279176092
25,1,978037,0,205,43.17,0.15,11.31,8.406,0.14944099378881792,-7.875008239171421e-05,0.0799999999999983,-0.0009843760298964485,0.07296774193548387,-0.008064516129032381,0.0,-0.026928734880680167
25,1,978078,0,205,43.06,0.15,11.31,8.447,0.14851912389669633,-7.792488484748361e-05,0.08000000000000007,-0.0009740610605935442,0.07296774193548387,0.0,0.0,-0.02222948676037851
25,1,978117,0,205,42.95,0.15,11.31,8.486,0.14766263484798764,-7.744445454911464e-05,0.07800000000000118,-0.0009928776224245317,0.07296774193548387,-0.008271298593879064,0.0,-0.02426635149747214
25,1,978156,0,205,42.84,0.15,11.21,8.525,0.14662634847989348,-7.725736167823528e-05,0.0779999999999994,-0.0009904789958748187,0.0723225806451613,-0.008271298593879253,0.0,-0.027619215262235694
25,1,978195,0,205,42.73,0.15,11.21,8.564,0.14550833605753327,-7.732755458370733e-05,0.0779999999999994,-0.0009913789049193322,0.0723225806451613,-0.00827129859387943,-0.12820512820512894,-0.028457431203426354
25,1,978234,0,205,42.62,0.14,11.11,8.603,0.14440666884602624,-7.765117299468117e-05,0.0779999999999994,-0.0009955278589061764,0.0716774193548387,-0.00827129859387943,-0.12820512820512894,-0.02678099932104503
25,1,978273,0,205,42.62,0.14,11.11,8.642,0.14341941811049178,-7.822198857365059e-05,0.0779999999999994,-0.0010028460073545024,0.0716774193548387,0.0,0.0,-0.03415729960352328
25,1,978312,0,205,42.51,0.14,11.11,8.681,0.14174239947695144,-7.896063892188643e-05,0.07800000000000118,-0.0010123158836139133,0.0716774193548387,-0.008271298593879064,0.0,-0.043838693724275825
25,1,978351,0,205,42.4,0.14,11.01,8.72,0.1399999999999982,-7.966651602450803e-05,0.07800000000000118,-0.0010213655900577798,0.07103225806451613,-0.008271298593879064,0.0,-0.04467690966546682
25,1,978390,0,205,42.29,0.14,11.01,8.759,0.13825760052304498,-8.004840714498052e-05,0.07899999999999885,-0.0010132709765187555,0.07103225806451613,0.0,0.0,-0.036207745560930454
25,1,978430,0,205,42.18,0.14,11.01,8.799,0.13713958810068475,-7.984389553133476e-05,0.07899999999999885,-0.0010106822219156447,0.07103225806451613,-0.008166598611678306,0.0,-0.030580027393746108
25,1,978469,0,205,42.18,0.14,10.91,8.838,0.13584177835893907,-7.897835332483361e-05,0.07800000000000118,-0.0010125429913440053,0.07038709677419355,-0.016542597187758128,-0.1282051282051264,-0.03432494279176127
25,1,978508,0,205,41.96,0.13,10.81,8.877,0.13446224256292733,-7.766709093339052e-05,0.07800000000000118,-0.0009957319350434532,0.06974193548387098,-0.008271298593879064,-0.1282051282051264,-0.035163158732951914
25,1,978547,0,205,41.85,0.13,10.81,8.916,0.13309905197776878,-7.636709800083174e-05,0.0779999999999994,-0.0009790653589850297,0.06974193548387098,0.0,0.0,-0.03348672685057103
25,1,978586,0,205,41.74,0.13,10.81,8.955,0.1318502778685828,-7.557268285892071e-05,0.0779999999999994,-0.0009688805494733498,0.06974193548387098,0.0,0.0,-0.029295647144617017
25,1,978625,0,205,41.74,0.13,10.81,8.994,0.13081399150048867,-7.55731479649171e-05,0.0779999999999994,-0.0009688865123707394,0.06974193548387098,-0.007444168734491505,0.0,-0.034157299603523636
25,1,978664,0,205,41.63,0.13,10.72,9.033,0.12918600849950798,-7.633190992387107e-05,0.0779999999999994,-0.0009786142297932264,0.06916129032258064,-0.007444168734491505,0.0,-0.04132404590070484
25,1,978703,0,205,41.52,0.13,10.72,9.072,0.12759071592023372,-7.755823529282502e-05,0.07800000000000118,-0.0009943363499079982,0.06916129032258064,-0.008271298593879064,0.0,-0.032480867721141574
25,1,978742,0,205,41.41,0.13,10.62,9.111,0.1266525008172589,-7.89087862869664e-05,0.08000000000000007,-0.0009863598285870792,0.06851612903225807,-0.008064516129032202,0.0,-0.032281791435109064
25,1,978783,0,205,41.3,0.13,10.62,9.152,0.125008172605425,-8.018514785107201e-05,0.08000000000000007,-0.0010023143481383992,0.06851612903225807,-0.008064516129032376,-0.125,-0.03085158548545225
25,1,978822,0,205,41.3,0.12,10.52,9.191,0.12418437397842272,-8.141564923829491e-05,0.07800000000000118,-0.001043790374849919,0.06787096774193548,-0.008271298593879243,-0.1282051282051264,-0.028080234029890256
25,1,978861,0,205,41.19,0.12,10.52,9.23,0.12281791435109352,-8.278862965648947e-05,0.07699999999999996,-0.0010751770085258379,0.06787096774193548,0.0,0.0,-0.022713474822007085
25,1,978899,0,205,41.08,0.12,10.52,9.268,0.12243543641712817,-8.448880437293304e-05,0.07699999999999996,-0.0010972571996484817,0.06787096774193548,-0.008378718056137364,0.0,-0.019317067371987084
25,1,978938,0,205,40.97,0.12,10.42,9.307,0.12133050016345051,-8.653290855237472e-05,0.0779999999999994,-0.001109396263491992,0.0672258064516129,-0.008271298593879253,0.0,-0.0295890227240338
25,1,978977,0,205,40.86,0.12,10.42,9.346,0.12012749264465356,-8.868265476852955e-05,0.0779999999999994,-0.0011369571124170543,0.0672258064516129,-0.008271298593879253,0.0,-0.03126545460641548
25,1,979016,0,205,40.75,0.12,10.32,9.385,0.11889179470415012,-9.045867333991709e-05,0.0779999999999994,-0.001159726581280997,0.06658064516129032,-0.008271298593879253,0.0,-0.03126545460641583
25,1,979055,0,205,40.64,0.12,10.32,9.424,0.11768878718535314,-9.124246934858072e-05,0.0779999999999994,-0.0011697752480587362,0.06658064516129032,0.0,0.0,-0.029589022724034155
25,1,979094,0,205,40.64,0.12,10.32,9.463,0.11658385093167548,-9.045020968911288e-05,0.08000000000000007,-0.00113062762111391,0.06658064516129032,-0.008064516129032202,-0.12499999999999983,-0.01859267734553754
25,1,979135,0,205,40.53,0.11,10.22,9.504,0.11620137299771013,-8.775204933961689e-05,0.08000000000000007,-0.00109690061674521,0.06593548387096775,-0.016129032258064578,0.0,-0.010583524027459731
25,1,979174,0,205,40.42,0.12,10.12,9.543,0.1157371690094787,-8.326563520262021e-05,0.07800000000000118,-0.0010675081436233198,0.06529032258064515,-0.008271298593879243,0.0,-0.011693112379610723
25,1,979213,0,205,40.31,0.11,10.12,9.582,0.11528931023210048,-7.761815372362157e-05,0.07800000000000118,-0.0009951045349182103,0.06529032258064515,0.0,0.0,-0.021584060485661798
25,1,979252,0,205,40.2,0.12,10.12,9.621,0.11405361229159705,-7.181399772254693e-05,0.0779999999999994,-0.0009206922784941984,0.06529032258064515,-0.008271298593879253,0.0,-0.04094684872716885
25,1,979291,0,205,40.09,0.11,10.02,9.66,0.11209545603138134,-6.694614241093788e-05,0.0779999999999994,-0.0008582838770633128,0.06464516129032258,-0.008271298593879253,-0.1282051282051291,-0.040318186771275764
25,1,979330,0,205,40.09,0.11,10.02,9.699,0.11090879372343757,-6.386379358935913e-05,0.07699999999999996,-0.0008293999167449242,0.06464516129032258,0.0,0.0,-0.03167149947143346
25,1,979368,0,205,39.87,0.11,10.02,9.737,0.10965675057208096,-6.29203467876689e-05,0.07699999999999996,-0.0008171473608788172,0.06464516129032258,0.0,0.0,-0.032520601333938096
25,1,979407,0,205,39.76,0.11,10.02,9.776,0.10840470742072433,-6.389707168219871e-05,0.0779999999999994,-0.0008191932266948615,0.06464516129032258,-0.008271298593879253,0.0,-0.03126545460641548
25,1,979446,0,205,39.65,0.11,9.92,9.815,0.10721804511278057,-6.613565238783537e-05,0.08000000000000007,-0.0008266956548479413,0.064,-0.008064516129032202,0.0,-0.028032036613271995
25,1,979487,0,205,39.65,0.11,9.92,9.856,0.10616214449166257,-6.881787300048892e-05,0.08000000000000007,-0.0008602234125061107,0.064,-0.008064516129032202,-0.12499999999999983,-0.023945733899967035
25,1,979526,0,205,39.54,0.1,9.82,9.895,0.10530238640078321,-7.125602366732587e-05,0.0779999999999994,-0.0009135387649657232,0.06335483870967742,-0.008271298593879253,-0.1282051282051291,-0.02309284917980555
25,1,979565,0,205,39.43,0.1,9.82,9.934,0.10436090225563775,-7.306647370713115e-05,0.07800000000000118,-0.0009367496629119237,0.06335483870967742,0.0,0.0,-0.024350173091591168
25,1,979604,0,205,39.43,0.1,9.82,9.973,0.10340307289963907,-7.418348946136e-05,0.07800000000000118,-0.0009510703777097292,0.06335483870967742,-0.008271298593879064,0.0,-0.03109781141817671
25,1,979643,0,205,39.32,0.1,9.72,10.012,0.10193527296501993,-7.475854669092996e-05,0.0779999999999994,-0.0009584429062939812,0.06270967741935485,-0.008271298593879253,0.1282051282051291,-0.0250207458445445
25,1,979682,0,205,39.21,0.11,9.72,10.051,0.10145145472376461,-7.502490227172842e-05,0.0779999999999994,-0.000961857721432423,0.06270967741935485,0.0,0.0,-0.017686356359125056
25,1,979721,0,205,39.1,0.1,9.72,10.09,0.10055573716900819,-7.519192189324996e-05,0.0779999999999994,-0.0009639989986314171,0.06270967741935485,-0.008271298593879518,-0.1282051282051291,-0.013495276653171037
25,1,979760,0,205,38.99,0.1,9.62,10.129,0.10039882314481728,-7.539975609559946e-05,0.0779999999999994,-0.00096666353968718,0.06206451612903225,-0.008271298593879518,0.0,-0.00528076042950195
25,1,979799,0,205,38.88,0.1,9.62,10.168,0.10014383785550704,-7.572682061909575e-05,0.08000000000000007,-0.000946585257738696,0.06206451612903225,-0.007258064516128982,0.0,-0.013770840143837748
25,1,979840,0,205,38.88,0.1,9.53,10.209,0.09929715593331026,-7.621262252191841e-05,0.07900000000000063,-0.0009647167407837697,0.06148387096774193,-0.00734993875051031,0.0,-0.010014027915137067
25,1,979878,0,205,38.77,0.1,9.53,10.247,0.0993527296502112,-7.68622732170563e-05,0.07699999999999996,-0.0009982113404812512,0.06148387096774193,0.0,0.0,0.002292575028763302
25,1,979917,0,205,38.66,0.1,9.53,10.286,0.09947368421052503,-7.763641734283943e-05,0.0779999999999994,-0.0009953386838825644,0.06148387096774193,-0.008271298593879253,-0.1282051282051293,-0.00678954912364539
25,1,979956,0,205,38.55,0.09,9.43,10.325,0.09882314481856687,-7.845719273373142e-05,0.07800000000000118,-0.0010058614453042338,0.060838709677419354,-0.008271298593879064,0.0,-0.018985591067970486
25,1,979995,0,205,38.44,0.1,9.43,10.364,0.09799280810722331,-7.924229028063224e-05,0.07800000000000118,-0.0010159267984696286,0.060838709677419354,-0.008271298593879064,0.1282051282051264,-0.023176670773924053
25,1,980034,0,205,38.33,0.1,9.33,10.403,0.09701536449820077,-7.993946308630661e-05,0.0779999999999994,-0.0010248649113629132,0.06019354838709678,-0.008271298593879253,0.0,-0.02652953453868776
25,1,980073,0,205,38.22,0.1,9.33,10.442,0.09592350441320568,-8.052676088763277e-05,0.0779999999999994,-0.0010323943703542742,0.06019354838709678,0.0,0.0,-0.017476802373827302
25,1,980112,0,205,38.22,0.1,9.33,10.481,0.09565217391304225,-8.098116546217504e-05,0.0779999999999994,-0.001038220070027893,0.06019354838709678,-0.008271298593879341,-0.1282051282051293,-0.014333492594362054
25,1,980151,0,205,38.11,0.09,9.23,10.52,0.09480549199084545,-8.125350403255638e-05,0.08000000000000007,-0.0010156688004069538,0.059548387096774194,-0.008064516129032289,-0.125,-0.013975155279503057
25,1,980192,0,205,38.0,0.09,9.23,10.561,0.094534161490682,-8.127656632758296e-05,0.0810000000000013,-0.0010034143991059464,0.059548387096774194,-0.007964954201513165,0.12345679012345492,-0.01682951339701866
25,1,980232,0,205,37.89,0.1,9.13,10.601,0.09344230140568692,-8.099294789041877e-05,0.07900000000000063,-0.0010252271884863054,0.05890322580645162,-0.008166598611678122,0.0,-0.026193717645792574
25,1,980271,0,205,37.78,0.09,9.13,10.64,0.09246485779666437,-8.037315223235985e-05,0.0779999999999994,-0.001030425028620006,0.05890322580645162,0.0,-0.1282051282051293,-0.016009924476743733
25,1,980310,0,205,37.67,0.09,9.13,10.679,0.09219352729650092,-7.942025394319252e-05,0.07699999999999996,-0.0010314318693921112,0.05890322580645162,-0.008378718056137545,0.0,-0.008745749183800798
25,1,980348,0,205,37.56,0.09,9.03,10.717,0.09179143510951171,-7.818333960987189e-05,0.07699999999999996,-0.0010153680468814536,0.05825806451612903,-0.008378718056137545,0.0,-0.030270481398300558
25,1,980387,0,205,37.56,0.09,9.03,10.756,0.08986270022883178,-7.678660171697516e-05,0.0779999999999994,-0.0009844436117560993,0.05825806451612903,-0.008271298593879253,0.0,-0.03155883018583226
25,1,980426,0,205,37.45,0.09,8.93,10.795,0.08932984635501681,-7.544227127481307e-05,0.0779999999999994,-0.0009672086060873543,0.05761290322580645,-0.008271298593879253,0.0,-0.013662919841409453
25,1,980465,0,205,37.34,0.09,8.93,10.834,0.08879699248120185,-7.440810563863031e-05,0.0779999999999994,-0.0009539500722901395,0.05761290322580645,0.0,0.0,-0.012824703900218615
25,1,980504,0,205,37.34,0.09,8.93,10.873,0.08832951945079977,-7.389135886234932e-05,0.08099999999999952,-0.0009122389983006143,0.05761290322580645,-0.00796495420151334,0.0,-0.009928202147881753
25,1,980546,0,205,37.12,0.09,8.83,10.915,0.08799280810722343,-7.394864676591695e-05,0.0810000000000013,-0.0009129462563693305,0.05696774193548387,-0.007964954201513165,-0.12345679012345476,-0.017031306123601674
25,1,980585,0,205,37.12,0.08,8.83,10.954,0.08694998365478801,-7.443953681040405e-05,0.07800000000000118,-0.0009543530360308068,0.05696774193548387,0.0,0.0,-0.02820596642106862
25,1,980624,0,205,37.01,0.09,8.83,10.993,0.08579274272638004,-7.506377543930398e-05,0.0779999999999994,-0.0009623560953756993,0.05696774193548387,-0.008271298593879253,0.1282051282051291,-0.01915323425620898
25,1,980663,0,205,36.9,0.09,8.73,11.032,0.08545603138280372,-7.547438388089844e-05,0.0779999999999994,-0.000967620306165372,0.056322580645161296,-0.008271298593879253,-0.1282051282051291,-0.016009924476743556
25,1,980702,0,205,36.79,0.08,8.73,11.071,0.08454396861719406,-7.542153589839807e-05,0.0779999999999994,-0.0009669427679281878,0.056322580645161296,-0.008271298593879341,-0.1282051282051291,-0.016009924476743733
25,1,980741,0,205,36.68,0.08,8.63,11.11,0.08420725727361772,-7.48558605536811e-05,0.0779999999999994,-0.0009596905199189959,0.05567741935483871,-0.008271298593879341,0.1282051282051291,-0.011986487959027953
25,1,980780,0,205,36.68,0.09,8.63,11.149,0.08360902255638988,-7.393266961584111e-05,0.07699999999999996,-0.0009601645404654695,0.05567741935483871,0.0,0.0,-0.02534569059577181
25,1,980818,0,205,36.57,0.08,8.63,11.187,0.08225563909774329,-7.29153604289685e-05,0.07700000000000173,-0.0009469527328437255,0.05567741935483871,-0.008378718056137352,-0.1298701298701269,-0.025557966061397697
25,1,980857,0,205,36.46,0.08,8.53,11.226,0.08164105916966222,-7.203352280673059e-05,0.08999999999999986,-0.0008003724756303411,0.05503225806451612,-0.0071684587813621295,0.0,-0.01474701245868255
25,1,980908,0,205,36.35,0.08,8.53,11.277,0.08092840797646186,-7.13659540121938e-05,0.0909999999999993,-0.0007842412528812566,0.05503225806451612,0.0,0.0,-0.01602189899018895
25,1,980948,0,205,36.24,0.08,8.53,11.317,0.08018306636155503,-7.079633032484978e-05,0.08200000000000074,-0.0008633698820103554,0.05503225806451612,-0.00786782061368989,0.0,-0.01778040009886827
25,1,980990,0,205,36.13,0.08,8.43,11.359,0.07947041516835465,-7.005890867848841e-05,0.08300000000000018,-0.0008440832370902199,0.054387096774193545,-0.007773027594247895,0.0,-0.03359630086216027
25,1,981031,0,205,36.13,0.08,8.43,11.4,0.07739457338999572,-6.886349368641475e-05,0.08200000000000074,-0.0008397987034928553,0.054387096774193545,0.0,0.0,-0.03161402977220298
25,1,981072,0,205,36.02,0.08,8.43,11.441,0.07687806472703398,-6.706273669766282e-05,0.08199999999999896,-0.0008178382524105326,0.054387096774193545,-0.00786782061369006,0.0,-0.010604453870625601
25,1,981113,0,205,35.91,0.08,8.33,11.482,0.07652500817260444,-6.480484006966947e-05,0.08199999999999896,-0.0007903029276789059,0.05374193548387097,-0.00786782061369006,-0.1219512195121966,-0.016823607268436114
25,1,981154,0,205,35.8,0.07,8.33,11.523,0.07549852893102224,-6.260164584871753e-05,0.08200000000000074,-0.0007634347054721581,0.05374193548387097,-0.0070810385523209,-0.12195121951219397,-0.026032738261347336
25,1,981195,0,205,35.8,0.07,8.24,11.564,0.07439032363517394,-6.124635313329207e-05,0.08300000000000018,-0.0007379078690758064,0.05316129032258065,-0.006995724834823106,0.12048192771084304,-0.016423982953717227
25,1,981237,0,205,35.69,0.08,8.24,11.606,0.07413533834586371,-6.156322135904979e-05,0.08499999999999908,-0.0007242731924594172,0.05316129032258065,0.0,0.0,-0.012383900928792449
25,1,981280,0,205,35.58,0.07,8.24,11.649,0.07333769205622659,-6.406209940164586e-05,0.08399999999999963,-0.0007626440404957874,0.05316129032258065,0.0,-0.11904761904761951,-0.018407820794221572
25,1,981321,0,205,35.47,0.07,8.24,11.69,0.0725890813991491,-6.864607217459095e-05,0.08200000000000074,-0.0008371472216413455,0.05316129032258065,-0.007867820613689973,0.0,-0.01726213731571752
25,1,981362,0,205,35.36,0.07,8.14,11.731,0.07192219679633774,-7.451566100744244e-05,0.08200000000000074,-0.000908727573261485,0.052516129032258066,-0.007867820613689973,0.0,-0.008053006322805594
25,1,981403,0,205,35.25,0.07,8.14,11.772,0.07192873488067904,-8.032718579995369e-05,0.08200000000000074,-0.0009795998268286948,0.052516129032258066,0.0,0.12195121951219397,-0.008651001841825835
25,1,981444,0,205,35.13,0.08,8.14,11.813,0.07121281464530801,-8.456019103854473e-05,0.08199999999999896,-0.0010312218419334853,0.052516129032258066,-0.00786782061369023,0.0,-0.014870155239636704
25,1,981485,0,205,35.02,0.07,8.04,11.854,0.07070938215102884,-8.597852797072569e-05,0.08199999999999896,-0.0010485186337893509,0.051870967741935475,-0.015735641227380203,-0.1219512195121966,-0.009288863728781276
25,1,981526,0,205,35.02,0.07,7.94,11.895,0.07045112781954796,-8.403179713729614e-05,0.08200000000000074,-0.0010247780138694558,0.051225806451612906,-0.007867820613689805,0.0,-0.0029102448592317185
25,1,981567,0,205,34.91,0.07,7.94,11.936,0.07047074207257184,-7.904822484045049e-05,0.08200000000000074,-0.0009640027419567046,0.051225806451612906,0.0,0.0,-0.00673741618096113
25,1,981608,0,205,34.8,0.07,7.94,11.977,0.06989865969270914,-7.214580913837487e-05,0.08200000000000074,-0.0008798269407118807,0.051225806451612906,-0.007867820613689973,0.0,-0.01435189245648563
25,1,981649,0,205,34.69,0.07,7.84,12.018,0.06929388689114001,-6.490640234536027e-05,0.08499999999999908,-0.000763604733474835,0.05058064516129032,-0.007590132827324596,0.0,-0.003999769244081994
25,1,981693,0,205,34.58,0.07,7.84,12.062,0.06955867930696218,-5.893688755965432e-05,0.08499999999999908,-0.0006933751477606466,0.05058064516129032,0.0,0.0,-0.0003461338768916906
25,1,981734,0,205,34.47,0.07,7.84,12.103,0.06926446551160421,-5.5454105378005104e-05,0.08200000000000074,-0.000676269577780544,0.05058064516129032,0.0,0.0,-0.0071759462282429
25,1,981775,0,205,34.47,0.07,7.84,12.144,0.06897025171624625,-5.500597512715633e-05,0.08200000000000074,-0.0006708045747214126,0.05058064516129032,-0.00786782061368989,-0.12195121951219413,-0.00035879731141211116
25,1,981816,0,205,34.36,0.06,7.74,12.185,0.06923504413206842,-5.73921333022307e-05,0.08099999999999952,-0.0007085448555830992,0.049935483870967745,-0.00796495420151334,0.0,0.0027040225362117455
25,1,981856,0,205,34.25,0.07,7.74,12.225,0.0691892775416794,-6.177465592333409e-05,0.08099999999999952,-0.0007626500731275859,0.049935483870967745,0.0,0.12345679012345763,0.006578442886604541
25,1,981897,0,205,34.14,0.07,7.74,12.266,0.06976789800588339,-6.691217431264728e-05,0.08200000000000074,-0.0008160021257639839,0.049935483870967745,-0.007867820613689973,0.0,0.004704231416292444
25,1,981938,0,205,34.14,0.07,7.64,12.307,0.06957502451781539,-7.144359105671061e-05,0.08200000000000074,-0.0008712633055696338,0.04929032258064516,-0.007867820613689973,0.0,-0.006896881652700109
25,1,981979,0,205,34.03,0.07,7.64,12.348,0.06920235371036197,-7.417076613355001e-05,0.08199999999999896,-0.000904521538214036,0.04929032258064516,0.0,0.0,-0.017700667362999335
25,1,982020,0,205,33.92,0.07,7.64,12.389,0.06812356979404946,-7.43079989114559e-05,0.08499999999999908,-0.0008742117518994908,0.04929032258064516,-0.007590132827324596,0.0,-0.01649904813183845
25,1,982064,0,205,33.81,0.07,7.54,12.433,0.06779993461915572,-7.166838852248958e-05,0.08500000000000085,-0.0008431575120292807,0.04864516129032258,-0.0075901328273244376,0.0,-0.01553756514047228
25,1,982105,0,205,33.7,0.07,7.54,12.474,0.0668028767571093,-6.674355183545977e-05,0.08200000000000074,-0.0008139457540909654,0.04864516129032258,-0.00786782061368989,0.0,-0.014710689767897743
25,1,982146,0,205,33.7,0.07,7.44,12.515,0.0665936580581881,-6.062132655201058e-05,0.08199999999999896,-0.0007392844701464798,0.048,-0.00786782061369006,0.0,-0.006099554294006529
25,1,982187,0,205,33.59,0.07,7.44,12.556,0.06630271330500077,-5.4715191579223447e-05,0.08099999999999952,-0.000675496192336096,0.048,0.0,-0.12345679012345763,-0.014690510495239607
25,1,982227,0,205,33.48,0.06,7.44,12.596,0.06540372670807369,-5.036251525506952e-05,0.0810000000000013,-0.0006217594475934409,0.048,0.0,-0.12345679012345492,-0.02280257810387417
25,1,982268,0,205,33.37,0.06,7.44,12.637,0.06445570447858694,-4.8436353648258825e-05,0.08200000000000074,-0.0005906872396129072,0.048,0.0,0.0,-0.01690334000430524
25,1,982309,0,205,33.26,0.06,7.44,12.678,0.06401765282772065,-4.9130481241240534e-05,0.08199999999999896,-0.0005991522102590385,0.048,-0.007867820613690145,0.0,-0.010883518446168397
25,1,982350,0,205,33.26,0.06,7.34,12.719,0.06356325596600114,-5.19923390565511e-05,0.08199999999999896,-0.0006340529153238019,0.04735483870967742,-0.007867820613690145,0.0,-0.017700667362999165
25,1,982391,0,205,33.15,0.06,7.34,12.76,0.06256619810395474,-5.6152961917574016e-05,0.0840000000000014,-0.00066848764187587,0.04735483870967742,0.0,0.11904761904761715,-0.01280374850168871
25,1,982434,0,205,33.04,0.07,7.34,12.803,0.06248774109185927,-6.062920681049811e-05,0.08399999999999963,-0.000721776271553552,0.04735483870967742,-0.00768049155145928,0.0,-0.0012842665670388259
25,1,982475,0,205,32.93,0.06,7.24,12.844,0.062458319712323476,-6.458394526008782e-05,0.08199999999999896,-0.0007876090885376662,0.04670967741935484,-0.00786782061369006,0.0,0.0002790645755427968
25,1,982516,0,205,32.82,0.07,7.24,12.885,0.06251062438705378,-6.748233730994002e-05,0.08200000000000074,-0.0008229553330480416,0.04670967741935484,0.0,0.0,0.0026710466516237574
25,1,982557,0,205,32.82,0.06,7.24,12.926,0.06267734553775663,-6.913195354565804e-05,0.08200000000000074,-0.0008430726042153344,0.04670967741935484,-0.007867820613689973,-0.12195121951219413,0.005860356086398267
25,1,982598,0,205,32.71,0.06,7.14,12.967,0.06299117358613844,-6.962892045161517e-05,0.08199999999999896,-0.0008491331762392202,0.04606451612903226,-0.007867820613690145,0.12195121951219677,0.009846992879866701
25,1,982639,0,205,32.6,0.07,7.14,13.008,0.06348479895390569,-6.924871200864669e-05,0.08199999999999896,-0.0008444964879103362,0.04606451612903226,0.0,0.0,0.0036278394820561887
25,1,982680,0,205,32.49,0.06,7.14,13.049,0.06328865642366704,-6.832056555137012e-05,0.08200000000000074,-0.0008331776286752379,0.04606451612903226,-0.00786782061368989,-0.12195121951219413,-0.006378618869549188
25,1,982721,0,205,32.49,0.06,7.04,13.09,0.06296175220660265,-6.711797332056247e-05,0.08200000000000074,-0.0008185118697629496,0.04541935483870968,-0.00786782061368989,0.0,-0.009567928304323698
25,1,982762,0,205,32.38,0.06,7.04,13.131,0.0625040863027125,-6.578737267121326e-05,0.08399999999999963,-0.0007831830079906376,0.04541935483870968,0.0,0.11904761904761968,-0.012453493983405724
25,1,982805,0,205,32.27,0.07,7.04,13.174,0.06191565871199657,-6.43250573400449e-05,0.08399999999999963,-0.0007657744921433949,0.04541935483870968,-0.006912442396313436,0.0,-0.015566867479257073
25,1,982846,0,205,32.27,0.06,6.95,13.215,0.061196469434454906,-6.260419825625618e-05,0.08200000000000074,-0.0007634658323933611,0.044838709677419354,-0.007081038552320985,-0.12195121951219413,-0.008132739058675084
25,1,982887,0,205,32.16,0.06,6.95,13.256,0.06124877410918521,-6.044578076765195e-05,0.08200000000000074,-0.0007371436678981878,0.044838709677419354,0.0,0.0,-0.006737416180961299
25,1,982928,0,205,32.05,0.06,6.95,13.297,0.060644001307616074,-5.77142647287916e-05,0.08199999999999896,-0.0007038324966925893,0.044838709677419354,-0.007867820613690145,0.0,-0.004943429623900681
25,1,982969,0,205,31.94,0.06,6.85,13.338,0.06084341288002536,-5.440741336226207e-05,0.08199999999999896,-0.0006635050410032044,0.04419354838709677,-0.007867820613690145,0.0,-0.0027507793874931375
25,1,983010,0,205,31.83,0.06,6.85,13.379,0.06041843739784164,-5.070812913361067e-05,0.08200000000000074,-0.0006183918187025636,0.04419354838709677,0.0,0.0,-0.011162583021710953
25,1,983051,0,205,31.72,0.06,6.85,13.42,0.05992808107224505,-4.69808436906165e-05,0.08200000000000074,-0.0005729371181782449,0.04419354838709677,0.0,0.0,-0.0017541201891260647
25,1,983092,0,205,31.72,0.06,6.85,13.461,0.0602745995423333,-4.372146069206906e-05,0.08200000000000074,-0.0005331885450252276,0.04419354838709677,-0.00786782061368989,0.0,0.0012358574059751436
25,1,983133,0,205,31.61,0.06,6.75,13.502,0.060029421379535014,-4.1479354290181015e-05,0.08399999999999963,-0.0004938018367878714,0.043548387096774194,-0.00768049155145928,0.0,-0.006226746991702697
25,1,983176,0,205,31.5,0.06,6.75,13.545,0.05975155279503028,-4.075162614277961e-05,0.08399999999999963,-0.00048513840646166416,0.043548387096774194,0.0,0.0,-0.00035025451828325603
25,1,983217,0,205,31.39,0.06,6.75,13.586,0.05999999999999922,-4.1846729194012334e-05,0.08200000000000074,-0.0005103259657806336,0.043548387096774194,0.0,0.0,0.012876836842902188
25,1,983258,0,205,31.28,0.06,6.75,13.627,0.060807453416148266,-4.475647105016201e-05,0.08199999999999896,-0.0005458106225629582,0.043548387096774194,0.0,0.0,0.002671046651623646
25,1,983299,0,205,31.28,0.06,6.75,13.668,0.06021902582543236,-4.911239762266817e-05,0.08199999999999896,-0.0005989316783252291,0.043548387096774194,-0.00786782061369006,0.0,-0.006737416180961276
25,1,983340,0,205,31.17,0.06,6.65,13.709,0.06025498528930945,-5.427050205487838e-05,0.0810000000000013,-0.0006700061982083643,0.04290322580645162,-0.007964954201513165,0.0,-0.002139002901779373
25,1,983380,0,205,31.06,0.06,6.65,13.749,0.060045766590388225,-5.9487661662196876e-05,0.08099999999999952,-0.0007344155760765091,0.04290322580645162,0.0,0.0,-0.007789199246102332
25,1,983421,0,205,30.95,0.06,6.65,13.79,0.05962406015037516,-6.410414465410153e-05,0.08199999999999896,-0.0007817578616353944,0.04290322580645162,-0.007867820613690145,0.0,-0.012478173163555687
25,1,983462,0,205,30.95,0.06,6.55,13.831,0.05902255639097667,-6.76635011550779e-05,0.08200000000000074,-0.0008251646482326499,0.04225806451612903,-0.007867820613689973,0.0,-0.016464809957023808
25,1,983503,0,205,30.73,0.06,6.55,13.872,0.0582739457338992,-6.994779933821072e-05,0.08399999999999963,-0.0008327118968834646,0.04225806451612903,0.0,0.0,-0.019186164168184246
25,1,983546,0,205,30.73,0.06,6.55,13.915,0.0574109186008492,-7.094305713449688e-05,0.08399999999999963,-0.0008445602039821095,0.04225806451612903,-0.007680491551459364,0.0,-0.021521194290072758
25,1,983587,0,205,30.62,0.06,6.45,13.956,0.056466165413533095,-7.076887526861508e-05,0.08200000000000074,-0.0008630350642513957,0.04161290322580645,-0.007867820613689973,-0.12195121951219397,-0.023640756185266454
25,1,983628,0,205,30.62,0.05,6.45,13.997,0.055472376593657335,-6.960802412980627e-05,0.08200000000000074,-0.0008488783430464102,0.04161290322580645,0.0,-0.12195121951219397,-0.02443808354396008
25,1,983669,0,205,30.51,0.05,6.45,14.038,0.05446224256292835,-6.76597016081546e-05,0.08200000000000074,-0.0008251183122945609,0.04161290322580645,-0.007867820613689973,0.12195121951219397,-0.02443808354396008
25,1,983710,0,205,30.51,0.06,6.35,14.079,0.05346845374305259,-6.512448844399277e-05,0.08199999999999896,-0.0007942010785852877,0.040967741935483866,-0.007867820613690145,0.0,-0.02364075618526705
25,1,983751,0,205,30.29,0.05,6.35,14.12,0.05252370055573648,-6.221338116064334e-05,0.08199999999999896,-0.0007586997702517576,0.040967741935483866,0.0,-0.1219512195121966,-0.022046101467879674
25,1,983792,0,205,30.29,0.05,6.35,14.161,0.05166067342268648,-5.916065283894145e-05,0.08200000000000074,-0.0007214713760846453,0.040967741935483866,-0.00786782061368989,0.0,-0.026471268308628768
25,1,983833,0,205,30.18,0.05,6.25,14.202,0.0503530565544289,-5.621882804558709e-05,0.08200000000000074,-0.0006855954639705681,0.04032258064516129,-0.00786782061368989,0.0,-0.019494653920059505
25,1,983874,0,205,30.07,0.05,6.25,14.243,0.050062111801241586,-5.362472453407996e-05,0.08500000000000085,-0.0006308791121656403,0.04032258064516129,0.0,0.0,-0.0051150895140664315
25,1,983918,0,205,29.96,0.05,6.25,14.287,0.04991827394573325,-5.1546102065704423e-05,0.08499999999999908,-0.0006064247301847645,0.04032258064516129,0.0,0.0,-0.00126915754860292
25,1,983959,0,205,29.96,0.05,6.25,14.328,0.04995423340961034,-5.004149569335947e-05,0.08199999999999896,-0.0006102621426019525,0.04032258064516129,-0.00786782061369006,0.0,0.0034683740103175443
25,1,984000,0,205,29.85,0.05,6.15,14.369,0.05020268061457928,-4.906428734202084e-05,0.08200000000000074,-0.0005983449675856146,0.03967741935483871,-0.00786782061368989,0.0,0.009049665521172777
25,1,984041,0,205,29.74,0.05,6.15,14.41,0.050696305982346514,-4.850633664856385e-05,0.08200000000000074,-0.0005915406908361392,0.03967741935483871,0.0,0.0,0.0044251668407496525
25,1,984082,0,205,29.63,0.05,6.15,14.451,0.05056554429552076,-4.8249269681504e-05,0.09200000000000053,-0.0005244485834946057,0.03967741935483871,0.0,0.0,-0.003553306707221612
25,1,984133,0,205,29.63,0.05,6.15,14.502,0.050369401765282124,-4.8205002671523725e-05,0.09199999999999875,-0.0005239674203426563,0.03967741935483871,-0.007012622720897744,0.0,0.0048324971218215605
25,1,984174,0,205,29.52,0.05,6.05,14.543,0.051010134030728335,-4.834613485423489e-05,0.08199999999999896,-0.0005895870104175061,0.03903225806451613,-0.007867820613690145,0.0,0.008411803634218057
25,1,984215,0,205,29.41,0.05,6.05,14.584,0.051059169663287995,-4.871668900928672e-05,0.08200000000000074,-0.0005941059635278814,0.03903225806451613,0.0,0.12195121951219397,0.0007973273586936273
25,1,984256,0,205,29.3,0.06,6.05,14.625,0.05107551487414121,-4.940527035722209e-05,0.08200000000000074,-0.0006025032970392883,0.03903225806451613,0.0,0.0,0.0
25,1,984297,0,205,29.19,0.05,6.05,14.666,0.051059169663287995,-5.048733386464921e-05,0.08399999999999963,-0.0006010396888648741,0.03903225806451613,-0.00768049155145928,-0.11904761904761951,-0.0007783433739628372
25,1,984340,0,205,29.19,0.05,5.95,14.709,0.051010134030728335,-5.196695204244772e-05,0.08399999999999963,-0.0006186541909815232,0.03838709677419355,-0.00768049155145928,0.0,-0.0015566867479256744
25,1,984381,0,205,29.08,0.05,5.95,14.75,0.05092840797646224,-5.373721271436338e-05,0.08200000000000074,-0.0006553318623702792,0.03838709677419355,0.0,0.0,-0.002391982076080882
25,1,984422,0,205,28.97,0.05,5.95,14.791,0.0508139915004897,-5.556322800115776e-05,0.08200000000000074,-0.0006776003414775276,0.03838709677419355,0.0,0.0,-0.003189309434774594
25,1,984463,0,205,28.97,0.05,5.95,14.832,0.05066688460281072,-5.710365467841072e-05,0.08199999999999896,-0.0006963860326635542,0.03838709677419355,-0.007867820613690145,0.0,-0.0039866367934683076
25,1,984504,0,205,28.86,0.05,5.85,14.873,0.050487087283425304,-5.799139813882626e-05,0.08199999999999896,-0.0007072121724247194,0.03774193548387097,-0.007867820613690145,0.0,-0.004783964152162037
25,1,984545,0,205,28.75,0.05,5.85,14.914,0.05027459954233344,-5.7958202231628954e-05,0.08200000000000074,-0.0007068073442881516,0.03774193548387097,0.0,0.0,-0.005581291510855476
25,1,984586,0,205,28.75,0.05,5.85,14.955,0.05002942137953515,-5.69459856683805e-05,0.08200000000000074,-0.0006944632398582925,0.03774193548387097,-0.007867820613689973,0.0,-0.006378618869549019
25,1,984627,0,205,28.64,0.05,5.75,14.996,0.049751552795030414,-5.514654583260725e-05,0.08200000000000074,-0.0006725188516171556,0.037096774193548385,-0.007867820613689973,0.0,-0.007175946228242731
25,1,984668,0,205,28.53,0.05,5.75,15.037,0.04944099378881924,-5.294536698762453e-05,0.08399999999999963,-0.0006303019879479138,0.037096774193548385,0.0,0.0,0.0029577048210588635
25,1,984711,0,205,28.53,0.05,5.75,15.08,0.04999999999999936,-5.0790001952988105e-05,0.08399999999999963,-0.0006046428803927182,0.037096774193548385,0.0,0.0,0.006654835847382361
25,1,984752,0,205,28.31,0.05,5.75,15.121,0.04999999999999936,-4.9042207173955355e-05,0.08200000000000074,-0.0005980756972433526,0.037096774193548385,-0.0070810385523209,0.0,0.0
25,1,984793,0,205,28.31,0.05,5.66,15.162,0.04999999999999936,-4.7878924629132236e-05,0.08199999999999896,-0.0005838893247455224,0.036516129032258066,-0.007081038552321054,0.0,0.0
25,1,984834,0,205,28.2,0.05,5.66,15.203,0.04999999999999936,-4.72700792420504e-05,0.08199999999999896,-0.000576464381000622,0.036516129032258066,0.0,0.0,0.0
25,1,984875,0,205,28.09,0.05,5.66,15.244,0.04999999999999936,-4.702175346279613e-05,0.0810000000000013,-0.0005805154748493256,0.036516129032258066,0.0,0.0,0.0
25,1,984915,0,205,27.98,0.05,5.66,15.284,0.04999999999999936,-4.6866244160892915e-05,0.08099999999999952,-0.0005785956069246074,0.036516129032258066,-0.007964954201513426,0.0,0.0
25,1,984956,0,205,27.98,0.05,5.56,15.325,0.04999999999999936,-4.657960938189198e-05,0.08199999999999896,-0.0005680440168523485,0.03587096774193548,-0.007867820613690145,0.0,0.0
25,1,984997,0,205,27.87,0.05,5.56,15.366,0.04999999999999936,-4.608634809913603e-05,0.08200000000000074,-0.0005620286353553123,0.03587096774193548,0.0,0.0,0.0
25,1,985038,0,205,27.76,0.05,5.56,15.407,0.04999999999999936,-4.550217204099294e-05,0.08399999999999963,-0.0005416925242975374,0.03587096774193548,0.0,0.0,0.0
25,1,985081,0,205,27.76,0.05,5.56,15.45,0.04999999999999936,-4.509711942267547e-05,0.08399999999999963,-0.0005368704693175675,0.03587096774193548,-0.00768049155145928,0.0,0.0
25,1,985122,0,205,27.65,0.05,5.46,15.491,0.04999999999999936,-4.519599935387042e-05,0.08200000000000074,-0.000551170723827683,0.035225806451612905,-0.00786782061368989,0.0,0.0
25,1,985163,0,205,27.54,0.05,5.46,15.532,0.04999999999999936,-4.6037471051439737e-05,0.08200000000000074,-0.0005614325737980405,0.035225806451612905,0.0,0.0,0.0
25,1,985204,0,205,27.54,0.05,5.46,15.573,0.04999999999999936,-4.761920747746284e-05,0.08200000000000074,-0.0005807220424080782,0.035225806451612905,0.0,0.0,0.0
25,1,985245,0,205,27.43,0.05,5.46,15.614,0.04999999999999936,-4.959405134886197e-05,0.08199999999999896,-0.0006048055042544219,0.035225806451612905,0.0,0.0,0.006817148916830767
25,1,985286,0,205,27.32,0.05,5.46,15.655,0.05055900621117947,-5.130375559558775e-05,0.08199999999999896,-0.000625655556043761,0.035225806451612905,-0.007867820613690145,0.0,0.003029843963035765
25,1,985327,0,205,27.32,0.05,5.36,15.696,0.05024844720496829,-5.198291258159138e-05,0.08200000000000074,-0.0006339379583120843,0.03458064516129032,-0.007867820613689973,0.0,-0.00035879731141211116
25,1,985368,0,205,27.21,0.05,5.36,15.737,0.05052958483164368,-5.106228224520848e-05,0.08200000000000074,-0.0006227107590879027,0.03458064516129032,0.0,0.0,-0.0033487749065131502
25,1,985409,0,205,27.1,0.05,5.36,15.778,0.049973847662634206,-4.8434995267890635e-05,0.08399999999999963,-0.0005766070865225101,0.03458064516129032,-0.007680491551459364,0.0,-0.012453493983405724
25,1,985452,0,205,26.99,0.05,5.26,15.821,0.049483491337037604,-4.456364093646048e-05,0.08399999999999963,-0.0005305195349578652,0.03393548387096774,-0.007680491551459364,0.0,-0.004241971388097524
25,1,985493,0,205,26.99,0.05,5.26,15.862,0.049617522066034016,-4.037281182538077e-05,0.08200000000000074,-0.0004923513637241513,0.03393548387096774,0.0,0.0,0.0002790645755427907
25,1,985534,0,205,26.88,0.05,5.26,15.903,0.04950637463223211,-3.695566916226856e-05,0.08200000000000074,-0.00045067889222278327,0.03393548387096774,0.0,0.0,-0.012119375852143474
25,1,985575,0,205,26.77,0.05,5.26,15.944,0.04862373324615824,-3.520634988345161e-05,0.08199999999999896,-0.0004293457302860007,0.03393548387096774,0.0,0.0,-0.019933183967341454
25,1,985616,0,205,26.77,0.05,5.26,15.985,0.047871853546910134,-3.553410738459473e-05,0.08199999999999896,-0.000433342772982868,0.03393548387096774,0.0,0.0,-0.009926725615736024
25,1,985657,0,205,26.77,0.05,5.26,16.026,0.0478097417456679,-3.7775964174068476e-05,0.08200000000000074,-0.0004606824899276602,0.03393548387096774,-0.00786782061368989,-0.12195121951219405,-0.0037075722179254304
25,1,985698,0,205,26.66,0.04,5.16,16.067,0.047567832625040246,-4.131553889000728e-05,0.08200000000000074,-0.0005038480352439866,0.03329032258064516,-0.00786782061368989,0.0,-0.014511357928224188
25,1,985739,0,205,26.55,0.05,5.16,16.108,0.046619810395553504,-4.531376744350801e-05,0.08200000000000074,-0.0005526069200427757,0.03329032258064516,0.0,0.0,-0.01391336240920403
25,1,985780,0,205,26.43,0.04,5.16,16.149,0.046426936907485505,-4.8935901731541167e-05,0.08399999999999963,-0.000582570258708826,0.03329032258064516,0.0,0.0,-0.005954326810815931
25,1,985823,0,205,26.32,0.05,5.16,16.192,0.04611964694344497,-5.151467570334134e-05,0.08399999999999963,-0.0006132699488493043,0.03329032258064516,-0.007680491551459364,0.1190476190476196,-0.00828935693270436
25,1,985864,0,205,26.32,0.05,5.06,16.233,0.04573063092513834,-5.264682835543688e-05,0.08200000000000074,-0.0006420344921394684,0.03264516129032258,-0.007867820613689973,-0.12195121951219405,-0.010086191087474534
25,1,985905,0,205,26.21,0.04,5.06,16.274,0.04529257927427205,-5.222999287072128e-05,0.08200000000000074,-0.0006369511325697659,0.03264516129032258,0.0,-0.12195121951219405,-0.010883518446168246
25,1,985946,0,205,26.1,0.04,5.06,16.315,0.04483818241255254,-5.044114457647631e-05,0.08200000000000074,-0.0006151359094692178,0.03264516129032258,0.0,0.12195121951219405,-0.017700667362998867
25,1,985987,0,205,26.1,0.05,5.06,16.356,0.04384112455050613,-4.7673207956195005e-05,0.08199999999999719,-0.0005813805848316663,0.03264516129032258,-0.00786782061369023,0.12195121951219932,-0.01311603505051097
25,1,986028,0,205,25.99,0.05,4.96,16.397,0.043762667538410675,-4.445648477863084e-05,0.08099999999999952,-0.0005488454910942111,0.032,-0.00796495420151334,-0.12345679012345755,-0.008233143244584861
25,1,986068,0,205,25.88,0.04,4.96,16.437,0.04317423994769476,-4.137032858875766e-05,0.08100000000000307,-0.0005107447973920505,0.032,0.0,-0.12345679012345213,-0.0027847396268447636
25,1,986109,0,205,25.88,0.04,4.96,16.478,0.04353710362863624,-3.893670252693404e-05,0.08199999999999719,-0.00047483783569433386,0.032,0.0,0.12195121951219932,-0.001156124670105704
25,1,986150,0,205,25.77,0.05,4.96,16.519,0.043079437724746095,-3.75159670019638e-05,0.08399999999999963,-0.0004466186547852853,0.032,0.0,0.0,-0.0032690421706439987
25,1,986193,0,205,25.66,0.04,4.96,16.562,0.043262504086302146,-3.725364825697586e-05,0.08400000000000318,-0.00044349581258302915,0.032,-0.007680491551458956,-0.11904761904761456,-0.0050203147620602314
25,1,986234,0,205,25.66,0.04,4.86,16.603,0.04265773128473302,-3.8097473359056445e-05,0.08199999999999719,-0.00046460333364704577,0.031354838709677424,-0.00786782061369023,0.0,-0.006538084341288028
25,1,986275,0,205,25.55,0.04,4.86,16.644,0.042726381170316546,-3.984254972277679e-05,0.08199999999999719,-0.0004858847527168068,0.031354838709677424,0.0,0.0,0.00346837401031745
25,1,986316,0,205,25.44,0.04,4.86,16.685,0.04294213795357904,-4.2150682205671865e-05,0.08200000000000074,-0.000514032709825262,0.031354838709677424,0.0,0.0,-0.00354810674618679
25,1,986357,0,205,25.33,0.04,4.86,16.726,0.04243543641712923,-4.4548928464712923e-05,0.08200000000000074,-0.0005432796154233234,0.031354838709677424,0.0,0.12195121951219405,-0.014351892456485462
25,1,986398,0,205,25.33,0.05,4.86,16.767,0.04176528277214722,-4.646822177024124e-05,0.08200000000000074,-0.0005666856313444003,0.031354838709677424,-0.007867820613690017,0.0,-0.01415256061681216
25,1,986439,0,205,25.22,0.04,4.76,16.808,0.04127492644655062,-4.736182905542652e-05,0.08200000000000074,-0.0005775832811637328,0.030709677419354837,-0.007867820613690017,0.0,0.0012358574059751436
25,1,986480,0,205,25.22,0.05,4.76,16.849,0.041866623079437185,-4.686979294315474e-05,0.08200000000000074,-0.0005715828407701747,0.030709677419354837,0.0,0.0,-0.0007973273586936273
25,1,986521,0,205,25.11,0.04,4.76,16.89,0.04120954560313774,-4.495498208348625e-05,0.08399999999999963,-0.0005351783581367434,0.030709677419354837,0.0,-0.1190476190476196,-0.006849421690873132
25,1,986564,0,205,25.11,0.04,4.76,16.933,0.041291271657403844,-4.1959838568044636e-05,0.08399999999999963,-0.0004995218877148192,0.030709677419354837,-0.00768049155145928,0.0,0.010741138560687317
25,1,986605,0,205,24.89,0.04,4.66,16.974,0.04211180124223547,-3.856762847773698e-05,0.08200000000000074,-0.0004703369326553248,0.03006451612903226,-0.00786782061368989,0.0,0.011601113068992553
25,1,986646,0,205,24.89,0.04,4.66,17.015,0.04224256292906124,-3.5658752693593424e-05,0.08200000000000074,-0.0004348628377267452,0.03006451612903226,0.0,0.0,0.001594654717387424
25,1,986687,0,205,24.89,0.04,4.66,17.056,0.04224256292906124,-3.4067723770474954e-05,0.08200000000000074,-0.00041546004598139814,0.03006451612903226,0.0,0.0,-0.001594654717387424
25,1,986728,0,205,24.78,0.04,4.66,17.097,0.04211180124223547,-3.4304453190801884e-05,0.08200000000000074,-0.00041834699013172655,0.03006451612903226,0.0,0.0,-0.011601113068992553
25,1,986769,0,205,24.67,0.04,4.66,17.138,0.041291271657403844,-3.635878231930345e-05,0.08199999999999719,-0.0004433997843817646,0.03006451612903226,0.0,0.0,-0.011003117549972703
25,1,986810,0,205,24.56,0.04,4.66,17.179,0.04120954560313774,-3.968807598426327e-05,0.08199999999999719,-0.00048400092663737355,0.03006451612903226,-0.007867820613690315,0.12195121951219932,0.00019933183967347893
25,1,986851,0,205,24.56,0.05,4.56,17.22,0.04130761686825707,-4.339291482279428e-05,0.08200000000000074,-0.0005291818880828524,0.029419354838709676,-0.007867820613689973,0.0,-0.002232516604342072
25,1,986892,0,205,24.45,0.04,4.56,17.261,0.04102647924158169,-4.648997815705513e-05,0.08200000000000074,-0.0005669509531348136,0.029419354838709676,0.0,0.0,0.012757237739098207
25,1,986933,0,205,24.34,0.05,4.56,17.302,0.04235371036286313,-4.816871847744686e-05,0.08399999999999963,-0.0005734371247315128,0.029419354838709676,0.0,0.0,0.023000046700602107
25,1,986976,0,205,24.34,0.04,4.56,17.345,0.04295848316443226,-4.7968492727726186e-05,0.08399999999999963,-0.0005710534848538856,0.029419354838709676,-0.007680491551459322,-0.1190476190476196,0.01245349398340556
25,1,987017,0,205,24.34,0.04,4.46,17.386,0.043399803857469194,-4.586450624020877e-05,0.08200000000000074,-0.0005593232468318092,0.028774193548387096,-0.007867820613689932,0.0,0.0019534520287994503
25,1,987058,0,205,24.23,0.04,4.46,17.427,0.043118666230793815,-4.225969496040438e-05,0.08200000000000074,-0.0005153621336634634,0.028774193548387096,0.0,0.0,0.0017541201891260647
25,1,987099,0,205,24.12,0.04,4.46,17.468,0.04354364171297753,-3.788190704350303e-05,0.08200000000000074,-0.0004619744761402767,0.028774193548387096,0.0,0.0,0.007973273586936443
25,1,987140,0,205,24.01,0.04,4.46,17.509,0.04377247466492261,-3.3619798784702226e-05,0.08200000000000074,-0.0004099975461549015,0.028774193548387096,0.0,0.12195121951219405,0.0031893094347745093
25,1,987181,0,205,24.01,0.05,4.46,17.55,0.043805165086629044,-3.0359499118332244e-05,0.08200000000000074,-0.00037023779412599965,0.028774193548387096,-0.007081038552320943,0.0,-0.0015946547173872547
25,1,987222,0,205,23.9,0.04,4.37,17.591,0.04364171297809685,-2.8854980630530492e-05,0.08099999999999952,-0.0003562343287719835,0.028193548387096774,-0.00716845878136205,0.0,-0.006457367250654745
25,1,987262,0,205,23.9,0.05,4.37,17.631,0.04328211833932601,-2.9606116010723937e-05,0.08099999999999952,-0.00036550760507066804,0.028193548387096774,0.0,0.12345679012345755,-0.00016143418126636646
25,1,987303,0,205,23.79,0.05,4.37,17.672,0.04362863680941428,-3.2710424478493035e-05,0.08399999999999963,-0.0003894098152201569,0.028193548387096774,0.0,-0.1190476190476196,-0.00035025451828325603
25,1,987346,0,205,23.68,0.04,4.37,17.715,0.04325269695979022,-3.772073267313836e-05,0.08399999999999963,-0.0004490563413468872,0.028193548387096774,0.0,-0.1190476190476196,-0.00015566867479256742
25,1,987387,0,205,23.68,0.04,4.37,17.756,0.0436155606407317,-4.361068390907352e-05,0.08200000000000074,-0.0005318376086472333,0.028193548387096774,0.0,0.0,0.00043853004728143155
25,1,987428,0,205,23.57,0.04,4.37,17.797,0.0432886564236673,-4.894041281701256e-05,0.08200000000000074,-0.0005968343026464892,0.028193548387096774,-0.007867820613689973,0.12195121951219405,-0.009567928304323698
25,1,987469,0,205,23.46,0.05,4.27,17.838,0.04283099051977715,-5.221936506625191e-05,0.08200000000000074,-0.0006368215251981883,0.02754838709677419,-0.007867820613689973,0.0,-0.012757237739098207
25,1,987510,0,205,23.46,0.04,4.27,17.879,0.042242562929061235,-5.2352269921771996e-05,0.08200000000000074,-0.0006384423161191649,0.02754838709677419,0.0,-0.12195121951219405,-0.015946547173872887
25,1,987551,0,205,23.35,0.04,4.27,17.92,0.04152337365151956,-4.900471244607729e-05,0.08199999999999719,-0.0005976184444643777,0.02754838709677419,-0.00786782061369023,0.0,-0.01913585660864814
25,1,987592,0,205,23.35,0.04,4.17,17.961,0.04067342268715214,-4.275455329913225e-05,0.08199999999999719,-0.0005213969914528502,0.026903225806451613,-0.00786782061369023,0.0,-0.011322048493450084
25,1,987633,0,205,23.24,0.04,4.17,18.002,0.04059496567505669,-3.4968285665644136e-05,0.08200000000000074,-0.0004264425081176076,0.026903225806451613,0.0,0.0,-0.009926725615735809
25,1,987674,0,205,23.13,0.04,4.17,18.043,0.0398594311866618,-2.7427287250957555e-05,0.08399999999999963,-0.0003265153244161628,0.026903225806451613,0.0,0.0,-0.007939102414421187
25,1,987717,0,205,23.13,0.04,4.17,18.086,0.03992808107224531,-2.181725426194703e-05,0.08399999999999963,-0.00025972921740413245,0.026903225806451613,0.0,0.0,0.0049424804246640365
25,1,987758,0,205,23.02,0.04,4.17,18.127,0.040274599542333575,-1.9253527998130515e-05,0.08200000000000074,-0.0002347991219284188,0.026903225806451613,0.0,0.0,0.0012358574059751436
25,1,987799,0,205,23.02,0.04,4.17,18.168,0.040029421379535274,-2.000469224920032e-05,0.08200000000000074,-0.00024395966157561143,0.026903225806451613,0.0,0.0,-0.006378618869549188
25,1,987840,0,205,22.91,0.04,4.17,18.209,0.03975155279503054,-2.3497924020882797e-05,0.08300000000000196,-0.00028310751832388246,0.026903225806451613,0.0,0.0,-0.007089489044769823
25,1,987882,0,205,22.91,0.04,4.17,18.251,0.039440993788819365,-2.8581606730813112e-05,0.08300000000000196,-0.00034435670760014984,0.026903225806451613,-0.007773027594247771,0.0,0.0029933398189028624
25,1,987923,0,205,22.69,0.04,4.07,18.292,0.03999999999999948,-3.3924735549699215e-05,0.08199999999999719,-0.00041371628719146804,0.026258064516129033,-0.007867820613690273,0.0,0.006817148916830915
25,1,987964,0,205,22.69,0.04,4.07,18.333,0.03999999999999948,-3.838834289699289e-05,0.08199999999999719,-0.0004681505231340757,0.026258064516129033,0.0,0.0,0.0
25,1,988005,0,205,22.58,0.04,4.07,18.374,0.03999999999999948,-4.124490581747953e-05,0.08200000000000074,-0.0005029866563107215,0.026258064516129033,0.0,0.0,0.0
25,1,988046,0,205,22.58,0.04,4.07,18.415,0.03999999999999948,-4.222788170065872e-05,0.08399999999999963,-0.0005027128773887965,0.026258064516129033,0.0,0.0,0.0
25,1,988089,0,205,22.47,0.04,4.07,18.458,0.03999999999999948,-4.147934647693141e-05,0.08399999999999963,-0.0004938017437729951,0.026258064516129033,-0.007680491551459322,0.0,0.0
25,1,988130,0,205,22.47,0.04,3.97,18.499,0.03999999999999948,-3.9460470479793394e-05,0.08200000000000074,-0.0004812252497535736,0.025612903225806453,-0.007867820613689932,0.0,0.0
25,1,988171,0,205,22.36,0.04,3.97,18.54,0.03999999999999948,-3.6829995385293744e-05,0.08200000000000074,-0.00044914628518650504,0.025612903225806453,0.0,0.0,0.0
25,1,988212,0,205,22.25,0.04,3.97,18.581,0.03999999999999948,-3.427347378560253e-05,0.08200000000000074,-0.0004179691925073441,0.025612903225806453,0.0,0.0,0.0
25,1,988253,0,205,22.25,0.04,3.97,18.622,0.03999999999999948,-3.2314796249479636e-05,0.08200000000000074,-0.0003940828810912115,0.025612903225806453,0.0,0.0,0.0
25,1,988294,0,205,22.14,0.04,3.97,18.663,0.03999999999999948,-3.119568591781574e-05,0.08200000000000074,-0.0003804351941197007,0.025612903225806453,0.0,0.0,0.0
25,1,988335,0,205,22.14,0.04,3.97,18.704,0.03999999999999948,-3.0889791639920895e-05,0.08200000000000074,-0.00037670477609659287,0.025612903225806453,-0.007867820613689932,0.0,0.0
25,1,988376,0,205,22.03,0.04,3.87,18.745,0.03999999999999948,-3.122813056233253e-05,0.08200000000000074,-0.00038083086051624693,0.024967741935483873,-0.007867820613689932,0.0,0.0
25,1,988417,0,205,22.03,0.04,3.87,18.786,0.03999999999999948,-3.203170524904664e-05,0.08399999999999963,-0.00038132982439341407,0.024967741935483873,0.0,0.0,0.0
25,1,988460,0,205,21.92,0.04,3.87,18.829,0.03999999999999948,-3.315363968020746e-05,0.08299999999999841,-0.000399441441930218,0.024967741935483873,0.0,0.0,0.0
25,1,988500,0,205,21.81,0.04,3.87,18.869,0.03999999999999948,-3.442566334317698e-05,0.08099999999999952,-0.0004250081894219406,0.024967741935483873,0.0,0.0,0.0
25,1,988541,0,205,21.81,0.04,3.87,18.91,0.03999999999999948,-3.559534373976758e-05,0.08200000000000074,-0.00043408955780203977,0.024967741935483873,0.0,0.0,0.0
25,1,988582,0,205,21.7,0.04,3.87,18.951,0.03999999999999948,-3.634497142042203e-05,0.08200000000000074,-0.00044323135878563053,0.024967741935483873,-0.007867820613689973,0.0,0.0
25,1,988623,0,205,21.59,0.04,3.77,18.992,0.03999999999999948,-3.640094432963359e-05,0.08200000000000074,-0.00044391395523943,0.02432258064516129,-0.007867820613689973,0.0,0.0
25,1,988664,0,205,21.59,0.04,3.77,19.033,0.03999999999999948,-3.5655071748430964e-05,0.08200000000000074,-0.0004348179481515932,0.02432258064516129,0.0,0.0,0.0
25,1,988705,0,205,21.59,0.04,3.77,19.074,0.03999999999999948,-3.420881952561361e-05,0.08199999999999719,-0.00041718072592213156,0.02432258064516129,0.0,0.0,0.0
25,1,988746,0,205,21.48,0.04,3.77,19.115,0.03999999999999948,-3.232213439322118e-05,0.08199999999999719,-0.00039417237064905234,0.02432258064516129,0.0,0.0,0.0
25,1,988787,0,205,21.37,0.04,3.77,19.156,0.03999999999999948,-3.0321335219919643e-05,0.08400000000000318,-0.0003609682764276011,0.02432258064516129,-0.007680491551458997,0.0,0.0
25,1,988830,0,205,21.37,0.04,3.67,19.199,0.03999999999999948,-2.8525398798262546e-05,0.08399999999999963,-0.00033958808093169845,0.02367741935483871,0.0,0.0,0.0
25,1,988871,0,205,21.26,0.04,3.77,19.24,0.03999999999999948,-2.7204000481102943e-05,0.08199999999999719,-0.00033175610342809606,0.02432258064516129,0.0,0.0,0.0
25,1,988912,0,205,21.26,0.04,3.67,19.281,0.03999999999999948,-2.6547082135774946e-05,0.08200000000000074,-0.0003237449040948135,0.02367741935483871,-0.007867820613689932,0.0,0.0
25,1,988953,0,205,21.15,0.04,3.67,19.322,0.03999999999999948,-2.6627554224931683e-05,0.08200000000000074,-0.0003247262710357493,0.02367741935483871,0.0,0.0,0.0
25,1,988994,0,205,21.04,0.04,3.67,19.363,0.03999999999999948,-2.735882510384213e-05,0.08200000000000074,-0.0003336442085834376,0.02367741935483871,0.0,0.0,0.0
25,1,989035,0,205,21.04,0.04,3.67,19.404,0.03999999999999948,-2.8474923429123944e-05,0.08200000000000074,-0.0003472551637698011,0.02367741935483871,0.0,0.0,0.0
25,1,989076,0,205,20.93,0.04,3.67,19.445,0.03999999999999948,-2.9577928618951254e-05,0.08200000000000074,-0.000360706446572573,0.02367741935483871,0.0,0.0,0.0
25,1,989117,0,205,20.93,0.04,3.67,19.486,0.03999999999999948,-3.0273594803572833e-05,0.08200000000000074,-0.0003691901805313727,0.02367741935483871,-0.007867820613689932,0.0,0.0
25,1,989158,0,205,20.93,0.04,3.57,19.527,0.03999999999999948,-3.0346815724841214e-05,0.08399999999999963,-0.0003612716157719208,0.02303225806451613,-0.007680491551459322,0.0,0.0
25,1,989201,0,205,20.82,0.04,3.57,19.57,0.03999999999999948,-2.98696284178388e-05,0.08399999999999963,-0.0003555908144980825,0.02303225806451613,0.0,0.0,0.0
25,1,989242,0,205,20.82,0.04,3.57,19.611,0.03999999999999948,-2.915520193881349e-05,0.08200000000000074,-0.00035555124315625887,0.02303225806451613,0.0,0.0,0.0
25,1,989283,0,205,20.6,0.04,3.57,19.652,0.03999999999999948,-2.8573022110013113e-05,0.08200000000000074,-0.0003484514891464982,0.02303225806451613,0.0,0.0,0.0
25,1,989324,0,205,20.6,0.04,3.57,19.693,0.03999999999999948,-2.83415739309989e-05,0.08200000000000074,-0.00034562895037803224,0.02303225806451613,0.0,0.0,0.0
25,1,989365,0,205,20.6,0.04,3.57,19.734,0.03999999999999948,-2.8431342283071094e-05,0.08199999999999719,-0.00034672368637892766,0.02303225806451613,0.0,0.0,0.0
25,1,989406,0,205,20.49,0.04,3.57,19.775,0.03999999999999948,-2.863367447391596e-05,0.08199999999999719,-0.0003491911521209383,0.02303225806451613,-0.007867820613690273,0.0,0.0
25,1,989447,0,205,20.38,0.04,3.47,19.816,0.03999999999999948,-2.8737050912763795e-05,0.08200000000000074,-0.00035045184039955534,0.022387096774193548,-0.007867820613689932,0.0,0.0
25,1,989488,0,205,20.38,0.04,3.47,19.857,0.03999999999999948,-2.867835423161802e-05,0.08200000000000074,-0.0003497360272148507,0.022387096774193548,0.0,0.0,0.0
25,1,989529,0,205,20.38,0.04,3.47,19.898,0.03999999999999948,-2.8559052320892507e-05,0.08200000000000074,-0.00034828112586453964,0.022387096774193548,0.0,0.0,0.0
25,1,989570,0,205,20.16,0.04,3.47,19.939,0.03999999999999948,-2.8524076647005627e-05,0.08399999999999963,-0.00033957234103578274,0.022387096774193548,0.0,0.0,0.0
25,1,989613,0,205,20.27,0.04,3.47,19.982,0.03999999999999948,-2.8608801694816054e-05,0.08399999999999963,-0.00034058097255733544,0.022387096774193548,0.0,0.0,0.0
25,1,989654,0,205,20.16,0.04,3.47,20.023,0.03999999999999948,-2.8681382005758317e-05,0.08099999999999952,-0.0003540911358735616,0.022387096774193548,0.0,0.0,0.0
25,1,989694,0,205,20.05,0.04,3.47,20.063,0.03999999999999948,-2.8533716324735892e-05,0.08099999999999952,-0.0003522681027745193,0.022387096774193548,-0.007964954201513384,0.0,0.0
25,1,989735,0,205,20.05,0.04,3.37,20.104,0.03999999999999948,-2.8061621806019676e-05,0.08200000000000074,-0.0003422149000734076,0.021741935483870968,-0.007867820613689932,0.0,0.0
25,1,989776,0,205,19.94,0.04,3.37,20.145,0.03999999999999948,-2.7400995213558765e-05,0.08200000000000074,-0.00033415847821412827,0.021741935483870968,0.0,0.0,0.0
25,1,989817,0,205,19.94,0.04,3.37,20.186,0.03999999999999948,-2.6909292735581404e-05,0.08200000000000074,-0.0003281621065314776,0.021741935483870968,0.0,0.0,0.0
25,1,989858,0,205,19.83,0.04,3.37,20.227,0.03999999999999948,-2.6991053624762616e-05,0.08200000000000074,-0.0003291591905458826,0.021741935483870968,0.0,0.0,0.0
25,1,989899,0,205,19.83,0.04,3.37,20.268,0.03999999999999948,-2.7877380444410348e-05,0.08200000000000074,-0.00033996805420012313,0.021741935483870968,0.0,0.0,0.0
25,1,989940,0,205,19.72,0.04,3.37,20.309,0.03999999999999948,-2.949661372011736e-05,0.08399999999999963,-0.000351150163334732,0.021741935483870968,0.0,0.0,0.0
25,1,989983,0,205,19.61,0.04,3.37,20.352,0.03999999999999948,-3.150564482498419e-05,0.08399999999999963,-0.0003750672002974325,0.021741935483870968,-0.007680491551459322,0.0,0.0
25,1,990024,0,205,19.61,0.04,3.27,20.393,0.03999999999999948,-3.344331931929823e-05,0.08200000000000074,-0.0004078453575524137,0.021096774193548388,-0.007867820613689932,0.0,0.0
25,1,990065,0,205,19.5,0.04,3.27,20.434,0.03999999999999948,-3.4893877561053e-05,0.08200000000000074,-0.0004255350922079596,0.021096774193548388,0.0,0.0,0.0
25,1,990106,0,205,19.5,0.04,3.27,20.475,0.03999999999999948,-3.556390177399305e-05,0.08199999999999719,-0.00043370611919505206,0.021096774193548388,0.0,0.0,0.006817148916830915
25,1,990147,0,205,19.5,0.04,3.27,20.516,0.040559006211179596,-3.526913502752604e-05,0.08199999999999719,-0.0004301114027747226,0.021096774193548388,0.0,0.0,0.003029843963036
25,1,990188,0,205,19.39,0.04,3.27,20.557,0.040248447204968424,-3.391232937162281e-05,0.08200000000000074,-0.00041356499233685977,0.021096774193548388,0.0,0.0,-0.007175946228242731
25,1,990229,0,205,19.39,0.04,3.27,20.598,0.03997057862046369,-3.152831174721538e-05,0.08200000000000074,-0.00038449160667335477,0.021096774193548388,-0.007867820613689932,0.0,-0.006378618869549188
25,1,990270,0,205,19.28,0.04,3.17,20.639,0.039725400457665386,-2.8383297386857187e-05,0.08200000000000074,-0.0003461377730104504,0.020451612903225808,-0.007867820613689932,0.0,-0.005581291510855476
25,1,990311,0,205,19.28,0.04,3.17,20.68,0.039512912716573534,-2.5028286427331016e-05,0.08399999999999963,-0.00029795579080156104,0.020451612903225808,0.0,0.0,-0.0046700602437771055
25,1,990354,0,205,19.17,0.04,3.17,20.723,0.03933311539718811,-2.220760310056713e-05,0.08399999999999963,-0.0002643762273877051,0.020451612903225808,0.0,0.0,-0.0038917168698142683
25,1,990395,0,205,19.06,0.04,3.17,20.764,0.03918600849950914,-2.061956915988583e-05,0.08200000000000074,-0.0002514581604864103,0.020451612903225808,0.0,0.0,-0.0031893094347745093
25,1,990436,0,205,19.06,0.04,3.17,20.805,0.0390715920235366,-2.063597430537323e-05,0.08200000000000074,-0.0002516582232362566,0.020451612903225808,0.0,0.0,-0.0023919820760809666
25,1,990477,0,205,18.95,0.04,3.17,20.846,0.038989865969270496,-2.2125004179116115e-05,0.08200000000000074,-0.00026981712413555995,0.020451612903225808,0.0,0.0,-0.0015946547173873392
25,1,990518,0,205,18.95,0.04,3.17,20.887,0.038940830336710835,-2.447387648010757e-05,0.08200000000000074,-0.0002984619082939921,0.020451612903225808,0.0,-0.12195121951219405,0.006019821558136992
25,1,990559,0,205,18.84,0.03,3.17,20.928,0.039483491337037734,-2.6812408977191726e-05,0.08200000000000074,-0.00032698059728282296,0.020451612903225808,-0.007081038552320943,0.0,0.009846992879866488
25,1,990600,0,205,18.84,0.04,3.08,20.969,0.039748283752859895,-2.834264149167076e-05,0.08200000000000074,-0.0003456419694106159,0.019870967741935485,-0.007081038552320943,0.12195121951219405,-0.003348774906513235
25,1,990641,0,205,18.73,0.04,3.08,21.01,0.039208891794703646,-2.8626117613676617e-05,0.08199999999999719,-0.0003490989952887512,0.019870967741935485,0.0,0.0,-0.011959910380405097
25,1,990682,0,205,18.73,0.04,3.08,21.051,0.03876757110166671,-2.7706792443274786e-05,0.08399999999999963,-0.00032984276718184415,0.019870967741935485,0.0,0.0,-0.009340120487554211
25,1,990725,0,205,18.62,0.04,3.08,21.094,0.038424321673749096,-2.6042495517590412e-05,0.08400000000000318,-0.00031002970854273124,0.019870967741935485,0.0,0.0,-0.007005090365665403
25,1,990766,0,205,18.62,0.04,3.08,21.135,0.038179143510950794,-2.430894406821249e-05,0.08199999999999719,-0.00029645053741723563,0.019870967741935485,-0.007867820613690315,0.0,-0.004783964152162056
25,1,990807,0,205,18.51,0.04,2.98,21.176,0.03803203661327182,-2.3166884003879228e-05,0.08199999999999719,-0.0002825229756570734,0.0192258064516129,0.0,0.0,-0.0023919820760809857
25,1,990848,0,205,18.51,0.04,3.08,21.217,0.03798300098071216,-2.3062874786016873e-05,0.08100000000000307,-0.00028472684921007407,0.019870967741935485,0.007964954201513077,0.0,-8.56653568383576e-17
25,1,990888,0,205,18.4,0.04,3.08,21.257,0.038032036613271814,-2.4115077683274146e-05,0.08099999999999952,-0.0002977170084354851,0.019870967741935485,-0.007964954201513426,0.0,0.009322823968132856
25,1,990929,0,205,18.4,0.04,2.98,21.298,0.03873814972213092,-2.6111614247955384e-05,0.08199999999999719,-0.0003184343200970278,0.0192258064516129,-0.007867820613690315,-0.12195121951219932,0.007813808115198141
25,1,990970,0,205,18.4,0.03,2.98,21.339,0.03867276887871804,-2.859665562534719e-05,0.08200000000000074,-0.0003487397027481333,0.0192258064516129,0.0,-0.12195121951219405,-0.01100311754997231
25,1,991011,0,205,18.29,0.03,2.98,21.38,0.03783589408303318,-3.097918490214813e-05,0.08200000000000074,-0.0003777949378310713,0.0192258064516129,0.0,0.12195121951219405,-0.01239844042768618
25,1,991052,0,205,18.18,0.04,2.98,21.421,0.03765609676364776,-3.262811933978327e-05,0.08399999999999963,-0.0003884299921402787,0.0192258064516129,0.0,0.1190476190476196,-0.003113373495851431
25,1,991095,0,205,18.18,0.04,2.98,21.464,0.03757437070938166,-3.298084621727248e-05,0.08399999999999963,-0.00039262912163419796,0.0192258064516129,0.0,0.0,-0.0007783433739628372
25,1,991136,0,205,18.07,0.04,2.98,21.505,0.037590715920234885,-3.17005794164622e-05,0.08200000000000074,-0.00038659243190807213,0.0192258064516129,-0.007867820613689932,0.0,0.0015946547173873392
25,1,991177,0,205,18.07,0.04,2.88,21.546,0.03770513239620742,-2.8849540847315502e-05,0.08200000000000074,-0.0003518236688696981,0.01858064516129032,-0.007867820613689932,0.0,0.01080378571029884
25,1,991218,0,205,17.96,0.04,2.88,21.587,0.0384766263484794,-2.4972633811157774e-05,0.08200000000000074,-0.00030454431477021403,0.01858064516129032,0.0,0.0,0.009408462832584973
25,1,991259,0,205,17.96,0.04,2.88,21.628,0.0384766263484794,-2.0995219814269107e-05,0.08200000000000074,-0.00025603926602766973,0.01858064516129032,0.0,0.0,0.0015946547173872547
25,1,991300,0,205,17.96,0.04,2.88,21.669,0.038607388035305154,-1.793750031482677e-05,0.08200000000000074,-0.00021875000383934887,0.01858064516129032,0.0,-0.12195121951219405,0.004783964152161849
25,1,991341,0,205,17.85,0.03,2.88,21.71,0.03886891140895667,-1.6559148263526336e-05,0.08200000000000074,-0.00020194083248202665,0.01858064516129032,0.0,0.0,0.007973273586936443
25,1,991382,0,205,17.85,0.04,2.88,21.751,0.03926119646943395,-1.7089174453015942e-05,0.08200000000000074,-0.00020840456650019255,0.01858064516129032,0.0,0.12195121951219405,0.00015946547173872547
25,1,991423,0,205,17.85,0.04,2.88,21.792,0.03888198757763925,-1.9155452988897537e-05,0.08399999999999963,-0.00022804110701068596,0.01858064516129032,0.0,0.0,-0.011947570790329818
25,1,991466,0,205,17.73,0.04,2.88,21.835,0.03825760052304625,-2.1945146078175883e-05,0.08399999999999963,-0.00026125173902590454,0.01858064516129032,0.0,0.0,-0.0074331792213452805
25,1,991507,0,205,17.62,0.04,2.88,21.876,0.03825760052304625,-2.453592738585275e-05,0.08200000000000074,-0.0002992186266567382,0.01858064516129032,-0.007867820613689932,0.0,0.000797327358693712
25,1,991548,0,205,17.51,0.04,2.78,21.917,0.03832298136645913,-2.6259734340928988e-05,0.08199999999999719,-0.00032024066269426693,0.01793548387096774,-0.007867820613690273,0.0,0.0023919820760810702
25,1,991589,0,205,17.51,0.04,2.78,21.958,0.03845374305328489,-2.693058238159196e-05,0.08799999999999741,-0.0003060293452453722,0.01793548387096774,0.0,-0.113636363636367,0.0037148206484590883
25,1,991636,0,205,17.51,0.03,2.78,22.005,0.03864988558352352,-2.6825362043637835e-05,0.08800000000000097,-0.00030483365958679026,0.01793548387096774,0.0,0.0,0.005200748907842593
25,1,991677,0,205,17.4,0.04,2.78,22.046,0.03891140895717504,-2.643922093419837e-05,0.08200000000000074,-0.0003224295235877821,0.01793548387096774,0.0,0.12195121951219405,0.007175946228242815
25,1,991718,0,205,17.4,0.04,2.78,22.087,0.03923831317423944,-2.6161806362291262e-05,0.08200000000000074,-0.0003190464190523296,0.01793548387096774,0.0,0.0,0.00877060094563007
25,1,991759,0,205,17.4,0.04,2.78,22.128,0.039630598234716714,-2.60550428478612e-05,0.08200000000000074,-0.0003177444249739142,0.01793548387096774,0.0,0.0,-0.0006378618869549019
25,1,991800,0,205,17.29,0.04,2.78,22.169,0.03918600849950914,-2.5848050922276487e-05,0.08399999999999963,-0.0003077148919318643,0.01793548387096774,0.0,0.0,-0.003541462351531012
25,1,991843,0,205,17.18,0.04,2.78,22.212,0.03933311539718811,-2.514703995214029e-05,0.08399999999999963,-0.0002993695232397667,0.01793548387096774,-0.007680491551459322,0.0,0.0038917168698142683
25,1,991884,0,205,17.18,0.04,2.68,22.253,0.039512912716573534,-2.3741371042220293e-05,0.08300000000000196,-0.0002860406149665028,0.01729032258064516,-0.007773027594247771,0.0,0.004726326029846577
25,1,991926,0,205,17.18,0.04,2.68,22.295,0.039725400457665386,-2.182503604390451e-05,0.08299999999999841,-0.00026295224149283045,0.01729032258064516,0.0,0.0,0.005514047034821228
25,1,991967,0,205,17.07,0.04,2.68,22.336,0.03997057862046369,-1.999145174580175e-05,0.08199999999999719,-0.0002437981920219809,0.01729032258064516,0.0,0.0,0.0063786188695494645
25,1,992008,0,205,17.07,0.04,2.68,22.377,0.040248447204968424,-1.8988252012164695e-05,0.08200000000000074,-0.00023156404892883567,0.01729032258064516,0.0,0.0,0.007175946228242731
25,1,992049,0,205,17.07,0.04,2.68,22.418,0.040559006211179596,-1.9353892151081187e-05,0.08200000000000074,-0.00023602307501318308,0.01729032258064516,0.0,0.0,-0.0030298439630358684
25,1,992090,0,205,16.96,0.04,2.68,22.459,0.03999999999999948,-2.111461359605249e-05,0.08200000000000074,-0.0002574952877567353,0.01729032258064516,0.0,0.0,-0.0068171489168306195
25,1,992131,0,205,16.96,0.04,2.68,22.5,0.03999999999999948,-2.3685377130135966e-05,0.08200000000000074,-0.0002888460625626311,0.01729032258064516,0.0,0.0,0.0
25,1,992172,0,205,16.85,0.04,2.68,22.541,0.03999999999999948,-2.6031282145231317e-05,0.08099999999999952,-0.000321373853644833,0.01729032258064516,0.0,0.0,0.0069013112491372736
25,1,992212,0,205,16.74,0.04,2.68,22.581,0.040559006211179596,-2.704273388516487e-05,0.08399999999999963,-0.00032193730815672605,0.01729032258064516,-0.007680491551459322,0.0,0.0029577048210588635
25,1,992256,0,205,16.74,0.04,2.58,22.625,0.040248447204968424,-2.598221102928555e-05,0.08399999999999963,-0.0003093120360629246,0.01664516129032258,-0.007680491551459322,0.0,-0.007005090365665617
25,1,992296,0,205,16.74,0.04,2.58,22.665,0.03997057862046369,-2.281148681007128e-05,0.08099999999999952,-0.000281623293951499,0.01664516129032258,0.0,0.0,-0.0064573672506548305
25,1,992337,0,205,16.74,0.04,2.58,22.706,0.039725400457665386,-1.824988614110179e-05,0.08200000000000074,-0.00022255958708660518,0.01664516129032258,0.0,0.0,-0.005581291510855476
25,1,992378,0,205,16.63,0.04,2.58,22.747,0.039512912716573534,-1.3539619412563653e-05,0.08200000000000074,-0.00016511730990931135,0.01664516129032258,0.0,0.0,0.0020331847646688555
25,1,992419,0,205,16.63,0.04,2.58,22.788,0.03989212160836823,-1.002532844741566e-05,0.08299999999999841,-0.00012078708972790182,0.01664516129032258,0.0,0.0,-0.0009452652059693391
25,1,992461,0,205,16.52,0.04,2.58,22.83,0.03943445570447808,-8.71355978442212e-06,0.08299999999999841,-0.0001049826480050878,0.01664516129032258,0.0,0.0,-0.0035053584721364455
25,1,992502,0,205,16.41,0.04,2.58,22.871,0.039601176855180914,-9.95657639180214e-06,0.08200000000000074,-0.00012142166331465916,0.01664516129032258,0.0,0.0,0.0010763919342363334
25,1,992543,0,205,16.41,0.04,2.58,22.912,0.03952271984308546,-1.3346895713768792e-05,0.08200000000000074,-0.00016276702089961794,0.01664516129032258,0.0,0.0,-0.011322048493449593
25,1,992584,0,205,16.3,0.04,2.58,22.953,0.03867276887871804,-1.7848283970383072e-05,0.08399999999999963,-0.0002124795710759899,0.01664516129032258,0.0,-0.1190476190476196,-0.012025405127725979
25,1,992627,0,205,16.3,0.03,2.58,22.996,0.03851258581235648,-2.2131450420038058e-05,0.08399999999999963,-0.0002634696478575971,0.01664516129032258,0.0,0.0,-0.005954326810815849
25,1,992668,0,205,16.3,0.04,2.58,23.037,0.03817260542660951,-2.502262721855253e-05,0.08200000000000074,-0.00030515399047015,0.01664516129032258,-0.007867820613689932,0.12195121951219405,-0.010086191087474534
25,1,992709,0,205,16.19,0.04,2.48,23.078,0.03768551814318356,-2.5916563907713463e-05,0.08200000000000074,-0.00031605565741113696,0.016,-0.007867820613689932,0.0,-0.02009264943907975
25,1,992750,0,205,16.19,0.04,2.48,23.119,0.036525008172604956,-2.498652518714639e-05,0.08200000000000074,-0.0003047137217944654,0.016,0.0,0.0,-0.018697326561365964
25,1,992791,0,205,16.19,0.04,2.48,23.16,0.03615233736515154,-2.308593675358006e-05,0.08200000000000074,-0.000281535814068047,0.016,0.0,-0.12195121951219405,-0.01690334000430524
25,1,992832,0,205,16.08,0.03,2.48,23.201,0.035138934292251914,-2.137180795997695e-05,0.08200000000000074,-0.00026063180438996045,0.016,0.0,0.0,-0.021527838684728278
25,1,992873,0,205,16.08,0.04,2.48,23.242,0.034387054593003806,-2.0810148836373445e-05,0.08200000000000074,-0.0002537823028826007,0.016,0.0,0.0,-0.008332070898348469
25,1,992914,0,205,15.97,0.03,2.48,23.283,0.03445570447858733,-2.1769020767941072e-05,0.08200000000000074,-0.0002654758630236692,0.016,0.0,-0.12195121951219405,-0.005740756982594202
25,1,992955,0,205,15.97,0.03,2.48,23.324,0.03391631252043108,-2.385706698117307e-05,0.09199999999999875,-0.00025931594544753686,0.016,0.0,0.10869565217391454,-0.0024517816279830914
25,1,993006,0,205,15.86,0.04,2.48,23.375,0.03423014056881289,-2.606710514985e-05,0.09199999999999875,-0.00028333809945489517,0.016,0.0,0.0,0.0005685290731554689
25,1,993047,0,205,15.86,0.03,2.48,23.416,0.03396861719516138,-2.7173117320239636e-05,0.08200000000000074,-0.00033137947951511455,0.016,-0.007867820613689952,-0.12195121951219405,-0.01339509962605311
25,1,993088,0,205,15.75,0.03,2.38,23.457,0.03313174239947653,-2.6228786553275098e-05,0.08200000000000074,-0.0003198632506496934,0.015354838709677418,-0.007867820613689952,0.0,-0.003189309434774594
25,1,993129,0,205,15.75,0.03,2.38,23.498,0.03370709382150986,-2.2964292922931227e-05,0.08200000000000074,-0.000280052352718671,0.015354838709677418,0.0,0.12195121951219405,0.013833629673334624
25,1,993170,0,205,15.75,0.04,2.38,23.539,0.034266100032689976,-1.791859437851917e-05,0.08299999999999841,-0.00021588667925927127,0.015354838709677418,0.0,0.0,0.013666959436306882
25,1,993212,0,205,15.64,0.03,2.38,23.581,0.03484145145472331,-1.2269124828479417e-05,0.08299999999999841,-0.00014782078106601992,0.015354838709677418,0.0,0.0,0.014454680441281415
25,1,993253,0,205,15.64,0.04,2.38,23.622,0.03546583850931631,-7.451648011045808e-06,0.08200000000000074,-9.087375623226513e-05,0.015354838709677418,0.0,0.12195121951219405,-0.00159465471738717
25,1,993294,0,205,15.53,0.04,2.38,23.663,0.03471068976789756,-4.722608180361742e-06,0.08200000000000074,-5.75927826873378e-05,0.015354838709677418,0.0,-0.12195121951219405,0.0
25,1,993335,0,205,15.53,0.03,2.38,23.704,0.03546583850931631,-4.7988316192491e-06,0.08399999999999963,-5.712894784820382e-05,0.015354838709677418,0.0,0.0,0.008211522595307953
25,1,993378,0,205,15.42,0.04,2.38,23.747,0.035400457665903426,-7.659657120418384e-06,0.08399999999999963,-9.118639429069545e-05,0.015354838709677418,0.0,0.0,-0.004670060243777023
25,1,993419,0,205,15.53,0.03,2.38,23.788,0.03507355344883904,-1.2549755210685908e-05,0.08200000000000074,-0.0001530457952522658,0.015354838709677418,0.0,0.0,-0.00015946547173864085
25,1,993460,0,205,15.42,0.04,2.38,23.829,0.03538738149722086,-1.81829286910693e-05,0.08200000000000074,-0.0002217430328179163,0.015354838709677418,0.0,0.12195121951219405,-0.0019534520287995353
25,1,993501,0,205,15.42,0.04,2.38,23.87,0.03491337038247748,-2.3108923826156148e-05,0.08200000000000074,-0.0002818161442214139,0.015354838709677418,0.0,-0.12195121951219405,-0.021169041373316166
25,1,993542,0,205,15.31,0.03,2.38,23.911,0.033651520104608916,-2.615766781649942e-05,0.08200000000000074,-0.0003189959489816974,0.015354838709677418,-0.007867820613689932,-0.12195121951219405,-0.02978017684720751
25,1,993583,0,205,15.31,0.03,2.28,23.952,0.03247139588100644,-2.6824540318919787e-05,0.08199999999999719,-0.0003271285404746428,0.014709677419354838,-0.007867820613690273,0.0,-0.017182404579848775
25,1,993624,0,205,15.2,0.03,2.28,23.993,0.032242562929061365,-2.5441916266657483e-05,0.08199999999999719,-0.0003102672715446141,0.014709677419354838,0.0,0.0,-0.011800444908666365
25,1,993665,0,205,15.2,0.03,2.28,24.034,0.03150375939849583,-2.3041514152013054e-05,0.08100000000000307,-0.0002844631376791627,0.014709677419354838,0.0,0.12345679012345213,-0.006901311249136971
25,1,993705,0,205,15.2,0.04,2.28,24.074,0.03168355671788125,-2.094353126433779e-05,0.08500000000000085,-0.00024639448546279506,0.014709677419354838,0.0,0.0,0.015037593984962062
25,1,993750,0,205,15.09,0.03,2.28,24.119,0.03278195488721762,-2.0235029827788685e-05,0.08399999999999963,-0.00024089321223558064,0.014709677419354838,0.0,-0.1190476190476196,0.015994956334936573
25,1,993789,0,205,15.09,0.03,2.28,24.158,0.033027133050015915,-2.134335356134276e-05,0.08000000000000185,-0.0002667919195167783,0.014709677419354838,0.0,0.0,0.006742399476953043
25,1,993830,0,205,14.98,0.03,2.28,24.199,0.03332134684537388,-2.3862267297591e-05,0.08199999999999719,-0.0002910032597267295,0.014709677419354838,0.0,0.0,0.0009567928304324789
25,1,993871,0,205,14.98,0.03,2.28,24.24,0.033105590062111376,-2.6691366880861268e-05,0.08199999999999719,-0.00032550447415685593,0.014709677419354838,0.0,0.0,0.005940088822267845
25,1,993912,0,205,14.87,0.03,2.28,24.281,0.03380843412879982,-2.843965951235905e-05,0.08200000000000074,-0.0003468251160043755,0.014709677419354838,-0.00786782061368991,0.12195121951219405,0.028344987601558982
25,1,993953,0,205,14.87,0.04,2.18,24.322,0.03542987904543923,-2.794493293103395e-05,0.08200000000000074,-0.0003407918650126061,0.01406451612903226,-0.00786782061368991,0.12195121951219405,0.02232516604342199
25,1,993994,0,205,14.87,0.04,2.18,24.363,0.03563909774436044,-2.4708220203498944e-05,0.08200000000000074,-0.00030131975857925267,0.01406451612903226,0.0,0.0,0.005302226935312685
25,1,994035,0,205,14.76,0.04,2.18,24.404,0.03586466165413488,-1.9079889777777748e-05,0.08200000000000074,-0.0002326815826558241,0.01406451612903226,0.0,0.0,0.012119375852143306
25,1,994076,0,205,14.76,0.04,2.18,24.445,0.0366328865642362,-1.2153005054425847e-05,0.08500000000000085,-0.00014297653005206735,0.01406451612903226,0.0,0.0,0.013845355075668395
25,1,994120,0,205,14.76,0.04,2.18,24.489,0.0370415168355667,-5.443555969385283e-06,0.08500000000000085,-6.404183493394386e-05,0.01406451612903226,0.0,-0.11764705882352826,0.015999076976327884
25,1,994161,0,205,14.76,0.03,2.18,24.53,0.03799280810722409,-4.906396140955672e-07,0.08200000000000074,-5.983409927994668e-06,0.01406451612903226,0.0,-0.12195121951219405,0.005581291510855391
25,1,994202,0,205,14.65,0.03,2.18,24.571,0.03749918273945685,1.5105737509411022e-06,0.08099999999999952,1.8649058653593965e-05,0.01406451612903226,0.0,0.12345679012345755,-0.00548876216305646
25,1,994242,0,205,14.65,0.04,2.18,24.611,0.037548218372016516,-2.3408134628866152e-08,0.08099999999999952,-2.889893164057567e-07,0.01406451612903226,0.0,0.12345679012345755,-0.0032286836253273294
25,1,994283,0,205,14.54,0.04,2.18,24.652,0.03723765936580534,-4.927478140728692e-06,0.08200000000000074,-6.009119683815424e-05,0.01406451612903226,0.0,0.0,-0.011959910380404663
25,1,994324,0,205,14.43,0.04,2.18,24.693,0.036567505720823325,-1.229654863063967e-05,0.08200000000000074,-0.0001499579101297507,0.01406451612903226,0.0,-0.12195121951219405,-0.027547660242865268
25,1,994365,0,205,14.43,0.03,2.18,24.734,0.034978751225890364,-2.064525845543974e-05,0.08199999999999719,-0.0002517714445785421,0.01406451612903226,0.0,0.0,-0.021527838684729208
25,1,994406,0,205,14.43,0.04,2.18,24.775,0.03480222294867559,-2.8207979606911237e-05,0.08199999999999719,-0.00034399975130380736,0.01406451612903226,0.0,0.12195121951219932,-0.011322048493450252
25,1,994447,0,205,14.32,0.04,2.18,24.816,0.034050343249427475,-3.333282887618694e-05,0.08500000000000085,-0.0003921509279551365,0.01406451612903226,-0.007590132827324418,-0.11764705882352826,-0.007268811414725922
25,1,994491,0,205,14.32,0.03,2.08,24.86,0.03418437397842388,-3.487289135034688e-05,0.08500000000000085,-0.0004102693100040768,0.013419354838709678,-0.007590132827324418,-0.11764705882352826,-0.003230582850989317
25,1,994532,0,205,14.32,0.03,2.08,24.901,0.03377574370709338,-3.24473416059079e-05,0.08200000000000074,-0.000395699287876922,0.013419354838709678,0.0,0.0,0.0012358574059751436
25,1,994573,0,205,14.32,0.03,2.08,24.942,0.03428571428571384,-2.6481010821354012e-05,0.08200000000000074,-0.00032293915635797285,0.013419354838709678,0.0,0.12195121951219405,0.002033184764668771
25,1,994614,0,205,14.21,0.04,2.08,24.983,0.03394246485779622,-1.8031289586321276e-05,0.08200000000000074,-0.0002198937754429404,0.013419354838709678,0.0,0.0,-0.011959910380404663
25,1,994655,0,205,14.21,0.03,2.08,25.024,0.03330500163452065,-8.505458105807939e-06,0.08099999999999952,-0.00010500565562725914,0.013419354838709678,0.0,-0.12345679012345755,-0.008233143244584861
25,1,994695,0,205,14.1,0.03,2.08,25.064,0.03327558025498485,6.092527508063661e-07,0.08099999999999952,7.5216388988440704e-06,0.013419354838709678,0.0,0.0,-0.006618801431921111
25,1,994736,0,205,14.21,0.03,2.08,25.105,0.032768878718535045,7.933185612369441e-06,0.08200000000000074,9.67461660045045e-05,0.013419354838709678,0.0,0.12195121951219405,-0.005523304066581648
25,1,994777,0,205,13.99,0.04,2.08,25.146,0.03282266932152515,1.2300112411580243e-05,0.08200000000000074,0.00015000137087292845,0.013419354838709678,0.0,0.0,0.0018435174990453105
25,1,994818,0,205,13.99,0.03,2.08,25.187,0.03292004715345676,1.2826548105449476e-05,0.08200000000000074,0.00015642131835913854,0.013419354838709678,0.0,0.0,0.0027459471004707384
25,1,994859,0,205,13.99,0.04,2.08,25.228,0.033047836983763755,8.995417856096032e-06,0.0849999999999973,0.00010582844536583903,0.013419354838709678,0.0,0.0,0.003209605040268738
25,1,994903,0,205,13.88,0.03,2.08,25.272,0.033192863581879596,7.784045099286096e-07,0.0849999999999973,9.157700116807463e-06,0.013419354838709678,0.0,0.0,0.003460173334988367
25,1,994944,0,205,13.88,0.04,2.08,25.313,0.03334195171723776,-1.1223644916583454e-05,0.08100000000000307,-0.00013856351748867937,0.013419354838709678,0.0,0.0,0.003568673794964051
25,1,994984,0,205,13.88,0.03,2.08,25.353,0.033481926159271695,-2.5688105167766208e-05,0.08099999999999952,-0.00031713710083662176,0.013419354838709678,0.0,-0.12345679012345755,0.0031809871626805827
25,1,995025,0,205,13.77,0.03,2.08,25.394,0.03359961167741488,-4.061691353340002e-05,0.08199999999999719,-0.0004953282138219684,0.013419354838709678,0.0,0.0,0.002437888802793847
25,1,995066,0,205,13.77,0.03,2.08,25.435,0.033681833041100784,-5.359868201113649e-05,0.08200000000000074,-0.0006536424635504391,0.013419354838709678,0.0,0.0,0.0014122358822923533
25,1,995107,0,205,13.77,0.03,2.08,25.476,0.03371541501976286,-6.229515736255831e-05,0.08200000000000074,-0.0007596970410068018,0.013419354838709678,-0.007867820613689952,0.12195121951219405,6.523587480230203e-05
25,1,995148,0,205,13.77,0.04,1.98,25.517,0.03368718238283457,0.0,0.0,0.0,0.012774193548387096,0.0,0.0,0.0
