MS,MPT,t (ms),PWMi,PWMe,Pressure (Psi),LW raw(V),Displacement (mm),t_rel(s),LW (V),delta d (m),delta t (s),vel (m/s),strain,strain rate (1/s),dv/dt raw,dv/dt
25,5,1071797,0,205,13.66,0.04,1.98,0.0,-0.026197063805759455,0.0,0.0,0.0,0.0,0.0,0.0,0.0
25,5,1071838,255,0,13.66,0.03,1.98,0.041,0.023393562958780294,0.0025167016185140864,0.082,0.030691483152610808,0.012774193548387096,0.0,-0.12195121951219515,1.2232904395375779
25,5,1071879,255,0,16.52,0.03,1.98,0.082,0.07411275223632194,0.0029427667906149154,0.08299999999999999,0.03545502157367368,0.012774193548387096,0.15468324912553444,0.3614457831325302,1.2291335987953111
25,5,1071921,255,0,31.94,0.06,3.97,0.124,0.12541165165879112,0.0034950316568378064,0.083,0.04210881514262417,0.025612903225806453,0.4321803342401865,1.2048192771084338,1.2364898388167662
25,5,1071962,255,0,46.15,0.13,7.54,0.165,0.17674140885811354,0.003997939194690649,0.08199999999999999,0.048755356032812794,0.04864516129032258,0.5460267505900867,1.829268292682927,1.2456282903344356
25,5,1072003,255,0,55.73,0.21,10.91,0.206,0.22755317146621482,0.004294561812046314,0.08299999999999999,0.05174170857887126,0.07038709677419355,0.4702681694520016,1.927710843373494,1.2115262440591217
25,5,1072045,255,0,62.23,0.29,13.59,0.248,0.27729808711502063,0.004291886229638239,0.08299999999999999,0.05170947264624385,0.0876774193548387,0.36300038865137974,1.8072289156626506,1.1792064092800216
25,5,1072086,255,0,66.74,0.36,15.58,0.289,0.3254273034364566,0.0039802233955895635,0.08500000000000002,0.04682615759517132,0.10051612903225807,0.25654648956356724,1.4117647058823526,1.1069868346756218
25,5,1072130,255,0,70.49,0.41,16.97,0.333,0.3713919680624485,0.0034243808082254096,0.08500000000000002,0.04028683303794599,0.10948387096774193,0.1806451612903226,1.0588235294117647,1.0495991198642978
25,5,1072171,255,0,73.13,0.45,17.96,0.374,0.4146432286249219,0.0027348589772268036,0.08099999999999996,0.03376369107687414,0.11587096774193549,0.1417761847869377,0.864197530864198,1.0276575888067674
25,5,1072211,255,0,75.33,0.48,18.75,0.414,0.4546322327557966,0.002032211585852547,0.08100000000000002,0.025089031924105512,0.12096774193548387,0.11867781760254872,0.7407407407407406,0.9672989383133526
25,5,1072252,255,0,77.31,0.51,19.45,0.455,0.4929944426283035,0.0014165552893516456,0.08300000000000002,0.017066931197007775,0.12548387096774194,0.09249902837155063,0.6024096385542173,0.8341571582176918
25,5,1072294,255,0,78.97,0.53,19.94,0.497,0.523867276887865,0.0009494050627227039,0.08300000000000002,0.011438615213526552,0.12864516129032258,0.07695297318305482,0.36144578313253034,0.6316340878387603
25,5,1072335,255,0,80.4,0.54,20.44,0.538,0.5454200719189206,0.0006494352581070082,0.08299999999999996,0.00782452118201215,0.1318709677419355,0.07773027594247983,0.24096385542168708,0.4280869801533638
25,5,1072377,255,0,81.83,0.55,20.94,0.58,0.5593984962405942,0.0004994718067730553,0.08299999999999996,0.00601773261172356,0.1350967741935484,0.061406917994558705,0.24096385542168708,0.2801923614694125
25,5,1072418,255,0,83.15,0.56,21.23,0.621,0.5686760379208818,0.0004598544644662894,0.08200000000000007,0.005607981273979134,0.13696774193548386,0.04642014162077089,0.24390243902438888,0.1905213723598478
25,5,1072459,255,0,84.25,0.57,21.53,0.662,0.5750212487741018,0.00048315729750556,0.08499999999999996,0.005684203500065414,0.13890322580645162,0.053130929791271375,0.23529411764705782,0.13210776301366955
25,5,1072503,255,0,85.35,0.58,21.93,0.706,0.5799051977770437,0.0005264451084546025,0.08499999999999996,0.0061934718641717965,0.14148387096774193,0.05237191650853877,0.11764705882352956,0.1074937984347037
25,5,1072544,255,0,86.45,0.58,22.22,0.747,0.5841582216410516,0.0005589591512092121,0.08200000000000007,0.006816575014746483,0.1433548387096774,0.03855232100708128,0.0,0.09376569738237303
25,5,1072585,255,0,87.34,0.58,22.42,0.788,0.5875939849623983,0.000564778434683781,0.08199999999999996,0.006887541886387576,0.1446451612903226,0.039339103068450156,0.12195121951219529,0.07618462912317718
25,5,1072626,255,0,88.33,0.59,22.72,0.829,0.5904053612291521,0.0005412929766653428,0.08299999999999996,0.0065216021284981085,0.14658064516129032,0.038865137971239916,0.12048192771084354,0.05998495452880429
25,5,1072668,255,0,89.1,0.59,22.92,0.871,0.5925727361882891,0.0004950878463487634,0.08300000000000007,0.005964913811430879,0.1478709677419355,0.02331908278274372,0.0,0.052147130529309915
25,5,1072709,255,0,89.98,0.59,23.02,0.912,0.5947335730630848,0.00043700900153293885,0.08199999999999996,0.005329378067474866,0.14851612903225805,0.03147128245475986,0.12195121951219529,0.05059042090911187
25,5,1072750,255,0,90.64,0.6,23.32,0.953,0.5967211507028363,0.0003778603227861836,0.08199999999999996,0.00460805271690468,0.1504516129032258,0.03147128245476019,0.12195121951219529,0.03412561095208706
25,5,1072791,255,0,91.3,0.6,23.42,0.994,0.597531873161156,0.0003255784900428935,0.08199999999999996,0.003970469390766996,0.1510967741935484,0.022816679779701064,0.0,0.01782026646680293
25,5,1072832,255,0,91.96,0.6,23.61,1.035,0.5981824125531141,0.00028409233537957237,0.08499999999999996,0.003342262769171441,0.1523225806451613,0.022011385199241024,0.0,0.02172951560486901
25,5,1072876,255,0,92.62,0.6,23.71,1.079,0.5993788819875698,0.0002535934477708288,0.08500000000000019,0.0029834523267156265,0.15296774193548388,0.022770398481973247,0.0,0.019883468261446192
25,5,1072917,255,0,93.17,0.6,23.91,1.12,0.599872507355337,0.00023169500693687794,0.08200000000000007,0.0028255488650838745,0.15425806451612903,0.0236034618410702,0.0,0.01706280547604351
25,5,1072958,255,0,93.72,0.6,24.01,1.161,0.6007780320366054,0.00021490028025041496,0.08299999999999996,0.002589160003017049,0.15490322580645163,0.015546055188495831,0.0,0.018865918069137226
25,5,1073000,255,0,94.16,0.6,24.11,1.203,0.6014383785550754,0.0001998968302179165,0.08299999999999996,0.0024083955447941757,0.15554838709677418,0.015546055188495831,0.0,0.01177642902436907
25,5,1073041,255,0,94.49,0.6,24.21,1.244,0.601755475645628,0.00018439017466818442,0.08199999999999985,0.00224866066668518,0.1561935483870968,0.01573564122737995,0.0,0.013355233258119608
25,5,1073082,255,0,94.93,0.6,24.31,1.285,0.6025335076822412,0.00016740317709371054,0.08200000000000007,0.002041502159679395,0.15683870967741934,0.015735641227379908,0.0,0.016983072740174528
25,5,1073123,255,0,95.26,0.6,24.41,1.326,0.6031480876103223,0.00014912012140553798,0.08300000000000018,0.0017966279687414175,0.15748387096774194,0.00777302759424823,0.0,0.012052131376108773
25,5,1073165,255,0,95.48,0.6,24.41,1.368,0.6035338345864583,0.00013044530405940691,0.08499999999999996,0.0015346506359930233,0.15748387096774194,0.007590132827324436,0.11764705882352956,0.016229832894255163
25,5,1073208,255,0,95.59,0.61,24.51,1.411,0.604527623406334,0.00011249318864430436,0.08399999999999985,0.0013392046267179114,0.15812903225806452,0.00768049155145926,0.11904761904761936,0.02385622441196195
25,5,1073249,255,0,95.82,0.61,24.51,1.452,0.6055377574370631,9.620814852859994e-05,0.08299999999999996,0.0011591343196216866,0.15812903225806452,0.007773027594247916,-0.12048192771084354,0.02414364880246748
25,5,1073291,255,0,95.93,0.6,24.61,1.494,0.6065315462569388,8.220902504872285e-05,0.08299999999999996,0.0009904701813099142,0.1587741935483871,0.007773027594247916,0.0,0.023355927797492796
25,5,1073332,255,0,96.04,0.61,24.61,1.535,0.607476299444255,7.081653599588833e-05,0.08200000000000007,0.0008636162926327838,0.1587741935483871,0.007867820613689954,0.12195121951219512,0.022046101467879293
25,5,1073373,255,0,96.04,0.61,24.71,1.576,0.6083393265773049,6.213485002368558e-05,0.08200000000000007,0.0007577420734595795,0.15941935483870967,0.007867820613689954,0.0,0.01965411939179763
25,5,1073414,255,0,96.26,0.61,24.71,1.617,0.6090879372343824,5.6071932400513446e-05,0.08199999999999985,0.0006838040536647994,0.15941935483870967,0.0,0.0,0.016464809957023478
25,5,1073455,255,0,96.26,0.61,24.71,1.658,0.6096894409937809,5.22800280751099e-05,0.08299999999999996,0.0006298798563266256,0.15941935483870967,0.0,0.0,0.012327833727851217
25,5,1073497,255,0,96.26,0.61,24.71,1.7,0.610111147433794,5.0100137581754466e-05,0.08300000000000018,0.0006036161154428236,0.15941935483870967,0.006995724834823273,0.0,0.007601507698004422
25,5,1073538,255,0,96.26,0.61,24.8,1.741,0.6103203661327152,4.861227100066756e-05,0.07899999999999996,0.000615345202540096,0.16,0.007349938750510547,0.0,0.002193154873975653
25,5,1073576,255,0,96.26,0.61,24.8,1.779,0.6102844066688381,4.681712892147871e-05,0.07899999999999996,0.0005926218850820093,0.16,0.0,0.0,-0.00442769002859498
25,5,1073617,255,0,96.37,0.61,24.8,1.82,0.6099705786204562,4.3894034420670636e-05,0.08300000000000018,0.0005288437882008498,0.16,0.0,0.0,-0.0004332465527365439
25,5,1073659,255,0,96.26,0.61,24.8,1.862,0.610248447204961,3.945883190824517e-05,0.08299999999999996,0.0004754076133523517,0.16,0.007773027594247916,0.0,0.0070894890447708294
25,5,1073700,255,0,96.37,0.61,24.9,1.903,0.6105590062111722,3.3744078657278466e-05,0.08199999999999985,0.0004115131543570552,0.16064516129032258,0.007867820613689975,0.0,-0.0030298439630348857
25,5,1073741,255,0,96.37,0.61,24.9,1.944,0.6099999999999921,2.760529701054537e-05,0.08200000000000007,0.00033664996354323593,0.16064516129032258,0.0,0.0,-0.006817148916830506
25,5,1073782,255,0,96.37,0.61,24.9,1.985,0.6099999999999921,2.228065258914569e-05,0.08199999999999985,0.00027171527547738695,0.16064516129032258,0.0,0.0,0.0
25,5,1073823,255,0,96.37,0.61,24.9,2.026,0.6099999999999921,1.8946555456022196e-05,0.08299999999999996,0.00022827175248219523,0.16064516129032258,0.0,0.0,0.0
25,5,1073865,255,0,96.37,0.61,24.9,2.068,0.6099999999999921,1.8244382182395215e-05,0.08300000000000018,0.00021981183352283342,0.16064516129032258,0.0,0.0,0.0
25,5,1073906,255,0,96.37,0.61,24.9,2.109,0.6099999999999921,1.9989887367064087e-05,0.08400000000000007,0.00023797484960790558,0.16064516129032258,0.0,0.0,0.0
25,5,1073949,255,0,96.37,0.61,24.9,2.152,0.6099999999999921,2.3194389651187918e-05,0.08499999999999996,0.0002728751723669168,0.16064516129032258,0.0,0.0,0.0
25,5,1073991,255,0,96.26,0.61,24.9,2.194,0.6099999999999921,2.6383722311386746e-05,0.08299999999999974,0.0003178761724263473,0.16064516129032258,0.0077730275942479365,0.0,0.0
25,5,1074032,255,0,96.37,0.61,25.0,2.235,0.6099999999999921,2.806508263605423e-05,0.08199999999999985,0.0003422571053177351,0.16129032258064516,0.007867820613689975,0.0,0.0
25,5,1074073,255,0,96.37,0.61,25.0,2.276,0.6099999999999921,2.7132529908261206e-05,0.0820000000000003,0.000330884511076355,0.16129032258064516,0.0,0.0,0.0
25,5,1074114,255,0,96.37,0.61,25.0,2.317,0.6099999999999921,2.3078059352915403e-05,0.0820000000000003,0.0002814397482062844,0.16129032258064516,-0.007867820613689932,0.0,0.0
25,5,1074155,255,0,96.37,0.61,24.9,2.358,0.6099999999999921,1.604875838740938e-05,0.08299999999999974,0.00019335853478806542,0.16064516129032258,0.0,0.0,0.0
25,5,1074197,255,0,96.37,0.61,25.0,2.4,0.6099999999999921,6.897621805855181e-06,0.08299999999999974,8.310387717897835e-05,0.16129032258064516,0.0077730275942479365,0.0,0.0
25,5,1074238,255,0,96.37,0.61,25.0,2.441,0.6099999999999921,-2.7083125375959584e-06,0.0820000000000003,-3.302820167799938e-05,0.16129032258064516,0.0,0.0,0.0
25,5,1074279,255,0,96.37,0.61,25.0,2.482,0.6099999999999921,-1.0245845267593979e-05,0.08499999999999996,-0.00012053935608934098,0.16129032258064516,0.0,0.0,0.0
25,5,1074323,255,0,96.37,0.61,25.0,2.526,0.6099999999999921,-1.2571040120093358e-05,0.08499999999999996,-0.0001478945896481572,0.16129032258064516,0.0,0.0,0.0
25,5,1074364,255,0,96.37,0.61,25.0,2.567,0.6099999999999921,-6.560980013166073e-06,0.0820000000000003,-8.001195138007378e-05,0.16129032258064516,0.0,0.0,0.0
25,5,1074405,255,0,96.26,0.61,25.0,2.608,0.6099999999999921,9.867273708717762e-06,0.08199999999999985,0.00012033260620387536,0.16129032258064516,0.0,0.0,0.006817148916830524
25,5,1074446,255,0,96.26,0.61,25.0,2.649,0.6105590062111722,3.652138443386832e-05,0.08199999999999985,0.000445382736998395,0.16129032258064516,0.007867820613690313,0.0,0.009846992879866763
25,5,1074487,255,0,96.37,0.61,25.1,2.69,0.6108074534161412,6.973583129034466e-05,0.08300000000000018,0.0008401907384378856,0.16193548387096776,0.00777302759424823,0.0,0.009373879959195117
25,5,1074529,255,0,96.26,0.61,25.1,2.732,0.6113370382477854,0.00010155934711883673,0.08300000000000018,0.001223606591793211,0.16193548387096776,0.0,0.0,0.012800466330833586
25,5,1074570,255,0,96.26,0.61,25.1,2.773,0.6118698921216004,0.00011978768048151167,0.08199999999999985,0.0014608253717257548,0.16193548387096776,-0.007867820613690313,0.0,0.010046324719540575
25,5,1074611,255,0,96.37,0.61,25.0,2.814,0.6121608368747877,0.00010933925041579684,0.08199999999999985,0.0013334054928755737,0.16129032258064516,0.0,0.0,0.0015547883494532882
25,5,1074652,255,0,96.26,0.61,25.1,2.855,0.6119973847662555,5.523942350429323e-05,0.08499999999999996,0.0006498755706387441,0.16193548387096776,0.007590132827324762,0.0,-0.004730496317519613
25,5,1074696,255,0,96.26,0.61,25.1,2.899,0.6117587446877986,-5.3121183876548626e-05,0.08499999999999996,-0.0006249551044299841,0.16193548387096776,0.0,0.0,-0.018460473434225046
25,5,1074737,255,0,96.37,0.61,25.1,2.94,0.6104282445243464,-0.00021755930908477693,0.08199999999999985,-0.0026531623059119188,0.16193548387096776,0.0,0.0,-0.039946100670552646
25,5,1074778,0,205,96.37,0.61,25.1,2.981,0.6084831644328133,-0.00042813286781309755,0.08199999999999985,-0.0052211325343060775,0.16193548387096776,0.0,0.0,-0.06613830440363806
25,5,1074819,0,205,93.61,0.61,25.1,3.022,0.6050049035632481,-0.0006631782436759472,0.08300000000000018,-0.007990099321396936,0.16193548387096776,-0.03808783521181519,-0.1204819277108432,-0.0953536276521571
25,5,1074861,0,205,88.22,0.6,24.61,3.064,0.6005688133376842,-0.0008930390530589101,0.08300000000000018,-0.01075950666336034,0.1587741935483871,-0.09249902837155079,-0.1204819277108432,-0.12158473711780617
25,5,1074902,0,205,83.26,0.6,23.91,3.105,0.5949133703824702,-0.0010867430774890998,0.08099999999999996,-0.01341658120356914,0.15425806451612903,-0.11071286340103569,-0.12345679012345696,-0.1640171281666295
25,5,1074942,0,205,79.19,0.59,23.22,3.145,0.5872834259561872,-0.001219514897727315,0.08099999999999996,-0.015055739478115006,0.1498064516129032,-0.11867781760254864,-0.24691358024691393,-0.21055053091666054
25,5,1074983,0,205,75.77,0.58,22.42,3.186,0.5778587773782207,-0.0012785209303218927,0.08300000000000018,-0.015403866630384214,0.1446451612903226,-0.10804508356004625,-0.2409638554216864,-0.2461628140545156
25,5,1075025,0,205,73.02,0.57,21.83,3.228,0.5668519123896624,-0.0012649729480604605,0.08499999999999996,-0.014882034683064248,0.14083870967741935,-0.0903225806451616,-0.23529411764705782,-0.27471492029305633
25,5,1075068,0,205,70.49,0.56,21.23,3.271,0.5545080091533109,-0.0011922254532332525,0.08399999999999963,-0.014193160157538782,0.13696774193548386,-0.08371735791090666,-0.3571428571428577,-0.3065116206665698
25,5,1075109,0,205,68.5,0.54,20.74,3.312,0.5411049362536706,-0.0010809671733768092,0.0820000000000003,-0.013182526504595187,0.13380645161290322,-0.07002360346184057,-0.36585365853658436,-0.3428507642382679
25,5,1075150,0,205,66.96,0.53,20.34,3.353,0.5263942464857728,-0.0009534077752028835,0.08300000000000018,-0.011486840665094956,0.13122580645161291,-0.0621842207539835,-0.3614457831325296,-0.3556166476957132
25,5,1075192,0,205,65.42,0.51,19.94,3.395,0.5115887544949264,-0.0008283272554209304,0.08299999999999974,-0.009979846450854615,0.12864516129032258,-0.061406917994559204,-0.36144578313253156,-0.353765503334026
25,5,1075233,0,205,64.1,0.5,19.55,3.436,0.49703170970904875,-0.0007181804570452534,0.08199999999999985,-0.008758298256649448,0.12612903225806452,-0.062155782848151306,-0.36585365853658636,-0.3474353965507593
25,5,1075274,0,205,63.11,0.48,19.15,3.477,0.48309905197776415,-0.0006285150447946286,0.08199999999999985,-0.007664817619446704,0.12354838709677418,-0.055074744295829994,-0.48780487804878114,-0.33822626555784574
25,5,1075315,0,205,62.23,0.46,18.85,3.518,0.46929715593330545,-0.0005591796283746824,0.0820000000000003,-0.006819263760666834,0.12161290322580647,-0.04720692368213959,-0.3658536585365837,-0.33005366013123394
25,5,1075356,0,205,61.35,0.45,18.55,3.559,0.45603465184700287,-0.0005064391901696616,0.08500000000000041,-0.005958108119643049,0.11967741935483872,-0.03719165085389003,-0.2352941176470579,-0.30090571697786095
25,5,1075400,0,205,60.57,0.44,18.36,3.603,0.44372016999018715,-0.0004651791331976796,0.08499999999999996,-0.005472695684678586,0.1184516129032258,-0.03719165085389022,-0.23529411764705913,-0.2844066688460249
25,5,1075441,0,205,59.91,0.43,18.06,3.644,0.43186008499509076,-0.0004306567288864258,0.08199999999999985,-0.005251911327883251,0.11651612903225805,-0.039339103068450045,-0.2439024390243909,-0.27232715936181734
25,5,1075482,0,205,59.36,0.42,17.86,3.685,0.4213893429225182,-0.0003995398450050409,0.08299999999999974,-0.004813733072349905,0.1152258064516129,-0.031092110376991746,-0.24096385542168772,-0.24190912062765252
25,5,1075524,0,205,58.81,0.41,17.66,3.727,0.41178162798299567,-0.00037019595210558976,0.08299999999999974,-0.004460192194043264,0.11393548387096775,-0.02331908278274398,-0.12048192771084386,-0.2278483006888591
25,5,1075565,0,205,58.37,0.41,17.56,3.768,0.4024779339653429,-0.00034238400348252893,0.0820000000000003,-0.004175414676616192,0.11329032258064516,-0.023603461841069966,-0.12195121951219412,-0.2061888549581768
25,5,1075606,0,205,57.93,0.4,17.36,3.809,0.3948741418764251,-0.00031662997803184114,0.0820000000000003,-0.0038613411955102438,0.112,-0.0314712824547599,-0.2439024390243889,-0.18334542613160368
25,5,1075647,0,205,57.49,0.39,17.16,3.85,0.38744360902255137,-0.0002935689782665314,0.08199999999999985,-0.0035801094910552674,0.11070967741935483,-0.022816679779701095,-0.2439024390243909,-0.16289397938111308
25,5,1075688,0,205,57.16,0.38,17.07,3.891,0.38151683556717386,-0.0002734430225275446,0.08299999999999974,-0.003294494247319825,0.11012903225806452,-0.014768752429071247,-0.24096385542168772,-0.14387724155858392
25,5,1075730,0,205,56.83,0.37,16.97,3.933,0.37550179797318894,-0.0002558645598162741,0.08499999999999996,-0.003010171291956167,0.10948387096774193,-0.015180265654648872,-0.11764705882352956,-0.1448762571390098
25,5,1075773,0,205,56.61,0.37,16.87,3.976,0.36920235371035803,-0.00023991222003600754,0.08400000000000052,-0.0028560978575715005,0.10883870967741936,-0.023041474654377433,-0.11904761904761842,-0.14574479677454283
25,5,1075814,0,205,56.28,0.36,16.67,4.017,0.36325923504412727,-0.00022452852142378532,0.08199999999999985,-0.00273815270029007,0.10754838709677421,-0.023603461841070095,-0.12195121951219545,-0.12637638635294296
25,5,1075855,0,205,55.95,0.36,16.57,4.058,0.35883949002941673,-0.00020902952573343113,0.0829999999999993,-0.0025184280208847337,0.10690322580645162,-0.015546055188496291,-0.1204819277108445,-0.1156374435302494
25,5,1075897,0,205,55.84,0.35,16.47,4.1,0.35366132723111665,-0.00019345133214065412,0.08300000000000018,-0.002330738941453659,0.10625806451612903,-0.01554605518849579,-0.1204819277108432,-0.11611007613323325
25,5,1075938,0,205,55.51,0.35,16.37,4.141,0.34920235371035835,-0.00017854974544540526,0.08200000000000074,-0.002177435920065898,0.10561290322580646,-0.01573564122737978,0.0,-0.11078863649048115
25,5,1075979,0,205,55.29,0.35,16.27,4.182,0.3445766590388971,-0.00016546872245394085,0.08199999999999985,-0.0020179112494383067,0.10496774193548387,-0.007867820613690143,-0.12195121951219477,-0.10405122030952216
25,5,1076020,0,205,55.07,0.34,16.27,4.223,0.34067015364497755,-0.00015525832661396422,0.0829999999999993,-0.0018705822483610305,0.10496774193548387,-0.007773027594247978,-0.12048192771084383,-0.09239967388350404
25,5,1076062,0,205,54.85,0.34,16.17,4.265,0.33690748610656635,-0.00014847014078505795,0.08300000000000018,-0.001788796876928405,0.1043225806451613,-0.015546055188495958,-0.1204819277108432,-0.08278947762281405
25,5,1076103,0,205,54.74,0.33,16.07,4.306,0.33379862700228397,-0.00014497875473893629,0.08499999999999996,-0.0017056324086933688,0.1036774193548387,-0.015180265654649035,-0.11764705882352956,-0.07664942407168616
25,5,1076147,0,205,54.52,0.33,15.97,4.35,0.330392285060473,-0.00014403482274623512,0.08499999999999996,-0.0016945273264262963,0.10303225806451613,-0.007590132827324436,0.0,-0.0846105032401966
25,5,1076188,0,205,54.41,0.33,15.97,4.391,0.32660673422686726,-0.00014446286470698767,0.08200000000000074,-0.001761742252524224,0.10303225806451613,-0.0070810385523209,0.0,-0.08734721214488808
25,5,1076229,0,205,54.19,0.33,15.88,4.432,0.32322981366459214,-0.00014492712176942925,0.09199999999999964,-0.0015752948018416286,0.10245161290322581,-0.013323983169705593,-0.21739130434782714,-0.07628949500404944
25,5,1076280,0,205,53.97,0.31,15.78,4.483,0.31958810068649474,-0.00014422457220842589,0.09199999999999964,-0.0015676583935698527,0.10180645161290322,-0.014025245441795352,-0.10869565217391357,-0.06776155890671899
25,5,1076321,0,205,53.75,0.32,15.68,4.524,0.316995750245174,-0.00014154976859016876,0.08200000000000074,-0.0017262166901239938,0.10116129032258064,-0.00786782061368989,0.0,-0.06964654478188947
25,5,1076362,0,205,53.64,0.31,15.68,4.565,0.31387708401437975,-0.0001366548028742045,0.08199999999999985,-0.0016665219862707897,0.10116129032258064,-0.007867820613689975,-0.12195121951219545,-0.07327438426394586
25,5,1076403,0,205,53.53,0.31,15.58,4.606,0.31098725073553046,-0.0001298631073090508,0.0829999999999993,-0.0015646157507114688,0.10051612903225807,-0.015546055188495956,0.0,-0.06451435030740892
25,5,1076445,0,205,53.42,0.31,15.48,4.648,0.30852239293886485,-0.00012195343229395128,0.08300000000000018,-0.0014693184613729037,0.09987096774193549,-0.007773027594247895,0.0,-0.06278136409646339
25,5,1076486,0,205,53.2,0.31,15.48,4.689,0.305776397515524,-0.00011395345875642171,0.08400000000000052,-0.0013565887947192977,0.09987096774193549,-0.0076804915514592,-0.11904761904761842,-0.05347218979124672
25,5,1076529,0,205,53.09,0.3,15.38,4.732,0.3040307289964001,-0.0001068879587095246,0.08499999999999996,-0.001257505396582643,0.09922580645161291,-0.007590132827324436,-0.11764705882352956,-0.04822798684691208
25,5,1076571,0,205,52.98,0.3,15.38,4.774,0.30167701863353646,-0.00010154275613200525,0.08300000000000018,-0.0012234067003856026,0.09922580645161291,-0.007773027594248062,0.0,-0.055337400599455105
25,5,1076612,0,205,52.87,0.3,15.28,4.815,0.2994377247466453,-9.830905459913985e-05,0.08199999999999985,-0.00119889090974561,0.09858064516129032,-0.007867820613690143,0.0,-0.051228282796067864
25,5,1076653,0,205,52.65,0.3,15.28,4.856,0.2974762994442589,-9.714087320457665e-05,0.08199999999999985,-0.0011846447951777662,0.09858064516129032,-0.007867820613689975,0.0,-0.03564053293360591
25,5,1076694,0,205,52.54,0.3,15.18,4.897,0.29651520104608964,-9.761435247095562e-05,0.0810000000000004,-0.0012051154626043844,0.09793548387096775,-0.007964954201513254,-0.12345679012345628,-0.04237647258242121
25,5,1076734,0,205,52.42,0.29,15.18,4.937,0.29404380516508277,-9.905212192862578e-05,0.08199999999999985,-0.001207952706446658,0.09793548387096775,-0.007867820613690143,-0.12195121951219545,-0.05246414020204184
25,5,1076776,0,205,52.31,0.29,15.08,4.979,0.2922131415495222,-0.00010067397050517535,0.0829999999999993,-0.0012129394036768217,0.09729032258064516,-0.0077730275942481455,0.0,-0.052028972378562126
25,5,1076817,0,205,52.2,0.29,15.08,5.02,0.28972540045766215,-0.00010174585251668766,0.08199999999999985,-0.001240803079471803,0.09729032258064516,-0.007867820613689975,0.0,-0.060277948317240065
25,5,1076858,0,205,52.09,0.29,14.98,5.061,0.28727034978750854,-0.00010171128144865627,0.08400000000000052,-0.0012108485886744718,0.09664516129032258,-0.0076804915514592,0.0,-0.04985289310232033
25,5,1076901,0,205,51.98,0.29,14.98,5.104,0.2855377574370672,-0.00010029531809114723,0.08499999999999996,-0.0011799449187193797,0.09664516129032258,-0.007590132827324436,-0.11764705882352891,-0.04753571909312871
25,5,1076943,0,205,51.87,0.28,14.88,5.146,0.2832298136645926,-9.756980470804422e-05,0.08300000000000018,-0.0011755398157595662,0.096,-0.007773027594247895,-0.12048192771084254,-0.05423459119249015
25,5,1076984,0,205,51.65,0.28,14.88,5.187,0.2810362863680905,-9.39623839533894e-05,0.08199999999999985,-0.0011458827311388972,0.096,-0.007867820613690143,0.0,-0.05469665680638419
25,5,1077025,0,205,51.54,0.28,14.78,5.228,0.2787446878064691,-9.018808386538524e-05,0.08199999999999985,-0.001099854681285188,0.09535483870967741,-0.007867820613690143,0.0,-0.048676835248247556
25,5,1077066,0,205,51.43,0.28,14.78,5.269,0.27704478587773423,-8.708954118778678e-05,0.08199999999999985,-0.0010620675754608165,0.09535483870967741,-0.007867820613689975,-0.12195121951219545,-0.04325500920913032
25,5,1077107,0,205,51.32,0.27,14.68,5.31,0.2751977770513204,-8.539836135191514e-05,0.08300000000000018,-0.0010288959199025898,0.09470967741935483,-0.007773027594247895,-0.1204819277108432,-0.04430930652981289
25,5,1077149,0,205,51.21,0.27,14.68,5.352,0.27336711343575976,-8.547762169161111e-05,0.08300000000000018,-0.0010298508637543483,0.09470967741935483,0.0,0.0,-0.05281669338353692
25,5,1077190,0,205,51.1,0.27,14.68,5.393,0.27081399150048685,-8.71550411026405e-05,0.08199999999999985,-0.001062866354910252,0.09470967741935483,-0.007081038552320977,0.0,-0.06266993039332037
25,5,1077231,0,205,50.99,0.27,14.59,5.434,0.2682281791435075,-8.975919238878305e-05,0.08400000000000052,-0.0010685618141521725,0.09412903225806452,-0.0069124423963132795,0.0,-0.053744609972134386
25,5,1077274,0,205,50.88,0.27,14.59,5.477,0.26629944426282753,-9.238665367817056e-05,0.08499999999999996,-0.0010869018079784777,0.09412903225806452,-0.007590132827324436,-0.11764705882352956,-0.04634348018383552
25,5,1077316,0,205,50.77,0.26,14.49,5.519,0.2642889833278815,-9.428691475883965e-05,0.0829999999999993,-0.0011359869248053066,0.09348387096774194,-0.015546055188495956,0.0,-0.04746019054971079
25,5,1077357,0,205,50.66,0.27,14.39,5.56,0.26236024844720157,-9.515575007144683e-05,0.08199999999999985,-0.001160435976481061,0.09283870967741936,-0.007867820613689975,0.0,-0.055055454117795964
25,5,1077398,0,205,50.55,0.26,14.39,5.601,0.2597744360902222,-9.516772461602408e-05,0.08200000000000074,-0.0011605820075124783,0.09283870967741936,0.0,-0.12195121951219413,-0.0626699303933197
25,5,1077439,0,205,50.44,0.26,14.39,5.642,0.2572213141549493,-9.47475351379996e-05,0.08199999999999985,-0.0011554577455853631,0.09283870967741936,-0.007867820613690143,-0.12195121951219545,-0.060277948317240065
25,5,1077480,0,205,50.33,0.25,14.29,5.683,0.25483164432820854,-9.425433714137199e-05,0.0829999999999993,-0.0011355944233900335,0.09219354838709677,-0.0077730275942481455,-0.1204819277108445,-0.047302646348716657
25,5,1077522,0,205,50.22,0.25,14.29,5.725,0.25329519450800586,-9.379330427317e-05,0.08300000000000018,-0.001130039810520118,0.09219354838709677,0.0,0.0,-0.046514925343741464
25,5,1077563,0,205,50.11,0.25,14.29,5.766,0.250970905524678,-9.325424880417721e-05,0.08400000000000052,-0.0011101696286211504,0.09219354838709677,-0.0153609831029184,0.0,-0.04985289310232033
25,5,1077606,0,205,50.0,0.25,14.09,5.809,0.24910755148741093,-9.250618505503106e-05,0.08399999999999963,-0.0011012641077979936,0.09090322580645162,-0.01536098310291856,0.0,-0.05432836750260661
25,5,1077647,0,205,49.89,0.25,14.09,5.85,0.24640732265445905,-9.156998164905516e-05,0.08300000000000018,-0.0011032527909524694,0.09090322580645162,0.0,-0.1204819277108432,-0.06270259199596599
25,5,1077689,0,205,49.78,0.24,14.09,5.892,0.24390323635174574,-9.063341448355899e-05,0.08300000000000018,-0.0010919688491995035,0.09090322580645162,0.0,-0.1204819277108432,-0.05640082395617053
25,5,1077730,0,205,49.67,0.24,14.09,5.933,0.2417260542660969,-8.993591804015289e-05,0.08199999999999985,-0.0010967794882945495,0.09090322580645162,-0.007867820613690143,0.0,-0.05170667921128278
25,5,1077771,0,205,49.56,0.24,13.99,5.974,0.23966328865642056,-8.966136090989707e-05,0.08199999999999985,-0.0010934312306085027,0.09025806451612903,-0.01573564122738012,0.0,-0.04050422982163755
25,5,1077812,0,205,49.45,0.24,13.89,6.015,0.23840470742072262,-8.991134795680545e-05,0.08199999999999985,-0.0010964798531317758,0.08961290322580645,-0.007867820613689975,0.0,-0.036716924867842934
25,5,1077853,0,205,49.34,0.24,13.89,6.056,0.23665250081725744,-9.070101436977751e-05,0.08300000000000018,-0.0010927833056599676,0.08961290322580645,0.0,0.0,-0.0398586828517072
25,5,1077895,0,205,49.23,0.24,13.89,6.098,0.2350964367440309,-9.191206296531362e-05,0.08300000000000018,-0.0011073742525941376,0.08961290322580645,-0.007773027594248062,-0.12048192771084287,-0.044427464680558484
25,5,1077936,0,205,49.12,0.23,13.79,6.139,0.23296502124877108,-9.324138798696246e-05,0.08400000000000052,-0.0011100165236543082,0.08896774193548386,-0.0076804915514593645,-0.11904761904761808,-0.04977505876492375
25,5,1077979,0,205,49.01,0.23,13.79,6.182,0.2309153318077773,-9.423371125129166e-05,0.08399999999999963,-0.001121829895848715,0.08896774193548386,-0.00768049155145928,-0.11904761904761968,-0.04666168526907293
25,5,1078020,0,205,48.79,0.22,13.69,6.223,0.22904543968616897,-9.44219898612193e-05,0.0829999999999993,-0.0011376143356773506,0.08832258064516128,-0.007773027594247978,0.0,-0.041709827213397416
25,5,1078062,0,205,48.68,0.23,13.69,6.265,0.22745341614906534,-9.351102189417127e-05,0.08300000000000018,-0.001126638818002061,0.08832258064516128,-0.007773027594247895,0.1204819277108432,-0.02709760257112081
25,5,1078103,0,205,48.68,0.23,13.59,6.306,0.22679633867276594,-9.151127869978737e-05,0.08200000000000074,-0.0011159912036559335,0.0876774193548387,-0.00786782061368989,0.0,-0.02503607906298015
25,5,1078144,0,205,48.57,0.23,13.59,6.347,0.22540045766590094,-8.875785062383201e-05,0.08099999999999952,-0.0010957759336275622,0.0876774193548387,-0.00796495420151334,-0.12345679012345763,-0.035475161333284565
25,5,1078184,0,205,48.35,0.22,13.49,6.387,0.2239228506047699,-8.58002619621967e-05,0.08199999999999985,-0.0010463446580755713,0.08703225806451613,-0.007867820613689975,-0.12195121951219545,-0.03583986477327972
25,5,1078226,0,205,48.24,0.22,13.49,6.429,0.222461588754492,-8.320714194804779e-05,0.08300000000000018,-0.0010024956861210555,0.08703225806451613,0.0,0.0,-0.03383261716365281
25,5,1078267,0,205,48.13,0.22,13.49,6.47,0.22111474338018672,-8.137948080813828e-05,0.08199999999999985,-0.000992432692782176,0.08703225806451613,-0.007867820613689975,0.0,-0.030258573262423843
25,5,1078308,0,205,48.02,0.22,13.39,6.511,0.21998038574697326,-8.047032521113983e-05,0.08400000000000052,-0.0009579800620373731,0.08638709677419355,-0.0076804915514592,0.0,-0.01665654820280495
25,5,1078351,0,205,48.02,0.22,13.39,6.554,0.2197155933311511,-8.044272302684163e-05,0.08499999999999996,-0.0009463849767863726,0.08638709677419355,-0.006831119544591992,0.0,-0.015691402419090898
25,5,1078393,0,205,47.91,0.22,13.3,6.596,0.21864661654135054,-8.120236768989918e-05,0.0829999999999993,-0.000978341779396384,0.08580645161290323,-0.00699572483482318,0.0,-0.03426586371638839
25,5,1078434,0,205,47.69,0.22,13.3,6.637,0.21687152664269088,-8.269601055146047e-05,0.08199999999999985,-0.0010084879335543978,0.08580645161290323,-0.007867820613690143,0.0,-0.04429153477543252
25,5,1078475,0,205,47.69,0.22,13.2,6.678,0.21501471068976508,-8.490336825013145e-05,0.08200000000000074,-0.0010354069298796425,0.08516129032258064,-0.007867820613690058,-0.12195121951219413,-0.03867037689664173
25,5,1078516,0,205,47.47,0.21,13.2,6.719,0.21370055573716623,-8.7735240812707e-05,0.08199999999999985,-0.0010699419611305751,0.08516129032258064,0.0,-0.12195121951219545,-0.031055900621117058
25,5,1078557,0,205,47.36,0.21,13.2,6.76,0.21246812683883348,-9.092974804065967e-05,0.0829999999999993,-0.0010955391330200054,0.08516129032258064,-0.007773027594247978,0.0,-0.027530849123856976
25,5,1078599,0,205,47.36,0.21,13.1,6.802,0.21141549525988612,-9.405832859515861e-05,0.08300000000000018,-0.0011332328746404626,0.08451612903225807,-0.007773027594247895,0.0,-0.02615233736515199
25,5,1078640,0,205,47.25,0.21,13.1,6.843,0.21029748283752586,-9.668110325415214e-05,0.08200000000000074,-0.0011790378445628203,0.08451612903225807,-0.00786782061368989,0.0,-0.031055900621117398
25,5,1078681,0,205,47.03,0.21,13.0,6.884,0.20886891140895447,-9.856484279636568e-05,0.08399999999999963,-0.0011733909856710251,0.08387096774193549,-0.015360983102918727,0.0,-0.0365432214075558
25,5,1078724,0,205,46.92,0.21,12.9,6.927,0.2072278522392912,-9.979731812610382e-05,0.08499999999999996,-0.001174086095601222,0.0832258064516129,-0.007590132827324599,-0.11764705882352924,-0.03338268946022301
25,5,1078766,0,205,46.92,0.2,12.9,6.969,0.20603138280483552,-0.00010068108752211203,0.08300000000000018,-0.001213025150868817,0.0832258064516129,0.0,-0.12048192771084287,-0.03950420839946839
25,5,1078807,0,205,46.7,0.2,12.9,7.01,0.2039490029421353,-0.0001014509344846779,0.08199999999999985,-0.0012372065181058302,0.0832258064516129,-0.007867820613689975,0.12195121951219512,-0.04939442987107179
25,5,1078848,0,205,46.59,0.21,12.8,7.051,0.20198103955540764,-0.00010200761904352085,0.08199999999999985,-0.001243995354189281,0.08258064516129032,-0.007867820613689975,0.0,-0.038590644160772486
25,5,1078889,0,205,46.48,0.2,12.8,7.092,0.20078457012095197,-0.00010186534542154036,0.08199999999999985,-0.0012422603100187871,0.08258064516129032,-0.007867820613690143,-0.12195121951219512,-0.0291821813281875
25,5,1078930,0,205,46.37,0.2,12.7,7.133,0.19958810068649627,-0.00010037153967832601,0.08300000000000018,-0.0012092956587750096,0.08193548387096773,-0.007773027594248062,0.0,-0.03812569664076336
25,5,1078972,0,205,46.26,0.2,12.7,7.175,0.1976201372997686,-9.709403857930177e-05,0.08300000000000018,-0.0011698076937265247,0.08193548387096773,-0.007773027594247895,0.0,-0.048799316258166775
25,5,1079013,0,205,46.15,0.2,12.6,7.216,0.19553775743706842,-9.217683691957923e-05,0.08199999999999985,-0.0011241077673119439,0.08129032258064516,-0.01573564122737995,-0.12195121951219545,-0.05098908458845855
25,5,1079054,0,205,46.15,0.19,12.5,7.257,0.193439032363515,-8.646064640283058e-05,0.08499999999999996,-0.001017184075327419,0.08064516129032258,-0.007590132827324436,-0.11764705882352956,-0.048420283445185314
25,5,1079098,0,205,45.93,0.19,12.5,7.301,0.19142203334422767,-8.125809626286439e-05,0.08499999999999996,-0.0009559776030925226,0.08064516129032258,0.0,0.0,-0.038766994211872206
25,5,1079139,0,205,45.82,0.19,12.5,7.342,0.19014383785550587,-7.785999411475152e-05,0.08199999999999985,-0.0009495121233506301,0.08064516129032258,0.0,-0.12195121951219545,-0.03157416340426883
25,5,1079180,0,205,45.82,0.18,12.5,7.383,0.18883295194507763,-7.702806271084839e-05,0.08200000000000074,-0.0009393666184249719,0.08064516129032258,-0.00786782061368989,0.0,-0.04177995359554692
25,5,1079221,0,205,45.6,0.19,12.4,7.424,0.186717881660671,-7.874683342786781e-05,0.08199999999999985,-0.000960327236925219,0.08,-0.007867820613689975,0.12195121951219545,-0.05338106666453988
25,5,1079262,0,205,45.49,0.19,12.4,7.465,0.18445570447858536,-8.233316850470551e-05,0.0829999999999993,-0.0009919658855988699,0.08,-0.007773027594247978,-0.1204819277108445,-0.03749551983678388
25,5,1079304,0,205,45.49,0.18,12.3,7.507,0.18360575351421796,-8.678577906308682e-05,0.08300000000000018,-0.0010456117959408027,0.07935483870967742,-0.007773027594247895,-0.1204819277108432,-0.029972784239277465
25,5,1079345,0,205,45.38,0.18,12.3,7.548,0.18196796338672533,-9.116025060060196e-05,0.08200000000000074,-0.0011117103731780626,0.07935483870967742,-0.007867820613690058,0.0,-0.04114209170859202
25,5,1079386,0,205,45.16,0.18,12.2,7.589,0.18023210199411338,-9.479987813950963e-05,0.08199999999999985,-0.001156096074872071,0.07870967741935483,-0.007867820613690143,0.0,-0.041939419067286016
25,5,1079427,0,205,45.16,0.18,12.2,7.63,0.17852893102320788,-9.736187754676706e-05,0.08499999999999996,-0.0011454338534913776,0.07870967741935483,-0.007590132827324436,0.0,-0.038151645097397734
25,5,1079471,0,205,45.05,0.18,12.1,7.674,0.17698921216083457,-9.868396776171018e-05,0.08499999999999996,-0.0011609878560201203,0.07806451612903226,-0.007590132827324436,0.0,-0.04338211257042814
25,5,1079512,0,205,44.83,0.18,12.1,7.715,0.1748414514547215,-9.861103699948081e-05,0.08199999999999985,-0.00120257362194489,0.07806451612903226,0.0,-0.12195121951219512,-0.05178641194715278
25,5,1079553,0,205,44.83,0.17,12.1,7.756,0.17274272638116805,-9.692670215425458e-05,0.0810000000000004,-0.0011966259525216555,0.07806451612903226,-0.007168458781361928,-0.12345679012345594,-0.05000423764725752
25,5,1079593,0,205,44.72,0.17,12.01,7.796,0.1707911082052936,-9.347670034015465e-05,0.08099999999999952,-0.0011540333375327804,0.07748387096774194,-0.015133412982875348,0.0,-0.0563001707166461
25,5,1079634,0,205,44.61,0.17,11.91,7.837,0.16818241255311975,-8.84275276234181e-05,0.0829999999999993,-0.0010653918990773355,0.07683870967741936,-0.007773027594247978,0.0,-0.0456484322382692
25,5,1079676,0,205,44.5,0.17,11.91,7.879,0.1670022883295173,-8.24661049245261e-05,0.08300000000000018,-0.0009935675292111557,0.07683870967741936,-0.007773027594248062,-0.1204819277108432,-0.027255146772115945
25,5,1079717,0,205,44.39,0.16,11.81,7.92,0.16592023537103412,-7.674460864845756e-05,0.08200000000000074,-0.0009359098615665471,0.07619354838709677,-0.007867820613690058,-0.12195121951219413,-0.03460400736730402
25,5,1079758,0,205,44.28,0.16,11.81,7.961,0.16416475972539835,-7.25313220644157e-05,0.08500000000000085,-0.0008533096713460585,0.07619354838709677,0.0,0.0,-0.04149760590735016
25,5,1079802,0,205,44.17,0.16,11.81,8.005,0.16239293886890932,-7.072825844473484e-05,0.08499999999999908,-0.0008320971581733601,0.07619354838709677,0.0,0.0,-0.04072841951425875
25,5,1079843,0,205,44.06,0.16,11.81,8.046,0.1607028440666864,-7.151786804328353e-05,0.08199999999999896,-0.0008721691224790785,0.07619354838709677,-0.00786782061369006,0.0,-0.03902917420805435
25,5,1079884,0,205,43.95,0.16,11.71,8.087,0.1591925465838489,-7.433394393083326e-05,0.08200000000000074,-0.0009065115113516169,0.0755483870967742,-0.00786782061368989,0.0,-0.03344788269719837
25,5,1079925,0,205,43.84,0.16,11.71,8.128,0.1579601176855161,-7.815789531589345e-05,0.08200000000000074,-0.0009531450648279604,0.0755483870967742,-0.007867820613690058,0.0,-0.02547460911026226
25,5,1079966,0,205,43.72,0.16,11.61,8.169,0.15710362863680738,-8.195814703137394e-05,0.08300000000000018,-0.0009874475545948644,0.0749032258064516,-0.007773027594248062,0.0,-0.01906284832038185
25,5,1080008,0,205,43.61,0.16,11.61,8.211,0.1563779012749244,-8.503941533336068e-05,0.08300000000000018,-0.0010245712690766324,0.0749032258064516,-0.007773027594247895,0.0,-0.025600932661669847
25,5,1080049,0,205,43.61,0.16,11.51,8.252,0.15497875122588878,-8.715592358060498e-05,0.08300000000000018,-0.0010500713684410215,0.07425806451612903,-0.007773027594247895,-0.1204819277108432,-0.0234346998979898
25,5,1080091,0,205,43.5,0.15,11.51,8.294,0.15443282118339124,-8.838955333725629e-05,0.08300000000000018,-0.0010649343775573023,0.07425806451612903,0.0,-0.1204819277108432,-0.012564150029342384
25,5,1080132,0,205,43.28,0.15,11.51,8.335,0.15393592677345336,-8.891816306991273e-05,0.08399999999999963,-0.0010585495603561087,0.07425806451612903,-0.00768049155145928,0.0,-0.020820685253506246
25,5,1080175,0,205,43.17,0.15,11.41,8.378,0.15268388362209673,-8.883941310459953e-05,0.08399999999999963,-0.0010576120607690466,0.07361290322580645,-0.00768049155145928,0.0,-0.031367237970702545
25,5,1080216,0,205,43.06,0.15,11.41,8.419,0.15130107878391436,-8.814803339394928e-05,0.08300000000000018,-0.001062024498722278,0.07361290322580645,-0.007773027594247895,0.0,-0.03410831951539321
25,5,1080258,0,205,42.95,0.15,11.31,8.461,0.14985289310231908,-8.684092173212577e-05,0.08300000000000018,-0.0010462761654472961,0.07296774193548387,-0.007773027594247895,0.0,-0.028161025927836564
25,5,1080299,0,205,42.95,0.15,11.31,8.502,0.14896371363190392,-8.504085931203242e-05,0.08199999999999896,-0.0010370836501467499,0.07296774193548387,-0.00786782061369006,0.0,-0.03149443066839951
25,5,1080340,0,205,42.84,0.15,11.21,8.543,0.14727034978751036,-8.30364941295656e-05,0.08199999999999896,-0.0010126401723117885,0.0723225806451613,-0.00786782061369006,0.0,-0.03249108986676655
25,5,1080381,0,205,42.73,0.15,11.21,8.584,0.1462994442628291,-8.120959348360834e-05,0.08300000000000018,-0.0009784288371519055,0.0723225806451613,0.0,-0.12048192771084287,-0.02437996510395929
25,5,1080423,0,205,42.62,0.14,11.21,8.626,0.14524681268388173,-7.990355883141654e-05,0.08300000000000018,-0.0009626934798965827,0.0723225806451613,-0.007773027594248062,0.0,-0.025167686108933638
25,5,1080464,0,205,42.51,0.15,11.11,8.667,0.1442105263157876,-7.932172830314599e-05,0.08200000000000074,-0.000967338150038357,0.0716774193548387,-0.007867820613690058,0.0,-0.02387995439287416
25,5,1080505,0,205,42.4,0.14,11.11,8.708,0.14328865642366603,-7.95022013879958e-05,0.08399999999999963,-0.0009464547784285255,0.0716774193548387,-0.00768049155145928,-0.11904761904761935,-0.023505969893678095
25,5,1080548,0,205,42.29,0.14,11.01,8.751,0.14223602484471864,-8.034161158409602e-05,0.08499999999999908,-0.00094519543040114,0.07103225806451613,-0.007590132827324515,0.0,-0.0291906236178683
25,5,1080590,0,205,42.18,0.14,11.01,8.793,0.14080745341614725,-8.161693845312178e-05,0.08300000000000018,-0.000983336607868935,0.07103225806451613,0.0,0.0,-0.04450623678105589
25,5,1080631,0,205,42.07,0.14,11.01,8.834,0.138542007191891,-8.300307583772693e-05,0.08200000000000074,-0.0010122326321673925,0.07103225806451613,-0.00786782061368989,0.0,-0.046842982323251306
25,5,1080672,0,205,41.96,0.14,10.91,8.875,0.1369663288656406,-8.413179738985655e-05,0.08200000000000074,-0.0010259975291445828,0.07038709677419355,-0.00786782061368989,-0.12195121951219413,-0.039826501566747385
25,5,1080713,0,205,41.85,0.13,10.91,8.916,0.13527623406341768,-8.471300221626343e-05,0.08300000000000018,-0.0010206385809188342,0.07038709677419355,-0.007773027594247895,0.0,-0.04092210620842262
25,5,1080755,0,205,41.74,0.14,10.81,8.958,0.13356979405034153,-8.466454509393273e-05,0.08300000000000018,-0.001020054760167862,0.06974193548387098,-0.007773027594247895,0.0,-0.04013438520344827
25,5,1080796,0,205,41.63,0.13,10.81,8.999,0.13194508009153147,-8.415834981075498e-05,0.08199999999999896,-0.0010263213391555615,0.06974193548387098,-0.007081038552321223,-0.12195121951219677,-0.03743451949066723
25,5,1080837,0,205,41.63,0.13,10.72,9.04,0.13050016345210685,-8.353210952502899e-05,0.08199999999999896,-0.0010186842625003664,0.06916129032258064,-0.007081038552321223,0.0,-0.04285634552978418
25,5,1080878,0,205,41.41,0.13,10.72,9.081,0.1284308597580892,-8.310567537291291e-05,0.08500000000000085,-0.0009777138279166127,0.06916129032258064,0.0,0.0,-0.03807472645808843
25,5,1080922,0,205,41.41,0.13,10.72,9.125,0.1272638117031693,-8.301483235682561e-05,0.08500000000000085,-0.0009766450865508797,0.06916129032258064,-0.007590132827324356,-0.11764705882352834,-0.026306174643769893
25,5,1080963,0,205,41.3,0.12,10.62,9.166,0.12619483491336875,-8.317605001403194e-05,0.08200000000000074,-0.0010143420733418438,0.06851612903225807,-0.00786782061368989,-0.12195121951219413,-0.027866591186342552
25,5,1081004,0,205,41.08,0.12,10.62,9.207,0.1249787512258892,-8.340961990042927e-05,0.08099999999999952,-0.0010297483938324662,0.06851612903225807,-0.007964954201513512,0.12345679012345763,-0.03753344714443085
25,5,1081044,0,205,41.08,0.13,10.52,9.247,0.12315462569466987,-8.363338956383437e-05,0.08099999999999952,-0.0010325109822695664,0.06787096774193548,-0.007964954201513512,0.0,-0.04060069658849189
25,5,1081085,0,205,40.97,0.12,10.52,9.288,0.12169009480222137,-8.398565690212578e-05,0.08300000000000018,-0.001011875384362959,0.06787096774193548,-0.007773027594247895,-0.1204819277108432,-0.03016971449052147
25,5,1081127,0,205,40.86,0.12,10.42,9.33,0.12065053939195658,-8.478049338765636e-05,0.08300000000000018,-0.0010214517275621226,0.0672258064516129,-0.007773027594247895,0.0,-0.023277155696994997
25,5,1081168,0,205,40.75,0.12,10.42,9.371,0.11975809087937078,-8.630556489277375e-05,0.08200000000000074,-0.0010525068889362557,0.0672258064516129,0.0,0.0,-0.012358574059751435
25,5,1081209,0,205,40.64,0.12,10.42,9.412,0.11963713631905695,-8.857679276753849e-05,0.08199999999999896,-0.0010802047898480441,0.0672258064516129,-0.00786782061369006,0.0,-0.010165923823344159
25,5,1081250,0,205,40.53,0.12,10.32,9.453,0.11892448512585657,-9.1202452341971e-05,0.08499999999999908,-0.0010729700275526116,0.06658064516129032,-0.007590132827324515,0.0,-0.01638367017287477
25,5,1081294,0,205,40.42,0.12,10.32,9.497,0.11824452435436261,-9.344928699069932e-05,0.08500000000000085,-0.0010994033763611574,0.06658064516129032,-0.007590132827324356,0.0,-0.014845297386688914
25,5,1081335,0,205,40.31,0.12,10.22,9.538,0.117662634847988,-9.448586237104805e-05,0.08200000000000074,-0.0011522666142810634,0.06593548387096775,-0.00786782061368989,-0.12195121951219397,-0.012199108588012457
25,5,1081376,0,205,40.2,0.11,10.22,9.579,0.11724419745014558,-9.369038837028398e-05,0.08199999999999896,-0.0011425657118327459,0.06593548387096775,-0.00786782061369023,-0.1219512195121966,-0.01841826198582357
25,5,1081417,0,205,40.2,0.11,10.12,9.62,0.11615233736515049,-9.089600806045084e-05,0.08300000000000018,-0.0010951326272343452,0.06529032258064515,-0.007773027594248062,0.12048192771084304,-0.02729453282236481
25,5,1081459,0,205,40.09,0.12,10.12,9.662,0.1149787512258893,-8.648410271593754e-05,0.08300000000000018,-0.0010419771411558716,0.06529032258064515,-0.007773027594247895,0.12048192771084304,-0.011264410371134424
25,5,1081500,0,205,39.98,0.12,10.02,9.703,0.11521739130434633,-8.129209608461351e-05,0.08199999999999896,-0.0009913670254221285,0.06464516129032258,-0.00786782061369006,0.0,-0.004584632312488563
25,5,1081541,0,205,39.87,0.12,10.02,9.744,0.11460281137626524,-7.636582665090508e-05,0.08200000000000074,-0.0009312905689134682,0.06464516129032258,0.0,-0.12195121951219397,-0.01778040009886827
25,5,1081582,0,205,39.76,0.11,10.02,9.785,0.11375939849623912,-7.264776565686226e-05,0.08300000000000018,-0.000875274285022435,0.06464516129032258,-0.007773027594247895,-0.12048192771084304,-0.022292504440776646
25,5,1081624,0,205,39.65,0.11,9.92,9.827,0.11275253350768077,-7.071939646930048e-05,0.08499999999999908,-0.0008319928996388382,0.064,-0.007590132827324515,0.0,-0.024844720496894453
25,5,1081667,0,205,39.54,0.11,9.92,9.87,0.11164759725400311,-7.068488621243318e-05,0.08399999999999963,-0.0008414867406242082,0.064,0.0,0.0,-0.026697177726925685
25,5,1081708,0,205,39.43,0.11,9.92,9.911,0.11050997057861903,-7.22180115688289e-05,0.08200000000000074,-0.000880707458156442,0.064,-0.00786782061368989,0.0,-0.027348328403191798
25,5,1081749,0,205,39.43,0.11,9.82,9.952,0.10940503432494136,-7.473600626048338e-05,0.08200000000000074,-0.0009114147104936916,0.06335483870967742,-0.00786782061368989,0.0,-0.025753673685804713
25,5,1081790,0,205,39.32,0.11,9.82,9.993,0.10839816933638302,-7.762059456281456e-05,0.08300000000000018,-0.0009351878862989684,0.06335483870967742,-0.007773027594247895,0.0,-0.03316305430942406
25,5,1081832,0,205,39.21,0.11,9.72,10.035,0.10665250081725916,-8.038484054087114e-05,0.08300000000000018,-0.0009684920547092887,0.06270967741935485,-0.007773027594247895,0.0,-0.03710165933429614
25,5,1081873,0,205,39.1,0.11,9.72,10.076,0.10531873161163643,-8.271866913167614e-05,0.08200000000000074,-0.0010087642577033585,0.06270967741935485,0.0,-0.12195121951219397,-0.033527615433067516
25,5,1081914,0,205,38.99,0.1,9.72,10.117,0.1039032363517476,-8.44347684591149e-05,0.08199999999999896,-0.001029692298281902,0.06270967741935485,-0.007867820613690313,-0.1219512195121966,-0.02372048892113637
25,5,1081955,0,205,38.88,0.1,9.62,10.158,0.10337365152010328,-8.540554610467944e-05,0.08199999999999896,-0.0010415310500570794,0.06206451612903225,-0.007867820613690313,0.0,-0.011920044012470262
25,5,1081996,0,205,38.77,0.1,9.62,10.199,0.10292579274272505,-8.556283996795067e-05,0.08500000000000085,-0.0010066216466817625,0.06206451612903225,-0.00683111954459192,0.0,-0.019037363229044053
25,5,1082040,0,205,38.66,0.1,9.53,10.243,0.10175547564563452,-8.49512218774855e-05,0.08500000000000085,-0.0009994261397351135,0.06148387096774193,-0.00683111954459192,0.0,-0.028690652462357226
25,5,1082081,0,205,38.55,0.1,9.53,10.284,0.10048708728342466,-8.376813610640887e-05,0.08199999999999896,-0.0010215626354440235,0.06148387096774193,-0.00786782061369006,0.0,-0.03133496519666087
25,5,1082122,0,205,38.44,0.1,9.43,10.325,0.09918600849950836,-8.233356346390685e-05,0.08199999999999896,-0.001004067847120828,0.060838709677419354,-0.00786782061369006,0.0,-0.03133496519666087
25,5,1082163,0,205,38.44,0.1,9.43,10.366,0.0979176201372985,-8.0987186967862e-05,0.08200000000000074,-0.0009876486215592837,0.060838709677419354,0.0,0.0,-0.029740310479272766
25,5,1082204,0,205,38.33,0.1,9.43,10.407,0.09674730304020797,-7.996982473860825e-05,0.08300000000000018,-0.0009634918643205792,0.060838709677419354,-0.007773027594247895,0.0,-0.026231109465649056
25,5,1082246,0,205,38.22,0.1,9.33,10.449,0.09574043805164963,-7.936448592973022e-05,0.08300000000000018,-0.0009561986256593981,0.06019354838709678,-0.007773027594247895,-0.1204819277108432,-0.021504783435802463
25,5,1082287,0,205,38.11,0.09,9.33,10.49,0.09496240601503636,-7.912573107734211e-05,0.08200000000000074,-0.000964947939967578,0.06019354838709678,-0.007867820613689973,0.0,-0.015388418022787304
25,5,1082328,0,205,38.0,0.1,9.23,10.531,0.09447858777378106,-7.91522743806361e-05,0.08399999999999963,-0.0009422889807218624,0.059548387096774194,-0.007680491551459364,0.0,-0.01797973193854191
25,5,1082371,0,205,37.89,0.09,9.23,10.574,0.09345210853219885,-7.933602330901302e-05,0.08499999999999908,-0.0009333649801060457,0.059548387096774194,0.0,-0.1176470588235308,-0.016999019287348923
25,5,1082413,0,205,37.89,0.09,9.23,10.616,0.09303367113435641,-7.957202873926761e-05,0.08300000000000018,-0.0009586991414369571,0.059548387096774194,-0.007773027594247895,0.0,-0.01957486697361496
25,5,1082454,0,205,37.78,0.09,9.13,10.657,0.0918273945733888,-7.976775255354873e-05,0.08099999999999952,-0.000984787068562336,0.05890322580645162,-0.00796495420151334,0.0,-0.027968471904398398
25,5,1082494,0,205,37.67,0.09,9.13,10.697,0.09076822491010016,-7.987708351719291e-05,0.08099999999999952,-0.0009861368335455974,0.05890322580645162,-0.007964954201513512,0.0,-0.023932617372739322
25,5,1082535,0,205,37.56,0.09,9.03,10.738,0.08988885256619693,-7.99290610257728e-05,0.08300000000000018,-0.0009630007352502725,0.05825806451612903,-0.007773027594248062,0.0,-0.011894587175114138
25,5,1082577,0,205,37.45,0.09,9.03,10.78,0.08978097417456568,-8.000632917693374e-05,0.08300000000000018,-0.0009639316768305248,0.05825806451612903,0.0,0.0,-0.003387200321390101
25,5,1082618,0,205,37.34,0.09,9.03,10.821,0.08960771493952155,-8.01796399987662e-05,0.08200000000000074,-0.0009778004877898229,0.05825806451612903,-0.00786782061368989,0.0,-0.0042258350010763515
25,5,1082659,0,205,37.34,0.09,8.93,10.862,0.08943445570447742,-8.045494519806517e-05,0.08200000000000074,-0.0009811578682690787,0.05761290322580645,-0.00786782061368989,0.0,-0.00342850764238264
25,5,1082700,0,205,37.12,0.09,8.93,10.903,0.08932657731284617,-8.077137048237937e-05,0.08499999999999908,-0.0009502514174397676,0.05761290322580645,-0.007590132827324515,0.0,-0.011614714535699839
25,5,1082744,0,205,37.12,0.09,8.83,10.947,0.08844720496894294,-8.10272415640565e-05,0.08499999999999908,-0.0009532616654594985,0.05696774193548387,-0.007590132827324515,0.0,-0.012191604330519377
25,5,1082785,0,205,36.9,0.09,8.83,10.988,0.08829029094475203,-8.109055298246482e-05,0.08300000000000018,-0.000976994614246562,0.05696774193548387,0.0,-0.12048192771084304,-0.011894587175114138
25,5,1082827,0,205,36.9,0.08,8.83,11.03,0.08745995423340847,-8.079520043770926e-05,0.08300000000000018,-0.0009734361498519167,0.05696774193548387,-0.007773027594247895,0.0,-0.02099276478256902
25,5,1082868,0,205,36.79,0.09,8.73,11.071,0.0865478914677988,-7.996742599067374e-05,0.08200000000000074,-0.0009752125120813783,0.056322580645161296,-0.00786782061368989,0.12195121951219397,-0.022843428826572827
25,5,1082909,0,205,36.68,0.09,8.73,11.112,0.08558679306962948,-7.850149250688254e-05,0.08200000000000074,-0.0009573352744741687,0.056322580645161296,-0.007867820613689973,0.0,-0.023640756185266537
25,5,1082950,0,205,36.57,0.09,8.63,11.153,0.08460934946060693,-7.643712082514931e-05,0.08300000000000018,-0.000920929166568062,0.05567741935483871,-0.007773027594247979,-0.12048192771084304,-0.0166209132049609
25,5,1082992,0,205,36.46,0.08,8.63,11.195,0.08420725727361772,-7.397019762544942e-05,0.08300000000000018,-0.0008912072003066176,0.05567741935483871,0.0,-0.12048192771084304,-0.01957486697361496
25,5,1083033,0,205,36.46,0.08,8.63,11.236,0.08298463550179688,-7.138224830636198e-05,0.08199999999999896,-0.0008705152232483278,0.05567741935483871,-0.00786782061369023,0.0,-0.021607571420597813
25,5,1083074,0,205,36.35,0.08,8.53,11.277,0.08243543641712872,-6.893987095544496e-05,0.08499999999999908,-0.0008110573053581848,0.05503225806451612,-0.007590132827324678,0.0,-0.02142184104763167
25,5,1083118,0,205,36.24,0.08,8.53,11.321,0.08116377901274821,-6.682585616107773e-05,0.08500000000000085,-0.0007861865430714948,0.05503225806451612,0.0,0.0,-0.027421494913754497
25,5,1083159,0,205,36.13,0.08,8.53,11.362,0.08010460934945957,-6.512820070868485e-05,0.08200000000000074,-0.0007942463501059056,0.05503225806451612,-0.00786782061368989,0.0,-0.016026279909742206
25,5,1083200,0,205,36.02,0.08,8.43,11.403,0.07984962406014934,-6.38777212617594e-05,0.08200000000000074,-0.0007789966007531563,0.054387096774193545,-0.00786782061368989,0.0,-0.00661781707715698
25,5,1083241,0,205,36.02,0.08,8.43,11.444,0.07956194834913269,-6.310489676325481e-05,0.08300000000000018,-0.0007602999610030683,0.054387096774193545,0.0,0.0,-0.01740863420993525
25,5,1083283,0,205,35.91,0.08,8.43,11.486,0.07840470742072471,-6.287985299075415e-05,0.08299999999999841,-0.0007575885902500645,0.054387096774193545,-0.007773027594248061,0.0,-0.020362587978590075
25,5,1083324,0,205,35.8,0.08,8.33,11.527,0.07787185354690974,-6.330946817229766e-05,0.08199999999999896,-0.0007720666850280299,0.05374193548387097,-0.00786782061369006,0.0,-0.011401781229319329
25,5,1083365,0,205,35.69,0.08,8.33,11.568,0.07746976135992054,-6.448557742159267e-05,0.08200000000000074,-0.000786409480751123,0.05374193548387097,0.0,-0.12195121951219397,-0.007415144435850861
25,5,1083406,0,205,35.58,0.07,8.33,11.609,0.07726381170316997,-6.640051215116927e-05,0.08300000000000018,-0.0008000061704960135,0.05374193548387097,-0.006995724834823106,0.0,-0.012682308180088486
25,5,1083448,0,205,35.47,0.08,8.24,11.651,0.07641712978097319,-6.887023649233193e-05,0.09200000000000053,-0.0007485895270905601,0.05316129032258065,-0.00631136044880778,0.0,-0.018939124749491398
25,5,1083498,0,205,35.36,0.07,8.24,11.701,0.07552141222621675,-7.151663338423652e-05,0.09399999999999942,-0.0007608152487684783,0.05316129032258065,0.0,0.0,-0.01923170553580988
25,5,1083542,0,205,35.25,0.08,8.24,11.745,0.07460934946060707,-7.38437240838099e-05,0.08699999999999974,-0.0008487784377449438,0.05316129032258065,-0.007415647015202133,0.11494252873563246,-0.020779084142139182
25,5,1083585,0,205,35.25,0.08,8.14,11.788,0.07371363190585065,-7.540133303067975e-05,0.0860000000000003,-0.00087675968640325,0.052516129032258066,-0.007501875468867226,-0.1162790697674414,-0.020260459034339682
25,5,1083628,0,205,35.13,0.07,8.14,11.831,0.07286694998365385,-7.597420320342429e-05,0.08699999999999974,-0.0008732667034876381,0.052516129032258066,-0.007415647015202213,-0.11494252873563246,-0.018524572300316035
25,5,1083672,0,205,35.02,0.07,8.04,11.875,0.07210199411572316,-7.569368465879478e-05,0.08699999999999974,-0.0008700423523999426,0.051870967741935475,-0.007415647015202213,0.0,-0.01627006045849241
25,5,1083715,0,205,34.91,0.07,8.04,11.918,0.07145145472376502,-7.499200479769996e-05,0.0860000000000003,-0.0008720000557872059,0.051870967741935475,0.0,0.0,-0.013418277746945411
25,5,1083758,0,205,34.8,0.07,8.04,11.961,0.07094802222948585,-7.441008941853777e-05,0.08700000000000152,-0.0008552883841211089,0.051870967741935475,-0.0074156470152018225,0.0,-0.0030811661838251927
25,5,1083802,0,205,34.69,0.07,7.94,12.005,0.07118339326577222,-7.435777490062456e-05,0.08799999999999919,-0.0008449747147798324,0.051225806451612906,-0.007331378299120179,0.0,-0.002117447769621618
25,5,1083846,0,205,34.69,0.07,7.94,12.049,0.07076168682575915,-7.494199177924976e-05,0.08999999999999986,-0.0008326887975472209,0.051225806451612906,0.0,0.0,-0.016308888162435045
25,5,1083892,0,205,34.58,0.07,7.94,12.095,0.06971559333115307,-7.593292910373339e-05,0.08900000000000041,-0.0008531789786936297,0.051225806451612906,-0.007249003262051469,0.0,-0.007823662723001876
25,5,1083935,0,205,34.47,0.07,7.84,12.138,0.07006538084341198,-7.687523461880908e-05,0.08599999999999852,-0.0008938980769629116,0.05058064516129032,-0.007501875468867381,0.0,-0.002356751332324754
25,5,1083978,0,205,34.36,0.07,7.84,12.181,0.06951291271657314,-7.72880026670295e-05,0.09699999999999953,-0.0007967835326497926,0.05058064516129032,-0.006651147322913194,0.0,-0.011054080741971327
25,5,1084032,0,205,34.25,0.07,7.74,12.235,0.06899313501144076,-7.685006112473136e-05,0.09700000000000131,-0.0007922686713889724,0.049935483870967745,-0.006651147322913073,0.0,-0.0065043828756111
25,5,1084075,0,205,34.14,0.07,7.74,12.278,0.06888198757763886,-7.547916980709158e-05,0.0860000000000003,-0.0008776647651987362,0.049935483870967745,0.0,0.0,-0.007944532717030061
25,5,1084118,0,205,34.03,0.07,7.74,12.321,0.06830990519777617,-7.329226697737834e-05,0.0860000000000003,-0.0008522356625276522,0.049935483870967745,-0.007501875468867226,0.0,-0.005663805621231917
25,5,1084161,0,205,34.03,0.07,7.64,12.364,0.06839490029421291,-7.051143287242034e-05,0.08699999999999974,-0.0008104762399128798,0.04929032258064516,-0.007415647015202133,0.0,-0.006913836314925213
25,5,1084205,0,205,33.92,0.07,7.64,12.408,0.06770840143837768,-6.739139673576222e-05,0.08699999999999974,-0.000774613755583476,0.04929032258064516,0.0,-0.11494252873563263,-0.007853216249018271
25,5,1084248,0,205,33.7,0.06,7.64,12.451,0.06771167048054832,-6.420183070011998e-05,0.08800000000000097,-0.0007295662579559008,0.04929032258064516,-0.007331378299120188,0.0,-0.0019688549436832964
25,5,1084293,0,205,33.7,0.07,7.54,12.496,0.06753514220333355,-6.125217795159532e-05,0.08799999999999919,-0.0006960474767226804,0.04864516129032258,-0.0073313782991203365,0.11363636363636478,-0.005683675592142428
25,5,1084336,0,205,33.59,0.07,7.54,12.539,0.0672115070284398,-5.891890760436347e-05,0.08699999999999974,-0.0006772288230386626,0.04864516129032258,0.0,-0.11494252873563263,-0.008755020985747626
25,5,1084380,0,205,33.48,0.06,7.54,12.583,0.06677345537757351,-5.762742704289625e-05,0.08699999999999974,-0.0006623842188838669,0.04864516129032258,-0.007415647015202053,-0.11494252873563263,-0.011009532827571092
25,5,1084423,0,205,33.37,0.06,7.44,12.626,0.06625367767244111,-5.776008707910396e-05,0.0860000000000003,-0.0006716289195244623,0.048,-0.0075018754688671455,0.11627906976744155,-0.01265803538167947
25,5,1084466,0,205,33.26,0.07,7.44,12.669,0.06568486433474907,-5.950217365302191e-05,0.0860000000000003,-0.0006918857401514151,0.048,0.0,0.11627906976744155,-0.013418277746945411
25,5,1084509,0,205,33.15,0.07,7.44,12.712,0.0650997057862038,-6.268779069782582e-05,0.0860000000000003,-0.0007289277988119257,0.048,0.0,0.0,-0.013418277746945572
25,5,1084552,0,205,33.15,0.07,7.44,12.755,0.06453089244851175,-6.674618302860846e-05,0.08699999999999974,-0.0007671975060759616,0.048,-0.007415647015202133,-0.11494252873563263,-0.012512540722120017
25,5,1084596,0,205,33.04,0.06,7.34,12.799,0.06401111474337937,-7.082439976102872e-05,0.08699999999999974,-0.0008140735604715969,0.04735483870967742,-0.007415647015202133,0.0,-0.011009532827571092
25,5,1084639,0,205,32.93,0.07,7.34,12.842,0.06357306309251307,-7.405395492613832e-05,0.08800000000000097,-0.0008415222150697444,0.04735483870967742,-0.00733137829912011,0.0,-0.008655532110909464
25,5,1084684,0,205,32.82,0.06,7.24,12.887,0.06324942791761932,-7.582151994236152e-05,0.08799999999999919,-0.0008616081811632071,0.04670967741935484,-0.007331378299120258,-0.11363636363636478,-0.015936580581889383
25,5,1084727,0,205,32.82,0.06,7.24,12.93,0.06217064400130681,-7.590398260129572e-05,0.08699999999999974,-0.0008724595701298384,0.04670967741935484,0.0,0.0,-0.016683387629493462
25,5,1084771,0,205,32.6,0.06,7.24,12.974,0.0617979731938534,-7.443316556094715e-05,0.08699999999999974,-0.0008555536271373261,0.04670967741935484,-0.007415647015202133,0.0,-0.0065005091439243184
25,5,1084814,0,205,32.6,0.06,7.14,13.017,0.0616050997057854,-7.176102922616235e-05,0.0860000000000003,-0.0008344305723972337,0.04606451612903226,-0.007501875468867226,0.0,-0.012505986908626348
25,5,1084857,0,205,32.49,0.06,7.14,13.06,0.06072245831971153,-6.832154314006722e-05,0.0860000000000003,-0.0007944365481403138,0.04606451612903226,0.0,0.0,-0.022047028592715012
25,5,1084900,0,205,32.38,0.06,7.14,13.103,0.0597090552468119,-6.454505688455025e-05,0.0860000000000003,-0.0007505239172622097,0.04606451612903226,-0.0075018754688671455,0.0,-0.014596653413107764
25,5,1084943,0,205,32.27,0.06,7.04,13.146,0.059467146126184256,-6.083096234859475e-05,0.08699999999999974,-0.0006992064637769532,0.04541935483870968,-0.007415647015202053,0.0,-0.0027429894075517674
25,5,1084987,0,205,32.16,0.06,7.04,13.19,0.0594704151683549,-5.75498709949489e-05,0.08699999999999974,-0.0006614927700568858,0.04541935483870968,0.0,0.0,0.003269042170643931
25,5,1085030,0,205,32.16,0.06,7.04,13.233,0.05975155279503028,-5.503329556179182e-05,0.08800000000000097,-0.0006253783586567184,0.04541935483870968,-0.0065982404692081775,0.0,-0.00033433385836144244
25,5,1085075,0,205,32.05,0.06,6.95,13.278,0.05944099378881909,-5.352405078624223e-05,0.08899999999999864,-0.0006013938290589107,0.044838709677419354,-0.00652410293584646,0.0,0.002791541628864576
25,5,1085119,0,205,31.94,0.06,6.95,13.322,0.05999999999999922,-5.309470060552002e-05,0.08699999999999974,-0.0006102839150059791,0.044838709677419354,0.0,0.0,0.006425358749196912
25,5,1085162,0,205,31.83,0.06,6.95,13.365,0.05999999999999922,-5.357805628248613e-05,0.0860000000000003,-0.000623000654447511,0.044838709677419354,0.0,0.0,0.0
25,5,1085205,0,205,31.72,0.06,6.95,13.408,0.05999999999999922,-5.457655370134695e-05,0.0860000000000003,-0.0006346110895505437,0.044838709677419354,-0.007501875468867226,0.0,0.0065000722230245805
25,5,1085248,0,205,31.72,0.06,6.85,13.451,0.060559006211179336,-5.5591070057706025e-05,0.0860000000000003,-0.0006464077913686725,0.04419354838709677,-0.007501875468867226,0.0,0.00938899321103538
25,5,1085291,0,205,31.5,0.06,6.85,13.494,0.060807453416148266,-5.622787716868061e-05,0.08699999999999974,-0.0006462974387204687,0.04419354838709677,0.0,0.0,-0.003907820525827364
25,5,1085335,0,205,31.5,0.06,6.85,13.538,0.06021902582543236,-5.637491853444221e-05,0.08699999999999974,-0.0006479875693614066,0.04419354838709677,-0.007415647015202053,0.0,-0.006350208354469187
25,5,1085378,0,205,31.39,0.06,6.75,13.581,0.06025498528930945,-5.6249037989844373e-05,0.0860000000000003,-0.0006540585812772579,0.043548387096774194,-0.0075018754688671455,0.0,-0.0020146422679550163
25,5,1085421,0,205,31.28,0.06,6.75,13.624,0.060045766590388225,-5.628429619764575e-05,0.08800000000000097,-0.0006395942749732401,0.043548387096774194,0.0,0.0,-0.013521947160390771
25,5,1085466,0,205,31.28,0.06,6.75,13.669,0.05906505393919505,-5.691196961371325e-05,0.08899999999999864,-0.000639460332738361,0.043548387096774194,0.0,0.0,-0.02056925410742293
25,5,1085510,0,205,31.06,0.06,6.75,13.713,0.05821510297482761,-5.83445293266287e-05,0.08699999999999974,-0.0006706267738692974,0.043548387096774194,-0.007415647015202053,0.0,-0.018036094734587414
25,5,1085553,0,205,31.06,0.06,6.65,13.756,0.05749591369728595,-6.0474585096359055e-05,0.0860000000000003,-0.000703192849957661,0.04290322580645162,-0.0075018754688671455,0.0,-0.008704775082296001
25,5,1085596,0,205,30.95,0.06,6.65,13.799,0.057466492317750154,-6.292127476319375e-05,0.0860000000000003,-0.0007316427298045759,0.04290322580645162,0.0,0.0,-0.002774884633221118
25,5,1085639,0,205,30.84,0.06,6.65,13.842,0.05725727361882893,-6.517145297147842e-05,0.0860000000000003,-0.0007578075926916068,0.04290322580645162,-0.007501875468867226,-0.1162790697674414,-0.006576096459551303
25,5,1085682,0,205,30.73,0.05,6.55,13.885,0.05690094802222874,-6.674084378737443e-05,0.08699999999999974,-0.0007671361354870647,0.04225806451612903,-0.007415647015202133,-0.11494252873563246,-0.00950652493302201
25,5,1085726,0,205,30.73,0.05,6.55,13.929,0.05643020594965602,-6.730443435612266e-05,0.08699999999999974,-0.0007736141880014122,0.04225806451612903,0.0,0.11494252873563246,-0.011761036774845475
25,5,1085769,0,205,30.62,0.06,6.55,13.972,0.055877737822817186,-6.677240485335645e-05,0.0860000000000003,-0.0007764233122483281,0.04225806451612903,-0.007501875468867226,0.0,-0.013418277746945572
25,5,1085812,0,205,30.51,0.05,6.45,14.015,0.055276234063418694,-6.530641178342211e-05,0.08800000000000097,-0.0007421183157206977,0.04161290322580645,-0.007331378299120188,-0.11363636363636233,-0.013856281018752057
25,5,1085857,0,205,30.4,0.05,6.45,14.06,0.05465838509316699,-6.327908762832823e-05,0.08899999999999864,-0.0007110009845879686,0.04161290322580645,0.0,0.11235955056179942,-0.01998156113292514
25,5,1085901,0,205,30.4,0.06,6.45,14.104,0.053497875122588384,-6.118049808299109e-05,0.08699999999999974,-0.0007032241158964514,0.04161290322580645,-0.007415647015202133,0.11494252873563246,-0.02254511841823427
25,5,1085944,0,205,30.29,0.06,6.35,14.147,0.052696959790780616,-5.9482564223221066e-05,0.0860000000000003,-0.0006916577235258239,0.040967741935483866,-0.007501875468867226,0.0,-0.007944532717030061
25,5,1085987,0,205,30.18,0.06,6.35,14.19,0.0528146453089238,-5.848900706524862e-05,0.0860000000000003,-0.0006801047333168421,0.040967741935483866,0.0,-0.1162790697674414,0.003307054288907292
25,5,1086030,0,205,30.07,0.05,6.35,14.233,0.052981366459626644,-5.82215501526484e-05,0.0860000000000003,-0.0006769947692168395,0.040967741935483866,0.0,-0.1162790697674414,-0.0016725332035852462
25,5,1086073,0,205,29.96,0.05,6.35,14.276,0.052670807453415465,-5.841082787773999e-05,0.08699999999999974,-0.0006713888261809214,0.040967741935483866,-0.007415647015202053,0.0,0.004170846907373286
25,5,1086117,0,205,29.96,0.05,6.25,14.32,0.05334423014056812,-5.8628853797564775e-05,0.08699999999999974,-0.0006738948712363787,0.04032258064516129,-0.007415647015202053,0.0,0.006425358749196752
25,5,1086160,0,205,29.85,0.05,6.25,14.363,0.05322981366459558,-5.850557285475411e-05,0.0860000000000003,-0.0006802973587762082,0.04032258064516129,-0.0075018754688671455,0.0,-0.005321696556862227
25,5,1086203,0,205,29.74,0.05,6.15,14.406,0.052886564236677966,-5.79010254681176e-05,0.08399999999999963,-0.0006892979222394983,0.03967741935483871,0.0,0.0,-0.00015566867479248483
25,5,1086244,0,205,29.63,0.05,6.25,14.447,0.05321673749591301,-5.6947569382103324e-05,0.08399999999999963,-0.0006779472545488521,0.04032258064516129,0.0,0.0,-0.0011285978922461759
25,5,1086287,0,205,29.52,0.05,6.15,14.49,0.05279176201372929,-5.598781786807372e-05,0.08700000000000152,-0.0006435381364146292,0.03967741935483871,-0.007415647015201902,0.11494252873563011,-0.012024063156391391
25,5,1086331,0,205,29.41,0.06,6.15,14.534,0.05217064400130694,-5.5479658407678653e-05,0.08699999999999974,-0.000637697223076768,0.03967741935483871,-0.007415647015202133,0.11494252873563246,-0.006162332367650671
25,5,1086374,0,205,29.41,0.06,6.05,14.577,0.05225563909774368,-5.5880128195040514e-05,0.08599999999999852,-0.0006497689325004822,0.03903225806451613,-0.007501875468867381,-0.1162790697674438,0.0040672966541733975
25,5,1086417,0,205,29.3,0.05,6.05,14.62,0.05252043151356585,-5.746565081005972e-05,0.0860000000000003,-0.0006682052419774363,0.03903225806451613,0.0,-0.1162790697674414,0.008628750845769601
25,5,1086460,0,205,29.19,0.05,6.05,14.663,0.05299771167047987,-6.0105713705792316e-05,0.0860000000000003,-0.0006989036477417687,0.03903225806451613,0.0,0.1162790697674414,0.0034591027619604157
25,5,1086503,0,205,29.19,0.06,6.05,14.706,0.052817914351094446,-6.31319234125094e-05,0.08699999999999974,-0.0007256542920978113,0.03903225806451613,0.0,0.0,-0.005260527630921476
25,5,1086547,0,205,29.08,0.05,6.05,14.75,0.0525400457665897,-6.547424494450293e-05,0.08699999999999974,-0.000752577528097737,0.03903225806451613,-0.007415647015202053,-0.11494252873563246,-0.007515039472744783
25,5,1086590,0,205,28.97,0.05,5.95,14.793,0.05216410591696565,-6.608400460172347e-05,0.08900000000000041,-0.000742516905637339,0.03838709677419355,-0.014498006524102859,0.0,-0.00955001083558896
25,5,1086636,0,205,28.86,0.05,5.85,14.839,0.05169009480222228,-6.443003105006273e-05,0.08900000000000041,-0.0007239329331467689,0.03774193548387097,-0.007249003262051469,0.0,-0.011753859489955703
25,5,1086679,0,205,28.86,0.05,5.85,14.882,0.05111801242235959,-6.075494560320305e-05,0.08699999999999974,-0.0006983327080827957,0.03774193548387097,0.0,0.0,-0.014278574998215103
25,5,1086723,0,205,28.64,0.05,5.85,14.926,0.05044785877737757,-5.5930919648527146e-05,0.08699999999999974,-0.0006428841338911185,0.03774193548387097,0.0,0.0,-0.01653308684003849
25,5,1086766,0,205,28.64,0.05,5.85,14.969,0.049679633867276245,-5.103701434228469e-05,0.0860000000000003,-0.0005934536551428432,0.03774193548387097,0.0,0.0,-0.008514714490979597
25,5,1086809,0,205,28.53,0.05,5.85,15.012,0.04971559333115332,-4.6943170388580314e-05,0.0860000000000003,-0.0005458508184718622,0.03774193548387097,-0.007501875468867226,0.0,0.004067296654173313
25,5,1086852,0,205,28.53,0.05,5.75,15.055,0.05002942137953515,-4.410940970108612e-05,0.0860000000000003,-0.0005129001128033252,0.037096774193548385,-0.007501875468867226,0.0,0.0004181333008964124
25,5,1086895,0,205,28.42,0.05,5.75,15.098,0.049751552795030414,-4.2609955535360734e-05,0.08699999999999974,-0.0004897696038547226,0.037096774193548385,0.0,0.0,-0.0067635355254702404
25,5,1086939,0,205,28.31,0.05,5.75,15.142,0.04944099378881924,-4.226866862061218e-05,0.08699999999999974,-0.0004858467657541644,0.037096774193548385,0.0,0.0,0.002855714999643037
25,5,1086982,0,205,28.2,0.05,5.75,15.185,0.04999999999999936,-4.280780035632503e-05,0.08800000000000097,-0.00048645227677641544,0.037096774193548385,-0.006598240469208099,0.0,0.006352343308864883
25,5,1087027,0,205,28.2,0.05,5.66,15.23,0.04999999999999936,-4.396995500408529e-05,0.08899999999999864,-0.000494044438248157,0.036516129032258066,-0.006524102935846382,0.0,0.0
25,5,1087071,0,205,27.98,0.05,5.66,15.274,0.04999999999999936,-4.558748036636828e-05,0.08699999999999974,-0.0005239940271996369,0.036516129032258066,0.0,0.0,0.0
25,5,1087114,0,205,27.98,0.05,5.66,15.317,0.04999999999999936,-4.757713126454366e-05,0.0860000000000003,-0.0005532224565644592,0.036516129032258066,0.0,0.0,0.0
25,5,1087157,0,205,27.87,0.05,5.66,15.36,0.04999999999999936,-4.987689861360245e-05,0.0860000000000003,-0.0005799639373674683,0.036516129032258066,-0.007501875468867226,0.0,0.0
25,5,1087200,0,205,27.76,0.05,5.56,15.403,0.04999999999999936,-5.237276610295183e-05,0.0860000000000003,-0.0006089856523599029,0.03587096774193548,-0.007501875468867226,0.0,0.0
25,5,1087243,0,205,27.76,0.05,5.56,15.446,0.04999999999999936,-5.484361964843831e-05,0.08699999999999974,-0.0006303864327406721,0.03587096774193548,0.0,0.0,0.0
25,5,1087287,0,205,27.65,0.05,5.56,15.49,0.04999999999999936,-5.693277616109427e-05,0.08699999999999974,-0.0006543997259895912,0.03587096774193548,0.0,0.0,0.0
25,5,1087330,0,205,27.54,0.05,5.56,15.533,0.04999999999999936,-5.8177145964577016e-05,0.0860000000000003,-0.0006764784414485676,0.03587096774193548,-0.0075018754688671455,0.0,0.0
25,5,1087373,0,205,27.54,0.05,5.46,15.576,0.04999999999999936,-5.8131509030481255e-05,0.08800000000000097,-0.0006605853298918252,0.035225806451612905,-0.00733137829912011,0.0,0.006352343308864883
25,5,1087418,0,205,27.43,0.05,5.46,15.621,0.05055900621117947,-5.656320682450566e-05,0.08899999999999864,-0.0006355416497135565,0.035225806451612905,0.0,0.0,0.00279154162886442
25,5,1087462,0,205,27.32,0.05,5.46,15.665,0.05024844720496829,-5.361983168765683e-05,0.08699999999999974,-0.0006163199044558274,0.035225806451612905,-0.007415647015202133,0.0,-0.00676353552547032
25,5,1087505,0,205,27.21,0.05,5.36,15.708,0.04997057862046356,-4.9866608237576495e-05,0.0860000000000003,-0.0005798442818322828,0.03458064516129032,-0.007501875468867226,0.0,-0.0060819389221281675
25,5,1087548,0,205,27.21,0.05,5.36,15.751,0.04972540045766526,-4.614719953162716e-05,0.0860000000000003,-0.0005365953433910117,0.03458064516129032,0.0,0.0,-0.005321696556862308
25,5,1087591,0,205,27.1,0.05,5.36,15.794,0.0495129127165734,-4.330639186195206e-05,0.0860000000000003,-0.0005035626960692083,0.03458064516129032,0.0,0.0,-0.004561454191596287
25,5,1087634,0,205,26.99,0.05,5.36,15.837,0.04933311539718798,-4.189852629967028e-05,0.08699999999999974,-0.0004815922563180506,0.03458064516129032,0.0,0.0,-0.0037575197363723116
25,5,1087678,0,205,26.88,0.05,5.36,15.881,0.04918600849950901,-4.2032094701370145e-05,0.08699999999999974,-0.00048312752530310654,0.03458064516129032,-0.007415647015202133,0.0,0.0034193429600989033
25,5,1087721,0,205,26.77,0.05,5.26,15.924,0.049630598234716584,-4.341689359545597e-05,0.0860000000000003,-0.0005048475999471607,0.03393548387096774,-0.007501875468867226,0.0,0.0006081938922128168
25,5,1087764,0,205,26.77,0.05,5.26,15.967,0.04923831317423931,-4.55446271236255e-05,0.08900000000000219,-0.0005117373834115099,0.03393548387096774,0.0,0.0,-0.008080778399344433
25,5,1087810,0,205,26.77,0.05,5.26,16.013,0.04891140895717491,-4.787646551022551e-05,0.08900000000000041,-0.0005379378147216324,0.03393548387096774,0.0,-0.11235955056179725,-0.006611545963100151
25,5,1087853,0,205,26.55,0.04,5.26,16.056,0.04864988558352339,-4.996702900524852e-05,0.08599999999999852,-0.0005810119651773184,0.03393548387096774,-0.007501875468867301,0.0,0.0011783756661624576
25,5,1087896,0,205,26.55,0.05,5.16,16.099,0.04901274926446488,-5.152498257876914e-05,0.08599999999999852,-0.0005991277044043027,0.03329032258064516,-0.007501875468867301,0.11627906976744389,-0.0009122908383191634
25,5,1087939,0,205,26.43,0.05,5.16,16.142,0.048571428571427946,-5.241944256019071e-05,0.08699999999999974,-0.000602522328278056,0.03329032258064516,0.0,0.0,-0.009018047367293787
25,5,1087983,0,205,26.32,0.05,5.16,16.186,0.048228179143510325,-5.263469061458359e-05,0.08699999999999974,-0.0006049964438457902,0.03329032258064516,0.0,0.0,-0.00033817677627356787
25,5,1088026,0,205,26.32,0.05,5.16,16.229,0.048542007191892146,-5.2205603733337824e-05,0.08599999999999852,-0.0006070419038760316,0.03329032258064516,-0.007501875468867381,0.0,-0.0016725332035852807
25,5,1088069,0,205,26.21,0.05,5.06,16.272,0.04808434128800199,-5.118449724241714e-05,0.08699999999999974,-0.0005883275545105435,0.03264516129032258,-0.007415647015202133,0.0,-0.009018047367293707
25,5,1088113,0,205,26.1,0.05,5.06,16.316,0.047757437070937596,-4.964985336977268e-05,0.0870000000000033,-0.0005706879697674805,0.03264516129032258,0.0,-0.11494252873562785,-0.006012031578195613
25,5,1088156,0,205,25.99,0.04,5.06,16.359,0.047561294540698955,-4.7725221315035425e-05,0.08800000000000097,-0.0005423320603981239,0.03264516129032258,0.0,0.0,0.0033804867900976534
25,5,1088201,0,205,25.88,0.05,5.06,16.404,0.04805491990846619,-4.558893120066898e-05,0.08799999999999741,-0.0005180560363712537,0.03264516129032258,-0.007331378299120406,0.113636363636367,0.009175607001694204
25,5,1088244,0,205,25.88,0.05,4.96,16.447,0.04836874795684802,-4.347533231174339e-05,0.08699999999999974,-0.0004997164633533738,0.032,-0.007415647015202053,0.0,-0.0009018047367293548
25,5,1088288,0,205,25.77,0.05,4.96,16.491,0.04797646289637074,-4.1648468318603805e-05,0.08699999999999974,-0.00047871802665061985,0.032,0.0,-0.11494252873563254,-0.010708931248661388
25,5,1088331,0,205,25.66,0.04,4.96,16.534,0.04743707093821448,-4.032368656754937e-05,0.08600000000000207,-0.0004688800763668418,0.032,0.0,0.0,-0.01425454434873786
25,5,1088374,0,205,25.66,0.05,4.96,16.577,0.04675057208237925,-3.9571250377997026e-05,0.08600000000000207,-0.0004601308183487915,0.032,0.0,0.11627906976743908,-0.013684362574788257
25,5,1088417,0,205,25.55,0.05,4.96,16.62,0.046260215756782665,-3.9287535496108636e-05,0.08699999999999974,-0.00045158086777136495,0.032,-0.007415647015202053,-0.11494252873563254,-0.009018047367293707
25,5,1088461,0,205,25.55,0.04,4.86,16.664,0.0459660019614247,-3.927187293847378e-05,0.08699999999999974,-0.0004514008383732632,0.031354838709677424,-0.007415647015202053,0.0,-0.004509023683646933
25,5,1088504,0,205,25.44,0.05,4.86,16.707,0.04586793069630538,-3.9342447769324274e-05,0.08599999999999852,-0.0004574703228991273,0.031354838709677424,0.0,0.11627906976744389,0.0
25,5,1088547,0,205,25.33,0.05,4.86,16.75,0.0459660019614247,-3.9394385761450936e-05,0.08800000000000097,-0.00044766347456193754,0.031354838709677424,0.0,0.0,0.004457784778150883
25,5,1088592,0,205,25.22,0.05,4.86,16.795,0.046260215756782665,-3.93858973629797e-05,0.08899999999999864,-0.00044253817261775627,0.031354838709677424,0.0,-0.1123595505617995,-0.0013223091926201033
25,5,1088636,0,205,25.22,0.04,4.86,16.839,0.045848316443281516,-3.93225395109873e-05,0.08699999999999974,-0.00045198321276997025,0.031354838709677424,-0.007415647015202173,-0.11494252873563254,-0.0011648311182754366
25,5,1088679,0,205,25.11,0.04,4.76,16.882,0.0461588754494927,-3.928480062481832e-05,0.08600000000000207,-0.0004568000072653183,0.030709677419354837,-0.007501875468867112,0.11627906976743908,0.009122908383192305
25,5,1088722,0,205,25.0,0.05,4.76,16.925,0.04663288656423607,-3.945176998593869e-05,0.08599999999999852,-0.0004587415114644112,0.030709677419354837,0.0,0.0,0.012924120209522785
25,5,1088765,0,205,24.89,0.04,4.76,16.968,0.04727034978751164,-4.004870256437521e-05,0.08599999999999852,-0.00046568258795785924,0.030709677419354837,0.0,0.0,0.006233987395181582
25,5,1088808,0,205,24.89,0.05,4.76,17.011,0.04716900948022168,-4.123049867129591e-05,0.08699999999999974,-0.00047391377783098887,0.030709677419354837,0.0,0.11494252873563254,0.005598704407194884
25,5,1088852,0,205,24.78,0.05,4.76,17.055,0.047757437070937596,-4.29963181852715e-05,0.08800000000000097,-0.0004885945248326253,0.030709677419354837,-0.00733137829912011,0.0,0.014859282593836069
25,5,1088896,0,205,24.78,0.05,4.66,17.099,0.04847662634847927,-4.520149585557487e-05,0.08699999999999974,-0.000519557423627299,0.03006451612903226,-0.007415647015202053,0.0,0.014090699011396429
25,5,1088939,0,205,24.67,0.05,4.66,17.142,0.04898332788492908,-4.7630380470028655e-05,0.08800000000000097,-0.0005412543235230469,0.03006451612903226,0.0,0.0,0.015453653897589419
25,5,1088984,0,205,24.56,0.05,4.66,17.187,0.04983654789146715,-5.00489675909499e-05,0.08900000000000219,-0.0005623479504600974,0.03006451612903226,0.0,0.0,0.017153288693153863
25,5,1089028,0,205,24.56,0.05,4.66,17.231,0.05050997057861981,-5.221046467378532e-05,0.08699999999999974,-0.0006001202836067296,0.03006451612903226,-0.007415647015202133,0.0,0.013790097432486723
25,5,1089071,0,205,24.45,0.05,4.56,17.274,0.05103628636809349,-5.38471796581641e-05,0.08599999999999852,-0.0006261299960251747,0.029419354838709676,-0.007501875468867381,0.0,-0.006081938922128455
25,5,1089114,0,205,24.45,0.05,4.56,17.317,0.049986923831316775,-5.467603687944589e-05,0.08599999999999852,-0.0006357678706912422,0.029419354838709676,0.0,0.0,-0.026114325246888864
25,5,1089157,0,205,24.23,0.05,4.56,17.36,0.04879045439686109,-5.442106900517185e-05,0.08699999999999974,-0.0006255295287950805,0.029419354838709676,0.0,0.0,-0.0127755671036661
25,5,1089201,0,205,24.23,0.05,4.56,17.404,0.04887544949329783,-5.286812137007058e-05,0.08699999999999974,-0.0006076795559778245,0.029419354838709676,-0.007415647015202093,0.0,-0.01653308684003849
25,5,1089244,0,205,24.23,0.05,4.46,17.447,0.047352075841777745,-4.99676718941382e-05,0.08599999999999852,-0.0005810194406295239,0.028774193548387096,-0.007501875468867341,0.0,-0.020526543862183312
25,5,1089287,0,205,24.01,0.05,4.46,17.49,0.04711016672115009,-4.5946155993480174e-05,0.10300000000000153,-0.00044607918440271347,0.028774193548387096,0.0,0.0,-0.0061254867857696675
25,5,1089347,0,205,24.01,0.05,4.46,17.55,0.04672115070284346,-4.1337131218802447e-05,0.10600000000000165,-0.00038997293602643213,0.028774193548387096,-0.005477784540474656,-0.09433962264150798,-0.008419325590431985
25,5,1089393,0,205,23.9,0.04,4.37,17.596,0.04621771820856429,-3.687595108579167e-05,0.08899999999999864,-0.0004143365290538453,0.028193548387096774,0.0,-0.1123595505617995,-0.012231360031735371
25,5,1089436,0,205,23.79,0.04,4.46,17.639,0.04563255966001903,-3.328805586404204e-05,0.08599999999999852,-0.0003870704170237513,0.028774193548387096,0.0,0.0,-0.014178520112211887
25,5,1089479,0,205,23.79,0.04,4.37,17.682,0.04499836547891409,-3.1062103890323375e-05,0.08600000000000207,-0.0003611872545386352,0.028193548387096774,-0.006751687921980332,0.0,-0.014938762477477387
25,5,1089522,0,205,23.68,0.04,4.37,17.725,0.04434782608695594,-3.0299200428728135e-05,0.08600000000000207,-0.0003523162840549698,0.028193548387096774,0.0,0.11627906976743908,-0.014938762477477226
25,5,1089565,0,205,23.68,0.05,4.37,17.768,0.043713631905851015,-3.069146160879388e-05,0.08699999999999974,-0.0003527754207907353,0.028193548387096774,0.0,0.11494252873563254,-0.014015548616668943
25,5,1089609,0,205,23.57,0.05,4.37,17.812,0.04312847335730575,-3.164535744770536e-05,0.08699999999999974,-0.00036373974077822356,0.028193548387096774,0.0,-0.11494252873563254,-0.012512540722120017
25,5,1089652,0,205,23.46,0.04,4.37,17.855,0.04262504086302658,-3.252767003506563e-05,0.08599999999999852,-0.0003782287213379789,0.028193548387096774,-0.007501875468867381,0.0,-0.010377308285881622
25,5,1089695,0,205,23.35,0.05,4.27,17.898,0.042236024844719944,-3.2947689069087185e-05,0.08599999999999852,-0.0003831126635940436,0.02754838709677419,-0.007501875468867381,0.0,-0.01383641104784211
25,5,1089738,0,205,23.24,0.04,4.27,17.941,0.041435109512912176,-3.2928889265417814e-05,0.08899999999999864,-0.0003699875198361609,0.02754838709677419,0.0,-0.1123595505617995,-0.006207507043133034
25,5,1089784,0,205,23.24,0.04,4.27,17.987,0.04168355671788111,-3.285599333624578e-05,0.08900000000000219,-0.0003691684644521907,0.02754838709677419,0.0,0.0,0.00760327785756494
25,5,1089827,0,205,23.13,0.04,4.27,18.03,0.04211180124223547,-3.322626729476585e-05,0.08600000000000207,-0.00038635194528796574,0.02754838709677419,0.0,0.0,0.0019386180314284144
25,5,1089870,0,205,23.13,0.04,4.27,18.073,0.04185027786858396,-3.4370441325581424e-05,0.08599999999999852,-0.0003996562944835118,0.02754838709677419,0.0,0.0,-0.007602423652660367
25,5,1089913,0,205,23.02,0.04,4.27,18.116,0.04145799280810669,-3.631102058636682e-05,0.08599999999999852,-0.0004222211696089237,0.02754838709677419,-0.007501875468867301,0.0,-0.010643393113724675
25,5,1089956,0,205,22.91,0.04,4.17,18.159,0.040934946060803654,-3.879677321165165e-05,0.08699999999999974,-0.00044593992197300875,0.026903225806451613,-0.007415647015202053,0.0,-0.01352707105094064
25,5,1090000,0,205,22.91,0.04,4.17,18.203,0.04028113762667486,-4.1417852263463395e-05,0.08699999999999974,-0.00047606726739613236,0.026903225806451613,0.0,0.0,-0.006162332367650671
25,5,1090043,0,205,22.8,0.04,4.17,18.246,0.04039882314481805,-4.3690645972101375e-05,0.08600000000000207,-0.0005080307671174455,0.026903225806451613,0.0,0.0,0.00558778138470524
25,5,1090086,0,205,22.69,0.04,4.17,18.289,0.04076168682575952,-4.5103728290198045e-05,0.08600000000000207,-0.0005244619568627553,0.026903225806451613,0.0,0.0,0.0011783756661623284
25,5,1090129,0,205,22.69,0.04,4.17,18.332,0.04050016345210801,-4.5204428200182e-05,0.08999999999999986,-0.0005022714244464674,0.026903225806451613,-0.007168458781362013,0.11111111111111131,0.0034869783153536546
25,5,1090176,0,205,22.58,0.05,4.07,18.379,0.04107551487414135,-4.3766568144187445e-05,0.08999999999999986,-0.0004862952016020835,0.026258064516129033,-0.007168458781362013,0.0,0.0062111801242234425
25,5,1090219,0,205,22.58,0.04,4.07,18.422,0.04105916966328812,-4.095863493005858e-05,0.08599999999999852,-0.00047626319686115443,0.026258064516129033,0.0,-0.11627906976744389,-0.0007602423652661173
25,5,1090262,0,205,22.47,0.04,4.07,18.465,0.041010134030728465,-3.7372723203754174e-05,0.08599999999999852,-0.00043456654888086995,0.026258064516129033,-0.007501875468867341,0.0,-0.0015204847305319927
25,5,1090305,0,205,22.36,0.04,3.97,18.508,0.04092840797646237,-3.3848099632001195e-05,0.08599999999999852,-0.00039358255386048575,0.025612903225806453,0.0,0.0,-0.0022807270957981907
25,5,1090348,0,205,22.36,0.04,4.07,18.551,0.040813991500489824,-3.116502201260385e-05,0.08699999999999974,-0.0003582186438230338,0.026258064516129033,0.007415647015202093,0.0,-0.0030060157890978495
25,5,1090392,0,205,22.25,0.04,4.07,18.595,0.04066688460281086,-2.9780665893009318e-05,0.0870000000000033,-0.00034230650451733553,0.026258064516129033,-0.00741564701520179,0.0,-0.003757519736372238
25,5,1090435,0,205,22.25,0.04,3.97,18.638,0.04048708728342543,-2.9750773290815324e-05,0.08600000000000207,-0.00034593922431179773,0.025612903225806453,-0.007501875468867031,0.0,-0.004561454191596193
25,5,1090478,0,205,22.14,0.04,3.97,18.681,0.040274599542333575,-3.084067253763578e-05,0.08599999999999852,-0.0003586124713678641,0.025612903225806453,0.0,0.0,-0.005321696556862337
25,5,1090521,0,205,22.03,0.04,3.97,18.724,0.040029421379535274,-3.2701485526902995e-05,0.08899999999999864,-0.0003674324216506011,0.025612903225806453,0.0,0.0,-0.005876929744978047
25,5,1090567,0,205,21.92,0.04,3.97,18.77,0.03975155279503054,-3.49859315503438e-05,0.08899999999999864,-0.00039310035449825097,0.025612903225806453,-0.007249003262051574,0.0,-0.0066115459631002045
25,5,1090610,0,205,21.92,0.04,3.87,18.813,0.039440993788819365,-3.7368469367051734e-05,0.08600000000000207,-0.00043451708566338176,0.024967741935483873,0.0,0.0,0.0028889209880109006
25,5,1090653,0,205,21.81,0.04,3.97,18.856,0.03999999999999948,-3.950876468798992e-05,0.08600000000000207,-0.00045940424055801124,0.025612903225806453,0.0,0.0,0.006500072223024446
25,5,1090696,0,205,21.81,0.04,3.87,18.899,0.03999999999999948,-4.102058471324455e-05,0.08699999999999974,-0.00047150097371545594,0.024967741935483873,-0.007415647015202093,0.0,0.0
25,5,1090740,0,205,21.7,0.04,3.87,18.943,0.03999999999999948,-4.1499211584629324e-05,0.08699999999999974,-0.000477002432007235,0.024967741935483873,0.0,0.0,0.0
25,5,1090783,0,205,21.7,0.04,3.87,18.986,0.03999999999999948,-4.062828199545843e-05,0.08599999999999852,-0.0004724218836681294,0.024967741935483873,0.0,0.0,0.0
25,5,1090826,0,205,21.59,0.04,3.87,19.029,0.03999999999999948,-3.8340240199607575e-05,0.08599999999999852,-0.0004458167465070725,0.024967741935483873,-0.007501875468867381,0.0,0.0
25,5,1090869,0,205,21.59,0.04,3.77,19.072,0.03999999999999948,-3.4954872599705754e-05,0.08599999999999852,-0.0004064520069733297,0.02432258064516129,-0.007501875468867381,0.0,0.0
25,5,1090912,0,205,21.48,0.04,3.77,19.115,0.03999999999999948,-3.118817523827655e-05,0.08900000000000219,-0.00035042893526152563,0.02432258064516129,0.0,0.0,0.0
25,5,1090958,0,205,21.37,0.04,3.77,19.161,0.03999999999999948,-2.7960041535810998e-05,0.08900000000000219,-0.0003141577700652844,0.02432258064516129,0.0,0.0,0.0
25,5,1091001,0,205,21.37,0.04,3.77,19.204,0.03999999999999948,-2.6052452802635794e-05,0.08599999999999852,-0.0003029354977050726,0.02432258064516129,0.0,0.0,0.0
25,5,1091044,0,205,21.26,0.04,3.77,19.247,0.03999999999999948,-2.5793081204489532e-05,0.08599999999999852,-0.0002999195488894183,0.02432258064516129,0.0,0.0,0.0
25,5,1091087,0,205,21.26,0.04,3.77,19.29,0.03999999999999948,-2.694856586358263e-05,0.08699999999999974,-0.0003097536306158932,0.02432258064516129,0.0,0.0,0.0
25,5,1091131,0,205,21.15,0.04,3.77,19.334,0.03999999999999948,-2.889095308539291e-05,0.08699999999999974,-0.0003320799205217586,0.02432258064516129,-0.007415647015202093,0.0,0.0
25,5,1091174,0,205,21.04,0.04,3.67,19.377,0.03999999999999948,-3.093222597663647e-05,0.08600000000000207,-0.0003596770462399503,0.02367741935483871,-0.007501875468867031,0.0,0.0
25,5,1091217,0,205,21.04,0.04,3.67,19.42,0.03999999999999948,-3.2617978770057566e-05,0.08600000000000207,-0.000379278822907637,0.02367741935483871,0.0,0.0,-0.006500072223024446
25,5,1091260,0,205,20.93,0.04,3.67,19.463,0.039440993788819365,-3.381329333190752e-05,0.08599999999999852,-0.00039317782944079185,0.02367741935483871,0.0,0.0,-0.00288892098801102
25,5,1091303,0,205,20.82,0.04,3.67,19.506,0.03975155279503054,-3.4579791804749685e-05,0.08899999999999864,-0.00038853698657022713,0.02367741935483871,0.0,0.0,0.0066115459631002045
25,5,1091349,0,205,20.82,0.04,3.67,19.552,0.040029421379535274,-3.4995427643834006e-05,0.08899999999999864,-0.0003932070521779162,0.02367741935483871,0.0,0.0,0.005876929744978047
25,5,1091392,0,205,20.71,0.04,3.67,19.595,0.040274599542333575,-3.507685457337883e-05,0.08600000000000207,-0.0004078704020160231,0.02367741935483871,-0.007501875468867031,0.0,0.005321696556862118
25,5,1091435,0,205,20.71,0.04,3.57,19.638,0.04048708728342543,-3.483398694195872e-05,0.08600000000000207,-0.0004050463597902079,0.02303225806451613,-0.007501875468867031,0.0,0.004561454191596193
25,5,1091478,0,205,20.6,0.04,3.57,19.681,0.04066688460281086,-3.4349411535201214e-05,0.08699999999999974,-0.00039482082224369326,0.02303225806451613,0.0,0.0,0.0037575197363723914
25,5,1091522,0,205,20.6,0.04,3.57,19.725,0.040813991500489824,-3.376331543747568e-05,0.08699999999999974,-0.00038808408548822736,0.02303225806451613,0.0,0.0,0.0030060157890978495
25,5,1091565,0,205,20.49,0.04,3.57,19.768,0.04092840797646237,-3.316350901558263e-05,0.08599999999999852,-0.00038562219785561857,0.02303225806451613,0.0,0.0,0.0022807270957981907
25,5,1091608,0,205,20.49,0.04,3.57,19.811,0.041010134030728465,-3.2500403807053324e-05,0.08599999999999852,-0.00037791167217504515,0.02303225806451613,0.0,0.0,0.0015204847305319927
25,5,1091651,0,205,20.38,0.04,3.57,19.854,0.04105916966328812,-3.163835310866681e-05,0.08599999999999852,-0.00036788782684496924,0.02303225806451613,-0.007501875468867341,0.11627906976744389,0.0007602423652661173
25,5,1091694,0,205,20.27,0.05,3.47,19.897,0.04107551487414135,-3.0521988366533305e-05,0.08900000000000219,-0.00034294368951160174,0.022387096774193548,-0.007249003262051285,0.0,0.0
25,5,1091740,0,205,20.27,0.04,3.47,19.943,0.04105916966328812,-2.930860829655968e-05,0.08900000000000219,-0.00032931020557931413,0.022387096774193548,0.0,-0.11235955056179502,-0.000734616218122285
25,5,1091783,0,205,20.16,0.04,3.47,19.986,0.041010134030728465,-2.8324870105659095e-05,0.08599999999999852,-0.0003293589547169719,0.022387096774193548,0.0,0.0,-0.0015204847305319927
25,5,1091826,0,205,20.05,0.04,3.47,20.029,0.04092840797646237,-2.785228699262099e-05,0.08599999999999852,-0.0003238638022397845,0.022387096774193548,0.0,0.0,-0.0022807270957981907
25,5,1091869,0,205,20.05,0.04,3.47,20.072,0.040813991500489824,-2.7900317630415117e-05,0.08699999999999974,-0.00032069330609672646,0.022387096774193548,0.0,0.0,-0.0030060157890978495
25,5,1091913,0,205,19.94,0.04,3.47,20.116,0.04066688460281086,-2.815293373283678e-05,0.08699999999999974,-0.000323596939457895,0.022387096774193548,0.0,0.0,-0.010182878485569145
25,5,1091956,0,205,19.94,0.04,3.47,20.159,0.03992808107224531,-2.8156897866822293e-05,0.08600000000000207,-0.00032740578914908854,0.022387096774193548,-0.007501875468867031,0.0,-0.0074503751796070935
25,5,1091999,0,205,19.83,0.04,3.37,20.202,0.04002615233736463,-2.7645172957160293e-05,0.08600000000000207,-0.0003214554995018561,0.021741935483870968,-0.007501875468867031,0.0,0.001520484730532172
25,5,1092042,0,205,19.83,0.04,3.37,20.245,0.04005884275907108,-2.677685326161461e-05,0.08599999999999852,-0.0003113587588559892,0.021741935483870968,0.0,0.0,0.0
25,5,1092085,0,205,19.72,0.04,3.37,20.288,0.04002615233736463,-2.611488071624235e-05,0.08899999999999864,-0.00029342562602519944,0.021741935483870968,0.0,0.0,-0.0014692324362446285
25,5,1092131,0,205,19.72,0.04,3.37,20.334,0.03992808107224531,-2.6339263038274386e-05,0.08899999999999864,-0.00029594677571095267,0.021741935483870968,0.0,0.0,0.00719923893759815
25,5,1092174,0,205,19.61,0.04,3.37,20.377,0.04066688460281086,-2.787293539491209e-05,0.08600000000000207,-0.00032410389994083047,0.021741935483870968,0.0,0.0,0.010301284049354553
25,5,1092217,0,205,19.61,0.04,3.37,20.42,0.040813991500489824,-3.064507962074314e-05,0.08600000000000207,-0.00035633813512491163,0.021741935483870968,0.0,0.0,0.0030409694610640213
25,5,1092260,0,205,19.5,0.04,3.37,20.463,0.04092840797646237,-3.411413787082651e-05,0.08699999999999974,-0.00039211652725088057,0.021741935483870968,-0.007415647015202093,0.0,0.0022545118418234667
25,5,1092304,0,205,19.5,0.04,3.27,20.507,0.041010134030728465,-3.750442014411348e-05,0.08699999999999974,-0.0004310852890127999,0.021096774193548388,-0.007415647015202093,0.0,0.001503007894548845
25,5,1092347,0,205,19.39,0.04,3.27,20.55,0.04105916966328812,-4.009087686269508e-05,0.08599999999999852,-0.0004661729867755322,0.021096774193548388,0.0,0.11627906976744389,0.0007602423652661173
25,5,1092390,0,205,19.28,0.05,3.27,20.593,0.04107551487414135,-4.1379411373778654e-05,0.08599999999999852,-0.0004811559462067368,0.021096774193548388,0.0,0.0,0.0
25,5,1092433,0,205,19.28,0.04,3.27,20.636,0.04105916966328812,-4.115499907096032e-05,0.08599999999999852,-0.0004785465008251282,0.021096774193548388,0.0,-0.11627906976744389,-0.0007602423652661173
25,5,1092476,0,205,19.28,0.04,3.27,20.679,0.041010134030728465,-3.94755040000625e-05,0.08999999999999986,-0.00043861671111180623,0.021096774193548388,-0.007168458781362013,0.0,-0.0014529076313972147
25,5,1092523,0,205,19.17,0.04,3.17,20.726,0.04092840797646237,-3.666795897499542e-05,0.08999999999999986,-0.00040742176638883866,0.020451612903225808,-0.007168458781362013,0.0,-0.002179361447096015
25,5,1092566,0,205,19.06,0.04,3.17,20.769,0.040813991500489824,-3.3286572101167255e-05,0.08600000000000207,-0.00038705316396705174,0.020451612903225808,0.0,0.0,-0.0030409694610640213
25,5,1092609,0,205,19.06,0.04,3.17,20.812,0.04066688460281086,-2.9963153696645594e-05,0.0870000000000033,-0.00034440406547867194,0.020451612903225808,0.0,0.0,-0.003757519736372238
25,5,1092653,0,205,18.95,0.04,3.17,20.856,0.04048708728342543,-2.7172723303805935e-05,0.08699999999999974,-0.00031233015291731053,0.020451612903225808,0.0,0.0,-0.004509023683646933
25,5,1092696,0,205,18.84,0.04,3.17,20.899,0.040274599542333575,-2.5044906655240952e-05,0.08599999999999852,-0.0002912198448283882,0.020451612903225808,0.0,0.0,-0.005321696556862337
25,5,1092739,0,205,18.84,0.04,3.17,20.942,0.040029421379535274,-2.3350707177325347e-05,0.08599999999999852,-0.0002715198508991366,0.020451612903225808,-0.006751687921980611,0.0,-0.006081938922128455
25,5,1092782,0,205,18.84,0.04,3.08,20.985,0.03975155279503054,-2.168307913929679e-05,0.08599999999999852,-0.0002521288272011298,0.019870967741935485,0.0,0.0,-0.0068421812873944105
25,5,1092825,0,205,18.73,0.04,3.17,21.028,0.039440993788819365,-1.9731566287739975e-05,0.08699999999999974,-0.000226799612502759,0.020451612903225808,0.0,0.0,0.002855714999643037
25,5,1092869,0,205,18.73,0.04,3.08,21.072,0.03999999999999948,-1.7510207461405968e-05,0.08900000000000219,-0.00019674390406073639,0.019870967741935485,-0.0065241029358461605,0.0,0.006280968664944968
25,5,1092914,0,205,18.62,0.04,3.08,21.117,0.03999999999999948,-1.543093293000819e-05,0.08800000000000097,-0.00017535151056827296,0.019870967741935485,0.0,0.0,0.0
25,5,1092957,0,205,18.51,0.04,3.08,21.16,0.03999999999999948,-1.4180698578520446e-05,0.08599999999999852,-0.00016489184393628708,0.019870967741935485,0.0,0.0,0.006500072223024714
25,5,1093000,0,205,18.51,0.04,3.08,21.203,0.040559006211179596,-1.4442373230001416e-05,0.08699999999999974,-0.00016600429000001676,0.019870967741935485,0.0,0.0,0.002855714999643037
25,5,1093044,0,205,18.51,0.04,3.08,21.247,0.040248447204968424,-1.6579052030841978e-05,0.08699999999999974,-0.00019056381644646007,0.019870967741935485,0.0,0.0,-0.0067635355254702404
25,5,1093087,0,205,18.4,0.04,3.08,21.29,0.03997057862046369,-2.0432610907429096e-05,0.08599999999999852,-0.0002375884989235982,0.019870967741935485,0.0,0.0,-0.006081938922128455
25,5,1093130,0,205,18.29,0.04,3.08,21.333,0.039725400457665386,-2.534009587176378e-05,0.08600000000000207,-0.0002946522775786415,0.019870967741935485,0.0,0.0,-0.005321696556862118
25,5,1093173,0,205,18.29,0.04,3.08,21.376,0.039512912716573534,-3.036507729714577e-05,0.0870000000000033,-0.00034902387697867377,0.019870967741935485,-0.00741564701520183,0.0,-0.00450902368364667
25,5,1093217,0,205,18.29,0.04,2.98,21.42,0.03933311539718811,-3.4623765197007385e-05,0.08699999999999974,-0.00039797431260928145,0.0192258064516129,-0.007415647015202133,0.0,-0.0037575197363723914
25,5,1093260,0,205,18.18,0.04,2.98,21.463,0.03918600849950914,-3.75253600326273e-05,0.08899999999999864,-0.0004216332587935716,0.0192258064516129,0.0,0.0,-0.0029384648724889452
25,5,1093306,0,205,18.07,0.04,2.98,21.509,0.0390715920235366,-3.880654310628584e-05,0.08899999999999864,-0.0004360285742279375,0.0192258064516129,0.0,0.0,-0.002203848654366787
25,5,1093349,0,205,18.07,0.04,2.98,21.552,0.038989865969270496,-3.8400729738924166e-05,0.08599999999999852,-0.0004465201132433119,0.0192258064516129,0.0,0.0,-0.001520484730532154
25,5,1093392,0,205,18.07,0.04,2.98,21.595,0.038940830336710835,-3.631310498843776e-05,0.08600000000000207,-0.00042224540684228937,0.0192258064516129,0.0,-0.11627906976743908,-0.0007602423652660053
25,5,1093435,0,205,17.96,0.03,2.98,21.638,0.03892448512585762,-3.264960909135794e-05,0.08699999999999974,-0.0003752828631190579,0.0192258064516129,-0.007415647015202093,0.0,0.0
25,5,1093479,0,205,17.96,0.04,2.88,21.682,0.038940830336710835,-2.778686792315588e-05,0.08699999999999974,-0.00031938928647305703,0.01858064516129032,-0.007415647015202093,0.11494252873563254,0.007176862696471215
25,5,1093522,0,205,17.85,0.04,2.88,21.725,0.03954887218045061,-2.2512107192526276e-05,0.08600000000000207,-0.0002617686882851829,0.01858064516129032,0.0,0.0,0.004409405718542912
25,5,1093565,0,205,17.73,0.04,2.88,21.768,0.039320039228505535,-1.7948639625113394e-05,0.08599999999999852,-0.00020870511191992678,0.01858064516129032,0.0,0.0,-0.00456145419159622
25,5,1093608,0,205,17.73,0.04,2.88,21.811,0.03915658711997334,-1.5227632080266674e-05,0.08699999999999974,-0.00017503025379616918,0.01858064516129032,0.0,0.0,0.0034193429600989033
25,5,1093652,0,205,17.62,0.04,2.88,21.855,0.03961752206603414,-1.5045778401669096e-05,0.08899999999999864,-0.0001690536899063969,0.01858064516129032,0.0,0.0,0.0013223091926200254
25,5,1093697,0,205,17.62,0.04,2.88,21.9,0.039274272638116524,-1.7327478737388713e-05,0.08800000000000097,-0.00019690316747032413,0.01858064516129032,0.0,0.0,-0.006686677167226247
25,5,1093740,0,205,17.51,0.04,2.88,21.943,0.03902909447531822,-2.1164253933496635e-05,0.08600000000000207,-0.00024609597597088516,0.01858064516129032,0.0,0.0,-0.004561454191596113
25,5,1093783,0,205,17.51,0.04,2.88,21.986,0.03888198757763925,-2.5089045094747408e-05,0.08699999999999974,-0.0002883798286752584,0.01858064516129032,0.0,0.0,-0.002254511841823387
25,5,1093827,0,205,17.4,0.04,2.88,22.03,0.03883295194507959,-2.7607736473093338e-05,0.08699999999999974,-0.0003173303042884301,0.01858064516129032,-0.007415647015202093,0.0,0.0
25,5,1093870,0,205,17.4,0.04,2.78,22.073,0.03888198757763925,-2.778532652097354e-05,0.08599999999999852,-0.00032308519210434906,0.01793548387096774,-0.007501875468867341,0.0,-0.008210617544873358
25,5,1093913,0,205,17.4,0.04,2.78,22.116,0.03812683883622049,-2.5625038914314224e-05,0.08599999999999852,-0.00029796556877110077,0.01793548387096774,0.0,-0.11627906976744389,-0.01030128404935498
25,5,1093956,0,205,17.29,0.03,2.78,22.159,0.037996077149394736,-2.2052203194584675e-05,0.08699999999999974,-0.0002534735999377556,0.01793548387096774,0.0,0.0,-0.002254511841823387
25,5,1094000,0,205,17.29,0.04,2.78,22.203,0.03793069630598186,-1.8509222947656222e-05,0.08699999999999974,-0.0002127496890535204,0.01793548387096774,0.0,0.11494252873563254,-0.0007515039472744624
25,5,1094043,0,205,17.18,0.04,2.78,22.246,0.03793069630598186,-1.6360995701980575e-05,0.08800000000000097,-0.00018592040570432268,0.01793548387096774,0.0,-0.11363636363636241,0.0007429641296917876
25,5,1094088,0,205,17.18,0.03,2.78,22.291,0.037996077149394736,-1.637944796113322e-05,0.08900000000000219,-0.0001840387411363238,0.01793548387096774,0.0,0.0,0.0022038486543666212
25,5,1094132,0,205,17.07,0.04,2.78,22.335,0.03812683883622049,-1.851002782608546e-05,0.08699999999999974,-0.00021275894052971857,0.01793548387096774,0.0,0.11494252873563254,0.0037575197363723914
25,5,1094175,0,205,16.96,0.04,2.78,22.378,0.03832298136645913,-2.1989769113085257e-05,0.08599999999999852,-0.0002556949896870423,0.01793548387096774,0.0,0.0,0.011821768779887052
25,5,1094218,0,205,16.96,0.04,2.78,22.421,0.03914351095129076,-2.5742817277094598e-05,0.08599999999999852,-0.0002993350846173842,0.01793548387096774,-0.007501875468867341,0.0,0.009731102275405431
25,5,1094261,0,205,16.96,0.04,2.68,22.464,0.039159856162143986,-2.8858064924533354e-05,0.08600000000000207,-0.00033555889447130997,0.01729032258064516,-0.007501875468867031,0.0,0.0015204847305320913
25,5,1094304,0,205,16.85,0.04,2.68,22.507,0.039274272638116524,-3.0906748210235425e-05,0.08699999999999974,-0.00035524997942799446,0.01729032258064516,0.0,0.0,0.0037575197363723914
25,5,1094348,0,205,16.85,0.04,2.68,22.551,0.03948676037920838,-3.1944275332083106e-05,0.08699999999999974,-0.00036717557852969195,0.01729032258064516,0.0,0.0,0.006012031578195779
25,5,1094391,0,205,16.74,0.04,2.68,22.594,0.039797319385419555,-3.2237743573815256e-05,0.08600000000000207,-0.0003748574834164474,0.01729032258064516,0.0,0.0,-0.0021286786227448953
25,5,1094434,0,205,16.74,0.04,2.68,22.637,0.03930369401765232,-3.193564363086754e-05,0.08899999999999864,-0.0003588274565266071,0.01729032258064516,0.0,0.0,-0.004077120010578431
25,5,1094480,0,205,16.63,0.04,2.68,22.683,0.03943445570447808,-3.091963909243489e-05,0.08899999999999864,-0.000347411675195903,0.01729032258064516,0.0,0.0,0.0036730810906112597
25,5,1094523,0,205,16.63,0.04,2.68,22.726,0.039630598234716714,-2.8940714111683087e-05,0.08599999999999852,-0.00033651993153120446,0.01729032258064516,-0.007501875468867341,0.0,-0.005169648083809211
25,5,1094566,0,205,16.52,0.04,2.58,22.769,0.038989865969270496,-2.5940054848345716e-05,0.08600000000000207,-0.0003016285447481987,0.01664516129032258,-0.007501875468867031,0.0,-0.0015204847305320913
25,5,1094609,0,205,16.52,0.04,2.58,22.812,0.03949983654789095,-2.2317294148407996e-05,0.08600000000000207,-0.0002595034203303193,0.01664516129032258,0.0,-0.11627906976743908,0.008628750845769423
25,5,1094652,0,205,16.52,0.03,2.58,22.855,0.039731938542006684,-1.8931698520542107e-05,0.08699999999999974,-0.0002176057301211743,0.01664516129032258,0.0,0.0,-0.003907820525827204
25,5,1094696,0,205,16.41,0.04,2.58,22.899,0.039159856162143986,-1.6795944989003608e-05,0.08699999999999974,-0.00019305683895406504,0.01664516129032258,0.0,0.11494252873563254,-0.005598704407194964
25,5,1094739,0,205,16.41,0.04,2.58,22.942,0.039244851258580724,-1.661763348623291e-05,0.08599999999999852,-0.00019322829635154878,0.01664516129032258,0.0,0.0,-0.006994229760447699
25,5,1094782,0,205,16.3,0.04,2.58,22.985,0.038558352402745494,-1.8427732606089988e-05,0.08599999999999852,-0.00021427596053593377,0.01664516129032258,0.0,0.0,-0.007944532717030144
25,5,1094825,0,205,16.3,0.04,2.58,23.028,0.03856162144491614,-2.148567975594462e-05,0.08999999999999986,-0.0002387297750660517,0.01664516129032258,0.0,0.0,-0.00813628273582499
25,5,1094872,0,205,16.19,0.04,2.58,23.075,0.037826086956521246,-2.4527361203348973e-05,0.08999999999999986,-0.0002725262355927668,0.01664516129032258,0.0,0.0,-0.01452907631397315
25,5,1094915,0,205,16.19,0.04,2.58,23.118,0.03725400457665856,-2.6277663603166967e-05,0.08600000000000207,-0.00030555422794379457,0.01664516129032258,-0.007501875468867031,0.0,-0.01140363547899016
25,5,1094958,0,205,16.08,0.04,2.48,23.161,0.03684537430532807,-2.6017734901573774e-05,0.08699999999999974,-0.0002990544241560213,0.016,-0.007415647015202093,0.0,-0.007515039472744783
25,5,1095002,0,205,16.08,0.04,2.48,23.205,0.03660019614252977,-2.3936122280432405e-05,0.08699999999999974,-0.00027512784230382154,0.016,0.0,-0.11494252873563254,-0.003757519736372471
25,5,1095045,0,205,15.97,0.03,2.48,23.248,0.036518470088263665,-2.1070185661228978e-05,0.08600000000000207,-0.00024500215885149383,0.016,0.0,-0.11627906976743908,0.0
25,5,1095088,0,205,15.97,0.03,2.48,23.291,0.03660019614252977,-1.8847001926809438e-05,0.08699999999999974,-0.00021663220605528153,0.016,0.0,0.11494252873563254,-0.0066132347360153484
25,5,1095132,0,205,15.97,0.04,2.48,23.335,0.03594311866623033,-1.8436555415350496e-05,0.08699999999999974,-0.00021191443006150058,0.016,0.0,0.0,-0.0007515039472745421
25,5,1095175,0,205,15.86,0.03,2.48,23.378,0.03653481529911688,-2.020843364957603e-05,0.08599999999999852,-0.00023498178662298113,0.016,0.0,0.0,0.00516964808380913
25,5,1095218,0,205,15.86,0.04,2.48,23.421,0.03638770840143791,-2.352100687266834e-05,0.08899999999999864,-0.00026428097609740113,0.016,0.0,0.0,-0.0014692324362444726
25,5,1095264,0,205,15.75,0.03,2.48,23.467,0.036404053612291126,-2.6933234084102865e-05,0.08900000000000219,-0.0003026206076865416,0.016,0.0,0.0,0.0022038486543666212
25,5,1095307,0,205,15.75,0.04,2.48,23.51,0.03658385093167654,-2.8768832968698367e-05,0.08699999999999974,-0.00033067624101952244,0.016,-0.007415647015202113,0.11494252873563254,0.0060120315781958585
25,5,1095351,0,205,15.64,0.04,2.38,23.554,0.036927100359594164,-2.781473376651178e-05,0.08699999999999974,-0.00031970958352312484,0.015354838709677418,-0.007415647015202113,0.0,0.00976955131456825
25,5,1095394,0,205,15.64,0.04,2.38,23.597,0.03743380189604398,-2.3857708477290186e-05,0.08600000000000207,-0.00027741521485220475,0.015354838709677418,0.0,0.0,0.020184434797812702
25,5,1095437,0,205,15.64,0.04,2.38,23.64,0.0386629617522061,-1.7823099324762115e-05,0.08699999999999974,-0.0002048632106294502,0.015354838709677418,0.0,0.0,0.02014030578695591
25,5,1095481,0,205,15.53,0.04,2.38,23.684,0.03918600849950914,-1.1468004309465485e-05,0.08699999999999974,-0.0001318161414881094,0.015354838709677418,0.0,0.0,0.003907820525827364
25,5,1095524,0,205,15.53,0.04,2.38,23.727,0.03900294213795308,-6.778917627821013e-06,0.08599999999999852,-7.882462357931547e-05,0.015354838709677418,0.0,0.0,-0.006348023749971588
25,5,1095567,0,205,15.42,0.04,2.38,23.77,0.03864007845701159,-5.312229047400585e-06,0.08599999999999852,-6.177010520233344e-05,0.015354838709677418,0.0,-0.11627906976744389,-0.00041813330089634034
25,5,1095610,0,205,15.42,0.03,2.38,23.813,0.038966982674075994,-7.686987461855032e-06,0.08900000000000219,-8.637064563881847e-05,0.015354838709677418,0.0,0.0,0.004958659472325073
25,5,1095656,0,205,15.31,0.04,2.38,23.859,0.03908139915004853,-1.336140170345912e-05,0.08900000000000219,-0.00015012810902762688,0.015354838709677418,0.0,0.11235955056179502,0.0064646227194755
25,5,1095699,0,205,15.31,0.04,2.38,23.902,0.03954233409610933,-2.07481811622654e-05,0.08699999999999974,-0.00023848484094558003,0.015354838709677418,0.0,0.0,-0.008266543420019324
25,5,1095743,0,205,15.2,0.04,2.38,23.946,0.03836220987250685,-2.765187213718079e-05,0.08699999999999974,-0.0003178376107721939,0.015354838709677418,0.0,0.0,-0.01920092585286285
25,5,1095786,0,205,15.2,0.04,2.38,23.989,0.037871853546910264,-3.1927178003091414e-05,0.08599999999999852,-0.00037124625584990657,0.015354838709677418,-0.007501875468867341,0.0,-0.0033830785254339237
25,5,1095829,0,205,15.2,0.04,2.28,24.032,0.03807126511931954,-3.216386479715183e-05,0.08699999999999974,-0.0003696995953695623,0.014709677419354838,-0.007415647015202093,-0.11494252873563254,-0.003907820525827284
25,5,1095873,0,205,15.09,0.03,2.28,24.076,0.03753187316116329,-2.8152623618379112e-05,0.08699999999999974,-0.0003235933749238988,0.014709677419354838,0.0,0.0,-0.010521055261842632
25,5,1095916,0,205,15.09,0.04,2.28,24.119,0.037155933311539234,-2.094822631093818e-05,0.08599999999999852,-0.00024358402687137836,0.014709677419354838,0.0,0.11627906976744389,-0.006842181287394491
25,5,1095959,0,205,14.98,0.04,2.28,24.162,0.036943445570447375,-1.2518407531875831e-05,0.08599999999999852,-0.00014556287827762845,0.014709677419354838,0.0,0.0,-0.0030409694610642273
25,5,1096002,0,205,14.98,0.04,2.28,24.205,0.036894409937887715,-5.138588533389221e-06,0.09600000000000009,-5.3526963889471e-05,0.014709677419354838,0.0,0.0,0.006504031818677159
25,5,1096055,0,205,14.98,0.04,2.28,24.258,0.03756783262504038,-7.545189636060102e-07,0.09600000000000009,-7.8595725375626e-06,0.014709677419354838,0.0,-0.10416666666666659,-0.0027242018088699154
25,5,1096098,0,205,14.87,0.03,2.28,24.301,0.0366328865642362,-4.873822261330929e-07,0.08699999999999974,-5.6020945532539576e-06,0.014709677419354838,0.0,-0.11494252873563254,-0.013188894274667153
25,5,1096142,0,205,14.87,0.03,2.28,24.345,0.036420398823144344,-4.374096714561571e-06,0.0870000000000033,-5.0276973730590867e-05,0.014709677419354838,0.0,0.11494252873562785,-0.0030060157890977267
25,5,1096185,0,205,14.76,0.04,2.28,24.388,0.03637136319058469,-1.1374221082973702e-05,0.08699999999999974,-0.0001307381733675142,0.014709677419354838,0.0,0.11494252873563254,0.0007515039472745421
25,5,1096229,0,205,14.76,0.04,2.28,24.432,0.03648577966655723,-1.9637978474193574e-05,0.08699999999999974,-0.00022572389050797278,0.014709677419354838,0.0,-0.11494252873563254,0.004509023683646774
25,5,1096272,0,205,14.76,0.03,2.28,24.475,0.03676364825106196,-2.6994898122688405e-05,0.08600000000000207,-0.0003138941642172995,0.014709677419354838,0.0,0.0,0.00836266601792614
25,5,1096315,0,205,14.65,0.04,2.28,24.518,0.037204968944098894,-3.156653399455811e-05,0.08699999999999974,-0.0003628337240753816,0.014709677419354838,-0.007415647015202073,0.11494252873563254,0.001653308684003897
25,5,1096359,0,205,14.65,0.04,2.18,24.562,0.0369074861065703,-3.2332549254018076e-05,0.08699999999999974,-0.00037163849717262266,0.01406451612903226,-0.007415647015202073,0.0,0.0010896807235479505
25,5,1096402,0,205,14.54,0.04,2.18,24.605,0.037299771167047566,-2.9440144109615042e-05,0.08999999999999986,-0.00032711271232905653,0.01406451612903226,0.0,0.0,0.010170353419781198
25,5,1096449,0,205,14.54,0.04,2.18,24.652,0.037822817914350604,-2.4115109218725283e-05,0.08999999999999986,-0.0002679456579858369,0.01406451612903226,0.0,-0.11111111111111131,0.013076168682575936
25,5,1096492,0,205,14.43,0.03,2.18,24.695,0.0384766263484794,-1.8206035121164367e-05,0.08599999999999852,-0.00021169808280424048,0.01406451612903226,0.0,0.0,0.023225404258877844
25,5,1096535,0,205,14.43,0.04,2.18,24.738,0.039820202680614064,-1.3559196954252783e-05,0.08699999999999974,-0.00015585283855463014,0.01406451612903226,0.0,0.11494252873563254,0.01844942190558831
25,5,1096579,0,205,14.43,0.04,2.18,24.782,0.040081726054265576,-1.1467586629569481e-05,0.08699999999999974,-0.00013181134056976454,0.01406451612903226,0.0,0.0,0.0
25,5,1096622,0,205,14.32,0.04,2.18,24.825,0.039820202680614064,-1.2359585409397856e-05,0.08599999999999852,-0.00014371610941160543,0.01406451612903226,0.0,0.0,-0.0016725332035852
25,5,1096665,0,205,14.32,0.04,2.18,24.868,0.03993788819875725,-1.576624313052566e-05,0.08600000000000207,-0.00018332840849447999,0.01406451612903226,-0.007501875468867051,0.0,-0.005473745029915319
25,5,1096708,0,205,14.32,0.04,2.08,24.911,0.039349460608041335,-2.0504938855546938e-05,0.08600000000000207,-0.00023842952157612142,0.013419354838709678,0.0,0.0,-0.01539490789663691
25,5,1096751,0,205,14.21,0.04,2.18,24.954,0.038613926119646445,-2.4987714973482955e-05,0.08699999999999974,-0.00028721511463773594,0.01406451612903226,0.007415647015202113,0.0,-0.012174363945846528
25,5,1096795,0,205,14.21,0.04,2.18,24.998,0.03829029094475269,-2.759983799466692e-05,0.08899999999999864,-0.0003101105392659252,0.01406451612903226,-0.0072490032620515935,0.0,-0.014839247606069486
25,5,1096840,0,205,14.21,0.04,2.08,25.043,0.03729323308270628,-2.711859918466919e-05,0.08799999999999741,-0.0003081658998257953,0.013419354838709678,-0.007331378299120465,0.0,-0.02006003150167939
25,5,1096883,0,205,14.1,0.04,2.08,25.086,0.036525008172604956,-2.309150077018929e-05,0.08699999999999974,-0.00026541954908263627,0.013419354838709678,0.0,0.0,-0.008604720196292654
25,5,1096927,0,205,14.1,0.04,2.08,25.13,0.03654462242562882,-1.6036538610808115e-05,0.08699999999999974,-0.00018432803000928923,0.013419354838709678,0.0,-0.11494252873563254,-0.0108592320381162
25,5,1096970,0,205,13.99,0.03,2.08,25.173,0.03558025498528885,-7.3740893428180245e-06,0.08600000000000207,-8.574522491648659e-05,0.013419354838709678,0.0,-0.11627906976743908,-0.01963498690654701
25,5,1097013,0,205,13.99,0.03,2.08,25.216,0.03485601355166574,8.786471106665417e-07,0.08600000000000207,1.0216826868215355e-05,0.013419354838709678,0.0,0.0,-0.016161485614941525
25,5,1097056,0,205,13.88,0.03,2.08,25.259,0.034190367222403845,6.543135694614399e-06,0.08699999999999974,7.520845625993584e-05,0.013419354838709678,0.0,0.0,-0.014337784400121728
25,5,1097100,0,205,13.99,0.03,2.08,25.303,0.03360862630885515,7.745419999732661e-06,0.08699999999999974,8.902781608888142e-05,0.013419354838709678,0.0,0.11494252873563254,-0.012118001149801055
25,5,1097143,0,205,13.88,0.04,2.08,25.346,0.033136101122371156,3.348576000385073e-06,0.08699999999999974,3.8489379314771064e-05,0.013419354838709678,0.0,0.0,-0.009316371661514923
25,5,1097187,0,205,13.88,0.03,2.08,25.39,0.032798101974303356,-6.702244741606301e-06,0.08899999999999864,-7.530612069220679e-05,0.013419354838709678,0.0,-0.1123595505617995,-0.005799572431100031
25,5,1097232,0,205,13.77,0.03,2.08,25.435,0.03261993917600326,-2.119549411339827e-05,0.08899999999999864,-0.0002381516192516696,0.013419354838709678,0.0,0.1123595505617995,-0.0019233588256291562
25,5,1097276,0,205,13.77,0.04,2.08,25.479,0.032626923038822364,-3.772386718065945e-05,0.08699999999999974,-0.0004336076687432134,0.013419354838709678,0.0,0.11494252873563254,0.002579594231136845
25,5,1097319,0,205,13.66,0.04,2.08,25.522,0.032844363874112166,-5.308894061355618e-05,0.08600000000000207,-0.0006173132629483127,0.013419354838709678,0.0,-0.11627906976743908,0.007798243655834817
25,5,1097362,0,205,13.66,0.03,2.08,25.565,0.033297571993224175,-6.403383670460739e-05,0.09600000000000009,-0.0006670191323396597,0.013419354838709678,-0.00672043010752689,-0.10416666666666659,0.012161394097892951
25,5,1097415,0,205,13.55,0.03,1.98,25.618,0.03401185770750989,0.0,0.0,0.0,0.012774193548387096,0.0,0.0,0.0
