MS,MPT,t (ms),PWMi,PWMe,Pressure (Psi),LW raw(V),Displacement (mm),t_rel(s),LW (V),delta d (m),delta t (s),vel (m/s),strain,strain rate (1/s),dv/dt raw,dv/dt
25,4,1046196,0,205,13.77,0.03,1.98,0.0,-0.03067381893468831,0.0,0.0,0.0,0.0,0.0,0.0,0.0
25,4,1046237,255,0,13.66,0.03,1.98,0.041,0.02004329004329014,0.0025143794005411486,0.082,0.030663163421233517,0.012774193548387096,0.0,0.0,1.24730267778769
25,4,1046278,255,0,16.52,0.03,1.98,0.082,0.07160500064390227,0.0029387694253353316,0.08299999999999999,0.03540686054620882,0.012774193548387096,0.15468324912553444,0.3614457831325302,1.2464471495102014
25,4,1046320,255,0,31.94,0.06,3.97,0.124,0.12349840345263685,0.003489378654172259,0.083,0.0420407066767742,0.025612903225806453,0.4321803342401865,1.2048192771084338,1.2482601013383172
25,4,1046361,255,0,46.15,0.13,7.54,0.165,0.1752105890549826,0.0039916056090180466,0.08199999999999999,0.048678117183146914,0.04864516129032258,0.5460267505900867,1.829268292682927,1.2528078607779447
25,4,1046402,255,0,55.73,0.21,10.91,0.206,0.2262286480364283,0.004289087410628999,0.08299999999999999,0.05167575193528915,0.07038709677419355,0.4702681694520016,1.927710843373494,1.2148082159937368
25,4,1046444,255,0,62.23,0.29,13.59,0.248,0.27603967098246274,0.004288659556583249,0.08199999999999999,0.05230072629979573,0.0876774193548387,0.3595594020456334,1.7073170731707317,1.1939280541725152
25,4,1046484,255,0,66.85,0.35,15.48,0.288,0.32413074847857454,0.003979747071185578,0.08500000000000002,0.046820553778653844,0.09987096774193549,0.25654648956356724,1.4117647058823526,1.1052858838563508
25,4,1046529,255,0,70.49,0.41,16.97,0.333,0.3699889711102526,0.003425876918958883,0.08500000000000002,0.04030443434069273,0.10948387096774193,0.18823529411764703,1.1764705882352942,1.0467138939342477
25,4,1046569,255,0,73.13,0.45,17.96,0.373,0.4131014294629856,0.0027364427028055156,0.08099999999999996,0.033783243244512554,0.11587096774193549,0.1417761847869377,0.864197530864198,1.0242746050864655
25,4,1046610,255,0,75.33,0.48,18.75,0.414,0.45295521412225626,0.0020315896625576284,0.08200000000000002,0.024775483689727172,0.12096774193548387,0.11723052714398106,0.6097560975609754,0.9516210752466021
25,4,1046651,255,0,77.31,0.5,19.45,0.455,0.491134357633207,0.0014119512057002162,0.08200000000000002,0.01721891714268556,0.12548387096774194,0.09362706530291101,0.609756097560976,0.847080585876132
25,4,1046692,255,0,78.97,0.53,19.94,0.496,0.5224158221640991,0.0009403231724269361,0.08300000000000002,0.011329194848517299,0.12864516129032258,0.07695297318305482,0.4819277108433738,0.6486094754959612
25,4,1046734,255,0,80.4,0.54,20.44,0.538,0.5449689440993718,0.0006369739393371318,0.08299999999999996,0.007674384811290748,0.1318709677419355,0.06995724834823158,0.24096385542168708,0.44210841404191004
25,4,1046775,255,0,81.83,0.55,20.84,0.579,0.5591108205295776,0.00048609829496376735,0.08199999999999996,0.005928027987363019,0.1344516129032258,0.06215578284815088,0.24390243902439057,0.2883933056394928
25,4,1046816,255,0,83.04,0.56,21.23,0.62,0.5686171951618102,0.0004487498885453327,0.08200000000000007,0.005472559616406492,0.13696774193548386,0.05428796223446119,0.24390243902438888,0.19689999122939483
25,4,1046857,255,0,84.25,0.57,21.53,0.661,0.575256619810388,0.0004773498257063764,0.08499999999999996,0.00561588030242796,0.13890322580645162,0.04554079696394694,0.23529411764705782,0.13979962694459752
25,4,1046901,255,0,85.35,0.58,21.83,0.705,0.580500163452101,0.0005279721646766724,0.08499999999999996,0.006211437231490266,0.14083870967741935,0.04554079696394661,0.11764705882352956,0.10610926292713826
25,4,1046942,255,0,86.34,0.58,22.13,0.746,0.5842759071591948,0.0005682887950678186,0.08200000000000007,0.006930351159363635,0.14277419354838708,0.04642014162077123,0.12195121951219512,0.08934053054162283
25,4,1046983,255,0,87.34,0.59,22.42,0.787,0.5878260869565141,0.0005806706618269395,0.08199999999999996,0.007081349534474876,0.1446451612903226,0.046420141620771294,0.12195121951219529,0.07937393855795273
25,4,1047024,255,0,88.22,0.59,22.72,0.828,0.5907845701209469,0.0005611380661012539,0.08199999999999996,0.006843147147576271,0.14658064516129032,0.039339103068450156,0.0,0.0647031151579895
25,4,1047065,255,0,89.1,0.59,22.92,0.869,0.5931317423994692,0.000515560130625591,0.08300000000000007,0.006211567838862537,0.1478709677419355,0.02331908278274372,0.0,0.04600290669050792
25,4,1047107,255,0,89.87,0.59,23.02,0.911,0.594602811376259,0.0004547672826462872,0.08299999999999996,0.005479123887304668,0.14851612903225805,0.031092110376991663,0.0,0.03335998456066849
25,4,1047148,255,0,90.64,0.59,23.32,0.952,0.5959006211180047,0.0003900878498278004,0.08199999999999996,0.004757168900339032,0.1504516129032258,0.03147128245476019,0.12195121951219529,0.02790645755427663
25,4,1047189,255,0,91.3,0.6,23.42,0.993,0.5968911408957097,0.0003303079709769747,0.08200000000000007,0.0040281459875240785,0.1510967741935484,0.022816679779701032,0.12195121951219512,0.02180690326027099
25,4,1047230,255,0,91.96,0.6,23.61,1.034,0.5976887871853469,0.0002803793862135251,0.08399999999999996,0.0033378498358753003,0.1523225806451613,0.022273425499231992,0.0,0.01844673796291962
25,4,1047273,255,0,92.62,0.6,23.71,1.077,0.598440666884595,0.00024162569364482423,0.08499999999999996,0.0028426552193508746,0.15296774193548388,0.022770398481973306,0.0,0.019268119146972424
25,4,1047315,255,0,93.17,0.6,23.91,1.119,0.5993265773128396,0.00021286775007761704,0.08299999999999996,0.002564671687682134,0.15425806451612903,0.023319082782744083,0.0,0.025522160561172846
25,4,1047356,255,0,93.72,0.6,24.01,1.16,0.6005590062111723,0.00019180237254659715,0.08200000000000007,0.0023390533237389877,0.15490322580645163,0.015735641227379908,0.0,0.02627193646895568
25,4,1047397,255,0,94.16,0.6,24.11,1.201,0.6014808761032939,0.000176091169126245,0.08300000000000018,0.00212158035091861,0.15554838709677418,0.01554605518849579,0.0,0.028161025927836564
25,4,1047439,255,0,94.49,0.6,24.21,1.243,0.6028963713631827,0.00016389621382923992,0.08299999999999996,0.0019746531786655423,0.1561935483870968,0.0077730275942482505,0.0,0.03253287750544393
25,4,1047480,255,0,94.93,0.6,24.21,1.284,0.6041811049362458,0.0001539153238861708,0.08199999999999985,0.0018770161449533059,0.1561935483870968,0.007867820613689637,0.0,0.028942983120578858
25,4,1047521,255,0,95.15,0.6,24.31,1.325,0.6052696959790702,0.000145170976710876,0.08200000000000007,0.0017703777647667788,0.15683870967741934,0.015735641227379908,0.12195121951219512,0.023361691609724275
25,4,1047562,255,0,95.48,0.61,24.41,1.366,0.6060967636482432,0.00013681850562477748,0.08499999999999996,0.0016096294779385594,0.15748387096774194,0.007590132827324762,0.11764705882352956,0.01561448377978265
25,4,1047606,255,0,95.59,0.61,24.41,1.41,0.6065969271003517,0.00012811278989809338,0.09399999999999986,0.0013629020201924849,0.15748387096774194,0.006863417982155082,0.0,0.01606699449827115
25,4,1047656,255,0,95.82,0.61,24.51,1.46,0.6076070611310807,0.00011852454770106391,0.09099999999999997,0.001302467557154549,0.15812903225806452,0.014179369018078614,0.0,0.02130265941969123
25,4,1047697,255,0,95.93,0.61,24.61,1.501,0.6085354691075436,0.00010790222697774255,0.08299999999999996,0.0013000268310571397,0.1587741935483871,0.007773027594247916,0.0,0.02099276478257008
25,4,1047739,255,0,96.04,0.61,24.61,1.543,0.609349460608034,9.654811388866236e-05,0.08300000000000018,0.0011632302878152065,0.1587741935483871,0.007773027594247895,0.0,0.017841880762669952
25,4,1047780,255,0,96.15,0.61,24.71,1.584,0.6100163452108452,8.512183560515751e-05,0.08200000000000007,0.0010380711659165542,0.15941935483870967,0.007867820613689954,0.0,0.014072827880941769
25,4,1047821,255,0,96.15,0.61,24.71,1.625,0.6105034324942712,7.438611851656419e-05,0.08199999999999985,0.0009071477867873698,0.15941935483870967,0.0,0.0,0.009288863728781176
25,4,1047862,255,0,96.26,0.61,24.71,1.666,0.6107780320366053,6.490626414115042e-05,0.08200000000000007,0.0007915398065993947,0.15941935483870967,0.007081038552321127,0.0,0.0037075722179266456
25,4,1047903,255,0,96.26,0.61,24.8,1.707,0.6108074534161412,5.684046873498261e-05,0.08300000000000018,0.0006848249245178612,0.16,0.006995724834823273,0.0,-0.002638865366663784
25,4,1047945,255,0,96.26,0.61,24.8,1.749,0.6105590062111722,4.990664219696939e-05,0.08099999999999996,0.0006161313851477706,0.16,0.0,0.0,-0.00996856069319844
25,4,1047984,255,0,96.37,0.61,24.8,1.788,0.6099999999999921,4.353569827416948e-05,0.07999999999999985,0.0005441962284271195,0.16,0.0,0.0,-0.0069875776397512876
25,4,1048025,255,0,96.26,0.61,24.8,1.829,0.6099999999999921,3.716380142441267e-05,0.08200000000000007,0.0004532170905416175,0.16,0.007867820613689954,0.0,0.0
25,4,1048066,255,0,96.37,0.61,24.9,1.87,0.6099999999999921,3.056250339246347e-05,0.08200000000000007,0.00037271345600565174,0.16064516129032258,0.007867820613689954,0.0,0.0
25,4,1048107,255,0,96.37,0.61,24.9,1.911,0.6099999999999921,2.4052607505087308e-05,0.08099999999999996,0.0002969457716677447,0.16064516129032258,0.0,0.0,0.0
25,4,1048147,255,0,96.37,0.61,24.9,1.951,0.6099999999999921,1.846245258298396e-05,0.08200000000000007,0.00022515186076809684,0.16064516129032258,0.0,0.0,0.0
25,4,1048189,255,0,96.37,0.61,24.9,1.993,0.6099999999999921,1.4816148191844292e-05,0.08299999999999974,0.00017850780954029323,0.16064516129032258,0.0,0.0,0.0
25,4,1048230,255,0,96.37,0.61,24.9,2.034,0.6099999999999921,1.3890642268908238e-05,0.08200000000000007,0.0001693980764501003,0.16064516129032258,0.0,0.0,0.0
25,4,1048271,255,0,96.37,0.61,24.9,2.075,0.6099999999999921,1.5844114369791384e-05,0.0820000000000003,0.00019322090694867471,0.16064516129032258,0.0,0.0,0.0
25,4,1048312,255,0,96.26,0.61,24.9,2.116,0.6099999999999921,2.0067006524332242e-05,0.08399999999999963,0.0002388929348134801,0.16064516129032258,0.0,0.0,0.0
25,4,1048355,255,0,96.26,0.61,24.9,2.159,0.6099999999999921,2.529726600653959e-05,0.08499999999999996,0.00029761489419458353,0.16064516129032258,0.007590132827324436,0.0,0.0
25,4,1048397,255,0,96.37,0.61,25.0,2.201,0.6099999999999921,2.9935154497312767e-05,0.08300000000000018,0.00036066451201581567,0.16129032258064516,0.0,0.0,0.0
25,4,1048438,255,0,96.37,0.61,24.9,2.242,0.6099999999999921,3.243616583509379e-05,0.08199999999999985,0.0003955629979889494,0.16064516129032258,0.0,0.0,0.0
25,4,1048479,255,0,96.37,0.61,25.0,2.283,0.6099999999999921,3.167133713692749e-05,0.08199999999999985,0.0003862358187430188,0.16129032258064516,0.007867820613689975,0.0,0.0
25,4,1048520,255,0,96.37,0.61,25.0,2.324,0.6099999999999921,2.7191243432078238e-05,0.0820000000000003,0.00033160052965948954,0.16129032258064516,0.0,0.0,0.0
25,4,1048561,255,0,96.37,0.61,25.0,2.365,0.6099999999999921,1.936976513579225e-05,0.08300000000000018,0.00023337066428665308,0.16129032258064516,0.0,0.0,0.0
25,4,1048603,255,0,96.37,0.61,25.0,2.407,0.6099999999999921,9.431493438739835e-06,0.08299999999999974,0.000113632451069155,0.16129032258064516,0.0,0.0,0.0
25,4,1048644,255,0,96.37,0.61,25.0,2.448,0.6099999999999921,-6.152698422745573e-07,0.08199999999999985,-7.503290759445834e-06,0.16129032258064516,0.0,0.0,0.0
25,4,1048685,255,0,96.37,0.61,25.0,2.489,0.6099999999999921,-8.133484959945037e-06,0.08400000000000007,-9.682720190410749e-05,0.16129032258064516,0.0,0.0,0.0
25,4,1048728,255,0,96.37,0.61,25.0,2.532,0.6099999999999921,-1.014791734372622e-05,0.08400000000000007,-0.00012080853980626443,0.16129032258064516,0.0,0.0,0.0
25,4,1048769,255,0,96.37,0.61,25.0,2.573,0.6099999999999921,-3.8682229432325245e-06,0.08300000000000018,-4.6605095701596575e-05,0.16129032258064516,0.00777302759424823,0.0,0.0
25,4,1048811,255,0,96.26,0.61,25.1,2.615,0.6099999999999921,1.247064357475125e-05,0.08300000000000018,0.000150248717768087,0.16193548387096776,0.0,0.0,0.0
25,4,1048852,255,0,96.26,0.61,25.0,2.656,0.6099999999999921,3.8477649503949604e-05,0.08199999999999985,0.00046923962809694727,0.16129032258064516,0.0,0.0,0.006817148916830524
25,4,1048893,255,0,96.26,0.61,25.1,2.697,0.6105590062111722,7.041211750084742e-05,0.08199999999999985,0.0008586843597664335,0.16193548387096776,0.007867820613690313,0.0,0.01666414179669729
25,4,1048934,255,0,96.37,0.61,25.1,2.738,0.6113664596273213,0.00010036023655517922,0.08199999999999985,0.0012239053238436513,0.16193548387096776,0.0,0.0,0.019335188448320398
25,4,1048975,255,0,96.26,0.61,25.1,2.779,0.6121444916639345,0.00011631193248004124,0.08199999999999985,0.0014184382009761153,0.16193548387096776,0.0,0.0,0.015627616230395096
25,4,1049016,255,0,96.37,0.61,25.1,2.82,0.6126479241582137,0.00010358587592226342,0.08300000000000018,0.0012480226014730505,0.16193548387096776,0.0,0.0,0.006262381989547594
25,4,1049058,255,0,96.26,0.61,25.1,2.862,0.6126642693690669,4.7751731387695176e-05,0.08499999999999996,0.0005617850751493552,0.16193548387096776,0.0,0.0,-0.0008845643520562793
25,4,1049101,255,0,96.26,0.61,25.1,2.905,0.6125727361882889,-6.1318251369336e-05,0.08400000000000007,-0.0007299791829682851,0.16193548387096776,0.0,0.0,-0.01556686747925765
25,4,1049142,255,0,96.26,0.61,25.1,2.946,0.6113566525008093,-0.00022526505923391938,0.0820000000000003,-0.002747134868706324,0.16193548387096776,0.0,0.0,-0.03755411859447212
25,4,1049183,0,205,96.26,0.61,25.1,2.987,0.6094932984635422,-0.0004344054187060138,0.08299999999999974,-0.005233800225373677,0.16193548387096776,0.0,0.0,-0.057031000760151045
25,4,1049225,0,205,93.61,0.61,25.1,3.029,0.6066230794377168,-0.0006677131926865449,0.08299999999999974,-0.0080447372612837,0.16193548387096776,-0.03808783521181539,0.0,-0.09157256682827965
25,4,1049266,0,205,88.22,0.61,24.61,3.07,0.601892775416795,-0.0008963378276502745,0.0820000000000003,-0.010930949117686235,0.1587741935483871,-0.09362706530291104,-0.12195121951219479,-0.13024342404260553
25,4,1049307,0,205,83.15,0.6,23.91,3.111,0.5959431186662231,-0.0010899885539345036,0.0820000000000003,-0.01329254334066463,0.15425806451612903,-0.1172305271439805,-0.24390243902438957,-0.1691928655147916
25,4,1049348,0,205,79.08,0.59,23.12,3.152,0.588018960444582,-0.0012241509369286163,0.08199999999999985,-0.014928669962544128,0.14916129032258066,-0.10936270653029115,-0.2439024390243909,-0.20834163882665127
25,4,1049389,0,205,75.77,0.58,22.52,3.193,0.5788591042824377,-0.0012856376578317778,0.08199999999999985,-0.01567850802233878,0.14529032258064517,-0.10149488591660152,-0.2439024390243909,-0.25331090185697147
25,4,1049430,0,205,72.91,0.57,21.83,3.234,0.5672474664923104,-0.0012747319851501152,0.08499999999999996,-0.014996846884119008,0.14083870967741935,-0.09791271347248603,-0.23529411764705782,-0.28856027536872514
25,4,1049474,0,205,70.49,0.56,21.23,3.278,0.5543314808760961,-0.001203626630291243,0.08499999999999996,-0.01416031329754404,0.13696774193548386,-0.08273244781783684,-0.35294117647058737,-0.3159817702824789
25,4,1049515,0,205,68.5,0.54,20.74,3.319,0.5403890160182997,-0.0010921402997355258,0.08099999999999996,-0.013483213576981807,0.13380645161290322,-0.07885304659498216,-0.3703703703703709,-0.3530969129748645
25,4,1049555,0,205,66.85,0.53,20.24,3.359,0.5257306309251321,-0.0009623257642448735,0.08099999999999996,-0.011880564990677456,0.1305806451612903,-0.07168458781362001,-0.3703703703703709,-0.36653630856529107
25,4,1049596,0,205,65.42,0.51,19.84,3.4,0.5106995750245111,-0.0008335700141087798,0.08199999999999985,-0.010165487976936357,0.128,-0.054287962234460994,-0.4878048780487818,-0.3665712531594045
25,4,1049637,0,205,64.21,0.49,19.55,3.441,0.49567178816606094,-0.0007193430448867488,0.08300000000000018,-0.008666783673334304,0.12612903225806452,-0.053633890400310975,-0.3614457831325296,-0.3638877182479454
25,4,1049679,0,205,63.11,0.48,19.15,3.483,0.4804968944099316,-0.000626094841484246,0.08300000000000018,-0.00754331134318367,0.12354838709677418,-0.05441119315973544,-0.36144578313252895,-0.35163865662059396
25,4,1049720,0,205,62.23,0.46,18.85,3.524,0.4664857796665516,-0.0005541173786175299,0.08199999999999985,-0.006757529007530865,0.12161290322580647,-0.04720692368213985,-0.3658536585365857,-0.3331632368301416
25,4,1049761,0,205,61.35,0.45,18.55,3.565,0.45317750898986003,-0.0004996639699031248,0.08400000000000007,-0.005948380594084814,0.11967741935483872,-0.045314900153609845,-0.35714285714285715,-0.3139837170566114
25,4,1049804,0,205,60.57,0.43,18.26,3.608,0.4401111474337962,-0.0004574076403157008,0.08499999999999996,-0.005381266356655306,0.11780645161290323,-0.03719165085389022,-0.23529411764705913,-0.2932138530469358
25,4,1049846,0,205,59.91,0.43,18.06,3.65,0.4282543314808705,-0.00042245592027370904,0.08299999999999974,-0.0050898303647434985,0.11651612903225805,-0.031092110376992083,-0.12048192771084386,-0.277080863499763
25,4,1049887,0,205,59.25,0.42,17.86,3.691,0.41711343576331594,-0.0003914948075078719,0.0820000000000003,-0.004774326920827689,0.1152258064516129,-0.031471282454759726,-0.24390243902438957,-0.25841379695261
25,4,1049928,0,205,58.81,0.41,17.66,3.732,0.4070644001307564,-0.00036301451011328824,0.0820000000000003,-0.004427006220893743,0.11393548387096775,-0.031471282454759726,-0.2439024390243889,-0.23178306317224265
25,4,1049969,0,205,58.37,0.4,17.46,3.773,0.398107224583192,-0.00033683890354247126,0.08199999999999985,-0.00410779150661551,0.11264516129032259,-0.023603461841070095,-0.24390243902439024,-0.20555099307122265
25,4,1050010,0,205,57.93,0.39,17.36,3.814,0.39020921869891617,-0.00031331894422837435,0.08199999999999985,-0.003820962734492377,0.112,-0.01573564122738012,-0.2439024390243909,-0.1805149140082429
25,4,1050051,0,205,57.49,0.38,17.26,3.855,0.3833050016345161,-0.00029258702300989013,0.08299999999999974,-0.003525144855540856,0.11135483870967743,-0.022541780023319184,-0.12048192771084386,-0.16644544835110142
25,4,1050093,0,205,57.16,0.38,17.07,3.897,0.3763942464857748,-0.0002741908349278077,0.08300000000000018,-0.0033035040352747845,0.11012903225806452,-0.02254178002331923,-0.1204819277108432,-0.1509667306033526
25,4,1050134,0,205,56.83,0.37,16.97,3.938,0.3707747629944378,-0.0002572123078479223,0.08400000000000007,-0.0030620512839038337,0.10948387096774193,-0.023041474654377885,-0.23809523809523808,-0.13776677719142433
25,4,1050177,0,205,56.61,0.36,16.77,3.981,0.36482183720169514,-0.0002407145822533181,0.08400000000000007,-0.0028656497887299746,0.10819354838709677,-0.023041474654377555,-0.11904761904761904,-0.1376889428540271
25,4,1050218,0,205,56.17,0.36,16.67,4.022,0.3592088917946995,-0.00022420916009671644,0.08199999999999985,-0.0027342580499599613,0.10754838709677421,-0.01573564122737995,-0.12195121951219545,-0.13594431465726692
25,4,1050259,0,205,55.95,0.35,16.57,4.063,0.3536744033997993,-0.0002078796274533623,0.08300000000000018,-0.0025045738247392994,0.10690322580645162,-0.015546055188496125,-0.1204819277108432,-0.12509009558994236
25,4,1050301,0,205,55.73,0.35,16.47,4.105,0.34882641386073426,-0.00019247258174771885,0.08300000000000018,-0.0023189467680448,0.10625806451612903,-0.01554605518849579,0.0,-0.11469217832428003
25,4,1050342,0,205,55.51,0.35,16.37,4.146,0.344154952598884,-0.00017893769366890666,0.08199999999999985,-0.0021821669959622802,0.10561290322580646,-0.01573564122737995,-0.12195121951219477,-0.11158596384917624
25,4,1050383,0,205,55.29,0.34,16.27,4.187,0.33967636482510183,-0.00016798887710590192,0.08199999999999985,-0.0020486448427549054,0.10496774193548387,-0.007867820613690143,-0.12195121951219477,-0.10708106427255705
25,4,1050424,0,205,55.07,0.34,16.27,4.228,0.33537430532853435,-0.0001597751092103259,0.08199999999999985,-0.0019484769415893436,0.10496774193548387,-0.007867820613689975,-0.12195121951219545,-0.09655634313780054
25,4,1050465,0,205,54.85,0.33,16.17,4.269,0.3317587446878022,-0.00015381008822581066,0.08300000000000018,-0.0018531335930820519,0.1043225806451613,-0.015546055188495958,-0.1204819277108432,-0.09031221322032007
25,4,1050507,0,205,54.74,0.33,16.07,4.311,0.32787839163124777,-0.00014919741859095126,0.08499999999999996,-0.0017552637481288392,0.1036774193548387,-0.015180265654649035,-0.11764705882352956,-0.0847643405188157
25,4,1050550,0,205,54.52,0.32,15.97,4.354,0.32455377574370287,-0.0001450263261908411,0.08399999999999963,-0.0017265038832243065,0.10303225806451613,-0.014592933947772634,-0.11904761904761968,-0.07351453167079045
25,4,1050591,0,205,54.3,0.32,15.88,4.395,0.3217031709709014,-0.00014071602164025877,0.08199999999999985,-0.0017160490443934027,0.10245161290322581,-0.007081038552320977,0.0,-0.07574609907589652
25,4,1050632,0,205,54.19,0.32,15.88,4.436,0.31834259561947936,-0.000136145016005365,0.08200000000000074,-0.0016603050732361437,0.10245161290322581,-0.007867820613690058,-0.12195121951219413,-0.07857661119925877
25,4,1050673,0,205,53.97,0.31,15.78,4.477,0.3152598888525621,-0.00013155587305558746,0.08300000000000018,-0.001585010518742014,0.10180645161290322,-0.015546055188495958,-0.1204819277108432,-0.07904780284918599
25,4,1050715,0,205,53.86,0.31,15.68,4.519,0.3117816279829969,-0.0001273348138017063,0.0829999999999993,-0.001534154383153101,0.10116129032258064,-0.007773027594247978,0.0,-0.0727460348093913
25,4,1050756,0,205,53.64,0.31,15.68,4.56,0.3092219679633827,-0.0001237767906975069,0.08199999999999985,-0.0015094730572866723,0.10116129032258064,-0.007867820613689975,0.0,-0.05944075459061101
25,4,1050797,0,205,53.53,0.31,15.58,4.601,0.3069074861065668,-0.00012092101587855807,0.08200000000000074,-0.0014746465351043534,0.10051612903225807,-0.00786782061368989,0.0,-0.06167327119495337
25,4,1050838,0,205,53.42,0.31,15.58,4.642,0.30416475972539647,-0.0001185219561990376,0.0810000000000004,-0.001463234027148605,0.10051612903225807,-0.007964954201513254,-0.12345679012345628,-0.06368578450958237
25,4,1050878,0,205,53.31,0.3,15.48,4.682,0.3017489375612906,-0.0001161749434415995,0.08499999999999996,-0.0013667640404894064,0.09987096774193549,-0.015180265654648872,-0.11764705882352956,-0.06130415552948794
25,4,1050923,0,205,53.09,0.3,15.38,4.727,0.29895390650539,-0.00011353079802999132,0.08499999999999996,-0.0013356564474116632,0.09922580645161291,-0.007590132827324436,0.0,-0.05515066438474647
25,4,1050963,0,205,52.98,0.3,15.38,4.767,0.29706113108858717,-0.00011047445626184426,0.08099999999999952,-0.0013638821760721595,0.09922580645161291,-0.007964954201513512,-0.12345679012345763,-0.05545264126499727
25,4,1051004,0,205,52.87,0.29,15.28,4.808,0.29446224256292525,-0.0001071726429906974,0.08199999999999985,-0.0013069834511060681,0.09858064516129032,-0.007867820613690143,-0.12195121951219545,-0.06318819317647148
25,4,1051045,0,205,52.76,0.29,15.28,4.849,0.2918796992481165,-0.00010398879125330041,0.08199999999999985,-0.0012681559908939097,0.09858064516129032,-0.007867820613689975,0.0,-0.06079621110039048
25,4,1051086,0,205,52.54,0.29,15.18,4.89,0.28947695325269324,-0.00010133425590128375,0.08300000000000018,-0.0012208946494130545,0.09793548387096775,-0.007773027594247895,0.0,-0.06463250845815316
25,4,1051128,0,205,52.42,0.29,15.18,4.932,0.2865152010460898,-9.95300942055799e-05,0.08300000000000018,-0.0011991577615130082,0.09793548387096775,-0.007773027594248062,-0.12048192771084254,-0.06305706644820445
25,4,1051169,0,205,52.31,0.28,15.08,4.973,0.28424321673749225,-9.871945223126487e-05,0.08199999999999985,-0.0012038957589178664,0.09729032258064516,-0.007867820613690143,-0.12195121951219477,-0.05601224694822918
25,4,1051210,0,205,52.2,0.28,15.08,5.014,0.281922196796335,-9.883707711374967e-05,0.08199999999999985,-0.0012053302087042664,0.09729032258064516,-0.007867820613689975,0.0,-0.05521491958953528
25,4,1051251,0,205,52.09,0.28,14.98,5.055,0.27971559333115037,-9.962511802291552e-05,0.08399999999999963,-0.0011860133097966186,0.09664516129032258,-0.00768049155145928,0.0,-0.049230218403150255
25,4,1051294,0,205,51.98,0.28,14.98,5.098,0.2777868584504704,-0.0001006807102751921,0.08499999999999996,-0.0011844789444140252,0.09664516129032258,-0.007590132827324436,0.0,-0.04422821760283029
25,4,1051336,0,205,51.87,0.28,14.88,5.14,0.2759561948349098,-0.000101524293975773,0.08300000000000018,-0.0012231842647683468,0.096,-0.007773027594247895,-0.1204819277108432,-0.0450970275347869
25,4,1051377,0,205,51.76,0.27,14.88,5.181,0.2740438051650831,-0.00010168208243768361,0.08300000000000018,-0.0012250853305744987,0.096,-0.007773027594248062,-0.1204819277108432,-0.0450970275347869
25,4,1051419,0,205,51.54,0.27,14.78,5.223,0.2722131415495225,-0.0001007772018475972,0.08300000000000018,-0.001214183154790325,0.09535483870967741,-0.007773027594248062,0.0,-0.05202897237856224
25,4,1051460,0,205,51.43,0.27,14.78,5.264,0.2697254004576624,-9.862016672316543e-05,0.08199999999999985,-0.001202684960038605,0.09535483870967741,-0.007867820613689975,0.0,-0.060277948317240065
25,4,1051501,0,205,51.32,0.27,14.68,5.305,0.2672703497875088,-9.528219835710594e-05,0.08199999999999985,-0.0011619780287451965,0.09470967741935483,-0.007867820613689975,0.0,-0.051068817324328546
25,4,1051542,0,205,51.21,0.27,14.68,5.346,0.2655377574370675,-9.112893982952208e-05,0.08199999999999985,-0.0011113285345063688,0.09470967741935483,-0.007081038552320977,-0.12195121951219545,-0.042457681850437114
25,4,1051583,0,205,51.1,0.26,14.59,5.387,0.26378881987577296,-8.679235107870476e-05,0.08199999999999985,-0.0010584433058378649,0.09412903225806452,-0.007081038552320977,-0.12195121951219545,-0.05186614468302176
25,4,1051624,0,205,50.99,0.26,14.59,5.428,0.2612847335730597,-8.306714171646945e-05,0.08500000000000085,-0.0009772604907819836,0.09412903225806452,-0.007590132827324356,0.0,-0.05968886410399256
25,4,1051668,0,205,50.88,0.26,14.49,5.472,0.25871526642693354,-8.073574466477496e-05,0.08499999999999996,-0.0009498322901738234,0.09348387096774194,-0.007590132827324436,0.0,-0.05968886410399318
25,4,1051709,0,205,50.77,0.26,14.49,5.513,0.2562111801242203,-8.035598592647197e-05,0.08199999999999985,-0.0009799510478838063,0.09348387096774194,0.0,-0.12195121951219545,-0.05868329359985296
25,4,1051750,0,205,50.66,0.25,14.49,5.554,0.2539032363517456,-8.208288433735511e-05,0.08199999999999985,-0.0010010107846018935,0.09348387096774194,-0.007867820613689975,-0.12195121951219545,-0.04548752581347267
25,4,1051791,0,205,50.55,0.25,14.39,5.595,0.25248120300751553,-8.560748908796256e-05,0.0829999999999993,-0.0010314155311802805,0.09283870967741936,-0.007773027594247978,0.0,-0.043364041323843194
25,4,1051833,0,205,50.44,0.25,14.39,5.637,0.25030402092186665,-9.024800524492705e-05,0.08300000000000018,-0.0010873253643967089,0.09283870967741936,-0.007773027594248062,0.0,-0.0532499399362728
25,4,1051874,0,205,50.33,0.25,14.29,5.678,0.24806145799280488,-9.514669378187967e-05,0.08200000000000074,-0.0011603255339253514,0.09219354838709677,-0.007867820613690058,0.0,-0.053899329447690394
25,4,1051915,0,205,50.22,0.25,14.29,5.719,0.245884275907156,-9.94797123510196e-05,0.08199999999999985,-0.001213167223792924,0.09219354838709677,-0.007867820613689975,-0.12195121951219545,-0.04389287109608523
25,4,1051956,0,205,50.11,0.24,14.19,5.76,0.2444622425629259,-0.00010260673404592779,0.08499999999999996,-0.001207138047599151,0.0915483870967742,-0.007590132827324436,-0.11764705882352956,-0.033267311501259014
25,4,1052000,0,205,50.0,0.24,14.19,5.804,0.243056554429549,-0.00010413921601071508,0.08499999999999996,-0.0012251672471848838,0.0915483870967742,-0.007590132827324436,0.0,-0.041574524546660475
25,4,1052041,0,205,49.89,0.24,14.09,5.845,0.24092840797645976,-0.00010394680877176122,0.08199999999999985,-0.0012676440094117245,0.09090322580645162,-0.007867820613689975,0.0,-0.052304674730303875
25,4,1052082,0,205,49.78,0.24,14.09,5.886,0.23876757110166408,-0.00010213478023833388,0.08199999999999985,-0.0012455461004674886,0.09090322580645162,-0.007867820613690143,0.0,-0.05150734737160999
25,4,1052123,0,205,49.67,0.24,13.99,5.927,0.23670480549198775,-9.901626949451092e-05,0.08199999999999985,-0.0012075154816403794,0.09025806451612903,-0.007867820613690143,0.0,-0.04752071057814121
25,4,1052164,0,205,49.56,0.24,13.99,5.968,0.2348708728342565,-9.50827119384261e-05,0.08200000000000074,-0.0011595452675417712,0.09025806451612903,-0.00786782061368989,-0.12195121951219379,-0.05134788189987045
25,4,1052205,0,205,49.45,0.23,13.89,6.009,0.23249427917619833,-9.095610012710865e-05,0.08199999999999985,-0.0011092207332574246,0.08961290322580645,-0.007867820613689975,-0.12195121951219512,-0.05657037609931476
25,4,1052246,0,205,49.34,0.23,13.89,6.05,0.2302321019941127,-8.729943004790108e-05,0.0829999999999993,-0.0010518003620229135,0.08961290322580645,-0.0077730275942481455,0.0,-0.05195020027806539
25,4,1052288,0,205,49.23,0.23,13.79,6.092,0.22818241255311894,-8.467602041279677e-05,0.08199999999999985,-0.0010326343952780112,0.08896774193548386,-0.007867820613690143,0.0,-0.03938797151946638
25,4,1052328,0,205,49.12,0.23,13.79,6.132,0.22700228832951647,-8.338690823452488e-05,0.08300000000000018,-0.0010046615449942735,0.08896774193548386,0.0,-0.1204819277108432,-0.027255146772115612
25,4,1052371,0,205,49.01,0.22,13.79,6.175,0.22592023537103334,-8.33604227314968e-05,0.08400000000000052,-0.0009923859848987653,0.08896774193548386,-0.0076804915514592,-0.11904761904761842,-0.03378010242998735
25,4,1052412,0,205,48.9,0.22,13.69,6.216,0.2241647597253975,-8.417478872777374e-05,0.08300000000000018,-0.0010141540810575127,0.08832258064516128,-0.007773027594247895,0.0,-0.042497548218370984
25,4,1052454,0,205,48.79,0.22,13.69,6.258,0.22239293886890854,-8.523117088383358e-05,0.08300000000000018,-0.0010268815769136554,0.08832258064516128,-0.007773027594247895,0.0,-0.0417098272133963
25,4,1052495,0,205,48.68,0.22,13.59,6.299,0.2207028440666856,-8.599744184574299e-05,0.08199999999999985,-0.0010487492908017456,0.0876774193548387,-0.007867820613689975,0.0,-0.0322120252912234
25,4,1052536,0,205,48.57,0.22,13.59,6.34,0.21975155279502823,-8.619375021283382e-05,0.08199999999999985,-0.0010511432952784632,0.0876774193548387,-0.007867820613689975,0.0,-0.023600889817331962
25,4,1052577,0,205,48.46,0.22,13.49,6.381,0.2187675711016644,-8.582879901066143e-05,0.08199999999999985,-0.0010466926708617267,0.08703225806451613,-0.007867820613689975,0.0,-0.02280356245863875
25,4,1052618,0,205,48.24,0.22,13.49,6.422,0.21788166067341985,-8.50894916490681e-05,0.08199999999999985,-0.0010376767274276615,0.08703225806451613,0.0,0.0,-0.029820043215143085
25,4,1052659,0,205,48.13,0.22,13.49,6.463,0.21632232755802266,-8.417625623221526e-05,0.08300000000000018,-0.0010141717618339166,0.08703225806451613,-0.007773027594247895,0.0,-0.03777122218852489
25,4,1052701,0,205,48.13,0.22,13.39,6.505,0.21474664923177228,-8.320390343749828e-05,0.08499999999999996,-0.0009788694522058626,0.08638709677419355,-0.007590132827324436,-0.11764705882352956,-0.03611330115570206
25,4,1052744,0,205,48.02,0.21,13.39,6.548,0.213252696959788,-8.222751125574313e-05,0.08400000000000052,-0.0009788989435207454,0.08638709677419355,-0.0069124423963132795,-0.11904761904761842,-0.03342984791170377
25,4,1052785,0,205,47.8,0.21,13.3,6.589,0.21193854200718915,-8.134985020272723e-05,0.08199999999999985,-0.0009920713439356998,0.08580645161290323,-0.007081038552320977,0.0,-0.032849887178177974
25,4,1052826,0,205,47.69,0.21,13.3,6.63,0.2105590062111774,-8.08064727680886e-05,0.08199999999999985,-0.0009854447898547409,0.08580645161290323,-0.007867820613690143,0.0,-0.037434519490666826
25,4,1052867,0,205,47.69,0.21,13.2,6.671,0.20886891140895447,-8.094557609367392e-05,0.08300000000000018,-0.0009752479047430571,0.08516129032258064,-0.007773027594248062,0.0,-0.04328526922334566
25,4,1052909,0,205,47.47,0.21,13.2,6.713,0.2069663288656397,-8.20949615993083e-05,0.0829999999999993,-0.000989095922883241,0.08516129032258064,0.0,-0.12048192771084416,-0.04722387424821825
25,4,1052950,0,205,47.47,0.2,13.2,6.754,0.2049493298463524,-8.438894925053653e-05,0.08199999999999985,-0.0010291335274455692,0.08516129032258064,-0.007867820613689975,-0.12195121951219512,-0.04939442987107212
25,4,1052991,0,205,47.36,0.2,13.1,6.795,0.2029159856162118,-8.766330550955992e-05,0.08200000000000074,-0.0010690647013360869,0.08451612903225807,-0.00786782061368989,0.0,-0.04177995359554726
25,4,1053032,0,205,47.25,0.2,13.1,6.836,0.20152337365151748,-9.148395439791735e-05,0.08199999999999985,-0.0011156579804624087,0.08451612903225807,-0.007867820613689975,0.0,-0.03556080019773625
25,4,1053073,0,205,47.14,0.2,13.0,6.877,0.19999999999999743,-9.52866227889011e-05,0.08499999999999996,-0.001121019091634131,0.08387096774193549,-0.007590132827324436,0.0,-0.0358440859181196
25,4,1053117,0,205,46.92,0.2,13.0,6.921,0.19847662634847732,-9.854575178417769e-05,0.08499999999999996,-0.0011593617856962086,0.08387096774193549,-0.007590132827324599,0.0,-0.034305713131934396
25,4,1053158,0,205,46.92,0.2,12.9,6.962,0.197084014383783,-0.00010089836871577695,0.08199999999999985,-0.001230467911168014,0.0832258064516129,-0.007867820613690143,0.0,-0.04177995359554703
25,4,1053199,0,205,46.7,0.2,12.9,7.003,0.19505067015364247,-0.0001021927736069852,0.08199999999999985,-0.0012462533366705533,0.0832258064516129,-0.007867820613689975,-0.12195121951219545,-0.04939442987107179
25,4,1053240,0,205,46.7,0.19,12.8,7.044,0.19303367113435513,-0.00010247124808485885,0.08199999999999985,-0.0012496493668885248,0.08258064516129032,-0.007867820613689975,-0.12195121951219545,-0.047799775153684686
25,4,1053281,0,205,46.59,0.19,12.8,7.085,0.19113108859104033,-0.00010191469529938147,0.08200000000000074,-0.0012428621377973236,0.08258064516129032,-0.007867820613690058,0.0,-0.03699598944338499
25,4,1053322,0,205,46.48,0.19,12.7,7.126,0.18999999999999753,-0.00010077785149920792,0.08300000000000018,-0.001214190981918165,0.08193548387096773,-0.007773027594248062,0.0,-0.027255146772115612
25,4,1053364,0,205,46.37,0.19,12.7,7.168,0.18886891140895473,-9.933366084434247e-05,0.0829999999999993,-0.0011967910945101603,0.08193548387096773,-0.007773027594247978,0.0,-0.036550254630814724
25,4,1053405,0,205,46.26,0.19,12.6,7.209,0.18696632886563994,-9.783178674846838e-05,0.08199999999999985,-0.0011930705701032752,0.08129032258064516,-0.007867820613689975,-0.12195121951219545,-0.047799775153684346
25,4,1053446,0,205,46.15,0.18,12.6,7.25,0.18494932984635262,-9.646525225169355e-05,0.08400000000000052,-0.0011483958601392018,0.08129032258064516,-0.0076804915514592,-0.11904761904761842,-0.04821837201699826
25,4,1053489,0,205,46.04,0.18,12.5,7.293,0.18291598561621206,-9.533541966722403e-05,0.08499999999999996,-0.0011215931725555774,0.08064516129032258,-0.007590132827324436,0.0,-0.04688191065900011
25,4,1053531,0,205,45.93,0.18,12.5,7.335,0.18096436744033761,-9.441161811266952e-05,0.08300000000000018,-0.0011374893748514374,0.08064516129032258,-0.007773027594247895,0.0,-0.044860711233294694
25,4,1053572,0,205,45.82,0.18,12.4,7.376,0.1791925465838486,-9.349864386845575e-05,0.08199999999999985,-0.0011402273642494624,0.08,-0.007867820613689975,0.0,-0.03300935264991695
25,4,1053613,0,205,45.71,0.18,12.4,7.417,0.17825760052304443,-9.22495472281959e-05,0.08199999999999985,-0.001124994478392635,0.08,0.0,0.0,-0.022006235099944524
25,4,1053654,0,205,45.6,0.18,12.4,7.458,0.17738803530565314,-9.027251186142493e-05,0.0810000000000004,-0.0011144754550793145,0.08,-0.007964954201513254,0.0,-0.03018819189681063
25,4,1053694,0,205,45.49,0.18,12.3,7.498,0.17581235697940276,-8.734039267108784e-05,0.08099999999999952,-0.0010782764527294858,0.07935483870967742,-0.01592990840302685,-0.1234567901234573,-0.03951101586494399
25,4,1053735,0,205,45.38,0.17,12.2,7.539,0.1741876430205927,-8.361409858465585e-05,0.08300000000000018,-0.0010073987781283815,0.07870967741935483,-0.007773027594248062,-0.12048192771084287,-0.038558943193499236
25,4,1053777,0,205,45.27,0.17,12.2,7.581,0.1726119646943423,-7.972243504746323e-05,0.08300000000000018,-0.000960511265632085,0.07870967741935483,0.0,0.0,-0.03619578017857586
25,4,1053818,0,205,45.16,0.17,12.2,7.622,0.1711833932657709,-7.660173758837096e-05,0.08399999999999963,-0.0009119254474806107,0.07870967741935483,-0.00768049155145928,0.0,-0.024439981942433665
25,4,1053861,0,205,45.05,0.17,12.1,7.665,0.1705590062111779,-7.515213361619999e-05,0.08400000000000052,-0.0008946682573357086,0.07806451612903226,-0.0076804915514592,0.0,-0.03187316116377828
25,4,1053902,0,205,44.94,0.17,12.1,7.706,0.1685060477280135,-7.587307360382667e-05,0.08199999999999985,-0.000925281385412522,0.07806451612903226,0.0,0.0,-0.042059018171090166
25,4,1053943,0,205,44.83,0.17,12.1,7.747,0.1671101667211485,-7.863717724574393e-05,0.0829999999999993,-0.0009474358704306578,0.07806451612903226,-0.00699572483482318,0.0,-0.042143073766133625
25,4,1053985,0,205,44.72,0.17,12.01,7.789,0.16500817260542444,-8.26945933392853e-05,0.08300000000000018,-0.0009963204016781339,0.07748387096774194,-0.006995724834823106,-0.1204819277108432,-0.040764562007427146
25,4,1054026,0,205,44.61,0.16,12.01,7.83,0.16372670807453205,-8.691064492047929e-05,0.08200000000000074,-0.001059885913664372,0.07748387096774194,-0.00786782061368989,-0.12195121951219413,-0.03105590062111672
25,4,1054067,0,205,44.5,0.16,11.91,7.871,0.16246158875449285,-9.014587203913926e-05,0.08199999999999985,-0.0010993399029163345,0.07683870967741936,-0.007867820613689975,0.0,-0.029461245903730632
25,4,1054108,0,205,44.39,0.16,11.91,7.912,0.16131088591042614,-9.16304551671221e-05,0.08199999999999985,-0.001117444575208808,0.07683870967741936,-0.007867820613690143,0.0,-0.025474609110262537
25,4,1054149,0,205,44.28,0.16,11.81,7.953,0.16037267080745132,-9.119555287446347e-05,0.08499999999999996,-0.0010728888573466294,0.07619354838709677,-0.007590132827324599,0.0,-0.022460242678306836
25,4,1054193,0,205,44.28,0.16,11.81,7.997,0.15940176528277006,-8.928573045860233e-05,0.08499999999999996,-0.0010504203583364985,0.07619354838709677,-0.007590132827324436,0.0,-0.026113878045497262
25,4,1054234,0,205,44.06,0.16,11.71,8.038,0.15815299117358406,-8.675516956244067e-05,0.08200000000000074,-0.0010579898727126817,0.0755483870967742,-0.00786782061368989,-0.12195121951219413,-0.032650555338504486
25,4,1054275,0,205,43.95,0.15,11.71,8.079,0.15672441974501267,-8.452668679153952e-05,0.08199999999999896,-0.001030813253555373,0.0755483870967742,0.0,0.0,-0.03583986477327977
25,4,1054316,0,205,43.84,0.16,11.71,8.12,0.15521412226217515,-8.324961804046893e-05,0.08199999999999896,-0.0010152392443959755,0.0755483870967742,-0.00786782061369023,0.0,-0.03663719213197333
25,4,1054357,0,205,43.72,0.15,11.61,8.161,0.1537201699901909,-8.309566752915743e-05,0.08300000000000018,-0.0010011526208332198,0.0749032258064516,-0.007773027594248062,0.0,-0.03462033816862682
25,4,1054399,0,205,43.61,0.16,11.61,8.203,0.15234063419417912,-8.375950808530419e-05,0.08300000000000018,-0.0010091506998229397,0.0749032258064516,-0.007773027594247895,0.0,-0.023946718551223413
25,4,1054440,0,205,43.5,0.15,11.51,8.244,0.15173259235043934,-8.462737538059172e-05,0.08200000000000074,-0.0010320411631779386,0.07425806451612903,-0.00786782061368989,-0.12195121951219413,-0.032650555338504486
25,4,1054481,0,205,43.39,0.15,11.51,8.285,0.14966328865642173,-8.502396342559316e-05,0.08200000000000074,-0.0010368776027511266,0.07425806451612903,0.0,0.0,-0.042856345529782916
25,4,1054522,0,205,43.39,0.15,11.51,8.326,0.1482183720169971,-8.446539502070572e-05,0.08499999999999908,-0.0009937105296553722,0.07425806451612903,-0.007590132827324515,0.0,-0.03611330115570244
25,4,1054566,0,205,43.17,0.15,11.41,8.37,0.14659365805818705,-8.286557294545283e-05,0.08499999999999908,-0.0009748890934759262,0.07361290322580645,-0.01518026565464903,-0.11764705882353046,-0.03919004672807353
25,4,1054607,0,205,43.06,0.14,11.31,8.411,0.1448872180451109,-8.061568138629838e-05,0.08200000000000074,-0.0009831180656865567,0.07296774193548387,-0.00786782061368989,-0.12195121951219379,-0.04142115628413481
25,4,1054648,0,205,43.06,0.14,11.31,8.452,0.14319712324288797,-7.84483687722748e-05,0.08200000000000074,-0.000956687424052123,0.07296774193548387,0.0,0.0,-0.039826501566747045
25,4,1054689,0,205,42.95,0.14,11.31,8.493,0.1416214449166376,-7.710364387180136e-05,0.08200000000000074,-0.000940288339900008,0.07296774193548387,0.0,0.0,-0.046842982323251306
25,4,1054730,0,205,42.84,0.14,11.31,8.534,0.13935599869238133,-7.6977254062637e-05,0.08199999999999896,-0.0009387470007638777,0.07296774193548387,-0.00786782061369006,0.0,-0.03823184684936113
25,4,1054771,0,205,42.73,0.14,11.21,8.575,0.13848643347499004,-7.7975166962025e-05,0.08300000000000018,-0.0009394598429159618,0.0723225806451613,-0.007773027594247895,0.0,-0.03777122218852456
25,4,1054813,0,205,42.62,0.14,11.21,8.617,0.13622098725073378,-7.965192454599013e-05,0.08300000000000018,-0.0009596617415179512,0.0723225806451613,-0.007773027594248062,-0.1204819277108432,-0.035408059173601174
25,4,1054854,0,205,42.51,0.13,11.11,8.658,0.13554756456358114,-8.151223421065978e-05,0.08199999999999896,-0.0009940516367153757,0.0716774193548387,-0.00786782061369023,0.0,-0.024238751704287475
25,4,1054895,0,205,42.4,0.14,11.11,8.699,0.13423340961098224,-8.327005639179497e-05,0.0840000000000014,-0.0009913101951403997,0.0716774193548387,-0.007680491551459118,0.0,-0.031094817789815533
25,4,1054938,0,205,42.29,0.13,11.01,8.742,0.1329355998692366,-8.491921432658422e-05,0.08399999999999963,-0.0010109430276974357,0.07103225806451613,-0.00768049155145928,-0.11904761904761968,-0.02953813104189002
25,4,1054979,0,205,42.18,0.13,11.01,8.783,0.13175220660346348,-8.660202625807934e-05,0.08299999999999841,-0.0010433979067238674,0.07103225806451613,0.0,0.0,-0.025955407113908542
25,4,1055021,0,205,42.07,0.13,11.01,8.825,0.13078130107878222,-8.838504112964784e-05,0.08300000000000018,-0.0010648800136102126,0.07103225806451613,-0.007773027594247895,0.0,-0.030524188942759944
25,4,1055062,0,205,41.96,0.13,10.91,8.866,0.1292186989212144,-9.009883182512368e-05,0.0810000000000013,-0.0011123312571002745,0.07038709677419355,-0.007964954201513165,0.0,-0.038179183869495474
25,4,1055102,0,205,41.85,0.13,10.91,8.906,0.12768878718535304,-9.134313613812495e-05,0.08099999999999952,-0.0011276930387422901,0.07038709677419355,-0.00796495420151334,0.0,-0.036564842056832476
25,4,1055143,0,205,41.85,0.13,10.81,8.947,0.126256946714611,-9.164435508791336e-05,0.08999999999999986,-0.0010182706120879278,0.06974193548387098,-0.007168458781361975,-0.11111111111111138,-0.0300025425883545
25,4,1055192,0,205,41.74,0.12,10.81,8.996,0.12498855835240114,-9.066935069504822e-05,0.09000000000000163,-0.0010074372299449619,0.06974193548387098,-0.006451612903225805,0.0,-0.01943263956993903
25,4,1055233,0,205,41.63,0.13,10.72,9.037,0.12450800915331645,-8.839216740789979e-05,0.08099999999999952,-0.0010912613260234607,0.06916129032258064,-0.007168458781362178,0.0,-0.012067205049661172
25,4,1055273,0,205,41.52,0.12,10.72,9.077,0.12401111474337859,-8.51513650786977e-05,0.08499999999999908,-0.0010017807656317486,0.06916129032258064,-0.007590132827324515,-0.1176470588235308,-0.021344922408322444
25,4,1055318,0,205,41.41,0.12,10.62,9.122,0.12269369074860906,-8.158352773715372e-05,0.08500000000000085,-0.0009598062086723871,0.06851612903225807,-0.007590132827324356,0.0,-0.022690998596234607
25,4,1055358,0,205,41.3,0.12,10.62,9.162,0.12208237986269863,-7.846098668628265e-05,0.08099999999999952,-0.0009686541566207793,0.06851612903225807,0.0,0.0,-0.023206163557040718
25,4,1055399,0,205,41.08,0.12,10.62,9.203,0.12081399150048877,-7.649794978572721e-05,0.08199999999999896,-0.0009329018266552217,0.06851612903225807,-0.00786782061369023,0.0,-0.03133496519666087
25,4,1055440,0,205,41.08,0.12,10.52,9.244,0.11951291271657247,-7.619665768629425e-05,0.08200000000000074,-0.0009292275327596775,0.06787096774193548,-0.007867820613690058,0.0,-0.03133496519666019
25,4,1055481,0,205,40.97,0.12,10.52,9.285,0.11824452435436261,-7.776190019673557e-05,0.08300000000000018,-0.0009368903638160891,0.06787096774193548,-0.007773027594247895,0.0,-0.02264697889301512
25,4,1055523,0,205,40.86,0.12,10.42,9.327,0.11763321346845221,-8.105298562644237e-05,0.08300000000000018,-0.0009765419954993035,0.0672258064516129,-0.007773027594247895,0.0,-0.016502755054214464
25,4,1055564,0,205,40.75,0.12,10.42,9.368,0.11687479568486281,-8.553934998023038e-05,0.08200000000000074,-0.0010431628046369465,0.0672258064516129,0.0,0.0,-0.025913139157543355
25,4,1055605,0,205,40.64,0.12,10.42,9.409,0.11550833605753363,-9.02914762473852e-05,0.08199999999999896,-0.0011011155639925165,0.0672258064516129,-0.00786782061369006,-0.1219512195121966,-0.033128951753721804
25,4,1055646,0,205,40.53,0.11,10.32,9.45,0.11415822164105766,-9.409274214468156e-05,0.08399999999999963,-0.0011201516921985949,0.06658064516129032,-0.00768049155145928,-0.11904761904761951,-0.024517816279829907
25,4,1055689,0,205,40.53,0.11,10.32,9.493,0.11344883949002793,-9.572204557760955e-05,0.08500000000000085,-0.001126141712677748,0.06658064516129032,-0.007590132827324356,0.0,-0.02519085437378529
25,4,1055731,0,205,40.31,0.11,10.22,9.535,0.11201699901928588,-9.435027055963197e-05,0.08300000000000018,-0.0011367502477064068,0.06593548387096775,-0.007773027594247895,0.0,-0.03568376152534224
25,4,1055772,0,205,40.31,0.11,10.22,9.576,0.11048708728342452,-8.990184902963172e-05,0.08200000000000074,-0.0010963640125564746,0.06593548387096775,-0.007867820613690058,0.0,-0.037713584066209206
25,4,1055813,0,205,40.2,0.11,10.12,9.617,0.1089244851258567,-8.321129957222694e-05,0.08199999999999896,-0.0010147719460027805,0.06529032258064515,-0.01573564122738029,0.0,-0.037713584066210025
25,4,1055854,0,205,40.09,0.11,10.02,9.658,0.10739457338999533,-7.585877579947465e-05,0.08199999999999896,-0.0009251070219448244,0.06464516129032258,0.0,0.0,-0.03611892934882257
25,4,1055895,0,205,39.98,0.11,10.12,9.699,0.10596273291925329,-6.96949532271649e-05,0.08200000000000074,-0.0008499384539898082,0.06529032258064515,0.0,-0.12195121951219397,-0.032929619914047276
25,4,1055936,0,205,39.87,0.1,10.02,9.74,0.10469434455704343,-6.622833866560817e-05,0.08300000000000018,-0.000797931791151904,0.06464516129032258,-0.007773027594247895,-0.12048192771084304,-0.02780655147559792
25,4,1055978,0,205,39.76,0.1,10.02,9.782,0.10365478914677866,-6.614216306219233e-05,0.08300000000000018,-0.0007968935308697854,0.06464516129032258,0.0,0.12048192771084304,-0.014769768843270963
25,4,1056019,0,205,39.65,0.11,10.02,9.823,0.10346845374305194,-6.914750675815995e-05,0.08399999999999963,-0.0008231846042638125,0.06464516129032258,-0.00768049155145928,0.0,-0.010507635548498508
25,4,1056062,0,205,39.54,0.1,9.92,9.866,0.10277214776070479,-7.42048522037404e-05,0.08399999999999963,-0.0008833910976635801,0.064,-0.00768049155145928,-0.11904761904761951,-0.015216612960973652
25,4,1056103,0,205,39.54,0.1,9.92,9.907,0.10219025825433016,-7.997583637774142e-05,0.08200000000000074,-0.0009753150777773255,0.064,-0.00786782061368989,0.0,-0.023002894298311635
25,4,1056144,0,205,39.43,0.1,9.82,9.948,0.10088591042824321,-8.528530359921227e-05,0.08200000000000074,-0.0010400646780391646,0.06335483870967742,-0.00786782061368989,0.0,-0.022404898779291225
25,4,1056185,0,205,39.32,0.1,9.82,9.989,0.10035305655442826,-8.940256956372394e-05,0.08300000000000018,-0.001077139392334021,0.06335483870967742,-0.007773027594247895,0.0,-0.013627573386057973
25,4,1056227,0,205,39.21,0.1,9.72,10.031,0.0997548218372004,-9.206292523704818e-05,0.08299999999999841,-0.001109191870325903,0.06270967741935485,-0.007773027594248061,0.0,-0.014415294391032797
25,4,1056268,0,205,39.1,0.1,9.72,10.072,0.09915658711997256,-9.328802231367029e-05,0.08199999999999896,-0.0011376588087033106,0.06270967741935485,0.0,0.0,-0.013793763305400178
25,4,1056309,0,205,38.99,0.1,9.72,10.113,0.0986237332461576,-9.316383681936813e-05,0.08200000000000074,-0.0011361443514556987,0.06270967741935485,-0.007867820613690143,0.0,-0.011401781229319083
25,4,1056350,0,205,38.88,0.1,9.62,10.154,0.09822164105916839,-9.174318819388106e-05,0.08399999999999963,-0.001092180811831922,0.06206451612903225,-0.0076804915514595284,0.0,-0.01797973193854191
25,4,1056393,0,205,38.77,0.1,9.62,10.197,0.09711343576332009,-8.913691744612074e-05,0.08399999999999963,-0.0010611537791204897,0.06206451612903225,-0.006912442396313352,-0.11904761904761968,-0.02774794128177562
25,4,1056434,0,205,38.66,0.09,9.53,10.238,0.09589081399149925,-8.570038923659063e-05,0.08300000000000018,-0.0010325348100794027,0.06148387096774193,-0.014768752429071,0.0,-0.01957486697361496
25,4,1056476,0,205,38.55,0.1,9.43,10.28,0.09548872180451004,-8.21233822681453e-05,0.08300000000000018,-0.0009894383405800618,0.060838709677419354,-0.007773027594247895,0.0,-0.0166209132049609
25,4,1056517,0,205,38.44,0.09,9.43,10.321,0.09451127819548749,-7.927794453269498e-05,0.08200000000000074,-0.0009668042016182228,0.060838709677419354,0.0,0.0,-0.023640756185266537
25,4,1056558,0,205,38.44,0.1,9.43,10.362,0.09355017979731817,-7.785793293314569e-05,0.08200000000000074,-0.000949486986989573,0.060838709677419354,0.0,0.0,-0.016026279909742206
25,4,1056599,0,205,38.33,0.09,9.43,10.403,0.09319712324288862,-7.802684655194092e-05,0.08200000000000074,-0.0009515469091700027,0.060838709677419354,-0.00786782061368989,-0.12195121951219413,-0.011401781229319083
25,4,1056640,0,205,38.22,0.09,9.33,10.444,0.092615233736514,-7.931504741500817e-05,0.08099999999999952,-0.0009791981162346746,0.06019354838709678,-0.00796495420151334,0.0,-0.01638556939853658
25,4,1056680,0,205,38.11,0.09,9.33,10.484,0.09186989212160716,-8.084213024976705e-05,0.08099999999999952,-0.0009980509907378708,0.06019354838709678,-0.007964954201513426,0.0,-0.019614253023863912
25,4,1056721,0,205,38.11,0.09,9.23,10.525,0.09102647924158103,-8.173013698623421e-05,0.08500000000000085,-0.0009615310233674517,0.059548387096774194,-0.0075901328273244376,0.0,-0.020229602138337556
25,4,1056765,0,205,38.0,0.09,9.23,10.569,0.09015037593984845,-8.147950884847078e-05,0.08499999999999908,-0.000958582457040843,0.059548387096774194,-0.007590132827324515,0.0,-0.020229602138338142
25,4,1056806,0,205,37.78,0.09,9.13,10.61,0.0893069630598223,-8.013190890465082e-05,0.08199999999999896,-0.000977218401276242,0.05890322580645162,-0.00786782061369006,0.0,-0.019375054816255944
25,4,1056847,0,205,37.78,0.09,9.13,10.651,0.08856162144491549,-7.817300889204582e-05,0.08200000000000074,-0.0009533293767322574,0.05890322580645162,0.0,0.0,-0.02718886293145316
25,4,1056888,0,205,37.67,0.09,9.13,10.692,0.08707747629944312,-7.62568373168353e-05,0.08200000000000074,-0.0009299614306931051,0.05890322580645162,-0.007867820613690058,0.0,-0.026989531091779855
25,4,1056929,0,205,37.56,0.09,9.03,10.733,0.08634847989538952,-7.490303166820312e-05,0.08300000000000018,-0.000902446164677144,0.05825806451612903,-0.007773027594248062,0.0,-0.025285844259679738
25,4,1056971,0,205,37.45,0.09,9.03,10.775,0.0849787512258897,-7.430322046624483e-05,0.08300000000000018,-0.0008952195236896947,0.05825806451612903,0.0,-0.12048192771084304,-0.022725750993512855
25,4,1057012,0,205,37.34,0.08,9.03,10.816,0.08446224256292795,-7.430206349840951e-05,0.08199999999999896,-0.0009061227255903714,0.05825806451612903,-0.00786782061369006,-0.1219512195121966,-0.019215589344517302
25,4,1057053,0,205,37.23,0.08,8.93,10.857,0.0834030728996393,-7.454059193404205e-05,0.08199999999999896,-0.0009090316089517439,0.05761290322580645,-0.00786782061369006,0.0,-0.02523541090265417
25,4,1057094,0,205,37.23,0.08,8.93,10.898,0.08239293886891033,-7.468117641947636e-05,0.08500000000000085,-0.0008786020755232424,0.05761290322580645,-0.007590132827324356,0.0,-0.022806376555197957
25,4,1057138,0,205,37.12,0.08,8.83,10.942,0.08146453089244746,-7.459009342293932e-05,0.08500000000000085,-0.0008775305108581009,0.05696774193548387,-0.007590132827324356,0.0,-0.02049881737591985
25,4,1057179,0,205,37.01,0.08,8.83,10.983,0.08065053939195713,-7.437654144753658e-05,0.08199999999999896,-0.0009070309932626526,0.05696774193548387,0.0,0.0,-0.01805946467441145
25,4,1057220,0,205,36.9,0.08,8.83,11.024,0.07998365478914574,-7.428045398291516e-05,0.08199999999999896,-0.0009058591949136109,0.05696774193548387,-0.00786782061369006,0.0,-0.014072827880943314
25,4,1057261,0,205,36.9,0.08,8.73,11.065,0.07949656750571979,-7.449477939055171e-05,0.08300000000000018,-0.0008975274625367656,0.056322580645161296,-0.007773027594247895,0.0,-0.0024419351154204476
25,4,1057303,0,205,36.68,0.08,8.73,11.107,0.07978097417456584,-7.503106191866138e-05,0.08300000000000018,-0.0009039886978151954,0.056322580645161296,0.0,0.0,0.006065451738303255
25,4,1057344,0,205,36.57,0.08,8.73,11.148,0.07999999999999896,-7.569667626498066e-05,0.08200000000000074,-0.0009231301983534144,0.056322580645161296,-0.007867820613689973,0.0,0.0053420933032471765
25,4,1057385,0,205,36.46,0.08,8.63,11.189,0.08021902582543211,-7.619199543951715e-05,0.08200000000000074,-0.0009291706760916642,0.05567741935483871,-0.007867820613689973,0.0,0.006139420661941057
25,4,1057426,0,205,36.46,0.08,8.63,11.23,0.08050343249427813,-7.62739166284625e-05,0.08200000000000074,-0.0009301697149812415,0.05567741935483871,-0.007867820613690058,0.0,-0.0024717148119502872
25,4,1057467,0,205,36.35,0.08,8.53,11.271,0.08001634521085219,-7.588640814505432e-05,0.08499999999999908,-0.0008927812722947664,0.05503225806451612,-0.007590132827324678,0.0,-0.01357613983808614
25,4,1057511,0,205,36.24,0.08,8.53,11.315,0.07934946060804082,-7.517345316471769e-05,0.08499999999999908,-0.000884393566643747,0.05503225806451612,0.0,0.0,-0.017422071803549842
25,4,1057552,0,205,36.24,0.08,8.53,11.356,0.07853546910755047,-7.437236923618684e-05,0.08200000000000074,-0.0009069801126364167,0.05503225806451612,-0.00786782061368989,0.0,-0.021248774109185572
25,4,1057593,0,205,36.02,0.08,8.43,11.397,0.07760706113108759,-7.366783535469957e-05,0.08300000000000018,-0.0008875642813819206,0.054387096774193545,-0.007773027594247895,0.0,-0.023355927797492234
25,4,1057635,0,205,36.02,0.08,8.43,11.439,0.0765969271003586,-7.310127835680546e-05,0.08300000000000018,-0.0008807382934554855,0.054387096774193545,0.0,0.0,-0.024931369807441265
25,4,1057676,0,205,35.8,0.08,8.43,11.48,0.07553775743706996,-7.258496180802965e-05,0.08200000000000074,-0.0008851824610735243,0.054387096774193545,-0.00786782061368989,-0.12195121951219397,-0.026032738261347336
25,4,1057717,0,205,35.8,0.07,8.33,11.521,0.0744622425629281,-7.201093212614395e-05,0.08199999999999896,-0.0008781820990993276,0.05374193548387097,-0.00786782061369006,-0.1219512195121966,-0.026032738261347898
25,4,1057758,0,205,35.69,0.07,8.33,11.562,0.07340307289963946,-7.139085580889315e-05,0.08199999999999896,-0.0008706201927913908,0.05374193548387097,-0.007081038552321054,0.0,-0.02523541090265434
25,4,1057799,0,205,35.58,0.07,8.24,11.603,0.07239293886891048,-7.093033152595041e-05,0.08300000000000018,-0.0008545823075415692,0.05316129032258065,-0.006995724834823106,0.0,-0.023355927797492234
25,4,1057841,0,205,35.47,0.07,8.24,11.645,0.0714645308924476,-7.096882899208445e-05,0.09200000000000053,-0.0007714003151313483,0.05316129032258065,0.0,0.0,-0.01893912474949155
25,4,1057891,0,205,35.36,0.07,8.24,11.695,0.07065053939195724,-7.180335380298786e-05,0.09299999999999997,-0.0007720790731504073,0.05316129032258065,-0.006937218175511655,0.0,-0.009912579485178546
25,4,1057934,0,205,35.36,0.07,8.14,11.738,0.070542661000326,-7.349102772769101e-05,0.08699999999999974,-0.0008447244566401291,0.052516129032258066,-0.007415647015202133,0.0,-0.003982970920554611
25,4,1057978,0,205,35.25,0.07,8.14,11.782,0.07030402092186899,-7.573403553638158e-05,0.08699999999999974,-0.0008705061555905955,0.052516129032258066,0.0,0.0,-0.006237482762378077
25,4,1058021,0,205,35.13,0.07,8.14,11.825,0.0699999999999991,-7.790596240728931e-05,0.0860000000000003,-0.0009058832838056865,0.052516129032258066,-0.007501875468867307,0.0,-0.007070253996974116
25,4,1058064,0,205,35.02,0.07,8.04,11.868,0.06969597907812922,-7.922331137784156e-05,0.08700000000000152,-0.000910612774457933,0.051870967741935475,-0.007415647015202061,0.0,-0.006237482762378109
25,4,1058108,0,205,34.91,0.07,8.04,11.912,0.0694573389996722,-7.900793071136736e-05,0.08699999999999974,-0.0009081371346134206,0.051870967741935475,-0.007415647015201973,0.0,-0.00398297092055477
25,4,1058151,0,205,34.8,0.07,7.94,11.955,0.06934946060804095,-7.693602913303455e-05,0.08699999999999974,-0.0008843221739429284,0.051225806451612906,-0.007415647015201973,0.0,-0.010596205656570039
25,4,1058195,0,205,34.69,0.07,7.94,11.999,0.06853546910755061,-7.317153258077092e-05,0.08699999999999974,-0.0008410520986295532,0.051225806451612906,0.0,0.0,-0.0200275801948648
25,4,1058238,0,205,34.58,0.07,7.94,12.042,0.06760706113108772,-6.834798186365986e-05,0.08899999999999864,-0.0007679548524006844,0.051225806451612906,-0.0072490032620516134,0.0,-0.021781370867324755
25,4,1058284,0,205,34.58,0.07,7.84,12.088,0.06659692710035874,-6.343363686116809e-05,0.08900000000000041,-0.0007127374928221101,0.05058064516129032,-0.007249003262051469,0.0,-0.023250603303568766
25,4,1058327,0,205,34.47,0.07,7.84,12.131,0.06553775743707009,-5.9530255935357875e-05,0.0860000000000003,-0.0006922122783181125,0.05058064516129032,0.0,-0.11627906976744155,-0.02482191322593597
25,4,1058370,0,205,34.36,0.06,7.84,12.174,0.06446224256292823,-5.7633907336728465e-05,0.0860000000000003,-0.0006701617132177705,0.05058064516129032,-0.0075018754688671455,-0.11627906976744155,-0.02482191322593597
25,4,1058413,0,205,34.25,0.06,7.74,12.217,0.06340307289963959,-5.8377027342275234e-05,0.0860000000000003,-0.0006788026435148259,0.049935483870967745,-0.0075018754688671455,0.0,-0.02406167086067003
25,4,1058456,0,205,34.14,0.06,7.74,12.26,0.062392938868910605,-6.179051933216683e-05,0.0860000000000003,-0.0007184944108391467,0.049935483870967745,0.0,0.0,-0.022541186130137985
25,4,1058499,0,205,34.03,0.06,7.74,12.303,0.061464530892447716,-6.716243385499787e-05,0.08699999999999974,-0.0007719819983333111,0.049935483870967745,0.0,0.0,-0.02002758019486496
25,4,1058543,0,205,34.03,0.06,7.74,12.347,0.06065053939195736,-7.309937143836809e-05,0.08699999999999974,-0.0008402226602111299,0.049935483870967745,-0.007415647015202133,0.0,-0.01702156440576695
25,4,1058586,0,205,33.92,0.06,7.64,12.39,0.059983654789145996,-7.785967451970421e-05,0.0860000000000003,-0.000905345052554697,0.04929032258064516,-0.007501875468867226,0.0,-0.013418277746945411
25,4,1058629,0,205,33.81,0.06,7.64,12.433,0.05949656750572005,-7.989776105848012e-05,0.08799999999999919,-0.0009079291029372825,0.04929032258064516,-0.0073313782991203365,0.0,-0.00865553211090964
25,4,1058674,0,205,33.7,0.06,7.54,12.478,0.059221967963385955,-7.841806812712182e-05,0.08900000000000041,-0.0008811018890687804,0.04864516129032258,-0.007249003262051469,0.0,-0.003415965414268389
25,4,1058718,0,205,33.59,0.06,7.54,12.522,0.05919254658385016,-7.369772497753502e-05,0.08699999999999974,-0.0008471002870981062,0.04864516129032258,-0.007415647015202053,0.0,0.002517538223369389
25,4,1058761,0,205,33.48,0.06,7.44,12.565,0.05944099378881909,-6.702325490910432e-05,0.0860000000000003,-0.0007793401733616755,0.048,-0.0075018754688671455,0.0,0.009388993211035541
25,4,1058804,0,205,33.48,0.06,7.44,12.608,0.05999999999999922,-6.024480365107809e-05,0.0860000000000003,-0.0007005209726869522,0.048,0.0,0.0,0.006500072223024742
25,4,1058847,0,205,33.37,0.06,7.44,12.651,0.05999999999999922,-5.511962179630725e-05,0.0860000000000003,-0.0006409258348407798,0.048,0.0,0.0,0.0
25,4,1058890,0,205,33.26,0.06,7.44,12.694,0.05999999999999922,-5.272784162198096e-05,0.0860000000000003,-0.0006131144374648928,0.048,0.0,0.0,0.0
25,4,1058933,0,205,33.15,0.06,7.44,12.737,0.05999999999999922,-5.3220463407570586e-05,0.08699999999999974,-0.0006117294644548361,0.048,-0.007415647015202133,0.0,0.0
25,4,1058977,0,205,33.04,0.06,7.34,12.781,0.05999999999999922,-5.598093206765142e-05,0.08699999999999974,-0.0006434589892833516,0.04735483870967742,-0.007415647015202133,0.0,0.006425358749196752
25,4,1059020,0,205,32.93,0.06,7.34,12.824,0.060559006211179336,-6.0047490244794057e-05,0.08899999999999864,-0.0006746909016269099,0.04735483870967742,-0.007249003262051535,0.0,0.00279154162886442
25,4,1059066,0,205,32.93,0.06,7.24,12.87,0.06024844720496815,-6.451670250240494e-05,0.08900000000000041,-0.0007249067696899398,0.04670967741935484,-0.0072490032620513905,0.0,-0.0003305772981549803
25,4,1059109,0,205,32.82,0.06,7.24,12.913,0.06052958483164354,-6.871656950506999e-05,0.0860000000000003,-0.0007990298779659273,0.04670967741935484,0.0,0.0,-0.0031930179341172074
25,4,1059152,0,205,32.71,0.06,7.24,12.956,0.05997384766263407,-7.214003986877593e-05,0.0860000000000003,-0.0008388376728927405,0.04670967741935484,0.0,0.0,-0.012163877844256658
25,4,1059195,0,205,32.6,0.06,7.24,12.999,0.05948349133703747,-7.43089059691604e-05,0.0860000000000003,-0.000864057046153025,0.04670967741935484,-0.007501875468867226,0.0,-0.004143320890699875
25,4,1059238,0,205,32.49,0.06,7.14,13.042,0.05961752206603388,-7.475845890688682e-05,0.08699999999999974,-0.0008592926311136441,0.04606451612903226,-0.007415647015202133,0.0,0.00026302638154608176
25,4,1059282,0,205,32.49,0.06,7.14,13.086,0.059506374632231976,-7.319273838128825e-05,0.08699999999999974,-0.0008412958434630859,0.04606451612903226,-0.007415647015202053,0.0,-0.004997501249375394
25,4,1059325,0,205,32.27,0.06,7.04,13.129,0.05918273945733822,-6.969559810910475e-05,0.0860000000000003,-0.0008104139315012153,0.04541935483870968,-0.0075018754688671455,0.0,-0.009617065920615307
25,4,1059368,0,205,32.27,0.06,7.04,13.172,0.05867930696305906,-6.483486684625817e-05,0.0860000000000003,-0.0007538938005378831,0.04541935483870968,0.0,0.0,-0.013418277746945411
25,4,1059411,0,205,32.16,0.06,7.04,13.215,0.05802876757110091,-5.957783895224367e-05,0.08899999999999864,-0.0006694139208117369,0.04541935483870968,-0.00652410293584646,-0.11235955056179942,-0.01590444112234663
25,4,1059457,0,205,32.05,0.05,6.95,13.261,0.05726381170317023,-5.5048943803119424e-05,0.08999999999999986,-0.0006116549311457724,0.044838709677419354,-0.006451612903225855,0.0,-0.017907086556971912
25,4,1059501,0,205,31.94,0.06,6.95,13.305,0.05641712978097344,-5.222152432549354e-05,0.08700000000000152,-0.0006002474060401451,0.044838709677419354,0.0,0.0,-0.026452938944061012
25,4,1059544,0,205,31.83,0.05,6.95,13.348,0.05496240601503688,-5.1646831107645676e-05,0.0860000000000003,-0.0006005445477633198,0.044838709677419354,0.0,0.0,-0.023909622387616822
25,4,1059587,0,205,31.83,0.06,6.95,13.391,0.05436090225563839,-5.331424854771694e-05,0.08599999999999852,-0.000619933122647882,0.044838709677419354,-0.007501875468867381,0.1162790697674438,-0.014178520112211806
25,4,1059630,0,205,31.61,0.06,6.85,13.434,0.053743053285386685,-5.669363383054904e-05,0.0860000000000003,-0.0006592283003552191,0.04419354838709677,-0.007501875468867226,-0.1162790697674414,-0.014178520112211513
25,4,1059673,0,205,31.61,0.05,6.85,13.477,0.053141549525988194,-6.0926455243246914e-05,0.0860000000000003,-0.0007084471539912407,0.04419354838709677,0.0,-0.1162790697674414,-0.013418277746945493
25,4,1059716,0,205,31.5,0.05,6.85,13.52,0.05258908139914937,-6.506823870577527e-05,0.08699999999999974,-0.0007479107897215571,0.04419354838709677,-0.007415647015202053,0.0,-0.011761036774845555
25,4,1059760,0,205,31.39,0.05,6.75,13.564,0.05211833932657663,-6.82929489522417e-05,0.08699999999999974,-0.0007849764247384127,0.043548387096774194,-0.007415647015202053,0.0,-0.009506524933022169
25,4,1059803,0,205,31.39,0.05,6.75,13.607,0.05176201372997644,-7.002000668086782e-05,0.08799999999999919,-0.000795681894100778,0.043548387096774194,0.0,0.0,-0.006426639721834152
25,4,1059848,0,205,31.28,0.05,6.75,13.652,0.05155279503105523,-6.99667020823913e-05,0.08800000000000097,-0.0007950761600271652,0.043548387096774194,-0.00733137829912011,0.0,-0.002711819073375084
25,4,1059891,0,205,31.17,0.05,6.65,13.695,0.05152337365151943,-6.814969662065274e-05,0.08700000000000152,-0.0007833298462143856,0.04290322580645162,-0.007415647015201902,0.0,-0.008604720196292558
25,4,1059935,0,205,31.06,0.05,6.65,13.739,0.05080418437397777,-6.485842998367896e-05,0.08699999999999974,-0.0007454991952147029,0.04290322580645162,0.0,0.11494252873563246,-0.007665340262199676
25,4,1059978,0,205,30.95,0.06,6.65,13.782,0.05085648904870806,-6.060734469061657e-05,0.08599999999999852,-0.0007047365661699722,0.04290322580645162,-0.007501875468867381,0.0,-0.006424047986498151
25,4,1060021,0,205,30.84,0.05,6.55,13.825,0.050251716247138936,-5.6061510243976544e-05,0.0860000000000003,-0.0006518780260927482,0.04225806451612903,-0.007501875468867226,-0.1162790697674414,-0.00471350266464933
25,4,1060064,0,205,30.84,0.05,6.55,13.868,0.05045112781954822,-5.193054556138321e-05,0.0860000000000003,-0.0006038435530393376,0.04225806451612903,0.0,0.0,0.007868508480503498
25,4,1060107,0,205,30.73,0.05,6.55,13.911,0.05092840797646224,-4.884261326334549e-05,0.0860000000000003,-0.0005679373635272712,0.04225806451612903,0.0,0.0,0.004219345127226518
25,4,1060150,0,205,30.62,0.05,6.55,13.954,0.0508139915004897,-4.7237617525021314e-05,0.08699999999999974,-0.0005429611209772581,0.04225806451612903,-0.007415647015202133,0.0,-0.0030060157890979293
25,4,1060194,0,205,30.51,0.05,6.45,13.998,0.05066688460281072,-4.731712512543851e-05,0.08499999999999908,-0.0005566720602992826,0.04161290322580645,-0.007590132827324596,0.0,-0.003845931965463537
25,4,1060235,0,205,30.4,0.05,6.45,14.039,0.050487087283425304,-4.904237715246396e-05,0.0840000000000014,-0.0005838378232436087,0.04161290322580645,0.0,0.0,-0.004670060243777089
25,4,1060278,0,205,30.4,0.05,6.45,14.082,0.05027459954233344,-5.214423411073899e-05,0.0860000000000003,-0.0006063283036132419,0.04161290322580645,0.0,0.0,-0.005321696556862227
25,4,1060321,0,205,30.29,0.05,6.45,14.125,0.05002942137953515,-5.61440151364252e-05,0.08599999999999852,-0.000652837385307281,0.04161290322580645,-0.007501875468867381,0.0,-0.006081938922128293
25,4,1060364,0,205,30.18,0.05,6.35,14.168,0.049751552795030414,-6.041894660389868e-05,0.0860000000000003,-0.0007025458907430055,0.040967741935483866,-0.007501875468867226,0.0,-0.006842181287394269
25,4,1060407,0,205,30.07,0.05,6.35,14.211,0.04944099378881924,-6.431755969348973e-05,0.08700000000000152,-0.0007392822953274553,0.040967741935483866,0.0,0.0,0.0028557149996429783
25,4,1060451,0,205,30.07,0.05,6.35,14.255,0.04999999999999936,-6.728353116889263e-05,0.08699999999999974,-0.0007733739214815268,0.040967741935483866,-0.007415647015202053,0.0,0.006425358749196752
25,4,1060494,0,205,29.96,0.05,6.25,14.298,0.04999999999999936,-6.894516127371198e-05,0.11999999999999922,-0.0005745430106142703,0.04032258064516129,-0.0053763440860215075,0.0,0.0
25,4,1060571,0,205,29.85,0.05,6.25,14.375,0.04999999999999936,-6.915710172549617e-05,0.11999999999999922,-0.0005763091810458051,0.04032258064516129,0.0,0.0,0.0
25,4,1060614,0,205,29.74,0.05,6.25,14.418,0.04999999999999936,-6.80019284135991e-05,0.08799999999999919,-0.0007727491865181786,0.04032258064516129,-0.007331378299120258,0.0,0.0
25,4,1060659,0,205,29.63,0.05,6.15,14.463,0.04999999999999936,-6.576516952020483e-05,0.08800000000000097,-0.0007473314718205012,0.03967741935483871,-0.00733137829912011,0.0,0.0
25,4,1060702,0,205,29.52,0.05,6.15,14.506,0.04999999999999936,-6.289099834501322e-05,0.0860000000000003,-0.0007312906784303837,0.03967741935483871,0.0,0.0,0.0
25,4,1060745,0,205,29.52,0.05,6.15,14.549,0.04999999999999936,-5.991386598342263e-05,0.08699999999999974,-0.0006886651262462391,0.03967741935483871,-0.007415647015202133,0.0,0.0
25,4,1060789,0,205,29.41,0.05,6.05,14.593,0.04999999999999936,-5.7359864389098016e-05,0.08699999999999974,-0.0006593087860815883,0.03903225806451613,-0.007415647015202133,0.0,0.0
25,4,1060832,0,205,29.3,0.05,6.05,14.636,0.04999999999999936,-5.5625005070384146e-05,0.0860000000000003,-0.0006468023845393483,0.03903225806451613,0.0,0.0,0.0
25,4,1060875,0,205,29.19,0.05,6.05,14.679,0.04999999999999936,-5.486404328456018e-05,0.0860000000000003,-0.0006379539916809301,0.03903225806451613,0.0,0.0,0.0
25,4,1060918,0,205,29.19,0.05,6.05,14.722,0.04999999999999936,-5.4951156287614824e-05,0.0860000000000003,-0.0006389669335769144,0.03903225806451613,-0.0075018754688671455,0.0,0.0
25,4,1060961,0,205,28.97,0.05,5.95,14.765,0.04999999999999936,-5.555870510328642e-05,0.0860000000000003,-0.0006460314546893747,0.03838709677419355,-0.0075018754688671455,0.0,0.0
25,4,1061004,0,205,28.97,0.05,5.95,14.808,0.04999999999999936,-5.632474764473816e-05,0.08899999999999864,-0.0006328623330869552,0.03838709677419355,0.0,0.0,0.0
25,4,1061050,0,205,28.86,0.05,5.95,14.854,0.04999999999999936,-5.701143814621101e-05,0.08900000000000041,-0.0006405779566989972,0.03838709677419355,-0.007249003262051469,0.0,0.0
25,4,1061093,0,205,28.86,0.05,5.85,14.897,0.04999999999999936,-5.7562926470770214e-05,0.0860000000000003,-0.0006693363543112792,0.03774193548387097,-0.007501875468867226,0.0,0.0
25,4,1061136,0,205,28.75,0.05,5.85,14.94,0.04999999999999936,-5.8036124300053335e-05,0.0860000000000003,-0.0006748386546517806,0.03774193548387097,0.0,0.0,0.0
25,4,1061179,0,205,28.64,0.05,5.85,14.983,0.04999999999999936,-5.845395296626243e-05,0.0860000000000003,-0.000679697127514677,0.03774193548387097,0.0,0.0,0.0
25,4,1061222,0,205,28.53,0.05,5.85,15.026,0.04999999999999936,-5.868598125345681e-05,0.08699999999999974,-0.0006745515086604251,0.03774193548387097,-0.007415647015202133,0.0,0.0
25,4,1061266,0,205,28.42,0.05,5.75,15.07,0.04999999999999936,-5.845135035211957e-05,0.08699999999999974,-0.0006718546017485027,0.037096774193548385,-0.007415647015202133,0.0,0.0
25,4,1061309,0,205,28.42,0.05,5.75,15.113,0.04999999999999936,-5.7451623119546544e-05,0.0860000000000003,-0.0006680421292970505,0.037096774193548385,0.0,0.0,0.0
25,4,1061352,0,205,28.31,0.05,5.75,15.156,0.04999999999999936,-5.555125088959212e-05,0.0860000000000003,-0.0006459447777859526,0.037096774193548385,-0.0067516879219804305,0.0,0.0
25,4,1061395,0,205,28.2,0.05,5.66,15.199,0.04999999999999936,-5.2904391871738455e-05,0.08799999999999919,-0.0006011862712697608,0.036516129032258066,-0.006598240469208232,0.0,0.0
25,4,1061440,0,205,28.09,0.05,5.66,15.244,0.04999999999999936,-4.996380989899762e-05,0.08900000000000041,-0.0005613911224606449,0.036516129032258066,0.0,0.0,0.0
25,4,1061484,0,205,27.98,0.05,5.66,15.288,0.04999999999999936,-4.735734443541695e-05,0.08699999999999974,-0.000544337292361116,0.036516129032258066,-0.007415647015202133,0.0,0.006425358749196752
25,4,1061527,0,205,27.87,0.05,5.56,15.331,0.05055900621117947,-4.567124489736596e-05,0.0860000000000003,-0.0005310609871786721,0.03587096774193548,0.0,0.0,0.002888920988010799
25,4,1061570,0,205,27.87,0.05,5.66,15.374,0.05024844720496829,-4.52294029918745e-05,0.0860000000000003,-0.00052592329060319,0.036516129032258066,0.0,0.0,-0.006842181287394351
25,4,1061613,0,205,27.76,0.05,5.56,15.417,0.04997057862046356,-4.597310640569141e-05,0.0860000000000003,-0.0005345710047173401,0.03587096774193548,-0.007501875468867226,0.0,0.0004181333008964124
25,4,1061656,0,205,27.65,0.05,5.56,15.46,0.05028440666884538,-4.750453278352484e-05,0.0860000000000003,-0.0005523782881805196,0.03587096774193548,0.0,0.0,0.004067296654173233
25,4,1061699,0,205,27.65,0.05,5.56,15.503,0.050320366132722456,-4.9271989912011096e-05,0.08699999999999974,-0.0005663447116323131,0.03587096774193548,-0.007415647015202053,0.0,-0.001991485460277385
25,4,1061743,0,205,27.54,0.05,5.46,15.547,0.05011114743380125,-5.0796224972963876e-05,0.08699999999999974,-0.0005838646548616555,0.035225806451612905,-0.007415647015202053,0.0,-0.013677371840395454
25,4,1061786,0,205,27.43,0.05,5.46,15.59,0.049130434782608055,-5.181933506765546e-05,0.08799999999999919,-0.000588856080314272,0.035225806451612905,0.0,0.0,-0.02080299563137087
25,4,1061831,0,205,27.32,0.05,5.46,15.635,0.04828048381824063,-5.231766228236534e-05,0.08800000000000097,-0.0005945188895723269,0.035225806451612905,0.0,0.0,-0.011478795803738256
25,4,1061874,0,205,27.32,0.05,5.46,15.678,0.04812030075187908,-5.241368471054475e-05,0.08699999999999974,-0.0006024561460982172,0.035225806451612905,-0.007415647015202133,0.0,-0.005749005196649697
25,4,1061918,0,205,27.21,0.05,5.36,15.722,0.047780320366132105,-5.226677304203342e-05,0.08699999999999974,-0.0006007675062302709,0.03458064516129032,-0.007415647015202133,-0.11494252873563254,-0.01593188368221892
25,4,1061961,0,205,27.1,0.04,5.36,15.765,0.046734226871526036,-5.198928128827429e-05,0.0860000000000003,-0.0006045265266078385,0.03458064516129032,0.0,0.0,-0.015546956369690432
25,4,1062004,0,205,27.1,0.05,5.36,15.808,0.04644328211833872,-5.159307536107516e-05,0.0860000000000003,-0.0005999194809427323,0.03458064516129032,0.0,0.11627906976744148,-0.008096581190083265
25,4,1062047,0,205,26.99,0.05,5.36,15.851,0.04603792088917887,-5.097953929606369e-05,0.0860000000000003,-0.0005927853406519013,0.03458064516129032,-0.007501875468867226,-0.11627906976744148,-0.010377308285881409
25,4,1062090,0,205,26.88,0.04,5.26,15.894,0.04555083360575292,-4.9994475115762606e-05,0.08599999999999852,-0.0005813311059972496,0.03393548387096774,-0.007501875468867381,-0.11627906976744389,-0.011897793016413695
25,4,1062133,0,205,26.77,0.04,5.26,15.937,0.04501471068976731,-4.8528745873676726e-05,0.08699999999999974,-0.0005578016767089295,0.03393548387096774,0.0,0.0,-0.012512540722120017
25,4,1062177,0,205,26.77,0.04,5.26,15.981,0.04446224256292848,-4.660883480503663e-05,0.08900000000000041,-0.0005236947730902969,0.03393548387096774,0.0,0.11235955056179725,-0.012231360031735127
25,4,1062222,0,205,26.66,0.05,5.26,16.026,0.04392611964694288,-4.444195366628545e-05,0.08799999999999919,-0.0005050222007532484,0.03393548387096774,-0.007331378299120258,0.1136363636363647,-0.011627388629676928
25,4,1062265,0,205,26.55,0.05,5.16,16.069,0.04343903236351692,-4.240948616692819e-05,0.08599999999999852,-0.0004931335600805688,0.03329032258064516,-0.007501875468867301,-0.11627906976744389,-0.010377308285881704
25,4,1062308,0,205,26.43,0.04,5.16,16.112,0.04303367113435707,-4.0992209840352346e-05,0.08699999999999974,-0.00047117482575117776,0.03329032258064516,0.0,-0.11494252873563254,-0.008003517038473164
25,4,1062352,0,205,26.43,0.04,5.16,16.156,0.04274272638116976,-4.061443852214897e-05,0.0870000000000033,-0.0004668326266913497,0.03329032258064516,0.0,0.11494252873562785,-0.004997501249374951
25,4,1062395,0,205,26.32,0.05,5.16,16.199,0.04259888852566143,-4.146071050206501e-05,0.08600000000000207,-0.0004821012849077211,0.03329032258064516,0.0,0.0,-0.011745744543359922
25,4,1062438,0,205,26.21,0.04,5.16,16.242,0.04173259235044078,-4.337590470717601e-05,0.08599999999999852,-0.0005043709849671715,0.03329032258064516,-0.007501875468867381,-0.11627906976744389,-0.01155568395204408
25,4,1062481,0,205,26.1,0.04,5.06,16.285,0.04160509970578566,-4.591369520226874e-05,0.08599999999999852,-0.0005338801767705759,0.03264516129032258,-0.007501875468867381,0.0,-0.0004941575374229037
25,4,1062524,0,205,26.1,0.04,5.06,16.328,0.04169009480222241,-4.848702093451162e-05,0.08599999999999852,-0.0005638025690059587,0.03264516129032258,0.0,0.0,-0.005663805621232034
25,4,1062567,0,205,25.99,0.04,5.06,16.371,0.04111801242235971,-5.05243500495256e-05,0.08999999999999986,-0.000561381667216952,0.03264516129032258,0.0,0.0,-0.013802622498274504
25,4,1062614,0,205,25.88,0.04,5.06,16.418,0.04044785877737771,-5.1585049416481786e-05,0.08999999999999986,-0.0005731672157386874,0.03264516129032258,-0.007168458781361975,0.0,-0.015981983945370443
25,4,1062657,0,205,25.88,0.04,4.96,16.461,0.039679633867276375,-5.144265729945108e-05,0.08600000000000207,-0.000598170433714533,0.032,-0.00750187546886699,0.0,-0.00851471449097942
25,4,1062700,0,205,25.77,0.04,4.96,16.504,0.03971559333115346,-5.013566819901083e-05,0.08600000000000207,-0.0005829728860349957,0.032,0.0,0.0,0.004067296654173149
25,4,1062743,0,205,25.66,0.04,4.96,16.547,0.040029421379535274,-4.796293099140136e-05,0.08599999999999852,-0.0005577084999000254,0.032,0.0,0.0,0.0004181333008962597
25,4,1062786,0,205,25.66,0.04,4.96,16.59,0.03975155279503054,-4.542241964635085e-05,0.08699999999999974,-0.0005220967775442642,0.032,-0.007415647015202053,0.0,-0.0067635355254702404
25,4,1062830,0,205,25.44,0.04,4.86,16.634,0.039440993788819365,-4.3114658771423284e-05,0.08699999999999974,-0.0004955707904761311,0.031354838709677424,-0.007415647015202053,0.0,0.002855714999643037
25,4,1062873,0,205,25.44,0.04,4.86,16.677,0.03999999999999948,-4.161189883793792e-05,0.08599999999999852,-0.00048385928881324,0.031354838709677424,0.0,0.0,0.006500072223024714
25,4,1062916,0,205,25.33,0.04,4.86,16.72,0.03999999999999948,-4.1287946709030796e-05,0.08600000000000207,-0.00048009240359336977,0.031354838709677424,0.0,0.0,0.0
25,4,1062959,0,205,25.33,0.04,4.86,16.763,0.03999999999999948,-4.216158390611824e-05,0.08800000000000097,-0.0004791089080240656,0.031354838709677424,0.0,0.0,0.0
25,4,1063004,0,205,25.22,0.04,4.86,16.808,0.03999999999999948,-4.38568544889879e-05,0.08899999999999864,-0.0004927736459436918,0.031354838709677424,-0.0072490032620516525,0.0,0.0
25,4,1063048,0,205,25.11,0.04,4.76,16.852,0.03999999999999948,-4.573165900989107e-05,0.08699999999999974,-0.0005256512529872552,0.030709677419354837,-0.007415647015202173,0.0,0.0
25,4,1063091,0,205,25.11,0.04,4.76,16.895,0.03999999999999948,-4.710972241468969e-05,0.08599999999999852,-0.0005477874699382617,0.030709677419354837,0.0,0.0,0.0
25,4,1063134,0,205,25.0,0.04,4.76,16.938,0.03999999999999948,-4.749731748373431e-05,0.08600000000000207,-0.0005522943893457345,0.030709677419354837,0.0,0.0,0.0
25,4,1063177,0,205,24.89,0.04,4.76,16.981,0.03999999999999948,-4.6715030551086836e-05,0.08600000000000207,-0.0005431980296637873,0.030709677419354837,-0.00750187546886699,0.0,0.0
25,4,1063220,0,205,24.89,0.04,4.66,17.024,0.03999999999999948,-4.493569792855112e-05,0.08599999999999852,-0.0005225081154482779,0.03006451612903226,-0.007501875468867301,0.0,0.0
25,4,1063263,0,205,24.78,0.04,4.66,17.067,0.03999999999999948,-4.262490837191102e-05,0.08699999999999974,-0.0004899414755392085,0.03006451612903226,0.0,0.0,0.0
25,4,1063307,0,205,24.78,0.04,4.66,17.111,0.03999999999999948,-4.0383916008503996e-05,0.08699999999999974,-0.0004641829426264841,0.03006451612903226,0.0,0.0,0.0
25,4,1063350,0,205,24.56,0.04,4.66,17.154,0.03999999999999948,-3.875136585929528e-05,0.08800000000000097,-0.0004403564302192597,0.03006451612903226,0.0,0.0,0.0
25,4,1063395,0,205,24.45,0.04,4.66,17.199,0.03999999999999948,-3.8065621744785006e-05,0.08800000000000097,-0.0004325638834634612,0.03006451612903226,-0.007331378299120188,0.0,0.0
25,4,1063438,0,205,24.45,0.04,4.56,17.242,0.03999999999999948,-3.8437558000610214e-05,0.08599999999999852,-0.0004469483488443125,0.029419354838709676,-0.007501875468867381,0.0,0.0
25,4,1063481,0,205,24.45,0.04,4.56,17.285,0.03999999999999948,-3.977895753715366e-05,0.08699999999999974,-0.00045722939697877903,0.029419354838709676,0.0,0.0,0.0
25,4,1063525,0,205,24.34,0.04,4.56,17.329,0.03999999999999948,-4.180475559126151e-05,0.08699999999999974,-0.00048051443208346707,0.029419354838709676,0.0,0.0,0.0
25,4,1063568,0,205,24.23,0.04,4.56,17.372,0.03999999999999948,-4.4013786660069164e-05,0.08599999999999852,-0.0005117882169775572,0.029419354838709676,0.0,0.0,0.0
25,4,1063611,0,205,24.12,0.04,4.56,17.415,0.03999999999999948,-4.573677967725942e-05,0.08599999999999852,-0.0005318230195030257,0.029419354838709676,-0.007501875468867341,0.0,0.0
25,4,1063654,0,205,24.12,0.04,4.46,17.458,0.03999999999999948,-4.6307141901386294e-05,0.08600000000000207,-0.0005384551383881997,0.028774193548387096,-0.007501875468867031,0.0,0.0
25,4,1063697,0,205,24.01,0.04,4.46,17.501,0.03999999999999948,-4.529710212114235e-05,0.08600000000000207,-0.0005267104897807123,0.028774193548387096,0.0,0.0,0.0
25,4,1063740,0,205,23.9,0.04,4.46,17.544,0.03999999999999948,-4.270283696531152e-05,0.08899999999999864,-0.00047980715691361996,0.028774193548387096,0.0,0.0,0.0
25,4,1063786,0,205,23.9,0.04,4.46,17.59,0.03999999999999948,-3.9005488739793926e-05,0.08899999999999864,-0.00043826391842465755,0.028774193548387096,-0.006524102935846421,0.0,0.0
25,4,1063829,0,205,23.9,0.04,4.37,17.633,0.03999999999999948,-3.5096385654661333e-05,0.08599999999999852,-0.0004080975076123481,0.028193548387096774,-0.006751687921980611,0.0,0.0
25,4,1063872,0,205,23.68,0.04,4.37,17.676,0.03999999999999948,-3.2067722835762427e-05,0.08600000000000207,-0.0003728804980902518,0.028193548387096774,0.0,0.0,0.0
25,4,1063915,0,205,23.68,0.04,4.37,17.719,0.03999999999999948,-3.08850870884978e-05,0.0870000000000033,-0.0003550010010172026,0.028193548387096774,0.0,0.0,0.0
25,4,1063959,0,205,23.68,0.04,4.37,17.763,0.03999999999999948,-3.2031441374202885e-05,0.08699999999999974,-0.00036817748705980435,0.028193548387096774,0.0,0.0,0.0
25,4,1064002,0,205,23.57,0.04,4.37,17.806,0.03999999999999948,-3.528385614868412e-05,0.08599999999999852,-0.0004102773970777294,0.028193548387096774,0.0,0.0,0.0
25,4,1064045,0,205,23.46,0.04,4.37,17.849,0.03999999999999948,-3.975302725575514e-05,0.08599999999999852,-0.0004622445029739049,0.028193548387096774,-0.007501875468867381,0.0,0.0
25,4,1064088,0,205,23.35,0.04,4.27,17.892,0.03999999999999948,-4.417821724097859e-05,0.08599999999999852,-0.0005137002004765041,0.02754838709677419,-0.007501875468867381,0.0,0.0
25,4,1064131,0,205,23.24,0.04,4.27,17.935,0.03999999999999948,-4.7333810594812676e-05,0.08900000000000219,-0.0005318405684810282,0.02754838709677419,0.0,0.0,0.0
25,4,1064177,0,205,23.24,0.04,4.27,17.981,0.03999999999999948,-4.837745730965981e-05,0.08900000000000219,-0.0005435669360635799,0.02754838709677419,0.0,0.0,0.0
25,4,1064220,0,205,23.24,0.04,4.27,18.024,0.03999999999999948,-4.705070278995471e-05,0.08599999999999852,-0.0005471011952320409,0.02754838709677419,-0.007501875468867301,0.0,0.0
25,4,1064263,0,205,23.13,0.04,4.17,18.067,0.03999999999999948,-4.37222930730945e-05,0.08599999999999852,-0.0005083987566638983,0.026903225806451613,-0.007501875468867301,0.0,0.0
25,4,1064306,0,205,23.02,0.04,4.17,18.11,0.03999999999999948,-3.927615876320267e-05,0.08599999999999852,-0.0004566995205023645,0.026903225806451613,0.0,0.0,0.0
25,4,1064349,0,205,22.91,0.04,4.17,18.153,0.03999999999999948,-3.4851337424822935e-05,0.08600000000000207,-0.00040524810959095456,0.026903225806451613,0.0,0.0,0.0
25,4,1064392,0,205,22.91,0.04,4.17,18.196,0.03999999999999948,-3.150246829994696e-05,0.08699999999999974,-0.00036209733678100063,0.026903225806451613,0.0,0.0,0.0
25,4,1064436,0,205,22.8,0.04,4.17,18.24,0.03999999999999948,-2.990925834398084e-05,0.08699999999999974,-0.0003437845786664474,0.026903225806451613,-0.007415647015202093,0.0,0.0
25,4,1064479,0,205,22.8,0.04,4.07,18.283,0.03999999999999948,-3.0236062191391966e-05,0.08600000000000207,-0.00035158211850454924,0.026258064516129033,0.0,0.0,0.0
25,4,1064522,0,205,22.58,0.04,4.17,18.326,0.03999999999999948,-3.215438841236295e-05,0.08899999999999864,-0.00036128526306026344,0.026903225806451613,0.0,0.0,0.0
25,4,1064568,0,205,22.58,0.04,4.07,18.372,0.03999999999999948,-3.498146869433949e-05,0.08899999999999864,-0.0003930502100487644,0.026258064516129033,-0.007249003262051574,0.0,0.0
25,4,1064611,0,205,22.58,0.04,4.07,18.415,0.03999999999999948,-3.7881543942945406e-05,0.08599999999999852,-0.0004404830691040239,0.026258064516129033,0.0,0.0,0.0
25,4,1064654,0,205,22.47,0.04,4.07,18.458,0.03999999999999948,-4.008563448150504e-05,0.08600000000000207,-0.00046611202885469855,0.026258064516129033,0.0,0.0,0.0
25,4,1064697,0,205,22.36,0.04,4.07,18.501,0.03999999999999948,-4.108716676872781e-05,0.0870000000000033,-0.0004722662846980029,0.026258064516129033,-0.00741564701520179,0.0,0.0
25,4,1064741,0,205,22.36,0.04,3.97,18.545,0.03999999999999948,-4.0761881364590914e-05,0.08699999999999974,-0.0004685273720067935,0.025612903225806453,-0.007415647015202093,0.0,0.0
25,4,1064784,0,205,22.25,0.04,3.97,18.588,0.03999999999999948,-3.935266522367265e-05,0.08599999999999852,-0.00045758913050782937,0.025612903225806453,0.0,0.0,0.0
25,4,1064827,0,205,22.25,0.04,3.97,18.631,0.03999999999999948,-3.72986671962594e-05,0.08599999999999852,-0.0004337054325146517,0.025612903225806453,0.0,0.0,0.0
25,4,1064870,0,205,22.14,0.04,3.97,18.674,0.03999999999999948,-3.4989962429891276e-05,0.08599999999999852,-0.0004068600282545567,0.025612903225806453,0.0,0.0,0.0
25,4,1064913,0,205,22.03,0.04,3.97,18.717,0.03999999999999948,-3.260972323499667e-05,0.08999999999999986,-0.0003623302581666302,0.025612903225806453,0.0,0.0,0.0
25,4,1064960,0,205,22.03,0.04,3.97,18.764,0.03999999999999948,-3.018092150171059e-05,0.08999999999999986,-0.00033534357224122933,0.025612903225806453,-0.007168458781362013,0.0,0.0
25,4,1065003,0,205,21.92,0.04,3.87,18.807,0.03999999999999948,-2.7775854300353675e-05,0.08600000000000207,-0.00032297505000410473,0.024967741935483873,-0.007501875468867031,0.0,0.0
25,4,1065046,0,205,21.92,0.04,3.87,18.85,0.03999999999999948,-2.5705319355789235e-05,0.08600000000000207,-0.0002988990622766118,0.024967741935483873,0.0,0.0,0.0
25,4,1065089,0,205,21.81,0.04,3.87,18.893,0.03999999999999948,-2.4509378516477387e-05,0.08599999999999852,-0.0002849927734474164,0.024967741935483873,0.0,0.0,0.0
25,4,1065132,0,205,21.7,0.04,3.87,18.936,0.03999999999999948,-2.4726584703432586e-05,0.08599999999999852,-0.0002875184267841048,0.024967741935483873,0.0,0.0,0.0
25,4,1065175,0,205,21.7,0.04,3.87,18.979,0.03999999999999948,-2.6590660042141946e-05,0.08699999999999974,-0.0003056397705993336,0.024967741935483873,0.0,0.0,0.0
25,4,1065219,0,205,21.59,0.04,3.87,19.023,0.03999999999999948,-2.9854647776629495e-05,0.08699999999999974,-0.00034315687099574233,0.024967741935483873,0.0,0.0,0.0
25,4,1065262,0,205,21.59,0.04,3.87,19.066,0.03999999999999948,-3.384959142145893e-05,0.08600000000000207,-0.00039359990024951297,0.024967741935483873,-0.007501875468867071,0.0,0.0
25,4,1065305,0,205,21.48,0.04,3.77,19.109,0.03999999999999948,-3.772789731415571e-05,0.08800000000000097,-0.0004287261058426738,0.02432258064516129,-0.007331378299120188,0.0,0.0
25,4,1065350,0,205,21.37,0.04,3.77,19.154,0.03999999999999948,-4.0731977678916565e-05,0.08899999999999864,-0.00045766267054963135,0.02432258064516129,0.0,0.0,0.0
25,4,1065394,0,205,21.26,0.04,3.77,19.198,0.03999999999999948,-4.234752627160132e-05,0.08699999999999974,-0.0004867531755356488,0.02432258064516129,0.0,0.0,0.0
25,4,1065437,0,205,21.26,0.04,3.77,19.241,0.03999999999999948,-4.232726169631862e-05,0.08599999999999852,-0.0004921774615851087,0.02432258064516129,0.0,0.0,0.0
25,4,1065480,0,205,21.15,0.04,3.77,19.284,0.03999999999999948,-4.067465666724513e-05,0.08600000000000207,-0.0004729611240377226,0.02432258064516129,-0.007501875468867031,0.0,0.0
25,4,1065523,0,205,21.15,0.04,3.67,19.327,0.03999999999999948,-3.765170222328651e-05,0.08600000000000207,-0.0004378104909684372,0.02367741935483871,-0.007501875468867031,0.0,0.0
25,4,1065566,0,205,21.04,0.04,3.67,19.37,0.03999999999999948,-3.377099352367541e-05,0.08599999999999852,-0.00039268597120553476,0.02367741935483871,0.0,0.0,0.0
25,4,1065609,0,205,21.04,0.04,3.67,19.413,0.03999999999999948,-2.9695910872570064e-05,0.08699999999999974,-0.0003413323088801167,0.02367741935483871,0.0,0.0,0.0
25,4,1065653,0,205,20.82,0.04,3.67,19.457,0.03999999999999948,-2.6056260726188275e-05,0.08699999999999974,-0.0002994972497263029,0.02367741935483871,0.0,0.0,0.0
25,4,1065696,0,205,20.93,0.04,3.67,19.5,0.03999999999999948,-2.3287978068962544e-05,0.08800000000000097,-0.000264636114420026,0.02367741935483871,0.0,0.0,0.0
25,4,1065741,0,205,20.82,0.04,3.67,19.545,0.03999999999999948,-2.1602526429063574e-05,0.08800000000000097,-0.0002454832548757197,0.02367741935483871,-0.007331378299120149,0.0,0.0
25,4,1065784,0,205,20.71,0.04,3.57,19.588,0.03999999999999948,-2.1086257632007664e-05,0.08699999999999974,-0.00024237077737939916,0.02303225806451613,0.0,0.0,0.0
25,4,1065828,0,205,20.71,0.04,3.67,19.632,0.03999999999999948,-2.1828552971960846e-05,0.08699999999999974,-0.00025090290772368865,0.02367741935483871,0.0,0.0,0.0
25,4,1065871,0,205,20.6,0.04,3.57,19.675,0.03999999999999948,-2.396390861064823e-05,0.08599999999999852,-0.0002786501001238214,0.02303225806451613,-0.007501875468867341,0.0,0.0
25,4,1065914,0,205,20.6,0.04,3.57,19.718,0.03999999999999948,-2.757613762066846e-05,0.08599999999999852,-0.00032065276303103413,0.02303225806451613,0.0,0.0,0.0
25,4,1065957,0,205,20.49,0.04,3.57,19.761,0.03999999999999948,-3.2498436606973604e-05,0.08599999999999852,-0.0003778887977555135,0.02303225806451613,0.0,0.0,0.0
25,4,1066000,0,205,20.38,0.04,3.57,19.804,0.03999999999999948,-3.8121743374266884e-05,0.08600000000000207,-0.0004432760857472786,0.02303225806451613,0.0,0.0,0.0
25,4,1066043,0,205,20.38,0.04,3.57,19.847,0.03999999999999948,-4.3365714132391984e-05,0.08699999999999974,-0.000498456484280369,0.02303225806451613,0.0,0.0,0.0
25,4,1066087,0,205,20.27,0.04,3.57,19.891,0.03999999999999948,-4.6916950827441185e-05,0.08899999999999864,-0.0005271567508701337,0.02303225806451613,-0.007249003262051574,0.0,0.0
25,4,1066132,0,205,20.27,0.04,3.47,19.936,0.03999999999999948,-4.768704167713045e-05,0.08800000000000097,-0.0005418982008764764,0.022387096774193548,-0.007331378299120149,0.0,0.0
25,4,1066175,0,205,20.16,0.04,3.47,19.979,0.03999999999999948,-4.527860247147153e-05,0.08599999999999852,-0.0005264953775752594,0.022387096774193548,-0.007501875468867341,0.0,0.0
25,4,1066218,0,205,20.16,0.04,3.37,20.022,0.03999999999999948,-4.0203081805976206e-05,0.08699999999999974,-0.0004621043885744405,0.021741935483870968,0.0,0.0,0.0
25,4,1066262,0,205,20.05,0.04,3.47,20.066,0.03999999999999948,-3.372317469690556e-05,0.0870000000000033,-0.00038762269766556644,0.022387096774193548,0.0,0.0,0.0
25,4,1066305,0,205,20.05,0.04,3.37,20.109,0.03999999999999948,-2.740760507073059e-05,0.08600000000000207,-0.00031869308221778986,0.021741935483870968,0.0,0.0,0.0
25,4,1066348,0,205,19.94,0.04,3.47,20.152,0.03999999999999948,-2.2627425525224786e-05,0.08599999999999852,-0.0002631095991305253,0.022387096774193548,0.0,0.0,0.0
25,4,1066391,0,205,19.94,0.04,3.37,20.195,0.03999999999999948,-2.020186025459836e-05,0.08599999999999852,-0.00023490535179765938,0.021741935483870968,-0.007501875468867341,0.0,0.0
25,4,1066434,0,205,19.83,0.04,3.37,20.238,0.03999999999999948,-2.0268808492053037e-05,0.08599999999999852,-0.00023568381967503936,0.021741935483870968,0.0,0.0,0.0
25,4,1066477,0,205,19.72,0.04,3.37,20.281,0.03999999999999948,-2.2338152222110885e-05,0.08900000000000219,-0.0002509904744057341,0.021741935483870968,0.0,0.0,0.0
25,4,1066523,0,205,19.72,0.04,3.37,20.327,0.03999999999999948,-2.5465783938717125e-05,0.08900000000000219,-0.00028613240380580333,0.021741935483870968,0.0,0.0,0.0
25,4,1066566,0,205,19.72,0.04,3.37,20.37,0.03999999999999948,-2.852617515069156e-05,0.08599999999999852,-0.00033169971105455874,0.021741935483870968,0.0,0.0,0.0
25,4,1066609,0,205,19.61,0.04,3.37,20.413,0.03999999999999948,-3.056260320366499e-05,0.08599999999999852,-0.0003553791070193665,0.021741935483870968,-0.007501875468867341,0.0,0.0
25,4,1066652,0,205,19.5,0.04,3.27,20.456,0.03999999999999948,-3.112149935776642e-05,0.08699999999999974,-0.0003577183834226036,0.021096774193548388,-0.007415647015202093,0.0,0.006425358749196752
25,4,1066696,0,205,19.39,0.04,3.27,20.5,0.040559006211179596,-3.040969094660273e-05,0.08699999999999974,-0.00034953667754715885,0.021096774193548388,0.0,0.0,0.002855714999643037
25,4,1066739,0,205,19.39,0.04,3.27,20.543,0.040248447204968424,-2.9158500435101152e-05,0.08599999999999852,-0.0003390523306407169,0.021096774193548388,0.0,0.0,-0.0003421090643696963
25,4,1066782,0,205,19.28,0.04,3.27,20.586,0.0405295848316438,-2.8241515675088367e-05,0.08600000000000207,-0.0003283897171521824,0.021096774193548388,0.0,0.0,-0.003193017934117303
25,4,1066825,0,205,19.28,0.04,3.27,20.629,0.03997384766263433,-2.8249825241167594e-05,0.08600000000000207,-0.00032848634001356875,0.021096774193548388,0.0,0.0,-0.012163877844256326
25,4,1066868,0,205,19.17,0.04,3.27,20.672,0.039483491337037734,-2.9252170122492594e-05,0.08899999999999864,-0.00032867606879205665,0.021096774193548388,0.0,0.0,-0.010284627053711465
25,4,1066914,0,205,19.17,0.04,3.27,20.718,0.03905851585485402,-3.084518585731333e-05,0.08899999999999864,-0.0003465751219922899,0.021096774193548388,-0.007249003262051574,0.0,-0.008815394617466991
25,4,1066957,0,205,19.06,0.04,3.17,20.761,0.03869892121608318,-3.2419256927906036e-05,0.08599999999999852,-0.00037696810381286736,0.020451612903225808,-0.007501875468867341,0.0,-0.0076024236526605286
25,4,1067000,0,205,19.06,0.04,3.17,20.804,0.03840470742072523,-3.3445830067097674e-05,0.08600000000000207,-0.0003889050007801961,0.020451612903225808,0.0,0.0,-0.006081938922128123
25,4,1067043,0,205,18.95,0.04,3.17,20.847,0.03817587446878015,-3.361695182759572e-05,0.08600000000000207,-0.0003908947886929641,0.020451612903225808,0.0,0.0,-0.004561454191596113
25,4,1067086,0,205,18.95,0.04,3.17,20.89,0.038012422360247954,-3.2818104654588784e-05,0.08599999999999852,-0.00038160586807662033,0.020451612903225808,0.0,-0.11627906976744389,-0.0030409694610641466
25,4,1067129,0,205,18.84,0.03,3.17,20.933,0.03791435109512864,-3.1056752033060684e-05,0.08699999999999974,-0.00035697416129954916,0.020451612903225808,0.0,0.0,0.004922350854647748
25,4,1067173,0,205,18.84,0.04,3.17,20.977,0.038440666884602306,-2.8473126151830728e-05,0.08699999999999974,-0.00032727731209000933,0.020451612903225808,-0.006674082313681888,0.0,0.002855714999643037
25,4,1067216,0,205,18.73,0.03,3.08,21.02,0.03816279830009758,-2.5433209925887822e-05,0.08599999999999852,-0.00029573499913823555,0.019870967741935485,-0.006751687921980611,0.0,0.0011783756661624576
25,4,1067259,0,205,18.62,0.04,3.08,21.063,0.038542007191892276,-2.2575096271281847e-05,0.08800000000000097,-0.00025653518490092726,0.019870967741935485,0.0,0.11363636363636241,-0.0001485928259384364
25,4,1067304,0,205,18.62,0.04,3.08,21.108,0.038149722131415,-2.067668110215104e-05,0.08900000000000219,-0.00023232225957472508,0.019870967741935485,0.0,0.0,-0.0010651935162771806
25,4,1067348,0,205,18.62,0.04,3.08,21.152,0.038447204968943605,-2.0345101446167746e-05,0.08800000000000097,-0.00023119433461554002,0.019870967741935485,0.0,0.0,-0.0016345210853219328
25,4,1067392,0,205,18.51,0.04,3.08,21.196,0.03800588427590667,-2.168084173073215e-05,0.08699999999999974,-0.00024920507736473805,0.019870967741935485,0.0,0.0,-0.008266543420019245
25,4,1067435,0,205,18.4,0.04,3.08,21.239,0.03772801569140193,-2.4119029369976453e-05,0.08599999999999852,-0.00028045382988345195,0.019870967741935485,0.0,0.0,-0.004561454191596301
25,4,1067478,0,205,18.4,0.04,3.08,21.282,0.037613599215429394,-2.657346449380027e-05,0.08599999999999852,-0.00030899377318372936,0.019870967741935485,0.0,0.0,-0.0007602423652660367
25,4,1067521,0,205,18.29,0.04,3.08,21.325,0.037662634847989054,-2.7859799576938292e-05,0.08599999999999852,-0.00032395115787138106,0.019870967741935485,-0.007501875468867381,0.0,0.0030409694610641466
25,4,1067564,0,205,18.29,0.04,2.98,21.368,0.037875122589080906,-2.7220975571533578e-05,0.08699999999999974,-0.00031288477668429493,0.0192258064516129,-0.007415647015202133,-0.11494252873563254,0.0028181398022793336
25,4,1067608,0,205,18.29,0.03,2.98,21.412,0.037907813010787356,-2.4695857525237396e-05,0.08699999999999974,-0.0002838604313245686,0.0192258064516129,0.0,0.0,-0.001315131907730329
25,4,1067651,0,205,18.18,0.04,2.98,21.455,0.03776070611310837,-2.113138484627264e-05,0.08800000000000097,-0.00024012937325309554,0.0192258064516129,0.0,0.0,-0.01173883324913048
25,4,1067696,0,205,18.18,0.03,2.98,21.5,0.03687479568486386,-1.7826795317287036e-05,0.08800000000000097,-0.00020257721951462318,0.0192258064516129,0.0,0.0,-0.012296056346399263
25,4,1067739,0,205,18.07,0.04,2.98,21.543,0.03667865315462522,-1.5991603157545332e-05,0.08599999999999852,-0.00018594887392494892,0.0192258064516129,0.0,0.0,-0.0030409694610641466
25,4,1067782,0,205,18.07,0.03,2.98,21.586,0.03661327231121235,-1.627263060055384e-05,0.08699999999999974,-0.0001870417310408493,0.0192258064516129,0.0,0.0,0.0
25,4,1067826,0,205,17.96,0.04,2.98,21.63,0.03667865315462522,-1.854567062887247e-05,0.08699999999999974,-0.00021316862791807497,0.0192258064516129,0.0,0.11494252873563254,0.009431374538294603
25,4,1067869,0,205,17.85,0.04,2.98,21.673,0.03743380189604398,-2.2039837695434717e-05,0.08600000000000207,-0.0002562771825050487,0.0192258064516129,0.0,0.0,0.008970859910138943
25,4,1067912,0,205,17.85,0.04,2.98,21.716,0.03745014710689719,-2.5723097901151793e-05,0.08600000000000207,-0.00029910578954826946,0.0192258064516129,-0.007501875468867031,0.0,0.0022807270957980966
25,4,1067955,0,205,17.73,0.04,2.88,21.759,0.03762994442628262,-2.8758648564565448e-05,0.08599999999999852,-0.0003344028902856505,0.01858064516129032,-0.007501875468867341,0.0,0.006081938922128455
25,4,1067998,0,205,17.73,0.04,2.88,21.802,0.03797319385420023,-3.079591126340064e-05,0.08699999999999974,-0.00035397599153334173,0.01858064516129032,0.0,-0.11494252873563254,0.016194910063764844
25,4,1068042,0,205,17.73,0.03,2.88,21.846,0.039038901601830156,-3.194597961615431e-05,0.08899999999999864,-0.00035894359119275054,0.01858064516129032,0.0,0.0,0.0058769297449779686
25,4,1068087,0,205,17.62,0.04,2.88,21.891,0.03849624060150326,-3.248756642444306e-05,0.08800000000000097,-0.00036917689118684885,0.01858064516129032,0.0,0.11363636363636241,-0.0041234509197894415
25,4,1068130,0,205,17.62,0.04,2.88,21.934,0.03867603792088868,-3.252378228998731e-05,0.08600000000000207,-0.00037818351499984337,0.01858064516129032,0.0,0.0,-0.00440940571854283
25,4,1068173,0,205,17.51,0.04,2.88,21.977,0.038117031709708565,-3.1833346572899046e-05,0.08699999999999974,-0.00036590053532067977,0.01858064516129032,0.0,0.0,-0.004922350854647828
25,4,1068217,0,205,17.51,0.04,2.88,22.021,0.03824779339653432,-3.0022127989942414e-05,0.08699999999999974,-0.0003450819309188793,0.01858064516129032,-0.007415647015202093,0.0,-0.005861730788740966
25,4,1068260,0,205,17.4,0.04,2.78,22.064,0.0376070611310881,-2.6877612642720816e-05,0.08599999999999852,-0.0003125303795665265,0.01793548387096774,-0.007501875468867341,-0.11627906976744389,-0.0072603145882907515
25,4,1068303,0,205,17.29,0.03,2.78,22.107,0.03762340634194133,-2.268742033410298e-05,0.08599999999999852,-0.0002638072131872485,0.01793548387096774,0.0,0.0,0.0015204847305320733
25,4,1068346,0,205,17.29,0.04,2.78,22.15,0.03773782281791386,-1.8299632241895125e-05,0.08600000000000207,-0.00021278642141738004,0.01793548387096774,0.0,0.11627906976743908,0.010301284049354473
25,4,1068389,0,205,17.18,0.04,2.78,22.193,0.038509316770185834,-1.4869260251414662e-05,0.08699999999999974,-0.00017091103737258283,0.01793548387096774,0.0,0.0,0.008867746577838816
25,4,1068433,0,205,17.18,0.04,2.78,22.237,0.038509316770185834,-1.3424973123777218e-05,0.09499999999999886,-0.00014131550656607767,0.01793548387096774,0.0,-0.10526315789473813,0.0013764388086922586
25,4,1068484,0,205,17.07,0.03,2.78,22.288,0.0386400784570116,-1.4473801942139985e-05,0.09500000000000242,-0.00015235580991725911,0.01793548387096774,0.0,0.0,0.0005161645532595685
25,4,1068528,0,205,17.07,0.04,2.78,22.332,0.038558352402745494,-1.7819415246742133e-05,0.08699999999999974,-0.0002048208649050826,0.01793548387096774,0.0,0.11494252873563254,-0.0043211476968281785
25,4,1068571,0,205,17.07,0.04,2.78,22.375,0.038264138607387546,-2.2661903895895285e-05,0.08599999999999852,-0.00026351051041739157,0.01793548387096774,0.0,0.0,-0.005321696556862337
25,4,1068614,0,205,16.96,0.04,2.78,22.418,0.03810068649885534,-2.792518463941418e-05,0.08599999999999852,-0.0003247114492955193,0.01793548387096774,-0.007501875468867341,0.0,-0.0022807270957982714
25,4,1068657,0,205,16.96,0.04,2.68,22.461,0.0380679960771489,-3.265141870684918e-05,0.08600000000000207,-0.00037966765938195803,0.01729032258064516,-0.007501875468867031,0.0,0.007260314588290532
25,4,1068700,0,205,16.85,0.04,2.68,22.504,0.03872507355344834,-3.6259669833652364e-05,0.08600000000000207,-0.00042162406783315684,0.01729032258064516,0.0,0.0,0.006690132814341088
25,4,1068743,0,205,16.85,0.04,2.68,22.547,0.038643347499182246,-3.8545339140799493e-05,0.08699999999999974,-0.0004430498751816047,0.01729032258064516,0.0,0.0,-0.01037075447238782
25,4,1068787,0,205,16.74,0.04,2.68,22.591,0.037822817914350604,-3.947450202057245e-05,0.08699999999999974,-0.00045372990828244334,0.01729032258064516,0.0,-0.11494252873563254,-0.010934382432843686
25,4,1068830,0,205,16.74,0.03,2.68,22.634,0.03769205622752485,-3.897091838207256e-05,0.08799999999999741,-0.00044285134525083754,0.01729032258064516,0.0,0.0,0.004866415049481504
25,4,1068875,0,205,16.63,0.04,2.68,22.679,0.038251062438704964,-3.687878093492758e-05,0.08800000000000097,-0.0004190770560787179,0.01729032258064516,-0.007331378299120149,0.11363636363636241,0.01066153526107733
25,4,1068918,0,205,16.63,0.04,2.58,22.722,0.03863027133049966,-3.312385718032429e-05,0.08699999999999974,-0.00038073399057844123,0.01664516129032258,-0.007415647015202093,-0.11494252873563254,-0.0033441925653714174
25,4,1068962,0,205,16.52,0.03,2.58,22.766,0.03796011768551765,-2.7928396117049116e-05,0.08699999999999974,-0.00032101604732240454,0.01664516129032258,0.0,0.0,-0.017096714800494277
25,4,1069005,0,205,16.52,0.04,2.58,22.809,0.037142857142856665,-2.190069960011032e-05,0.08600000000000207,-0.00025465929767569525,0.01664516129032258,0.0,0.11627906976743908,-0.01672533203585236
25,4,1069048,0,205,16.52,0.04,2.58,22.852,0.036521739130434314,-1.5933979111477203e-05,0.08599999999999852,-0.0001852788268776451,0.01664516129032258,0.0,0.0,-0.005663805621232114
25,4,1069091,0,205,16.41,0.04,2.58,22.895,0.03665576985943071,-1.0991501432713324e-05,0.08599999999999852,-0.00012780815619434317,0.01664516129032258,0.0,-0.11627906976744389,-0.0047135026646495885
25,4,1069134,0,205,16.41,0.03,2.58,22.938,0.036116377901274456,-7.900980101271493e-06,0.08600000000000207,-9.187186164268956e-05,0.01664516129032258,0.0,0.0,-0.00988315074845823
25,4,1069177,0,205,16.3,0.04,2.58,22.981,0.035805818895063284,-7.219517138302045e-06,0.08699999999999974,-8.298295561266743e-05,0.01664516129032258,-0.007415647015202093,0.11494252873563254,0.001916335065549899
25,4,1069221,0,205,16.3,0.04,2.48,23.025,0.0362830990519773,-9.146363848134608e-06,0.08899999999999864,-0.00010276813312510953,0.016,0.0,0.0,0.0035261578469868125
25,4,1069266,0,205,16.19,0.04,2.58,23.07,0.036119646943445105,-1.3445981331250856e-05,0.08800000000000097,-0.00015279524240057623,0.01664516129032258,0.007331378299120149,-0.11363636363636241,-0.010995869119438536
25,4,1069309,0,205,16.19,0.03,2.58,23.113,0.035315462569466695,-1.941402727475028e-05,0.08599999999999852,-0.00022574450319477456,0.01664516129032258,0.0,-0.11627906976744389,-0.003040969461064308
25,4,1069352,0,205,16.08,0.03,2.58,23.156,0.03585812356979358,-2.5977226308486757e-05,0.08699999999999974,-0.00029858880814352684,0.01664516129032258,-0.007415647015202093,0.0,0.011535585590663176
25,4,1069396,0,205,16.08,0.03,2.48,23.2,0.03631905851585439,-3.1953968772731934e-05,0.08800000000000097,-0.00036311328150831344,0.016,-0.007331378299120149,0.11363636363636241,-0.00033433385836120587
25,4,1069440,0,205,16.08,0.04,2.48,23.244,0.03582870219025779,-3.6360695023570425e-05,0.08699999999999974,-0.0004179390232594314,0.016,0.0,0.11494252873563254,-0.005410828420376288
25,4,1069483,0,205,15.97,0.04,2.48,23.287,0.03584831644328165,-3.860077740510093e-05,0.08599999999999852,-0.00044884624889653015,0.016,0.0,-0.11627906976744389,0.00026608482784305234
25,4,1069526,0,205,15.97,0.03,2.48,23.33,0.035851585485452295,-3.8480726508996366e-05,0.08699999999999974,-0.0004423072012528331,0.016,0.0,0.0,-0.006162332367650671
25,4,1069570,0,205,15.86,0.04,2.48,23.374,0.035312193527296046,-3.6129178344785465e-05,0.0870000000000033,-0.0004152779120090126,0.016,-0.00741564701520181,0.11494252873562785,-0.018637297892406143
25,4,1069613,0,205,15.86,0.04,2.38,23.417,0.0342301405688129,-3.190719625347471e-05,0.08900000000000219,-0.00035850782307274076,0.015354838709677418,-0.007249003262051305,-0.11235955056179502,-0.0143617470642894
25,4,1069659,0,205,15.75,0.03,2.38,23.463,0.03403399803857426,-2.6327841750536153e-05,0.08899999999999864,-0.0002958184466352422,0.015354838709677418,0.0072490032620515935,0.0,0.0055463524468229814
25,4,1069702,0,205,15.64,0.04,2.48,23.506,0.03472376593658014,-1.9977328306959752e-05,0.08599999999999852,-0.0002322945151972104,0.016,0.0,0.11627906976744389,0.009731102275405431
25,4,1069745,0,205,15.64,0.04,2.38,23.549,0.03487087283425911,-1.346890781475185e-05,0.08599999999999852,-0.00015661520714828003,0.015354838709677418,-0.007501875468867361,-0.11627906976744389,0.003611151235013694
25,4,1069788,0,205,15.64,0.03,2.38,23.592,0.03503432494279131,-7.459734982822486e-06,0.08699999999999974,-8.574408026232768e-05,0.015354838709677418,0.0,-0.11494252873563254,0.0
25,4,1069832,0,205,15.53,0.03,2.38,23.636,0.03487087283425911,-2.6859736293620707e-06,0.08699999999999974,-3.08732601076101e-05,0.015354838709677418,0.0,0.0,-0.007515039472744783
25,4,1069875,0,205,15.53,0.03,2.38,23.679,0.034380516508662515,7.583660768251122e-08,0.08600000000000207,8.818210195640627e-07,0.015354838709677418,0.0,0.0,-0.0047135026646493135
25,4,1069918,0,205,15.53,0.03,2.38,23.722,0.03446551160509926,1.6462776278380887e-07,0.08600000000000207,1.9142763114395916e-06,0.015354838709677418,0.0,0.0,-0.0039532602993832275
25,4,1069961,0,205,15.42,0.03,2.38,23.765,0.03404053612291555,-2.734057998026174e-06,0.08699999999999974,-3.142595400030094e-05,0.015354838709677418,0.0,0.11494252873563254,-0.009205923354112303
25,4,1070005,0,205,15.31,0.04,2.38,23.809,0.03366459627329149,-8.371809340629088e-06,0.08899999999999864,-9.406527349021592e-05,0.015354838709677418,0.0,0.1123595505617995,-0.007897124344814216
25,4,1070050,0,205,15.31,0.04,2.38,23.854,0.033337692056227095,-1.5831510823567373e-05,0.08799999999999741,-0.00017990353208599817,0.015354838709677418,0.0,0.0,0.00338048679009779
25,4,1070093,0,205,15.31,0.04,2.38,23.897,0.03396207911082009,-2.3609247490991246e-05,0.08699999999999974,-0.00027137066081599215,0.015354838709677418,0.0,-0.11494252873563254,-0.0015030078945489247
25,4,1070137,0,205,15.2,0.03,2.38,23.941,0.03320693036940134,-2.9918440639353338e-05,0.0870000000000033,-0.00034389012229140467,0.015354838709677418,0.0,0.0,0.0
25,4,1070180,0,205,15.2,0.04,2.38,23.984,0.03396207911082009,-3.317218681330081e-05,0.08600000000000207,-0.00038572310248023267,0.015354838709677418,-0.007501875468867031,0.0,0.01851190159422757
25,4,1070223,0,205,15.2,0.03,2.28,24.027,0.03479895390650495,-3.249718123055434e-05,0.08599999999999852,-0.0003778742003552895,0.014709677419354838,-0.007501875468867341,-0.11627906976744389,0.01030128404935498
25,4,1070266,0,205,15.09,0.03,2.28,24.07,0.0348479895390646,-2.806588459256254e-05,0.08699999999999974,-0.0003225963746271566,0.014709677419354838,0.0,0.0,-0.0015030078945490045
25,4,1070310,0,205,15.09,0.03,2.28,24.114,0.034668192219679185,-2.1080172850892255e-05,0.08699999999999974,-0.00024230083736657835,0.014709677419354838,0.0,0.0,-0.0067635355254702404
25,4,1070353,0,205,14.98,0.03,2.28,24.157,0.03425956194834869,-1.3400111244644908e-05,0.08599999999999852,-0.00015581524703075743,0.014709677419354838,0.0,0.11627906976744389,-0.018663950067281544
25,4,1070396,0,205,14.98,0.04,2.28,24.2,0.033063092513893,-6.976060758526081e-06,0.09600000000000009,-7.266729956797995e-05,0.014709677419354838,0.0,0.0,-0.018252152119428794
25,4,1070449,0,205,14.87,0.03,2.28,24.253,0.032507355344883526,-3.300141161442838e-06,0.09600000000000009,-3.43764704316962e-05,0.014709677419354838,0.0,0.0,-0.004903563255965993
25,4,1070492,0,205,14.87,0.04,2.28,24.296,0.032592350441320264,-3.0410523006949577e-06,0.08599999999999852,-3.536107326389546e-05,0.014709677419354838,0.0,0.0,0.00330705428890728
25,4,1070535,0,205,14.87,0.03,2.28,24.339,0.03279176201372955,-5.936419278893102e-06,0.08699999999999974,-6.823470435509332e-05,0.014709677419354838,0.0,0.0,0.00627505795974194
25,4,1070579,0,205,14.76,0.04,2.28,24.383,0.03313828048381781,-1.0942857355915603e-05,0.08699999999999974,-0.0001257799696082257,0.014709677419354838,0.0,0.0,-0.0067635355254702404
25,4,1070622,0,205,14.76,0.03,2.28,24.426,0.03220333442301364,-1.659172103267359e-05,0.08600000000000207,-0.00019292698875201383,0.014709677419354838,0.0,-0.11627906976743908,-0.003040969461064102
25,4,1070665,0,205,14.76,0.03,2.28,24.469,0.03287675711016629,-2.145329901553339e-05,0.0870000000000033,-0.0002465896438566963,0.014709677419354838,-0.0074156470152017704,0.0,0.0071768626964710015
25,4,1070709,0,205,14.65,0.03,2.18,24.513,0.03282772147760664,-2.4573191713287647e-05,0.08699999999999974,-0.0002824504794630772,0.01406451612903226,0.0,0.0,-0.0030060157890978495
25,4,1070752,0,205,14.65,0.03,2.28,24.556,0.03261523373651478,-2.573920272030561e-05,0.08599999999999852,-0.0002992930548872797,0.014709677419354838,0.0,0.0,-0.006842181287394491
25,4,1070795,0,205,14.54,0.03,2.18,24.599,0.03223929388689072,-2.5488567616111625e-05,0.08899999999999864,-0.00028638840018103387,0.01406451612903226,-0.0072490032620515545,0.1123595505617995,-0.01656559571865676
25,4,1070841,0,205,14.54,0.04,2.18,24.645,0.03114089571755435,-2.4851210697331537e-05,0.08899999999999864,-0.0002792270864868755,0.01406451612903226,0.0,0.0,-0.012892514628045502
25,4,1070884,0,205,14.54,0.03,2.18,24.688,0.03109186008499469,-2.490595352756708e-05,0.08600000000000207,-0.00028960411078565675,0.01406451612903226,0.0,-0.11627906976743908,0.0005701817739495242
25,4,1070927,0,205,14.43,0.03,2.18,24.731,0.03118993135011401,-2.629464539206916e-05,0.08600000000000207,-0.000305751690605448,0.01406451612903226,0.0,0.0,0.003991272417646588
25,4,1070970,0,205,14.43,0.03,2.18,24.774,0.031435109512912306,-2.8882967650354808e-05,0.08699999999999974,-0.0003319881339121252,0.01406451612903226,0.0,0.0,0.0009018047367293548
25,4,1071014,0,205,14.43,0.03,2.18,24.818,0.031268388362209465,-3.1731112621815606e-05,0.08699999999999974,-0.0003647254324346632,0.01406451612903226,0.0,0.11494252873563254,0.007853216249018271
25,4,1071057,0,205,14.32,0.04,2.18,24.861,0.03211833932657689,-3.341775684743986e-05,0.08599999999999852,-0.00038857856799349343,0.01406451612903226,-0.007501875468867361,0.0,0.02109672563613294
25,4,1071100,0,205,14.32,0.03,2.08,24.904,0.03308270676691687,-3.259242089866232e-05,0.08599999999999852,-0.0003789816383565451,0.013419354838709678,-0.007501875468867361,-0.11627906976744389,0.019766301496917358
25,4,1071143,0,205,14.21,0.03,2.08,24.947,0.03381824125531176,-2.851248200415535e-05,0.08599999999999852,-0.00033154048842041676,0.013419354838709678,0.0,0.0,0.007944532717030224
25,4,1071186,0,205,14.21,0.03,2.08,24.99,0.033765936580581454,-2.1339246897104758e-05,0.08999999999999986,-0.00023710274330116435,0.013419354838709678,0.0,0.0,0.005956921288729051
25,4,1071233,0,205,14.1,0.03,2.08,25.037,0.03435436417129737,-1.2115581801036779e-05,0.08999999999999986,-0.00013461757556707554,0.013419354838709678,0.0,0.11111111111111131,0.010170353419781198
25,4,1071276,0,205,14.1,0.04,2.08,25.08,0.03468126838836176,-2.5076457986235033e-06,0.08600000000000207,-2.9158672077016778e-05,0.013419354838709678,0.0,0.11627906976743908,0.01399537081512965
25,4,1071319,0,205,14.1,0.04,2.08,25.123,0.03555796606139855,5.5488203948024225e-06,0.08600000000000207,6.452116738142196e-05,0.013419354838709678,0.0,-0.11627906976743908,0.018949808875841998
25,4,1071362,0,205,13.99,0.03,2.08,25.166,0.03631095195168421,1.0201821943424782e-05,0.08599999999999852,0.000118625836551453,0.013419354838709678,0.0,0.0,0.015187185108956445
25,4,1071405,0,205,13.99,0.04,2.08,25.209,0.03686406398076878,1.000827098616064e-05,0.08599999999999852,0.00011637524402512572,0.013419354838709678,0.0,0.11627906976744389,0.009653350215321512
25,4,1071448,0,205,13.99,0.04,2.08,25.252,0.03714114007020185,4.232970569792993e-06,0.08699999999999974,4.8654834135551794e-05,0.013419354838709678,0.0,0.0,0.002321312192692255
25,4,1071492,0,205,13.88,0.04,2.08,25.296,0.03706601814153301,-6.895383184715164e-06,0.08699999999999974,-7.9257277985232e-05,0.013419354838709678,0.0,-0.11494252873563254,-0.0066506201596551765
25,4,1071535,0,205,13.88,0.03,2.08,25.339,0.03656253611631185,-2.2033950436538774e-05,0.08600000000000207,-0.00025620872600625865,0.013419354838709678,0.0,-0.11627906976743908,-0.017575421226104657
25,4,1071578,0,205,13.88,0.03,2.08,25.382,0.03555453191608797,-3.878313801616473e-05,0.08800000000000097,-0.00044071747745641254,0.013419354838709678,0.0,0.11363636363636241,-0.029507871067055394
25,4,1071623,0,205,13.77,0.04,2.08,25.427,0.033965843462410945,-5.404766835434005e-05,0.08799999999999741,-0.000614178049481155,0.013419354838709678,0.0,0.0,-0.04357071862792837
25,4,1071666,0,205,13.77,0.03,2.08,25.47,0.031720308676830386,-6.471442105820335e-05,0.08699999999999974,-0.0007438439202092361,0.013419354838709678,-0.007415647015202113,-0.11494252873563254,-0.06004687335074788
25,4,1071710,0,205,13.77,0.03,1.98,25.514,0.028741765480895895,0.0,0.0,0.0,0.012774193548387096,0.0,0.0,0.0
