MS,MPT,t (ms),PWMi,PWMe,Pressure (Psi),LW raw(V),Displacement (mm),t_rel(s),LW (V),delta d (m),delta t (s),vel (m/s),strain,strain rate (1/s),dv/dt raw,dv/dt
26,2,1124102,0,200,13.77,0.04,2.08,0.0,-0.021522680218332365,0.0,0.0,0.0,0.0,0.0,0.0,0.0
26,2,1124143,255,0,13.66,0.03,2.08,0.041,0.02711650668172404,0.002470641804829647,0.082,0.03012977810767862,0.013419354838709678,0.0,0.0,1.1996696165362781
26,2,1124184,255,0,16.63,0.04,2.08,0.082,0.07685022833764243,0.002900563135013223,0.08299999999999999,0.03494654379534004,0.013419354838709678,0.1546832491255344,0.48192771084337366,1.2052127397720287
26,2,1124226,255,0,32.05,0.07,4.07,0.124,0.1271491640828024,0.003459049361831978,0.083,0.04167529351604793,0.026258064516129033,0.4244073066459385,1.0843373493975903,1.212454998951097
26,2,1124267,255,0,46.15,0.13,7.54,0.165,0.1774839932505835,0.0039697610455601265,0.08199999999999999,0.048411720067806426,0.04864516129032258,0.5381589299763967,1.7073170731707317,1.2216613547751571
26,2,1124308,255,0,55.62,0.21,10.91,0.206,0.22732539517436529,0.004274734264612897,0.08199999999999999,0.052130905666010946,0.07038709677419355,0.47600314712824554,1.951219512195122,1.2031714138651688
26,2,1124349,255,0,62.01,0.29,13.59,0.247,0.27614404918752733,0.0042798050089433845,0.08299999999999999,0.05156391577040223,0.0876774193548387,0.3552273610571318,1.6867469879518073,1.1576534873383593
26,2,1124391,255,0,66.63,0.35,15.48,0.289,0.3234106346234491,0.003974199914112859,0.08600000000000002,0.04621162690828904,0.09987096774193549,0.2535633908477118,1.395348837209302,1.0750207166044534
26,2,1124435,255,0,70.27,0.41,16.97,0.333,0.36859583081551034,0.00342191910522161,0.08500000000000002,0.040257871826136576,0.10948387096774193,0.18823529411764703,1.0588235294117647,1.0324668526310745
26,2,1124476,255,0,72.91,0.44,17.96,0.374,0.41117031709709045,0.0027331299197869614,0.08199999999999996,0.033330852680328815,0.11587096774193549,0.14004720692368236,0.8536585365853663,1.0001090486104018
26,2,1124517,255,0,75.22,0.48,18.75,0.415,0.45060477280156325,0.002028632713519862,0.08300000000000002,0.0244413579942152,0.12096774193548387,0.11581811115429454,0.72289156626506,0.9296289440205312
26,2,1124559,255,0,77.09,0.5,19.45,0.457,0.48832951945079456,0.0014093219136465684,0.08300000000000002,0.016979782092127325,0.12548387096774194,0.09249902837155063,0.4819277108433738,0.8199781801281515
26,2,1124600,255,0,78.64,0.52,19.94,0.498,0.5186629617521998,0.0009378284727347896,0.08200000000000002,0.0114369325943267,0.12864516129032258,0.0778914240755311,0.4878048780487808,0.6451972986549006
26,2,1124641,255,0,80.18,0.54,20.44,0.539,0.5412356979404964,0.0006340221298259863,0.08199999999999996,0.007731977192999836,0.1318709677419355,0.07081038552321002,0.36585365853658586,0.4601774850700392
26,2,1124682,255,0,81.5,0.55,20.84,0.58,0.556397515527943,0.00048177057340775066,0.08299999999999996,0.00580446473985242,0.1344516129032258,0.061406917994558705,0.24096385542168708,0.29385932090571787
26,2,1124724,255,0,82.82,0.56,21.23,0.622,0.565626021575671,0.0004421429603158522,0.08300000000000007,0.005327023618263275,0.13696774193548386,0.05363389040031105,0.2409638554216854,0.18980137614859285
26,2,1124765,255,0,84.03,0.57,21.53,0.663,0.5721510297482763,0.0004680271183600482,0.08499999999999996,0.005506201392471158,0.13890322580645162,0.04554079696394694,0.11764705882352826,0.1390304405515046
26,2,1124809,255,0,85.13,0.57,21.83,0.707,0.5774436090225489,0.000516295429806295,0.08499999999999996,0.006074063880074062,0.14083870967741935,0.04554079696394661,0.11764705882352956,0.10918600849950866
26,2,1124850,255,0,86.12,0.58,22.13,0.748,0.5814318404707345,0.000555425965175548,0.08200000000000007,0.006773487380189604,0.14277419354838708,0.04642014162077123,0.12195121951219512,0.09651647676986512
26,2,1124891,255,0,87.12,0.58,22.42,0.789,0.5853579601176778,0.0005682002000043305,0.08199999999999996,0.006929270731760131,0.1446451612903226,0.03855232100708133,0.12195121951219529,0.0795334040296907
26,2,1124932,255,0,88.0,0.59,22.62,0.83,0.5879535796011691,0.0005503737589868046,0.08299999999999996,0.006631009144419335,0.14593548387096775,0.031092110376991663,0.12048192771084354,0.06349031300094117
26,2,1124974,255,0,88.88,0.59,22.82,0.872,0.5906276560967559,0.0005069183970227371,0.08300000000000007,0.006107450566538997,0.1472258064516129,0.03109211037699162,0.0,0.05545555875020145
26,2,1125015,255,0,89.65,0.59,23.02,0.913,0.5925563909774358,0.0004475517570918157,0.08199999999999996,0.005457948257217267,0.14851612903225805,0.03147128245475986,0.0,0.035520933829802384
26,2,1125056,255,0,90.31,0.59,23.22,0.954,0.5935403726707997,0.00038288805616511115,0.08299999999999996,0.004613109110423028,0.1498064516129032,0.031092110376992,0.0,0.0279247096263441
26,2,1125098,255,0,91.08,0.59,23.42,0.996,0.5948741418764224,0.00032187751335501245,0.08299999999999996,0.003878042329578465,0.1510967741935484,0.030314807617567375,0.12048192771084354,0.030996821545744437
26,2,1125139,255,0,91.63,0.6,23.61,1.037,0.5961131088590965,0.00027056642660065934,0.08499999999999996,0.0031831344305959935,0.1523225806451613,0.022011385199241024,0.11764705882352956,0.029767513412687036
26,2,1125183,255,0,92.29,0.6,23.71,1.081,0.5974043805165008,0.0002318441655667023,0.08500000000000019,0.0027275784184317858,0.15296774193548388,0.015180265654648832,0.0,0.03311347422263981
26,2,1125224,255,0,92.84,0.6,23.81,1.122,0.5989277541680209,0.0002057894135092937,0.08200000000000007,0.0025096269940157747,0.15361290322580645,0.015735641227379908,0.0,0.031574163404268746
26,2,1125265,255,0,93.39,0.6,23.91,1.163,0.5999934619156508,0.00019034462147197217,0.08199999999999985,0.0023212758716094207,0.15425806451612903,0.015735641227380286,0.0,0.029820043215143085
26,2,1125306,255,0,93.83,0.6,24.01,1.204,0.6013729977116626,0.00018215661525352545,0.08299999999999996,0.002194658015102717,0.15490322580645163,0.015546055188495831,0.0,0.029106291133806795
26,2,1125348,255,0,94.27,0.6,24.11,1.246,0.6024092840797568,0.0001774530813090429,0.08299999999999996,0.002137988931434253,0.15554838709677418,0.015546055188495831,0.0,0.030524188942759357
26,2,1125389,255,0,94.6,0.6,24.21,1.287,0.6039065053939117,0.00017282681197938033,0.08200000000000007,0.0021076440485290264,0.1561935483870968,0.007867820613690292,0.0,0.03452427463143464
26,2,1125430,255,0,94.93,0.6,24.21,1.328,0.6052402745995344,0.0001658247498655747,0.08300000000000018,0.001997888552597281,0.1561935483870968,0.01554605518849579,0.1204819277108432,0.029381993485546452
26,2,1125472,255,0,95.26,0.61,24.41,1.37,0.606345210853212,0.0001552728425654486,0.08499999999999996,0.001826739324299396,0.15748387096774194,0.022770398481973306,0.11764705882352956,0.022537161317615084
26,2,1125515,255,0,95.48,0.61,24.51,1.413,0.6071559333115317,0.00014128956349444266,0.08499999999999996,0.0016622301587581496,0.15812903225806452,0.0,0.0,0.014845297386689722
26,2,1125557,255,0,95.7,0.61,24.41,1.455,0.6076070611310807,0.00012499177375023863,0.08299999999999996,0.0015059249849426347,0.15748387096774194,0.007773027594247916,0.0,0.016620913204962784
26,2,1125598,255,0,95.82,0.61,24.61,1.496,0.6085354691075436,0.00010799971672224729,0.08199999999999985,0.0013170697161249694,0.1587741935483871,0.01573564122737995,0.0,0.021248774109186817
26,2,1125639,255,0,95.93,0.61,24.61,1.537,0.609349460608034,9.192140112950398e-05,0.08299999999999996,0.001107486760596434,0.1587741935483871,0.0,0.0,0.01784188076267
26,2,1125681,255,0,96.04,0.61,24.61,1.579,0.6100163452108452,7.796621657057657e-05,0.08300000000000018,0.0009393520068744144,0.1587741935483871,0.007773027594247895,0.0,0.013903275737797875
26,2,1125722,255,0,96.15,0.61,24.71,1.62,0.6105034324942712,6.675150883121716e-05,0.08200000000000007,0.0008140427906245988,0.15941935483870967,0.007867820613689954,0.0,0.009288863728781151
26,2,1125763,255,0,96.15,0.61,24.71,1.661,0.6107780320366053,5.829859738534182e-05,0.08299999999999996,0.0007023927395824319,0.15941935483870967,0.0,0.0,0.0036629026731323532
26,2,1125805,255,0,96.26,0.61,24.71,1.703,0.6108074534161412,5.2174252490079455e-05,0.08299999999999996,0.0006286054516877046,0.15941935483870967,0.006995724834823291,0.0,-0.002638865366663791
26,2,1125846,255,0,96.26,0.61,24.8,1.744,0.6105590062111722,4.770749532988106e-05,0.07999999999999985,0.0005963436916235144,0.16,0.007258064516129176,0.0,-0.010093167701863434
26,2,1125885,255,0,96.26,0.61,24.8,1.783,0.6099999999999921,4.420458721657994e-05,0.08000000000000007,0.0005525573402072487,0.16,0.0,0.0,-0.0069875776397512685
26,2,1125926,255,0,96.26,0.61,24.8,1.824,0.6099999999999921,4.1106834209024615e-05,0.08300000000000018,0.0004952630627593316,0.16,0.0,0.0,0.0
26,2,1125968,255,0,96.37,0.61,24.8,1.866,0.6099999999999921,3.807730241672047e-05,0.08299999999999996,0.000458762679719524,0.16,0.007773027594247916,0.0,0.0
26,2,1126009,255,0,96.37,0.61,24.9,1.907,0.6099999999999921,3.5024497073951724e-05,0.08199999999999985,0.00042712801309697303,0.16064516129032258,0.007867820613689975,0.0,0.0
26,2,1126050,255,0,96.37,0.61,24.9,1.948,0.6099999999999921,3.2061846546660886e-05,0.08299999999999996,0.0003862873077910952,0.16064516129032258,-0.007773027594247916,0.0,0.0
26,2,1126092,255,0,96.37,0.61,24.8,1.99,0.6099999999999921,2.9410922015092213e-05,0.09200000000000008,0.0003196839349466542,0.16,0.0,0.0,0.0
26,2,1126142,255,0,96.37,0.61,24.9,2.04,0.6099999999999921,2.7290802321278562e-05,0.09199999999999986,0.0002966391556660718,0.16064516129032258,0.014025245441795169,0.0,0.0
26,2,1126184,255,0,96.37,0.61,25.0,2.082,0.6099999999999921,2.582582424338753e-05,0.08300000000000018,0.00031115450895647555,0.16129032258064516,0.0,0.0,0.0
26,2,1126225,255,0,96.37,0.61,24.9,2.123,0.6099999999999921,2.4958364819788413e-05,0.08400000000000007,0.00029712339071176654,0.16064516129032258,-0.0076804915514592405,0.0,0.0
26,2,1126268,255,0,96.37,0.61,24.9,2.166,0.6099999999999921,2.4377744843484095e-05,0.08499999999999996,0.00028679699815863655,0.16064516129032258,0.0,0.0,0.0
26,2,1126310,255,0,96.37,0.61,24.9,2.208,0.6099999999999921,2.3550696904127478e-05,0.08300000000000018,0.0002837433361943063,0.16064516129032258,0.007773027594247895,0.0,0.0
26,2,1126351,255,0,96.37,0.61,25.0,2.249,0.6099999999999921,2.190790081020566e-05,0.08199999999999985,0.0002671695220756793,0.16129032258064516,0.007867820613689975,0.0,0.0
26,2,1126392,255,0,96.37,0.61,25.0,2.29,0.6099999999999921,1.90983669112903e-05,0.08299999999999974,0.00023010080616012483,0.16129032258064516,0.0,0.0,0.0
26,2,1126434,255,0,96.37,0.61,25.0,2.332,0.6099999999999921,1.5161835288129311e-05,0.08300000000000018,0.00018267271431481058,0.16129032258064516,-0.007773027594247895,0.0,0.0
26,2,1126475,255,0,96.37,0.61,24.9,2.373,0.6099999999999921,1.0579760985674369e-05,0.0820000000000003,0.00012902147543505281,0.16064516129032258,0.0,0.0,0.0
26,2,1126516,255,0,96.37,0.61,25.0,2.414,0.6099999999999921,6.288818943676944e-06,0.08299999999999974,7.576890293586704e-05,0.16129032258064516,0.0077730275942479365,0.0,0.0
26,2,1126558,255,0,96.37,0.61,25.0,2.456,0.6099999999999921,3.7033253411529188e-06,0.08299999999999974,4.461837760425217e-05,0.16129032258064516,0.0,0.0,0.0
26,2,1126599,255,0,96.37,0.61,25.0,2.497,0.6099999999999921,4.649720327567053e-06,0.08400000000000007,5.535381342341725e-05,0.16129032258064516,0.0,0.0,0.0
26,2,1126642,255,0,96.26,0.61,25.0,2.54,0.6099999999999921,1.105293101377569e-05,0.08499999999999996,0.00013003448251500818,0.16129032258064516,0.0,0.0,0.0
26,2,1126684,255,0,96.37,0.61,25.0,2.582,0.6099999999999921,2.4290589171766187e-05,0.08300000000000018,0.0002926577008646522,0.16129032258064516,0.00777302759424823,0.0,0.006735014592531334
26,2,1126725,255,0,96.37,0.61,25.1,2.623,0.6105590062111722,4.425736409370273e-05,0.0820000000000003,0.0005397239523622265,0.16193548387096776,0.00786782061369027,0.0,0.009846992879866711
26,2,1126766,255,0,96.26,0.61,25.1,2.664,0.6108074534161412,6.830553429193386e-05,0.08299999999999974,0.0008229582444811334,0.16193548387096776,0.0,0.0,0.009373879959195168
26,2,1126808,255,0,96.37,0.61,25.1,2.706,0.6113370382477854,9.038448535163823e-05,0.08299999999999974,0.0010889697030317892,0.16193548387096776,0.0,0.0,0.006065451738302284
26,2,1126849,255,0,96.26,0.61,25.1,2.747,0.6113108859104203,0.00010086609502496203,0.08199999999999985,0.0012300743295727099,0.16193548387096776,0.0,0.0,0.00019933183967381094
26,2,1126890,255,0,96.26,0.61,25.1,2.788,0.6113533834586387,8.75607410199386e-05,0.0820000000000003,0.0010678139148772962,0.16193548387096776,0.0,0.0,-0.001116258302171169
26,2,1126931,255,0,96.26,0.61,25.1,2.829,0.6112193527296422,3.815735345503057e-05,0.08300000000000018,0.00045972715006060825,0.16193548387096776,0.0,0.0,-0.00791659609999269
26,2,1126973,255,0,96.26,0.61,25.1,2.871,0.6106963059823393,-5.6216139655873575e-05,0.08499999999999996,-0.0006613663488926305,0.16193548387096776,0.0,0.0,-0.018998903909389964
26,2,1127016,255,0,96.26,0.61,25.1,2.914,0.6096044458973441,-0.00019723458021541162,0.08499999999999996,-0.0023204068260636672,0.16193548387096776,0.0,0.0,-0.02753687287271846
26,2,1127058,0,200,96.37,0.61,25.1,2.956,0.6083556717881582,-0.00037678269012694445,0.08299999999999974,-0.004539550483457176,0.16193548387096776,0.0,0.0,-0.043836673926828044
26,2,1127099,0,200,94.05,0.61,25.1,2.997,0.6059660019614174,-0.0005768682523370039,0.08199999999999985,-0.007034978687036645,0.16193548387096776,-0.03068450039339141,-0.12195121951219545,-0.07279598784873062
26,2,1127140,0,200,88.99,0.6,24.71,3.038,0.6023864007845623,-0.0007726848033942666,0.0820000000000003,-0.00942298540724712,0.15941935483870967,-0.08575924468922076,-0.12195121951219479,-0.10201803554485171
26,2,1127181,0,200,84.58,0.6,24.01,3.079,0.5976005230467395,-0.0009382014148562874,0.08300000000000018,-0.011303631504292594,0.15490322580645163,-0.10027205596579836,-0.1204819277108432,-0.12965887741879298
26,2,1127223,0,200,80.84,0.59,23.42,3.121,0.5916247139588025,-0.0010524339123682686,0.08299999999999974,-0.01267992665503942,0.1510967741935484,-0.09249902837155129,-0.12048192771084386,-0.15774113124613331
26,2,1127264,0,200,77.75,0.59,22.82,3.162,0.5845080091533105,-0.0011041773659260486,0.08199999999999985,-0.01346557763324452,0.1472258064516129,-0.0865460267505904,-0.12195121951219545,-0.18649486919844574
26,2,1127305,0,200,75.22,0.58,22.32,3.203,0.5763321346845299,-0.0010937346980374016,0.08300000000000018,-0.013177526482378302,0.144,-0.07695297318305466,-0.2409638554216864,-0.20839159186599004
26,2,1127347,0,200,73.02,0.57,21.83,3.245,0.5672115070284333,-0.0010315124499049198,0.08499999999999996,-0.012135440587116708,0.14083870967741935,-0.0751423149905124,-0.23529411764705782,-0.22398707766859322
26,2,1127390,0,200,71.04,0.56,21.33,3.288,0.5572932330826995,-0.0009344333845560087,0.08400000000000007,-0.011124206959000094,0.13761290322580644,-0.0683563748079874,-0.23809523809523678,-0.2435047245442764
26,2,1127431,0,200,69.49,0.55,20.94,3.329,0.546757110166714,-0.0008215182609794418,0.08300000000000018,-0.009897810373246264,0.1350967741935484,-0.06140691799455854,-0.3614457831325296,-0.2655013647266365
26,2,1127473,0,200,68.17,0.53,20.54,3.371,0.5352566198103886,-0.0007098431424552381,0.08299999999999974,-0.008552327017533015,0.13251612903225807,-0.04663816556548796,-0.36144578313253156,-0.27530849123856965
26,2,1127514,0,200,66.96,0.52,20.34,3.412,0.5239065053939128,-0.0006116961194871636,0.08199999999999985,-0.007459708774233715,0.13122580645161291,-0.04720692368214019,-0.2439024390243909,-0.2788253773351692
26,2,1127555,0,200,65.97,0.51,19.94,3.453,0.5123929388689048,-0.0005333268046323845,0.08300000000000018,-0.006425624152197389,0.12864516129032258,-0.04663816556548804,-0.2409638554216864,-0.2764506866957823
26,2,1127597,0,200,65.09,0.5,19.74,3.495,0.5009610983981628,-0.00047526396658959766,0.08300000000000018,-0.005726071886621646,0.1273548387096774,-0.03031480761756696,-0.2409638554216864,-0.27152743041469224
26,2,1127638,0,200,64.32,0.49,19.55,3.536,0.4898561621444853,-0.0004338300937575781,0.08099999999999996,-0.005355927083426893,0.12612903225806452,-0.03902827558741515,-0.24691358024691393,-0.2740345226996613
26,2,1127678,0,200,63.66,0.48,19.25,3.576,0.4787643020594903,-0.000403272804989669,0.08499999999999996,-0.004744385941054931,0.12419354838709677,-0.03795066413662234,-0.23529411764705913,-0.24113993423456107
26,2,1127723,0,200,63.0,0.47,19.05,3.621,0.4693592677345476,-0.00037787499580358385,0.08499999999999996,-0.004445588185924517,0.12290322580645162,-0.030360531309297743,-0.2352941176470585,-0.20918023960155926
26,2,1127763,0,200,62.45,0.46,18.85,3.661,0.46098398169335775,-0.0003534911955845423,0.08099999999999996,-0.004364088834377068,0.12161290322580647,-0.03185981680605353,-0.24691358024691323,-0.20219631203612629
26,2,1127804,0,200,62.01,0.45,18.65,3.702,0.4529813664596214,-0.0003281942020979827,0.08199999999999985,-0.004002368318268089,0.12032258064516128,-0.023603461841070095,-0.2439024390243909,-0.188049657547897
26,2,1127845,0,200,61.46,0.44,18.55,3.743,0.4455639097744302,-0.0003020533142936088,0.08300000000000018,-0.003639196557754315,0.11967741935483872,-0.01554605518849579,-0.1204819277108432,-0.16278254567796885
26,2,1127887,0,200,61.13,0.44,18.45,3.785,0.43947041516834995,-0.000276359062579008,0.08300000000000018,-0.003329627259988041,0.11903225806451613,-0.022541780023319063,-0.1204819277108432,-0.150454711950119
26,2,1127928,0,200,60.68,0.43,18.26,3.826,0.4330761686825703,-0.00025271701151534034,0.08199999999999985,-0.003081914774577327,0.11780645161290323,-0.022816679779701095,-0.12195121951219545,-0.15141246541592474
26,2,1127969,0,200,60.35,0.43,18.16,3.867,0.42705459300424414,-0.00023233507547415754,0.08299999999999974,-0.0027992177767970877,0.11716129032258064,-0.015546055188496208,-0.12048192771084386,-0.13288853353918884
26,2,1128011,0,200,60.02,0.42,18.06,3.909,0.4220464203988177,-0.00021564435748663868,0.08300000000000018,-0.002598124788995641,0.11651612903225805,-0.01554605518849579,-0.1204819277108432,-0.1183550809974097
26,2,1128052,0,200,59.8,0.42,17.96,3.95,0.4172311212814591,-0.0002022587981296766,0.08400000000000007,-0.0024078428348771005,0.11587096774193549,-0.015360983102918481,0.0,-0.11177010850106497
26,2,1128095,0,200,59.58,0.42,17.86,3.993,0.4126577312847282,-0.00019121580559369278,0.08499999999999996,-0.002249597712866975,0.1152258064516129,-0.015180265654648872,-0.11764705882352956,-0.09799434648001003
26,2,1128137,0,200,59.25,0.41,17.76,4.035,0.40890160183065827,-0.00018139112305296478,0.08299999999999974,-0.0021854352175056067,0.11458064516129034,-0.015546055188495873,-0.24096385542168705,-0.09133625052678779
26,2,1128178,0,200,59.03,0.4,17.66,4.076,0.40507682249100485,-0.00017192998315218588,0.08199999999999985,-0.0020967071116120266,0.11393548387096775,-0.015735641227380286,-0.12195121951219477,-0.08750667761662767
26,2,1128219,0,200,58.7,0.4,17.56,4.117,0.4017260542660948,-0.00016252501150709975,0.08200000000000074,-0.001982012335452418,0.11329032258064516,-0.01573564122737978,0.0,-0.09396502922204472
26,2,1128260,0,200,58.59,0.4,17.46,4.158,0.3973716900947971,-0.00015343388039357108,0.08300000000000018,-0.0018486009685972377,0.11264516129032259,-0.007773027594247728,-0.1204819277108432,-0.1003950420839928
26,2,1128302,0,200,58.37,0.39,17.46,4.2,0.3933932657731234,-0.00014525201685888688,0.0829999999999993,-0.001750024299504676,0.11264516129032259,-0.0077730275942481455,-0.1204819277108445,-0.0923209017830063
26,2,1128343,0,200,58.15,0.39,17.36,4.241,0.38970905524680766,-0.00013857136196401853,0.08199999999999985,-0.00168989465809779,0.112,-0.01573564122738012,0.0,-0.09408462832585192
26,2,1128384,0,200,58.04,0.39,17.26,4.282,0.38567832625040355,-0.00013368846369678878,0.08300000000000018,-0.001610704381889018,0.11135483870967743,-0.007773027594247895,-0.1204819277108432,-0.08507386853724036
26,2,1128426,0,200,57.82,0.38,17.26,4.324,0.3826479241582167,-0.0001304656415220684,0.08499999999999996,-0.0015348899002596288,0.11135483870967743,-0.007590132827324599,-0.11764705882352956,-0.07768782570236156
26,2,1128469,0,200,57.71,0.38,17.16,4.367,0.3790748610657028,-0.0001283650824159608,0.08400000000000052,-0.001528155743047143,0.11070967741935483,-0.014592933947772644,0.0,-0.0821541431217781
26,2,1128510,0,200,57.38,0.38,17.07,4.408,0.3757469761359873,-0.00012662034731555848,0.08300000000000018,-0.0015255463531994964,0.11012903225806452,-0.006995724834823106,-0.1204819277108432,-0.07447902102033468
26,2,1128552,0,200,57.27,0.37,17.07,4.45,0.372893102321015,-0.00012448108341232356,0.0829999999999993,-0.001499772089305116,0.11012903225806452,-0.0077730275942481455,-0.1204819277108445,-0.06443557820691051
26,2,1128593,0,200,57.16,0.37,16.97,4.491,0.37039882314481376,-0.00012145340724205057,0.08199999999999985,-0.0014811391127079363,0.10948387096774193,-0.01573564122737995,-0.12195121951219545,-0.06884921742319566
26,2,1128634,0,200,57.05,0.36,16.87,4.532,0.367247466492313,-0.00011745796265439523,0.08300000000000018,-0.0014151561765589754,0.10883870967741936,-0.007773027594247728,0.0,-0.07475472337207577
26,2,1128676,0,200,56.83,0.37,16.87,4.574,0.36419418110493146,-0.00011284418048351696,0.08300000000000018,-0.0013595684395604423,0.10883870967741936,-0.007773027594248062,0.0,-0.07002839734222834
26,2,1128717,0,200,56.72,0.36,16.77,4.615,0.361435109512908,-0.00010824798473216646,0.08199999999999985,-0.0013200973747825202,0.10819354838709677,-0.007867820613690143,-0.12195121951219545,-0.07231759143351402
26,2,1128758,0,200,56.5,0.36,16.77,4.656,0.3582641386073833,-0.00010435106061271426,0.08199999999999985,-0.0012725739099111518,0.10819354838709677,-0.007867820613689805,0.0,-0.06673629992265813
26,2,1128799,0,200,56.39,0.36,16.67,4.697,0.35596273291925007,-0.00010164162940814237,0.08499999999999996,-0.0011957838753899107,0.10754838709677421,-0.007590132827324272,-0.11764705882352956,-0.05222775609099387
26,2,1128843,0,200,56.28,0.35,16.67,4.741,0.35382477933964884,-0.00010026001625889692,0.08499999999999996,-0.0011795296030458467,0.10754838709677421,-0.007590132827324599,-0.11764705882352956,-0.056689037170932335
26,2,1128884,0,200,56.17,0.35,16.57,4.782,0.3511441647597208,-9.996389113905124e-05,0.08200000000000074,-0.0012190718431591505,0.10690322580645162,-0.007867820613690058,0.0,-0.06318819317647012
26,2,1128925,0,200,56.06,0.35,16.57,4.823,0.34864334749917825,-0.00010020579803737561,0.08300000000000018,-0.0012072987715346431,0.10690322580645162,-0.007773027594248062,0.0,-0.049390107011897784
26,2,1128967,0,200,55.84,0.35,16.47,4.865,0.3470447858777333,-0.00010029175901427933,0.0829999999999993,-0.0012083344459551829,0.10625806451612903,-0.0077730275942481455,-0.12048192771084383,-0.04702694399697558
26,2,1129008,0,200,55.73,0.34,16.47,4.906,0.3447401111474293,-9.957934245152344e-05,0.08199999999999985,-0.0012143822250185808,0.10625806451612903,-0.007867820613689805,-0.12195121951219477,-0.05601224694822918
26,2,1129049,0,200,55.62,0.34,16.37,4.947,0.3424517816279785,-9.766980450122276e-05,0.08300000000000018,-0.00117674463254485,0.10561290322580646,-0.007773027594247728,0.0,-0.06384478745317848
26,2,1129091,0,200,55.51,0.34,16.37,4.989,0.3394409937888155,-9.45483339608657e-05,0.08300000000000018,-0.0011391365537453675,0.10561290322580646,-0.007773027594248062,0.0,-0.06207241519198644
26,2,1129132,0,200,55.4,0.34,16.27,5.03,0.3372997711670436,-9.062995066396696e-05,0.0810000000000004,-0.0011188882798020556,0.10496774193548387,-0.007964954201513424,0.0,-0.05125535255207204
26,2,1129172,0,200,55.29,0.34,16.27,5.07,0.3352893102320976,-8.668105336302645e-05,0.08499999999999996,-0.0010197770983885468,0.10496774193548387,-0.007590132827324436,-0.11764705882352956,-0.047881852970020074
26,2,1129217,0,200,55.18,0.33,16.17,5.115,0.3332298136645919,-8.3615115831563e-05,0.08499999999999996,-0.0009837072450772121,0.1043225806451613,-0.007590132827324436,-0.11764705882352956,-0.047112666576927795
26,2,1129257,0,200,54.96,0.33,16.17,5.155,0.33128473357305877,-8.220925950423918e-05,0.08099999999999952,-0.0010149291296819712,0.1043225806451613,0.0,0.0,-0.055735151082214114
26,2,1129298,0,200,54.96,0.33,16.17,5.196,0.3287152664269326,-8.284079295672697e-05,0.08300000000000018,-0.00099808184285213,0.1043225806451613,-0.007773027594248062,0.0,-0.06112714998601629
26,2,1129340,0,200,54.74,0.33,16.07,5.238,0.3262111801242194,-8.535583200480801e-05,0.08300000000000018,-0.0010283835181302146,0.1036774193548387,-0.007773027594248062,-0.1204819277108432,-0.05797626596611889
26,2,1129381,0,200,54.63,0.32,16.07,5.279,0.3239032363517447,-8.912316493832506e-05,0.08199999999999985,-0.0010868678651015271,0.1036774193548387,-0.007867820613689975,-0.12195121951219545,-0.04548752581347335
26,2,1129422,0,200,54.52,0.32,15.97,5.32,0.3224812030075146,-9.323061767543984e-05,0.08199999999999985,-0.0011369587521395123,0.10303225806451613,-0.007867820613689975,0.0,-0.04389287109608557
26,2,1129463,0,200,54.41,0.32,15.97,5.361,0.3203040209218657,-9.672676846974859e-05,0.0829999999999993,-0.0011653827526475833,0.10303225806451613,-0.00699572483482318,0.0,-0.05324993993627337
26,2,1129505,0,200,54.3,0.32,15.88,5.403,0.31806145799280394,-9.882941108552856e-05,0.08300000000000018,-0.0011907157962111848,0.10245161290322581,-0.006995724834823106,0.0,-0.0465149253437408
26,2,1129546,0,200,54.08,0.32,15.88,5.444,0.3164432821183352,-9.90728190979251e-05,0.08500000000000085,-0.0011655625776226365,0.10245161290322581,-0.007590132827324519,-0.11764705882352834,-0.039420802646000064
26,2,1129590,0,200,53.97,0.31,15.78,5.488,0.3147106897678939,-9.739655751794452e-05,0.08499999999999996,-0.001145841853152289,0.10180645161290322,-0.007590132827324599,-0.11764705882352956,-0.040189989039093404
26,2,1129631,0,200,53.86,0.31,15.78,5.529,0.3130271330500123,-9.417547447920782e-05,0.08199999999999985,-0.0011484813960879023,0.10180645161290322,-0.007867820613689975,0.0,-0.049474162606941444
26,2,1129672,0,200,53.75,0.31,15.68,5.57,0.3106538084341247,-9.017334408986777e-05,0.08199999999999985,-0.0010996749279252188,0.10116129032258064,-0.007867820613689975,0.0,-0.05788596624115907
26,2,1129713,0,200,53.64,0.31,15.68,5.611,0.30828048381823725,-8.639764496761871e-05,0.0829999999999993,-0.0010409354815375837,0.10116129032258064,-0.007773027594247978,0.0,-0.055613102951196106
26,2,1129755,0,200,53.53,0.31,15.58,5.653,0.3060379208891755,-8.385484752212946e-05,0.08300000000000018,-0.0010102993677364974,0.10051612903225807,-0.007773027594247895,0.0,-0.050886776921349415
26,2,1129796,0,200,53.42,0.31,15.58,5.694,0.30405688133376524,-8.325418409139295e-05,0.08200000000000074,-0.0010152949279438074,0.10051612903225807,0.0,-0.12195121951219413,-0.04772004241781451
26,2,1129837,0,200,53.31,0.3,15.58,5.735,0.30212487741091465,-8.47620413962229e-05,0.08300000000000018,-0.0010212294144123217,0.10051612903225807,-0.007773027594247895,-0.1204819277108432,-0.04852361390642604
26,2,1129879,0,200,53.2,0.3,15.48,5.777,0.30002942137953187,-8.792206997947538e-05,0.08599999999999941,-0.0010223496509241393,0.09987096774193549,-0.007501875468867223,0.0,-0.04911165679618651
26,2,1129923,0,200,53.09,0.3,15.48,5.821,0.29790127492644264,-9.179320072488651e-05,0.08499999999999996,-0.001079920008528077,0.09987096774193549,-0.007590132827324436,-0.11764705882352956,-0.048920254600695455
26,2,1129964,0,200,52.87,0.29,15.38,5.862,0.29587119973847276,-9.525273315650651e-05,0.08199999999999985,-0.0011616186970305692,0.09922580645161291,-0.007867820613689975,-0.12195121951219545,-0.0399062343026168
26,2,1130005,0,200,52.87,0.29,15.38,5.903,0.29462896371362807,-9.734338106642504e-05,0.08300000000000018,-0.0011728118200774076,0.09922580645161291,-0.007773027594248062,0.0,-0.040213157303945334
26,2,1130047,0,200,52.65,0.29,15.28,5.945,0.2925335076822453,-9.754732191647264e-05,0.08300000000000018,-0.0011752689387526797,0.09858064516129032,-0.007773027594248062,0.0,-0.05246221893129811
26,2,1130088,0,200,52.54,0.29,15.28,5.986,0.2902745995423303,-9.591601851504983e-05,0.08199999999999985,-0.0011697075428664635,0.09858064516129032,-0.007867820613689975,0.0,-0.05549398416507808
26,2,1130129,0,200,52.42,0.29,15.18,6.027,0.2879830009807089,-9.303142903142181e-05,0.08300000000000018,-0.0011208605907400194,0.09793548387096775,-0.007773027594247895,0.0,-0.05403766094124681
26,2,1130171,0,200,52.31,0.29,15.18,6.069,0.2857894736842068,-8.981072872591511e-05,0.08300000000000018,-0.0010820569726013845,0.09793548387096775,-0.007773027594248062,0.0,-0.04336404132384273
26,2,1130212,0,200,52.2,0.29,15.08,6.11,0.28438378555082994,-8.720114184557026e-05,0.08199999999999985,-0.0010634285590923223,0.09729032258064516,-0.007867820613690143,-0.12195121951219477,-0.033687080904806356
26,2,1130253,0,200,52.09,0.28,15.08,6.151,0.2830271330500127,-8.585208919836696e-05,0.08499999999999996,-0.0010100245788043176,0.09729032258064516,0.0,-0.11764705882352891,-0.040036151760474946
26,2,1130297,0,200,51.87,0.28,15.08,6.195,0.28098071265118957,-8.58869297163647e-05,0.08499999999999996,-0.0010104344672513497,0.09729032258064516,-0.007590132827324436,0.0,-0.04157452454666015
26,2,1130338,0,200,51.76,0.28,14.98,6.236,0.2794932984635466,-8.688602774079434e-05,0.08199999999999985,-0.0010595857041560304,0.09664516129032258,-0.007867820613689975,0.0,-0.038471045056968335
26,2,1130379,0,200,51.65,0.28,14.98,6.277,0.27782608695651817,-8.810748330833108e-05,0.08300000000000018,-0.001061535943473866,0.09664516129032258,-0.007773027594247895,-0.1204819277108432,-0.051241251373588224
26,2,1130421,0,200,51.54,0.27,14.88,6.319,0.27524027459953876,-8.885081912747773e-05,0.08300000000000018,-0.0010704917967165968,0.096,-0.007773027594247895,-0.1204819277108432,-0.0650657550108897
26,2,1130462,0,200,51.54,0.27,14.88,6.36,0.2724256292906143,-8.879646256758989e-05,0.08199999999999985,-0.001082883689848659,0.096,-0.007867820613690143,0.0,-0.06984587662156336
26,2,1130503,0,200,51.32,0.27,14.78,6.401,0.2695129127165706,-8.817017927546545e-05,0.0829999999999993,-0.001062291316571882,0.09535483870967741,-0.0077730275942481455,0.0,-0.06979208104073654
26,2,1130545,0,200,51.21,0.27,14.78,6.443,0.26663288656423323,-8.76582714408407e-05,0.08300000000000018,-0.0010561237522992832,0.09535483870967741,-0.007773027594247895,0.0,-0.06742891802581308
26,2,1130586,0,200,50.99,0.27,14.68,6.484,0.2639163125204281,-8.809496523709015e-05,0.08200000000000074,-0.0010743288443547483,0.09470967741935483,-0.00786782061368989,-0.12195121951219413,-0.05585278147648993
26,2,1130627,0,200,50.99,0.26,14.68,6.525,0.262052958483161,-9.003783794745602e-05,0.08499999999999996,-0.001059268681734777,0.09470967741935483,0.0,-0.11764705882352956,-0.04249754821837088
26,2,1130671,0,200,50.88,0.26,14.68,6.569,0.26030402092186655,-9.341865396070581e-05,0.08499999999999996,-0.00109904298777301,0.09470967741935483,-0.006831119544591992,0.0,-0.048497202084494546
26,2,1130712,0,200,50.77,0.26,14.59,6.61,0.257930696305979,-9.745868706660943e-05,0.08199999999999985,-0.001188520573983044,0.09412903225806452,-0.007081038552320977,-0.12195121951219545,-0.05708863888246586
26,2,1130753,0,200,50.66,0.25,14.59,6.651,0.25562275253350436,-0.00010093108646533366,0.0829999999999993,-0.0012160371863293314,0.09412903225806452,-0.007773027594247978,-0.1204819277108445,-0.05324993993627337
26,2,1130795,0,200,50.44,0.25,14.49,6.693,0.2535109512912683,-0.00010267229653373455,0.08199999999999985,-0.0012521011772406675,0.09348387096774194,-0.01573564122737995,0.0,-0.04752071057814189
26,2,1130835,0,200,50.33,0.25,14.39,6.733,0.25172605426609673,-0.00010209652832931226,0.0810000000000004,-0.0012604509670285401,0.09283870967741936,-0.007964954201513254,0.0,-0.04265898239963736
26,2,1130876,0,200,50.33,0.25,14.39,6.774,0.2500555737168977,-9.945183087419984e-05,0.08200000000000074,-0.001212827205782914,0.09283870967741936,-0.007867820613690058,0.0,-0.04193941906728556
26,2,1130917,0,200,50.11,0.25,14.29,6.815,0.24828702190257929,-9.569146240977489e-05,0.08300000000000018,-0.001152909185659936,0.09219354838709677,-0.007773027594248062,0.0,-0.04222184586662991
26,2,1130959,0,200,50.0,0.25,14.29,6.857,0.2465511605099674,-9.204043669228134e-05,0.0829999999999993,-0.001108920924003399,0.09219354838709677,0.0,0.0,-0.03985868285170729
26,2,1131000,0,200,49.89,0.25,14.29,6.898,0.2449787512258876,-8.948957395508472e-05,0.08499999999999996,-0.0010528185171186442,0.09219354838709677,-0.007590132827324436,-0.11764705882352956,-0.02695998307789942
26,2,1131044,0,200,49.78,0.24,14.19,6.942,0.24425956194834594,-8.84622332538747e-05,0.08499999999999996,-0.0010407321559279383,0.0915483870967742,-0.007590132827324436,-0.11764705882352956,-0.032767340345748866
26,2,1131085,0,200,49.67,0.24,14.19,6.983,0.24219352729649896,-8.877716278361448e-05,0.08199999999999985,-0.0010826483266294469,0.0915483870967742,-0.007867820613689975,0.0,-0.047799775153684346
26,2,1131126,0,200,49.56,0.24,14.09,7.024,0.24033998038574383,-8.986352895960614e-05,0.08200000000000074,-0.0010958966946293333,0.09090322580645162,-0.00786782061368989,0.0,-0.03460400736730402
26,2,1131167,0,200,49.45,0.24,14.09,7.065,0.23935599869238,-9.107755667552909e-05,0.08300000000000018,-0.001097319959946131,0.09090322580645162,-0.007773027594248062,0.0,-0.0333993706109166
26,2,1131209,0,200,49.23,0.24,13.99,7.107,0.23756783262503775,-9.196514748374796e-05,0.0829999999999993,-0.0011080138251054064,0.09025806451612903,-0.0077730275942481455,0.0,-0.04486071123329518
26,2,1131250,0,200,49.23,0.24,13.99,7.148,0.23563255966001653,-9.23767238761588e-05,0.08199999999999985,-0.0011265454131238898,0.09025806451612903,-0.007867820613689975,-0.12195121951219512,-0.047799775153684346
26,2,1131291,0,200,49.12,0.23,13.89,7.189,0.23364825106243564,-9.242092660803181e-05,0.08200000000000074,-0.001127084470829646,0.08961290322580645,-0.00786782061368989,-0.12195121951219379,-0.047799775153683825
26,2,1131332,0,200,49.01,0.23,13.89,7.23,0.23171297809741442,-9.231742373646412e-05,0.08300000000000018,-0.0011122581173067941,0.08961290322580645,0.0,0.0,-0.04486071123329436
26,2,1131374,0,200,48.79,0.23,13.89,7.272,0.2299248120300722,-9.225362959560712e-05,0.08499999999999996,-0.0010853368187718488,0.08961290322580645,-0.007590132827324599,0.0,-0.03261350306713009
26,2,1131417,0,200,48.79,0.23,13.79,7.315,0.22894083033670837,-9.23282790549198e-05,0.08499999999999996,-0.0010862150477049394,0.08896774193548386,-0.015180265654649035,-0.11764705882352956,-0.022767917235543746
26,2,1131459,0,200,48.57,0.22,13.69,7.357,0.22798953906505098,-9.257214125143953e-05,0.0829999999999993,-0.0011153270030294015,0.08832258064516128,-0.007773027594247978,0.0,-0.03182392860096791
26,2,1131500,0,200,48.57,0.23,13.69,7.398,0.22629944426282805,-9.295940102562383e-05,0.08199999999999985,-0.001133651232019805,0.08832258064516128,0.0,0.12195121951219545,-0.042218483642828805
26,2,1131541,0,200,48.46,0.23,13.69,7.439,0.22452762340633903,-9.336116184123e-05,0.08200000000000074,-0.0011385507541613311,0.08832258064516128,-0.00786782061368989,-0.12195121951219413,-0.043015811001522235
26,2,1131582,0,200,48.35,0.22,13.59,7.48,0.2227721477607032,-9.35018352040906e-05,0.08300000000000018,-0.001126528134989041,0.0876774193548387,-0.007773027594247895,-0.1204819277108432,-0.04092210620842295
26,2,1131624,0,200,48.13,0.22,13.59,7.522,0.22113108859103991,-9.301449078612478e-05,0.0829999999999993,-0.0011206565154954888,0.0876774193548387,-0.007773027594247978,0.0,-0.030248486591019193
26,2,1131665,0,200,48.02,0.22,13.49,7.563,0.22026152337364863,-9.160946930816217e-05,0.08199999999999985,-0.0011171886500995407,0.08703225806451613,-0.007867820613689975,0.0,-0.02120890774125097
26,2,1131706,0,200,47.91,0.22,13.49,7.604,0.21939195815625734,-8.92711168382867e-05,0.08300000000000018,-0.0010755556245576688,0.08703225806451613,-0.007773027594247895,0.0,-0.0302484865910182
26,2,1131748,0,200,47.8,0.22,13.39,7.646,0.2177508989865941,-8.636846892551197e-05,0.08499999999999996,-0.0010160996344177884,0.08638709677419355,-0.007590132827324436,0.0,-0.039959233121165394
26,2,1131791,0,200,47.69,0.22,13.39,7.689,0.21599542334095828,-8.360475513334898e-05,0.08400000000000052,-0.0009952947039684342,0.08638709677419355,-0.0069124423963132795,-0.11904761904761842,-0.04199162502529563
26,2,1131832,0,200,47.58,0.21,13.3,7.73,0.21422360248446926,-8.180164707394155e-05,0.08300000000000018,-0.0009855620129390525,0.08580645161290323,-0.006995724834823106,-0.1204819277108432,-0.041709827213396965
26,2,1131874,0,200,47.47,0.21,13.3,7.772,0.21253350768224633,-8.159308001732767e-05,0.0829999999999993,-0.0009830491568352815,0.08580645161290323,0.0,0.0,-0.04942949306214685
26,2,1131915,0,200,47.36,0.21,13.3,7.813,0.2101209545603111,-8.316275595626444e-05,0.08199999999999985,-0.0010141799506861535,0.08580645161290323,-0.007867820613690143,0.0,-0.042218483642828805
26,2,1131956,0,200,47.25,0.21,13.2,7.854,0.20907159202353437,-8.615643270506901e-05,0.08300000000000018,-0.0010380293096996242,0.08516129032258064,-0.007773027594248062,0.0,-0.024891983757192898
26,2,1131998,0,200,47.14,0.21,13.2,7.896,0.2080549199084641,-8.981569713128223e-05,0.08300000000000018,-0.0010821168329070124,0.08516129032258064,-0.007773027594247895,0.0,-0.03339937061091627
26,2,1132039,0,200,47.03,0.21,13.1,7.937,0.2062994442628283,-9.326377670870834e-05,0.08199999999999985,-0.0011373631305940063,0.08451612903225807,-0.007867820613689975,-0.12195121951219512,-0.043813138360215234
26,2,1132080,0,200,46.92,0.2,13.1,7.978,0.20446224256292644,-9.580896001343931e-05,0.08499999999999996,-0.0011271642354522278,0.08451612903225807,-0.007590132827324436,-0.11764705882352924,-0.04303597869353613
26,2,1132124,0,200,46.81,0.2,13.0,8.022,0.20264138607387774,-9.714744869065583e-05,0.08500000000000085,-0.0011429111610665277,0.08387096774193549,-0.007590132827324356,0.0,-0.03492106224640851
26,2,1132165,0,200,46.7,0.2,13.0,8.063,0.2014939522719817,-9.740775669590995e-05,0.08199999999999896,-0.001187899471901356,0.08387096774193549,-0.00786782061369023,0.0,-0.029182181328188155
26,2,1132206,0,200,46.59,0.2,12.9,8.104,0.20024844720496635,-9.703860006468546e-05,0.08199999999999896,-0.0011833975617644718,0.0832258064516129,-0.00786782061369023,0.0,-0.029979508686881377
26,2,1132247,0,200,46.48,0.2,12.9,8.145,0.19903563255965745,-9.658633995441867e-05,0.08300000000000018,-0.0011636908428243188,0.0832258064516129,-0.007773027594247895,0.0,-0.03812569664076303
26,2,1132289,0,200,46.37,0.2,12.8,8.187,0.197084014383783,-9.644015151073404e-05,0.08200000000000074,-0.0011760994086674778,0.08258064516129032,-0.00786782061368989,0.0,-0.048597102512377366
26,2,1132329,0,200,46.26,0.2,12.8,8.227,0.19505067015364247,-9.66466125621519e-05,0.0810000000000013,-0.001193168056322844,0.08258064516129032,0.0,-0.12345679012345492,-0.043102926398119676
26,2,1132370,0,200,46.15,0.19,12.8,8.268,0.19359267734553526,-9.689518837977573e-05,0.08300000000000018,-0.0011674119081900665,0.08258064516129032,-0.007773027594248062,-0.1204819277108432,-0.037495519836784154
26,2,1132412,0,200,46.04,0.19,12.7,8.31,0.19193854200718938,-9.671450704622053e-05,0.08300000000000018,-0.0011652350246532568,0.08193548387096773,-0.015546055188495958,0.0,-0.04064640385668154
26,2,1132453,0,200,45.93,0.19,12.6,8.351,0.19021902582543068,-9.578960376289026e-05,0.08399999999999963,-0.0011403524257486985,0.08129032258064516,-0.00768049155145928,0.0,-0.04016251809648289
26,2,1132496,0,200,45.82,0.19,12.6,8.394,0.18856489048708483,-9.420061319361394e-05,0.08499999999999908,-0.001108242508160176,0.08129032258064516,-0.007590132827324515,0.0,-0.04722804453589229
26,2,1132538,0,200,45.71,0.19,12.5,8.436,0.18620464203987988,-9.24126622508954e-05,0.08300000000000018,-0.0011134055692878938,0.08064516129032258,-0.007773027594247895,-0.1204819277108432,-0.05746424731288595
26,2,1132579,0,200,45.6,0.18,12.5,8.477,0.18379535796011529,-9.101420334011224e-05,0.08200000000000074,-0.001109929309025749,0.08064516129032258,0.0,-0.12195121951219413,-0.0581650308167009
26,2,1132620,0,200,45.49,0.18,12.5,8.518,0.18143510951291036,-9.037236885627564e-05,0.08199999999999896,-0.0011021020592228876,0.08064516129032258,-0.00786782061369006,0.0,-0.05577304874062148
26,2,1132661,0,200,45.38,0.18,12.4,8.559,0.17922196796338438,-9.042074937943134e-05,0.08300000000000018,-0.001089406619029291,0.08,-0.007773027594247895,0.0,-0.04363974367558447
26,2,1132703,0,200,45.27,0.18,12.4,8.601,0.17781301078783684,-9.069846034740082e-05,0.08300000000000018,-0.0010927525343060315,0.08,-0.007773027594247895,0.0,-0.033556914811911066
26,2,1132744,0,200,45.27,0.18,12.3,8.642,0.17643674403399576,-9.060310861746501e-05,0.08199999999999896,-0.0011049159587495873,0.07935483870967742,-0.00786782061369006,-0.12195121951219644,-0.031574163404268836
26,2,1132785,0,200,45.05,0.17,12.3,8.683,0.17522392938868683,-8.971258302458729e-05,0.08300000000000018,-0.0010808744942721335,0.07935483870967742,-0.007773027594248062,-0.12048192771084287,-0.03655025463081433
26,2,1132827,0,200,44.94,0.17,12.2,8.725,0.17340307289963816,-8.801764993769013e-05,0.08500000000000085,-0.0010355017639728146,0.07870967741935483,-0.007590132827324519,0.0,-0.042266792300443085
26,2,1132870,0,200,44.83,0.17,12.2,8.768,0.17163125204314914,-8.596190231754086e-05,0.08399999999999963,-0.001023355979970729,0.07870967741935483,-0.00768049155145928,0.0,-0.040434938277370235
26,2,1132911,0,200,44.72,0.17,12.1,8.809,0.17000653808433908,-8.426685050211802e-05,0.08300000000000018,-0.0010152632590616606,0.07806451612903226,-0.007773027594247895,0.0,-0.03619578017857619
26,2,1132953,0,200,44.61,0.17,12.1,8.851,0.1686270022883273,-8.360863628836412e-05,0.08300000000000018,-0.001007332967329686,0.07806451612903226,0.0,0.0,-0.022371276541274382
26,2,1132994,0,200,44.61,0.17,12.1,8.892,0.1681497221314133,-8.428925947663224e-05,0.08199999999999896,-0.001027917798495528,0.07806451612903226,-0.007081038552321054,0.0,-0.021049442269512556
26,2,1133035,0,200,44.39,0.17,12.01,8.933,0.1669009480222273,-8.606544054962306e-05,0.08300000000000018,-0.0010369330186701551,0.07748387096774194,-0.006995724834823106,0.0,-0.03146945414872909
26,2,1133077,0,200,44.28,0.17,12.01,8.975,0.16553775743706878,-8.822713176286712e-05,0.08300000000000018,-0.0010629774911188785,0.07748387096774194,-0.007773027594247895,-0.1204819277108432,-0.03304489615867779
26,2,1133118,0,200,44.17,0.16,11.91,9.016,0.16415822164105703,-8.988829620929017e-05,0.08200000000000074,-0.0010961987342596265,0.07683870967741936,-0.00786782061368989,-0.12195121951219413,-0.032650555338504486
26,2,1133159,0,200,44.06,0.16,11.91,9.057,0.16286041189931139,-9.035147386427767e-05,0.08200000000000074,-0.0011018472422472786,0.07683870967741936,-0.007867820613690058,0.0,-0.022644096986899186
26,2,1133200,0,200,44.06,0.16,11.81,9.098,0.16230140568813128,-8.93887375840432e-05,0.08499999999999908,-0.001051632206871108,0.07619354838709677,-0.007590132827324678,0.0,-0.024152452743110744
26,2,1133244,0,200,43.84,0.16,11.81,9.142,0.160807453416147,-8.733044022723923e-05,0.08499999999999908,-0.0010274169438498845,0.07619354838709677,-0.007590132827324515,0.0,-0.03842086033498059
26,2,1133285,0,200,43.84,0.16,11.71,9.183,0.15903563255965797,-8.493178721616169e-05,0.08300000000000018,-0.00102327454477303,0.0755483870967742,-0.007773027594247895,0.0,-0.044860711233295034
26,2,1133327,0,200,43.61,0.16,11.71,9.225,0.1570840143837835,-8.307253018336702e-05,0.08300000000000018,-0.0010008738576309257,0.0755483870967742,0.0,0.0,-0.04801159525319276
26,2,1133368,0,200,43.61,0.16,11.71,9.266,0.15505067015364296,-8.241567889896118e-05,0.08200000000000074,-0.0010050692548653711,0.0755483870967742,-0.007867820613690058,-0.12195121951219413,-0.04939442987107091
26,2,1133409,0,200,43.5,0.15,11.61,9.307,0.15303367113435565,-8.316818863806396e-05,0.08200000000000074,-0.00101424620290321,0.0749032258064516,-0.007867820613690058,-0.12195121951219413,-0.047799775153683825
26,2,1133450,0,200,43.39,0.15,11.61,9.348,0.15113108859104085,-8.50254208195178e-05,0.08300000000000018,-0.0010244026604761159,0.0749032258064516,-0.007773027594247895,0.0,-0.043285269223345996
26,2,1133492,0,200,43.28,0.15,11.51,9.39,0.14944099378881792,-8.728479087148244e-05,0.08299999999999841,-0.0010516239864034231,0.07425806451612903,-0.007773027594248061,0.0,-0.036983501183550996
26,2,1133533,0,200,43.17,0.15,11.51,9.431,0.14806145799280618,-8.9064312896447e-05,0.08199999999999896,-0.0010861501572737577,0.07425806451612903,0.0,0.0,-0.03284988717817833
26,2,1133574,0,200,43.06,0.15,11.51,9.472,0.14674730304020733,-8.95769517443945e-05,0.08500000000000085,-0.001053846491110513,0.07425806451612903,-0.007590132827324356,-0.11764705882352801,-0.03303655558333066
26,2,1133618,0,200,42.95,0.14,11.41,9.516,0.14525335076822304,-8.841980436332442e-05,0.09100000000000108,-0.0009716462017947624,0.07361290322580645,-0.014179369018078442,-0.10989010989010838,-0.03373220437620511
26,2,1133665,0,200,42.84,0.14,11.31,9.563,0.14367767244197263,-8.57868163452249e-05,0.08900000000000041,-0.000963896812867691,0.07296774193548387,-0.0072490032620513905,0.0,-0.035224847658961014
26,2,1133707,0,200,42.73,0.14,11.31,9.605,0.1421183393265755,-8.247392509058926e-05,0.08300000000000018,-0.0009936617480793865,0.07296774193548387,0.0,0.0,-0.03619578017857552
26,2,1133748,0,200,42.62,0.14,11.31,9.646,0.14067342268715086,-7.961917678274233e-05,0.08199999999999896,-0.0009709655705212603,0.07296774193548387,-0.00786782061369006,0.0,-0.025833406421674594
26,2,1133789,0,200,42.51,0.14,11.21,9.687,0.1399999999999982,-7.827441842845672e-05,0.08299999999999841,-0.000943065282270581,0.0723225806451613,-0.007773027594248061,0.0,-0.01622705270247407
26,2,1133831,0,200,42.4,0.14,11.21,9.729,0.13932657731284553,-7.899987247556339e-05,0.08300000000000018,-0.0009518056924766652,0.0723225806451613,0.0,0.0,-0.02552216056117211
26,2,1133872,0,200,42.29,0.14,11.21,9.77,0.13788166067342092,-8.16491566222517e-05,0.08200000000000074,-0.0009957214222225726,0.0723225806451613,-0.007867820613690058,0.0,-0.036637192131972876
26,2,1133913,0,200,42.29,0.14,11.11,9.811,0.13632232755802373,-8.542278209352006e-05,0.08300000000000018,-0.0010291901457050586,0.0716774193548387,-0.007773027594248062,0.0,-0.03777122218852489
26,2,1133955,0,200,42.07,0.14,11.11,9.853,0.13474664923177335,-8.916287112187682e-05,0.08500000000000085,-0.001048974954375011,0.0716774193548387,-0.007590132827324356,-0.11764705882352834,-0.04268984481664399
26,2,1133998,0,200,42.07,0.13,11.01,9.896,0.13269369074860896,-9.176794469520644e-05,0.08399999999999963,-0.0010924755320857956,0.07103225806451613,-0.00768049155145928,-0.11904761904761968,-0.03638755273276332
26,2,1134039,0,200,41.85,0.13,11.01,9.937,0.13169009480222124,-9.256531444699866e-05,0.08299999999999841,-0.0011152447523734993,0.07103225806451613,-0.007773027594248061,0.0,-0.032099630952709665
26,2,1134081,0,200,41.85,0.13,10.91,9.979,0.1300294213795341,-9.150935300891483e-05,0.08200000000000074,-0.0011159677196209026,0.07038709677419355,-0.00786782061368989,0.0,-0.040902893500983716
26,2,1134121,0,200,41.63,0.13,10.91,10.019,0.12833605753514055,-8.914707027471457e-05,0.0810000000000013,-0.0011005811145026316,0.07038709677419355,-0.007964954201513165,0.0,-0.04140786749482273
26,2,1134162,0,200,41.63,0.13,10.81,10.06,0.1266753841124534,-8.637172717206631e-05,0.08200000000000074,-0.0010533137460007993,0.06974193548387098,-0.00786782061368989,-0.12195121951219413,-0.039308238783596634
26,2,1134203,0,200,41.52,0.12,10.81,10.101,0.1251127819548856,-8.405829739785098e-05,0.08300000000000018,-0.0010127505710584431,0.06974193548387098,0.0,-0.1204819277108432,-0.028948746932810913
26,2,1134245,0,200,41.41,0.12,10.81,10.143,0.1242726381170301,-8.272934747700945e-05,0.08299999999999841,-0.0009967391262290487,0.06974193548387098,-0.006995724834823422,0.0,-0.021229081084061678
26,2,1134286,0,200,41.3,0.12,10.72,10.184,0.12335076822490851,-8.239975313113135e-05,0.08499999999999908,-0.0009694088603662617,0.06916129032258064,-0.006831119544592226,0.0,-0.021498759686941225
26,2,1134330,0,200,41.19,0.12,10.72,10.228,0.12244524354364011,-8.266461029147898e-05,0.08500000000000085,-0.0009725248269585665,0.06916129032258064,-0.007590132827324356,0.0,-0.01996038690075559
26,2,1134371,0,200,41.08,0.12,10.62,10.269,0.12165413533834427,-8.296438960311825e-05,0.08200000000000074,-0.0010117608488185062,0.06851612903225807,-0.00786782061368989,0.12195121951219413,-0.016704008164631936
26,2,1134412,0,200,41.08,0.13,10.62,10.31,0.12107551487414028,-8.287408262921047e-05,0.08200000000000074,-0.0010106595442586552,0.06851612903225807,-0.007867820613690058,0.0,-0.02132850684505489
26,2,1134453,0,200,40.97,0.12,10.52,10.351,0.11990519777704975,-8.22732057016644e-05,0.08300000000000018,-0.0009912434421887255,0.06787096774193548,-0.007773027594248062,-0.1204819277108432,-0.027806551475597754
26,2,1134495,0,200,40.75,0.12,10.52,10.393,0.11876757110166566,-8.134151228781227e-05,0.08299999999999841,-0.0009800182203351065,0.06787096774193548,0.0,0.0,-0.02623110946564962
26,2,1134536,0,200,40.64,0.12,10.52,10.434,0.11772801569140087,-8.042956653270039e-05,0.08199999999999896,-0.0009808483723500172,0.06787096774193548,-0.00786782061369006,0.0,-0.023361691609724254
26,2,1134577,0,200,40.64,0.12,10.42,10.475,0.1168519123896683,-7.990583814481945e-05,0.08200000000000074,-0.0009744614407904723,0.0672258064516129,-0.00786782061368989,0.0,-0.018577727457561814
26,2,1134618,0,200,40.53,0.12,10.42,10.516,0.11620464203988079,-8.004901543574405e-05,0.08300000000000018,-0.0009644459691053479,0.0672258064516129,-0.007773027594247895,-0.12048192771084304,-0.016187666652224857
26,2,1134660,0,200,40.42,0.11,10.32,10.558,0.11550833605753363,-8.098093451318e-05,0.08500000000000085,-0.0009527168766256376,0.06658064516129032,-0.007590132827324356,-0.11764705882352818,-0.02022960213833772
26,2,1134703,0,200,40.31,0.11,10.32,10.601,0.11448512585812207,-8.260984965097683e-05,0.08500000000000085,-0.0009718805841291295,0.06658064516129032,0.0,0.0,-0.02715227967617204
26,2,1134745,0,200,40.2,0.11,10.32,10.643,0.11320039228505899,-8.459938257043476e-05,0.08299999999999841,-0.00101926966952333,0.06658064516129032,-0.007773027594248061,0.0,-0.03332059851041958
26,2,1134786,0,200,40.09,0.11,10.22,10.684,0.1117195161817573,-8.642204289942512e-05,0.08199999999999896,-0.001053927352432027,0.06593548387096775,-0.00786782061369006,0.0,-0.037713584066209685
26,2,1134827,0,200,39.98,0.11,10.22,10.725,0.11010787839162983,-8.75237696525879e-05,0.08300000000000018,-0.001054503248826358,0.06593548387096775,-0.007773027594248062,0.0,-0.02875181668156724
26,2,1134869,0,200,39.87,0.11,10.12,10.767,0.10933311539718721,-8.753973426894568e-05,0.08300000000000018,-0.0010546955936017528,0.06529032258064515,-0.007773027594248062,0.0,-0.025010141907938835
26,2,1134910,0,200,39.76,0.11,10.12,10.808,0.1080320366132709,-8.644864961198273e-05,0.08300000000000018,-0.001041549995325091,0.06529032258064515,-0.007773027594247895,0.0,-0.030169714490521134
26,2,1134952,0,200,39.65,0.11,10.02,10.85,0.10682902909447395,-8.458053773235896e-05,0.08300000000000018,-0.001019042623281431,0.06464516129032258,-0.007773027594247895,0.0,-0.027018830470623405
26,2,1134993,0,200,39.54,0.11,10.02,10.891,0.10578947368420916,-8.247640347873996e-05,0.08200000000000074,-0.00100580979852121,0.06464516129032258,0.0,0.0,-0.022564364251030204
26,2,1135034,0,200,39.54,0.11,10.02,10.932,0.10497875122588946,-8.068177641144202e-05,0.08500000000000085,-0.0009491973695463672,0.06464516129032258,-0.007590132827324356,-0.11764705882352818,-0.015614483779781507
26,2,1135078,0,200,39.43,0.1,9.92,10.976,0.10446224256292772,-7.958397371961823e-05,0.08499999999999908,-0.0009362820437602246,0.064,-0.007590132827324515,-0.11764705882353063,-0.01196084841259153
26,2,1135119,0,200,39.32,0.1,9.92,11.017,0.10396207911081919,-7.935058672600093e-05,0.08299999999999841,-0.0009560311653735236,0.064,-0.007773027594248061,0.0,-0.015203015396007163
26,2,1135161,0,200,39.21,0.1,9.82,11.059,0.10320039228505914,-7.99419379582318e-05,0.08300000000000018,-0.0009631558790148387,0.06335483870967742,-0.007773027594247895,0.0,-0.020717062430827948
26,2,1135202,0,200,39.1,0.1,9.82,11.1,0.10224256292906046,-8.114025804336044e-05,0.08200000000000074,-0.0009895153419921916,0.06335483870967742,0.0,0.0,-0.024956346327111002
26,2,1135243,0,200,39.1,0.1,9.82,11.141,0.10115397188623602,-8.25851460167506e-05,0.08300000000000018,-0.0009950017592379567,0.06335483870967742,-0.007773027594247895,0.0,-0.027018830470623405
26,2,1135285,0,200,38.99,0.1,9.72,11.183,0.09999999999999871,-8.385390119701519e-05,0.08300000000000018,-0.0010102879662290964,0.06270967741935485,-0.007773027594247895,0.0,-0.02780655147559809
26,2,1135326,0,200,38.77,0.1,9.72,11.224,0.09884602811376138,-8.460206781098023e-05,0.08200000000000074,-0.0010317325342802375,0.06270967741935485,-0.007867820613690143,0.0,-0.027348328403192138
26,2,1135367,0,200,38.77,0.1,9.62,11.265,0.09775743707093694,-8.470626480153065e-05,0.08300000000000018,-0.001020557407247355,0.06206451612903225,-0.007773027594248146,0.0,-0.024655667455700025
26,2,1135409,0,200,38.66,0.1,9.62,11.307,0.09679960771493827,-8.431476350349242e-05,0.08499999999999908,-0.000991938394158745,0.06206451612903225,-0.006831119544592063,0.0,-0.02022960213833798
26,2,1135452,0,200,38.55,0.1,9.53,11.35,0.09603792088917823,-8.375585871514879e-05,0.08499999999999908,-0.0009853630437076436,0.06148387096774193,-0.006831119544592063,0.0,-0.014845297386689224
26,2,1135494,0,200,38.44,0.1,9.53,11.392,0.0955377574370697,-8.334682808688143e-05,0.08300000000000018,-0.0010041786516491716,0.06148387096774193,0.0,-0.1204819277108432,-0.01898407621988428
26,2,1135535,0,200,38.33,0.09,9.53,11.433,0.09446224256292783,-8.322139634420722e-05,0.08200000000000074,-0.0010148950773683715,0.06148387096774193,-0.00786782061368989,-0.12195121951219413,-0.019215589344516885
26,2,1135576,0,200,38.33,0.09,9.43,11.474,0.0939620791108193,-8.329358923566233e-05,0.08300000000000018,-0.0010035372197067728,0.060838709677419354,-0.007773027594247895,0.0,-0.015203015396006837
26,2,1135618,0,200,38.11,0.09,9.43,11.516,0.09320039228505926,-8.338634882588103e-05,0.08300000000000018,-0.0010046548051310944,0.060838709677419354,-0.007773027594247895,0.0,-0.020717062430827948
26,2,1135659,0,200,38.11,0.09,9.33,11.557,0.09224256292906058,-8.343398452257134e-05,0.08099999999999952,-0.0010300491916366893,0.06019354838709678,-0.00796495420151334,0.0,-0.025264449368186823
26,2,1135699,0,200,38.0,0.09,9.33,11.597,0.09115397188623614,-8.361142616648288e-05,0.08199999999999896,-0.0010196515386156578,0.06019354838709678,-0.007867820613690145,0.0,-0.02734832840319239
26,2,1135741,0,200,37.89,0.09,9.23,11.639,0.08999999999999883,-8.428832550200483e-05,0.08300000000000018,-0.001015521994000056,0.059548387096774194,-0.007773027594247979,0.0,-0.02780655147559792
26,2,1135782,0,200,37.78,0.09,9.23,11.68,0.08884602811376151,-8.581560503865049e-05,0.0940000000000012,-0.0009129319684962702,0.059548387096774194,0.0,0.0,-0.023857052436826946
26,2,1135835,0,200,37.67,0.09,9.23,11.733,0.08775743707093707,-8.826020332350915e-05,0.09699999999999953,-0.0009098990033351503,0.059548387096774194,-0.006651147322913194,0.0,-0.02109711751364052
26,2,1135879,0,200,37.56,0.09,9.13,11.777,0.08679960771493839,-9.124550040787227e-05,0.08699999999999974,-0.0010487988552629027,0.05890322580645162,-0.007415647015202053,0.0,-0.01976455381331872
26,2,1135922,0,200,37.45,0.09,9.13,11.82,0.08603792088917835,-9.39967546032694e-05,0.08700000000000152,-0.001080422466704227,0.05890322580645162,-0.007415647015202061,0.0,-0.014504026182397106
26,2,1135966,0,200,37.34,0.09,9.03,11.864,0.08553775743706982,-9.557377282729007e-05,0.08699999999999974,-0.0010985491129573604,0.05825806451612903,-0.007415647015202213,-0.11494252873563246,-0.01811124512931498
26,2,1136009,0,200,37.23,0.08,9.03,11.907,0.08446224256292795,-9.518439824900149e-05,0.08699999999999974,-0.0010940735430919743,0.05825806451612903,-0.007415647015202053,-0.11494252873563246,-0.024536603878511733
26,2,1136053,0,200,37.23,0.08,8.93,11.951,0.0834030728996393,-9.245648547438279e-05,0.08699999999999974,-0.0010627182238434835,0.05761290322580645,-0.007415647015202053,0.0,-0.01735974118204012
26,2,1136096,0,200,37.12,0.08,8.93,11.994,0.08295194508009046,-8.757967416362789e-05,0.08699999999999974,-0.0010066629214210132,0.05761290322580645,-0.007415647015202053,0.0,-0.01942637703704491
26,2,1136140,0,200,37.01,0.08,8.83,12.038,0.0817129780974164,-8.127749891570523e-05,0.08699999999999974,-0.000934224125467879,0.05696774193548387,-0.007415647015202053,0.0,-0.02036575697113829
26,2,1136183,0,200,36.9,0.08,8.83,12.081,0.08118012422360144,-7.462557897594379e-05,0.08900000000000041,-0.0008384896514150949,0.05696774193548387,0.0,0.0,-0.013443476791637007
26,2,1136229,0,200,36.79,0.08,8.83,12.127,0.0805165086629607,-6.87852673069358e-05,0.08900000000000041,-0.0007728681719880391,0.05696774193548387,-0.0072490032620513905,0.0,-0.01564732544600344
26,2,1136272,0,200,36.68,0.08,8.73,12.17,0.07978751225890712,-6.47455335016538e-05,0.08599999999999852,-0.0007528550407169177,0.056322580645161296,-0.007501875468867301,0.0,-0.01695340474543282
26,2,1136315,0,200,36.57,0.08,8.73,12.213,0.0790585158548535,-6.313872049330272e-05,0.08699999999999974,-0.0007257324194632518,0.056322580645161296,0.0,0.0,-0.016007034076946487
26,2,1136359,0,200,36.46,0.08,8.73,12.257,0.07839490029421278,-6.414664457582475e-05,0.08700000000000152,-0.0007373177537450992,0.056322580645161296,-0.007415647015201982,0.0,-0.013752522235122579
26,2,1136402,0,200,36.35,0.08,8.63,12.3,0.07786204642039782,-6.748600184825371e-05,0.0860000000000003,-0.0007847209517238777,0.05567741935483871,-0.007501875468867226,0.0,-0.0101112234580382
26,2,1136445,0,200,36.24,0.08,8.63,12.343,0.0775253350768215,-7.24602140415307e-05,0.08699999999999974,-0.0008328760234658726,0.05567741935483871,0.0,0.0,-0.015105229340216972
26,2,1136489,0,200,36.13,0.08,8.63,12.387,0.07654789146779895,-7.807176951276596e-05,0.08699999999999974,-0.0008973766610662781,0.05567741935483871,-0.007415647015202213,-0.11494252873563246,-0.023033595983962648
26,2,1136532,0,200,36.02,0.07,8.53,12.43,0.07552141222621675,-8.319306835199925e-05,0.0860000000000003,-0.0009673612599069646,0.05503225806451612,-0.007501875468867307,0.0,-0.02406167086067003
26,2,1136575,0,200,36.02,0.08,8.53,12.473,0.07447858777378132,-8.677843735753577e-05,0.08900000000000041,-0.0009750386219947794,0.05503225806451612,-0.0072490032620513905,0.0,-0.023250603303568766
26,2,1136621,0,200,35.91,0.07,8.43,12.519,0.07345210853219912,-8.807037280431373e-05,0.08899999999999864,-0.000989554750610282,0.054387096774193545,-0.007249003262051535,-0.11235955056179942,-0.022515987085446915
26,2,1136664,0,200,35.8,0.07,8.43,12.562,0.07247466492317657,-8.675081371105975e-05,0.0860000000000003,-0.0010087303919890634,0.054387096774193545,0.0,0.0,-0.021780943764871885
26,2,1136707,0,200,35.69,0.07,8.43,12.605,0.07157894736842013,-8.30233707542245e-05,0.08699999999999974,-0.0009542916178646523,0.054387096774193545,-0.007415647015202053,0.0,-0.019276076247590257
26,2,1136751,0,200,35.58,0.07,8.33,12.649,0.07079764628963622,-7.762626028969066e-05,0.08699999999999974,-0.0008922558653987458,0.05374193548387097,-0.014089729328883902,0.0,-0.01627006045849241
26,2,1136794,0,200,35.58,0.07,8.24,12.692,0.0701634521085313,-7.173244011085345e-05,0.0860000000000003,-0.0008340981408238745,0.05316129032258065,-0.0067516879219804305,0.0,-0.01265803538167947
26,2,1136837,0,200,35.36,0.07,8.24,12.735,0.06970905524681179,-6.667040155985581e-05,0.0860000000000003,-0.0007752372274401812,0.05316129032258065,0.0,0.0,-0.008096581190083184
26,2,1136880,0,200,35.25,0.07,8.24,12.778,0.06946714612618414,-6.349746211867391e-05,0.08699999999999974,-0.0007298558864215414,0.05316129032258065,0.0,0.0,-0.0027429894075517674
26,2,1136924,0,200,35.25,0.07,8.24,12.822,0.06947041516835478,-6.262438441922847e-05,0.08699999999999974,-0.0007198205105658466,0.05316129032258065,0.0,0.0,0.003269042170643931
26,2,1136967,0,200,35.13,0.07,8.24,12.865,0.06975155279503016,-6.373577677563879e-05,0.08800000000000097,-0.000724270190632251,0.05316129032258065,-0.007331378299120188,0.0,0.006018009450503598
26,2,1137012,0,200,35.02,0.07,8.14,12.91,0.0699999999999991,-6.607548097372984e-05,0.08900000000000041,-0.000742421134536287,0.052516129032258066,-0.014498006524103015,0.0,0.011864051922674134
26,2,1137056,0,200,34.91,0.07,8.04,12.954,0.07080745341614816,-6.889869887755751e-05,0.08699999999999974,-0.0007919390675581346,0.051870967741935475,-0.007415647015202213,0.0,0.0089428969725663
26,2,1137099,0,200,34.8,0.07,8.04,12.997,0.07077803203661237,-7.177464985233329e-05,0.08599999999999852,-0.0008345889517713317,0.051870967741935475,0.0,0.0,-0.003535126998487131
26,2,1137142,0,200,34.69,0.07,8.04,13.04,0.07050343249427828,-7.45701040828779e-05,0.08699999999999974,-0.00085712763313653,0.051870967741935475,0.0,0.0,-0.008755020985747786
26,2,1137186,0,200,34.58,0.07,8.04,13.084,0.07001634521085232,-7.721473250847133e-05,0.08700000000000152,-0.0008875256610168963,0.051870967741935475,-0.0074156470152018225,0.0,-0.01326404466939429
26,2,1137229,0,200,34.47,0.07,7.94,13.127,0.06934946060804095,-7.948797592337176e-05,0.0860000000000003,-0.0009242787898066452,0.051225806451612906,-0.007501875468867065,0.0,-0.017219489573275598
26,2,1137272,0,200,34.47,0.07,7.94,13.17,0.06853546910755061,-8.097973655585911e-05,0.08599999999999852,-0.0009416248436727965,0.051225806451612906,-0.007501875468867381,0.0,-0.02026045903434026
26,2,1137315,0,200,34.36,0.07,7.84,13.213,0.06760706113108772,-8.120504112265525e-05,0.08699999999999974,-0.0009333912772719023,0.05058064516129032,-0.007415647015202133,0.0,-0.022282092036688267
26,2,1137359,0,200,34.25,0.07,7.84,13.257,0.06659692710035874,-7.977212511114473e-05,0.08900000000000041,-0.0008963160124847681,0.05058064516129032,0.0,0.0,-0.029531571968513855
26,2,1137404,0,200,34.14,0.07,7.84,13.302,0.06497875122588997,-7.65381320932228e-05,0.08900000000000041,-0.0008599790122833982,0.05058064516129032,-0.0072490032620513905,-0.11235955056179733,-0.02677676115055543
26,2,1137448,0,200,34.03,0.06,7.74,13.346,0.06421379535795929,-7.173540123919331e-05,0.08699999999999974,-0.0008245448418298106,0.049935483870967745,-0.007415647015202053,-0.11494252873563263,-0.017773068353041332
26,2,1137491,0,200,34.03,0.06,7.74,13.389,0.06343249427917538,-6.603530193636331e-05,0.08799999999999919,-0.0007504011583677717,0.049935483870967745,-0.0073313782991203365,0.0,-0.017571101667211427
26,2,1137536,0,200,33.92,0.06,7.64,13.434,0.0626675384112447,-6.0470720613342796e-05,0.08800000000000097,-0.0006871672796970697,0.04929032258064516,-0.007331378299120188,0.0,-0.016828137537519366
26,2,1137579,0,200,33.81,0.06,7.64,13.477,0.06195161817587366,-5.616025088979626e-05,0.0860000000000003,-0.0006530261731371636,0.04929032258064516,0.0,0.0,-0.015699004842743718
26,2,1137622,0,200,33.7,0.06,7.64,13.52,0.061317423994768736,-5.3899819429299e-05,0.08699999999999974,-0.0006195381543597604,0.04929032258064516,0.0,0.0,-0.01326404466939456
26,2,1137666,0,200,33.59,0.06,7.64,13.564,0.06079764628963634,-5.38239682040631e-05,0.08699999999999974,-0.0006186663011961295,0.04929032258064516,0.0,0.0,-0.01025802888029655
26,2,1137709,0,200,33.48,0.06,7.64,13.607,0.06042497548218294,-5.5356371743338074e-05,0.0860000000000003,-0.0006436787412016033,0.04929032258064516,-0.007501875468867226,0.0,-0.006576096459551142
26,2,1137752,0,200,33.48,0.06,7.54,13.65,0.06023210199411494,-5.751661950973741e-05,0.08900000000000041,-0.0006462541517947994,0.04864516129032258,-0.007249003262051469,0.0,-0.001946732978023946
26,2,1137798,0,200,33.37,0.06,7.54,13.696,0.060251716247138806,-5.942375076993667e-05,0.08900000000000041,-0.0006676825929206337,0.04864516129032258,-0.0072490032620513905,0.11235955056179733,0.0031955805488316836
26,2,1137841,0,200,33.15,0.07,7.44,13.739,0.06051650866296096,-6.070708449868345e-05,0.0860000000000003,-0.0007058963313800377,0.048,-0.0075018754688671455,0.0,0.009388993211035541
26,2,1137884,0,200,33.15,0.06,7.44,13.782,0.061059169663287866,-6.159928344908838e-05,0.08699999999999974,-0.0007080377407941215,0.048,0.0,-0.11494252873563263,0.00567385480192237
26,2,1137928,0,200,33.04,0.06,7.44,13.826,0.061010134030728205,-6.269347264883152e-05,0.08699999999999974,-0.0007206146281474909,0.048,0.0,0.0,-0.0015030078945489247
26,2,1137971,0,200,32.93,0.06,7.44,13.869,0.06092840797646211,-6.454319209549287e-05,0.0860000000000003,-0.0007505022336685191,0.048,-0.007501875468867226,0.0,-0.0022807270957981435
26,2,1138014,0,200,32.93,0.06,7.34,13.912,0.060813991500489564,-6.733742069272974e-05,0.0860000000000003,-0.0007829932638689477,0.04735483870967742,-0.007501875468867226,0.0,-0.0030409694610642455
26,2,1138057,0,200,32.82,0.06,7.34,13.955,0.060666884602810583,-7.078701794608566e-05,0.08699999999999974,-0.0008136438844377685,0.04735483870967742,0.0,0.0,0.0026678390128243613
26,2,1138101,0,200,32.71,0.06,7.34,13.999,0.06104609349460528,-7.422713452007468e-05,0.08699999999999974,-0.0008531854542537345,0.04735483870967742,-0.007415647015202053,0.0,0.004772050065192856
26,2,1138144,0,200,32.6,0.06,7.24,14.042,0.06108205295848236,-7.686383821416155e-05,0.08899999999999864,-0.0008636386316198058,0.04670967741935484,-0.007249003262051535,0.0,-0.0026813491961462993
26,2,1138190,0,200,32.6,0.06,7.24,14.088,0.060807453416148266,-7.806125315580914e-05,0.08900000000000041,-0.0008770927320877391,0.04670967741935484,-0.007249003262051469,0.0,-0.009292895159246162
26,2,1138233,0,200,32.38,0.06,7.14,14.131,0.06025498528930945,-7.755212765348318e-05,0.0860000000000003,-0.0009017689262032897,0.04606451612903226,-0.007501875468867226,0.0,-0.015699004842743555
26,2,1138276,0,200,32.38,0.06,7.14,14.174,0.059457338999672316,-7.548725955595437e-05,0.0860000000000003,-0.000877758832045978,0.04606451612903226,0.0,0.0,-0.017029428981959194
26,2,1138319,0,200,32.16,0.06,7.14,14.217,0.05879045439686095,-7.232655527935972e-05,0.08699999999999974,-0.0008313397158547119,0.04606451612903226,-0.007415647015202053,0.0,-0.013451920656213076
26,2,1138363,0,200,32.16,0.06,7.04,14.261,0.05828702190258178,-6.86538649433981e-05,0.08699999999999974,-0.0007891248844068769,0.04541935483870968,-0.007415647015202053,0.0,-0.01326404466939456
26,2,1138406,0,200,32.05,0.06,7.04,14.304,0.05763648251062363,-6.500813395033944e-05,0.0860000000000003,-0.0007559085343062699,0.04541935483870968,0.0,0.0,-0.016459247208009575
26,2,1138449,0,200,31.94,0.06,7.04,14.347,0.05687152664269295,-6.178180394458366e-05,0.08699999999999974,-0.0007101356775239522,0.04541935483870968,-0.006674082313681928,0.0,-0.018524572300315716
26,2,1138493,0,200,31.83,0.06,6.95,14.391,0.05602484472049617,-5.9195626688736344e-05,0.08699999999999974,-0.0006804095021693853,0.044838709677419354,-0.006674082313681928,-0.11494252873563246,-0.02002758019486472
26,2,1138536,0,200,31.72,0.05,6.95,14.434,0.05512912716573973,-5.733180217811107e-05,0.08799999999999919,-0.0006514977520239954,0.044838709677419354,0.0,-0.11363636363636463,-0.02054295818597872
26,2,1138581,0,200,31.72,0.05,6.95,14.479,0.054217064400130056,-5.618849637867651e-05,0.08900000000000041,-0.0006313314199851264,0.044838709677419354,-0.007249003262051469,0.0,-0.020312138431079877
26,2,1138625,0,200,31.61,0.05,6.85,14.523,0.05332134684537361,-5.571461925002641e-05,0.08700000000000152,-0.0006403979224140854,0.04419354838709677,-0.007415647015201982,0.0,-0.02002758019486439
26,2,1138668,0,200,31.5,0.05,6.85,14.566,0.052474664923176824,-5.580047981123126e-05,0.0860000000000003,-0.0006488427885026868,0.04419354838709677,0.0,0.0,-0.0187399743038078
26,2,1138711,0,200,31.39,0.05,6.85,14.609,0.051709709055246134,-5.62394947105247e-05,0.08599999999999852,-0.0006539476129130891,0.04419354838709677,0.0,0.1162790697674438,-0.016459247208009998
26,2,1138754,0,200,31.28,0.06,6.85,14.652,0.05105916966328799,-5.672181142762866e-05,0.08699999999999974,-0.0006519748439957337,0.04419354838709677,-0.007415647015202053,0.0,-0.0132640446693944
26,2,1138798,0,200,31.28,0.05,6.75,14.696,0.050555737169008824,-5.6917834184187835e-05,0.08700000000000152,-0.0006542279791285844,0.043548387096774194,-0.007415647015201902,-0.11494252873563011,-0.009506524933021895
26,2,1138841,0,200,31.17,0.05,6.75,14.739,0.05023210199411507,-5.6634832761061735e-05,0.0860000000000003,-0.0006585445669890877,0.043548387096774194,0.0,0.0,-0.0050556117290191
26,2,1138884,0,200,31.06,0.05,6.75,14.782,0.05012095456031318,-5.595399409516677e-05,0.08699999999999974,-0.0006431493574157119,0.043548387096774194,-0.007415647015202053,0.0,0.0002630263815461615
26,2,1138928,0,200,31.06,0.05,6.65,14.826,0.050254985289309585,-5.525329471141394e-05,0.08900000000000041,-0.0006208235360832998,0.04290322580645162,-0.0072490032620513905,0.0,0.006134045421320649
26,2,1138973,0,200,30.95,0.05,6.65,14.871,0.05066688460281072,-5.5081606002685746e-05,0.08799999999999919,-0.0006259273409396165,0.04290322580645162,0.0,0.0,0.002637522660405919
26,2,1139016,0,200,30.73,0.05,6.65,14.914,0.050487087283425304,-5.592754974288283e-05,0.08699999999999974,-0.0006428453993434827,0.04290322580645162,0.0,0.0,-0.004509023683646933
26,2,1139060,0,200,30.73,0.05,6.65,14.958,0.05027459954233344,-5.7991220306767845e-05,0.08699999999999974,-0.0006665657506525059,0.04290322580645162,-0.007415647015202133,0.0,-0.005260527630921316
26,2,1139103,0,200,30.62,0.05,6.55,15.001,0.05002942137953515,-6.107101241840773e-05,0.0860000000000003,-0.0007101280513768316,0.04225806451612903,-0.007501875468867226,0.0,-0.0060819389221281675
26,2,1139146,0,200,30.51,0.05,6.55,15.044,0.049751552795030414,-6.46043425423759e-05,0.08699999999999974,-0.0007425786499123689,0.04225806451612903,0.0,0.0,-0.0067635355254702404
26,2,1139190,0,200,30.51,0.05,6.55,15.088,0.04944099378881924,-6.78191395829959e-05,0.08699999999999974,-0.000779530340034438,0.04225806451612903,-0.007415647015202133,0.0,0.002855714999643037
26,2,1139233,0,200,30.4,0.05,6.45,15.131,0.04999999999999936,-6.993086867625032e-05,0.0860000000000003,-0.0008131496357703498,0.04161290322580645,-0.007501875468867226,0.0,0.0065000722230245805
26,2,1139276,0,200,30.29,0.05,6.45,15.174,0.04999999999999936,-7.033855000472044e-05,0.0860000000000003,-0.0008178901163339558,0.04161290322580645,0.0,0.0,0.0
26,2,1139319,0,200,30.18,0.05,6.45,15.217,0.04999999999999936,-6.878782402943528e-05,0.08900000000000041,-0.0007728968992071344,0.04161290322580645,-0.007249003262051469,0.0,0.0
26,2,1139365,0,200,30.07,0.05,6.35,15.263,0.04999999999999936,-6.546923253843583e-05,0.08899999999999864,-0.0007356093543644588,0.040967741935483866,-0.0072490032620516134,0.0,0.0
26,2,1139408,0,200,30.07,0.05,6.35,15.306,0.04999999999999936,-6.101008385928441e-05,0.08699999999999974,-0.0007012653317159149,0.040967741935483866,-0.007415647015202053,0.0,0.0
26,2,1139452,0,200,29.85,0.05,6.25,15.35,0.04999999999999936,-5.6323319716423904e-05,0.08700000000000152,-0.0006473944794991141,0.04032258064516129,0.0,0.0,0.0
26,2,1139495,0,200,29.85,0.05,6.35,15.393,0.04999999999999936,-5.233604839186245e-05,0.0860000000000003,-0.0006085587022309566,0.040967741935483866,0.0,0.0,0.0
26,2,1139538,0,200,29.74,0.05,6.25,15.436,0.04999999999999936,-4.970932857368471e-05,0.08599999999999852,-0.0005780154485312274,0.04032258064516129,-0.007501875468867301,0.0,0.0
26,2,1139581,0,200,29.74,0.05,6.25,15.479,0.04999999999999936,-4.8685051232251194e-05,0.08699999999999974,-0.0005595982900258775,0.04032258064516129,0.0,0.0,0.0
26,2,1139625,0,200,29.63,0.05,6.25,15.523,0.04999999999999936,-4.911447069494912e-05,0.08700000000000152,-0.0005645341459189455,0.04032258064516129,-0.007415647015201902,0.0,0.0
26,2,1139668,0,200,29.52,0.05,6.15,15.566,0.04999999999999936,-5.060764524571226e-05,0.08699999999999974,-0.0005816970717897978,0.03967741935483871,-0.007415647015202053,0.0,0.0
26,2,1139712,0,200,29.41,0.05,6.15,15.61,0.04999999999999936,-5.269047019581219e-05,0.08999999999999986,-0.0005854496688423586,0.03967741935483871,0.0,0.0,0.006211180124223519
26,2,1139758,0,200,29.3,0.05,6.15,15.656,0.05055900621117947,-5.489828866179902e-05,0.08900000000000041,-0.0006168347040651547,0.03967741935483871,0.0,0.0,0.009072510293809613
26,2,1139801,0,200,29.19,0.05,6.15,15.699,0.05080745341614842,-5.682257566182791e-05,0.0860000000000003,-0.0006607276239747409,0.03967741935483871,-0.007501875468867226,0.0,-0.00395326029938347
26,2,1139844,0,200,29.19,0.05,6.05,15.742,0.050219025825432494,-5.816639914825217e-05,0.08699999999999974,-0.0006685793005546246,0.03903225806451613,-0.007415647015202133,0.0,-0.0127755671036661
26,2,1139888,0,200,29.08,0.05,6.05,15.786,0.04969597907812947,-5.8817499776267825e-05,0.08699999999999974,-0.0006760632158191724,0.03903225806451613,0.0,0.0,-0.004847200459920262
26,2,1139931,0,200,28.97,0.05,6.05,15.829,0.04979731938541943,-5.88856558022659e-05,0.0860000000000003,-0.000684716927933322,0.03903225806451613,-0.0075018754688671455,0.0,-0.006994229760447554
26,2,1139974,0,200,28.97,0.05,5.95,15.872,0.04909447531873098,-5.865050213941636e-05,0.08599999999999852,-0.000681982583016481,0.03838709677419355,-0.007501875468867301,0.0,-0.015204847305321057
26,2,1140017,0,200,28.86,0.05,5.95,15.915,0.048489702517161844,-5.841745289555522e-05,0.08699999999999974,-0.0006714649758109815,0.03838709677419355,0.0,0.0,-0.006350208354469347
26,2,1140061,0,200,28.75,0.05,5.95,15.959,0.048542007191892146,-5.8341050919857194e-05,0.08699999999999974,-0.0006705867921822686,0.03838709677419355,0.0,0.0,-0.007665340262199676
26,2,1140104,0,200,28.64,0.05,5.95,16.002,0.047822817914350474,-5.831781214761644e-05,0.08899999999999864,-0.0006552563162653633,0.03838709677419355,-0.0072490032620516134,0.0,-0.01469232436244496
26,2,1140150,0,200,28.64,0.05,5.85,16.048,0.047234390323634565,-5.803086334734342e-05,0.08900000000000219,-0.0006520321724420449,0.03774193548387097,-0.007249003262051324,-0.11235955056179502,-0.011753859489955547
26,2,1140193,0,200,28.53,0.04,5.85,16.091,0.046776724419744405,-5.713428940911047e-05,0.08600000000000207,-0.0006643522024315011,0.03774193548387097,0.0,-0.11627906976743908,-0.0026228361601678594
26,2,1140236,0,200,28.42,0.04,5.85,16.134,0.04700882641386012,-5.547210244220224e-05,0.08599999999999852,-0.0006450244470023628,0.03774193548387097,-0.007501875468867381,0.11627906976744389,-0.003193017934117354
26,2,1140279,0,200,28.31,0.05,5.75,16.177,0.04650212487741032,-5.321164389924604e-05,0.08699999999999974,-0.0006116280907959333,0.037096774193548385,-0.007415647015202133,0.11494252873563254,-0.0033441925653713376
26,2,1140323,0,200,28.2,0.05,5.75,16.221,0.04671788166067282,-5.0823251492092326e-05,0.08699999999999974,-0.0005841753045068101,0.037096774193548385,0.0,-0.11494252873563254,-0.0031563165785528217
26,2,1140366,0,200,28.2,0.04,5.75,16.264,0.04622752533507622,-4.891493935929247e-05,0.08599999999999852,-0.0005687783646429455,0.037096774193548385,0.0,0.0,-0.009122908383192602
26,2,1140409,0,200,28.09,0.05,5.75,16.307,0.04593331153971827,-4.800363298948618e-05,0.08699999999999974,-0.0005517658964308773,0.037096774193548385,-0.006674082313681848,0.11494252873563254,0.001916335065549899
26,2,1140453,0,200,27.98,0.05,5.66,16.351,0.04639424648577906,-4.832777441171476e-05,0.08699999999999974,-0.000555491659904769,0.036516129032258066,-0.006674082313681848,-0.11494252873563254,0.00928107374883979
26,2,1140496,0,200,27.87,0.04,5.66,16.394,0.04674076495586733,-4.976058915003634e-05,0.08800000000000097,-0.0005654612403413158,0.036516129032258066,0.0,0.0,0.006946714612618313
26,2,1140541,0,200,27.87,0.05,5.66,16.439,0.04700555737168948,-5.183098903794736e-05,0.08900000000000219,-0.0005823706633477088,0.036516129032258066,0.0,0.11235955056179502,0.005399429203198319
26,2,1140585,0,200,27.76,0.05,5.66,16.483,0.04722131415495199,-5.385146684433018e-05,0.08699999999999974,-0.0006189823775210383,0.036516129032258066,-0.007415647015202133,0.0,0.004772050065192935
26,2,1140628,0,200,27.65,0.05,5.56,16.526,0.047420725727361265,-5.514299485689644e-05,0.08599999999999852,-0.000641197614615086,0.03587096774193548,-0.007501875468867381,-0.11627906976744389,-0.005663805621232114
26,2,1140671,0,200,27.54,0.04,5.56,16.569,0.046734226871526036,-5.529033861525967e-05,0.08699999999999974,-0.0006355211335087337,0.03587096774193548,0.0,0.0,-0.02596446137833309
26,2,1140715,0,200,27.43,0.05,5.56,16.613,0.04516181758744629,-5.431134640710233e-05,0.08699999999999974,-0.0006242683495069252,0.03587096774193548,-0.007415647015202053,0.0,-0.01953910262913634
26,2,1140758,0,200,27.43,0.04,5.46,16.656,0.04503432494279118,-5.264633681603392e-05,0.08600000000000207,-0.0006121667071631704,0.035225806451612905,-0.00750187546886699,0.0,-0.0027748846332209796
26,2,1140801,0,200,27.32,0.05,5.46,16.699,0.04492317750898928,-5.095346756403529e-05,0.08600000000000207,-0.0005924821809771403,0.035225806451612905,0.0,0.11627906976743908,-0.012505986908626008
26,2,1140844,0,200,27.32,0.05,5.46,16.742,0.043958810068649316,-4.979113775088528e-05,0.08699999999999974,-0.0005723119281710969,0.035225806451612905,0.0,-0.11494252873563254,-0.015180379734944459
26,2,1140888,0,200,27.21,0.04,5.46,16.786,0.04360248447204912,-4.934906463500966e-05,0.08899999999999864,-0.0005544838723034878,0.035225806451612905,0.0,-0.1123595505617995,-0.007089046504879795
26,2,1140933,0,200,27.1,0.04,5.46,16.831,0.043327884929715024,-4.93942255724038e-05,0.08799999999999741,-0.0005612980178682415,0.035225806451612905,-0.007331378299120485,0.0,-0.015193616452197809
26,2,1140976,0,200,26.99,0.04,5.36,16.874,0.04226544622425575,-4.9474713851840765e-05,0.08699999999999974,-0.0005686748718602404,0.03458064516129032,-0.007415647015202133,0.0,-0.016683387629493302
26,2,1141020,0,200,26.88,0.04,5.36,16.918,0.04187643020594911,-4.924074672126455e-05,0.08699999999999974,-0.0005659855944972953,0.03458064516129032,-0.007415647015202133,0.0,-0.007252013091198861
26,2,1141063,0,200,26.88,0.04,5.26,16.961,0.04163452108532145,-4.86553589706924e-05,0.08600000000000207,-0.0005657599880312933,0.03393548387096774,0.0,0.0,-0.0035351269984869042
26,2,1141106,0,200,26.77,0.04,5.36,17.004,0.04157240928407923,-4.7960560034900014e-05,0.08699999999999974,-0.0005512708049988524,0.03458064516129032,0.0,0.11494252873563254,-0.009356224143567037
26,2,1141150,0,200,26.66,0.05,5.26,17.048,0.04082052958483112,-4.745164445716199e-05,0.08699999999999974,-0.0005454212006570359,0.03393548387096774,-0.007415647015202133,0.0,-0.008416844209474137
26,2,1141193,0,200,26.55,0.04,5.26,17.091,0.04084014383785498,-4.7232618147829084e-05,0.08600000000000207,-0.0005492164900910226,0.03393548387096774,0.0,-0.11627906976743908,-0.0071842903517639715
26,2,1141236,0,200,26.55,0.04,5.26,17.134,0.040202680614579406,-4.711149024838601e-05,0.08599999999999852,-0.0005478080261440328,0.03393548387096774,0.0,0.0,-0.005473745029915545
26,2,1141279,0,200,26.43,0.04,5.26,17.177,0.04036940176528225,-4.6698590959278975e-05,0.08899999999999864,-0.0005247032692053898,0.03393548387096774,-0.007249003262051535,0.0,0.006868661639443007
26,2,1141325,0,200,26.32,0.04,5.16,17.223,0.040813991500489824,-4.5659475552907835e-05,0.08899999999999864,-0.0005130278152012195,0.03329032258064516,-0.007249003262051535,0.0,0.0033425037924562726
26,2,1141368,0,200,26.32,0.04,5.16,17.266,0.04066688460281086,-4.398197500753653e-05,0.08699999999999974,-0.000505539942615364,0.03329032258064516,0.0,0.0,-0.0037575197363723914
26,2,1141412,0,200,26.21,0.04,5.16,17.31,0.04048708728342543,-4.209423799116685e-05,0.08800000000000097,-0.0004783436135359817,0.03329032258064516,-0.007331378299120188,0.0,-0.004457784778150883
26,2,1141456,0,200,26.1,0.04,5.06,17.354,0.040274599542333575,-4.074870444275902e-05,0.08699999999999974,-0.0004683759131351625,0.03264516129032258,0.0,0.0,-0.005260527630921316
26,2,1141499,0,200,26.1,0.04,5.16,17.397,0.040029421379535274,-4.07162738817961e-05,0.08600000000000207,-0.00047344504513715255,0.03329032258064516,0.0,0.0,-0.006081938922128204
26,2,1141542,0,200,25.99,0.04,5.06,17.44,0.03975155279503054,-4.242910744868134e-05,0.08600000000000207,-0.0004933617145195386,0.03264516129032258,-0.007501875468867071,0.0,-0.006842181287394129
26,2,1141585,0,200,25.88,0.04,5.06,17.483,0.039440993788819365,-4.5726408849253276e-05,0.08699999999999974,-0.0005255909063132576,0.03264516129032258,0.0,0.0,0.002855714999643037
26,2,1141629,0,200,25.77,0.04,5.06,17.527,0.03999999999999948,-4.981031719510387e-05,0.09699999999999775,-0.0005135084246918044,0.03264516129032258,0.0,0.0,0.0057629506307229775
26,2,1141682,0,200,25.66,0.04,5.06,17.58,0.03999999999999948,-5.34462168544616e-05,0.0990000000000002,-0.0005398607763076918,0.03264516129032258,-0.0065167807103290445,0.0,0.0
26,2,1141728,0,200,25.66,0.04,4.96,17.626,0.03999999999999948,-5.535929390308514e-05,0.08900000000000219,-0.0006220145382368964,0.032,-0.007249003262051246,0.0,0.0
26,2,1141771,0,200,25.55,0.04,4.96,17.669,0.03999999999999948,-5.469477722778482e-05,0.08699999999999974,-0.0006286756003193675,0.032,0.0,0.0,0.0
26,2,1141815,0,200,25.55,0.04,4.96,17.713,0.03999999999999948,-5.136547563371341e-05,0.08699999999999974,-0.0005904077659047536,0.032,-0.007415647015202053,0.0,0.0
26,2,1141858,0,200,25.44,0.04,4.86,17.756,0.03999999999999948,-4.6143744751971914e-05,0.08599999999999852,-0.0005365551715345664,0.031354838709677424,-0.007501875468867301,0.0,0.0
26,2,1141901,0,200,25.33,0.04,4.86,17.799,0.03999999999999948,-4.04443289953047e-05,0.08599999999999852,-0.00047028289529424877,0.031354838709677424,0.0,0.0,0.0
26,2,1141944,0,200,25.33,0.04,4.86,17.842,0.03999999999999948,-3.585632391061644e-05,0.08699999999999974,-0.00041214165414501776,0.031354838709677424,0.0,0.0,0.0
26,2,1141988,0,200,25.22,0.04,4.86,17.886,0.03999999999999948,-3.359675191821676e-05,0.08699999999999974,-0.0003861695622783547,0.031354838709677424,0.0,0.0,0.0
26,2,1142031,0,200,25.11,0.04,4.86,17.929,0.03999999999999948,-3.41171878910389e-05,0.08600000000000207,-0.00039671148710509395,0.031354838709677424,0.0,0.0,0.0
26,2,1142074,0,200,25.0,0.04,4.86,17.972,0.03999999999999948,-3.7028995188918224e-05,0.08900000000000219,-0.0004160561257181721,0.031354838709677424,-0.007249003262051363,0.0,0.0
26,2,1142120,0,200,25.0,0.04,4.76,18.018,0.03999999999999948,-4.1341655516107245e-05,0.08899999999999864,-0.0004645129833270548,0.030709677419354837,-0.0072490032620516525,0.0,0.0
26,2,1142163,0,200,24.89,0.04,4.76,18.061,0.03999999999999948,-4.585304465483642e-05,0.08599999999999852,-0.0005331749378469443,0.030709677419354837,0.0,0.0,0.0
26,2,1142206,0,200,24.89,0.04,4.76,18.104,0.03999999999999948,-4.950452239735892e-05,0.08699999999999974,-0.0005690174988202191,0.030709677419354837,0.0,0.0,0.006425358749196752
26,2,1142250,0,200,24.78,0.04,4.76,18.148,0.040559006211179596,-5.16084228641791e-05,0.08699999999999974,-0.000593200262806658,0.030709677419354837,-0.007415647015202053,0.0,0.002855714999643037
26,2,1142293,0,200,24.67,0.04,4.66,18.191,0.040248447204968424,-5.19492994905848e-05,0.08600000000000207,-0.0006040616219835296,0.03006451612903226,-0.00750187546886699,0.0,-0.006842181287394129
26,2,1142336,0,200,24.56,0.04,4.66,18.234,0.03997057862046369,-5.077500375667476e-05,0.08600000000000207,-0.0005904070204264365,0.03006451612903226,0.0,0.0,-0.006081938922128204
26,2,1142379,0,200,24.56,0.04,4.66,18.277,0.039725400457665386,-4.8683144865682595e-05,0.08699999999999974,-0.0005595763777664683,0.03006451612903226,0.0,0.0,-0.005260527630921316
26,2,1142423,0,200,24.45,0.04,4.66,18.321,0.039512912716573534,-4.6434656255253335e-05,0.08699999999999974,-0.0005337316810948675,0.03006451612903226,-0.007415647015202133,0.0,-0.0045090236836468536
26,2,1142466,0,200,24.34,0.04,4.56,18.364,0.03933311539718811,-4.474776311091411e-05,0.08799999999999741,-0.0005084973080785844,0.029419354838709676,-0.007331378299120485,0.0,-0.003714820648459167
26,2,1142511,0,200,24.34,0.04,4.56,18.409,0.03918600849950914,-4.4100054647763895e-05,0.08899999999999864,-0.0004955062319973548,0.029419354838709676,0.0,0.0,-0.0029384648724889452
26,2,1142555,0,200,24.12,0.04,4.56,18.453,0.0390715920235366,-4.4552604342939614e-05,0.08699999999999974,-0.0005120989004935603,0.029419354838709676,0.0,0.0,-0.0022545118418234667
26,2,1142598,0,200,24.12,0.04,4.56,18.496,0.038989865969270496,-4.56590925468765e-05,0.08600000000000207,-0.0005309196807776209,0.029419354838709676,0.0,0.0,-0.0015204847305320913
26,2,1142641,0,200,24.01,0.04,4.56,18.539,0.038940830336710835,-4.6559591304735196e-05,0.08699999999999974,-0.0005351677161463831,0.029419354838709676,-0.007415647015202093,-0.11494252873563254,-0.0007515039472744624
26,2,1142685,0,200,24.01,0.03,4.46,18.583,0.03892448512585762,-4.628554983090272e-05,0.08699999999999974,-0.0005320178141483086,0.028774193548387096,-0.007415647015202093,0.0,0.0
26,2,1142728,0,200,23.9,0.04,4.46,18.626,0.038940830336710835,-4.416003835944249e-05,0.08600000000000207,-0.0005134888181330398,0.028774193548387096,0.0,0.11627906976743908,0.0007602423652660053
26,2,1142771,0,200,23.79,0.04,4.46,18.669,0.038989865969270496,-4.0103806701294434e-05,0.08599999999999852,-0.0004663233337359898,0.028774193548387096,-0.006751687921980611,0.0,0.001520484730532154
26,2,1142814,0,200,23.79,0.04,4.37,18.712,0.0390715920235366,-3.471603084499631e-05,0.08699999999999974,-0.0003990348372988093,0.028193548387096774,0.0,0.0,0.0022545118418234667
26,2,1142858,0,200,23.79,0.04,4.46,18.756,0.03918600849950914,-2.9119895067350576e-05,0.08899999999999864,-0.0003271898322174272,0.028774193548387096,0.0,0.0,0.009219433537434242
26,2,1142903,0,200,23.57,0.04,4.37,18.801,0.03989212160836823,-2.4650485363679308e-05,0.08800000000000097,-0.00028011915185998905,0.028193548387096774,-0.0065982404692081385,0.0,0.006538084341287889
26,2,1142946,0,200,23.57,0.04,4.37,18.844,0.03976135992154248,-2.248371190303278e-05,0.0870000000000033,-0.0002584334701497923,0.028193548387096774,0.0,0.0,-0.0022545118418233747
26,2,1142990,0,200,23.46,0.04,4.37,18.888,0.03969597907812959,-2.3292053967121973e-05,0.08699999999999974,-0.0002677247582427821,0.028193548387096774,0.0,0.0,-0.0007515039472745421
26,2,1143033,0,200,23.35,0.04,4.37,18.931,0.03969597907812959,-2.701067732995721e-05,0.08599999999999852,-0.0003140776433716009,0.028193548387096774,0.0,0.0,0.0007602423652661173
26,2,1143076,0,200,23.35,0.04,4.37,18.974,0.03976135992154248,-3.280294663664485e-05,0.08699999999999974,-0.00037704536363959706,0.028193548387096774,0.0,0.0,0.0022545118418234667
26,2,1143120,0,200,23.35,0.04,4.37,19.018,0.03989212160836823,-3.927427560678254e-05,0.08699999999999974,-0.0004514284552503753,0.028193548387096774,-0.007415647015202133,0.0,-0.006613234736015428
26,2,1143163,0,200,23.13,0.04,4.27,19.061,0.03918600849950914,-4.487753851215004e-05,0.08599999999999852,-0.0005218318431645443,0.02754838709677419,-0.007501875468867381,0.0,-0.009541041684088942
26,2,1143206,0,200,23.13,0.04,4.27,19.104,0.0390715920235366,-4.8352231906156896e-05,0.08599999999999852,-0.0005622352547227643,0.02754838709677419,0.0,0.0,-0.0022807270957981907
26,2,1143249,0,200,23.02,0.04,4.27,19.147,0.038989865969270496,-4.903736472172859e-05,0.08999999999999986,-0.0005448596080192074,0.02754838709677419,0.0,0.0,0.004758272492826151
26,2,1143296,0,200,23.02,0.04,4.27,19.194,0.03949983654789095,-4.699144794005239e-05,0.08999999999999986,-0.0005221271993339163,0.02754838709677419,-0.007168458781361975,-0.11111111111111131,0.008245250808179881
26,2,1143339,0,200,22.91,0.03,4.17,19.237,0.039731938542006684,-4.293515356417643e-05,0.08600000000000207,-0.0004992459716764581,0.026903225806451613,-0.00750187546886699,0.0,-0.0039532602993832275
26,2,1143382,0,200,22.8,0.04,4.17,19.28,0.039159856162143986,-3.804107453674277e-05,0.0870000000000033,-0.00043725373030737157,0.026903225806451613,0.0,0.11494252873562785,-0.012024063156391226
26,2,1143426,0,200,22.8,0.04,4.17,19.324,0.03868584504740061,-3.359779231557791e-05,0.08699999999999974,-0.0003861815208687127,0.026903225806451613,0.0,0.0,-0.0033441925653714174
26,2,1143469,0,200,22.69,0.04,4.17,19.367,0.03886891140895667,-3.063931315790569e-05,0.08599999999999852,-0.00035627108323146763,0.026903225806451613,0.0,0.0,-0.004713502664649427
26,2,1143512,0,200,22.69,0.04,4.17,19.41,0.038280483818240764,-2.9693770631881833e-05,0.08599999999999852,-0.0003452764026963063,0.026903225806451613,0.0,0.0,-0.01216387784425683
26,2,1143555,0,200,22.58,0.04,4.17,19.453,0.037822817914350604,-3.076154806107212e-05,0.08699999999999974,-0.00035358101219623225,0.026903225806451613,-0.007415647015202093,0.0,-0.009018047367293787
26,2,1143599,0,200,22.47,0.04,4.07,19.497,0.03749591369728621,-3.348721804733934e-05,0.08699999999999974,-0.0003849105522682694,0.026258064516129033,-0.007415647015202093,0.0,-0.0060120315781958585
26,2,1143642,0,200,22.47,0.04,4.07,19.54,0.037299771167047566,-3.73644692178905e-05,0.08800000000000097,-0.00042459624111238734,0.026258064516129033,0.0,0.0,-0.0029718565187671505
26,2,1143687,0,200,22.36,0.04,4.07,19.585,0.037234390323634695,-4.1826878553661294e-05,0.08900000000000219,-0.0004699649275692165,0.026258064516129033,0.0,-0.11235955056179502,7.796510004389953e-17
26,2,1143731,0,200,22.25,0.03,4.07,19.629,0.03729977116704757,-4.6219223967356446e-05,0.08699999999999974,-0.0005312554479006504,0.026258064516129033,0.0,-0.11494252873563254,0.009431374538294682
26,2,1143774,0,200,22.14,0.03,4.07,19.672,0.03805491990846633,-4.9770202958907106e-05,0.08599999999999852,-0.00057872329021986,0.026258064516129033,-0.007501875468867341,0.11627906976744389,-0.0015204847305320733
26,2,1143817,0,200,22.14,0.04,3.97,19.715,0.03716900948022182,-5.167406393155538e-05,0.08699999999999974,-0.0005939547578339716,0.025612903225806453,-0.007415647015202093,0.11494252873563254,-0.0060120315781958585
26,2,1143861,0,200,22.14,0.04,3.97,19.759,0.03753187316116329,-5.1274307305520404e-05,0.08699999999999974,-0.0005893598540864432,0.025612903225806453,0.0,-0.11494252873563254,-0.00015030078945489246
26,2,1143904,0,200,22.03,0.03,3.97,19.802,0.03715593331153924,-4.826655051305018e-05,0.08599999999999852,-0.0005612389594540815,0.025612903225806453,0.0,0.0,-0.0003421090643696963
26,2,1143947,0,200,21.92,0.04,3.97,19.845,0.0375024517816275,-4.285295700895686e-05,0.08600000000000207,-0.0004982901977785561,0.025612903225806453,-0.007501875468867031,0.11627906976743908,-0.00015204847305328175
26,2,1143990,0,200,21.81,0.04,3.87,19.888,0.03714285714285666,-3.580783854510017e-05,0.08699999999999974,-0.0004115843510931066,0.024967741935483873,-0.007415647015202093,0.0,-0.006012031578195779
26,2,1144034,0,200,21.81,0.04,3.87,19.932,0.03697940503432447,-2.8397422094146306e-05,0.08899999999999864,-0.00031907215836119937,0.024967741935483873,0.0,0.0,-0.0014692324362444726
26,2,1144079,0,200,21.7,0.04,3.87,19.977,0.0370120954560309,-2.2103576073046584e-05,0.08800000000000097,-0.00025117700083007207,0.024967741935483873,0.0,0.0,0.0029718565187671505
26,2,1144122,0,200,21.7,0.04,3.87,20.02,0.03724092840797598,-1.819667831773808e-05,0.08699999999999974,-0.00020915722204296704,0.024967741935483873,0.0,0.0,0.013940398221941536
26,2,1144166,0,200,21.59,0.04,3.87,20.064,0.03822491010133981,-1.7321365822442924e-05,0.08699999999999974,-0.0001990961588786549,0.024967741935483873,0.0,-0.11494252873563254,0.010934382432843686
26,2,1144209,0,200,21.48,0.03,3.87,20.107,0.03819221967963338,-1.92873105803395e-05,0.08599999999999852,-0.00022427105325976548,0.024967741935483873,0.0,0.0,-0.006081938922128455
26,2,1144252,0,200,21.48,0.04,3.87,20.15,0.037701863354036774,-2.3171320785388526e-05,0.08600000000000207,-0.00026943396262079034,0.024967741935483873,0.0,0.0,-0.006233987395181324
26,2,1144295,0,200,21.37,0.03,3.87,20.193,0.03765609676364777,-2.7693839705765554e-05,0.08699999999999974,-0.0003183199966179958,0.024967741935483873,-0.007415647015202133,0.0,-0.008416844209474137
26,2,1144339,0,200,21.37,0.04,3.77,20.237,0.036969597907812526,-3.169834815047334e-05,0.08699999999999974,-0.00036434882931578663,0.02432258064516129,-0.007415647015202133,0.0,-0.023146321576053917
26,2,1144382,0,200,21.26,0.03,3.77,20.28,0.035642366786531085,-3.450316706092993e-05,0.08600000000000207,-0.0004011996169875476,0.02432258064516129,0.0,0.0,-0.015204847305320348
26,2,1144425,0,200,21.26,0.04,3.77,20.323,0.035661981039554945,-3.597055796885451e-05,0.08899999999999864,-0.00040416357268376475,0.02432258064516129,0.0,0.1123595505617995,-0.0004775005417795121
26,2,1144471,0,200,21.15,0.04,3.77,20.369,0.03559986923831271,-3.632207479748795e-05,0.08899999999999864,-0.000408113199971781,0.02432258064516129,0.0,0.0,-0.008227701642969125
26,2,1144514,0,200,21.04,0.04,3.77,20.412,0.034929715593330704,-3.588499445010473e-05,0.08599999999999852,-0.0004172673773268064,0.02432258064516129,0.0,0.0,-0.005663805621232034
26,2,1144557,0,200,21.04,0.04,3.77,20.455,0.03511278195488676,-3.495387105306591e-05,0.08699999999999974,-0.00040176863279386217,0.02432258064516129,-0.007415647015202093,-0.11494252873563254,-0.0024048126312782793
26,2,1144601,0,200,20.93,0.03,3.67,20.499,0.034720496894409494,-3.380555015948383e-05,0.0870000000000033,-0.00038856954206301786,0.02367741935483871,-0.00741564701520179,-0.11494252873562785,0.001164831118275389
26,2,1144644,0,200,20.93,0.03,3.67,20.542,0.035214122262176725,-3.275497779424042e-05,0.08600000000000207,-0.00038087183481673984,0.02367741935483871,0.0,0.0,0.0011783756661622477
26,2,1144687,0,200,20.82,0.03,3.67,20.585,0.03482183720169945,-3.2120771641201976e-05,0.08599999999999852,-0.0003734973446651457,0.02367741935483871,0.0,0.0,-0.0024327755688513175
26,2,1144730,0,200,20.71,0.03,3.67,20.628,0.035004903563255516,-3.209125888631448e-05,0.08699999999999974,-0.00036886504467028246,0.02367741935483871,0.0,0.11494252873563254,-0.005598704407194804
26,2,1144774,0,200,20.71,0.04,3.67,20.672,0.034334749918273504,-3.261054550892073e-05,0.08699999999999974,-0.0003748338564243773,0.02367741935483871,0.0,0.11494252873563254,-0.008416844209474137
26,2,1144817,0,200,20.6,0.04,3.67,20.715,0.03427263811703127,-3.340484955240042e-05,0.08800000000000097,-0.00037960056309545515,0.02367741935483871,-0.007331378299120149,-0.11363636363636241,-0.010735831674046549
26,2,1144862,0,200,20.6,0.03,3.57,20.76,0.0333899967309574,-3.414262194354034e-05,0.08899999999999864,-0.0003836249656577625,0.02303225806451613,-0.007249003262051574,-0.1123595505617995,-0.012635398951702698
26,2,1144906,0,200,20.49,0.03,3.57,20.804,0.033148087610329745,-3.4595908177259995e-05,0.08699999999999974,-0.0003976541169800011,0.02303225806451613,0.0,0.11494252873563254,-0.004245997302100772
26,2,1144949,0,200,20.49,0.04,3.57,20.847,0.03302059496567463,-3.467325677848665e-05,0.08600000000000207,-0.00040317740440099783,0.02303225806451613,0.0,0.0,-0.0077544721257134155
26,2,1144992,0,200,20.38,0.03,3.57,20.89,0.032481203007518375,-3.432770875171398e-05,0.08699999999999974,-0.0003945713649622308,0.02303225806451613,0.0,0.0,-0.00676353552547032
26,2,1145036,0,200,20.27,0.04,3.57,20.934,0.032432167374958715,-3.3472236750534454e-05,0.08699999999999974,-0.00038473835345442017,0.02303225806451613,0.0,0.0,0.0005636279604558667
26,2,1145079,0,200,20.27,0.03,3.57,20.977,0.032530238640078035,-3.2026305674409004e-05,0.08599999999999852,-0.0003723989031908088,0.02303225806451613,-0.007501875468867341,-0.11627906976744389,0.0
26,2,1145122,0,200,20.16,0.03,3.47,21.02,0.032432167374958715,-3.007705229475599e-05,0.08599999999999852,-0.00034973316621809893,0.022387096774193548,-0.007501875468867341,0.0,-0.004561454191596301
26,2,1145165,0,200,20.16,0.03,3.47,21.063,0.03213795357960076,-2.800190765048294e-05,0.08699999999999974,-0.0003218610074768163,0.022387096774193548,0.0,0.0,-0.009018047367293707
26,2,1145209,0,200,20.05,0.03,3.47,21.107,0.031647597254004164,-2.640168023816303e-05,0.08900000000000219,-0.00029664809256362224,0.022387096774193548,0.0,0.0,-0.009366356781058315
26,2,1145254,0,200,19.94,0.03,3.47,21.152,0.03130434782608655,-2.584114259388759e-05,0.08800000000000097,-0.0002936493476578103,0.022387096774193548,0.0,0.0,0.0041234509197895204
26,2,1145297,0,200,20.05,0.03,3.47,21.195,0.032010460934945646,-2.6555621784933426e-05,0.08699999999999974,-0.00030523703201072993,0.022387096774193548,0.0,0.0,0.0015030078945489247
26,2,1145341,0,200,19.94,0.03,3.47,21.239,0.031435109512912306,-2.8318693588197163e-05,0.08699999999999974,-0.00032550222515169246,0.022387096774193548,0.0,0.0,-0.005110226841466423
26,2,1145384,0,200,19.83,0.03,3.47,21.282,0.03156587119973807,-3.0557789354043405e-05,0.08599999999999852,-0.00035532313202376665,0.022387096774193548,-0.007501875468867341,0.11627906976744389,0.011251587005937584
26,2,1145427,0,200,19.72,0.04,3.37,21.325,0.03240274599542292,-3.263691481917075e-05,0.08800000000000097,-0.0003708740320360272,0.021741935483870968,-0.007331378299120149,0.11363636363636241,0.010810128087015689
26,2,1145472,0,200,19.72,0.04,3.37,21.37,0.03251716247139546,-3.4116069168686366e-05,0.08800000000000097,-0.0003876826041896135,0.021741935483870968,0.0,-0.11363636363636241,0.010995869119438693
26,2,1145515,0,200,19.61,0.03,3.37,21.413,0.03337038247793354,-3.483095885297205e-05,0.08599999999999852,-0.0004050111494531703,0.021741935483870968,0.0,-0.11627906976744389,0.011821768779887052
26,2,1145558,0,200,19.61,0.03,3.37,21.456,0.03353383458646573,-3.479438135733703e-05,0.08599999999999852,-0.00040458582973648406,0.021741935483870968,0.0,0.0,0.00228072709579811
26,2,1145601,0,200,19.5,0.03,3.37,21.499,0.03356652500817217,-3.406439584825094e-05,0.08999999999999986,-0.0003784932872027888,0.021741935483870968,0.0,0.0,-0.000726453815698646
26,2,1145648,0,200,19.39,0.03,3.37,21.546,0.03346845374305285,-3.272260595137988e-05,0.08999999999999986,-0.00036358451057088816,0.021741935483870968,-0.007168458781362013,0.11111111111111131,-0.009843449202716827
26,2,1145691,0,200,19.39,0.04,3.27,21.589,0.03268061457992766,-3.096688490062727e-05,0.08600000000000207,-0.00036008005698402935,0.021096774193548388,-0.007501875468867031,0.0,-0.016231174498429476
26,2,1145734,0,200,19.28,0.03,3.27,21.632,0.03207257273618788,-2.918376382034804e-05,0.08600000000000207,-0.00033934609093427137,0.021096774193548388,0.0,0.0,-0.005929890449075002
26,2,1145777,0,200,19.28,0.04,3.27,21.675,0.032170644001307196,-2.7863249578193196e-05,0.08699999999999974,-0.0003202672365309572,0.021096774193548388,0.0,0.0,-0.006425358749196752
26,2,1145821,0,200,19.17,0.03,3.27,21.719,0.031513566525007766,-2.7360558473137343e-05,0.08699999999999974,-0.00031448917785215427,0.021096774193548388,0.0,-0.11494252873563254,-0.007364738683289811
26,2,1145864,0,200,19.17,0.03,3.27,21.762,0.031529911735860984,-2.766275454015288e-05,0.08599999999999852,-0.0003216599365134111,0.021096774193548388,0.0,0.0,0.008210617544873277
26,2,1145907,0,200,19.06,0.03,3.27,21.805,0.032219679633866856,-2.8345334402615662e-05,0.08599999999999852,-0.0003295969116583273,0.021096774193548388,0.0,0.0,0.01775165922896222
26,2,1145950,0,200,19.06,0.03,3.27,21.848,0.03305655442955171,-2.8785189507356533e-05,0.08699999999999974,-0.0003308642472109956,0.021096774193548388,-0.007415647015202093,0.0,0.010934382432843686
26,2,1145994,0,200,18.95,0.03,3.17,21.892,0.033170970905524254,-2.8519778470891932e-05,0.08900000000000219,-0.0003204469491111374,0.020451612903225808,-0.007249003262051285,0.0,0.000734616218122285
26,2,1146039,0,200,18.84,0.03,3.17,21.937,0.033121935272964594,-2.7528585102294832e-05,0.08800000000000097,-0.0003128248307078924,0.020451612903225808,0.0,0.0,-0.0029718565187672294
26,2,1146082,0,200,18.84,0.03,3.17,21.98,0.032909447531872735,-2.6252087347859555e-05,0.08699999999999974,-0.0003017481304351682,0.020451612903225808,0.0,0.11494252873563254,-0.00676353552547032
26,2,1146126,0,200,18.84,0.04,3.17,22.024,0.03253350768224868,-2.534000660497515e-05,0.08699999999999974,-0.0002912644437353474,0.020451612903225808,0.0,0.11494252873563254,-0.00015030078945489246
26,2,1146169,0,200,18.73,0.04,3.17,22.067,0.03289637136319016,-2.5299500508319638e-05,0.08599999999999852,-0.00029418023846883805,0.020451612903225808,0.0,-0.11627906976744389,0.0004181333008962597
26,2,1146212,0,200,18.73,0.03,3.17,22.11,0.032569467146125755,-2.6260198070858552e-05,0.08699999999999974,-0.0003018413571363061,0.020451612903225808,0.0,0.0,0.0013527071050940323
26,2,1146256,0,200,18.62,0.04,3.17,22.154,0.03301405688133334,-2.7970728553262436e-05,0.08699999999999974,-0.0003215026270489945,0.020451612903225808,-0.006674082313681888,0.0,0.002667839012824521
26,2,1146299,0,200,18.62,0.03,3.08,22.197,0.03280156914024149,-2.9978180141081e-05,0.08599999999999852,-0.0003485834900125758,0.019870967741935485,-0.006751687921980611,-0.11627906976744389,-0.006081938922128374
26,2,1146342,0,200,18.51,0.03,3.08,22.24,0.03249101013403031,-3.183155101665269e-05,0.08900000000000219,-0.00035765787659159445,0.019870967741935485,0.0,0.0,-0.008080778399344433
26,2,1146388,0,200,18.51,0.03,3.08,22.286,0.032082379862699816,-3.3172084675054505e-05,0.08900000000000219,-0.00037272005252869314,0.019870967741935485,0.0,0.0,-0.0165655957186561
26,2,1146431,0,200,18.4,0.03,3.08,22.329,0.03101667211506988,-3.3708257921548854e-05,0.08599999999999852,-0.00039195648745987715,0.019870967741935485,0.0,0.0,-0.015813041197533885
26,2,1146474,0,200,18.4,0.03,3.08,22.372,0.030722458319711925,-3.319469138898157e-05,0.08599999999999852,-0.0003859847835928156,0.019870967741935485,0.0,0.0,-0.008362666017926564
26,2,1146517,0,200,18.29,0.03,3.08,22.415,0.030297482837528207,-3.152228935977242e-05,0.08699999999999974,-0.00036232516505485643,0.019870967741935485,-0.007415647015202133,0.0,-0.011272559209117175
26,2,1146561,0,200,18.18,0.03,2.98,22.459,0.029741745668518733,-2.8890487023741417e-05,0.08699999999999974,-0.00033207456349128165,0.0192258064516129,-0.007415647015202133,0.0,-0.003907820525827284
26,2,1146604,0,200,18.18,0.03,2.98,22.502,0.029957502451781234,-2.5902210816555636e-05,0.08600000000000207,-0.00030118849786691873,0.0192258064516129,0.0,0.0,0.007868508480503337
26,2,1146647,0,200,18.07,0.03,2.98,22.545,0.030418437397842037,-2.3430714397727482e-05,0.08699999999999974,-0.00026931855629571896,0.0192258064516129,0.0,0.0,-0.0030060157890978495
26,2,1146691,0,200,18.07,0.03,2.98,22.589,0.029695979078129722,-2.2263216075111725e-05,0.08699999999999974,-0.0002558990353461125,0.0192258064516129,0.0,0.0,0.0030060157890978495
26,2,1146734,0,200,17.96,0.03,2.98,22.632,0.03067996077149355,-2.269950920561925e-05,0.08800000000000097,-0.00025794896824567047,0.0192258064516129,0.0,0.0,0.015267912865166492
26,2,1146779,0,200,17.96,0.03,2.98,22.677,0.03103955541026439,-2.4337788480810473e-05,0.08899999999999864,-0.0002734582975372005,0.0192258064516129,0.0,0.0,0.0073461621812225195
26,2,1146823,0,200,17.85,0.03,2.98,22.721,0.03133376920562234,-2.6191609134923244e-05,0.08699999999999974,-0.000301052978562337,0.0192258064516129,0.0,0.11494252873563254,-0.00041332717100097424
26,2,1146866,0,200,17.85,0.04,2.98,22.764,0.031003595946387304,-2.7116043397653834e-05,0.08599999999999852,-0.00031530283020528256,0.0192258064516129,-0.007501875468867341,0.0,0.0016725332035853614
26,2,1146909,0,200,17.85,0.03,2.88,22.807,0.03147760706113068,-2.6354598342607007e-05,0.10500000000000043,-0.0002509961746914943,0.01858064516129032,-0.006144393241167405,-0.09523809523809487,0.00809477108921357
26,2,1146971,0,200,17.73,0.03,2.88,22.869,0.03185354691075473,-2.3930656436014442e-05,0.10500000000000043,-0.0002279110136763271,0.01858064516129032,0.0,0.0,0.00622674699170271
26,2,1147014,0,200,17.62,0.03,2.88,22.912,0.03213141549525947,-2.066956264983455e-05,0.08599999999999852,-0.00024034375174226632,0.01858064516129032,0.0,0.0,0.005321696556862418
26,2,1147057,0,200,17.62,0.03,2.88,22.955,0.03231121281464489,-1.7835304097008287e-05,0.08600000000000207,-0.00020738725694195183,0.01858064516129032,0.0,0.0,0.003040969461064102
26,2,1147100,0,200,17.51,0.03,2.88,22.998,0.03239293886891099,-1.6569696919471965e-05,0.0870000000000033,-0.000190456286430705,0.01858064516129032,0.0,0.11494252873562785,0.0007515039472744317
26,2,1147144,0,200,17.51,0.04,2.88,23.042,0.03237659365805777,-1.7402462713743017e-05,0.08899999999999864,-0.00019553328891846387,0.01858064516129032,0.0,0.0,-0.0014692324362444726
26,2,1147189,0,200,17.4,0.03,2.88,23.087,0.03226217718208523,-2.004176215861575e-05,0.08799999999999741,-0.00022774729725700386,0.01858064516129032,0.0,-0.113636363636367,-0.003714820648459167
26,2,1147232,0,200,17.4,0.03,2.88,23.13,0.03204968944099337,-2.3522898647019286e-05,0.08699999999999974,-0.00027037814536803856,0.01858064516129032,0.0,0.0,-0.0060120315781958585
26,2,1147276,0,200,17.4,0.03,2.88,23.174,0.031739130434782194,-2.664486023740764e-05,0.08699999999999974,-0.000306262761349514,0.01858064516129032,-0.007415647015202093,0.11494252873563254,-0.008266543420019245
26,2,1147319,0,200,17.29,0.04,2.78,23.217,0.0313305001634517,-2.8494340969867248e-05,0.08699999999999974,-0.0003275211605731877,0.01793548387096774,-0.007415647015202093,0.0,-0.00015030078945489246
26,2,1147363,0,200,17.18,0.03,2.78,23.261,0.03172605426609962,-2.8800209147201716e-05,0.08699999999999974,-0.000331036886749446,0.01793548387096774,0.0,-0.11494252873563254,0.001916335065549899
26,2,1147406,0,200,17.18,0.03,2.78,23.304,0.03149722131415454,-2.794172850457688e-05,0.08600000000000207,-0.00032490381982065356,0.01793548387096774,0.0,0.0,-0.006081938922128123
26,2,1147449,0,200,17.07,0.03,2.78,23.347,0.031203007518796587,-2.6632568500933207e-05,0.08699999999999974,-0.00030612147702222166,0.01793548387096774,0.0,0.0,-0.007515039472744783
26,2,1147493,0,200,17.07,0.03,2.78,23.391,0.030843412880025747,-2.548805713475799e-05,0.08699999999999974,-0.0002929661739627364,0.01793548387096774,0.0,0.0,-0.009018047367293707
26,2,1147536,0,200,16.96,0.03,2.78,23.434,0.030418437397842037,-2.4725677444623616e-05,0.08900000000000219,-0.00027781660050138214,0.01793548387096774,0.0,0.0,-0.010284627053711054
26,2,1147582,0,200,16.85,0.03,2.78,23.48,0.02992808107224544,-2.4139385928878987e-05,0.08899999999999864,-0.0002712290553806669,0.01793548387096774,-0.007249003262051574,0.0,-0.0016161556798689979
26,2,1147625,0,200,16.96,0.03,2.68,23.523,0.030274599542333698,-2.331990326376321e-05,0.08599999999999852,-0.00027116166585771636,0.01729032258064516,0.0,0.0,0.001178375666162377
26,2,1147668,0,200,16.85,0.03,2.78,23.566,0.030029421379535404,-2.1972019753205618e-05,0.08699999999999974,-0.0002525519511862722,0.01793548387096774,0.0,0.0,-0.006012031578195779
26,2,1147712,0,200,16.74,0.03,2.68,23.61,0.029751552795030667,-2.0158375183028544e-05,0.08699999999999974,-0.000231705461873892,0.01729032258064516,-0.007415647015202093,0.0,-0.00676353552547032
26,2,1147755,0,200,16.85,0.03,2.68,23.653,0.029440993788819488,-1.835404980884725e-05,0.08600000000000207,-0.00021341918382380008,0.01729032258064516,0.0,0.0,0.0028889209880109006
26,2,1147798,0,200,16.74,0.03,2.68,23.696,0.02999999999999961,-1.727956139371134e-05,0.08699999999999974,-0.00019861564820357919,0.01729032258064516,0.0,0.0,0.006425358749196832
26,2,1147842,0,200,16.63,0.03,2.68,23.74,0.02999999999999961,-1.7573776536826014e-05,0.08699999999999974,-0.00020199743145777086,0.01729032258064516,0.0,0.0,-0.006425358749196832
26,2,1147885,0,200,16.63,0.03,2.68,23.783,0.029440993788819488,-1.9454197578504305e-05,0.0870000000000033,-0.00022361146641958123,0.01729032258064516,0.0,0.0,-0.00285571499964292
26,2,1147929,0,200,16.52,0.03,2.68,23.827,0.029751552795030667,-2.253911240866735e-05,0.08899999999999864,-0.0002532484540299741,0.01729032258064516,0.0,0.0,0.006611545963100283
26,2,1147974,0,200,16.52,0.03,2.68,23.872,0.030029421379535404,-2.594248257900533e-05,0.08899999999999864,-0.00029148856830343514,0.01729032258064516,0.0,0.0,0.0058769297449779686
26,2,1148018,0,200,16.41,0.03,2.68,23.916,0.030274599542333698,-2.8622605765906696e-05,0.08699999999999974,-0.00032899546857364115,0.01729032258064516,-0.007415647015202093,0.0,0.005260527630921316
26,2,1148061,0,200,16.41,0.03,2.58,23.959,0.030487087283425557,-2.9826139769345337e-05,0.08599999999999852,-0.00034681557871332384,0.01664516129032258,-0.007501875468867341,0.0,0.004561454191596301
26,2,1148104,0,200,16.41,0.03,2.58,24.002,0.030666884602810973,-2.9395540043412715e-05,0.08699999999999974,-0.00033787977061394025,0.01664516129032258,0.0,0.0,0.0037575197363723914
26,2,1148148,0,200,16.3,0.03,2.58,24.046,0.030813991500489954,-2.777099260269944e-05,0.08699999999999974,-0.00031920681152528186,0.01664516129032258,0.0,0.0,0.0030060157890979293
26,2,1148191,0,200,16.3,0.03,2.58,24.089,0.030928407976462492,-2.5701861109257874e-05,0.08600000000000207,-0.0002988588501076425,0.01664516129032258,0.0,0.0,0.0022807270957980966
26,2,1148234,0,200,16.08,0.03,2.58,24.132,0.031010134030728595,-2.3857792009086775e-05,0.08699999999999974,-0.00027422749435732004,0.01664516129032258,0.0,0.0,0.0015030078945490045
26,2,1148278,0,200,16.08,0.03,2.58,24.176,0.031059169663288255,-2.256748186970414e-05,0.08699999999999974,-0.00025939634332993345,0.01664516129032258,0.0,0.11494252873563254,0.0007515039472744624
26,2,1148321,0,200,16.08,0.04,2.58,24.219,0.031075514874141473,-2.180501714045313e-05,0.09600000000000009,-0.00022713559521305324,0.01664516129032258,-0.006720430107526871,0.0,0.0
26,2,1148374,0,200,16.08,0.03,2.48,24.272,0.031059169663288255,-2.1382423157475294e-05,0.09699999999999775,-0.00022043735213892566,0.016,0.0,-0.10309278350515705,-0.0006740293135348407
26,2,1148418,0,200,15.97,0.03,2.58,24.316,0.031010134030728595,-2.1198023523544497e-05,0.08800000000000097,-0.00024088663094936664,0.01664516129032258,0.0,0.0,-0.0014859282593836542
26,2,1148462,0,200,15.97,0.03,2.48,24.36,0.030928407976462492,-2.138371412498241e-05,0.08699999999999974,-0.0002457898175285342,0.016,-0.007415647015202093,0.0,-0.0022545118418234667
26,2,1148505,0,200,15.86,0.03,2.48,24.403,0.030813991500489954,-2.2264049686533837e-05,0.08600000000000207,-0.00025888429868061976,0.016,0.0,0.0,-0.003040969461064102
26,2,1148548,0,200,15.86,0.03,2.48,24.446,0.030666884602810973,-2.413353882550684e-05,0.08699999999999974,-0.0002773969979943323,0.016,0.0,0.0,-0.0037575197363723914
26,2,1148592,0,200,15.75,0.03,2.48,24.49,0.030487087283425557,-2.695260892541951e-05,0.08699999999999974,-0.00030980010259102974,0.016,0.0,0.0,-0.0045090236836468536
26,2,1148635,0,200,15.75,0.03,2.48,24.533,0.030274599542333698,-3.0133411950496126e-05,0.0870000000000033,-0.0003463610569022412,0.016,0.0,0.0,-0.005260527630921101
26,2,1148679,0,200,15.75,0.03,2.48,24.577,0.030029421379535404,-3.257934223505688e-05,0.08699999999999974,-0.00037447519810410314,0.016,0.0,0.0,-0.006012031578195779
26,2,1148722,0,200,15.64,0.03,2.48,24.62,0.029751552795030667,-3.302803884767469e-05,0.08899999999999864,-0.0003711015600862381,0.016,-0.0072490032620515935,0.0,-0.006611545963100283
26,2,1148768,0,200,15.64,0.03,2.38,24.666,0.029440993788819488,-3.0575201938292996e-05,0.08899999999999864,-0.0003435415948122861,0.015354838709677418,-0.0072490032620515935,0.0,0.002791541628864576
26,2,1148811,0,200,15.53,0.03,2.38,24.709,0.02999999999999961,-2.513127311910912e-05,0.08699999999999974,-0.0002888652082656229,0.015354838709677418,0.0,0.0,0.006425358749196832
26,2,1148855,0,200,15.53,0.03,2.38,24.753,0.02999999999999961,-1.7580695850334836e-05,0.08699999999999974,-0.00020207696379695274,0.015354838709677418,0.0,0.0,-0.006425358749196832
26,2,1148898,0,200,15.42,0.03,2.38,24.796,0.029440993788819488,-9.57164479060113e-06,0.08599999999999852,-0.00011129819523954994,0.015354838709677418,0.0,0.0,-0.00288892098801102
26,2,1148941,0,200,15.42,0.03,2.38,24.839,0.029751552795030667,-3.0432059349942973e-06,0.08699999999999974,-3.4979378563152944e-05,0.015354838709677418,0.0,0.0,0.00676353552547032
26,2,1148985,0,200,15.42,0.03,2.38,24.883,0.030029421379535404,3.22954909540929e-07,0.08699999999999974,3.712125397022183e-06,0.015354838709677418,0.0,0.0,0.006012031578195779
26,2,1149028,0,200,15.31,0.03,2.38,24.926,0.030274599542333698,-4.3398877752576224e-07,0.08600000000000207,-5.0463811340203695e-06,0.015354838709677418,0.0,0.0,0.005321696556862118
26,2,1149071,0,200,15.2,0.03,2.38,24.969,0.030487087283425557,-5.273317713987425e-06,0.08600000000000207,-6.131764783706159e-05,0.015354838709677418,0.0,0.0,0.004561454191596113
26,2,1149114,0,200,15.2,0.03,2.38,25.012,0.030666884602810973,-1.3105841362644366e-05,0.08899999999999864,-0.00014725664452409624,0.015354838709677418,0.0,0.0,0.0036730810906112597
26,2,1149160,0,200,15.2,0.03,2.38,25.058,0.030813991500489954,-2.2002894785386305e-05,0.08899999999999864,-0.00024722353691445666,0.015354838709677418,0.0,0.0,0.0029384648724890233
26,2,1149203,0,200,15.2,0.03,2.38,25.101,0.030928407976462492,-2.964858395368841e-05,0.08699999999999974,-0.00034078832130676436,0.015354838709677418,0.0,0.0,0.0022545118418234667
26,2,1149247,0,200,15.09,0.03,2.38,25.145,0.031010134030728595,-3.395888088040921e-05,0.08699999999999974,-0.0003903319641426358,0.015354838709677418,-0.007415647015202093,0.0,0.0015030078945490045
26,2,1149290,0,200,15.09,0.03,2.28,25.188,0.031059169663288255,-3.370268565054113e-05,0.08600000000000207,-0.0003918916936109339,0.014709677419354838,-0.007501875468867031,0.11627906976743908,0.0007602423652660053
26,2,1149333,0,200,14.98,0.04,2.28,25.231,0.031075514874141473,-2.890297806035802e-05,0.08600000000000207,-0.00033608114023671304,0.014709677419354838,0.0,0.0,0.0
26,2,1149376,0,200,14.98,0.03,2.28,25.274,0.031059169663288255,-2.0848273134252528e-05,0.08699999999999974,-0.00023963532338221367,0.014709677419354838,0.0,-0.11494252873563254,-0.0007515039472744624
26,2,1149420,0,200,14.87,0.03,2.28,25.318,0.031010134030728595,-1.1707605260473653e-05,0.08699999999999974,-0.00013457017540774354,0.014709677419354838,0.0,0.0,-0.0015030078945490045
26,2,1149463,0,200,14.87,0.03,2.28,25.361,0.030928407976462492,-3.90720518252774e-06,0.08599999999999852,-4.543261840148613e-05,0.014709677419354838,0.0,0.0,-0.0022807270957981907
26,2,1149506,0,200,14.76,0.03,2.28,25.404,0.030813991500489954,5.153565683713169e-07,0.08899999999999864,5.790523240127245e-06,0.014709677419354838,0.0,0.0,-0.0029384648724890233
26,2,1149552,0,200,14.76,0.03,2.28,25.45,0.030666884602810973,4.125271840385025e-07,0.08899999999999864,4.635136899309088e-06,0.014709677419354838,0.0,0.0,-0.0036730810906112597
26,2,1149595,0,200,14.76,0.03,2.28,25.493,0.030487087283425557,-4.204375983696717e-06,0.08600000000000207,-4.888809283368158e-05,0.014709677419354838,0.0,0.0,-0.004561454191596113
26,2,1149638,0,200,14.65,0.03,2.28,25.536,0.030274599542333698,-1.2161519577500002e-05,0.08699999999999974,-0.00013978758135057515,0.014709677419354838,0.0,0.0,-0.005260527630921316
26,2,1149682,0,200,14.65,0.03,2.28,25.58,0.030029421379535404,-2.1386603604122368e-05,0.08699999999999974,-0.0002458230299324417,0.014709677419354838,0.0,0.0,-0.006012031578195779
26,2,1149725,0,200,14.65,0.03,2.28,25.623,0.029751552795030667,-2.9412122224505845e-05,0.08600000000000207,-0.000342001421215176,0.014709677419354838,0.0,0.0,-0.006842181287394209
26,2,1149768,0,200,14.54,0.03,2.28,25.666,0.029440993788819488,-3.4031887505101996e-05,0.08699999999999974,-0.0003911711207483,0.014709677419354838,-0.007415647015202073,0.0,0.002855714999643037
26,2,1149812,0,200,14.54,0.03,2.18,25.71,0.02999999999999961,-3.394264755145704e-05,0.08699999999999974,-0.00039014537415467973,0.01406451612903226,-0.007415647015202073,0.0,0.006425358749196832
26,2,1149855,0,200,14.43,0.03,2.18,25.753,0.02999999999999961,-2.915030004287722e-05,0.08599999999999852,-0.0003389569772427642,0.01406451612903226,0.0,0.0,0.0
26,2,1149898,0,200,14.43,0.03,2.18,25.796,0.02999999999999961,-2.0974724871425375e-05,0.08899999999999864,-0.00023567106597107524,0.01406451612903226,0.0,0.0,0.0
26,2,1149944,0,200,14.32,0.03,2.18,25.842,0.02999999999999961,-1.165068712863926e-05,0.08900000000000219,-0.0001309065969509997,0.01406451612903226,0.0,0.0,0.0
26,2,1149987,0,200,14.43,0.03,2.18,25.885,0.02999999999999961,-3.6863763192562793e-06,0.08600000000000207,-4.286484092158361e-05,0.01406451612903226,0.0,0.0,0.0
26,2,1150030,0,200,14.32,0.03,2.18,25.928,0.02999999999999961,8.023509226511294e-07,0.08699999999999974,9.22242439828887e-06,0.01406451612903226,0.0,0.0,0.0
26,2,1150074,0,200,14.21,0.03,2.18,25.972,0.02999999999999961,6.132864749521794e-07,0.08699999999999974,7.049269827036565e-06,0.01406451612903226,0.0,0.0,0.0
26,2,1150117,0,200,14.21,0.03,2.18,26.015,0.02999999999999961,-4.255293500225576e-06,0.08599999999999852,-4.9480156979368016e-05,0.01406451612903226,0.0,0.0,-0.006500072223024795
26,2,1150160,0,200,14.21,0.03,2.18,26.058,0.029440993788819488,-1.2588115143992606e-05,0.08599999999999852,-0.00014637343190689327,0.01406451612903226,0.0,0.0,-0.00288892098801102
26,2,1150203,0,200,14.21,0.03,2.18,26.101,0.029751552795030667,-2.2213606092478244e-05,0.08699999999999974,-0.0002553288056606702,0.01406451612903226,0.0,0.0,0.00676353552547032
26,2,1150247,0,200,14.1,0.03,2.18,26.145,0.030029421379535404,-3.051818899857617e-05,0.08699999999999974,-0.00035078378159283057,0.01406451612903226,0.0,0.0,0.006012031578195779
26,2,1150290,0,200,13.99,0.03,2.18,26.188,0.030274599542333698,-3.5131790038125835e-05,0.08399999999999963,-0.00041823559569197603,0.01406451612903226,-0.007680491551459343,0.0,0.005448403617739943
26,2,1150331,0,200,13.99,0.03,2.08,26.229,0.030487087283425557,-3.461630498248702e-05,0.08500000000000085,-0.0004072506468527844,0.013419354838709678,-0.007590132827324418,0.0,0.0046151183585561315
26,2,1150375,0,200,13.99,0.03,2.08,26.273,0.030666884602810973,-2.893054645226245e-05,0.08699999999999974,-0.0003325350166926728,0.013419354838709678,0.0,0.0,0.0037575197363723914
26,2,1150418,0,200,13.99,0.03,2.08,26.316,0.030813991500489954,-1.9492716687917077e-05,0.08600000000000207,-0.00022665949637112333,0.013419354838709678,0.0,0.0,0.004616744545438477
26,2,1150461,0,200,13.88,0.03,2.08,26.359,0.031063924633718692,-8.818883419714928e-06,0.08600000000000207,-0.00010254515604319437,0.013419354838709678,0.0,0.0,0.0053750671067518425
26,2,1150504,0,200,13.88,0.03,2.08,26.402,0.031276247271670624,1.221338504886482e-07,0.08699999999999974,1.4038373619384893e-06,0.013419354838709678,0.0,0.0,0.00422815857203929
26,2,1150548,0,200,13.88,0.03,2.08,26.446,0.03143177442948611,4.636163183516562e-06,0.08799999999999741,5.268367253996248e-05,0.013419354838709678,0.0,0.113636363636367,0.002671293757210178
26,2,1150592,0,200,13.77,0.04,2.08,26.49,0.03151132112230511,2.94872385014866e-06,0.08699999999999974,3.389337758791573e-05,0.013419354838709678,0.0,0.0,0.0007348038595573052
26,2,1150635,0,200,13.77,0.03,2.08,26.533,0.031495702365267594,-5.338568991635206e-06,0.0870000000000033,-6.136286197281614e-05,0.013419354838709678,0.0,-0.11494252873562785,-0.0016734246987539989
26,2,1150679,0,200,13.66,0.03,2.08,26.577,0.03136573317351351,-1.905640064948555e-05,0.08899999999999864,-0.000214116861230178,0.013419354838709678,0.0,0.0,-0.0044210539672447985
26,2,1150724,0,200,13.66,0.03,2.08,26.622,0.031102228562182813,-3.5608151642346096e-05,0.08799999999999741,-0.00040463808684485387,0.013419354838709678,0.0,0.0,-0.007724200307932585
26,2,1150767,0,200,13.66,0.03,2.08,26.665,0.03068600354641546,-5.148354848636272e-05,0.08699999999999974,-0.0005917649251306077,0.013419354838709678,0.0,0.0,-0.011544315181970062
26,2,1150811,0,200,13.55,0.03,2.08,26.709,0.03009787314135142,-6.310383961006182e-05,0.08699999999999974,-0.0007253314897708277,0.013419354838709678,-0.007415647015202113,0.0,-0.01571668027913586
26,2,1150854,0,200,13.55,0.03,1.98,26.752,0.029318652362130646,0.0,0.0,0.0,0.012774193548387096,0.0,0.0,0.0
