MS,MPT,t (ms),PWMi,PWMe,Pressure (Psi),LW raw(V),Displacement (mm),t_rel(s),LW (V),delta d (m),delta t (s),vel (m/s),strain,strain rate (1/s),dv/dt raw,dv/dt
26,4,1177786,0,200,13.44,0.03,1.98,0.0,-0.022979484283831873,0.0,0.0,0.0,0.0,0.0,0.0,0.0
26,4,1177827,255,0,13.44,0.04,1.98,0.041,0.025349143610013346,0.002516742086999932,0.083,0.03032219381927629,0.012774193548387096,0.007773027594247975,0.12048192771084339,1.1785165566423306
26,4,1177869,255,0,16.52,0.04,2.08,0.083,0.07483738991748158,0.0029364775013839073,0.08299999999999999,0.03537924700462539,0.013419354838709678,0.16245627671978238,0.24096385542168675,1.20004003850603
26,4,1177910,255,0,31.94,0.06,4.07,0.124,0.12495246680601382,0.00348001569941868,0.083,0.04192789999299614,0.026258064516129033,0.4244073066459385,1.0843373493975903,1.2087252593442104
26,4,1177952,255,0,45.93,0.13,7.54,0.166,0.17516158644305105,0.003973958730214289,0.08299999999999999,0.04787902084595529,0.04864516129032258,0.5316750874465606,1.8072289156626506,1.2045722191568733
26,4,1177993,255,0,55.4,0.21,10.91,0.207,0.2249319609960343,0.00426344961292414,0.08299999999999999,0.051366862806314945,0.07038709677419355,0.4624951418577537,1.927710843373494,1.187580917944017
26,4,1178035,255,0,61.79,0.29,13.49,0.249,0.27373080263240446,0.004256800261749909,0.08399999999999999,0.050676193592260825,0.08703225806451613,0.34331797235023054,1.6666666666666667,1.1439686014710535
26,4,1178077,255,0,66.41,0.35,15.38,0.291,0.3210253235196028,0.003944514722225399,0.08500000000000002,0.04640605555559292,0.09922580645161291,0.2565464895635674,1.2941176470588238,1.0888462728548882
26,4,1178120,255,0,69.94,0.4,16.87,0.334,0.36628273582507,0.003390545582432793,0.08500000000000002,0.03988877155803285,0.10883870967741936,0.18823529411764686,1.0588235294117647,1.0346462140781698
26,4,1178162,255,0,72.69,0.44,17.86,0.376,0.40897025171624724,0.0027040116367174675,0.08299999999999996,0.032578453454427336,0.1152258064516129,0.13835989117761358,0.8433734939759034,0.9912331028373446
26,4,1178203,255,0,74.89,0.47,18.65,0.417,0.44855508336056954,0.002004242913147035,0.08200000000000002,0.024441986745695542,0.12032258064516128,0.11723052714398123,0.7317073170731706,0.9363812500497541
26,4,1178244,255,0,76.76,0.5,19.35,0.458,0.4857535142203271,0.0013908024221224516,0.08300000000000002,0.016756655688222304,0.12483870967741936,0.0924990283715508,0.6024096385542173,0.8256891574142157
26,4,1178286,255,0,78.41,0.52,19.84,0.5,0.5170872834259495,0.0009254590914753464,0.08300000000000002,0.011150109535847545,0.128,0.07695297318305482,0.4819277108433738,0.6559746668924717
26,4,1178327,255,0,79.85,0.54,20.34,0.541,0.5401994115724023,0.0006277134657799195,0.08299999999999996,0.007562812840721926,0.13122580645161291,0.06995724834823158,0.3614457831325306,0.45794160624189545
26,4,1178369,255,0,81.28,0.55,20.74,0.583,0.5550964367440268,0.00048133834736978896,0.08199999999999996,0.005869979845973039,0.13380645161290322,0.05428796223446092,0.24390243902439057,0.29859909583077265
26,4,1178409,255,0,82.49,0.56,21.03,0.623,0.5646845374305256,0.0004472893360072021,0.08100000000000007,0.005522090567990145,0.1356774193548387,0.05495818399044219,0.2469135802469122,0.20417388075663914
26,4,1178450,255,0,83.7,0.57,21.43,0.664,0.5716345210853145,0.0004781350862586997,0.08499999999999996,0.005625118661867058,0.13825806451612904,0.053130929791271375,0.11764705882352826,0.14979905005480168
26,4,1178494,255,0,84.8,0.57,21.73,0.708,0.5774174566851837,0.0005302315511322,0.08499999999999996,0.00623801824861412,0.14019354838709677,0.04554079696394694,0.11764705882352956,0.12149299078899159
26,4,1178535,255,0,85.79,0.58,22.03,0.749,0.5819614253023788,0.00057151974933862,0.08300000000000007,0.0068857801125134874,0.14212903225806453,0.038087835211814906,0.12048192771084337,0.09866205587304877
26,4,1178577,255,0,86.78,0.58,22.22,0.791,0.5856064073226468,0.0005844959545474211,0.08299999999999996,0.007042119934306282,0.1433548387096774,0.038087835211814955,0.12048192771084354,0.07892964469843992
26,4,1178618,255,0,87.67,0.59,22.52,0.832,0.5885125858123493,0.000565169406101429,0.08199999999999996,0.006892309830505235,0.14529032258064517,0.04720692368214012,0.12195121951219529,0.061234741147672515
26,4,1178659,255,0,88.44,0.59,22.82,0.873,0.5906276560967559,0.0005194570162790555,0.08300000000000007,0.0062585182684223506,0.1472258064516129,0.03886513797123953,0.0,0.04872054415766877
26,4,1178701,255,0,89.21,0.59,23.02,0.915,0.5925563909774358,0.00045852875501007517,0.08299999999999996,0.005524442831446691,0.14851612903225805,0.023319082782744083,0.0,0.035092970771612
26,4,1178742,255,0,89.98,0.59,23.12,0.956,0.5935403726707997,0.00039437932413460076,0.08299999999999996,0.004751558122103626,0.14916129032258066,0.023319082782744083,0.0,0.0279247096263441
26,4,1178784,255,0,90.64,0.59,23.32,0.998,0.5948741418764224,0.00033655001894166504,0.08299999999999996,0.004054819505321268,0.1504516129032258,0.03031480761756704,0.12048192771084354,0.037731836138275784
26,4,1178825,255,0,91.19,0.6,23.51,1.039,0.5966721150702766,0.00029046841445949314,0.08499999999999996,0.0034172754642293325,0.15167741935483872,0.022011385199241024,0.11764705882352956,0.032690421706440945
26,4,1178869,255,0,91.96,0.6,23.61,1.083,0.5976528277214699,0.0002573486222003112,0.08500000000000019,0.0030276308494154194,0.1523225806451613,0.022770398481973247,0.0,0.026190796684806096
26,4,1178910,255,0,92.4,0.6,23.81,1.124,0.5988983327884851,0.00023518093537856544,0.08200000000000007,0.0028680601875434785,0.15361290322580645,0.02360346184106986,0.0,0.025195544534717645
26,4,1178951,255,0,92.95,0.6,23.91,1.165,0.5997188623733167,0.0002201922655420816,0.08299999999999996,0.0026529188619527915,0.15425806451612903,0.015546055188496166,0.0,0.023946718551223475
26,4,1178993,255,0,93.5,0.6,24.01,1.207,0.6008859104282367,0.00020826056237432765,0.08299999999999996,0.0025091634021003344,0.15490322580645163,0.015546055188495831,0.0,0.02437996510396002
26,4,1179034,255,0,93.94,0.6,24.11,1.248,0.6017423994769454,0.00019598385339438096,0.08299999999999996,0.002361251245715434,0.15554838709677418,0.015546055188495831,0.0,0.02658558391788727
26,4,1179076,255,0,94.38,0.6,24.21,1.29,0.6030925138934213,0.00018130171410314232,0.08299999999999996,0.0021843580012426795,0.1561935483870968,0.015546055188495831,0.0,0.030957435495495903
26,4,1179117,255,0,94.71,0.6,24.31,1.331,0.6043118666230716,0.00016367648941884383,0.08200000000000007,0.001996054749010289,0.15683870967741934,0.015735641227379908,0.12195121951219512,0.02734832840319236
26,4,1179158,255,0,95.04,0.61,24.41,1.372,0.6053350768224831,0.00014388949043009092,0.08499999999999996,0.0016928175344716587,0.15748387096774194,0.007590132827324762,0.11764705882352956,0.020998788531430532
26,4,1179202,255,0,95.26,0.61,24.41,1.416,0.6060967636482432,0.00012355735434056215,0.08499999999999996,0.001453615933418379,0.15748387096774194,0.007590132827324436,-0.11764705882352956,0.014076110993596794
26,4,1179243,255,0,95.48,0.6,24.51,1.457,0.6065315462569388,0.00010453415627839391,0.08300000000000018,0.001259447666004743,0.15812903225806452,0.007773027594247895,0.0,0.0166209132049614
26,4,1179285,255,0,95.7,0.61,24.51,1.499,0.607476299444255,8.8380604960971e-05,0.08299999999999996,0.0010648265657948318,0.15812903225806452,0.007773027594247916,0.12048192771084354,0.021780485787543425
26,4,1179326,255,0,95.82,0.61,24.61,1.54,0.6083393265773049,7.60211878198902e-05,0.08199999999999985,0.0009270876563401261,0.1587741935483871,0.007867820613689975,0.0,0.019654119391797682
26,4,1179367,255,0,95.93,0.61,24.61,1.581,0.6090879372343824,6.761908004360251e-05,0.08299999999999996,0.0008146877113687054,0.1587741935483871,0.0,0.0,0.016266438752721966
26,4,1179409,255,0,96.04,0.61,24.61,1.623,0.6096894409937809,6.264089790226279e-05,0.08299999999999996,0.000754709613280275,0.1587741935483871,0.007773027594247916,0.0,0.012327833727851217
26,4,1179450,255,0,96.15,0.61,24.71,1.664,0.610111147433794,6.0062556440581006e-05,0.08299999999999996,0.0007236452583202534,0.15941935483870967,0.007773027594247916,0.0,0.007601507698004442
26,4,1179492,255,0,96.15,0.61,24.71,1.706,0.6103203661327152,5.865055182757572e-05,0.08300000000000018,0.0007066331545491036,0.15941935483870967,0.0,0.0,0.0020874606631816396
26,4,1179533,255,0,96.26,0.61,24.71,1.747,0.6102844066688381,5.724132379865665e-05,0.08000000000000007,0.0007155165474832076,0.15941935483870967,0.007258064516129156,0.0,-0.004372343903237538
26,4,1179572,255,0,96.26,0.61,24.8,1.786,0.6099705786204562,5.495729084052314e-05,0.08099999999999996,0.0006784850721052243,0.16,0.007168458781362139,0.0,-0.00044394399848312645
26,4,1179614,255,0,96.26,0.61,24.8,1.828,0.610248447204961,5.133335713175313e-05,0.08299999999999996,0.000618474182310279,0.16,0.0,0.0,0.0070894890447708294
26,4,1179655,255,0,96.26,0.61,24.8,1.869,0.6105590062111722,4.636153528828046e-05,0.08299999999999996,0.0005585727143166323,0.16,0.0,0.0,-0.0029933398189019313
26,4,1179697,255,0,96.26,0.61,24.8,1.911,0.6099999999999921,4.0480328558615494e-05,0.08299999999999996,0.00048771480191103024,0.16,0.007773027594247916,0.0,-0.006735014592531352
26,4,1179738,255,0,96.37,0.61,24.9,1.952,0.6099999999999921,3.4514617240677835e-05,0.08200000000000007,0.0004209099663497293,0.16064516129032258,0.007867820613689954,0.0,0.0
26,4,1179779,255,0,96.37,0.61,24.9,1.993,0.6099999999999921,2.9519356702031986e-05,0.08300000000000018,0.00035565490002448095,0.16064516129032258,0.0,0.0,0.0
26,4,1179821,255,0,96.37,0.61,24.9,2.035,0.6099999999999921,2.647935438612592e-05,0.08399999999999985,0.0003152304093586424,0.16064516129032258,0.0,0.0,0.0
26,4,1179863,255,0,96.37,0.61,24.9,2.077,0.6099999999999921,2.591868594618063e-05,0.08299999999999974,0.00031227332465277966,0.16064516129032258,0.0,0.0,0.0
26,4,1179904,255,0,96.37,0.61,24.9,2.118,0.6099999999999921,2.759337825945707e-05,0.08499999999999996,0.0003246279795230245,0.16064516129032258,0.0,0.0,0.0
26,4,1179948,255,0,96.37,0.61,24.9,2.162,0.6099999999999921,3.045379106214341e-05,0.08400000000000007,0.0003625451316921831,0.16064516129032258,0.0,0.0,0.0
26,4,1179988,255,0,96.26,0.61,24.9,2.202,0.6099999999999921,3.294206451026582e-05,0.0820000000000003,0.0004017324940276305,0.16064516129032258,0.007867820613689932,0.0,0.0
26,4,1180030,255,0,96.37,0.61,25.0,2.244,0.6099999999999921,3.3512740802894566e-05,0.08300000000000018,0.0004037679614806565,0.16129032258064516,0.007773027594247895,0.0,0.0
26,4,1180071,255,0,96.37,0.61,25.0,2.285,0.6099999999999921,3.114432702075831e-05,0.08199999999999985,0.00037980886610680935,0.16129032258064516,0.0,0.0,0.0
26,4,1180112,255,0,96.37,0.61,25.0,2.326,0.6099999999999921,2.5632757622013002e-05,0.08299999999999974,0.00030882840508449495,0.16129032258064516,0.0,0.0,0.0
26,4,1180154,255,0,96.37,0.61,25.0,2.368,0.6099999999999921,1.7610903304152715e-05,0.08299999999999974,0.00021217955788135868,0.16129032258064516,0.0,0.0,0.0
26,4,1180195,255,0,96.37,0.61,25.0,2.409,0.6099999999999921,8.39438915180324e-06,0.08300000000000018,0.00010113721869642435,0.16129032258064516,0.0,0.0,0.0
26,4,1180237,255,0,96.37,0.61,25.0,2.451,0.6099999999999921,-2.07671366094786e-07,0.08300000000000018,-2.502064651744404e-06,0.16129032258064516,0.0,0.0,0.0
26,4,1180278,255,0,96.37,0.61,25.0,2.492,0.6099999999999921,-6.057634522541378e-06,0.08499999999999996,-7.126628850048682e-05,0.16129032258064516,0.0,0.0,0.0
26,4,1180322,255,0,96.37,0.61,25.0,2.536,0.6099999999999921,-6.881891940462737e-06,0.08499999999999996,-8.096343459367929e-05,0.16129032258064516,0.0,0.0,0.0
26,4,1180363,255,0,96.37,0.61,25.0,2.577,0.6099999999999921,-6.139683488832759e-07,0.08199999999999985,-7.487418888820452e-06,0.16129032258064516,0.007867820613690313,0.0,0.0
26,4,1180404,255,0,96.26,0.61,25.1,2.618,0.6099999999999921,1.3993508035500924e-05,0.08300000000000018,0.00016859648235543245,0.16193548387096776,0.0,0.0,0.006735014592531334
26,4,1180446,255,0,96.26,0.61,25.0,2.66,0.6105590062111722,3.64722262867474e-05,0.08300000000000018,0.0004394244130933412,0.16129032258064516,0.0,0.0,0.009728354411434595
26,4,1180487,255,0,96.37,0.61,25.1,2.701,0.6108074534161412,6.363161418291697e-05,0.08299999999999974,0.0007666459540110502,0.16193548387096776,0.007773027594248271,0.0,0.009373879959195168
26,4,1180529,255,0,96.26,0.61,25.1,2.743,0.6113370382477854,8.881583218158794e-05,0.08299999999999974,0.001070070267248051,0.16193548387096776,0.0,0.0,0.006065451738302284
26,4,1180570,255,0,96.26,0.61,25.1,2.784,0.6113108859104203,0.00010189956542280498,0.0820000000000003,0.0012426776271073734,0.16193548387096776,0.0,0.0,0.00019933183967380986
26,4,1180611,255,0,96.26,0.61,25.1,2.825,0.6113533834586387,9.043756305207396e-05,0.08300000000000018,0.001089609193398479,0.16193548387096776,0.0,0.0,-0.0011028094069642888
26,4,1180653,255,0,96.26,0.61,25.1,2.867,0.6112193527296422,4.2128073189335425e-05,0.08499999999999996,0.0004956243904627699,0.16193548387096776,0.0,0.0,-0.007730323250581117
26,4,1180696,255,0,96.26,0.61,25.1,2.91,0.6106963059823393,-5.170607550829587e-05,0.08499999999999996,-0.000608306770685834,0.16193548387096776,0.0,0.0,-0.018998903909389964
26,4,1180738,255,0,96.37,0.61,25.1,2.952,0.6096044458973441,-0.00019248086823063203,0.08299999999999974,-0.002319046605188345,0.16193548387096776,0.0,0.0,-0.034935426570617954
26,4,1180779,0,200,96.37,0.61,25.1,2.993,0.607796665576978,-0.00037186194827814847,0.08300000000000018,-0.004480264437086116,0.16193548387096776,0.0,0.0,-0.04683001374572973
26,4,1180821,0,200,94.16,0.61,25.1,3.035,0.6057175547564485,-0.0005717291804749997,0.08300000000000018,-0.006888303379216849,0.16193548387096776,-0.03031480761756729,-0.1204819277108432,-0.06482943870939649
26,4,1180862,0,200,89.1,0.6,24.71,3.076,0.6024158221640981,-0.0007672318685079986,0.08199999999999985,-0.009356486201317073,0.15941935483870967,-0.08575924468922123,-0.12195121951219545,-0.09563941667530386
26,4,1180903,0,200,84.47,0.6,24.01,3.117,0.5978751225890736,-0.0009323310738035495,0.08299999999999974,-0.011232904503657258,0.15490322580645163,-0.10027205596579888,-0.12048192771084386,-0.12414483038397355
26,4,1180945,0,200,80.84,0.59,23.42,3.159,0.5921118012422283,-0.0010460273075374965,0.08300000000000018,-0.01260273864503005,0.1510967741935484,-0.08472600077730257,-0.1204819277108432,-0.15301480521628572
26,4,1180986,0,200,77.75,0.59,22.92,3.2,0.5851748937561219,-0.0010971109923100712,0.0820000000000003,-0.013379402345244724,0.1478709677419355,-0.08654602675058994,-0.12195121951219479,-0.1825082324049753
26,4,1181027,0,200,75.11,0.58,22.32,3.241,0.5771461261850203,-0.0010859940859353863,0.08499999999999996,-0.01277640101100455,0.144,-0.08273244781783716,-0.23529411764705913,-0.20041151472030275
26,4,1181071,0,200,72.91,0.57,21.83,3.285,0.5681399150048961,-0.0010234237718345013,0.08499999999999996,-0.012040279668641197,0.14083870967741935,-0.0751423149905124,-0.23529411764705782,-0.22167951848931444
26,4,1181112,0,200,71.04,0.56,21.33,3.326,0.5583033671134285,-0.0009268854432459826,0.08299999999999974,-0.011167294496939584,0.13761290322580644,-0.0691799455888068,-0.24096385542168638,-0.24486307439630728
26,4,1181154,0,200,69.49,0.55,20.94,3.368,0.5478162798300027,-0.0008159655922717129,0.08299999999999974,-0.009830910750261632,0.1350967741935484,-0.053633890400310934,-0.24096385542168772,-0.26471364372166456
26,4,1181195,0,200,68.17,0.54,20.64,3.409,0.5363321346845304,-0.0007079730342872637,0.08300000000000018,-0.008529795593822435,0.13316129032258064,-0.04663816556548771,-0.3614457831325296,-0.27530849123856815
26,4,1181237,0,200,66.96,0.52,20.34,3.451,0.5249656750572015,-0.0006148578755577923,0.08300000000000018,-0.00740792621153965,0.13122580645161291,-0.04663816556548771,-0.3614457831325296,-0.2762537564445383
26,4,1181278,0,200,65.97,0.51,20.04,3.492,0.5134030728996337,-0.00054198878670406,0.08199999999999985,-0.006609619350049525,0.12929032258064516,-0.04720692368214052,-0.2439024390243909,-0.28141669125092467
26,4,1181319,0,200,65.09,0.5,19.74,3.533,0.5018895063746257,-0.0004887583793638406,0.08300000000000018,-0.005888655173058308,0.1273548387096774,-0.03808783521181485,-0.2409638554216864,-0.2738905934296149
26,4,1181361,0,200,64.32,0.49,19.55,3.575,0.4906701536449756,-0.00045048590935919106,0.08499999999999996,-0.005299834227755191,0.12612903225806452,-0.037191650853889736,-0.23529411764705913,-0.25763898236639937
26,4,1181404,0,200,63.66,0.48,19.25,3.618,0.47999019287348177,-0.00042084520971397057,0.08499999999999996,-0.004951120114282009,0.12419354838709677,-0.03795066413662234,-0.23529411764705913,-0.2420629579062718
26,4,1181446,0,200,63.0,0.47,19.05,3.66,0.47009480222294253,-0.00039407818262691664,0.08300000000000018,-0.00474792991116766,0.12290322580645162,-0.03109211037699158,-0.24096385542168575,-0.22603654237741733
26,4,1181487,0,200,62.45,0.46,18.85,3.701,0.4612291598561561,-0.00036646813540398073,0.08299999999999974,-0.004415278739807011,0.12161290322580647,-0.031092110376992083,-0.24096385542168705,-0.2091399268207173
26,4,1181529,0,200,61.9,0.45,18.65,3.743,0.45273618829682305,-0.000336848350450996,0.08299999999999974,-0.004058413860855386,0.12032258064516128,-0.02331908278274398,-0.24096385542168772,-0.19759981409784075
26,4,1181570,0,200,61.46,0.44,18.55,3.784,0.44482837528603536,-0.00030622684455391535,0.0820000000000003,-0.003734473714072125,0.11967741935483872,-0.022816679779700973,-0.12195121951219479,-0.17672760905444565
26,4,1181611,0,200,61.13,0.44,18.36,3.825,0.43824452435435846,-0.0002768325651168517,0.0820000000000003,-0.0033760068916689114,0.1184516129032258,-0.022816679779700973,-0.12195121951219479,-0.1532463183409193
26,4,1181652,0,200,60.68,0.43,18.26,3.866,0.43226217718207993,-0.00025097960516268713,0.08199999999999985,-0.003060726892227897,0.11780645161290323,-0.01573564122737995,-0.12195121951219545,-0.1409674770170372
26,4,1181693,0,200,60.35,0.43,18.16,3.907,0.4266851912389614,-0.00023011807729435318,0.08299999999999974,-0.0027725069553536613,0.11716129032258064,-0.015546055188496208,-0.12048192771084386,-0.13225835673520894
26,4,1181735,0,200,60.02,0.42,18.06,3.949,0.4212847335730576,-0.00021433798015624818,0.08499999999999996,-0.002521623295955862,0.11651612903225805,-0.015180265654648872,-0.11764705882352956,-0.12403130588619708
26,4,1181778,0,200,59.8,0.42,17.96,3.992,0.4161425302386347,-0.00020244089388328135,0.08499999999999996,-0.0023816575750974286,0.11587096774193549,-0.015180265654648872,-0.11764705882352956,-0.11737784358594515
26,4,1181820,0,200,59.47,0.41,17.86,4.034,0.4113076168682523,-0.00019250672804521328,0.08300000000000018,-0.002319358169219432,0.1152258064516129,-0.01554605518849579,-0.1204819277108432,-0.10586970306856638
26,4,1181861,0,200,59.25,0.41,17.76,4.075,0.40735534488394365,-0.0001827015045366487,0.08199999999999985,-0.00222806712849572,0.11458064516129034,-0.023603461841070095,-0.12195121951219477,-0.09643674403399774
26,4,1181902,0,200,59.03,0.4,17.56,4.116,0.4033998038574645,-0.00017197284966395543,0.08300000000000018,-0.0020719620441440366,0.11329032258064516,-0.015546055188496125,-0.12048192771084254,-0.0955505579033991
26,4,1181944,0,200,58.81,0.4,17.56,4.158,0.3994246485779615,-0.00016033489188344062,0.08300000000000018,-0.0019317456853426538,0.11329032258064516,-0.007773027594247728,0.0,-0.09661398126011486
26,4,1181985,0,200,58.59,0.4,17.46,4.199,0.39538084341287494,-0.00014866076870594469,0.08199999999999985,-0.001812936203731036,0.11264516129032259,-0.007867820613689805,-0.12195121951219545,-0.09364609827856914
26,4,1182026,0,200,58.37,0.39,17.46,4.24,0.39174566851911885,-0.00013816242064056182,0.08300000000000018,-0.0016646074775971266,0.11264516129032259,-0.007773027594248062,-0.1204819277108432,-0.08365597072828647
26,4,1182068,0,200,58.15,0.39,17.36,4.282,0.38843739784242715,-0.00012986128042057743,0.08300000000000018,-0.0015645937400069535,0.112,-0.015546055188495958,-0.1204819277108432,-0.08349842652729234
26,4,1182109,0,200,58.04,0.38,17.26,4.323,0.38481529911735357,-0.00012426812101985264,0.08499999999999996,-0.001461977894351208,0.11135483870967743,-0.007590132827324436,-0.11764705882352956,-0.07964925100474898
26,4,1182153,0,200,57.82,0.38,17.26,4.367,0.3816672115070235,-0.0001213094866984612,0.08499999999999996,-0.0014271704317466028,0.11135483870967743,-0.007590132827324599,0.0,-0.06984212449281643
26,4,1182194,0,200,57.6,0.38,17.16,4.408,0.3788787185354642,-0.00012041862901536505,0.08300000000000018,-0.0014508268556068045,0.11070967741935483,-0.014768752429071169,0.0,-0.06423864795566649
26,4,1182236,0,200,57.49,0.38,17.07,4.45,0.37633540372670315,-0.00012069311289306128,0.0829999999999993,-0.001454133890277859,0.11012903225806452,-0.00699572483482318,-0.1204819277108445,-0.0664442667695951
26,4,1182277,0,200,57.27,0.37,17.07,4.491,0.37336384439358783,-0.0001210610991072123,0.08199999999999985,-0.0014763548671611283,0.11012903225806452,-0.007867820613690143,-0.12195121951219545,-0.06849042011178388
26,4,1182318,0,200,57.16,0.37,16.97,4.532,0.3707191892775369,-0.00012045171562582623,0.08300000000000018,-0.0014512254894677827,0.10948387096774193,-0.007773027594248062,0.0,-0.06156039653875283
26,4,1182360,0,200,57.05,0.37,16.97,4.574,0.36825433148087133,-0.00011799917308585605,0.08300000000000018,-0.0014216767841669373,0.10948387096774193,-0.007773027594247728,0.0,-0.059000303272586783
26,4,1182401,0,200,56.83,0.37,16.87,4.615,0.3658221641059122,-0.00011328429918702555,0.08199999999999985,-0.0013815158437442165,0.10883870967741936,-0.01573564122737995,-0.12195121951219545,-0.05653050973138027
26,4,1182442,0,200,56.72,0.36,16.77,4.656,0.36361882968289816,-0.00010653737465679925,0.08300000000000018,-0.0012835828271903495,0.10819354838709677,-0.007773027594248062,-0.1204819277108432,-0.05884275907159064
26,4,1182484,0,200,56.61,0.36,16.77,4.698,0.36093821510297014,-9.867412484762639e-05,0.08499999999999996,-0.0011608720570308992,0.10819354838709677,-0.007590132827324272,0.0,-0.05361229159856062
26,4,1182527,0,200,56.5,0.36,16.67,4.741,0.3590617848970205,-9.108727598569288e-05,0.08499999999999996,-0.0010716150115963872,0.10754838709677421,-0.007590132827324272,0.0,-0.05361229159856062
26,4,1182569,0,200,56.28,0.36,16.67,4.783,0.3563811703170925,-8.524723353501074e-05,0.08300000000000018,-0.0010270751028314525,0.10754838709677421,0.0,-0.1204819277108432,-0.06557777366412332
26,4,1182610,0,200,56.17,0.35,16.67,4.824,0.35361882968289826,-8.227738378363725e-05,0.0829999999999993,-0.0009912937805257585,0.10754838709677421,-0.0077730275942481455,-0.1204819277108445,-0.06557777366412401
26,4,1182652,0,200,56.06,0.35,16.57,4.866,0.35093821510297024,-8.2678211339406e-05,0.08300000000000018,-0.0009961230281856123,0.10690322580645162,-0.007773027594248062,0.0,-0.06163916863925056
26,4,1182693,0,200,55.84,0.35,16.57,4.907,0.34850277868584045,-8.627692958376798e-05,0.08200000000000074,-0.0010521576778508195,0.10690322580645162,-0.007867820613690058,0.0,-0.06542070978081312
26,4,1182734,0,200,55.73,0.35,16.47,4.948,0.3455737169009435,-9.235301199662161e-05,0.08300000000000018,-0.001112686891525559,0.10625806451612903,-0.007773027594248062,-0.12048192771084254,-0.061481624438254424
26,4,1182776,0,200,55.62,0.34,16.47,4.99,0.3433998038574653,-9.982808200615522e-05,0.0829999999999993,-0.001202747975977784,0.10625806451612903,-0.007773027594247812,-0.12048192771084383,-0.05218651657955827
26,4,1182817,0,200,55.51,0.34,16.37,5.031,0.3412422360248402,-0.00010743743227288504,0.08199999999999985,-0.0013102125886937225,0.10561290322580646,-0.007867820613689805,0.0,-0.05043095543737398
26,4,1182858,0,200,55.4,0.34,16.37,5.072,0.33926446551160067,-0.00011387066250163613,0.08499999999999996,-0.0013396548529604256,0.10561290322580646,-0.007590132827324599,0.0,-0.05311232044305015
26,4,1182902,0,200,55.29,0.34,16.27,5.116,0.33672768878718096,-0.00011791935290276001,0.08499999999999996,-0.0013872865047383537,0.10496774193548387,-0.007590132827324599,-0.11764705882352956,-0.051573947656864946
26,4,1182943,0,200,55.18,0.33,16.27,5.157,0.33488067996076715,-0.00011867015252815704,0.08300000000000018,-0.0014297608738332143,0.10496774193548387,-0.007773027594247895,-0.1204819277108432,-0.045097027534786234
26,4,1182985,0,200,54.96,0.33,16.17,5.199,0.3329846355017937,-0.00011573138176334296,0.08300000000000018,-0.0013943539971487072,0.1043225806451613,-0.015546055188495958,0.0,-0.044309306529812215
26,4,1183026,0,200,54.85,0.33,16.07,5.24,0.3312030075187927,-0.00010940917750048485,0.08300000000000018,-0.0013181828614516216,0.1036774193548387,-0.007773027594248062,0.0,-0.05045353036861354
26,4,1183068,0,200,54.74,0.33,16.07,5.282,0.32879699248119876,-0.00010071624020269709,0.08300000000000018,-0.001213448677140926,0.1036774193548387,-0.007773027594247895,0.0,-0.05718854496114487
26,4,1183109,0,200,54.63,0.33,15.97,5.323,0.3264563582870177,-9.115274287616515e-05,0.08199999999999985,-0.0011116188155629917,0.10303225806451613,-0.007867820613689975,0.0,-0.04787950788955367
26,4,1183150,0,200,54.52,0.33,15.97,5.364,0.32487087283425536,-8.232104746927681e-05,0.0829999999999993,-0.0009918198490274398,0.10303225806451613,0.0,-0.1204819277108445,-0.04474255308254924
26,4,1183192,0,200,54.41,0.32,15.97,5.406,0.32274272638116613,-7.553368306958852e-05,0.08300000000000018,-0.0009100443743323898,0.10303225806451613,-0.006995724834823106,-0.1204819277108432,-0.049508265162644054
26,4,1183233,0,200,54.3,0.32,15.88,5.447,0.3207616868257559,-7.157204036929876e-05,0.08499999999999996,-0.0008420240043446917,0.10245161290322581,-0.006831119544591992,0.0,-0.04738188181451091
26,4,1183277,0,200,54.08,0.32,15.88,5.491,0.3187152664269327,-7.065167346495471e-05,0.08499999999999996,-0.0008311961584112322,0.10245161290322581,-0.007590132827324599,0.0,-0.04738188181451026
26,4,1183318,0,200,53.97,0.32,15.78,5.532,0.31673422687152253,-7.252751246451084e-05,0.08300000000000018,-0.0008738254513796467,0.10180645161290322,-0.007773027594248062,-0.1204819277108432,-0.045372729886527303
26,4,1183360,0,200,53.86,0.31,15.78,5.574,0.31494932984635093,-7.662684392315633e-05,0.08199999999999985,-0.0009344737063799569,0.10180645161290322,0.0,-0.12195121951219545,-0.043733405624346924
26,4,1183400,0,200,53.75,0.31,15.78,5.614,0.3131480876103261,-8.215382250238789e-05,0.0810000000000004,-0.0010142447222516973,0.10180645161290322,-0.007964954201513254,0.0,-0.0473002151110458
26,4,1183441,0,200,53.64,0.31,15.68,5.655,0.3111180124223562,-8.818865510959739e-05,0.08300000000000018,-0.0010625139169830988,0.10116129032258064,-0.007773027594247895,0.0,-0.05009905591637406
26,4,1183483,0,200,53.53,0.31,15.68,5.697,0.30898986596926703,-9.381872676446968e-05,0.08300000000000018,-0.0011303461055960178,0.10116129032258064,-0.007773027594247895,0.0,-0.04415176232881808
26,4,1183524,0,200,53.42,0.31,15.58,5.738,0.3074534161490643,-9.829041335413713e-05,0.08300000000000018,-0.0011842218476402037,0.10051612903225807,-0.007773027594247895,-0.1204819277108432,-0.045530274087524115
26,4,1183566,0,200,53.2,0.3,15.58,5.78,0.3052108532200025,-0.00010113137561401686,0.08499999999999996,-0.0011897808895766696,0.10051612903225807,-0.007590132827324436,0.0,-0.04234371093975243
26,4,1183609,0,200,53.2,0.31,15.48,5.823,0.30385420071918534,-0.0001022035118966773,0.09299999999999997,-0.0010989624935126595,0.09987096774193549,-0.00693721817551158,0.0,-0.037295201538206
26,4,1183659,0,200,52.98,0.3,15.48,5.873,0.30174239947694936,-0.00010168173294286653,0.08999999999999986,-0.001129797032698519,0.09987096774193549,-0.007168458781361975,-0.11111111111111138,-0.04765537030983179
26,4,1183699,0,200,52.87,0.3,15.38,5.913,0.2995652173913005,-9.997778253877954e-05,0.08199999999999985,-0.0012192412504729235,0.09922580645161291,-0.007867820613689975,0.0,-0.05230467473030455
26,4,1183741,0,200,52.76,0.3,15.38,5.955,0.2974534161490644,-9.763278038806967e-05,0.08300000000000018,-0.001176298558892403,0.09922580645161291,-0.007773027594248062,0.0,-0.048523613906426705
26,4,1183782,0,200,52.65,0.3,15.28,5.996,0.29553775743706706,-9.519624014238204e-05,0.08199999999999985,-0.0011609297578339295,0.09858064516129032,-0.007867820613690143,-0.12195121951219545,-0.046922715059120455
26,4,1183823,0,200,52.54,0.29,15.28,6.037,0.2936057535142165,-9.310466129192285e-05,0.0829999999999993,-0.00112174290713161,0.09858064516129032,-0.007773027594247978,-0.1204819277108445,-0.04931133491140058
26,4,1183865,0,200,52.42,0.29,15.18,6.079,0.29144491663942085,-9.157840821688979e-05,0.08300000000000018,-0.0011033543158661396,0.09793548387096775,-0.007773027594247895,0.0,-0.0532499399362728
26,4,1183906,0,200,52.2,0.29,15.18,6.12,0.2891860084995059,-9.057353001937862e-05,0.08300000000000018,-0.0010912473496310653,0.09793548387096775,0.0,-0.12048192771084254,-0.05403766094124681
26,4,1183948,0,200,52.09,0.28,15.18,6.162,0.28695979078129735,-8.983717892741972e-05,0.08499999999999996,-0.0010569079873814088,0.09793548387096775,-0.007590132827324599,0.0,-0.043882083725938284
26,4,1183991,0,200,51.98,0.29,15.08,6.205,0.2854560313828011,-8.908020833511188e-05,0.08499999999999996,-0.0010480024510013167,0.09729032258064516,-0.015180265654649035,0.0,-0.04618964290521641
26,4,1184033,0,200,51.87,0.28,14.98,6.247,0.28303367113435396,-8.818885745361804e-05,0.08300000000000018,-0.0010625163548628655,0.09664516129032258,-0.007773027594247895,-0.12048192771084254,-0.050256600117369536
26,4,1184074,0,200,51.76,0.28,14.98,6.288,0.28128473357305944,-8.733255496633241e-05,0.08199999999999985,-0.001065031158126007,0.09664516129032258,0.0,0.0,-0.05027148996563398
26,4,1184115,0,200,51.65,0.28,14.98,6.329,0.278911408957172,-8.688440238642946e-05,0.08300000000000018,-0.0010468000287521598,0.09664516129032258,-0.007773027594247895,0.0,-0.056400823956170194
26,4,1184157,0,200,51.54,0.28,14.88,6.371,0.2766034651846973,-8.721062262598167e-05,0.08300000000000018,-0.0010507303930841142,0.096,-0.007773027594247895,0.0,-0.0532499399362728
26,4,1184198,0,200,51.43,0.28,14.88,6.412,0.27449166394246133,-8.84582574202355e-05,0.08199999999999985,-0.0010787592368321423,0.096,-0.007867820613690143,-0.12195121951219545,-0.040703561661310686
26,4,1184239,0,200,51.32,0.27,14.78,6.453,0.27326577312846984,-9.043182773142533e-05,0.08300000000000018,-0.0010895400931497004,0.09535483870967741,-0.007773027594248062,-0.1204819277108432,-0.038637715293996636
26,4,1184281,0,200,51.21,0.27,14.78,6.495,0.2712847335730596,-9.259249371613976e-05,0.0829999999999993,-0.0011155722134474765,0.09535483870967741,0.0,0.0,-0.04852361390642656
26,4,1184322,0,200,51.1,0.27,14.78,6.536,0.26923831317423647,-9.419893577731742e-05,0.08499999999999996,-0.0011082227738507936,0.09535483870967741,-0.007590132827324436,0.0,-0.04738188181451026
26,4,1184366,0,200,50.99,0.27,14.68,6.58,0.26725727361882623,-9.458557474401275e-05,0.08500000000000085,-0.0011127714675766094,0.09470967741935483,-0.014421252371916276,-0.11764705882352834,-0.05491990846681789
26,4,1184407,0,200,50.88,0.26,14.59,6.621,0.2645701209545569,-9.348832640123029e-05,0.08199999999999985,-0.0011401015414784202,0.09412903225806452,-0.007081038552320977,-0.12195121951219545,-0.05513518685366563
26,4,1184448,0,200,50.66,0.26,14.59,6.662,0.26273618829682566,-9.124403737050812e-05,0.0829999999999993,-0.0010993257514519143,0.09412903225806452,-0.007773027594247978,0.0,-0.049941511715380464
26,4,1184490,0,200,50.55,0.26,14.49,6.704,0.26042497548218035,-8.872034163114684e-05,0.08300000000000018,-0.0010689197786885138,0.09348387096774194,-0.007773027594247895,0.0,-0.046790627695482534
26,4,1184531,0,200,50.44,0.26,14.49,6.745,0.2588525661981006,-8.698392723468196e-05,0.08300000000000018,-0.0010479991233094189,0.09348387096774194,0.0,0.0,-0.03828324084175783
26,4,1184573,0,200,50.33,0.26,14.49,6.787,0.25724746649231445,-8.686981746951084e-05,0.08300000000000018,-0.001046624306861574,0.09348387096774194,-0.007773027594247895,0.0,-0.030760505244252483
26,4,1184614,0,200,50.22,0.26,14.39,6.828,0.25629944426282764,-8.865930532832955e-05,0.08199999999999985,-0.0010812110405893868,0.09283870967741936,-0.007867820613689975,-0.12195121951219545,-0.024119152600483737
26,4,1184655,0,200,50.11,0.25,14.39,6.869,0.2552696959790748,-9.199266942657225e-05,0.0829999999999993,-0.0011083454147779884,0.09283870967741936,-0.0077730275942481455,-0.1204819277108445,-0.03469911026912493
26,4,1184697,0,200,50.0,0.25,14.29,6.911,0.2534194181104903,-9.600911746118967e-05,0.08499999999999996,-0.001129519028955173,0.09219354838709677,-0.007590132827324599,0.0,-0.045074322635232124
26,4,1184740,0,200,49.89,0.25,14.29,6.954,0.25143837855508006,-9.961742932464191e-05,0.08500000000000085,-0.0011719697567604812,0.09219354838709677,-0.007590132827324356,0.0,-0.04661269542141619
26,4,1184782,0,200,49.78,0.25,14.19,6.996,0.24945733899966988,-0.00010179259906255034,0.08300000000000018,-0.0012264168561753027,0.0915483870967742,-0.007773027594247895,0.0,-0.039425436298970655
26,4,1184823,0,200,49.67,0.25,14.19,7.037,0.24816606734226548,-0.00010183021081372523,0.08199999999999985,-0.0012418318391917735,0.0915483870967742,-0.007867820613689975,0.0,-0.043095543737392356
26,4,1184864,0,200,49.56,0.25,14.09,7.078,0.2459235044132037,-9.952418678397734e-05,0.08300000000000018,-0.0011990865877587605,0.09090322580645162,-0.007773027594247895,0.0,-0.05718854496114487
26,4,1184906,0,200,49.45,0.25,14.09,7.12,0.24341941811049045,-9.524800629483643e-05,0.0829999999999993,-0.0011475663409016535,0.09090322580645162,-0.0077730275942481455,-0.1204819277108445,-0.061914870990991966
26,4,1184947,0,200,49.23,0.24,13.99,7.161,0.24078457012095142,-8.992089075815812e-05,0.08199999999999985,-0.0010965962287580277,0.09025806451612903,-0.007867820613690143,-0.12195121951219545,-0.0642645851107085
26,4,1184988,0,200,49.12,0.24,13.99,7.202,0.23814972213141236,-8.484302884784256e-05,0.08300000000000018,-0.0010222051668414744,0.09025806451612903,-0.007773027594247895,-0.12048192771084287,-0.06191487099099164
26,4,1185030,0,200,49.01,0.23,13.89,7.244,0.2356456358286991,-8.140304828396338e-05,0.08300000000000018,-0.0009807596178790746,0.08961290322580645,-0.007773027594247895,-0.12048192771084287,-0.05718854496114454
26,4,1185071,0,200,48.9,0.23,13.89,7.285,0.23340307289963735,-8.070582546594452e-05,0.08499999999999996,-0.0009494802995993477,0.08961290322580645,0.0,0.0,-0.058765840432281474
26,4,1185115,0,200,48.79,0.23,13.89,7.329,0.23065053939195518,-8.322550966864562e-05,0.08499999999999996,-0.0009791236431605371,0.08961290322580645,-0.007590132827324599,0.0,-0.0630348249139467
26,4,1185156,0,200,48.68,0.23,13.79,7.37,0.2280451127819519,-8.861148668392715e-05,0.08300000000000018,-0.0010676082733003247,0.08896774193548386,-0.007773027594248062,0.0,-0.059827410327809326
26,4,1185198,0,200,48.57,0.23,13.79,7.412,0.225684864334747,-9.572572981612914e-05,0.08300000000000018,-0.001153322045977457,0.08896774193548386,-0.007773027594247895,-0.1204819277108432,-0.04600290669050718
26,4,1185239,0,200,48.46,0.22,13.69,7.453,0.22422687152663978,-0.00010289667153173809,0.08199999999999985,-0.0012548374577041254,0.08832258064516128,-0.007867820613689975,-0.12195121951219545,-0.033966145480349826
26,4,1185280,0,200,48.35,0.22,13.69,7.494,0.2228996404053583,-0.00010830936720716799,0.08199999999999985,-0.0013208459415508316,0.08832258064516128,-0.007867820613689975,0.0,-0.02918218132818784
26,4,1185321,0,200,48.24,0.22,13.59,7.535,0.22183393265772838,-0.0001104424885324935,0.08199999999999985,-0.0013468596162499232,0.0876774193548387,-0.007867820613689975,0.0,-0.02120890774125097
26,4,1185362,0,200,48.13,0.22,13.59,7.576,0.22116050997057574,-0.00010847240890937648,0.08199999999999985,-0.0013228342549923985,0.0876774193548387,-0.007867820613689975,0.0,-0.021049442269512327
26,4,1185403,0,200,48.02,0.22,13.49,7.617,0.22010787839162838,-0.00010255404183802242,0.08300000000000018,-0.0012355908655183397,0.08703225806451613,-0.01554605518849579,0.0,-0.022016802089035906
26,4,1185445,0,200,47.91,0.22,13.39,7.659,0.21933311539718575,-9.38697331764562e-05,0.08499999999999996,-0.0011043498020759557,0.08638709677419355,-0.007590132827324436,0.0,-0.017845124319750574
26,4,1185488,0,200,47.8,0.22,13.39,7.702,0.21859104282444958,-8.4370296280035e-05,0.08499999999999996,-0.0009925917209415887,0.08638709677419355,0.0,0.0,-0.019960386900755144
26,4,1185530,0,200,47.69,0.22,13.39,7.744,0.21763648251062157,-7.624982550623827e-05,0.08300000000000018,-0.0009186725964607,0.08638709677419355,-0.006995724834823106,0.0,-0.02437996510395929
26,4,1185571,0,200,47.58,0.22,13.3,7.785,0.21656750572082095,-7.133196243563233e-05,0.08199999999999985,-0.000869901980922347,0.08580645161290323,-0.007081038552320977,0.0,-0.02627193646895643
26,4,1185612,0,200,47.47,0.22,13.3,7.826,0.21548218372016714,-7.05883487806247e-05,0.08300000000000018,-0.0008504620335015005,0.08580645161290323,0.0,-0.1204819277108432,-0.0251676861089333
26,4,1185654,0,200,47.36,0.21,13.3,7.868,0.21447858777377948,-7.39382929063126e-05,0.08300000000000018,-0.0008908228061001498,0.08580645161290323,-0.007773027594248062,-0.1204819277108432,-0.02615233736515132
26,4,1185695,0,200,47.25,0.21,13.2,7.909,0.21331153971885958,-8.036164824844682e-05,0.0829999999999993,-0.0009682126294993675,0.08516129032258064,-0.0077730275942481455,0.0,-0.033044896158678484
26,4,1185737,0,200,47.14,0.21,13.2,7.951,0.2117358613926092,-8.825080203409286e-05,0.08300000000000018,-0.0010632626751095502,0.08516129032258064,-0.007773027594247895,0.0,-0.0417098272133963
26,4,1185778,0,200,47.03,0.21,13.1,7.992,0.20984962406014768,-9.585882803214752e-05,0.08499999999999996,-0.0011277509180252655,0.08451612903225807,-0.007590132827324436,0.0,-0.046881910658999784
26,4,1185822,0,200,46.92,0.21,13.1,8.036,0.2077508989865942,-0.00010169686572496772,0.08499999999999996,-0.0011964337144113853,0.08451612903225807,-0.007590132827324436,0.0,-0.050727842624463775
26,4,1185863,0,200,46.81,0.21,13.0,8.077,0.20553775743706826,-0.00010479280410990199,0.08200000000000074,-0.0012779610257305006,0.08387096774193549,-0.00786782061368989,-0.12195121951219379,-0.04736124510640206
26,4,1185904,0,200,46.7,0.2,13.0,8.118,0.2038672768878692,-0.00010479800709176424,0.08300000000000018,-0.0012626265914670361,0.08387096774193549,-0.007773027594248062,-0.12048192771084287,-0.04974458146413626
26,4,1185946,0,200,46.59,0.2,12.9,8.16,0.20140895717554494,-0.00010197420256699985,0.08300000000000018,-0.0012286048502048146,0.0832258064516129,-0.007773027594248062,0.0,-0.0499415117153796
26,4,1185987,0,200,46.48,0.2,12.9,8.201,0.1997221314154927,-9.709962226613022e-05,0.08200000000000074,-0.0011841417349527969,0.0832258064516129,-0.00786782061368989,0.0,-0.04114209170859168
26,4,1186028,0,200,46.37,0.2,12.8,8.242,0.1980353056554404,-9.131709945502742e-05,0.08300000000000018,-0.0011002060175304483,0.08258064516129032,-0.007773027594247895,0.0,-0.039070961846732845
26,4,1186070,0,200,46.26,0.2,12.8,8.284,0.19647924158221386,-8.592846865323622e-05,0.08299999999999841,-0.0010352827548582876,0.08258064516129032,-0.007773027594248229,-0.12048192771084579,-0.045215185685534474
26,4,1186111,0,200,46.15,0.19,12.7,8.325,0.1942824452435411,-8.21391284719688e-05,0.08199999999999896,-0.001001696688682559,0.08193548387096773,-0.00786782061369023,-0.12195121951219677,-0.04656391774770952
26,4,1186152,0,200,46.04,0.19,12.7,8.366,0.19266100032690173,-8.078521575093233e-05,0.08500000000000085,-0.0009504143029521355,0.08193548387096773,0.0,0.0,-0.04703574793761775
26,4,1186196,0,200,45.93,0.19,12.7,8.41,0.19028440666884355,-8.212007619092887e-05,0.08500000000000085,-0.0009661185434226829,0.08193548387096773,-0.007590132827324356,0.0,-0.04645885814279839
26,4,1186237,0,200,45.82,0.19,12.6,8.451,0.18871199738476382,-8.575091594354944e-05,0.08300000000000018,-0.0010331435655849307,0.08129032258064516,-0.007773027594247895,0.0,-0.037495519836783814
26,4,1186279,0,200,45.71,0.19,12.6,8.493,0.1871722785223905,-9.076344368095768e-05,0.08300000000000018,-0.0010935354660356323,0.08129032258064516,-0.007773027594247895,-0.1204819277108432,-0.03513235682186044
26,4,1186320,0,200,45.6,0.18,12.5,8.534,0.1857960117685494,-9.598226801730192e-05,0.08199999999999896,-0.0011705154636256479,0.08064516129032258,-0.00786782061369006,0.0,-0.040982626236853927
26,4,1186361,0,200,45.49,0.19,12.5,8.575,0.1838117031709685,-0.0001002629004487936,0.08300000000000018,-0.001207986752395101,0.08064516129032258,-0.007773027594247895,0.0,-0.04722387424821808
26,4,1186403,0,200,45.38,0.18,12.4,8.617,0.1818764302059473,-0.0001027284438127598,0.08300000000000018,-0.0012376920941296334,0.08,-0.007773027594247895,-0.1204819277108432,-0.03812569664076303
26,4,1186444,0,200,45.27,0.18,12.4,8.658,0.18064727034978517,-0.00010291420169565945,0.08299999999999841,-0.0012399301409115834,0.08,-0.007773027594248061,0.0,-0.030406030792014326
26,4,1186486,0,200,45.16,0.18,12.3,8.7,0.17935272965021015,-0.00010082146785170742,0.08300000000000018,-0.0012147164801410506,0.07935483870967742,-0.007773027594247895,0.0,-0.030406030792014007
26,4,1186527,0,200,45.05,0.18,12.3,8.741,0.178123569794048,-9.689368975584678e-05,0.08500000000000085,-0.0011399257618334802,0.07935483870967742,-0.007590132827324519,-0.11764705882352801,-0.03722862142568596
26,4,1186571,0,200,44.94,0.17,12.2,8.785,0.1761882968290268,-9.19229395841743e-05,0.08500000000000085,-0.0010814463480490987,0.07870967741935483,-0.007590132827324519,0.0,-0.046112724265906374
26,4,1186612,0,200,44.83,0.18,12.2,8.826,0.17420398823144592,-8.688784600584754e-05,0.08200000000000074,-0.0010596078781200825,0.07870967741935483,-0.00786782061368989,0.0,-0.047799775153684165
26,4,1186653,0,200,44.72,0.17,12.1,8.867,0.17226871526642468,-8.273168522886642e-05,0.08300000000000018,-0.000996767291914051,0.07806451612903226,-0.007773027594247895,-0.12048192771084287,-0.03812569664076336
26,4,1186695,0,200,44.61,0.17,12.1,8.909,0.17103955541026256,-8.012073415449272e-05,0.08299999999999841,-0.0009653100500541476,0.07806451612903226,0.0,0.0,-0.03714104538454547
26,4,1186736,0,200,44.5,0.17,12.1,8.95,0.16918600849950746,-7.926544432647731e-05,0.08199999999999896,-0.0009666517600790039,0.07806451612903226,-0.007081038552321054,0.0,-0.04480979755858376
26,4,1186777,0,200,44.39,0.17,12.01,8.991,0.16736515201045873,-7.98958755549517e-05,0.08300000000000018,-0.0009626009103006207,0.07748387096774194,-0.006995724834823106,0.0,-0.03556560337459665
26,4,1186819,0,200,44.28,0.17,12.01,9.033,0.16623406341941593,-8.14199174281871e-05,0.08300000000000018,-0.0009809628605805653,0.07748387096774194,-0.007773027594247895,-0.1204819277108432,-0.0349748126208653
26,4,1186860,0,200,44.17,0.16,11.91,9.074,0.1644622425629269,-8.318793680436265e-05,0.08300000000000018,-0.0010022642988477405,0.07683870967741936,-0.007773027594247895,-0.1204819277108432,-0.042497548218370984
26,4,1186902,0,200,44.06,0.16,11.91,9.116,0.16270676691729113,-8.47242637960104e-05,0.08500000000000085,-0.0009967560446589357,0.07683870967741936,-0.007590132827324519,0.0,-0.03995923312116498
26,4,1186945,0,200,43.95,0.16,11.81,9.159,0.16106570774762785,-8.581463148657243e-05,0.08500000000000085,-0.0010095838998420185,0.07619354838709677,-0.007590132827324519,0.0,-0.029536757494759373
26,4,1186987,0,200,43.84,0.16,11.81,9.201,0.16019614253023656,-8.643634819415347e-05,0.08199999999999896,-0.0010541018072457874,0.07619354838709677,0.0,0.0,-0.03221202529122375
26,4,1187027,0,200,43.72,0.16,11.81,9.241,0.15842432167374754,-8.662032829868771e-05,0.08099999999999952,-0.0010693867691196077,0.07619354838709677,-0.00796495420151334,0.0,-0.035636595514550846
26,4,1187068,0,200,43.72,0.16,11.71,9.282,0.15730957829355796,-8.63712326702526e-05,0.08300000000000018,-0.0010406172610873785,0.0755483870967742,-0.007773027594247895,-0.1204819277108432,-0.03497481262086563
26,4,1187110,0,200,43.5,0.15,11.71,9.324,0.15552141222621568,-8.571002077517598e-05,0.08300000000000018,-0.0010326508527129612,0.0755483870967742,-0.007773027594248062,0.0,-0.043285269223346336
26,4,1187151,0,200,43.5,0.16,11.61,9.365,0.1537169009480202,-8.47897576143648e-05,0.08200000000000074,-0.0010340214343215128,0.0749032258064516,-0.007867820613690058,0.0,-0.043015811001521555
26,4,1187192,0,200,43.28,0.15,11.61,9.406,0.15199411572409088,-8.396685778443214e-05,0.08300000000000018,-0.0010116488889690596,0.0749032258064516,-0.007773027594247895,-0.1204819277108432,-0.03934666419847359
26,4,1187234,0,200,43.28,0.15,11.51,9.448,0.1504511278195469,-8.37359457667013e-05,0.08300000000000018,-0.0010088668164662785,0.07425806451612903,-0.007773027594247895,0.0,-0.033832617163652476
26,4,1187275,0,200,43.17,0.15,11.51,9.489,0.14918600849950772,-8.452977525866601e-05,0.08499999999999908,-0.0009944679442196109,0.07425806451612903,0.0,0.0,-0.03595946387708365
26,4,1187319,0,200,43.06,0.15,11.51,9.533,0.14739457338999482,-8.648391662729615e-05,0.08499999999999908,-0.0010174578426740833,0.07425806451612903,-0.007590132827324515,0.0,-0.04099763475184121
26,4,1187360,0,200,42.95,0.15,11.41,9.574,0.14570120954560126,-8.930444147278748e-05,0.08200000000000074,-0.001089078554546179,0.07361290322580645,-0.00786782061368989,-0.12195121951219379,-0.039308238783596294
26,4,1187401,0,200,42.84,0.14,11.41,9.615,0.1441712978097399,-9.232128945928153e-05,0.08300000000000018,-0.0011123046922804978,0.07361290322580645,-0.007773027594247895,-0.12048192771084287,-0.02737330492286188
26,4,1187443,0,200,42.73,0.14,11.31,9.657,0.14342922523700372,-9.47004201427788e-05,0.08399999999999963,-0.001127385954080705,0.07296774193548387,-0.00768049155145928,0.0,-0.01786298043244738
26,4,1187485,0,200,42.62,0.14,11.31,9.699,0.14267080745341432,-9.571050602553654e-05,0.08300000000000018,-0.0011531386268136907,0.07296774193548387,-0.007773027594247895,0.0,-0.017290476059189146
26,4,1187526,0,200,42.51,0.14,11.21,9.74,0.141994115724091,-9.493668960484847e-05,0.08300000000000018,-0.0011438155374078104,0.0723225806451613,-0.007773027594247895,0.0,-0.025010141907938835
26,4,1187568,0,200,42.4,0.14,11.21,9.782,0.1405949656750554,-9.237778113574535e-05,0.08300000000000018,-0.0011129853148884956,0.0723225806451613,-0.007773027594248062,0.0,-0.02402549065172048
26,4,1187609,0,200,42.29,0.14,11.11,9.823,0.1399999999999982,-8.841572120101126e-05,0.08200000000000074,-0.001078240502451347,0.0716774193548387,-0.007867820613690058,0.0,-0.02132850684505489
26,4,1187650,0,200,42.18,0.14,11.11,9.864,0.13884602811376087,-8.369321304108545e-05,0.08499999999999908,-0.0009846260357774866,0.0716774193548387,0.0,0.0,-0.026383093283079997
26,4,1187694,0,200,42.07,0.14,11.11,9.908,0.13775743707093643,-7.896592421635696e-05,0.08499999999999908,-0.0009290108731336214,0.0716774193548387,-0.007590132827324515,0.0,-0.017498990442859068
26,4,1187735,0,200,41.96,0.14,11.01,9.949,0.13735861392611787,-7.498189852823778e-05,0.08300000000000018,-0.0009033963678100917,0.07103225806451613,-0.01554605518849579,0.0,-0.017723722611925022
26,4,1187777,0,200,41.85,0.14,10.91,9.991,0.13628636809414665,-7.238264485357604e-05,0.08300000000000018,-0.0008720800584768178,0.07038709677419355,0.0,0.0,-0.015557489848245312
26,4,1187818,0,200,41.74,0.14,11.01,10.032,0.1360673422687135,-7.158967645877468e-05,0.08200000000000074,-0.0008730448348630979,0.07103225806451613,0.0,-0.12195121951219413,-0.015747215334199417
26,4,1187859,0,200,41.63,0.13,10.91,10.073,0.1349950964367423,-7.269359404867615e-05,0.08300000000000018,-0.0008758264343213974,0.07038709677419355,-0.007773027594247895,-0.1204819277108432,-0.028594272480572436
26,4,1187901,0,200,41.52,0.13,10.91,10.115,0.13369401765282599,-7.542497285056804e-05,0.08300000000000018,-0.0009087346126574442,0.07038709677419355,-0.007773027594247895,0.0,-0.0333205985104192
26,4,1187942,0,200,41.41,0.13,10.81,10.156,0.1322294867603775,-7.924771211236426e-05,0.08300000000000018,-0.0009547917121971576,0.06974193548387098,-0.007773027594247895,0.0,-0.03647148253031693
26,4,1187984,0,200,41.41,0.13,10.81,10.198,0.13066688460280967,-8.351284809327453e-05,0.08499999999999908,-0.000982504095215005,0.06974193548387098,-0.006831119544592226,0.0,-0.037151702786377507
26,4,1188027,0,200,41.3,0.13,10.72,10.241,0.12907159202353544,-8.757456695763644e-05,0.08499999999999908,-0.001030289023031028,0.06916129032258064,-0.006831119544592226,0.0,-0.030575159125435063
26,4,1188069,0,200,41.19,0.13,10.72,10.283,0.12806799607714772,-9.083870138769967e-05,0.08300000000000018,-0.0010944421853939694,0.06916129032258064,0.0,0.0,-0.02674312811888267
26,4,1188110,0,200,41.08,0.13,10.72,10.324,0.12685191238966817,-9.28023712745194e-05,0.08200000000000074,-0.0011317362350551044,0.06916129032258064,-0.00786782061368989,-0.12195121951219413,-0.03105590062111706
26,4,1188151,0,200,40.97,0.12,10.62,10.365,0.1255214122262161,-9.315033818731778e-05,0.08300000000000018,-0.0011222932311725007,0.06851612903225807,-0.015546055188495958,0.0,-0.032257175153703445
26,4,1188193,0,200,40.86,0.13,10.52,10.407,0.12417456685191078,-9.188445386371669e-05,0.08300000000000018,-0.0011070416128158612,0.06787096774193548,-0.007773027594248062,0.0,-0.038204468741260766
26,4,1188234,0,200,40.75,0.12,10.52,10.448,0.12235044132069145,-8.938017917375163e-05,0.08300000000000018,-0.0010768696285994148,0.06787096774193548,0.0,-0.1204819277108432,-0.03131190994773429
26,4,1188276,0,200,40.64,0.12,10.52,10.49,0.12157567832624883,-8.629959681237942e-05,0.08300000000000018,-0.0010397541784624004,0.06787096774193548,-0.007773027594247895,0.0,-0.026585583917887866
26,4,1188317,0,200,40.64,0.12,10.42,10.531,0.12014383785550675,-8.340473034258799e-05,0.08199999999999896,-0.0010171308578364518,0.0672258064516129,-0.00786782061369006,0.0,-0.03532160199012935
26,4,1188358,0,200,40.42,0.12,10.42,10.572,0.11867930696305826,-8.136676630353356e-05,0.08499999999999908,-0.0009572560741592288,0.0672258064516129,-0.007590132827324515,0.0,-0.034074957214006746
26,4,1188402,0,200,40.42,0.12,10.32,10.616,0.11724746649231621,-8.061882483999838e-05,0.08500000000000085,-0.0009484567628235008,0.06658064516129032,-0.007590132827324356,0.0,-0.02596004076687821
26,4,1188443,0,200,40.31,0.12,10.32,10.657,0.11647270349787359,-8.125234193850162e-05,0.08300000000000018,-0.0009789438787771256,0.06658064516129032,0.0,-0.12048192771084304,-0.02717637467161854
26,4,1188485,0,200,40.2,0.11,10.32,10.699,0.11499182739457187,-8.29754381015686e-05,0.08300000000000018,-0.0009997040735128724,0.06658064516129032,-0.007773027594247895,-0.12048192771084304,-0.025797862912913184
26,4,1188526,0,200,40.09,0.11,10.22,10.74,0.11433148087610179,-8.518060775305259e-05,0.08300000000000018,-0.0010262723825668963,0.06593548387096775,-0.007773027594247895,0.0,-0.015715034049240115
26,4,1188568,0,200,39.98,0.11,10.22,10.782,0.11368747956848493,-8.713394629502958e-05,0.08300000000000018,-0.001049806581867824,0.06593548387096775,-0.007773027594248062,0.0,-0.0250101419079385
26,4,1188609,0,200,39.87,0.11,10.12,10.823,0.11225563909774289,-8.821669657593922e-05,0.08300000000000018,-0.001062851765975169,0.06529032258064515,-0.007773027594248062,0.12048192771084304,-0.025600932661669178
26,4,1188651,0,200,39.76,0.12,10.12,10.865,0.11156260215756639,-8.81049185243068e-05,0.08199999999999896,-0.001074450225906194,0.06529032258064515,-0.00786782061369006,0.0,-0.02451781627982993
26,4,1188691,0,200,39.65,0.11,10.02,10.905,0.11024517816279686,-8.680790890811352e-05,0.08199999999999896,-0.0010586330354648125,0.06464516129032258,-0.00786782061369006,-0.1219512195121966,-0.03213229255535477
26,4,1188733,0,200,39.54,0.11,10.02,10.947,0.10892775416802733,-8.457206333673817e-05,0.08500000000000085,-0.000994965451020439,0.06464516129032258,0.0,0.0,-0.030229025248542412
26,4,1188776,0,200,39.54,0.11,10.02,10.99,0.10767571101667073,-8.173635795960799e-05,0.08500000000000085,-0.0009616042112894961,0.06464516129032258,-0.007590132827324356,0.0,-0.02792146606926431
26,4,1188818,0,200,39.43,0.11,9.92,11.032,0.10655442955213984,-7.864312258396922e-05,0.08300000000000018,-0.0009475075010116753,0.064,-0.007773027594247895,-0.12048192771084304,-0.02465566745570036
26,4,1188859,0,200,39.32,0.1,9.92,11.073,0.1056292906178476,-7.564158846240332e-05,0.08300000000000018,-0.000911344439306062,0.064,-0.007773027594247895,0.0,-0.019141620420879083
26,4,1188901,0,200,39.21,0.11,9.82,11.115,0.10496567505720687,-7.312539112542992e-05,0.08300000000000018,-0.0008810288087401176,0.06335483870967742,-0.007773027594247895,0.0,-0.02292268124475619
26,4,1188942,0,200,39.1,0.1,9.82,11.156,0.10372670807453283,-7.151332177683045e-05,0.08300000000000018,-0.0008616062864678348,0.06335483870967742,0.0,-0.12048192771084304,-0.02292268124475619
26,4,1188984,0,200,38.99,0.1,9.82,11.198,0.1030630925138921,-7.114376850616289e-05,0.08300000000000018,-0.0008571538374236474,0.06335483870967742,-0.007773027594247895,0.0,-0.019141620420879083
26,4,1189025,0,200,38.88,0.1,9.72,11.239,0.10213795357959986,-7.213669374746879e-05,0.08199999999999896,-0.0008797157774081671,0.06270967741935485,-0.00786782061369006,0.0,-0.02495634632711171
26,4,1189066,0,200,38.77,0.1,9.72,11.28,0.10101667211506897,-7.430545583964054e-05,0.08299999999999841,-0.0008952464558993009,0.06270967741935485,0.0,0.0,-0.0177237226119254
26,4,1189108,0,200,38.77,0.1,9.72,11.322,0.10066688460281008,-7.717402738170875e-05,0.0860000000000003,-0.0008973724114152148,0.06270967741935485,-0.0075018754688673875,0.0,-0.015014786714004177
26,4,1189152,0,200,38.66,0.1,9.62,11.366,0.0997254004576646,-8.011084867104401e-05,0.08500000000000085,-0.0009424805726005082,0.06206451612903225,-0.007590132827324601,0.0,-0.021767974924523235
26,4,1189193,0,200,38.55,0.1,9.62,11.407,0.09881660673422558,-8.253898949797823e-05,0.08200000000000074,-0.0010065730426582619,0.06206451612903225,-0.0070810385523209,0.0,-0.02096970953364278
26,4,1189234,0,200,38.44,0.1,9.53,11.448,0.09800588427590588,-8.413320117345969e-05,0.08300000000000018,-0.001013653026186259,0.06148387096774193,-0.006995724834823106,0.0,-0.017566178410930052
26,4,1189276,0,200,38.33,0.1,9.53,11.49,0.09735861392611839,-8.490649848120135e-05,0.08300000000000018,-0.001022969861219291,0.06148387096774193,-0.007773027594247895,0.0,-0.023710402249730707
26,4,1189317,0,200,38.22,0.1,9.43,11.531,0.09603792088917823,-8.514072071657885e-05,0.08300000000000018,-0.0010257918158623936,0.060838709677419354,-0.007773027594247895,0.0,-0.02193802998853834
26,4,1189359,0,200,38.11,0.1,9.43,11.573,0.0955377574370697,-8.519836316853713e-05,0.08300000000000018,-0.0010264863032353848,0.060838709677419354,0.0,-0.1204819277108432,-0.01898407621988428
26,4,1189400,0,200,38.0,0.09,9.43,11.614,0.09446224256292783,-8.532234468296806e-05,0.08300000000000018,-0.0010279800564212997,0.060838709677419354,-0.007773027594247895,-0.1204819277108432,-0.02571909081241578
26,4,1189442,0,200,37.89,0.09,9.33,11.656,0.09340307289963919,-8.554215079467297e-05,0.08299999999999841,-0.001030628322827405,0.06019354838709678,-0.007773027594248061,0.0,-0.0249313698074418
26,4,1189483,0,200,37.78,0.09,9.33,11.697,0.0923929388689102,-8.57349892019883e-05,0.09399999999999942,-0.0009120743532126471,0.06019354838709678,-0.006863417982155188,0.0,-0.020622787310551973
26,4,1189536,0,200,37.67,0.09,9.23,11.75,0.09146453089244731,-8.578096698029825e-05,0.09600000000000009,-0.000893551739378106,0.059548387096774194,-0.006720430107526907,0.0,-0.012327013185136477
26,4,1189579,0,200,37.67,0.09,9.23,11.793,0.0912095456031371,-8.568937355553885e-05,0.08699999999999974,-0.0009849353282245874,0.059548387096774194,-0.007415647015202053,0.0,-0.014165849406123754
26,4,1189623,0,200,37.45,0.09,9.13,11.837,0.09023210199411455,-8.560332971373619e-05,0.08700000000000152,-0.0009839463185486745,0.05890322580645162,-0.007415647015201902,0.0,-0.01360222144566777
26,4,1189666,0,200,37.45,0.09,9.13,11.88,0.09002615233736398,-8.568238879432322e-05,0.08699999999999974,-0.0009848550436129134,0.05890322580645162,0.0,0.0,-0.0054859788151036945
26,4,1189710,0,200,37.34,0.09,9.13,11.924,0.08975482183720053,-8.595451742825588e-05,0.08699999999999974,-0.0009879829589454728,0.05890322580645162,-0.007415647015202213,0.0,-0.006237482762378237
26,4,1189753,0,200,37.23,0.09,9.03,11.967,0.08948349133703708,-8.625748849191162e-05,0.08699999999999974,-0.0009914653849645043,0.05825806451612903,-0.007415647015202213,0.0,-0.0054859788151036945
26,4,1189797,0,200,37.12,0.09,9.03,12.011,0.08927754168028651,-8.632508324877186e-05,0.08799999999999919,-0.0009809668550996892,0.05825806451612903,-0.007331378299120258,0.0,-0.0031947457576747907
26,4,1189841,0,200,37.01,0.09,8.93,12.055,0.0892023537103617,-8.596159911922286e-05,0.08700000000000152,-0.0009880643576921995,0.05761290322580645,-0.007415647015201902,0.0,-0.009844701709295455
26,4,1189884,0,200,36.9,0.09,8.93,12.098,0.08842105263157779,-8.518159141729243e-05,0.08999999999999986,-0.0009464621268588062,0.05761290322580645,-0.007168458781361975,0.0,-0.018633540372670558
26,4,1189931,0,200,36.9,0.09,8.83,12.145,0.08752533507682135,-8.42174296501863e-05,0.08999999999999986,-0.0009357492183354048,0.05696774193548387,-0.007168458781361975,0.0,-0.020812901819766572
26,4,1189974,0,200,36.68,0.09,8.83,12.188,0.0865478914677988,-8.338672038295947e-05,0.08699999999999974,-0.0009584680503788472,0.05696774193548387,0.0,-0.11494252873563246,-0.023033595983962808
26,4,1190018,0,200,36.68,0.08,8.83,12.232,0.08552141222621659,-8.290406786244375e-05,0.08699999999999974,-0.0009529203202579769,0.05696774193548387,-0.007415647015202053,0.0,-0.023785099931237192
26,4,1190061,0,200,36.46,0.09,8.73,12.275,0.08447858777378117,-8.275597492935383e-05,0.0860000000000003,-0.000962278778248297,0.056322580645161296,-0.0075018754688671455,0.0,-0.02406167086067003
26,4,1190104,0,200,36.46,0.08,8.73,12.318,0.08345210853219896,-8.27050301987331e-05,0.08699999999999974,-0.0009506325310199234,0.056322580645161296,-0.007415647015202133,-0.11494252873563246,-0.023033595983962648
26,4,1190148,0,200,36.35,0.08,8.63,12.362,0.08247466492317643,-8.239596273331351e-05,0.08699999999999974,-0.0009470800314173994,0.05567741935483871,-0.007415647015202133,0.0,-0.021530588089413407
26,4,1190191,0,200,36.24,0.08,8.63,12.405,0.08157894736842,-8.148999143945268e-05,0.08699999999999974,-0.0009366665682695737,0.05567741935483871,0.0,0.0,-0.012850717498393505
26,4,1190235,0,200,36.13,0.08,8.63,12.449,0.0813566525008162,-7.978049008593047e-05,0.08700000000000152,-0.0009170171274244721,0.05567741935483871,-0.007415647015202061,0.0,-0.0069889867096524765
26,4,1190278,0,200,36.02,0.08,8.53,12.492,0.08097090552468023,-7.727595617301119e-05,0.08800000000000097,-0.0008781358656023903,0.05503225806451612,-0.014662756598240376,0.0,-0.009881422924900895
26,4,1190323,0,200,35.91,0.08,8.43,12.537,0.08048708728342491,-7.42245534080066e-05,0.08899999999999864,-0.0008339837461573903,0.054387096774193545,0.0,0.0,-0.011239628137270488
26,4,1190367,0,200,35.91,0.08,8.53,12.581,0.07997057862046317,-7.104866854857051e-05,0.08699999999999974,-0.0008166513626272497,0.05503225806451612,0.0,0.0,-0.011498010393299235
26,4,1190410,0,200,35.8,0.08,8.43,12.624,0.07948676037920788,-6.821633435548157e-05,0.08699999999999974,-0.0007840957971894457,0.054387096774193545,-0.007415647015202053,0.0,-0.009995002498750469
26,4,1190454,0,200,35.69,0.08,8.43,12.668,0.07910101340307188,-6.613423265760687e-05,0.08699999999999974,-0.0007601635937655984,0.054387096774193545,-0.007415647015202053,0.0,-0.01735974118204044
26,4,1190497,0,200,35.58,0.08,8.33,12.711,0.07797646289637036,-6.510797637804444e-05,0.0860000000000003,-0.000757069492767956,0.05374193548387097,-0.0075018754688671455,0.0,-0.01737153804632888
26,4,1190540,0,200,35.47,0.08,8.33,12.754,0.07760706113108759,-6.532661126603756e-05,0.08699999999999974,-0.0007508805892648018,0.05374193548387097,0.0,0.0,-0.015856733287491515
26,4,1190584,0,200,35.36,0.08,8.33,12.798,0.0765969271003586,-6.681312425470765e-05,0.08699999999999974,-0.0007679669454564121,0.05374193548387097,-0.006674082313681848,0.0,-0.023785099931237192
26,4,1190627,0,200,35.25,0.08,8.24,12.841,0.07553775743706996,-6.934989129647917e-05,0.0860000000000003,-0.0008063940848427783,0.05316129032258065,-0.0067516879219804305,-0.1162790697674414,-0.02482191322593597
26,4,1190670,0,200,35.13,0.07,8.24,12.884,0.0744622425629281,-7.244348003820633e-05,0.08900000000000041,-0.0008139716858225392,0.05316129032258065,0.0,-0.11235955056179718,-0.023985219521690908
26,4,1190716,0,200,35.13,0.07,8.24,12.93,0.07340307289963946,-7.538771699065272e-05,0.08900000000000041,-0.0008470529998949705,0.05316129032258065,-0.007249003262051469,0.0,-0.023250603303568766
26,4,1190759,0,200,34.91,0.07,8.14,12.973,0.07239293886891048,-7.743714704773019e-05,0.08699999999999974,-0.0008900821499739129,0.052516129032258066,-0.007415647015202133,0.0,-0.022282092036688107
26,4,1190803,0,200,34.91,0.07,8.14,13.017,0.0714645308924476,-7.803864513459225e-05,0.08699999999999974,-0.0008969959210872699,0.052516129032258066,-0.007415647015202213,0.0,-0.0200275801948648
26,4,1190846,0,200,34.8,0.07,8.04,13.06,0.07065053939195724,-7.701762846360083e-05,0.08699999999999974,-0.0008852600972827708,0.051870967741935475,-0.007415647015202213,0.0,-0.01702156440576695
26,4,1190890,0,200,34.69,0.07,8.04,13.104,0.06998365478914588,-7.462701491678026e-05,0.08699999999999974,-0.0008577817806526491,0.051870967741935475,0.0,0.0,-0.0132640446693944
26,4,1190933,0,200,34.58,0.07,8.04,13.147,0.06949656750571993,-7.144755941059345e-05,0.0860000000000003,-0.0008307855745417813,0.051870967741935475,-0.007501875468867065,0.0,-0.0023567513323247053
26,4,1190976,0,200,34.47,0.07,7.94,13.19,0.06978097417456595,-6.820756322227872e-05,0.08699999999999974,-0.0007839949795664244,0.051225806451612906,-0.007415647015201973,0.0,-0.0006387783551832731
26,4,1191020,0,200,34.47,0.07,7.94,13.234,0.06944099378881899,-6.560337069976007e-05,0.08699999999999974,-0.0007540617321811525,0.051225806451612906,0.0,0.0,-0.004245997302100692
26,4,1191063,0,200,34.25,0.07,7.94,13.277,0.0694115724092832,-6.416496613665145e-05,0.08900000000000041,-0.0007209546756927096,0.051225806451612906,-0.007249003262051469,0.0,0.009476549213776777
26,4,1191109,0,200,34.25,0.07,7.84,13.323,0.07028440666884513,-6.417534438496464e-05,0.08900000000000041,-0.0007210712852243184,0.05058064516129032,-0.007249003262051469,0.0,0.01021116543189892
26,4,1191152,0,200,34.14,0.07,7.84,13.366,0.0703203661327222,-6.563542524595256e-05,0.0860000000000003,-0.0007632026191389807,0.05058064516129032,0.0,0.0,-0.008514714490979597
26,4,1191195,0,200,34.03,0.07,7.84,13.409,0.06955214122262088,-6.826395865759327e-05,0.08699999999999974,-0.0007846432029608445,0.05058064516129032,-0.007415647015202053,0.0,-0.010107728090841579
26,4,1191239,0,200,33.92,0.07,7.74,13.453,0.06944099378881899,-7.15328113047855e-05,0.08799999999999919,-0.0008128728557362064,0.049935483870967745,-0.007331378299120258,0.0,-0.011293054771315559
26,4,1191283,0,200,33.81,0.07,7.74,13.497,0.06855835240274512,-7.47488728899679e-05,0.08699999999999974,-0.0008591824470111279,0.049935483870967745,0.0,0.0,-0.012362239932665204
26,4,1191326,0,200,33.7,0.07,7.74,13.54,0.06836547891467712,-7.719120108103272e-05,0.0860000000000003,-0.0008975721055934007,0.049935483870967745,-0.007501875468867226,0.0,-0.006576096459551303
26,4,1191369,0,200,33.7,0.07,7.64,13.583,0.0679928081072237,-7.82945973796263e-05,0.08700000000000152,-0.0008999379009152291,0.04929032258064516,-0.007415647015201982,-0.11494252873563028,-0.010258028880296342
26,4,1191413,0,200,33.59,0.06,7.64,13.627,0.06747303040209132,-7.783436209721728e-05,0.08699999999999974,-0.0008946478401979024,0.04929032258064516,-0.007415647015202133,0.0,-0.0132640446693944
26,4,1191456,0,200,33.48,0.07,7.54,13.67,0.0668388362209864,-7.602868372404004e-05,0.0990000000000002,-0.0007679665022630292,0.04864516129032258,-0.006516780710329115,0.1010101010101009,-0.013637519358343047
26,4,1191512,0,200,33.37,0.07,7.54,13.726,0.06612291598561536,-7.34867609064258e-05,0.09999999999999964,-0.0007348676090642607,0.04864516129032258,0.0,-0.10000000000000045,-0.020398823144818435
26,4,1191556,0,200,33.26,0.06,7.54,13.77,0.06479895390650456,-7.100772683020118e-05,0.08699999999999974,-0.0008161807681632343,0.04864516129032258,-0.007415647015202053,-0.11494252873563263,-0.02062878335268437
26,4,1191599,0,200,33.15,0.06,7.44,13.813,0.06432821183393182,-6.931463877726163e-05,0.0860000000000003,-0.0008059841718286208,0.048,-0.0075018754688671455,0.11627906976744155,-0.011137550651147429
26,4,1191642,0,200,33.04,0.07,7.44,13.856,0.06384112455050588,-6.8824670883461e-05,0.08699999999999974,-0.0007910881710742666,0.048,0.0,0.0,-0.011009532827571092
26,4,1191686,0,200,33.04,0.06,7.44,13.9,0.06337038247793314,-6.952269478797125e-05,0.08699999999999974,-0.0007991114343444994,0.048,-0.007415647015202133,0.0,-0.01025802888029671
26,4,1191729,0,200,32.93,0.07,7.34,13.943,0.06294867603792006,-7.096717771343552e-05,0.0860000000000003,-0.0008251997408538985,0.04735483870967742,-0.007501875468867226,0.0,-0.008856823555349285
26,4,1191772,0,200,32.82,0.06,7.34,13.986,0.0626086956521731,-7.24269896243106e-05,0.08699999999999974,-0.000832494133612768,0.04735483870967742,0.0,-0.11494252873563263,-0.006500509143924159
26,4,1191816,0,200,32.71,0.06,7.34,14.03,0.062383131742398665,-7.311832874105573e-05,0.08699999999999974,-0.0008404405602420223,0.04735483870967742,-0.007415647015202053,0.0,-0.00349449335482631
26,4,1191859,0,200,32.6,0.06,7.24,14.073,0.06230467473030321,-7.248231316964038e-05,0.08900000000000041,-0.000814408013142023,0.04670967741935484,-0.0072490032620513905,0.0,-0.009880588133744097
26,4,1191905,0,200,32.6,0.06,7.24,14.119,0.061503759398495436,-7.041165602074706e-05,0.08900000000000041,-0.0007911422024803003,0.04670967741935484,-0.007249003262051469,0.0,-0.009696934079213482
26,4,1191948,0,200,32.49,0.06,7.14,14.162,0.06144164759725321,-6.731605856770706e-05,0.0860000000000003,-0.0007827448670663584,0.04606451612903226,-0.007501875468867226,0.11627906976744155,0.0010263271931092292
26,4,1191991,0,200,32.38,0.07,7.14,14.205,0.06159202353710283,-6.396182810063511e-05,0.08699999999999974,-0.0007351934264440839,0.04606451612903226,0.0,0.0,-0.00409569651264588
26,4,1192035,0,200,32.27,0.06,7.14,14.249,0.06108532200065302,-6.114301486214569e-05,0.08699999999999974,-0.0007027932742775387,0.04606451612903226,0.0,-0.11494252873563263,-0.0127755671036661
26,4,1192078,0,200,32.16,0.06,7.14,14.292,0.06048054919908388,-5.9354501750664035e-05,0.0860000000000003,-0.000690168625007719,0.04606451612903226,-0.0075018754688671455,0.0,-0.004713502664649411
26,4,1192121,0,200,32.05,0.06,7.04,14.335,0.060679960771493166,-5.86351749579439e-05,0.08699999999999974,-0.0006739675282522307,0.04541935483870968,-0.007415647015202053,0.0,-0.002592688618096955
26,4,1192165,0,200,32.05,0.06,7.04,14.379,0.06025498528930945,-5.8630189810131127e-05,0.08699999999999974,-0.0006739102277026586,0.04541935483870968,0.0,0.0,-0.00015030078945497223
26,4,1192208,0,200,31.83,0.06,7.04,14.422,0.060666884602810583,-5.879888323596294e-05,0.0860000000000003,-0.0006837079446042178,0.04541935483870968,-0.006751687921980511,0.0,0.009198932619718976
26,4,1192251,0,200,31.83,0.06,6.95,14.465,0.06104609349460528,-5.86575751016678e-05,0.08899999999999864,-0.0006590738775468394,0.044838709677419354,-0.00652410293584646,0.0,-0.0016161556798689979
26,4,1192297,0,200,31.72,0.06,6.95,14.511,0.060523046747302245,-5.79718764318784e-05,0.08900000000000041,-0.0006513693981109902,0.044838709677419354,0.0,0.0,-0.011753859489955703
26,4,1192340,0,200,31.72,0.06,6.95,14.554,0.05999999999999922,-5.684639682945658e-05,0.08700000000000152,-0.0006534068601086849,0.044838709677419354,-0.007415647015201982,0.0,-0.012024063156391311
26,4,1192384,0,200,31.5,0.06,6.85,14.598,0.05947695325269618,-5.5687801997018835e-05,0.08699999999999974,-0.0006400896781266551,0.04419354838709677,-0.007415647015202133,0.0,-0.005598704407194964
26,4,1192427,0,200,31.39,0.06,6.85,14.641,0.05951291271657326,-5.504815285030684e-05,0.08599999999999852,-0.0006400948005849742,0.04419354838709677,0.0,0.0,0.0012163877844256587
26,4,1192470,0,200,31.39,0.06,6.85,14.684,0.05958156260215679,-5.5398803673861964e-05,0.08699999999999974,-0.0006367678583202544,0.04419354838709677,0.0,0.0,-0.00409569651264588
26,4,1192514,0,200,31.28,0.06,6.85,14.728,0.05915658711997307,-5.6931082466312514e-05,0.08700000000000152,-0.0006543802582334657,0.04419354838709677,-0.007415647015201902,0.0,-0.002592688618096902
26,4,1192557,0,200,31.17,0.06,6.75,14.771,0.05935599869238235,-5.9477597594989715e-05,0.0860000000000003,-0.0006915999720347617,0.043548387096774194,-0.0075018754688671455,0.0,-0.00471350266464933
26,4,1192600,0,200,31.06,0.06,6.75,14.814,0.058751225890813226,-6.257389821842718e-05,0.08699999999999974,-0.0007192402094072111,0.043548387096774194,0.0,0.0,-0.006350208354469347
26,4,1192644,0,200,30.95,0.06,6.75,14.858,0.05880353056554352,-6.560206243855227e-05,0.08900000000000041,-0.0007371018251522692,0.043548387096774194,-0.0072490032620513905,-0.11235955056179718,-0.0012121167599017243
26,4,1192689,0,200,30.95,0.05,6.65,14.903,0.05864334749918197,-6.794427224620758e-05,0.08899999999999864,-0.0007634187892832429,0.04290322580645162,-0.007249003262051535,0.0,-0.011900782733580462
26,4,1192733,0,200,30.84,0.06,6.65,14.947,0.057744360902254876,-6.910591511739383e-05,0.08699999999999974,-0.0007943208634183222,0.04290322580645162,0.0,0.11494252873563246,-0.01878759868186188
26,4,1192776,0,200,30.73,0.06,6.65,14.99,0.05700882641385999,-6.879761958163666e-05,0.08700000000000152,-0.0007907772365705225,0.04290322580645162,-0.007415647015201982,0.0,-0.008604720196292479
26,4,1192820,0,200,30.62,0.06,6.55,15.034,0.05699575024517742,-6.69812569978383e-05,0.08699999999999974,-0.0007698995057222815,0.04225806451612903,-0.007415647015202133,-0.11494252873563246,-0.008416844209474058
26,4,1192863,0,200,30.62,0.05,6.55,15.077,0.05627656096763575,-6.388458844222455e-05,0.08599999999999852,-0.0007428440516537866,0.04225806451612903,0.0,0.0,-0.01444460494005494
26,4,1192906,0,200,30.4,0.06,6.55,15.12,0.055753514220332714,-5.997799206754451e-05,0.08699999999999974,-0.0006894022076729273,0.04225806451612903,-0.007415647015202133,0.11494252873563246,-0.003344192565371497
26,4,1192950,0,200,30.4,0.06,6.45,15.164,0.05598561621444843,-5.5901688169469386e-05,0.08700000000000152,-0.0006425481398789472,0.04161290322580645,-0.007415647015201982,-0.11494252873563011,0.004020546117918391
26,4,1192993,0,200,30.29,0.05,6.45,15.207,0.05610330173259162,-5.23404526066722e-05,0.0860000000000003,-0.00060860991403107,0.04161290322580645,0.0,0.0,0.0017865695583752501
26,4,1193036,0,200,30.18,0.06,6.45,15.25,0.056139261196468705,-4.986730851877308e-05,0.08899999999999864,-0.0005603068372895938,0.04161290322580645,0.0,0.0,0.0002571156763428022
26,4,1193082,0,200,30.18,0.05,6.45,15.296,0.05612618502778613,-4.881042073940023e-05,0.08900000000000041,-0.0005484316937011236,0.04161290322580645,-0.007249003262051469,-0.11235955056179718,-0.0004775005417794246
26,4,1193125,0,200,29.96,0.05,6.35,15.339,0.056096763648250336,-4.9196343117649196e-05,0.08699999999999974,-0.000565475208248843,0.040967741935483866,-0.007415647015202133,0.11494252873563246,-0.01085923203811628
26,4,1193169,0,200,29.96,0.06,6.35,15.383,0.055181431840470016,-5.07710933288239e-05,0.08699999999999974,-0.0005835757853887822,0.040967741935483866,0.0,0.11494252873563246,-0.014428875787669996
26,4,1193212,0,200,29.85,0.06,6.35,15.426,0.05484145145472305,-5.306395523403751e-05,0.0860000000000003,-0.0006170227352795038,0.040967741935483866,0.0,-0.1162790697674414,-0.007336338824817163
26,4,1193255,0,200,29.85,0.05,6.35,15.469,0.05455050670153574,-5.5484205445478276e-05,0.08699999999999974,-0.0006377494878790625,0.040967741935483866,-0.007415647015202053,0.0,-0.005749005196649617
26,4,1193299,0,200,29.63,0.06,6.25,15.513,0.054341288002614535,-5.746493691331001e-05,0.08699999999999974,-0.0006605165162449446,0.04032258064516129,-0.007415647015202053,0.11494252873563246,-0.01386524782721405
26,4,1193342,0,200,29.63,0.06,6.25,15.556,0.05334423014056812,-5.862926597551521e-05,0.0860000000000003,-0.0006817356508780815,0.04032258064516129,0.0,-0.1162790697674414,-0.015356895778374027
26,4,1193385,0,200,29.52,0.05,6.25,15.599,0.053020594965674364,-5.890372286250401e-05,0.08800000000000097,-0.0006693604870739019,0.04032258064516129,-0.00733137829912011,-0.11363636363636233,-0.0056836755921422346
26,4,1193430,0,200,29.52,0.05,6.15,15.644,0.0528440666884596,-5.851329892551682e-05,0.08999999999999986,-0.0006501477658390768,0.03967741935483871,-0.007168458781361975,0.0,-0.01195016526824286
26,4,1193475,0,200,29.41,0.05,6.15,15.689,0.05194508009153251,-5.785145298959371e-05,0.08900000000000041,-0.0006500163257257691,0.03967741935483871,0.0,0.0,-0.011900782733580225
26,4,1193519,0,200,29.3,0.05,6.15,15.733,0.05178489702517095,-5.728456134169146e-05,0.08699999999999974,-0.0006584432338125474,0.03967741935483871,0.0,0.0,-0.011610735985390662
26,4,1193562,0,200,29.19,0.05,6.15,15.776,0.050934946060803524,-5.699600167335461e-05,0.0860000000000003,-0.0006627442055041211,0.03967741935483871,-0.007501875468867226,0.0,-0.02128678622744891
26,4,1193605,0,200,29.08,0.05,6.05,15.819,0.04995423340961034,-5.695818557360166e-05,0.08699999999999974,-0.0006546917882023198,0.03903225806451613,-0.007415647015202133,0.0,-0.013677371840395374
26,4,1193649,0,200,28.97,0.05,6.05,15.863,0.04974501471068913,-5.703052911626205e-05,0.08699999999999974,-0.0006555233231754278,0.03903225806451613,0.0,0.0,-0.001991485460277385
26,4,1193692,0,200,28.86,0.05,6.05,15.906,0.04978097417456621,-5.709437811194728e-05,0.08699999999999974,-0.0006562572196775569,0.03903225806451613,-0.007415647015202053,0.0,-0.006350208354469347
26,4,1193736,0,200,28.86,0.05,5.95,15.95,0.0491925465838503,-5.7127767960537316e-05,0.08699999999999974,-0.0006566410110406607,0.03838709677419355,-0.007415647015202053,0.0,-0.003907820525827204
26,4,1193779,0,200,28.75,0.05,5.95,15.993,0.04944099378881924,-5.717902349599324e-05,0.08600000000000207,-0.0006648723662324635,0.03838709677419355,0.0,0.0,0.009388993211035347
26,4,1193822,0,200,28.75,0.05,5.95,16.036,0.04999999999999936,-5.7271118343766855e-05,0.08900000000000041,-0.0006434957117277145,0.03838709677419355,0.0,0.0,0.0062809686649450925
26,4,1193868,0,200,28.64,0.05,5.95,16.082,0.04999999999999936,-5.732472699825131e-05,0.08899999999999864,-0.0006440980561601369,0.03838709677419355,-0.0072490032620516134,0.0,0.0
26,4,1193911,0,200,28.53,0.05,5.85,16.125,0.04999999999999936,-5.7180356328493606e-05,0.08699999999999974,-0.0006572454750401583,0.03774193548387097,-0.007415647015202133,0.0,0.0
26,4,1193955,0,200,28.42,0.05,5.85,16.169,0.04999999999999936,-5.671555543638718e-05,0.08699999999999974,-0.0006519029360504292,0.03774193548387097,0.0,0.0,0.0
26,4,1193998,0,200,28.31,0.05,5.85,16.212,0.04999999999999936,-5.5968637944274314e-05,0.08599999999999852,-0.0006507981156311078,0.03774193548387097,-0.007501875468867381,0.0,0.0
26,4,1194041,0,200,28.31,0.05,5.75,16.255,0.04999999999999936,-5.5172772393169646e-05,0.08699999999999974,-0.0006341697976226415,0.037096774193548385,-0.007415647015202133,0.0,0.0
26,4,1194085,0,200,28.2,0.05,5.75,16.299,0.04999999999999936,-5.46617673698e-05,0.08699999999999974,-0.0006282961766643696,0.037096774193548385,0.0,0.0,0.0
26,4,1194128,0,200,28.09,0.05,5.75,16.342,0.04999999999999936,-5.468649949235971e-05,0.08600000000000207,-0.0006358895289809115,0.037096774193548385,0.0,0.0,0.0
26,4,1194171,0,200,27.98,0.05,5.75,16.385,0.04999999999999936,-5.524625947325301e-05,0.08699999999999974,-0.0006350144767040594,0.037096774193548385,-0.006674082313681848,0.0,0.0
26,4,1194215,0,200,27.98,0.05,5.66,16.429,0.04999999999999936,-5.6043297119523495e-05,0.08899999999999864,-0.0006296999676351051,0.036516129032258066,-0.006524102935846382,0.0,0.0
26,4,1194260,0,200,27.87,0.05,5.66,16.474,0.04999999999999936,-5.659016169936937e-05,0.08900000000000219,-0.0006358445134760447,0.036516129032258066,0.0,0.0,0.0
26,4,1194304,0,200,27.76,0.05,5.66,16.518,0.04999999999999936,-5.64047276094346e-05,0.08699999999999974,-0.0006483302024072961,0.036516129032258066,-0.007415647015202133,0.0,0.0
26,4,1194347,0,200,27.65,0.05,5.56,16.561,0.04999999999999936,-5.5193011668094095e-05,0.08599999999999852,-0.0006417792054429656,0.03587096774193548,-0.007501875468867381,0.0,0.0
26,4,1194390,0,200,27.54,0.05,5.56,16.604,0.04999999999999936,-5.29450262727309e-05,0.08699999999999974,-0.000608563520376219,0.03587096774193548,0.0,0.0,0.0
26,4,1194434,0,200,27.54,0.05,5.56,16.648,0.04999999999999936,-4.992352168276071e-05,0.08699999999999974,-0.0005738335825604696,0.03587096774193548,0.0,0.0,0.0
26,4,1194477,0,200,27.43,0.05,5.56,16.691,0.04999999999999936,-4.6583197724196165e-05,0.08699999999999974,-0.0005354390543011069,0.03587096774193548,-0.007415647015202053,0.0,0.0
26,4,1194521,0,200,27.32,0.05,5.46,16.735,0.04999999999999936,-4.3471945525031864e-05,0.08699999999999974,-0.0004996775347704827,0.035225806451612905,-0.007415647015202053,0.0,0.0
26,4,1194564,0,200,27.21,0.05,5.46,16.778,0.04999999999999936,-4.1123020189431255e-05,0.08600000000000207,-0.00047817465336546817,0.035225806451612905,0.0,0.0,0.0
26,4,1194607,0,200,27.21,0.05,5.46,16.821,0.04999999999999936,-3.992353663356418e-05,0.08900000000000219,-0.00044857906329846294,0.035225806451612905,0.0,0.0,0.006280968664944968
26,4,1194653,0,200,27.1,0.05,5.46,16.867,0.05055900621117947,-3.9995107934295506e-05,0.08899999999999864,-0.0004493832352168103,0.035225806451612905,0.0,0.0,0.00279154162886442
26,4,1194696,0,200,26.99,0.05,5.46,16.91,0.05024844720496829,-4.1171943045487325e-05,0.08699999999999974,-0.0004732407246607752,0.035225806451612905,-0.007415647015202133,0.0,-0.00676353552547032
26,4,1194740,0,200,26.88,0.05,5.36,16.954,0.04997057862046356,-4.311195877918994e-05,0.08699999999999974,-0.0004955397560826444,0.03458064516129032,-0.007415647015202133,0.0,-0.006012031578195699
26,4,1194783,0,200,26.88,0.05,5.36,16.997,0.04972540045766526,-4.546614922998149e-05,0.08599999999999852,-0.0005286761538370031,0.03458064516129032,0.0,0.0,0.0011783756661624576
26,4,1194826,0,200,26.77,0.05,5.36,17.04,0.05007191892775353,-4.799139887409431e-05,0.08699999999999974,-0.0005516252744148788,0.03458064516129032,0.0,0.0,-0.001653308684003897
26,4,1194870,0,200,26.77,0.05,5.36,17.084,0.049581562602156924,-5.056056997436453e-05,0.08699999999999974,-0.0005811559767168354,0.03458064516129032,-0.007415647015202133,0.0,-0.004095696512645959
26,4,1194913,0,200,26.66,0.05,5.26,17.127,0.04971559333115333,-5.3101728447021655e-05,0.08699999999999974,-0.0006103646947933541,0.03393548387096774,-0.007415647015202133,0.0,0.00026302638154608176
26,4,1194957,0,200,26.55,0.05,5.26,17.171,0.04960444589735143,-5.5508567606262106e-05,0.08699999999999974,-0.0006380295127156583,0.03393548387096774,0.0,0.0,-0.0049975012493752346
26,4,1195000,0,200,26.43,0.05,5.26,17.214,0.049280810722457685,-5.7554059852447995e-05,0.08800000000000097,-0.0006540234074141745,0.03393548387096774,0.0,0.0,-0.015750839549466215
26,4,1195045,0,200,26.43,0.05,5.26,17.259,0.04821837201699839,-5.886152316192117e-05,0.08900000000000219,-0.0006613654287856149,0.03393548387096774,-0.007249003262051246,-0.11235955056179502,-0.022038486543666677
26,4,1195089,0,200,26.32,0.04,5.16,17.303,0.0473193854200713,-5.898898406342479e-05,0.08699999999999974,-0.0006780342995795972,0.03329032258064516,-0.007415647015202053,0.0,-0.01878759868186188
26,4,1195132,0,200,26.21,0.05,5.16,17.346,0.04658385093167641,-5.761278013609416e-05,0.08699999999999974,-0.0006622158636332682,0.03329032258064516,0.0,0.11494252873563254,-0.015030078945489486
26,4,1195176,0,200,26.1,0.05,5.16,17.39,0.04601176855181372,-5.471527377711993e-05,0.08699999999999974,-0.0006289111928404608,0.03329032258064516,-0.007415647015202133,0.0,-0.004847200459920342
26,4,1195219,0,200,26.1,0.05,5.06,17.433,0.046162144491663344,-5.066899429097216e-05,0.08599999999999852,-0.0005891743522206166,0.03264516129032258,-0.007501875468867381,-0.11627906976744389,0.0017865695583752063
26,4,1195262,0,200,25.99,0.04,5.06,17.476,0.046165413533833986,-4.616122140016099e-05,0.08800000000000097,-0.0005245593340927327,0.03264516129032258,0.0,0.0,-0.0012258908139915088
26,4,1195307,0,200,25.88,0.05,5.06,17.521,0.04605426610003209,-4.198294687477855e-05,0.08800000000000097,-0.0004770789417588419,0.03264516129032258,0.0,0.0,-0.003454783203066872
26,4,1195350,0,200,25.88,0.04,5.06,17.564,0.0458613926119641,-3.8787843731439505e-05,0.08599999999999852,-0.0004510214387376764,0.03264516129032258,0.0,-0.11627906976744389,-0.005055611729019204
26,4,1195393,0,200,25.66,0.04,5.06,17.607,0.045619483491336446,-3.695137112116864e-05,0.08999999999999986,-0.00041057079023520775,0.03264516129032258,-0.007168458781361975,0.0,-0.005557371690094777
26,4,1195440,0,200,25.66,0.04,4.96,17.654,0.04536122915985557,-3.6577416572431076e-05,0.08999999999999986,-0.0004064157396936793,0.032,-0.007168458781361975,0.11111111111111131,-0.005557371690094777
26,4,1195483,0,200,25.55,0.05,4.96,17.697,0.04511932003922792,-3.75744615637279e-05,0.08599999999999852,-0.00043691234376428545,0.032,0.0,0.11627906976744389,-0.011555683952043918
26,4,1195526,0,200,25.44,0.05,4.96,17.74,0.04436744033997981,-3.969161030442692e-05,0.08699999999999974,-0.00045622540579801194,0.032,0.0,0.0,-0.023146321576053838
26,4,1195570,0,200,25.44,0.05,4.96,17.784,0.04310559006211124,-4.2500684443422365e-05,0.0870000000000033,-0.0004885136142921926,0.032,0.0,0.0,-0.012024063156391146
26,4,1195613,0,200,25.33,0.05,4.96,17.827,0.04332134684537374,-4.541030056659423e-05,0.08600000000000207,-0.0005280267507743388,0.032,-0.00750187546886699,-0.11627906976743908,0.00558778138470524
26,4,1195656,0,200,25.33,0.04,4.86,17.87,0.0435861392611959,-4.777826905090876e-05,0.08699999999999974,-0.0005491755063322862,0.031354838709677424,-0.007415647015202053,-0.11494252873563254,0.007026561907016323
26,4,1195700,0,200,25.22,0.04,4.86,17.914,0.04393265773128416,-4.9084861523465584e-05,0.08699999999999974,-0.0005641938106145486,0.031354838709677424,0.0,0.0,-0.0010896807235479505
26,4,1195743,0,200,25.11,0.04,4.86,17.957,0.04349133703824723,-4.907627075558807e-05,0.08699999999999974,-0.0005640950661561863,0.031354838709677424,0.0,0.0,-0.0024048126312782793
26,4,1195787,0,200,25.11,0.04,4.86,18.001,0.04372343903236295,-4.7830854503635223e-05,0.08899999999999864,-0.0005374253315015276,0.031354838709677424,-0.0072490032620516525,0.0,-0.003269042170644088
26,4,1195832,0,200,25.0,0.04,4.76,18.046,0.04320039228505991,-4.575112677022464e-05,0.08899999999999864,-0.0005140576041598353,0.030709677419354837,-0.0072490032620516525,0.0,-0.013957708144322725
26,4,1195876,0,200,24.89,0.04,4.76,18.09,0.042481203007518245,-4.3475830731130925e-05,0.08699999999999974,-0.0004997221923118512,0.030709677419354837,0.0,0.0,-0.01878759868186188
26,4,1195919,0,200,24.89,0.04,4.76,18.133,0.04156587119973793,-4.169723352704668e-05,0.08599999999999852,-0.00048485155264008605,0.030709677419354837,0.0,0.11627906976744389,-0.013076168682576073
26,4,1195962,0,200,24.78,0.05,4.76,18.176,0.04135665250081672,-4.092020296550736e-05,0.08699999999999974,-0.00047034716052307446,0.030709677419354837,-0.007415647015202053,0.11494252873563254,-0.0027429894075517674
26,4,1196006,0,200,24.67,0.05,4.66,18.22,0.04132723112128093,-4.126054268084278e-05,0.0870000000000033,-0.000474259111274037,0.03006451612903226,0.0,-0.11494252873562785,0.0017660342760949343
26,4,1196049,0,200,24.67,0.04,4.76,18.263,0.04151029748283699,-4.23787464952019e-05,0.08600000000000207,-0.0004927761220372195,0.030709677419354837,0.0,-0.11627906976743908,0.007108266115237331
26,4,1196092,0,200,24.56,0.04,4.66,18.306,0.041938542007191354,-4.359231864550228e-05,0.08699999999999974,-0.0005010611338563495,0.03006451612903226,-0.007415647015202053,0.0,0.002667839012824441
26,4,1196136,0,200,24.45,0.04,4.66,18.35,0.04174239947695271,-4.414267085169321e-05,0.08699999999999974,-0.0005073870212838316,0.03006451612903226,0.0,0.0,-0.005260527630921316
26,4,1196179,0,200,24.34,0.04,4.66,18.393,0.0414808761033012,-4.3521796651862844e-05,0.08899999999999864,-0.0004890089511445339,0.03006451612903226,-0.0072490032620516134,0.0,-0.0066115459631002045
26,4,1196225,0,200,24.34,0.04,4.56,18.439,0.041153971886236804,-4.171186233147761e-05,0.08899999999999864,-0.0004686726104660477,0.029419354838709676,-0.0072490032620516134,0.0,-0.008080778399344834
26,4,1196268,0,200,24.23,0.04,4.56,18.482,0.04076168682575952,-3.9203727252464126e-05,0.08599999999999852,-0.0004558572936333116,0.029419354838709676,0.0,0.0,-0.009883150748458719
26,4,1196311,0,200,24.12,0.04,4.56,18.525,0.04030402092186937,-3.67619285896561e-05,0.08699999999999974,-0.00042255090332938167,0.029419354838709676,0.0,0.0,-0.011272559209117015
26,4,1196355,0,200,24.12,0.04,4.56,18.569,0.039780974174566344,-3.5053767879235306e-05,0.08699999999999974,-0.00040291687217511963,0.029419354838709676,0.0,0.0,-0.01920092585286285
26,4,1196398,0,200,24.01,0.04,4.56,18.612,0.038633540372670305,-3.4355699236624737e-05,0.08699999999999974,-0.00039489309467384873,0.029419354838709676,0.0,0.0,-0.0067635355254704
26,4,1196442,0,200,23.9,0.04,4.56,18.656,0.03919254658385042,-3.450221074539872e-05,0.0870000000000033,-0.00039657713500456797,0.029419354838709676,-0.00741564701520179,0.0,0.016044609274309375
26,4,1196485,0,200,23.9,0.04,4.46,18.699,0.040029421379535274,-3.507410915106757e-05,0.08600000000000207,-0.00040783847850077583,0.028774193548387096,-0.007501875468867031,0.0,0.01258201114515265
26,4,1196528,0,200,23.79,0.04,4.46,18.742,0.040274599542333575,-3.56671780562996e-05,0.08699999999999974,-0.00040996756386551386,0.028774193548387096,0.0,0.0,0.005260527630921316
26,4,1196572,0,200,23.68,0.04,4.46,18.786,0.04048708728342543,-3.606596026313102e-05,0.08899999999999864,-0.0004052355085745121,0.028774193548387096,0.0,0.0,0.004407697308733574
26,4,1196617,0,200,23.57,0.04,4.46,18.831,0.04066688460281086,-3.62689646808958e-05,0.08899999999999864,-0.0004075164570887231,0.028774193548387096,0.0,0.0,0.0036730810906112597
26,4,1196661,0,200,23.57,0.04,4.46,18.875,0.040813991500489824,-3.6434186190313686e-05,0.08699999999999974,-0.00041878374931395164,0.028774193548387096,-0.006674082313681888,0.0,0.0030060157890978495
26,4,1196704,0,200,23.46,0.04,4.37,18.918,0.04092840797646237,-3.681747054340345e-05,0.08599999999999852,-0.0004281101225977219,0.028193548387096774,-0.006751687921980611,0.0,0.0022807270957981907
26,4,1196747,0,200,23.46,0.04,4.37,18.961,0.041010134030728465,-3.7697918036275094e-05,0.08699999999999974,-0.00043330940271580693,0.028193548387096774,0.0,0.0,0.001503007894548845
26,4,1196791,0,200,23.35,0.04,4.37,19.005,0.04105916966328812,-3.925713177629753e-05,0.08699999999999974,-0.0004512313997275591,0.028193548387096774,0.0,0.11494252873563254,0.0007515039472745421
26,4,1196834,0,200,23.24,0.05,4.37,19.048,0.04107551487414135,-4.144740702294758e-05,0.08600000000000207,-0.0004819465932900765,0.028193548387096774,0.0,0.0,0.0
26,4,1196877,0,200,23.24,0.04,4.37,19.091,0.04105916966328812,-4.39469815875233e-05,0.0870000000000033,-0.0005051377193968004,0.028193548387096774,-0.00741564701520183,-0.11494252873562785,-0.0007515039472745114
26,4,1196921,0,200,23.13,0.04,4.27,19.135,0.041010134030728465,-4.625582200458389e-05,0.08699999999999974,-0.0005316761149952187,0.02754838709677419,-0.007415647015202133,0.0,-0.001503007894548845
26,4,1196964,0,200,23.13,0.04,4.27,19.178,0.04092840797646237,-4.7874212657441186e-05,0.08899999999999864,-0.0005379125017690103,0.02754838709677419,0.0,0.0,-0.002203848654366787
26,4,1197010,0,200,23.02,0.04,4.27,19.224,0.040813991500489824,-4.8457779132845325e-05,0.08899999999999864,-0.0005444694284589445,0.02754838709677419,0.0,0.0,-0.0029384648724889452
26,4,1197053,0,200,22.91,0.04,4.27,19.267,0.04066688460281086,-4.789535985394799e-05,0.08599999999999852,-0.0005569227889994048,0.02754838709677419,-0.007501875468867301,0.0,-0.0038012118263302643
26,4,1197096,0,200,22.91,0.04,4.17,19.31,0.04048708728342543,-4.631665840529653e-05,0.08699999999999974,-0.0005323753839689273,0.026903225806451613,-0.007415647015202053,0.0,-0.004509023683646933
26,4,1197140,0,200,22.8,0.04,4.17,19.354,0.040274599542333575,-4.403620535947717e-05,0.08800000000000097,-0.0005004114245395078,0.026903225806451613,0.0,0.0,-0.005200748907842593
26,4,1197184,0,200,22.69,0.04,4.17,19.398,0.040029421379535274,-4.1435709102155546e-05,0.08800000000000097,-0.00047086033070630785,0.026903225806451613,0.0,0.0,-0.005943713037534459
26,4,1197228,0,200,22.69,0.04,4.17,19.442,0.03975155279503054,-3.883611807054077e-05,0.08699999999999974,-0.000446392161730355,0.026903225806451613,0.0,0.0,-0.0067635355254702404
26,4,1197271,0,200,22.58,0.04,4.17,19.485,0.039440993788819365,-3.6447803513082634e-05,0.08599999999999852,-0.0004238116687567821,0.026903225806451613,-0.007501875468867341,0.0,0.00288892098801102
26,4,1197314,0,200,22.47,0.04,4.07,19.528,0.03999999999999948,-3.442458844078633e-05,0.08699999999999974,-0.0003956849246067406,0.026258064516129033,-0.007415647015202093,0.0,0.006425358749196752
26,4,1197358,0,200,22.47,0.04,4.07,19.572,0.03999999999999948,-3.293442983612582e-05,0.08900000000000219,-0.00037004977343960686,0.026258064516129033,0.0,0.0,0.0
26,4,1197403,0,200,22.36,0.04,4.07,19.617,0.03999999999999948,-3.2136605137530693e-05,0.08900000000000219,-0.00036108545098348203,0.026258064516129033,0.0,0.0,0.0
26,4,1197447,0,200,22.36,0.04,4.07,19.661,0.03999999999999948,-3.206409339925198e-05,0.08699999999999974,-0.00036855279769255255,0.026258064516129033,0.0,0.0,0.0
26,4,1197490,0,200,22.25,0.04,4.07,19.704,0.03999999999999948,-3.253121115797519e-05,0.08599999999999852,-0.0003782698971857645,0.026258064516129033,0.0,0.0,0.0
26,4,1197533,0,200,22.14,0.04,4.07,19.747,0.03999999999999948,-3.318334935584843e-05,0.08699999999999974,-0.00038141780868791416,0.026258064516129033,-0.007415647015202093,0.0,0.0
26,4,1197577,0,200,22.14,0.04,3.97,19.791,0.03999999999999948,-3.3676289958587625e-05,0.08699999999999974,-0.0003870837926274451,0.025612903225806453,-0.007415647015202093,0.0,0.0
26,4,1197620,0,200,22.03,0.04,3.97,19.834,0.03999999999999948,-3.384525718717235e-05,0.08599999999999852,-0.00039354950217642944,0.025612903225806453,0.0,0.0,0.0
26,4,1197663,0,200,21.92,0.04,3.97,19.877,0.03999999999999948,-3.372797165483776e-05,0.08699999999999974,-0.0003876778351130789,0.025612903225806453,0.0,0.0,0.0
26,4,1197707,0,200,21.92,0.04,3.97,19.921,0.03999999999999948,-3.344321702436348e-05,0.08699999999999974,-0.00038440479338348936,0.025612903225806453,0.0,0.0,0.0
26,4,1197750,0,200,21.81,0.04,3.97,19.964,0.03999999999999948,-3.306080473123662e-05,0.08900000000000219,-0.0003714697160813012,0.025612903225806453,0.0,0.0,0.0
26,4,1197796,0,200,21.7,0.04,3.97,20.01,0.03999999999999948,-3.259554157260069e-05,0.08900000000000219,-0.0003662420401415718,0.025612903225806453,-0.007249003262051285,0.0,0.0
26,4,1197839,0,200,21.7,0.04,3.87,20.053,0.03999999999999948,-3.212196415882706e-05,0.08599999999999852,-0.0003735112111491583,0.024967741935483873,-0.007501875468867341,0.0,0.0
26,4,1197882,0,200,21.59,0.04,3.87,20.096,0.03999999999999948,-3.187261248616036e-05,0.08699999999999974,-0.00036635186765701666,0.024967741935483873,0.0,0.0,0.0
26,4,1197926,0,200,21.59,0.04,3.87,20.14,0.03999999999999948,-3.218434823080729e-05,0.08699999999999974,-0.0003699350371357171,0.024967741935483873,0.0,0.0,0.0
26,4,1197969,0,200,21.48,0.04,3.87,20.183,0.03999999999999948,-3.329825230096928e-05,0.08699999999999974,-0.0003827385321950503,0.024967741935483873,0.0,0.0,0.0
26,4,1198013,0,200,21.48,0.04,3.87,20.227,0.03999999999999948,-3.516188342747695e-05,0.08699999999999974,-0.00040415957962617303,0.024967741935483873,0.0,0.0,0.0
26,4,1198056,0,200,21.37,0.04,3.87,20.27,0.03999999999999948,-3.738952780814264e-05,0.08599999999999852,-0.00043476195125748005,0.024967741935483873,-0.007501875468867381,0.0,0.0
26,4,1198099,0,200,21.26,0.04,3.77,20.313,0.03999999999999948,-3.940587270324159e-05,0.08699999999999974,-0.00045294106555450236,0.02432258064516129,-0.007415647015202133,0.0,0.0
26,4,1198143,0,200,21.26,0.04,3.77,20.357,0.03999999999999948,-4.065942521748278e-05,0.08900000000000219,-0.0004568474743537278,0.02432258064516129,0.0,0.0,0.0
26,4,1198188,0,200,21.15,0.04,3.77,20.402,0.03999999999999948,-4.077280982363574e-05,0.08900000000000219,-0.0004581214586925251,0.02432258064516129,0.0,0.0,0.0
26,4,1198232,0,200,21.15,0.04,3.77,20.446,0.03999999999999948,-3.95994411238032e-05,0.08699999999999974,-0.00045516598992877377,0.02432258064516129,0.0,0.0,0.0
26,4,1198275,0,200,21.04,0.04,3.77,20.489,0.03999999999999948,-3.724883177624339e-05,0.08599999999999852,-0.0004331259508865585,0.02432258064516129,-0.007501875468867341,0.0,0.0
26,4,1198318,0,200,20.93,0.04,3.67,20.532,0.03999999999999948,-3.4114935335093136e-05,0.08699999999999974,-0.0003921256935068188,0.02367741935483871,-0.007415647015202093,0.0,0.0
26,4,1198362,0,200,20.93,0.04,3.67,20.576,0.03999999999999948,-3.084447887184183e-05,0.08699999999999974,-0.000354534239906229,0.02367741935483871,0.0,0.0,0.0
26,4,1198405,0,200,20.82,0.04,3.67,20.619,0.03999999999999948,-2.816355471426224e-05,0.08599999999999852,-0.00032748319435189216,0.02367741935483871,0.0,0.0,0.0
26,4,1198448,0,200,20.82,0.04,3.67,20.662,0.03999999999999948,-2.659179885274021e-05,0.08699999999999974,-0.00030565286037632515,0.02367741935483871,0.0,0.0,0.0
26,4,1198492,0,200,20.71,0.04,3.67,20.706,0.03999999999999948,-2.6202910492100884e-05,0.08699999999999974,-0.00030118287921955127,0.02367741935483871,0.0,0.0,0.0
26,4,1198535,0,200,20.71,0.04,3.67,20.749,0.03999999999999948,-2.660262519501888e-05,0.08900000000000219,-0.0002989059010676205,0.02367741935483871,0.0,0.0,0.0
26,4,1198581,0,200,20.6,0.04,3.67,20.795,0.03999999999999948,-2.7170519172273534e-05,0.08900000000000219,-0.0003052867322727288,0.02367741935483871,-0.007249003262051285,0.0,0.006280968664944968
26,4,1198624,0,200,20.49,0.04,3.57,20.838,0.040559006211179596,-2.7436950553854978e-05,0.08599999999999852,-0.00031903430876576106,0.02303225806451613,-0.007501875468867341,0.0,0.00288892098801102
26,4,1198667,0,200,20.38,0.04,3.57,20.881,0.040248447204968424,-2.7360453206411783e-05,0.08699999999999974,-0.00031448796788979155,0.02303225806451613,0.0,0.0,-0.0067635355254702404
26,4,1198711,0,200,20.38,0.04,3.57,20.925,0.03997057862046369,-2.732185565777545e-05,0.08699999999999974,-0.00031404431790546587,0.02303225806451613,0.0,0.0,-0.0060120315781958585
26,4,1198754,0,200,20.38,0.04,3.57,20.968,0.039725400457665386,-2.784026812846463e-05,0.08699999999999974,-0.000320003081936376,0.02303225806451613,0.0,0.0,-0.005260527630921316
26,4,1198798,0,200,20.27,0.04,3.57,21.012,0.039512912716573534,-2.920305378952204e-05,0.08699999999999974,-0.00033566728493703593,0.02303225806451613,0.0,0.0,-0.0045090236836468536
26,4,1198841,0,200,20.27,0.04,3.57,21.055,0.03933311539718811,-3.12475526985958e-05,0.08599999999999852,-0.00036334363603018996,0.02303225806451613,0.0,0.0,-0.0038012118263302643
26,4,1198884,0,200,20.16,0.04,3.57,21.098,0.03918600849950914,-3.3418798603740196e-05,0.08699999999999974,-0.00038412412188207237,0.02303225806451613,-0.007415647015202093,0.0,-0.0030060157890978495
26,4,1198928,0,200,20.05,0.04,3.47,21.142,0.0390715920235366,-3.5044594007231036e-05,0.08900000000000219,-0.0003937594832273053,0.022387096774193548,-0.007249003262051285,0.0,-0.002203848654366699
26,4,1198973,0,200,19.94,0.04,3.47,21.187,0.038989865969270496,-3.5639197521521114e-05,0.08900000000000219,-0.00040044042159011504,0.022387096774193548,0.0,0.0,-0.001469232436244492
26,4,1199017,0,200,19.94,0.04,3.47,21.231,0.038940830336710835,-3.505946821699313e-05,0.08699999999999974,-0.00040298239329877275,0.022387096774193548,0.0,-0.11494252873563254,0.005673854801922291
26,4,1199060,0,200,19.94,0.03,3.47,21.274,0.039483491337037734,-3.34758140304019e-05,0.08699999999999974,-0.00038477947161381606,0.022387096774193548,0.0,0.0,0.002855714999643037
26,4,1199104,0,200,19.83,0.04,3.47,21.318,0.03918927754167978,-3.125194174209689e-05,0.08799999999999741,-0.0003551357016147478,0.022387096774193548,-0.007331378299120445,0.113636363636367,-0.00594371303753462
26,4,1199148,0,200,19.83,0.04,3.37,21.362,0.0389604445897347,-2.8838979327633573e-05,0.08699999999999974,-0.0003314825210072834,0.021741935483870968,0.0,0.0,-0.0045090236836468536
26,4,1199191,0,200,19.72,0.04,3.47,21.405,0.038796992481202504,-2.671189940373697e-05,0.08600000000000207,-0.0003106034814387945,0.022387096774193548,0.0,0.0,0.003459102761960425
26,4,1199234,0,200,19.72,0.04,3.37,21.448,0.039257927427263306,-2.531587354681575e-05,0.08699999999999974,-0.0002909870522622508,0.021741935483870968,-0.007415647015202093,0.0,0.0013527071050940323
26,4,1199278,0,200,19.61,0.04,3.37,21.492,0.038914677999345684,-2.498837535242737e-05,0.08699999999999974,-0.00028722270520031547,0.021741935483870968,0.0,0.0,-0.00676353552547032
26,4,1199321,0,200,19.5,0.04,3.37,21.535,0.03866949983654739,-2.5854321626416875e-05,0.08899999999999864,-0.00029049799580244123,0.021741935483870968,0.0,0.0,-0.004407697308733418
26,4,1199367,0,200,19.5,0.04,3.37,21.581,0.038522392938868416,-2.7737567237271943e-05,0.08999999999999986,-0.0003081951915252443,0.021741935483870968,0.0,0.0,0.004031818677127581
26,4,1199411,0,200,19.39,0.04,3.37,21.625,0.03903236351748887,-3.0167476025580788e-05,0.09299999999999997,-0.00032438146264065376,0.021741935483870968,0.0,0.0,0.008682294797301716
26,4,1199460,0,200,19.28,0.04,3.37,21.674,0.039329846355017475,-3.253021465076644e-05,0.09199999999999875,-0.00035358928968224875,0.021741935483870968,-0.007012622720897707,-0.10869565217391454,-0.001563454951177615
26,4,1199503,0,200,19.28,0.03,3.27,21.717,0.03888852566198053,-3.430965852174195e-05,0.08699999999999974,-0.00039436389105450634,0.021096774193548388,-0.007415647015202093,0.0,-0.012211939143210311
26,4,1199547,0,200,19.28,0.04,3.27,21.761,0.03826740764955818,-3.526882967871847e-05,0.08699999999999974,-0.0004053888468818227,0.021096774193548388,0.0,0.11494252873563254,-0.016345210853219817
26,4,1199590,0,200,19.17,0.04,3.27,21.804,0.03746649231775041,-3.544889613532209e-05,0.08600000000000207,-0.00041219646668978185,0.021096774193548388,0.0,0.0,-0.01672533203585236
26,4,1199633,0,200,19.17,0.04,3.27,21.847,0.036829029094474844,-3.50088668092261e-05,0.08699999999999974,-0.0004024007679221403,0.021096774193548388,0.0,-0.11494252873563254,-0.0127755671036661
26,4,1199677,0,200,19.06,0.03,3.27,21.891,0.036355017979731466,-3.4062092917688246e-05,0.08899999999999864,-0.00038272014514257046,0.021096774193548388,0.0,0.0,-0.008815394617466991
26,4,1199722,0,200,18.95,0.04,3.27,21.936,0.036044458973520294,-3.265436996052928e-05,0.08900000000000219,-0.0003669030332643649,0.021096774193548388,-0.007249003262051285,0.11235955056179502,-0.005142313526855527
26,4,1199766,0,200,18.95,0.04,3.17,21.98,0.03589735207584131,-3.08817867355442e-05,0.08699999999999974,-0.0003549630659257965,0.020451612903225808,-0.007415647015202093,0.0,-0.0015030078945489247
26,4,1199809,0,200,18.84,0.04,3.17,22.023,0.03591369728669454,-2.9002669397424797e-05,0.08599999999999852,-0.0003372403418305267,0.020451612903225808,0.0,-0.11627906976744389,0.0022807270957981907
26,4,1199852,0,200,18.84,0.03,3.17,22.066,0.036093494606079954,-2.739442613065002e-05,0.08699999999999974,-0.0003148784612718402,0.020451612903225808,0.0,-0.11494252873563254,0.006012031578195779
26,4,1199896,0,200,18.73,0.03,3.17,22.11,0.03643674403399757,-2.6349647216675986e-05,0.08699999999999974,-0.0003028695082376559,0.020451612903225808,0.0,0.11494252873563254,0.016194910063764924
26,4,1199939,0,200,18.73,0.04,3.17,22.153,0.0375024517816275,-2.5862383973065394e-05,0.08600000000000207,-0.00030072539503563686,0.020451612903225808,0.0,0.0,0.01258201114515257
26,4,1199982,0,200,18.62,0.03,3.17,22.196,0.037518796992480716,-2.5585904818253623e-05,0.08699999999999974,-0.00029409085997992755,0.020451612903225808,0.0,0.0,-0.001315131907730329
26,4,1200026,0,200,18.51,0.04,3.17,22.24,0.03738803530565496,-2.5028896654672117e-05,0.08699999999999974,-0.00028768846729508265,0.020451612903225808,-0.006674082313681888,0.11494252873563254,0.00567385480192237
26,4,1200069,0,200,18.51,0.04,3.08,22.283,0.03801242236024796,-2.3886004014843198e-05,0.08900000000000219,-0.00026838206758250123,0.019870967741935485,-0.0065241029358461605,0.0,0.012745591384420545
26,4,1200115,0,200,18.4,0.04,3.08,22.329,0.038522392938868416,-2.228819873016441e-05,0.08899999999999864,-0.00025042919921533426,0.019870967741935485,0.0,0.0,-0.005876929744978047
26,4,1200158,0,200,18.4,0.04,3.08,22.372,0.03748937561294492,-2.079386371799652e-05,0.08599999999999852,-0.0002417891129999637,0.019870967741935485,0.0,0.0,-0.01486273824095136
26,4,1200201,0,200,18.4,0.04,3.08,22.415,0.03724419745014662,-2.0109078982628147e-05,0.08699999999999974,-0.00023113883888078397,0.019870967741935485,0.0,0.0,0.0034193429600989033
26,4,1200245,0,200,18.29,0.04,3.08,22.459,0.037786858450473526,-2.0701843429431488e-05,0.08699999999999974,-0.0002379522233267994,0.019870967741935485,0.0,0.0,0.005110226841466503
26,4,1200288,0,200,18.18,0.04,3.08,22.502,0.037688787185354206,-2.2535273971337587e-05,0.08600000000000207,-0.00026203806943415165,0.019870967741935485,0.0,0.0,-0.009731102275405029
26,4,1200331,0,200,18.18,0.04,3.08,22.545,0.03694998365478867,-2.506942333156914e-05,0.08699999999999974,-0.0002881542911674622,0.019870967741935485,0.0,-0.11494252873563254,-0.011873762366936744
26,4,1200375,0,200,18.07,0.03,3.08,22.589,0.03665576985943071,-2.753116370294384e-05,0.08699999999999974,-0.00031645015750510257,0.019870967741935485,-0.007415647015202133,-0.11494252873563254,-0.001653308684003897
26,4,1200418,0,200,18.07,0.03,2.98,22.632,0.036806145799280335,-2.9299313703554207e-05,0.08600000000000207,-0.00034068969422736627,0.0192258064516129,-0.007501875468867071,0.11627906976743908,-0.007944532717029896
26,4,1200461,0,200,18.07,0.04,2.98,22.675,0.035972540045766124,-3.017484740847998e-05,0.08899999999999864,-0.000339043229308769,0.0192258064516129,0.0,0.0,-0.013370015169824934
26,4,1200507,0,200,17.96,0.03,2.98,22.721,0.035616214449165934,-3.0372071880171435e-05,0.08899999999999864,-0.00034125923460867304,0.0192258064516129,0.0,-0.1123595505617995,-0.014839247606069408
26,4,1200550,0,200,17.96,0.03,2.98,22.764,0.03465184700882597,-3.025581477158079e-05,0.08699999999999974,-0.00034776798588024,0.0192258064516129,0.0,0.11494252873563254,-0.01878759868186188
26,4,1200594,0,200,17.85,0.04,2.98,22.808,0.033981693363843955,-3.002548806033767e-05,0.08699999999999974,-0.0003451205524176754,0.0192258064516129,0.0,0.11494252873563254,-0.005598704407194884
26,4,1200637,0,200,17.85,0.04,2.98,22.851,0.034164759725400014,-2.9574644595241396e-05,0.08599999999999852,-0.00034389121622374304,0.0192258064516129,0.0,-0.11627906976744389,0.004067296654173317
26,4,1200680,0,200,17.62,0.03,2.98,22.894,0.034331480876102854,-2.8622353008724843e-05,0.08699999999999974,-0.0003289925633186773,0.0192258064516129,-0.007415647015202093,0.0,-0.0024048126312782793
26,4,1200724,0,200,17.73,0.04,2.88,22.938,0.033955541026478804,-2.7016991418977286e-05,0.08800000000000097,-0.0003070112661247385,0.01858064516129032,-0.007331378299120149,0.11363636363636241,0.001894558530714157
26,4,1200768,0,200,17.62,0.04,2.88,22.982,0.0344982020268057,-2.4982956819775025e-05,0.08699999999999974,-0.0002871604232158057,0.01858064516129032,0.0,-0.11494252873563254,0.0066132347360153484
26,4,1200811,0,200,17.51,0.03,2.88,23.025,0.03453089244851214,-2.3112207981459408e-05,0.08699999999999974,-0.0002656575630052813,0.01858064516129032,0.0,-0.11494252873563254,-0.005110226841466423
26,4,1200855,0,200,17.51,0.03,2.88,23.069,0.034053612291598125,-2.2082224041409136e-05,0.08900000000000219,-0.0002481148768697595,0.01858064516129032,0.0,0.0,-0.010541742730053845
26,4,1200900,0,200,17.51,0.03,2.88,23.114,0.03359267734553732,-2.2273407267245913e-05,0.08900000000000219,-0.0002502630030027569,0.01858064516129032,0.0,0.0,-0.00040403891996723337
26,4,1200944,0,200,17.4,0.03,2.88,23.158,0.03401765282772104,-2.3523941148579475e-05,0.08699999999999974,-0.00027039012814459245,0.01858064516129032,0.0,0.11494252873563254,0.0031563165785528217
26,4,1200987,0,200,17.4,0.04,2.88,23.201,0.03386727688787142,-2.5176870337964453e-05,0.08699999999999974,-0.0002893893142294773,0.01858064516129032,0.0,0.11494252873563254,-0.0040205461179184734
26,4,1201031,0,200,17.29,0.04,2.88,23.245,0.033667865315462134,-2.641076912886664e-05,0.08699999999999974,-0.000303572058952491,0.01858064516129032,-0.007415647015202093,-0.11494252873563254,0.004847200459920342
26,4,1201074,0,200,17.29,0.03,2.78,23.288,0.034288983327884485,-2.6681569992454522e-05,0.08599999999999852,-0.0003102508138657556,0.01793548387096774,-0.007501875468867341,-0.11627906976744389,0.02398564662414396
26,4,1201117,0,200,17.18,0.03,2.78,23.331,0.03573063092513848,-2.6019696647063827e-05,0.08699999999999974,-0.0002990769729547575,0.01793548387096774,0.0,0.11494252873563254,0.02220694164196078
26,4,1201161,0,200,17.07,0.04,2.78,23.375,0.03622098725073507,-2.4994343810594623e-05,0.08699999999999974,-0.00028729130816775516,0.01793548387096774,0.0,0.0,0.010708931248661149
26,4,1201204,0,200,17.18,0.03,2.78,23.418,0.036662307943771996,-2.4357264888985598e-05,0.08699999999999974,-0.000279968561942364,0.01793548387096774,0.0,0.0,0.01352707105094056
26,4,1201248,0,200,17.07,0.04,2.78,23.462,0.03739784243216689,-2.4576493378871246e-05,0.08900000000000219,-0.00027614037504349037,0.01793548387096774,0.0,0.11235955056179502,0.009696934079213444
26,4,1201293,0,200,16.96,0.04,2.78,23.507,0.037525335076822014,-2.553076463242343e-05,0.08899999999999864,-0.0002868625239598182,0.01793548387096774,0.0,0.0,0.0019467329780239067
26,4,1201337,0,200,16.96,0.04,2.78,23.551,0.03757110166721102,-2.653994582519381e-05,0.08699999999999974,-0.000305056848565447,0.01793548387096774,0.0,0.0,-0.0002630263815461615
26,4,1201380,0,200,16.85,0.04,2.78,23.594,0.0375024517816275,-2.6727262809662643e-05,0.0870000000000033,-0.00030720991735243253,0.01793548387096774,-0.00741564701520179,0.0,-0.0032690421706437975
26,4,1201424,0,200,16.85,0.04,2.68,23.638,0.037286694998365,-2.5528665376084003e-05,0.08699999999999974,-0.00029343293535728825,0.01729032258064516,-0.007415647015202093,0.0,0.0033441925653714174
26,4,1201467,0,200,16.74,0.04,2.68,23.681,0.03779339653481481,-2.3067216105226773e-05,0.08699999999999974,-0.0002651404150026074,0.01729032258064516,0.0,0.0,0.01352707105094056
26,4,1201511,0,200,16.74,0.04,2.68,23.725,0.03846355017979682,-2.016980079922126e-05,0.08699999999999974,-0.00023183679079564733,0.01729032258064516,0.0,-0.11494252873563254,0.006913836314925133
26,4,1201554,0,200,16.63,0.03,2.68,23.768,0.038394900294213295,-1.8004535862770066e-05,0.08699999999999974,-0.00020694868807781747,0.01729032258064516,0.0,-0.11494252873563254,-0.0040205461179184734
26,4,1201598,0,200,16.63,0.03,2.68,23.812,0.038113762667537916,-1.7527431080152755e-05,0.08699999999999974,-0.00020146472505922766,0.01729032258064516,0.0,0.11494252873563254,0.007515039472744783
26,4,1201641,0,200,16.52,0.04,2.68,23.855,0.03904870872834209,-1.9012471447827917e-05,0.08899999999999864,-0.00021362327469469898,0.01729032258064516,0.0,0.1123595505617995,0.008484817319311926
26,4,1201687,0,200,16.52,0.04,2.68,23.901,0.038868911408956666,-2.188174392980047e-05,0.08899999999999864,-0.00024586229134607645,0.01729032258064516,0.0,0.0,-0.0064278919085696655
26,4,1201730,0,200,16.52,0.04,2.68,23.944,0.0384766263484794,-2.491666379852653e-05,0.08699999999999974,-0.000286398434465823,0.01729032258064516,0.0,0.0,-0.007515039472744703
26,4,1201774,0,200,16.41,0.04,2.68,23.988,0.03821510297482788,-2.6774754249765385e-05,0.08699999999999974,-0.0003077557959743157,0.01729032258064516,-0.007415647015202093,0.0,-0.0045090236836468536
26,4,1201817,0,200,16.3,0.04,2.58,24.031,0.03808434128800212,-2.6594739329519613e-05,0.08600000000000207,-0.00030924115499440666,0.01664516129032258,-0.007501875468867031,0.0,-0.0015204847305320107
26,4,1201860,0,200,16.3,0.04,2.58,24.074,0.03808434128800212,-2.440514642857039e-05,0.08699999999999974,-0.00028051892446632717,0.01664516129032258,0.0,0.0,0.0015030078945489247
26,4,1201904,0,200,16.3,0.04,2.58,24.118,0.03821510297482788,-2.1127347871996437e-05,0.08699999999999974,-0.0002428430789884655,0.01664516129032258,0.0,0.0,0.0045090236836468536
26,4,1201947,0,200,16.19,0.04,2.58,24.161,0.0384766263484794,-1.8169570514698474e-05,0.08699999999999974,-0.00020884563809998307,0.01664516129032258,0.0,0.0,0.007515039472744703
26,4,1201991,0,200,16.19,0.04,2.58,24.205,0.038868911408956666,-1.6815282192376824e-05,0.08699999999999974,-0.0001932791056595043,0.01664516129032258,0.0,0.0,0.00015030078945489246
26,4,1202034,0,200,16.08,0.04,2.58,24.248,0.038489702517161974,-1.7688680707604654e-05,0.09600000000000009,-0.00018425709070421498,0.01664516129032258,0.0,-0.10416666666666659,-0.004631143075078929
26,4,1202087,0,200,16.08,0.03,2.58,24.301,0.03842432167374909,-2.0517559197456237e-05,0.09600000000000009,-0.00021372457497350228,0.01664516129032258,0.0,-0.10416666666666659,0.0019069412662090133
26,4,1202130,0,200,15.97,0.03,2.58,24.344,0.03867276887871804,-2.4277495872651488e-05,0.0870000000000033,-0.00027905167669713295,0.01664516129032258,0.0,0.11494252873562785,0.003269042170643957
26,4,1202174,0,200,15.97,0.04,2.58,24.388,0.038708728342595124,-2.764865539469863e-05,0.08899999999999864,-0.00031065904937864106,0.01664516129032258,-0.007249003262051574,0.1123595505617995,-0.007493085424847045
26,4,1202219,0,200,15.86,0.04,2.48,24.433,0.03800588427590666,-2.9581547933242192e-05,0.08799999999999741,-0.00033615395378685294,0.016,-0.007331378299120445,0.0,-0.01411631846414485
26,4,1202262,0,200,15.86,0.04,2.48,24.476,0.03746649231775041,-2.9706156847712606e-05,0.08699999999999974,-0.0003414500787093413,0.016,0.0,0.0,-0.010521055261842632
26,4,1202306,0,200,15.86,0.04,2.48,24.52,0.037090552468126356,-2.839396425280194e-05,0.08699999999999974,-0.000326367405204621,0.016,0.0,0.0,-0.00676353552547032
26,4,1202349,0,200,15.75,0.04,2.48,24.563,0.0368780647270345,-2.6476108619604144e-05,0.08699999999999974,-0.0003043230875816577,0.016,0.0,0.0,0.0034193429600989033
26,4,1202393,0,200,15.75,0.04,2.48,24.607,0.03738803530565496,-2.4801121560001694e-05,0.08699999999999974,-0.000285070362758641,0.016,0.0,0.0,0.003607218946917499
26,4,1202436,0,200,15.64,0.04,2.48,24.65,0.03719189277541632,-2.385627219607844e-05,0.08900000000000219,-0.00026804800220312197,0.016,-0.007249003262051305,0.0,-0.0022038486543666212
26,4,1202482,0,200,15.64,0.04,2.38,24.696,0.037191892775416326,-2.3586297781253317e-05,0.08999999999999986,-0.0002620699753472595,0.015354838709677418,0.0,-0.11111111111111131,0.002179361447096015
26,4,1202526,0,200,15.64,0.03,2.48,24.74,0.03738803530565496,-2.3436702428369038e-05,0.08699999999999974,-0.00026938738423412764,0.016,0.007415647015202113,-0.11494252873563254,-0.003607218946917499
26,4,1202569,0,200,15.53,0.03,2.48,24.783,0.036878064727034504,-2.2599386338498117e-05,0.08600000000000207,-0.00026278356207555314,0.016,-0.007501875468867051,0.0,-0.013950447402631379
26,4,1202612,0,200,15.53,0.03,2.38,24.826,0.03618829682902863,-2.040065048918471e-05,0.08699999999999974,-0.00023449023550787092,0.015354838709677418,-0.007415647015202113,0.11494252873563254,-0.007928366643745757
26,4,1202656,0,200,15.42,0.04,2.38,24.87,0.036188296829028625,-1.6690330600325874e-05,0.08699999999999974,-0.00019184288046351637,0.015354838709677418,0.0,0.11494252873563254,0.0015030078945489247
26,4,1202699,0,200,15.42,0.04,2.38,24.913,0.03631905851585439,-1.2036439624842909e-05,0.08699999999999974,-0.0001383498807453212,0.015354838709677418,0.0,0.0,0.0045090236836468536
26,4,1202743,0,200,15.31,0.04,2.38,24.957,0.0365805818895059,-7.606640002372434e-06,0.08699999999999974,-8.743264370543054e-05,0.015354838709677418,0.0,0.0,0.013940398221941456
26,4,1202786,0,200,15.31,0.04,2.38,25.0,0.03753187316116329,-4.78399680493613e-06,0.08599999999999852,-5.562786982483967e-05,0.015354838709677418,0.0,-0.11627906976744389,0.02003238632476041
26,4,1202829,0,200,15.31,0.03,2.38,25.043,0.038303367113435266,-4.681258463850035e-06,0.08899999999999864,-5.2598409706180976e-05,0.015354838709677418,0.0,0.0,0.00940308759196478
26,4,1202875,0,200,15.2,0.04,2.38,25.089,0.038368747956848144,-7.729282267346705e-06,0.08900000000000219,-8.684586817243275e-05,0.015354838709677418,0.0,0.11235955056179502,0.00995404975555608
26,4,1202918,0,200,15.09,0.04,2.38,25.132,0.03918927754167978,-1.3467581263159722e-05,0.08699999999999974,-0.00015479978463402025,0.015354838709677418,0.0,0.0,0.017547617168859036
26,4,1202962,0,200,15.09,0.04,2.38,25.176,0.039895390650538876,-2.060653773686383e-05,0.08699999999999974,-0.00023685675559613665,0.015354838709677418,0.0,0.0,0.004922350854647828
26,4,1203005,0,200,15.09,0.04,2.38,25.219,0.03961752206603414,-2.7366915074270805e-05,0.08600000000000207,-0.00031821994272407145,0.015354838709677418,0.0,0.0,-0.017903707702014767
26,4,1203048,0,200,14.98,0.04,2.38,25.262,0.03835567178816557,-3.20195001695005e-05,0.08699999999999974,-0.0003680402318333402,0.015354838709677418,-0.007415647015202093,0.0,-0.023897825523328302
26,4,1203092,0,200,14.98,0.04,2.28,25.306,0.03753841124550458,-3.345260908654701e-05,0.08699999999999974,-0.00038451274812123114,0.014709677419354838,-0.007415647015202093,0.0,-0.020102730589592208
26,4,1203135,0,200,14.87,0.04,2.28,25.349,0.03660673422687105,-3.1542576731141025e-05,0.08599999999999852,-0.00036677414803652986,0.014709677419354838,0.0,0.0,-0.012505986908626525
26,4,1203178,0,200,14.87,0.04,2.28,25.392,0.03646289637136272,-2.7164728396408933e-05,0.08699999999999974,-0.0003122382574299887,0.014709677419354838,0.0,-0.11494252873563254,-0.004245997302100772
26,4,1203222,0,200,14.87,0.03,2.28,25.436,0.036237332461588286,-2.1853033457496897e-05,0.08900000000000219,-0.00024553970176962204,0.014709677419354838,0.0,-0.11235955056179502,-0.005619814068634942
26,4,1203267,0,200,14.87,0.03,2.28,25.481,0.0359627329192542,-1.727616765215112e-05,0.08899999999999864,-0.00019411424328259983,0.014709677419354838,0.0,0.1123595505617995,-0.022773102761789715
26,4,1203311,0,200,14.76,0.04,2.28,25.525,0.03421052631578903,-1.4730819282902985e-05,0.08799999999999741,-0.000167395673669357,0.014709677419354838,-0.007331378299120426,0.0,-0.023774852150138637
26,4,1203355,0,200,14.65,0.03,2.18,25.569,0.03387054593004206,-1.4775721373803563e-05,0.08699999999999974,-0.00016983587785981158,0.01406451612903226,0.0,-0.11494252873563254,-0.014428875787669916
26,4,1203398,0,200,14.65,0.03,2.28,25.612,0.03295521412226175,-1.705849470536025e-05,0.08600000000000207,-0.0001983545895972074,0.014709677419354838,0.00750187546886701,0.0,-0.010985502178093997
26,4,1203441,0,200,14.65,0.03,2.28,25.655,0.03292579274272595,-2.0388216936215287e-05,0.0870000000000033,-0.00023434732110591395,0.014709677419354838,0.0,0.11494252873562785,-0.00691383631492493
26,4,1203485,0,200,14.54,0.04,2.28,25.699,0.03235371036286326,-2.3104949991786138e-05,0.08699999999999974,-0.00026557413783662306,0.014709677419354838,-0.007415647015202073,0.0,-0.002592688618096875
26,4,1203528,0,200,14.43,0.03,2.18,25.742,0.032700228832951525,-2.368517347068888e-05,0.08699999999999974,-0.0002722433732263098,0.01406451612903226,-0.007415647015202073,0.0,0.0021042110523684945
26,4,1203572,0,200,14.54,0.04,2.18,25.786,0.03253677672441932,-2.134952068018592e-05,0.08699999999999974,-0.00024539678942742506,0.01406451612903226,0.0,0.0,0.0007515039472744624
26,4,1203615,0,200,14.43,0.03,2.18,25.829,0.0327656096763644,-1.639019050564139e-05,0.08399999999999963,-0.00019512131554335073,0.01406451612903226,0.0,-0.1190476190476196,0.01677329970889949
26,4,1203656,0,200,14.43,0.03,2.18,25.87,0.03394573389996687,-1.0083752700302818e-05,0.08500000000000085,-0.00011863238470944372,0.01406451612903226,0.0,0.0,0.011537795896390288
26,4,1203700,0,200,14.32,0.03,2.18,25.914,0.03374632232755759,-4.267252913237041e-06,0.08699999999999974,-4.9048884060196016e-05,0.01406451612903226,0.0,0.11494252873563254,-0.0040205461179184734
26,4,1203743,0,200,14.21,0.04,2.18,25.957,0.033595946387707964,-7.69048772463421e-07,0.08599999999999852,-8.942427586784119e-06,0.01406451612903226,0.0,0.0,0.007184290351764107
26,4,1203786,0,200,14.21,0.03,2.18,26.0,0.03436417129780929,-8.757580638629747e-07,0.08699999999999974,-1.0066184642103187e-05,0.01406451612903226,0.0,0.0,0.011422859998571988
26,4,1203830,0,200,14.21,0.04,2.18,26.044,0.034589735207583724,-4.956679287960952e-06,0.08699999999999974,-5.697332514897663e-05,0.01406451612903226,0.0,0.0,0.004997501249375394
26,4,1203873,0,200,14.1,0.03,2.18,26.087,0.03479895390650495,-1.2316000797119475e-05,0.08599999999999852,-0.00014320931159441495,0.01406451612903226,0.0,0.0,0.010795441586777962
26,4,1203916,0,200,14.21,0.04,2.18,26.13,0.03551814318404661,-2.13087185160159e-05,0.08699999999999974,-0.00024492779903466627,0.01406451612903226,0.0,0.0,0.015969458879582624
26,4,1203960,0,200,14.1,0.03,2.18,26.174,0.03618829682902863,-2.971818984375485e-05,0.08699999999999974,-0.00034158838900867747,0.01406451612903226,0.0,0.0,0.008416844209474137
26,4,1204003,0,200,14.1,0.04,2.18,26.217,0.03625040863027086,-3.532942205453837e-05,0.08900000000000219,-0.00039695979836558995,0.01406451612903226,-0.007249003262051305,0.11235955056179502,0.010615204351866027
26,4,1204049,0,200,13.99,0.04,2.08,26.263,0.03713305001634473,-3.654517279403136e-05,0.08900000000000219,-0.0004106199190340501,0.013419354838709678,-0.007249003262051305,-0.11235955056179502,0.012635398951702195
26,4,1204092,0,200,13.99,0.03,2.08,26.306,0.037374959136972384,-3.283524327162901e-05,0.08699999999999974,-0.0003774165893290702,0.013419354838709678,0.0,0.0,0.004245997302100772
26,4,1204136,0,200,13.88,0.04,2.08,26.35,0.0375024517816275,-2.485757965131796e-05,0.08699999999999974,-0.0002857193063369889,0.013419354838709678,0.0,0.11494252873563254,0.0012399815130029227
26,4,1204179,0,200,13.88,0.04,2.08,26.393,0.03748283752860364,-1.424208277366379e-05,0.08599999999999852,-0.0001656056136472562,0.013419354838709678,0.0,0.0,0.007944532717030144
26,4,1204222,0,200,13.88,0.04,2.08,26.436,0.03818568159529208,-3.1740989076118887e-06,0.08800000000000097,-3.606930576831652e-05,0.013419354838709678,0.0,0.0,0.009594368602071109
26,4,1204267,0,200,13.88,0.04,2.08,26.481,0.038327141965585905,6.0523253347422036e-06,0.08800000000000097,6.877642425843338e-05,0.013419354838709678,0.0,0.0,0.003026640742477547
26,4,1204310,0,200,13.77,0.04,2.08,26.524,0.038452025980630106,1.141247412076707e-05,0.08599999999999852,0.00013270318745078216,0.013419354838709678,0.0,-0.11627906976744389,0.0028781700858759936
26,4,1204353,0,200,13.77,0.03,2.08,26.567,0.038574664592971236,1.1449093709685609e-05,0.08699999999999974,0.00013159877827224875,0.013419354838709678,0.0,0.0,0.002958192810635027
26,4,1204397,0,200,13.66,0.04,2.08,26.611,0.03870938875515535,5.5179577637183286e-06,0.08899999999999864,6.199952543503835e-05,0.013419354838709678,0.0,0.1123595505617995,0.0033243238961492704
26,4,1204442,0,200,13.66,0.04,2.08,26.656,0.03887052941972852,-6.012173938156895e-06,0.08899999999999864,-6.755251615906728e-05,0.013419354838709678,0.0,0.0,0.0040789751020385585
26,4,1204486,0,200,13.66,0.04,2.08,26.7,0.03907241753923678,-2.1652599646198478e-05,0.08699999999999974,-0.0002488804557034315,0.013419354838709678,0.0,0.0,0.005274191339053688
26,4,1204529,0,200,13.55,0.04,2.08,26.743,0.039329384066226186,-3.887791939596541e-05,0.08699999999999974,-0.0004468726367352359,0.013419354838709678,0.0,0.0,0.006705085218460151
26,4,1204573,0,200,13.55,0.04,2.08,26.787,0.03965575995324281,-5.44994567281929e-05,0.08699999999999974,-0.0006264305371056673,0.013419354838709678,0.0,0.0,0.008465426282833576
26,4,1204616,0,200,13.55,0.04,2.08,26.83,0.040065876152832705,-6.534921901244827e-05,0.08600000000000207,-0.0007598746396796128,0.013419354838709678,-0.007501875468867051,0.0,0.010677949584873047
26,4,1204659,0,200,13.44,0.04,1.98,26.873,0.040574063617541914,0.0,0.0,0.0,0.012774193548387096,0.0,0.0,0.0
