MS,MPT,t (ms),PWMi,PWMe,Pressure (Psi),LW raw(V),Displacement (mm),t_rel(s),LW (V),delta d (m),delta t (s),vel (m/s),strain,strain rate (1/s),dv/dt raw,dv/dt
26,3,1150942,0,200,13.44,0.03,1.98,0.0,-0.029273480143045226,0.0,0.0,0.0,0.0,0.0,0.0,0.0
26,3,1150983,255,0,13.44,0.03,1.98,0.041,0.019648033126294054,0.0024877740794976787,0.083,0.029973181680694922,0.012774193548387096,0.0,0.0,1.1932899060356243
26,3,1151025,255,0,16.52,0.03,1.98,0.083,0.06976958205791159,0.002919406236542809,0.08299999999999999,0.03517356911497361,0.012774193548387096,0.15468324912553444,0.3614457831325302,1.2156341295322841
26,3,1151066,255,0,31.94,0.06,3.97,0.124,0.12054566587747362,0.003478539838236485,0.083,0.0419101185329697,0.025612903225806453,0.4244073066459386,1.0843373493975903,1.2248337560570464
26,3,1151108,255,0,46.04,0.12,7.44,0.166,0.17143078381064644,0.003987152562642122,0.08299999999999999,0.04803798268243521,0.048,0.5394481150408086,1.8072289156626506,1.2208887856099127
26,3,1151149,255,0,55.51,0.21,10.91,0.207,0.22187943508309635,0.004286645149527381,0.08299999999999999,0.05164632710273954,0.07038709677419355,0.47804119704624953,1.9277108433734946,1.2037992181908816
26,3,1151191,255,0,62.01,0.28,13.59,0.249,0.2713461189204896,0.004283789102263062,0.08299999999999999,0.051611916894735696,0.0876774193548387,0.3552273610571318,1.6867469879518073,1.1735650537999525
26,3,1151232,255,0,66.52,0.35,15.48,0.29,0.3192853345484924,0.00397004290266969,0.08500000000000002,0.04670638709023164,0.09987096774193549,0.24895635673624295,1.5294117647058814,1.1035936737915473
26,3,1151276,255,0,70.16,0.41,16.87,0.334,0.36515158119277114,0.0034119979710233645,0.08600000000000002,0.03967439501189958,0.10883870967741936,0.1785446361590396,1.0465116279069768,1.0362095759360412
26,3,1151318,255,0,72.8,0.44,17.86,0.376,0.40839935807899197,0.0027216842154198593,0.08199999999999996,0.0331912709197544,0.1152258064516129,0.14004720692368203,0.731707317073171,1.01623882000054
26,3,1151358,255,0,75.0,0.47,18.65,0.416,0.4484831644328154,0.0020203473572330778,0.08100000000000002,0.024942559965840463,0.12032258064516128,0.1186778176025489,0.7407407407407406,0.9647967085037242
26,3,1151399,255,0,76.87,0.5,19.35,0.457,0.48654789146779365,0.0014078754687686904,0.08300000000000002,0.016962355045405903,0.12483870967741936,0.10027205596579872,0.6024096385542173,0.8368747956848527
26,3,1151441,255,0,78.53,0.52,19.94,0.499,0.5179437724746582,0.000944932735327729,0.08300000000000002,0.011384731750936492,0.12864516129032258,0.07695297318305482,0.4819277108433738,0.6541235225307813
26,3,1151482,255,0,80.07,0.54,20.34,0.54,0.5408401438378485,0.0006491461457178254,0.08199999999999996,0.007916416411192995,0.13122580645161291,0.07081038552321002,0.36585365853658586,0.45866256308852177
26,3,1151523,255,0,81.39,0.55,20.84,0.581,0.5555541026479169,0.0005024538262033147,0.08299999999999996,0.0060536605566664445,0.1344516129032258,0.061406917994558705,0.24096385542168708,0.29059027873507354
26,3,1151565,255,0,82.71,0.56,21.13,0.623,0.5649591369728596,0.00046468282413938766,0.08300000000000007,0.00559858824264322,0.13632258064516128,0.05363389040031105,0.2409638554216854,0.20118394467047254
26,3,1151606,255,0,83.81,0.57,21.53,0.664,0.5722523700555662,0.0004883324858601519,0.08499999999999996,0.005745088068942966,0.13890322580645162,0.053130929791271375,0.11764705882352826,0.14687614176105038
26,3,1151650,255,0,84.91,0.57,21.83,0.708,0.5774436090225489,0.0005307327097944671,0.08499999999999996,0.006243914232876086,0.14083870967741935,0.04554079696394661,0.11764705882352956,0.11337807434186467
26,3,1151691,255,0,86.01,0.58,22.13,0.749,0.5818895063746247,0.0005615138038921544,0.08200000000000007,0.006847729315757974,0.14277419354838708,0.03855232100708094,0.12195121951219512,0.10767905979157684
26,3,1151732,255,0,87.0,0.58,22.32,0.79,0.5862732919254582,0.0005650686233770088,0.08299999999999996,0.006808055703337459,0.144,0.03808783521181529,0.12048192771084354,0.08960326431584337
26,3,1151774,255,0,87.78,0.59,22.62,0.832,0.5893265773128397,0.0005389809311438505,0.08299999999999996,0.006493746158359647,0.14593548387096775,0.038865137971239916,0.12048192771084354,0.0636478572019353
26,3,1151815,255,0,88.66,0.59,22.82,0.873,0.5915560640732188,0.0004900294248813566,0.08200000000000007,0.005975968596114099,0.1472258064516129,0.031471282454759816,0.0,0.051706679211282976
26,3,1151856,255,0,89.43,0.59,23.02,0.914,0.5935665250081649,0.0004294050527783604,0.08299999999999996,0.005173554852751333,0.14851612903225805,0.031092110376991663,0.0,0.03666841278156137
26,3,1151898,255,0,90.2,0.59,23.22,0.956,0.5945995423340884,0.00036843206942602436,0.08299999999999996,0.004438940595494272,0.1498064516129032,0.023319082782744083,0.12048192771084354,0.028712430631318783
26,3,1151939,255,0,90.86,0.6,23.32,0.997,0.5959496567505643,0.00031559608711070197,0.08200000000000007,0.0038487327696427034,0.1504516129032258,0.022816679779701372,0.12195121951219512,0.03137483156459493
26,3,1151980,255,0,91.52,0.6,23.51,1.038,0.5971722785223852,0.0002751873311442061,0.08500000000000008,0.0032374980134612457,0.15167741935483872,0.022011385199240997,0.0,0.028998327019594074
26,3,1152024,255,0,92.18,0.6,23.61,1.082,0.5984145145472298,0.00024742566509177523,0.08499999999999996,0.002910890177550298,0.1523225806451613,0.022770398481973306,0.0,0.03157510143645405
26,3,1152065,255,0,92.73,0.6,23.81,1.123,0.5998561621444838,0.0002296046775688545,0.08299999999999996,0.002766321416492224,0.15361290322580645,0.02331908278274375,0.0,0.028830588782064386
26,3,1152107,255,0,93.17,0.6,23.91,1.165,0.6008074534161412,0.0002176467226775607,0.08299999999999996,0.0026222496708139856,0.15425806451612903,0.015546055188496166,0.0,0.026309881566146196
26,3,1152148,255,0,93.61,0.6,24.01,1.206,0.6020398823144739,0.00020753180419357166,0.08200000000000007,0.002530875660897213,0.15490322580645163,0.015735641227379908,0.0,0.025474609110263145
26,3,1152189,255,0,94.05,0.6,24.11,1.247,0.6028963713631827,0.00019628358081933683,0.08299999999999996,0.0023648624195100835,0.15554838709677418,0.015546055188495831,0.0,0.02579786291291392
26,3,1152231,255,0,94.49,0.6,24.21,1.289,0.6041811049362458,0.0001824246266474212,0.08299999999999996,0.00219788706804122,0.1561935483870968,0.015546055188495831,0.0,0.028594272480571847
26,3,1152272,255,0,94.82,0.6,24.31,1.33,0.6052696959790702,0.00016595078969757182,0.08300000000000018,0.0019994071047900173,0.15683870967741934,0.01554605518849579,0.1204819277108432,0.02308022544575166
26,3,1152314,255,0,95.15,0.61,24.41,1.372,0.6060967636482432,0.00014793505176787392,0.08499999999999996,0.001740412373739694,0.15748387096774194,0.007590132827324762,0.11764705882352956,0.01561448377978265
26,3,1152357,255,0,95.37,0.61,24.41,1.415,0.6065969271003517,0.0001299207956685109,0.08399999999999985,0.0015466761389108467,0.15748387096774194,0.00768049155145926,0.0,0.01797973193854153
26,3,1152398,255,0,95.59,0.61,24.51,1.456,0.6076070611310807,0.00011331336931184665,0.08299999999999996,0.0013652213170102013,0.15812903225806452,0.007773027594247916,0.0,0.023355927797492796
26,3,1152440,255,0,95.82,0.61,24.51,1.498,0.6085354691075436,9.897103815902852e-05,0.08299999999999996,0.00119242214649432,0.15812903225806452,0.007773027594247916,0.0,0.02099276478257008
26,3,1152481,255,0,95.82,0.61,24.61,1.539,0.609349460608034,8.709763855170394e-05,0.08299999999999996,0.0010493691391771564,0.1587741935483871,0.007773027594247916,0.0,0.01784188076267
26,3,1152523,255,0,95.93,0.61,24.61,1.581,0.6100163452108452,7.739675780993238e-05,0.08300000000000018,0.0009324910579509904,0.1587741935483871,0.007773027594247895,0.0,0.013903275737797875
26,3,1152564,255,0,96.04,0.61,24.71,1.622,0.6105034324942712,6.93462282367392e-05,0.08200000000000007,0.0008456857102041358,0.15941935483870967,0.007867820613689954,0.0,0.009288863728781151
26,3,1152605,255,0,96.15,0.61,24.71,1.663,0.6107780320366053,6.244096496770269e-05,0.08299999999999996,0.0007523007827434062,0.15941935483870967,0.0,0.0,0.0036629026731323532
26,3,1152647,255,0,96.15,0.61,24.71,1.705,0.6108074534161412,5.631751521697126e-05,0.08299999999999996,0.0006785242797225456,0.15941935483870967,0.006995724834823291,0.0,-0.002638865366663791
26,3,1152688,255,0,96.26,0.61,24.8,1.746,0.6105590062111722,5.0756206281100443e-05,0.07999999999999985,0.0006344525785137567,0.16,0.007258064516129176,0.0,-0.010093167701863434
26,3,1152727,255,0,96.26,0.61,24.8,1.785,0.6099999999999921,4.5606225626904973e-05,0.08099999999999996,0.0005630398225543827,0.16,0.0,0.0,-0.0069013112491370645
26,3,1152769,255,0,96.26,0.61,24.8,1.827,0.6099999999999921,4.0701058860562964e-05,0.08200000000000007,0.0004963543763483284,0.16,0.0,0.0,0.0
26,3,1152809,255,0,96.26,0.61,24.8,1.867,0.6099999999999921,3.584746535239347e-05,0.08099999999999996,0.0004425613006468332,0.16,0.0,0.0,0.0
26,3,1152850,255,0,96.37,0.61,24.8,1.908,0.6099999999999921,3.0945871699625374e-05,0.08299999999999996,0.00037284182770632997,0.16,0.007773027594247916,0.0,0.0
26,3,1152892,255,0,96.37,0.61,24.9,1.95,0.6099999999999921,2.619408977756521e-05,0.08300000000000018,0.0003155914431031946,0.16064516129032258,0.007773027594247895,0.0,0.0
26,3,1152933,255,0,96.37,0.61,24.9,1.991,0.6099999999999921,2.2206098128574325e-05,0.08299999999999996,0.00026754335094667875,0.16064516129032258,0.0,0.0,0.0
26,3,1152975,255,0,96.37,0.61,24.9,2.033,0.6099999999999921,1.9878230677587538e-05,0.08299999999999974,0.00023949675515165782,0.16064516129032258,0.0,0.0,0.0
26,3,1153016,255,0,96.37,0.61,24.9,2.074,0.6099999999999921,1.9991658538693004e-05,0.0820000000000003,0.00024380071388649917,0.16064516129032258,0.0,0.0,0.0
26,3,1153057,255,0,96.37,0.61,24.9,2.115,0.6099999999999921,2.2729354379894318e-05,0.08499999999999996,0.0002674041691752274,0.16064516129032258,0.0,0.0,0.0
26,3,1153101,255,0,96.37,0.61,24.9,2.159,0.6099999999999921,2.736252799184413e-05,0.08499999999999996,0.0003219120940216958,0.16064516129032258,0.0,0.0,0.0
26,3,1153142,255,0,96.37,0.61,24.9,2.2,0.6099999999999921,3.229284672210042e-05,0.08300000000000018,0.000389070442434944,0.16064516129032258,0.0,0.0,0.0
26,3,1153184,255,0,96.37,0.61,24.9,2.242,0.6099999999999921,3.5479737525765385e-05,0.08299999999999974,0.0004274667171778975,0.16064516129032258,0.0077730275942479365,0.0,0.0
26,3,1153225,255,0,96.37,0.61,25.0,2.283,0.6099999999999921,3.510774728484733e-05,0.08199999999999985,0.00042814325957130973,0.16129032258064516,0.007867820613689975,0.0,0.0
26,3,1153266,255,0,96.37,0.61,25.0,2.324,0.6099999999999921,3.023413097920269e-05,0.08300000000000018,0.000364266638303646,0.16129032258064516,0.0,0.0,0.0
26,3,1153308,255,0,96.37,0.61,25.0,2.366,0.6099999999999921,2.117544961697604e-05,0.08300000000000018,0.00025512589899971076,0.16129032258064516,0.0,0.0,0.0
26,3,1153349,255,0,96.26,0.61,25.0,2.407,0.6099999999999921,9.536997164182992e-06,0.08199999999999985,0.00011630484346564645,0.16129032258064516,0.0,0.0,0.0
26,3,1153390,255,0,96.37,0.61,25.0,2.448,0.6099999999999921,-2.0560480143956285e-06,0.08300000000000018,-2.477166282404366e-05,0.16129032258064516,0.0,0.0,0.0
26,3,1153432,255,0,96.37,0.61,25.0,2.49,0.6099999999999921,-1.0413071471361945e-05,0.08499999999999996,-0.00012250672319249353,0.16129032258064516,0.0,0.0,0.0
26,3,1153475,255,0,96.37,0.61,25.0,2.533,0.6099999999999921,-1.2347266490433384e-05,0.08399999999999963,-0.0001469912677432552,0.16129032258064516,0.0,0.0,0.0
26,3,1153516,255,0,96.26,0.61,25.0,2.574,0.6099999999999921,-5.342417476665417e-06,0.08300000000000018,-6.436647562247477e-05,0.16129032258064516,0.0,0.0,0.0
26,3,1153558,255,0,96.26,0.61,25.0,2.616,0.6099999999999921,1.1693357649178893e-05,0.08300000000000018,0.00014088382709854058,0.16129032258064516,0.0,0.0,0.0
26,3,1153599,255,0,96.26,0.61,25.0,2.657,0.6099999999999921,3.7637084719328584e-05,0.08299999999999974,0.0004534588520401048,0.16129032258064516,0.007773027594248271,0.0,0.00673501459253137
26,3,1153641,255,0,96.37,0.61,25.1,2.699,0.6105590062111722,6.843750596118526e-05,0.08300000000000018,0.0008245482645925916,0.16193548387096776,0.00777302759424823,0.0,0.01646336900396593
26,3,1153682,255,0,96.26,0.61,25.1,2.74,0.6113664596273213,9.667971084266114e-05,0.0820000000000003,0.0011790208639348876,0.16193548387096776,0.0,0.0,0.012518039531489805
26,3,1153723,255,0,96.37,0.61,25.1,2.781,0.6115854854527544,0.00011174227656850277,0.08299999999999974,0.0013462924887771462,0.16193548387096776,0.0,0.0,0.005710977286064143
26,3,1153765,255,0,96.26,0.61,25.1,2.823,0.6118404707420646,0.00010092924220485599,0.08299999999999974,0.00121601496632357,0.16193548387096776,0.0,0.0,0.003623516622882492
26,3,1153806,255,0,96.26,0.61,25.1,2.864,0.6118862373324536,5.182673638361735e-05,0.08499999999999996,0.0006097263103954985,0.16193548387096776,0.0,0.0,-0.003884391285117784
26,3,1153850,255,0,96.26,0.61,25.1,2.908,0.6115102974828296,-4.429271165714255e-05,0.08499999999999996,-0.0005210907253781478,0.16193548387096776,0.0,0.0,-0.015922158337018252
26,3,1153891,255,0,96.37,0.61,25.1,2.949,0.6105328538738071,-0.00018880968627949812,0.0820000000000003,-0.0023025571497499687,0.16193548387096776,0.0,0.0,-0.032969486281982624
26,3,1153932,0,200,96.26,0.61,25.1,2.99,0.608806799607707,-0.0003731494851877315,0.08300000000000018,-0.004495776929972659,0.16193548387096776,0.0,0.0,-0.04525457173578304
26,3,1153974,0,200,94.05,0.61,25.1,3.032,0.6067767244197371,-0.0005786077658879911,0.08299999999999974,-0.006971177902264975,0.16193548387096776,-0.030314807617567455,0.0,-0.06404171770442216
26,3,1154015,0,200,89.1,0.61,24.71,3.073,0.60349133703824,-0.0007793684489760082,0.08199999999999985,-0.00950449328019524,0.15941935483870967,-0.0778914240755316,-0.12195121951219545,-0.09563941667530386
26,3,1154056,0,200,84.58,0.6,24.11,3.114,0.5989342922523622,-0.0009482220955793323,0.08300000000000018,-0.011424362597341328,0.15554838709677418,-0.10027205596579836,-0.2409638554216864,-0.12493255138894756
26,3,1154098,0,200,80.84,0.59,23.42,3.156,0.5931219352729573,-0.0010631881348765902,0.08300000000000018,-0.012809495600922744,0.1510967741935484,-0.10027205596579836,-0.1204819277108432,-0.15459024722623374
26,3,1154139,0,200,77.75,0.59,22.82,3.197,0.5861033017325847,-0.0011126966174685754,0.08199999999999985,-0.01356947094473875,0.1472258064516129,-0.09441384736428038,-0.12195121951219545,-0.18490021448105795
26,3,1154180,0,200,75.11,0.58,22.22,3.238,0.5779601176855106,-0.0010975942136688737,0.08499999999999996,-0.012912873101986756,0.1433548387096774,-0.0751423149905124,-0.23529411764705913,-0.19691171663172946
26,3,1154224,0,200,72.91,0.57,21.83,3.282,0.5693658058188877,-0.0010296203498349889,0.08499999999999996,-0.012113180586293992,0.14083870967741935,-0.06755218216318797,-0.23529411764705782,-0.22260254216102518
26,3,1154265,0,200,71.04,0.56,21.33,3.323,0.5590389016018235,-0.0009273253083352734,0.08300000000000018,-0.011172594076328571,0.13761290322580644,-0.06917994558880644,-0.24096385542168508,-0.2566788894709249
26,3,1154307,0,200,69.49,0.55,20.94,3.365,0.5480614579928009,-0.0008110533279857961,0.08300000000000018,-0.009771726843202341,0.1350967741935484,-0.05363389040031064,-0.2409638554216864,-0.2765294587962807
26,3,1154348,0,200,68.17,0.54,20.64,3.406,0.5360869565217321,-0.0006985077515487817,0.08099999999999996,-0.008623552488256568,0.13316129032258064,-0.05575467941059376,-0.3703703703703709,-0.29421379535795517
26,3,1154388,0,200,66.96,0.52,20.24,3.446,0.5242301405688066,-0.0006018593481342051,0.08199999999999985,-0.007339748147978125,0.1305806451612903,-0.04720692368214019,-0.36585365853658636,-0.29158261507426736
26,3,1154430,0,200,65.97,0.51,20.04,3.488,0.5121771820856422,-0.0005267152957081791,0.08299999999999974,-0.006345967418170852,0.12929032258064516,-0.03886513797124002,-0.24096385542168772,-0.278971393911702
26,3,1154471,0,200,65.09,0.5,19.74,3.529,0.5010755148741354,-0.0004727522760682348,0.08199999999999985,-0.005765271659368728,0.1273548387096774,-0.038552321007081045,-0.2439024390243909,-0.2736028831357258
26,3,1154512,0,200,64.32,0.49,19.55,3.57,0.48974174566851275,-0.00043549681390751973,0.08499999999999996,-0.005123491928323763,0.12612903225806452,-0.037191650853889736,-0.23529411764705913,-0.2599465415456775
26,3,1154556,0,200,63.66,0.48,19.25,3.614,0.4789800588427528,-0.00040859057142001023,0.08499999999999996,-0.004806947899058946,0.12419354838709677,-0.03795066413662234,-0.23529411764705913,-0.243601330692457
26,3,1154597,0,200,63.0,0.47,19.05,3.655,0.4690356325596539,-0.0003858882887382471,0.08300000000000018,-0.004649256490822244,0.12290322580645162,-0.03109211037699158,-0.36144578313252895,-0.22682426338239134
26,3,1154639,0,200,62.45,0.45,18.85,3.697,0.4601536449820143,-0.0003629098891425322,0.08400000000000007,-0.004320355823125379,0.12161290322580647,-0.023041474654377885,-0.23809523809523744,-0.2066501657871365
26,3,1154681,0,200,62.01,0.45,18.75,3.739,0.45167701863353443,-0.0003374682142352441,0.08299999999999974,-0.0040658820992198206,0.12096774193548387,-0.02331908278274398,-0.12048192771084386,-0.1968120930928667
26,3,1154722,0,200,61.46,0.44,18.55,3.78,0.4438182412553064,-0.0003095782797102764,0.0820000000000003,-0.0037753448745155523,0.11967741935483872,-0.030684500393391073,-0.12195121951219479,-0.17513295433705922
26,3,1154763,0,200,61.13,0.44,18.36,3.821,0.4373161163778955,-0.00028088150321588045,0.08300000000000018,-0.0033841144965768653,0.1184516129032258,-0.022541780023319063,-0.1204819277108432,-0.1490368141411658
26,3,1154805,0,200,60.68,0.43,18.26,3.863,0.4314481856815896,-0.0002538040816810785,0.08299999999999974,-0.0030578805021816784,0.11780645161290323,-0.015546055188495873,-0.12048192771084386,-0.13611818965958464
26,3,1154846,0,200,60.35,0.43,18.16,3.904,0.42601830663615003,-0.00023064644990299142,0.09200000000000008,-0.0025070266293803394,0.11716129032258064,-0.014025245441795436,-0.10869565217391304,-0.1157667325212817
26,3,1154897,0,200,60.02,0.42,18.06,3.955,0.4207976462896317,-0.00021282477498702333,0.0950000000000002,-0.002240260789337083,0.11651612903225805,-0.013582342954159483,-0.10526315789473673,-0.10096178661757203
26,3,1154941,0,200,59.69,0.42,17.96,3.999,0.41642693690748067,-0.00020047308159771405,0.08499999999999996,-0.0023585068423260486,0.11587096774193549,-0.015180265654648872,-0.11764705882352956,-0.10249408687960228
26,3,1154982,0,200,59.36,0.41,17.86,4.04,0.4120856489048655,-0.00019249993167529667,0.0820000000000003,-0.0023475601423816584,0.1152258064516129,-0.015735641227379863,-0.12195121951219479,-0.10492828040408311
26,3,1155023,0,200,59.14,0.41,17.76,4.081,0.4078228179143458,-0.00018702829925512532,0.08300000000000018,-0.002253353003073794,0.11458064516129034,-0.01554605518849579,-0.12048192771084254,-0.10157662359145483
26,3,1155065,0,200,58.92,0.4,17.66,4.123,0.4036547891467747,-0.00018202514706989703,0.0829999999999993,-0.0021930740610831153,0.11393548387096775,-0.015546055188496291,-0.12048192771084383,-0.10362469820438971
26,3,1155106,0,200,58.81,0.4,17.56,4.164,0.39922196796338155,-0.00017589120340201703,0.08199999999999985,-0.002145014675634358,0.11329032258064516,-0.01573564122737995,0.0,-0.10512761224375682
26,3,1155147,0,200,58.59,0.4,17.46,4.205,0.3950343249427867,-0.00016782463687330207,0.08300000000000018,-0.0020219835767867674,0.11264516129032259,-0.01554605518849579,-0.1204819277108432,-0.10527891231483504
26,3,1155189,0,200,58.37,0.39,17.36,4.247,0.3904838182412502,-0.00015787447804424204,0.08300000000000018,-0.0019021021451113456,0.112,-0.007773027594248062,-0.1204819277108432,-0.10413671685762288
26,3,1155230,0,200,58.15,0.39,17.36,4.288,0.38639097744360396,-0.0001467303591939917,0.08199999999999985,-0.001789394624316975,0.112,-0.007867820613689975,-0.12195121951219545,-0.09524075299595623
26,3,1155271,0,200,57.93,0.38,17.26,4.329,0.3826740764955818,-0.0001353948380782093,0.08499999999999996,-0.0015928804479789335,0.11135483870967743,-0.015180265654649035,-0.11764705882352956,-0.08399515412572213
26,3,1155315,0,200,57.71,0.38,17.16,4.373,0.3792513893429176,-0.0001248898902556945,0.08499999999999996,-0.001469292826537583,0.11070967741935483,-0.007590132827324599,-0.11764705882352956,-0.08461050324019595
26,3,1155356,0,200,57.6,0.37,17.16,4.414,0.3754821837201652,-0.00011606741496007444,0.08300000000000018,-0.0013984025898804119,0.11070967741935483,-0.006995724834823106,-0.1204819277108432,-0.08550711508997558
26,3,1155398,0,200,57.38,0.37,17.07,4.456,0.3721542987904496,-0.00010950663354786982,0.08300000000000018,-0.0013193570306972238,0.11012903225806452,-0.014768752429071169,0.0,-0.08298640787405873
26,3,1155439,0,200,57.27,0.37,16.97,4.497,0.3685943118666183,-0.00010545061659715315,0.08199999999999985,-0.0012859831292335773,0.10948387096774193,-0.007867820613690143,0.0,-0.073633181575359
26,3,1155480,0,200,57.05,0.37,16.97,4.538,0.36611637790127016,-0.00010376029138767607,0.08300000000000018,-0.0012501239926226006,0.10948387096774193,0.0,-0.1204819277108432,-0.06565654576462104
26,3,1155522,0,200,56.94,0.36,16.97,4.58,0.3631448185681547,-0.00010392030450781676,0.08300000000000018,-0.0012520518615399582,0.10948387096774193,-0.007773027594247728,-0.1204819277108432,-0.06845295533227963
26,3,1155563,0,200,56.83,0.36,16.87,4.621,0.36043478260869094,-0.00010515782739644308,0.08199999999999985,-0.001282412529224918,0.10883870967741936,-0.01573564122737995,0.0,-0.05369999760801649
26,3,1155604,0,200,56.72,0.36,16.77,4.662,0.3587414187642974,-0.00010667180132364962,0.0829999999999993,-0.0012852024255861508,0.10819354838709677,-0.0077730275942481455,0.0,-0.04753896265020852
26,3,1155646,0,200,56.5,0.36,16.77,4.704,0.35648904870872367,-0.0001078642793738318,0.08499999999999996,-0.0012689915220450805,0.10819354838709677,-0.007590132827324272,-0.11764705882352956,-0.05068938330480932
26,3,1155689,0,200,56.39,0.35,16.67,4.747,0.3544328211833886,-0.0001084466201625034,0.08400000000000052,-0.0012910311924107466,0.10754838709677421,-0.007680491551459034,-0.11904761904761842,-0.05502887653917287
26,3,1155730,0,200,56.28,0.35,16.67,4.788,0.3518666230794331,-0.00010838938670222831,0.08300000000000018,-0.0013058962253280492,0.10754838709677421,-0.007773027594248062,0.0,-0.059276005624326514
26,3,1155772,0,200,56.17,0.35,16.57,4.83,0.3495129127165695,-0.00010778976756376225,0.08300000000000018,-0.0012986718983585784,0.10690322580645162,-0.007773027594248062,0.0,-0.05632205185567313
26,3,1155813,0,200,55.95,0.35,16.57,4.871,0.34719189277541224,-0.00010675766547139886,0.08199999999999985,-0.001301922749651208,0.10690322580645162,-0.007867820613690143,0.0,-0.058404229024309494
26,3,1155854,0,200,55.84,0.35,16.47,4.912,0.3447237659365761,-0.00010538120698792497,0.0829999999999993,-0.0012696530962400705,0.10625806451612903,-0.0077730275942481455,-0.12048192771084383,-0.05927600562432715
26,3,1155896,0,200,55.73,0.34,16.47,4.954,0.3422719843085931,-0.00010376868006966333,0.08300000000000018,-0.0012502250610802784,0.10625806451612903,-0.007773027594247728,-0.12048192771084254,-0.05691284260940447
26,3,1155937,0,200,55.62,0.34,16.37,4.995,0.33999999999999553,-0.00010210445270649871,0.08199999999999985,-0.0012451762525182793,0.10561290322580646,-0.01573564122737995,0.0,-0.06223140034603962
26,3,1155978,0,200,55.51,0.34,16.27,5.036,0.3371690094802179,-0.00010062827771536576,0.08300000000000018,-0.0012123888881369342,0.10496774193548387,-0.007773027594248062,-0.1204819277108432,-0.059906182428305726
26,3,1156020,0,200,55.29,0.33,16.27,5.078,0.33502778685844614,-9.949330697423874e-05,0.08500000000000085,-0.0011705094938145616,0.10496774193548387,0.0,-0.11764705882352834,-0.0509585985423906
26,3,1156063,0,200,55.18,0.33,16.27,5.121,0.33283752860411464,-9.858304499578096e-05,0.08499999999999996,-0.0011598005293621293,0.10496774193548387,0.0,0.0,-0.0501894121492982
26,3,1156105,0,200,55.07,0.33,16.27,5.163,0.3307616868257558,-9.746492989354393e-05,0.0829999999999993,-0.0011742762637776477,0.10496774193548387,-0.015546055188496125,0.0,-0.057543019413383634
26,3,1156146,0,200,54.96,0.33,16.07,5.204,0.32806145799280384,-9.55873734364232e-05,0.08199999999999985,-0.0011656996760539436,0.1036774193548387,-0.01573564122738012,0.0,-0.06506191246940204
26,3,1156187,0,200,54.85,0.33,16.07,5.245,0.32542661000326484,-9.26202626259105e-05,0.08300000000000018,-0.0011159067786254253,0.1036774193548387,0.0,-0.1204819277108432,-0.054392135393484954
26,3,1156229,0,200,54.74,0.32,16.07,5.287,0.3235469107551446,-8.871302335334618e-05,0.08300000000000018,-0.0010688316066668191,0.1036774193548387,-0.007773027594247895,-0.1204819277108432,-0.0450970275347869
26,3,1156270,0,200,54.63,0.32,15.97,5.328,0.3216835567178775,-8.4521838976519e-05,0.08199999999999985,-0.0010307541338599895,0.10303225806451613,-0.007867820613689975,0.0,-0.043255009209131
26,3,1156311,0,200,54.41,0.32,15.97,5.369,0.31999999999999584,-8.101624699890309e-05,0.0829999999999993,-0.0009760993614325756,0.10303225806451613,-0.00699572483482318,0.0,-0.047302646348716657
26,3,1156353,0,200,54.41,0.32,15.88,5.411,0.31775743707093407,-7.915854303731785e-05,0.08199999999999985,-0.0009653480858209511,0.10245161290322581,-0.007081038552320977,0.0,-0.05310200208899709
26,3,1156393,0,200,54.19,0.32,15.88,5.451,0.3156456358286981,-7.95618986295601e-05,0.08500000000000085,-0.0009360223368183447,0.10245161290322581,0.0,-0.11764705882352834,-0.04661269542141684
26,3,1156438,0,200,54.08,0.31,15.88,5.496,0.3137953579601136,-8.224136856069642e-05,0.08499999999999996,-0.0009675455124787818,0.10245161290322581,-0.007590132827324599,-0.11764705882352956,-0.04295906005422755
26,3,1156478,0,200,53.97,0.31,15.78,5.536,0.31199411572408875,-8.656229161489115e-05,0.08099999999999952,-0.0010686702668505144,0.10180645161290322,-0.007964954201513512,0.0,-0.04649304420471423
26,3,1156519,0,200,53.86,0.31,15.78,5.577,0.31002942137953177,-9.141890950085418e-05,0.08300000000000018,-0.0011014326445886022,0.10180645161290322,-0.007773027594247895,0.0,-0.04773589290145135
26,3,1156561,0,200,53.75,0.31,15.68,5.619,0.3080320366132683,-9.557157482750078e-05,0.08300000000000018,-0.0011514647569578383,0.10116129032258064,-0.007773027594247895,0.0,-0.040213157303945334
26,3,1156602,0,200,53.53,0.31,15.68,5.66,0.3066917293233043,-9.801117470087561e-05,0.08199999999999985,-0.001195258228059461,0.10116129032258064,-0.007867820613689975,-0.12195121951219545,-0.04050422982163688
26,3,1156643,0,200,53.42,0.3,15.58,5.701,0.30471068976789406,-9.823358232369194e-05,0.08300000000000018,-0.0011835371364300208,0.10051612903225807,-0.007773027594247895,-0.1204819277108432,-0.05388011674025268
26,3,1156685,0,200,53.31,0.3,15.58,5.743,0.3022196796338633,-9.635852081782836e-05,0.08300000000000018,-0.0011609460339497366,0.10051612903225807,-0.007773027594247895,0.0,-0.0515169537253293
26,3,1156726,0,200,53.2,0.3,15.48,5.784,0.3004347826086917,-9.307479149833674e-05,0.08399999999999963,-0.0011080332321230615,0.09987096774193549,-0.00768049155145928,0.0,-0.03662105574495171
26,3,1156769,0,200,53.09,0.3,15.48,5.827,0.2991435109512874,-8.942782571578967e-05,0.08499999999999996,-0.0010520920672445848,0.09987096774193549,-0.007590132827324436,0.0,-0.03984385516220139
26,3,1156811,0,200,52.98,0.3,15.38,5.869,0.2970480549199046,-8.649677195517392e-05,0.08300000000000018,-0.0010421297825924545,0.09922580645161291,-0.007773027594247895,0.0,-0.04100087830892002
26,3,1156852,0,200,52.87,0.3,15.38,5.91,0.295740438051647,-8.504703074242492e-05,0.08199999999999985,-0.0010371589114929888,0.09922580645161291,0.0,-0.12195121951219545,-0.04229821637869847
26,3,1156893,0,200,52.76,0.29,15.38,5.951,0.29357960117685133,-8.5279603244663e-05,0.08300000000000018,-0.0010274650993332868,0.09922580645161291,-0.007773027594248062,-0.1204819277108432,-0.05403766094124681
26,3,1156935,0,200,52.65,0.29,15.28,5.993,0.2912553121935235,-8.67903405606345e-05,0.08300000000000018,-0.001045666753742582,0.09858064516129032,-0.007773027594248062,0.0,-0.056400823956170194
26,3,1156976,0,200,52.54,0.29,15.28,6.034,0.2888983327884892,-8.876974850609364e-05,0.08199999999999985,-0.0010825579086109001,0.09858064516129032,-0.007867820613689975,-0.12195121951219477,-0.05629131152377197
26,3,1157017,0,200,52.42,0.28,15.18,6.075,0.2866394246485742,-9.035565347450892e-05,0.08300000000000018,-0.0010886223310181773,0.09793548387096775,-0.007773027594247895,0.0,-0.04493948333379143
26,3,1157059,0,200,52.31,0.29,15.18,6.117,0.2851683556717845,-9.098025083784656e-05,0.08300000000000018,-0.0010961476004559803,0.09793548387096775,-0.007773027594248062,0.12048192771084254,-0.05246221893129745
26,3,1157100,0,200,52.09,0.29,15.08,6.158,0.28228506047727653,-9.0568627508393e-05,0.08499999999999996,-0.0010655132648046241,0.09729032258064516,-0.007590132827324599,-0.11764705882352891,-0.05953502682537473
26,3,1157144,0,200,51.98,0.28,15.08,6.202,0.28010787839162765,-8.951755081311497e-05,0.08499999999999996,-0.0010531476566248824,0.09729032258064516,-0.007590132827324436,-0.2352941176470585,-0.051997000173066514
26,3,1157185,0,200,51.87,0.27,14.98,6.243,0.2778653154625659,-8.846907256938508e-05,0.08199999999999985,-0.001078891128894942,0.09664516129032258,-0.007867820613689975,0.0,-0.05389932944769098
26,3,1157226,0,200,51.76,0.28,14.98,6.284,0.275688133376917,-8.797462084225316e-05,0.0829999999999993,-0.001059935190870529,0.09664516129032258,0.0,0.0,-0.04336404132384387
26,3,1157268,0,200,51.65,0.27,14.98,6.326,0.27426610003268687,-8.820382957021345e-05,0.08300000000000018,-0.0010626967418097982,0.09664516129032258,-0.007773027594247895,-0.1204819277108432,-0.03406893346514468
26,3,1157309,0,200,51.54,0.27,14.88,6.367,0.27286041189931,-8.884871504705138e-05,0.08200000000000074,-0.0010835209152079339,0.096,-0.00786782061368989,0.0,-0.049912692654221665
26,3,1157350,0,200,51.43,0.27,14.88,6.408,0.27017325923504065,-8.928187664520593e-05,0.08300000000000018,-0.0010756852607856113,0.096,-0.007773027594248062,0.0,-0.05466783774522669
26,3,1157392,0,200,51.32,0.27,14.78,6.45,0.26832298136645616,-8.889182330742785e-05,0.0829999999999993,-0.0010709858229810674,0.09535483870967741,-0.0077730275942481455,0.0,-0.04379728787658041
26,3,1157433,0,200,51.21,0.27,14.78,6.491,0.2665380843412845,-8.742985167705442e-05,0.08199999999999985,-0.0010662177033787144,0.09535483870967741,-0.007867820613689975,-0.12195121951219545,-0.04532806034173403
26,3,1157474,0,200,51.1,0.26,14.68,6.532,0.264606080418434,-8.520647769898381e-05,0.08499999999999996,-0.00100242914939981,0.09470967741935483,-0.007590132827324436,0.0,-0.039074668769108464
26,3,1157518,0,200,50.99,0.27,14.68,6.576,0.2632167374959103,-8.304586880964315e-05,0.08499999999999996,-0.00097701022128992,0.09470967741935483,-0.006831119544591992,0.0,-0.030959752321981532
26,3,1157559,0,200,50.77,0.26,14.59,6.617,0.26197450147106555,-8.200272122405749e-05,0.08300000000000018,-0.0009879845930609314,0.09412903225806452,-0.006995724834823106,-0.1204819277108432,-0.037062273284047945
26,3,1157601,0,200,50.66,0.26,14.59,6.659,0.2601405688133343,-8.294299396875182e-05,0.08300000000000018,-0.0009993131803464053,0.09412903225806452,0.0,0.0,-0.05388011674025134
26,3,1157642,0,200,50.55,0.26,14.59,6.7,0.2575024517816247,-8.616032188408341e-05,0.08199999999999985,-0.0010507356327327264,0.09412903225806452,-0.007867820613689975,-0.12195121951219545,-0.0551351868536663
26,3,1157683,0,200,50.44,0.25,14.49,6.741,0.2556194834913337,-9.120032122110367e-05,0.08300000000000018,-0.0010987990508566682,0.09348387096774194,-0.007773027594247895,-0.1204819277108432,-0.05230467473030398
26,3,1157725,0,200,50.33,0.25,14.49,6.783,0.25316116377900943,-9.697465579642817e-05,0.08300000000000018,-0.0011683693469449151,0.09348387096774194,-0.007773027594247895,0.1204819277108432,-0.05151695372532863
26,3,1157766,0,200,50.22,0.26,14.39,6.824,0.2513435763321314,-0.00010211368437957625,0.08199999999999985,-0.0012452888338972735,0.09283870967741936,-0.007867820613689975,0.0,-0.045926055860753774
26,3,1157807,0,200,50.11,0.25,14.39,6.865,0.24939522719842763,-0.00010541223647674514,0.08300000000000018,-0.0012700269455029507,0.09283870967741936,-0.007773027594248062,-0.1204819277108432,-0.04694817189647701
26,3,1157849,0,200,50.0,0.25,14.29,6.907,0.2474468780647238,-0.00010619972523469912,0.08499999999999996,-0.0012494085321729314,0.09219354838709677,-0.015180265654649035,-0.11764705882352956,-0.044305136242139526
26,3,1157892,0,200,49.89,0.24,14.19,6.95,0.24562929061784577,-0.00010449624168140836,0.08399999999999963,-0.001244002877159629,0.0915483870967742,-0.00768049155145928,-0.11904761904761968,-0.044248820809787766
26,3,1157933,0,200,49.78,0.24,14.19,6.991,0.24372997711670163,-0.00010089906015672945,0.08300000000000018,-0.0012156513271895087,0.0915483870967742,0.0,0.0,-0.03844078504275263
26,3,1157975,0,200,49.67,0.24,14.19,7.033,0.2424387054592973,-9.627723716002912e-05,0.08300000000000018,-0.0011599667127714327,0.0915483870967742,-0.007773027594247895,0.0,-0.03942543629897132
26,3,1158016,0,200,49.45,0.24,14.09,7.074,0.240457665903887,-9.145865356923189e-05,0.08099999999999952,-0.001129119179867067,0.09090322580645162,-0.00796495420151334,0.0,-0.048914556923710495
26,3,1158056,0,200,49.34,0.24,14.09,7.114,0.23847662634847677,-8.707076306958861e-05,0.08199999999999985,-0.0010618385740193753,0.09090322580645162,-0.007867820613690143,0.0,-0.04672338321944766
26,3,1158098,0,200,49.23,0.24,13.99,7.156,0.2366263484798923,-8.355735237361728e-05,0.08300000000000018,-0.0010067150888387602,0.09025806451612903,-0.007773027594248062,0.0,-0.05230467473030298
26,3,1158139,0,200,49.23,0.24,13.99,7.197,0.23413533834586162,-8.12675415301154e-05,0.08200000000000074,-0.0009910675796355446,0.09025806451612903,-0.00786782061368989,-0.12195121951219379,-0.0605570128927822
26,3,1158180,0,200,49.01,0.23,13.89,7.238,0.23166067342268412,-8.04930012698719e-05,0.08300000000000018,-0.0009697951960225509,0.08961290322580645,-0.007773027594247895,-0.12048192771084287,-0.04738141844921288
26,3,1158222,0,200,48.9,0.23,13.89,7.28,0.23020268061457694,-8.140260361118124e-05,0.08499999999999996,-0.000957677689543309,0.08961290322580645,0.0,0.0,-0.031421264157836575
26,3,1158265,0,200,48.79,0.23,13.89,7.323,0.228989865969268,-8.392388640310778e-05,0.08499999999999996,-0.0009873398400365625,0.08961290322580645,-0.007590132827324599,0.0,-0.03472876564813531
26,3,1158307,0,200,48.68,0.23,13.79,7.365,0.22725073553448544,-8.767475106973954e-05,0.0829999999999993,-0.0010563223020450636,0.08896774193548386,-0.0077730275942481455,-0.1204819277108445,-0.04033131545469204
26,3,1158348,0,200,48.57,0.22,13.79,7.406,0.2256423667865286,-9.201496083763949e-05,0.08199999999999985,-0.001122133668751703,0.08896774193548386,-0.007867820613689975,-0.12195121951219545,-0.0406238289254417
26,3,1158389,0,200,48.46,0.22,13.69,7.447,0.22391958156259922,-9.61994955706178e-05,0.08300000000000018,-0.0011590300671158746,0.08832258064516128,-0.007773027594247895,0.0,-0.041709827213396965
26,3,1158431,0,200,48.35,0.22,13.69,7.489,0.22218045112781665,-9.955658125491418e-05,0.08300000000000018,-0.0011994768825893246,0.08832258064516128,-0.007773027594247895,0.0,-0.040922106208422286
26,3,1158472,0,200,48.24,0.22,13.59,7.53,0.22052304674730017,-0.00010162035141269321,0.08199999999999985,-0.001239272578203578,0.0876774193548387,-0.007867820613689975,0.0,-0.038231846849360034
26,3,1158513,0,200,48.13,0.22,13.59,7.571,0.21904543968616913,-0.00010219071241752075,0.08300000000000018,-0.0012312134026207292,0.0876774193548387,-0.007773027594247895,0.0,-0.02552216056117211
26,3,1158555,0,200,47.91,0.22,13.49,7.613,0.21840470742072288,-0.00010132854327346585,0.08300000000000018,-0.001220825822571875,0.08703225806451613,-0.007773027594247895,0.0,-0.01465161069252536
26,3,1158596,0,200,47.91,0.22,13.49,7.654,0.21782935599868952,-9.930837249994973e-05,0.08499999999999996,-0.001168333794117056,0.08703225806451613,-0.007590132827324436,0.0,-0.021844893563832363
26,3,1158640,0,200,47.8,0.22,13.39,7.698,0.21654789146779713,-9.654877801643913e-05,0.0860000000000003,-0.0011226602094934744,0.08638709677419355,-0.0075018754688671455,-0.11627906976744155,-0.03037168249237772
26,3,1158682,0,200,47.69,0.21,13.39,7.74,0.21521739130434503,-9.353327673408529e-05,0.0829999999999993,-0.0011269069486034467,0.08638709677419355,-0.00699572483482318,0.0,-0.024734439556198362
26,3,1158723,0,200,47.58,0.22,13.3,7.781,0.21449493298463268,-9.072955660472992e-05,0.08199999999999985,-0.001106458007374757,0.08580645161290323,-0.007081038552320977,0.0,-0.019614253023863867
26,3,1158764,0,200,47.47,0.21,13.3,7.822,0.2136090225563882,-8.85149085966841e-05,0.08300000000000018,-0.0010664446818877578,0.08580645161290323,-0.007773027594248062,-0.1204819277108432,-0.03261164960594158
26,3,1158806,0,200,47.36,0.21,13.2,7.864,0.21178816606733952,-8.711939966381443e-05,0.08300000000000018,-0.001049631321250774,0.08516129032258064,-0.007773027594248062,0.0,-0.047223874248217744
26,3,1158847,0,200,47.25,0.21,13.2,7.905,0.2096894409937861,-8.660665446958582e-05,0.08199999999999985,-0.0010561787130437313,0.08516129032258064,0.0,0.0,-0.05338106666453988
26,3,1158888,0,200,47.14,0.21,13.2,7.946,0.20741091860084726,-8.691798237745196e-05,0.08300000000000018,-0.0010472046069572502,0.08516129032258064,-0.007773027594247895,0.0,-0.04915379071040525
26,3,1158930,0,200,47.03,0.21,13.1,7.988,0.20560967636482247,-8.797908617387585e-05,0.08500000000000085,-0.0010350480726338232,0.08451612903225807,-0.015180265654648712,-0.11764705882352801,-0.05242005268926688
26,3,1158973,0,200,46.92,0.2,13.0,8.031,0.20295521412225953,-8.979928932784631e-05,0.08499999999999996,-0.0010564622273864276,0.08387096774193549,-0.007590132827324436,-0.11764705882352924,-0.06072726573466857
26,3,1159015,0,200,46.81,0.2,13.0,8.073,0.20044785877737564,-9.245417487586138e-05,0.08300000000000018,-0.0011139057213959177,0.08387096774193549,0.0,0.0,-0.05072923272035428
26,3,1159056,0,200,46.7,0.2,13.0,8.114,0.19874468780647012,-9.592060294581372e-05,0.08199999999999896,-0.0011697634505587187,0.08387096774193549,-0.00786782061369023,0.0,-0.041142091708593245
26,3,1159097,0,200,46.59,0.2,12.9,8.155,0.19707420725727104,-9.987578891425563e-05,0.08299999999999841,-0.001203322758003103,0.0832258064516129,-0.007773027594248229,-0.12048192771084579,-0.04915379071040663
26,3,1159139,0,200,46.37,0.19,12.9,8.197,0.19466492317750644,-0.00010362574640493882,0.08300000000000018,-0.0012485029687342,0.0832258064516129,-0.007773027594247895,-0.1204819277108432,-0.04816913945418723
26,3,1159180,0,200,46.37,0.19,12.8,8.238,0.1930761686825735,-0.00010624337361340962,0.08200000000000074,-0.0012956508977244958,0.08258064516129032,-0.00786782061368989,0.0,-0.04496926303032109
26,3,1159221,0,200,46.15,0.19,12.8,8.279,0.19097744360902008,-0.00010686810493121257,0.08300000000000018,-0.001287567529291715,0.08258064516129032,-0.007773027594248062,0.0,-0.04206430166563511
26,3,1159263,0,200,46.15,0.19,12.7,8.321,0.18958483164432577,-0.00010503580706827797,0.08300000000000018,-0.001265491651425033,0.08193548387096773,-0.015546055188495958,0.0,-0.034344635816886085
26,3,1159304,0,200,46.04,0.19,12.6,8.362,0.18812683883621853,-0.0001008860804924847,0.08500000000000085,-0.0011868950646174551,0.08129032258064516,-0.007590132827324356,-0.11764705882352834,-0.03353652673884144
26,3,1159348,0,200,45.93,0.18,12.6,8.406,0.18673422687152422,-9.51433475950303e-05,0.08499999999999908,-0.0011193335011180157,0.08129032258064516,0.0,0.0,-0.030459781166471057
26,3,1159389,0,200,45.82,0.19,12.6,8.447,0.18553775743706852,-8.888872479504072e-05,0.08199999999999896,-0.001084008838963925,0.08129032258064516,-0.00786782061369006,0.12195121951219677,-0.036198662084692225
26,3,1159430,0,200,45.71,0.19,12.5,8.488,0.1837659365805795,-8.325478428767852e-05,0.08300000000000018,-0.0010030696902129919,0.08064516129032258,-0.007773027594247895,-0.1204819277108432,-0.041709827213396965
26,3,1159472,0,200,45.6,0.18,12.5,8.53,0.18207584177835656,-7.918024607224617e-05,0.08300000000000018,-0.0009539788683403131,0.08064516129032258,-0.007773027594247895,-0.1204819277108432,-0.03182392860096757
26,3,1159513,0,200,45.49,0.18,12.4,8.571,0.18112455050669918,-7.726720237093864e-05,0.08200000000000074,-0.0009422829557431457,0.08,-0.00786782061368989,0.0,-0.02360088981733171
26,3,1159554,0,200,45.38,0.18,12.4,8.612,0.18014056881333534,-7.771018709269839e-05,0.08300000000000018,-0.000936267314369858,0.08,0.0,0.0,-0.0333993706109166
26,3,1159596,0,200,45.27,0.18,12.4,8.654,0.1783524027459931,-8.028036873593081e-05,0.08200000000000074,-0.0009790288870235376,0.08,-0.00786782061368989,0.0,-0.04540779307760286
26,3,1159636,0,200,45.16,0.18,12.3,8.694,0.17641712978097188,-8.438865999542422e-05,0.08099999999999952,-0.0010418353085854903,0.07935483870967742,-0.00796495420151334,-0.1234567901234573,-0.04838989583459388
26,3,1159677,0,200,45.05,0.17,12.3,8.735,0.174432821183391,-8.923672339624744e-05,0.08499999999999908,-0.001049843804661746,0.07935483870967742,-0.007590132827324678,-0.11764705882353046,-0.046112724265907665
26,3,1159721,0,200,44.94,0.17,12.2,8.779,0.17249754821836977,-9.400464512214058e-05,0.08500000000000085,-0.001105937001436937,0.07870967741935483,-0.007590132827324519,0.0,-0.037228621425686614
26,3,1159762,0,200,44.83,0.17,12.2,8.82,0.17126838836220762,-9.799316408288306e-05,0.08200000000000074,-0.0011950385863766118,0.07870967741935483,-0.00786782061368989,0.0,-0.048597102512377706
26,3,1159803,0,200,44.72,0.17,12.1,8.861,0.16851258581235476,-0.00010067202632833982,0.08300000000000018,-0.0012129159798595131,0.07806451612903226,-0.007773027594247895,0.0,-0.048799316258166775
26,3,1159845,0,200,44.61,0.17,12.1,8.903,0.16721804511277977,-0.00010165126632744581,0.08300000000000018,-0.0012247140521378986,0.07806451612903226,-0.006995724834823106,0.0,-0.029618309787038655
26,3,1159886,0,200,44.5,0.17,12.01,8.944,0.16605426610003055,-0.00010064322372234536,0.08199999999999896,-0.0012273563868578858,0.07748387096774194,-0.007081038552321054,-0.12195121951219677,-0.03619866208469189
26,3,1159927,0,200,44.39,0.16,12.01,8.985,0.16424975482183507,-9.749563468392175e-05,0.08299999999999841,-0.001174646201011128,0.07748387096774194,0.0,-0.12048192771084579,-0.04328526922334659
26,3,1159969,0,200,44.28,0.16,12.01,9.027,0.16246158875449285,-9.233318287893155e-05,0.08300000000000018,-0.0011124479864931486,0.07748387096774194,-0.015546055188495958,0.0,-0.03497481262086563
26,3,1160010,0,200,44.17,0.16,11.81,9.068,0.16134684537430322,-8.574187962927837e-05,0.08200000000000074,-0.0010456326784058243,0.07619354838709677,-0.015735641227379946,0.0,-0.03520200288632477
26,3,1160051,0,200,44.06,0.16,11.81,9.109,0.1595750245178142,-7.883044566454345e-05,0.08500000000000085,-0.000927417007818149,0.07619354838709677,0.0,0.0,-0.03107513028094456
26,3,1160095,0,200,43.95,0.16,11.81,9.153,0.1587054593004229,-7.30287015918556e-05,0.08500000000000085,-0.0008591611951982925,0.07619354838709677,0.0,0.0,-0.029536757494759047
26,3,1160136,0,200,43.84,0.16,11.81,9.194,0.15706440013075965,-6.96604920043029e-05,0.08300000000000018,-0.0008392830361964187,0.07619354838709677,-0.007773027594247895,-0.1204819277108432,-0.040922106208422286
26,3,1160178,0,200,43.72,0.15,11.71,9.236,0.15530892448512384,-6.949592331086407e-05,0.08299999999999841,-0.0008373002808538,0.0755483870967742,-0.007773027594248061,0.0,-0.042497548218372226
26,3,1160219,0,200,43.61,0.16,11.71,9.277,0.15353710362863482,-7.248889037984085e-05,0.08199999999999896,-0.0008840108582907532,0.0755483870967742,0.0,0.0,-0.04221848364282926
26,3,1160260,0,200,43.5,0.15,11.71,9.318,0.1518470088264119,-7.778686177427652e-05,0.08300000000000018,-0.0009371911057141729,0.0755483870967742,-0.007773027594248062,-0.1204819277108432,-0.038558943193499236
26,3,1160302,0,200,43.39,0.15,11.61,9.36,0.15033671134357438,-8.39905241777732e-05,0.08300000000000018,-0.001011934026238229,0.0749032258064516,-0.007773027594248062,0.0,-0.02630988156614646
26,3,1160343,0,200,43.28,0.15,11.61,9.401,0.14966328865642173,-8.957331947847535e-05,0.08200000000000074,-0.0010923575546155431,0.0749032258064516,-0.00786782061368989,0.0,-0.026630733780367576
26,3,1160384,0,200,43.28,0.15,11.51,9.442,0.14815299117358421,-9.332430478609766e-05,0.08300000000000018,-0.0011243892142903309,0.07425806451612903,-0.007773027594247895,-0.12048192771084287,-0.038558943193499236
26,3,1160426,0,200,43.17,0.14,11.51,9.484,0.14646289637136128,-9.466997954284473e-05,0.08499999999999908,-0.0011137644652099501,0.07425806451612903,-0.007590132827324515,0.0,-0.04072841951425875
26,3,1160469,0,200,42.95,0.15,11.41,9.527,0.14469107551487226,-9.377838438013519e-05,0.08500000000000085,-0.0011032751103545206,0.07361290322580645,-0.007590132827324356,0.0,-0.04149760590735016
26,3,1160511,0,200,42.95,0.14,11.41,9.569,0.14293559986923648,-9.142483485818787e-05,0.08300000000000018,-0.001101504034435996,0.07361290322580645,-0.007773027594247895,-0.12048192771084287,-0.040922106208422286
26,3,1160552,0,200,42.84,0.14,11.31,9.61,0.1412945406995732,-8.86706060730873e-05,0.08199999999999896,-0.0010813488545498588,0.07296774193548387,-0.00786782061369006,0.0,-0.03061737057383663
26,3,1160593,0,200,42.73,0.14,11.31,9.651,0.1404249754821819,-8.646531511989508e-05,0.08300000000000018,-0.001041750784577047,0.07296774193548387,0.0,0.0,-0.038558943193499236
26,3,1160635,0,200,42.62,0.14,11.31,9.693,0.13809414841451276,-8.532179536145712e-05,0.08300000000000018,-0.0010279734380898426,0.07296774193548387,-0.007773027594247895,0.0,-0.03777122218852456
26,3,1160676,0,200,42.51,0.14,11.21,9.734,0.13728996404053437,-8.519582633304878e-05,0.08200000000000074,-0.0010389734918664392,0.0723225806451613,-0.00786782061368989,0.0,-0.03504253741458545
26,3,1160717,0,200,42.4,0.14,11.21,9.775,0.13522066034651672,-8.560964522422942e-05,0.08300000000000018,-0.0010314415087256533,0.0723225806451613,-0.007773027594248062,-0.1204819277108432,-0.03997684100245347
26,3,1160759,0,200,42.29,0.13,11.11,9.817,0.13397188623733072,-8.593284968483417e-05,0.08300000000000018,-0.0010353355383714937,0.0716774193548387,-0.007773027594248062,-0.1204819277108432,-0.029894012138780398
26,3,1160800,0,200,42.18,0.13,11.11,9.858,0.13273945733899795,-8.566547037396077e-05,0.08399999999999963,-0.0010198270282614423,0.0716774193548387,-0.00768049155145928,0.0,-0.02798144429396451
26,3,1160843,0,200,42.07,0.13,11.01,9.901,0.13162144491663771,-8.459688474273541e-05,0.08499999999999908,-0.0009952574675616038,0.07103225806451613,-0.007590132827324515,0.0,-0.034421091090898435
26,3,1160885,0,200,41.96,0.13,11.01,9.943,0.1298136645962716,-8.280751611672876e-05,0.08300000000000018,-0.000997680917069019,0.07103225806451613,0.0,0.0,-0.033478142711414
26,3,1160926,0,200,41.85,0.13,11.01,9.984,0.12884275907159035,-8.057455279455894e-05,0.08200000000000074,-0.0009826164974946123,0.07103225806451613,-0.00786782061368989,0.0,-0.030099107790684875
26,3,1160967,0,200,41.85,0.13,10.91,10.025,0.12734553775743543,-7.827788646343592e-05,0.08300000000000018,-0.0009431070658245271,0.07038709677419355,-0.007773027594247895,-0.1204819277108432,-0.028161025927836564
26,3,1161009,0,200,41.63,0.12,10.91,10.067,0.1265053939195799,-7.635273524283015e-05,0.08300000000000018,-0.0009199124728051805,0.07038709677419355,-0.007773027594247895,0.0,-0.028751816681567576
26,3,1161050,0,200,41.52,0.13,10.81,10.108,0.12495913697286531,-7.525217719672384e-05,0.08199999999999896,-0.0009177094780088388,0.06974193548387098,-0.00786782061369006,0.0,-0.02770712571460451
26,3,1161091,0,200,41.52,0.12,10.81,10.149,0.12423340961098236,-7.535893171567842e-05,0.08300000000000018,-0.000907938936333473,0.06974193548387098,0.0,0.0,-0.017290476059189146
26,3,1161133,0,200,41.3,0.13,10.81,10.191,0.12352402745995261,-7.68475895491907e-05,0.08500000000000085,-0.000904089288813999,0.06974193548387098,-0.006831119544592084,0.0,-0.01534526854219905
26,3,1161176,0,200,41.3,0.12,10.72,10.234,0.12292906178489543,-7.957053809628612e-05,0.08499999999999908,-0.0009361239776033763,0.06916129032258064,-0.006831119544592226,-0.1176470588235308,-0.022114108801415053
26,3,1161218,0,200,41.19,0.12,10.72,10.276,0.12164432821183235,-8.304036069225518e-05,0.08300000000000018,-0.0010004862734006624,0.06916129032258064,-0.007773027594247895,0.0,-0.0317451565004705
26,3,1161259,0,200,41.08,0.12,10.62,10.317,0.12029421379535638,-8.651957805167676e-05,0.08099999999999952,-0.001068142938909596,0.06851612903225807,-0.00796495420151334,0.0,-0.03333615843150549
26,3,1161299,0,200,40.97,0.12,10.62,10.357,0.11894409937888042,-8.918463988579717e-05,0.08199999999999896,-0.0010876175595829062,0.06851612903225807,0.0,0.0,-0.03213229255535443
26,3,1161341,0,200,40.86,0.12,10.62,10.399,0.11765936580581735,-9.03377972015722e-05,0.08300000000000018,-0.0010884071951996626,0.06851612903225807,-0.007773027594248062,0.0,-0.02264697889301545
26,3,1161382,0,200,40.75,0.12,10.52,10.44,0.11706440013076014,-8.96407112283093e-05,0.08200000000000074,-0.0010931794052232743,0.06787096774193548,-0.015735641227379946,-0.12195121951219397,-0.015906680805938055
26,3,1161423,0,200,40.64,0.11,10.42,10.481,0.11635501797973041,-8.728985736487615e-05,0.08300000000000018,-0.0010516850284924815,0.0672258064516129,-0.007773027594247895,0.0,-0.028161025927836227
26,3,1161465,0,200,40.64,0.12,10.42,10.523,0.11472703497874973,-8.401149885672687e-05,0.08300000000000018,-0.0010121867332135745,0.0672258064516129,0.0,0.0,-0.031902700701465135
26,3,1161506,0,200,40.42,0.11,10.42,10.564,0.1137070938215088,-8.08236687156736e-05,0.08500000000000085,-0.000950866690772621,0.0672258064516129,-0.007590132827324356,-0.11764705882352818,-0.03288271830471253
26,3,1161550,0,200,40.42,0.11,10.32,10.608,0.11193200392284913,-7.866028903364785e-05,0.08499999999999908,-0.0009254151651017495,0.06658064516129032,-0.007590132827324515,0.0,-0.03269042170643982
26,3,1161591,0,200,40.31,0.11,10.32,10.649,0.11092840797646145,-7.80381197359663e-05,0.08199999999999896,-0.0009516843870239914,0.06658064516129032,0.0,0.0,-0.03169376250807265
26,3,1161632,0,200,40.2,0.11,10.32,10.69,0.10933311539718721,-7.891311852205263e-05,0.08300000000000018,-0.0009507604641211139,0.06658064516129032,-0.007773027594247895,0.0,-0.03804692454026563
26,3,1161674,0,200,39.98,0.11,10.22,10.732,0.10777051323961939,-8.07755352955013e-05,0.08300000000000018,-0.0009731992204277243,0.06593548387096775,-0.007773027594247895,0.0,-0.03647148253031693
26,3,1161715,0,200,39.98,0.11,10.22,10.773,0.1063059823471709,-8.29269520912348e-05,0.08300000000000018,-0.00099911990471367,0.06593548387096775,-0.007773027594248062,0.0,-0.03332059851041903
26,3,1161757,0,200,39.87,0.11,10.12,10.815,0.1050049035632546,-8.479845737709369e-05,0.08300000000000018,-0.0010216681611698011,0.06529032258064515,-0.007773027594248062,-0.12048192771084304,-0.02859427248057227
26,3,1161798,0,200,39.76,0.1,10.12,10.856,0.10393265773128339,-8.615123068663166e-05,0.08300000000000018,-0.0010379666347786923,0.06529032258064515,-0.007773027594247895,-0.12048192771084304,-0.022292504440776812
26,3,1161840,0,200,39.65,0.1,10.02,10.898,0.10315462569467013,-8.706874959373856e-05,0.08300000000000018,-0.0010490210794426309,0.06464516129032258,-0.007773027594247895,0.0,-0.025285844259679738
26,3,1161881,0,200,39.54,0.1,10.02,10.939,0.10183393265772997,-8.776703082169135e-05,0.08500000000000085,-0.0010325533037845937,0.06464516129032258,0.0,0.0,-0.013306924600503563
26,3,1161925,0,200,39.43,0.1,10.02,10.983,0.10202353710362731,-8.835258778295163e-05,0.08499999999999908,-0.001039442209211207,0.06464516129032258,-0.007590132827324515,0.0,-0.004422821760283076
26,3,1161966,0,200,39.43,0.1,9.92,11.024,0.10145799280810591,-8.868596355961778e-05,0.08199999999999896,-0.0010815361409709622,0.064,-0.00786782061369006,0.0,-0.015388418022787637
26,3,1162007,0,200,39.32,0.1,9.92,11.065,0.10076168682575874,-8.843450126379438e-05,0.08300000000000018,-0.0010654759188408938,0.064,-0.007773027594247895,0.0,-0.017566178410930052
26,3,1162049,0,200,39.21,0.1,9.82,11.107,0.09999999999999871,-8.727064437067255e-05,0.08300000000000018,-0.0010514535466346067,0.06335483870967742,-0.007773027594247895,0.0,-0.0250889140084359
26,3,1162090,0,200,39.1,0.1,9.82,11.148,0.09867930696305856,-8.508742885844888e-05,0.08300000000000018,-0.0010251497452825145,0.06335483870967742,-0.007773027594247895,0.0,-0.020559518229833144
26,3,1162132,0,200,38.99,0.1,9.72,11.19,0.09829355998692256,-8.211101186094539e-05,0.08300000000000018,-0.0009892892995294602,0.06270967741935485,-0.007773027594247895,0.0,-0.00811352635123703
26,3,1162173,0,200,38.88,0.1,9.72,11.231,0.09800588427590588,-7.886595153284404e-05,0.08200000000000074,-0.0009617798967419918,0.06270967741935485,0.0,0.0,-0.005023162359769895
26,3,1162214,0,200,38.77,0.1,9.72,11.272,0.09788166067342143,-7.603533663943551e-05,0.08300000000000018,-0.0009160883932462089,0.06270967741935485,-0.007773027594248146,0.0,-0.011106866170139621
26,3,1162256,0,200,38.66,0.1,9.62,11.314,0.09708401438378429,-7.429767737920656e-05,0.08499999999999908,-0.0008740903221083219,0.06206451612903225,-0.007590132827324759,0.0,-0.019729630982827994
26,3,1162299,0,200,38.55,0.1,9.62,11.357,0.09620464203988106,-7.418990072727638e-05,0.08499999999999908,-0.0008728223614973787,0.06206451612903225,-0.006831119544592063,-0.1176470588235308,-0.021268003769013378
26,3,1162341,0,200,38.55,0.09,9.53,11.399,0.09527623406341817,-7.598623454378029e-05,0.08300000000000018,-0.0009154968017322906,0.06148387096774193,-0.006995724834823106,-0.1204819277108432,-0.015833192199986384
26,3,1162382,0,200,38.44,0.09,9.53,11.44,0.09489048708728219,-7.95763775735292e-05,0.08300000000000018,-0.0009587515370304702,0.06148387096774193,0.0,0.0,-0.01957486697361496
26,3,1162424,0,200,38.33,0.09,9.53,11.482,0.09365152010460813,-8.438464463768547e-05,0.08300000000000018,-0.0010166824655142806,0.06148387096774193,-0.007773027594247895,0.0,-0.02213496023978201
26,3,1162465,0,200,38.22,0.09,9.43,11.523,0.09305328538738028,-8.941500720380625e-05,0.08300000000000018,-0.00107728924341935,0.060838709677419354,-0.007773027594247895,0.1204819277108432,-0.023513471998487204
26,3,1162507,0,200,38.11,0.1,9.43,11.565,0.09169990192873369,-9.346595869162932e-05,0.08300000000000018,-0.0011260958878509533,0.060838709677419354,-0.007773027594247895,0.0,-0.023710402249730707
26,3,1162548,0,200,38.0,0.09,9.33,11.606,0.09108532200065263,-9.546288749481668e-05,0.09100000000000108,-0.0010490427197232478,0.06019354838709678,-0.007089684509039221,-0.10989010989010868,-0.014584957376719115
26,3,1162598,0,200,37.89,0.09,9.33,11.656,0.09037267080745223,-9.47888869165947e-05,0.0909999999999993,-0.0010416361199625873,0.06019354838709678,-0.007089684509039435,0.0,-0.016021898990189257
26,3,1162639,0,200,37.78,0.09,9.23,11.697,0.08962732919254542,-9.14968766680726e-05,0.09399999999999942,-0.0009733710283837572,0.059548387096774194,-0.006863417982155188,0.0,-0.015510561788374684
26,3,1162692,0,200,37.67,0.09,9.23,11.75,0.08891467799934502,-8.633081946030785e-05,0.09600000000000009,-0.000899279369378206,0.059548387096774194,-0.006720430107526835,0.0,-0.013825324180015147
26,3,1162735,0,200,37.67,0.09,9.13,11.793,0.08830009807126396,-8.053998168099952e-05,0.08699999999999974,-0.0009257469158735604,0.05890322580645162,-0.007415647015202053,0.0,-0.012249514340573935
26,3,1162779,0,200,37.56,0.09,9.13,11.837,0.08784897025171509,-7.553159613248362e-05,0.08700000000000152,-0.0008681792658906012,0.05890322580645162,0.0,-0.11494252873563011,-0.018111245129314453
26,3,1162822,0,200,37.34,0.08,9.13,11.88,0.08672441974501358,-7.246767339649729e-05,0.08699999999999974,-0.0008329617631781322,0.05890322580645162,-0.007415647015202213,0.0,-0.026791115720334883
26,3,1162866,0,200,37.34,0.09,9.03,11.924,0.08551814318404596,-7.193989044254856e-05,0.08699999999999974,-0.0008268952924430893,0.05825806451612903,-0.007415647015202213,0.0,-0.028294123614884124
26,3,1162909,0,200,37.23,0.08,9.03,11.967,0.08426283099051866,-7.382659314082574e-05,0.08699999999999974,-0.0008485815303543214,0.05825806451612903,0.0,0.0,-0.022620268812961756
26,3,1162953,0,200,37.12,0.09,9.03,12.011,0.0835501797973183,-7.736984415291026e-05,0.08699999999999974,-0.0008893085534817297,0.05825806451612903,-0.007415647015202053,0.0,-0.015819158090127492
26,3,1162996,0,200,37.01,0.08,8.93,12.054,0.08288656423667758,-8.144587721375096e-05,0.08700000000000152,-0.0009361595082040176,0.05761290322580645,-0.007415647015201902,-0.11494252873563011,-0.020365756971137874
26,3,1163040,0,200,36.9,0.08,8.93,12.098,0.08177835894082927,-8.494306088353021e-05,0.08900000000000041,-0.0009544164144216833,0.05761290322580645,-0.0072490032620513905,0.0,-0.023250603303568766
26,3,1163085,0,200,36.79,0.08,8.83,12.143,0.08081726054265995,-8.711177054885511e-05,0.08899999999999864,-0.000978783938751196,0.05696774193548387,-0.007249003262051535,0.0,-0.01957752221295766
26,3,1163129,0,200,36.79,0.08,8.83,12.187,0.08003595946387607,-8.774910703313488e-05,0.08699999999999974,-0.00100861042566822,0.05696774193548387,-0.007415647015202053,0.0,-0.009093197762020954
26,3,1163172,0,200,36.68,0.08,8.73,12.23,0.08002615233736413,-8.71503035409038e-05,0.0860000000000003,-0.0010133756225686452,0.056322580645161296,-0.0075018754688671455,0.0,-0.0009883150748459483
26,3,1163215,0,200,36.46,0.08,8.73,12.273,0.07995096436743931,-8.586692105381034e-05,0.08699999999999974,-0.0009869761040667885,0.056322580645161296,0.0,0.0,-0.0017284590787313033
26,3,1163259,0,200,36.46,0.08,8.73,12.317,0.0798757763975145,-8.44035404574619e-05,0.08699999999999974,-0.0009701556374420937,0.056322580645161296,-0.007415647015202133,0.0,-0.01134770960384474
26,3,1163302,0,200,36.35,0.08,8.63,12.36,0.07896371363190482,-8.30056401235364e-05,0.0860000000000003,-0.0009651818619015826,0.05567741935483871,-0.007501875468867226,0.0,-0.013570326219998858
26,3,1163345,0,200,36.24,0.08,8.63,12.403,0.0787087283425946,-8.162023493295045e-05,0.08699999999999974,-0.0009381636199189735,0.05567741935483871,-0.007415647015202213,-0.11494252873563246,-0.01435372539294243
26,3,1163389,0,200,36.13,0.07,8.53,12.447,0.07771493952271884,-8.000033206845636e-05,0.08699999999999974,-0.0009195440467638688,0.05503225806451612,-0.007415647015202213,0.0,-0.014165849406123754
26,3,1163432,0,200,36.02,0.08,8.53,12.49,0.07747629944426183,-7.786763625274418e-05,0.09000000000000163,-0.0008651959583638085,0.05503225806451612,0.0,0.11111111111110904,-0.012422360248446793
26,3,1163479,0,200,35.91,0.08,8.53,12.537,0.0765969271003586,-7.507345322445503e-05,0.08999999999999986,-0.0008341494802717238,0.05503225806451612,-0.007168458781361975,0.0,-0.013875267879844484
26,3,1163522,0,200,35.91,0.08,8.43,12.58,0.07622752533507583,-7.173670514169394e-05,0.08599999999999852,-0.0008341477342057579,0.054387096774193545,-0.007501875468867301,0.0,-0.018892022776861313
26,3,1163565,0,200,35.69,0.08,8.43,12.623,0.07497221314154856,-6.832260005007384e-05,0.08699999999999974,-0.000785317241954874,0.054387096774193545,-0.007415647015202053,-0.11494252873563246,-0.028294123614883964
26,3,1163609,0,200,35.69,0.07,8.33,12.667,0.07376593658058093,-6.558582456530715e-05,0.08700000000000152,-0.0007538600524747816,0.05374193548387097,-0.007415647015201902,-0.11494252873563011,-0.026791115720334494
26,3,1163652,0,200,35.58,0.07,8.33,12.71,0.07264138607387942,-6.432844437901863e-05,0.0860000000000003,-0.0007480051671978885,0.05374193548387097,0.0,0.0,-0.02482191322593597
26,3,1163695,0,200,35.47,0.07,8.33,12.753,0.07163125204315043,-6.504044324430325e-05,0.08699999999999974,-0.0007475913016586603,0.05374193548387097,0.0,0.0,-0.021530588089413726
26,3,1163739,0,200,35.36,0.07,8.33,12.797,0.07076822491010043,-6.760834253895531e-05,0.08699999999999974,-0.0007771073855052358,0.05374193548387097,-0.006674082313681848,0.0,-0.017773068353041332
26,3,1163782,0,200,35.25,0.07,8.24,12.84,0.07008499509643584,-7.127301352933201e-05,0.08599999999999852,-0.0008287559712713168,0.05316129032258065,-0.00675168792198057,0.0,-0.013418277746945689
26,3,1163825,0,200,35.13,0.07,8.24,12.883,0.06961425302386312,-7.487510375830198e-05,0.08900000000000041,-0.0008412933006550745,0.05316129032258065,-0.007249003262051469,0.0,-0.01796136653308861
26,3,1163871,0,200,35.02,0.07,8.14,12.929,0.06848643347499095,-7.726280352615156e-05,0.08900000000000041,-0.0008681213879342831,0.052516129032258066,-0.007249003262051469,0.0,-0.016308480042313712
26,3,1163914,0,200,35.02,0.07,8.14,12.972,0.0681627983000972,-7.7679556587416e-05,0.0860000000000003,-0.0009032506579932061,0.052516129032258066,0.0,-0.11627906976744155,0.0022047028592714203
26,3,1163957,0,200,34.91,0.06,8.14,13.015,0.06867603792088829,-7.600634233633485e-05,0.08699999999999974,-0.0008736361188084491,0.052516129032258066,-0.007415647015202213,0.0,0.011798611972209338
26,3,1164001,0,200,34.8,0.07,8.04,13.059,0.0691892775416794,-7.280877422782872e-05,0.08699999999999974,-0.0008368824623888383,0.051870967741935475,-0.014831294030404186,0.11494252873563263,0.01255011591948388
26,3,1164044,0,200,34.69,0.07,7.94,13.102,0.06976789800588339,-6.916951644988156e-05,0.0860000000000003,-0.0008042967029055967,0.051225806451612906,0.0,0.0,0.004485429955069564
26,3,1164087,0,200,34.58,0.07,8.04,13.145,0.06957502451781539,-6.631976552379015e-05,0.08699999999999974,-0.000762296155445866,0.051870967741935475,0.0,0.0,-0.0065005091439243184
26,3,1164131,0,200,34.47,0.07,7.94,13.189,0.06920235371036197,-6.517947078513763e-05,0.08699999999999974,-0.0007491893193694003,0.051225806451612906,-0.007415647015201973,0.0,-0.01025802888029655
26,3,1164174,0,200,34.36,0.07,7.94,13.232,0.06868257600522959,-6.600806075023868e-05,0.0860000000000003,-0.0007675355901190518,0.051225806451612906,0.0,0.0,-0.013418277746945411
26,3,1164217,0,200,34.36,0.07,7.94,13.275,0.06804838182412466,-6.833804578584069e-05,0.08900000000000041,-0.0007678432110768582,0.051225806451612906,-0.007249003262051469,0.0,-0.015169824904224248
26,3,1164263,0,200,34.25,0.07,7.84,13.321,0.06733246158875363,-7.121523012416731e-05,0.08900000000000041,-0.0008001711249906403,0.05058064516129032,-0.007249003262051469,0.0,-0.01663905734046869
26,3,1164306,0,200,34.14,0.07,7.84,13.364,0.06656750572082294,-7.361167369205913e-05,0.08699999999999974,-0.000846111191862751,0.05058064516129032,-0.007415647015202053,0.0,-0.017773068353041332
26,3,1164350,0,200,34.03,0.07,7.74,13.408,0.06578620464203903,-7.480622181445451e-05,0.08699999999999974,-0.0008598416300512039,0.049935483870967745,-0.007415647015202053,-0.11494252873563263,-0.017773068353041332
26,3,1164393,0,200,33.92,0.06,7.74,13.451,0.06502124877410835,-7.457321263122996e-05,0.0860000000000003,-0.0008671303794329035,0.049935483870967745,0.0,-0.11627906976744155,-0.02771083421394693
26,3,1164436,0,200,33.81,0.06,7.74,13.494,0.06340307289963959,-7.314556278458539e-05,0.08699999999999974,-0.0008407535952251219,0.049935483870967745,-0.007415647015202133,0.0,-0.030210458680433944
26,3,1164480,0,200,33.7,0.06,7.64,13.538,0.062392938868910605,-7.103246780810313e-05,0.08699999999999974,-0.0008164651472195787,0.04929032258064516,-0.007415647015202133,0.0,-0.022282092036688267
26,3,1164523,0,200,33.59,0.06,7.64,13.581,0.061464530892447716,-6.880441751151966e-05,0.0860000000000003,-0.0008000513664130165,0.04929032258064516,0.0,0.0,-0.020260459034340005
26,3,1164566,0,200,33.59,0.06,7.64,13.624,0.06065053939195736,-6.692451042586889e-05,0.08699999999999974,-0.0007692472462743573,0.04929032258064516,-0.007415647015202133,0.0,-0.01702156440576695
26,3,1164610,0,200,33.48,0.06,7.54,13.668,0.059983654789145996,-6.565981192322835e-05,0.08899999999999864,-0.000737750695766622,0.04864516129032258,-0.0072490032620516134,0.0,-0.012965976249857607
26,3,1164655,0,200,33.37,0.06,7.54,13.713,0.05949656750572005,-6.507161906635695e-05,0.08800000000000097,-0.000739450216663139,0.04864516129032258,0.0,0.0,-0.008655532110909464
26,3,1164698,0,200,33.26,0.06,7.54,13.756,0.059221967963385955,-6.506063233758841e-05,0.08700000000000152,-0.0007478233602021525,0.04864516129032258,-0.007415647015201902,0.0,-0.0034944933548262383
26,3,1164742,0,200,33.15,0.06,7.44,13.8,0.05919254658385016,-6.543732140131198e-05,0.08699999999999974,-0.0007521531195553124,0.048,-0.007415647015202053,0.0,0.002517538223369389
26,3,1164785,0,200,33.04,0.06,7.44,13.843,0.05944099378881909,-6.599220512644876e-05,0.08599999999999852,-0.0007673512224005801,0.048,0.0,0.0,0.009388993211035734
26,3,1164828,0,200,32.93,0.06,7.44,13.886,0.05999999999999922,-6.654752206287551e-05,0.08699999999999974,-0.0007649140466997208,0.048,-0.007415647015202133,0.0,0.006425358749196912
26,3,1164872,0,200,32.93,0.06,7.34,13.93,0.05999999999999922,-6.698335566448855e-05,0.08700000000000152,-0.0007699236283274411,0.04735483870967742,-0.007415647015201982,0.0,0.006425358749196621
26,3,1164915,0,200,32.82,0.06,7.34,13.973,0.060559006211179336,-6.724127726300466e-05,0.0860000000000003,-0.0007818753170116794,0.04735483870967742,0.0,0.0,0.002888920988010799
26,3,1164958,0,200,32.71,0.06,7.34,14.016,0.06024844720496815,-6.731192807092867e-05,0.08699999999999974,-0.0007737003226543547,0.04735483870967742,-0.007415647015202053,0.0,-0.0067635355254704
26,3,1165002,0,200,32.6,0.06,7.24,14.06,0.05997057862046341,-6.72159223758566e-05,0.08900000000000041,-0.0007552350828747898,0.04670967741935484,-0.0072490032620513905,0.0,0.00040403891996731935
26,3,1165047,0,200,32.6,0.06,7.24,14.105,0.06028440666884524,-6.698722737910056e-05,0.08899999999999864,-0.0007526654761696807,0.04670967741935484,0.0,0.0,-0.0023507718979911565
26,3,1165091,0,200,32.49,0.06,7.24,14.149,0.059761359921542204,-6.666254718884535e-05,0.08699999999999974,-0.0007662361745844315,0.04670967741935484,-0.007415647015202133,0.0,-0.011272559209117175
26,3,1165134,0,200,32.38,0.06,7.14,14.192,0.05930369401765205,-6.627721785230988e-05,0.0860000000000003,-0.0007706653238640658,0.04606451612903226,-0.007501875468867226,0.0,-0.009883150748458353
26,3,1165177,0,200,32.27,0.06,7.14,14.235,0.05891140895717478,-6.586566310070108e-05,0.08699999999999974,-0.0007570765873643825,0.04606451612903226,0.0,0.0,-0.008266543420019165
26,3,1165221,0,200,32.16,0.06,7.14,14.279,0.058584504740110385,-6.546032148296899e-05,0.08699999999999974,-0.0007524174883099905,0.04606451612903226,-0.007415647015202053,0.0,-0.00033817677627356787
26,3,1165264,0,200,32.05,0.06,7.04,14.322,0.05888198757763898,-6.508462404696402e-05,0.0860000000000003,-0.0007567979540344628,0.04541935483870968,-0.0075018754688671455,0.0,0.004067296654173152
26,3,1165307,0,200,32.05,0.06,7.04,14.365,0.05893429225236928,-6.474027209418409e-05,0.08700000000000152,-0.0007441410585538271,0.04541935483870968,0.0,-0.11494252873563011,-0.0012399815130028973
26,3,1165351,0,200,31.94,0.05,7.04,14.409,0.05877410918600773,-6.439332546671217e-05,0.08699999999999974,-0.00074015316628405,0.04541935483870968,-0.006674082313681928,0.0,-0.005749005196649617
26,3,1165394,0,200,31.83,0.06,6.95,14.452,0.05843412880026076,-6.397183894519198e-05,0.08899999999999864,-0.0007187847072493591,0.044838709677419354,-0.00652410293584646,0.11235955056179942,-0.009292895159246348
26,3,1165440,0,200,31.72,0.06,6.95,14.498,0.057947041516834816,-6.33902373457973e-05,0.08999999999999986,-0.00070433597050886,0.044838709677419354,0.0,-0.11111111111111123,-0.012095456031382667
26,3,1165484,0,200,31.61,0.05,6.95,14.542,0.057345537757436324,-6.26019580112036e-05,0.08700000000000152,-0.0007195627357609483,0.044838709677419354,-0.007415647015201982,0.0,-0.021192411313139804
26,3,1165527,0,200,31.5,0.06,6.85,14.585,0.05610330173259162,-6.166105249694276e-05,0.0860000000000003,-0.0007169889825225878,0.04419354838709677,-0.007501875468867226,0.1162790697674414,-0.019348168196020536
26,3,1165570,0,200,31.5,0.06,6.85,14.628,0.05568159529257855,-6.075677349072883e-05,0.08699999999999974,-0.0006983537182842415,0.04419354838709677,0.0,0.0,-0.01025802888029655
26,3,1165614,0,200,31.39,0.06,6.85,14.672,0.05521085322000582,-6.0184365278809436e-05,0.08699999999999974,-0.0006917743135495358,0.04419354838709677,-0.007415647015202053,0.0,-0.011009532827571012
26,3,1165657,0,200,31.28,0.06,6.75,14.715,0.05472376593657988,-6.0239990481350425e-05,0.08599999999999852,-0.00070046500559711,0.043548387096774194,-0.007501875468867301,-0.1162790697674438,-0.01113755065114766
26,3,1165700,0,200,31.17,0.05,6.75,14.758,0.05425302386400714,-6.106796298556105e-05,0.08699999999999974,-0.0007019306090294394,0.043548387096774194,0.0,-0.11494252873563246,-0.01025802888029663
26,3,1165744,0,200,31.17,0.05,6.75,14.802,0.05383131742399407,-6.253021337868426e-05,0.08700000000000152,-0.0007187380848124502,0.043548387096774194,0.0,0.0,-0.008755020985747448
26,3,1165787,0,200,31.06,0.05,6.75,14.845,0.0534913370382471,-6.41928021967546e-05,0.08900000000000041,-0.0007212674404129697,0.043548387096774194,-0.0072490032620513905,0.0,-0.01649213409684417
26,3,1165833,0,200,30.95,0.05,6.65,14.891,0.052363517489374935,-6.548447634665155e-05,0.08899999999999864,-0.0007357806331084556,0.04290322580645162,-0.007249003262051535,0.0,-0.01777771247855843
26,3,1165876,0,200,30.84,0.05,6.65,14.934,0.051909120627655424,-6.596319255337768e-05,0.0860000000000003,-0.0007670138668997379,0.04290322580645162,-0.007501875468867226,0.0,-0.008856823555349367
26,3,1165919,0,200,30.73,0.05,6.55,14.977,0.05160183066361489,-6.552155336446041e-05,0.08700000000000152,-0.0007531213030397617,0.04225806451612903,-0.007415647015201982,0.11494252873563011,-0.01536825572176274
26,3,1165963,0,200,30.73,0.06,6.55,15.021,0.05057208237986204,-6.438712107642707e-05,0.08699999999999974,-0.0007400818514531869,0.04225806451612903,0.0,0.0,-0.015180379734944379
26,3,1166006,0,200,30.62,0.05,6.55,15.064,0.05028113762667473,-6.292416844688641e-05,0.08599999999999852,-0.0007316763772893895,0.04225806451612903,0.0,-0.1162790697674438,-0.004295369363753168
26,3,1166049,0,200,30.51,0.05,6.55,15.107,0.050202680614579276,-6.139084366753433e-05,0.08699999999999974,-0.0007056418812360289,0.04225806451612903,-0.007415647015202133,0.0,0.0010145303288206238
26,3,1166093,0,200,30.4,0.05,6.45,15.151,0.050369401765282124,-5.982211723723019e-05,0.08700000000000152,-0.0006876105429566568,0.04161290322580645,-0.007415647015201982,0.0,0.007026561907016259
26,3,1166136,0,200,30.29,0.05,6.45,15.194,0.0508139915004897,-5.809245158232823e-05,0.0860000000000003,-0.000675493623050326,0.04161290322580645,0.0,0.0,0.0034591027619604157
26,3,1166179,0,200,30.18,0.05,6.45,15.237,0.05066688460281072,-5.608299374775694e-05,0.08899999999999864,-0.0006301459971658179,0.04161290322580645,-0.0072490032620516134,0.0,-0.0036730810906112597
26,3,1166225,0,200,30.18,0.05,6.35,15.283,0.050487087283425304,-5.3834958504653584e-05,0.08900000000000041,-0.0006048871742095881,0.040967741935483866,-0.007249003262051469,0.0,-0.004407697308733486
26,3,1166268,0,200,30.07,0.05,6.35,15.326,0.05027459954233344,-5.160509918800038e-05,0.08699999999999974,-0.0005931620596321901,0.040967741935483866,0.0,0.0,-0.005260527630921316
26,3,1166312,0,200,29.96,0.05,6.35,15.37,0.05002942137953515,-4.9805406390017736e-05,0.08699999999999974,-0.000572475935517447,0.040967741935483866,0.0,0.0,-0.006012031578195699
26,3,1166355,0,200,29.85,0.05,6.35,15.413,0.049751552795030414,-4.88753784514131e-05,0.0860000000000003,-0.0005683183540861968,0.040967741935483866,-0.0075018754688671455,0.0,-0.006842181287394269
26,3,1166398,0,200,29.74,0.05,6.25,15.456,0.04944099378881924,-4.9155211472933226e-05,0.08699999999999974,-0.0005650024307233721,0.04032258064516129,-0.007415647015202053,0.0,0.002855714999643037
26,3,1166442,0,200,29.74,0.05,6.25,15.5,0.04999999999999936,-5.078744401471447e-05,0.08699999999999974,-0.0005837637243070646,0.04032258064516129,0.0,0.0,0.012850717498393505
26,3,1166485,0,200,29.63,0.05,6.25,15.543,0.05055900621117947,-5.364244877022539e-05,0.08699999999999974,-0.0006165798709221327,0.04032258064516129,0.0,0.0,0.00928107374883979
26,3,1166529,0,200,29.52,0.05,6.25,15.587,0.05080745341614842,-5.728973762239242e-05,0.08700000000000152,-0.0006585027312918554,0.04032258064516129,-0.007415647015201902,0.0,-0.003907820525827284
26,3,1166572,0,200,29.41,0.05,6.15,15.63,0.050219025825432494,-6.106024117076725e-05,0.08900000000000041,-0.0006860701255142356,0.03967741935483871,-0.0072490032620513905,0.0,-0.012488475708078003
26,3,1166618,0,200,29.3,0.05,6.15,15.676,0.04969597907812947,-6.4201793236915e-05,0.08899999999999864,-0.0007213684633361347,0.03967741935483871,0.0,0.0,-0.01101924327183378
26,3,1166661,0,200,29.3,0.05,6.15,15.719,0.0492383131742393,-6.606955396908365e-05,0.0860000000000003,-0.0007682506275474817,0.03967741935483871,-0.007501875468867226,0.0,-0.009883150748458514
26,3,1166704,0,200,29.19,0.05,6.05,15.762,0.048846028113762034,-6.628342310178592e-05,0.08699999999999974,-0.0007618784264573116,0.03903225806451613,-0.007415647015202133,0.0,-0.008266543420019165
26,3,1166748,0,200,29.08,0.05,6.05,15.806,0.04851912389669764,-6.481183756136666e-05,0.08699999999999974,-0.0007449636501306534,0.03903225806451613,0.0,0.0,-0.0067635355254702404
26,3,1166791,0,200,29.08,0.05,6.05,15.849,0.048257600523046125,-6.196690188807352e-05,0.0860000000000003,-0.0007205453707915501,0.03903225806451613,-0.0075018754688671455,0.0,-0.005321696556862227
26,3,1166834,0,200,28.97,0.05,5.95,15.892,0.048061457992807484,-5.8315062501715256e-05,0.08699999999999974,-0.0006702880747323613,0.03838709677419355,-0.007415647015202053,0.0,-0.0037575197363723914
26,3,1166878,0,200,28.86,0.05,5.95,15.936,0.04793069630598173,-5.452525617930348e-05,0.08699999999999974,-0.0006267270825207316,0.03838709677419355,0.0,-0.11494252873563254,-0.0022545118418234667
26,3,1166921,0,200,28.75,0.04,5.95,15.979,0.04786531546256884,-5.119768615532205e-05,0.08599999999999852,-0.0005953219320386388,0.03838709677419355,0.0,-0.11627906976744389,-0.0007602423652661173
26,3,1166964,0,200,28.75,0.04,5.95,16.022,0.04786531546256884,-4.8737508262288286e-05,0.08900000000000219,-0.0005476124523852481,0.03838709677419355,-0.007249003262051324,0.11235955056179502,0.000734616218122285
26,3,1167010,0,200,28.64,0.05,5.85,16.068,0.04793069630598173,-4.7321451771599856e-05,0.08900000000000219,-0.0005317017052988617,0.03774193548387097,-0.007249003262051324,0.11235955056179502,0.002203848654366699
26,3,1167053,0,200,28.53,0.05,5.85,16.111,0.048061457992807484,-4.6940043911487986e-05,0.08699999999999974,-0.000539540734614806,0.03774193548387097,0.0,0.0,0.0037575197363723914
26,3,1167097,0,200,28.42,0.05,5.85,16.155,0.048257600523046125,-4.745448431725485e-05,0.08699999999999974,-0.0005454538427270688,0.03774193548387097,0.0,0.0,0.011685886380118068
26,3,1167140,0,200,28.31,0.05,5.85,16.198,0.04907813010787775,-4.863635029007973e-05,0.08599999999999852,-0.0005655389568614019,0.03774193548387097,-0.007501875468867381,0.0,0.009731102275405431
26,3,1167183,0,200,28.2,0.05,5.75,16.241,0.04909447531873098,-5.019945464734121e-05,0.08699999999999974,-0.0005770052258315099,0.037096774193548385,-0.007415647015202133,0.0,0.0015030078945489247
26,3,1167227,0,200,28.2,0.05,5.75,16.285,0.04920889179470351,-5.182526483091543e-05,0.08699999999999974,-0.0005956926992059262,0.037096774193548385,0.0,0.0,0.010182878485569145
26,3,1167270,0,200,28.09,0.05,5.75,16.328,0.04998038574697549,-5.3172834001965265e-05,0.08599999999999852,-0.000618288767464723,0.037096774193548385,0.0,0.0,0.008970859910139475
26,3,1167313,0,200,27.98,0.05,5.75,16.371,0.04998038574697549,-5.3899042921744745e-05,0.08699999999999974,-0.0006195292289855736,0.037096774193548385,-0.006674082313681848,0.0,0.007928366643745677
26,3,1167357,0,200,27.98,0.05,5.66,16.415,0.05067015364498136,-5.3736459385043564e-05,0.08999999999999986,-0.0005970717709449294,0.036516129032258066,-0.006451612903225778,0.0,0.0033053648614289354
26,3,1167403,0,200,27.87,0.05,5.66,16.461,0.050277868584504094,-5.26242008640061e-05,0.08900000000000219,-0.000591283155775335,0.036516129032258066,0.0,0.0,-0.02097329302738942
26,3,1167446,0,200,27.76,0.05,5.66,16.504,0.04880353056554366,-5.081376807889537e-05,0.08699999999999974,-0.0005840662997574198,0.036516129032258066,-0.007415647015202133,0.0,-0.01953910262913642
26,3,1167490,0,200,27.76,0.05,5.56,16.548,0.04857796665576923,-4.88568069670432e-05,0.08699999999999974,-0.0005615724938740614,0.03587096774193548,-0.007415647015202133,0.0,-0.007252013091198701
26,3,1167533,0,200,27.65,0.05,5.56,16.591,0.04817260542660937,-4.743173426723679e-05,0.08600000000000207,-0.0005515317938050656,0.03587096774193548,0.0,-0.11627906976743908,-0.017637622874171647
26,3,1167576,0,200,27.43,0.04,5.56,16.634,0.04706113108859043,-4.705423517972562e-05,0.08699999999999974,-0.0005408532779278823,0.03587096774193548,0.0,0.0,-0.0168712636163119
26,3,1167620,0,200,27.43,0.05,5.56,16.678,0.04670480549199024,-4.7811991365918515e-05,0.08699999999999974,-0.0005495631191484903,0.03587096774193548,0.0,0.11494252873563254,-0.009506524933022169
26,3,1167663,0,200,27.43,0.05,5.56,16.721,0.046234063419417507,-4.929340515151459e-05,0.08599999999999852,-0.0005731791296687841,0.03587096774193548,-0.007501875468867301,-0.11627906976744389,-0.01839786523943841
26,3,1167706,0,200,27.32,0.04,5.46,16.764,0.045122589081398566,-5.078060552972641e-05,0.08699999999999974,-0.0005836851210313397,0.035225806451612905,-0.007415647015202053,0.0,-0.016119759669037437
26,3,1167750,0,200,27.21,0.05,5.46,16.808,0.044831644328211254,-5.160716515697583e-05,0.08900000000000219,-0.0005798557882806131,0.035225806451612905,0.0,0.0,-0.007089046504879434
26,3,1167795,0,200,27.1,0.04,5.46,16.853,0.04449166394246428,-5.148095560922883e-05,0.08899999999999864,-0.00057843770347449,0.035225806451612905,-0.0072490032620516134,-0.1123595505617995,-0.007823662723001954
26,3,1167839,0,200,26.99,0.04,5.36,16.897,0.04413533834586409,-5.0605087447959106e-05,0.08699999999999974,-0.0005816676718156237,0.03458064516129032,-0.007415647015202133,0.11494252873563254,-0.008003517038473164
26,3,1167882,0,200,26.99,0.05,5.36,16.94,0.04379535796011712,-4.954116421178156e-05,0.08600000000000207,-0.0005760600489741904,0.03458064516129032,0.0,0.0,-0.0073363388248171724
26,3,1167925,0,200,26.88,0.04,5.36,16.983,0.0435044132069298,-4.8885452817035716e-05,0.08699999999999974,-0.0005619017565176536,0.03458064516129032,0.0,-0.11494252873563254,-0.005749005196649776
26,3,1167969,0,200,26.77,0.04,5.36,17.027,0.04329519450800859,-4.893467845403343e-05,0.08699999999999974,-0.0005624675684371675,0.03458064516129032,0.0,0.11494252873563254,-0.0034944933548261502
26,3,1168012,0,200,26.66,0.05,5.36,17.07,0.043200392285059924,-4.954116769697681e-05,0.08599999999999852,-0.0005760600894997402,0.03458064516129032,-0.007501875468867381,0.0,-0.010985502178094452
26,3,1168055,0,200,26.66,0.04,5.26,17.113,0.04235044132069248,-5.0244956282531564e-05,0.08699999999999974,-0.0005775282331325484,0.03393548387096774,-0.007415647015202133,-0.11494252873563254,-0.011422859998572147
26,3,1168099,0,200,26.55,0.04,5.26,17.157,0.04220660346518415,-5.058847800875821e-05,0.08699999999999974,-0.0005814767587213604,0.03393548387096774,0.0,0.11494252873563254,-0.0012399815130027631
26,3,1168142,0,200,26.43,0.05,5.26,17.2,0.04224256292906124,-5.041129402240507e-05,0.08800000000000097,-0.0005728556138909605,0.03393548387096774,-0.00733137829912011,0.0,-0.013373354334452414
26,3,1168187,0,200,26.32,0.04,5.16,17.245,0.041029748283752325,-4.99520933367279e-05,0.08900000000000219,-0.000561259475693558,0.03329032258064516,-0.007249003262051246,-0.11235955056179502,-0.008815394617466795
26,3,1168231,0,200,26.32,0.04,5.16,17.289,0.04145799280810668,-4.969872899607175e-05,0.08699999999999974,-0.0005712497585755391,0.03329032258064516,0.0,0.0,0.001916335065549899
26,3,1168274,0,200,26.21,0.04,5.16,17.332,0.041196469434455166,-5.005874103828223e-05,0.08599999999999852,-0.0005820783841660825,0.03329032258064516,0.0,0.0,-0.007602423652660367
26,3,1168317,0,200,26.1,0.04,5.16,17.375,0.0408041843739779,-5.103440916499569e-05,0.08699999999999974,-0.0005866024041953545,0.03329032258064516,0.0,0.0,-0.00015030078945481271
26,3,1168361,0,200,25.99,0.04,5.16,17.419,0.0411833932657726,-5.2111966102114774e-05,0.08699999999999974,-0.0005989881161162636,0.03329032258064516,-0.007415647015202133,0.0,0.0011648311182754366
26,3,1168404,0,200,25.99,0.04,5.06,17.462,0.04090552468126786,-5.245972357654338e-05,0.08599999999999852,-0.0006099967857737707,0.03264516129032258,-0.007501875468867381,0.0,-0.0076024236526605286
26,3,1168447,0,200,25.88,0.04,5.06,17.505,0.0405295848316438,-5.133881975273979e-05,0.08699999999999974,-0.0005901013764682752,0.03264516129032258,0.0,0.0,0.0006012031578195698
26,3,1168491,0,200,25.77,0.04,5.06,17.549,0.04095782935599816,-4.850810199941069e-05,0.08699999999999974,-0.0005575643907978257,0.03264516129032258,-0.007415647015202053,0.0,0.0026678390128243613
26,3,1168534,0,200,25.77,0.04,4.96,17.592,0.04076168682575952,-4.441924537597508e-05,0.08900000000000219,-0.0004990926446738651,0.032,-0.007249003262051246,0.0,-0.005142313526855527
26,3,1168580,0,200,25.77,0.04,4.96,17.638,0.04050016345210801,-4.0101661271346065e-05,0.08900000000000219,-0.00045058046372297843,0.032,0.0,0.11235955056179502,0.0035261578469867496
26,3,1168623,0,200,25.55,0.05,4.96,17.681,0.04107551487414135,-3.6771274333918135e-05,0.08599999999999852,-0.00042757295737114843,0.032,0.0,0.0,0.0065000722230246335
26,3,1168666,0,200,25.55,0.04,4.96,17.724,0.04105916966328812,-3.533242118859725e-05,0.08699999999999974,-0.00040611978377698107,0.032,0.0,-0.11494252873563254,-0.0007515039472745421
26,3,1168710,0,200,25.44,0.04,4.96,17.768,0.041010134030728465,-3.6014533170117605e-05,0.08699999999999974,-0.0004139601513806633,0.032,0.0,0.0,-0.001503007894548845
26,3,1168753,0,200,25.44,0.04,4.96,17.811,0.04092840797646237,-3.8322196534302575e-05,0.08599999999999852,-0.00044560693644538643,0.032,-0.007501875468867301,0.0,-0.0022807270957981907
26,3,1168796,0,200,25.33,0.04,4.86,17.854,0.040813991500489824,-4.129915275132579e-05,0.08699999999999974,-0.00047470290518765413,0.031354838709677424,-0.007415647015202053,0.0,-0.0030060157890978495
26,3,1168840,0,200,25.22,0.04,4.86,17.898,0.04066688460281086,-4.393925647053987e-05,0.08699999999999974,-0.0005050489249487356,0.031354838709677424,0.0,0.0,-0.0037575197363723914
26,3,1168883,0,200,25.11,0.04,4.86,17.941,0.04048708728342543,-4.554092236106211e-05,0.08600000000000207,-0.0005295456088495466,0.031354838709677424,0.0,0.0,-0.004561454191596193
26,3,1168926,0,200,25.11,0.04,4.86,17.984,0.040274599542333575,-4.589243919894415e-05,0.08900000000000219,-0.0005156453842577867,0.031354838709677424,-0.007249003262051363,0.0,-0.005142313526855527
26,3,1168972,0,200,24.89,0.04,4.76,18.03,0.040029421379535274,-4.527515662458104e-05,0.08899999999999864,-0.0005087096249953004,0.030709677419354837,-0.0072490032620516525,0.0,-0.005876929744978047
26,3,1169015,0,200,24.89,0.04,4.76,18.073,0.03975155279503054,-4.430401092319691e-05,0.08599999999999852,-0.0005151629177116008,0.030709677419354837,0.0,0.0,-0.0068421812873944105
26,3,1169058,0,200,24.78,0.04,4.76,18.116,0.039440993788819365,-4.3645428853802845e-05,0.08699999999999974,-0.0005016715960207239,0.030709677419354837,0.0,0.0,0.002855714999643037
26,3,1169102,0,200,24.78,0.04,4.76,18.16,0.03999999999999948,-4.371833526819291e-05,0.08699999999999974,-0.000502509600783828,0.030709677419354837,0.0,0.0,0.006425358749196752
26,3,1169145,0,200,24.67,0.04,4.76,18.203,0.03999999999999948,-4.45271972601029e-05,0.08599999999999852,-0.0005177581076756241,0.030709677419354837,-0.007501875468867301,0.0,0.0
26,3,1169188,0,200,24.56,0.04,4.66,18.246,0.03999999999999948,-4.570599141240006e-05,0.08699999999999974,-0.0005253562231310367,0.03006451612903226,-0.007415647015202053,0.0,0.0
26,3,1169232,0,200,24.56,0.04,4.66,18.29,0.03999999999999948,-4.671443358367267e-05,0.08699999999999974,-0.0005369475124560092,0.03006451612903226,0.0,0.0,0.0
26,3,1169275,0,200,24.45,0.04,4.66,18.333,0.03999999999999948,-4.705953310191546e-05,0.08600000000000207,-0.0005472038732780736,0.03006451612903226,0.0,0.0,0.0
26,3,1169318,0,200,24.45,0.04,4.66,18.376,0.03999999999999948,-4.6459646831074505e-05,0.08900000000000219,-0.0005220185037199254,0.03006451612903226,-0.007249003262051324,0.0,0.0
26,3,1169364,0,200,24.34,0.04,4.56,18.422,0.03999999999999948,-4.49295518430155e-05,0.08999999999999986,-0.000499217242700173,0.029419354838709676,-0.007168458781362052,0.0,0.0
26,3,1169408,0,200,24.23,0.04,4.56,18.466,0.03999999999999948,-4.2771455552857773e-05,0.08800000000000097,-0.0004860392676461057,0.029419354838709676,0.0,0.0,0.0
26,3,1169452,0,200,24.23,0.04,4.56,18.51,0.03999999999999948,-4.046245616086796e-05,0.08699999999999974,-0.0004650857029984837,0.029419354838709676,0.0,0.0,0.0
26,3,1169495,0,200,24.12,0.04,4.56,18.553,0.03999999999999948,-3.848961815914986e-05,0.08599999999999852,-0.00044755369952500607,0.029419354838709676,0.0,0.0,0.0
26,3,1169538,0,200,24.01,0.04,4.56,18.596,0.03999999999999948,-3.723194996221313e-05,0.08699999999999974,-0.0004279534478415315,0.029419354838709676,-0.007415647015202093,0.0,0.0
26,3,1169582,0,200,23.9,0.04,4.46,18.64,0.03999999999999948,-3.6934787984379545e-05,0.08699999999999974,-0.00042453779292390406,0.028774193548387096,-0.007415647015202093,0.0,0.0
26,3,1169625,0,200,23.9,0.04,4.46,18.683,0.03999999999999948,-3.7714178686020006e-05,0.08599999999999852,-0.00043853696146535644,0.028774193548387096,0.0,0.0,0.0
26,3,1169668,0,200,23.79,0.04,4.46,18.726,0.03999999999999948,-3.950470066617573e-05,0.08699999999999974,-0.0004540770191514465,0.028774193548387096,0.0,0.0,0.0
26,3,1169712,0,200,23.68,0.04,4.46,18.77,0.03999999999999948,-4.1962092584810765e-05,0.08900000000000219,-0.00047148418634617676,0.028774193548387096,0.0,0.0,0.0
26,3,1169757,0,200,23.68,0.04,4.46,18.815,0.03999999999999948,-4.443135027473666e-05,0.08800000000000097,-0.0005049017076674565,0.028774193548387096,-0.0065982404692081385,0.0,0.0
26,3,1169800,0,200,23.57,0.04,4.37,18.858,0.03999999999999948,-4.606834499454315e-05,0.08699999999999974,-0.0005295212068338309,0.028193548387096774,-0.006674082313681888,0.0,0.0
26,3,1169844,0,200,23.46,0.04,4.37,18.902,0.03999999999999948,-4.608906535907664e-05,0.08699999999999974,-0.0005297593719434113,0.028193548387096774,0.0,0.0,0.0
26,3,1169887,0,200,23.46,0.04,4.37,18.945,0.03999999999999948,-4.404490199118083e-05,0.08599999999999852,-0.0005121500231532743,0.028193548387096774,0.0,0.0,0.0
26,3,1169930,0,200,23.46,0.04,4.37,18.988,0.03999999999999948,-4.003481582760582e-05,0.08699999999999974,-0.00046017029686903373,0.028193548387096774,-0.007415647015202133,0.0,0.0
26,3,1169974,0,200,23.24,0.04,4.27,19.032,0.03999999999999948,-3.479288270626846e-05,0.08699999999999974,-0.0003999181920260754,0.02754838709677419,-0.007415647015202133,0.0,0.0
26,3,1170017,0,200,23.24,0.04,4.27,19.075,0.03999999999999948,-2.9584345050952088e-05,0.08599999999999852,-0.00034400401222037903,0.02754838709677419,0.0,0.0,0.0
26,3,1170060,0,200,23.13,0.04,4.27,19.118,0.03999999999999948,-2.5870312567655594e-05,0.08699999999999974,-0.0002973599145707548,0.02754838709677419,0.0,0.0,0.0
26,3,1170104,0,200,23.13,0.04,4.27,19.162,0.03999999999999948,-2.481562360264178e-05,0.08900000000000219,-0.0002788272314903502,0.02754838709677419,0.0,0.0,0.0
26,3,1170149,0,200,23.02,0.04,4.27,19.207,0.03999999999999948,-2.6839722406321264e-05,0.08900000000000219,-0.0003015699146777596,0.02754838709677419,0.0,0.0,0.0
26,3,1170193,0,200,22.91,0.04,4.27,19.251,0.03999999999999948,-3.142613538922401e-05,0.08699999999999974,-0.0003612199470025759,0.02754838709677419,0.0,0.0,0.0
26,3,1170236,0,200,22.91,0.04,4.27,19.294,0.03999999999999948,-3.728819029585129e-05,0.08599999999999852,-0.0004335836080913015,0.02754838709677419,-0.007501875468867301,0.0,0.0
26,3,1170279,0,200,22.8,0.04,4.17,19.337,0.03999999999999948,-4.281329559311864e-05,0.08699999999999974,-0.0004921068458979168,0.026903225806451613,-0.007415647015202053,0.0,0.0
26,3,1170323,0,200,22.69,0.04,4.17,19.381,0.03999999999999948,-4.658277844666525e-05,0.08699999999999974,-0.0005354342350191424,0.026903225806451613,0.0,0.0,0.0
26,3,1170366,0,200,22.69,0.04,4.17,19.424,0.03999999999999948,-4.776622823884758e-05,0.08599999999999852,-0.0005554212585912604,0.026903225806451613,0.0,0.0,0.0
26,3,1170409,0,200,22.58,0.04,4.17,19.467,0.03999999999999948,-4.629681592564516e-05,0.08699999999999974,-0.0005321473094901759,0.026903225806451613,-0.007415647015202093,0.0,0.0
26,3,1170453,0,200,22.47,0.04,4.07,19.511,0.03999999999999948,-4.283199053535025e-05,0.08699999999999974,-0.0004923217302913837,0.026258064516129033,-0.007415647015202093,0.0,0.0
26,3,1170496,0,200,22.47,0.04,4.07,19.554,0.03999999999999948,-3.852619881607744e-05,0.09800000000000253,-0.0003931244777150658,0.026258064516129033,0.0,0.0,0.0
26,3,1170551,0,200,22.36,0.04,4.07,19.609,0.03999999999999948,-3.465509647194587e-05,0.0990000000000002,-0.000350051479514604,0.026258064516129033,0.0,0.0,0.0
26,3,1170595,0,200,22.36,0.04,4.07,19.653,0.03999999999999948,-3.2201209509237215e-05,0.08699999999999974,-0.0003701288449337622,0.026258064516129033,0.0,0.0,0.0
26,3,1170638,0,200,22.25,0.04,4.07,19.696,0.03999999999999948,-3.15756834494465e-05,0.08600000000000207,-0.00036715910987727605,0.026258064516129033,0.0,0.0,0.0
26,3,1170681,0,200,22.14,0.04,4.07,19.739,0.03999999999999948,-3.2602463346737664e-05,0.08699999999999974,-0.00037474095800848,0.026258064516129033,-0.007415647015202093,0.0,0.0
26,3,1170725,0,200,22.14,0.04,3.97,19.783,0.03999999999999948,-3.4735030499761786e-05,0.08699999999999974,-0.0003992532241351941,0.025612903225806453,-0.007415647015202093,0.0,0.006425358749196752
26,3,1170768,0,200,22.03,0.04,3.97,19.826,0.040559006211179596,-3.733711256259209e-05,0.08599999999999852,-0.00043415247165805505,0.025612903225806453,0.0,0.0,0.00288892098801102
26,3,1170811,0,200,21.92,0.04,3.97,19.869,0.040248447204968424,-3.985972348013656e-05,0.08699999999999974,-0.00045815774115099626,0.025612903225806453,0.0,0.0,-0.0067635355254702404
26,3,1170855,0,200,21.92,0.04,3.97,19.913,0.03997057862046369,-4.18796636061014e-05,0.08699999999999974,-0.0004813754437482934,0.025612903225806453,0.0,0.0,-0.0060120315781958585
26,3,1170898,0,200,21.81,0.04,3.97,19.956,0.039725400457665386,-4.308739565964537e-05,0.08899999999999864,-0.0004841280411196183,0.025612903225806453,-0.007249003262051574,0.0,-0.005142313526855733
26,3,1170944,0,200,21.81,0.04,3.87,20.002,0.039512912716573534,-4.33039000806672e-05,0.08999999999999986,-0.00048115444534074743,0.024967741935483873,-0.007168458781362013,0.0,-0.004358722894191953
26,3,1170988,0,200,21.7,0.04,3.87,20.046,0.03933311539718811,-4.250983281044052e-05,0.08699999999999974,-0.0004886187679360994,0.024967741935483873,0.0,0.0,-0.0037575197363723914
26,3,1171031,0,200,21.59,0.04,3.87,20.089,0.03918600849950914,-4.082941886978686e-05,0.08600000000000207,-0.00047476068453239395,0.024967741935483873,0.0,0.0,-0.0030409694610640213
26,3,1171074,0,200,21.59,0.04,3.87,20.132,0.0390715920235366,-3.8475177027418095e-05,0.08699999999999974,-0.00044224341410825527,0.024967741935483873,0.0,0.0,-0.0022545118418234667
26,3,1171118,0,200,21.48,0.04,3.87,20.176,0.038989865969270496,-3.572159770045147e-05,0.08699999999999974,-0.00041059307701668475,0.024967741935483873,-0.007415647015202133,0.0,-0.0015030078945490045
26,3,1171161,0,200,21.48,0.04,3.77,20.219,0.038940830336710835,-3.293038540011262e-05,0.08600000000000207,-0.00038291145814083516,0.02432258064516129,-0.007501875468867071,-0.11627906976743908,-0.0007602423652660053
26,3,1171204,0,200,21.37,0.03,3.77,20.262,0.03892448512585762,-3.054693190087665e-05,0.08699999999999974,-0.0003511141597801924,0.02432258064516129,0.0,0.0,0.0
26,3,1171248,0,200,21.37,0.04,3.77,20.306,0.038940830336710835,-2.897250014155839e-05,0.08699999999999974,-0.00033301724300641925,0.02432258064516129,0.0,0.11494252873563254,0.0007515039472744624
26,3,1171291,0,200,21.26,0.04,3.77,20.349,0.038989865969270496,-2.833529472146834e-05,0.08799999999999741,-0.00032199198547124057,0.02432258064516129,0.0,0.0,0.0014859282593837142
26,3,1171336,0,200,21.15,0.04,3.77,20.394,0.0390715920235366,-2.8319381371280982e-05,0.08899999999999864,-0.00031819529630653276,0.02432258064516129,0.0,0.0,0.002203848654366787
26,3,1171380,0,200,21.15,0.04,3.77,20.438,0.03918600849950914,-2.822369742592379e-05,0.0870000000000033,-0.000324410315240491,0.02432258064516129,0.0,0.0,0.0030060157890977267
26,3,1171423,0,200,21.04,0.04,3.77,20.481,0.03933311539718811,-2.729272354470469e-05,0.08600000000000207,-0.0003173572505198143,0.02432258064516129,-0.007501875468867031,0.0,0.0038012118263301073
26,3,1171466,0,200,20.93,0.04,3.67,20.524,0.039512912716573534,-2.517427287467644e-05,0.08699999999999974,-0.00028935945832961514,0.02367741935483871,-0.007415647015202093,0.0,0.0045090236836468536
26,3,1171510,0,200,20.93,0.04,3.67,20.568,0.039725400457665386,-2.224224905911809e-05,0.08699999999999974,-0.0002556580351622777,0.02367741935483871,0.0,0.0,0.005260527630921316
26,3,1171553,0,200,20.82,0.04,3.67,20.611,0.03997057862046369,-1.9567316963789773e-05,0.08599999999999852,-0.0002275269414394199,0.02367741935483871,0.0,0.0,0.006081938922128455
26,3,1171596,0,200,20.71,0.04,3.67,20.654,0.040248447204968424,-1.8513640027976842e-05,0.08699999999999974,-0.00021280046009168846,0.02367741935483871,0.0,0.0,0.0067635355254702404
26,3,1171640,0,200,20.71,0.04,3.67,20.698,0.040559006211179596,-2.0150048980521972e-05,0.08699999999999974,-0.00023160975839680496,0.02367741935483871,0.0,0.0,-0.002855714999643037
26,3,1171683,0,200,20.71,0.04,3.67,20.741,0.03999999999999948,-2.475122143671582e-05,0.08899999999999864,-0.00027810361164849664,0.02367741935483871,0.0,0.0,-0.006280968664945218
26,3,1171729,0,200,20.6,0.04,3.67,20.787,0.03999999999999948,-3.1604505864127664e-05,0.08899999999999864,-0.00035510680746211404,0.02367741935483871,0.0,0.0,0.0
26,3,1171772,0,200,20.49,0.04,3.67,20.83,0.03999999999999948,-3.919271429183535e-05,0.08600000000000207,-0.00045572923595156285,0.02367741935483871,-0.007501875468867031,0.0,0.0
26,3,1171815,0,200,20.49,0.04,3.57,20.873,0.03999999999999948,-4.566216283323099e-05,0.08600000000000207,-0.0005309553817817429,0.02303225806451613,-0.007501875468867031,0.0,0.0
26,3,1171858,0,200,20.38,0.04,3.57,20.916,0.03999999999999948,-4.9377171850656154e-05,0.08699999999999974,-0.000567553699432831,0.02303225806451613,0.0,0.0,0.0
26,3,1171902,0,200,20.38,0.04,3.57,20.96,0.03999999999999948,-4.9367308000960006e-05,0.08699999999999974,-0.0005674403218501167,0.02303225806451613,0.0,0.0,0.0
26,3,1171945,0,200,20.27,0.04,3.57,21.003,0.03999999999999948,-4.557150097810947e-05,0.08599999999999852,-0.0005299011741640726,0.02303225806451613,-0.007501875468867341,0.0,0.006500072223024714
26,3,1171988,0,200,20.16,0.04,3.47,21.046,0.040559006211179596,-3.8865047764365727e-05,0.08699999999999974,-0.0004467246869467338,0.022387096774193548,-0.007415647015202093,0.0,0.002855714999643037
26,3,1172032,0,200,20.16,0.04,3.47,21.09,0.040248447204968424,-3.086316107601039e-05,0.08699999999999974,-0.00035474897788517794,0.022387096774193548,0.0,0.0,-0.0067635355254702404
26,3,1172075,0,200,20.05,0.04,3.47,21.133,0.03997057862046369,-2.3502885134210948e-05,0.08899999999999864,-0.000264077361058554,0.022387096774193548,0.0,0.0,-0.005876929744978047
26,3,1172121,0,200,20.05,0.04,3.47,21.179,0.039725400457665386,-1.8488960490321114e-05,0.08900000000000219,-0.0002077411291047265,0.022387096774193548,0.0,0.0,-0.005142313526855527
26,3,1172164,0,200,19.94,0.04,3.47,21.222,0.039512912716573534,-1.6791059281614284e-05,0.08600000000000207,-0.00019524487536760324,0.022387096774193548,0.0,0.0,-0.004561454191596113
26,3,1172207,0,200,19.83,0.04,3.47,21.265,0.03933311539718811,-1.8391694274950245e-05,0.08699999999999974,-0.00021139878476954366,0.022387096774193548,0.0,0.0,-0.0037575197363723914
26,3,1172251,0,200,19.83,0.04,3.47,21.309,0.03918600849950914,-2.2385687713130763e-05,0.08699999999999974,-0.00025730675532334283,0.022387096774193548,0.0,0.0,-0.0030060157890978495
26,3,1172294,0,200,19.72,0.04,3.47,21.352,0.0390715920235366,-2.7382236691482653e-05,0.08599999999999852,-0.00031839810106375725,0.022387096774193548,-0.007501875468867341,0.0,-0.0022807270957981907
26,3,1172337,0,200,19.72,0.04,3.37,21.395,0.038989865969270496,-3.202511642611627e-05,0.08699999999999974,-0.0003681047865070847,0.021741935483870968,-0.007415647015202093,0.0,-0.0015030078945490045
26,3,1172381,0,200,19.72,0.04,3.37,21.439,0.038940830336710835,-3.5390656334793655e-05,0.08699999999999974,-0.00040678915327349146,0.021741935483870968,0.0,-0.11494252873563254,-0.0007515039472744624
26,3,1172424,0,200,19.61,0.03,3.37,21.482,0.03892448512585762,-3.710354424268702e-05,0.08599999999999852,-0.00043143656096148445,0.021741935483870968,0.0,0.0,0.0
26,3,1172467,0,200,19.61,0.04,3.37,21.525,0.038940830336710835,-3.719874313217364e-05,0.08900000000000219,-0.00041796340597946883,0.021741935483870968,0.0,0.11235955056179502,0.000734616218122207
26,3,1172513,0,200,19.39,0.04,3.37,21.571,0.038989865969270496,-3.591389285639712e-05,0.08900000000000219,-0.000403526886026924,0.021741935483870968,0.0,0.0,0.001469232436244492
26,3,1172556,0,200,19.39,0.04,3.37,21.614,0.0390715920235366,-3.35907258186392e-05,0.08599999999999852,-0.0003905898351004626,0.021741935483870968,-0.007501875468867341,0.0,0.0022807270957981907
26,3,1172599,0,200,19.39,0.04,3.27,21.657,0.03918600849950914,-3.071041931871843e-05,0.08699999999999974,-0.00035299332550251173,0.021096774193548388,-0.007415647015202093,0.0,0.009431374538294682
26,3,1172643,0,200,19.28,0.04,3.27,21.701,0.03989212160836823,-2.7931661482877514e-05,0.08699999999999974,-0.00032105358026296085,0.021096774193548388,0.0,0.0,0.01303859348521218
26,3,1172686,0,200,19.17,0.04,3.27,21.744,0.04032036613272259,-2.5985480102143743e-05,0.08599999999999852,-0.00030215674537376964,0.021096774193548388,0.0,0.0,0.0006081938922128294
26,3,1172729,0,200,19.17,0.04,3.27,21.787,0.039944426283098536,-2.5418583416489947e-05,0.08699999999999974,-0.0002921676254768968,0.021096774193548388,0.0,0.0,-0.0010896807235480303
26,3,1172773,0,200,19.17,0.04,3.27,21.831,0.040225563909773915,-2.633397128481807e-05,0.08699999999999974,-0.00030268932511285225,0.021096774193548388,0.0,0.0,0.0040205461179184734
26,3,1172816,0,200,19.06,0.04,3.27,21.874,0.04029421379535744,-2.8312731532198044e-05,0.08800000000000097,-0.0003217355855931561,0.021096774193548388,0.0,0.0,-0.0004829266842995634
26,3,1172861,0,200,18.95,0.04,3.27,21.919,0.04018306636155555,-3.0592018511436336e-05,0.08900000000000219,-0.0003437305450723099,0.021096774193548388,-0.007249003262051285,0.0,-0.01428828544247722
26,3,1172905,0,200,18.95,0.04,3.17,21.963,0.03902255639097694,-3.240609515349435e-05,0.08699999999999974,-0.00037248385233901664,0.020451612903225808,-0.007415647015202093,0.0,-0.021943915260414778
26,3,1172948,0,200,18.84,0.04,3.17,22.006,0.03827394573389947,-3.328781407292558e-05,0.08699999999999974,-0.0003826185525623641,0.020451612903225808,0.0,0.0,-0.02494993104951255
26,3,1172992,0,200,18.73,0.04,3.17,22.05,0.03685191238966935,-3.3163797491206015e-05,0.08800000000000097,-0.00037686133512733694,0.020451612903225808,0.0,0.0,-0.029718565187671978
26,3,1173036,0,200,18.84,0.04,3.17,22.094,0.03565871199738431,-3.2238739992545896e-05,0.08699999999999974,-0.0003705602297993792,0.020451612903225808,0.0,-0.11494252873563254,-0.018374271510860983
26,3,1173079,0,200,18.73,0.03,3.17,22.137,0.03525335076822445,-3.081461976499478e-05,0.08599999999999852,-0.00035830953215110824,0.020451612903225808,0.0,-0.11627906976744389,-0.010377308285881622
26,3,1173122,0,200,18.62,0.03,3.17,22.18,0.034766263484798506,-2.9197278905379598e-05,0.08699999999999974,-0.00033560090695838716,0.020451612903225808,-0.006674082313681888,0.11494252873563254,-0.018186395524042307
26,3,1173166,0,200,18.62,0.04,3.08,22.224,0.033671134357632776,-2.7713239904618713e-05,0.08699999999999974,-0.00031854298740941145,0.019870967741935485,-0.006674082313681888,0.0,-0.015368255721763055
26,3,1173209,0,200,18.51,0.03,3.08,22.267,0.033429225237005124,-2.6726633734805106e-05,0.08899999999999864,-0.000300299255447253,0.019870967741935485,0.0,-0.1123595505617995,-0.011900782733580384
26,3,1173255,0,200,18.51,0.03,3.08,22.313,0.03261196469434414,-2.6540076031199345e-05,0.08900000000000219,-0.0002982031014741426,0.019870967741935485,0.0,0.0,-0.014692324362444375
26,3,1173298,0,200,18.4,0.03,3.08,22.356,0.03212160836874754,-2.7191054097998712e-05,0.08600000000000207,-0.00031617504765114017,0.019870967741935485,0.0,0.0,-0.007602423652660215
26,3,1173341,0,200,18.4,0.03,3.08,22.399,0.031958156260215344,-2.829298687002879e-05,0.08699999999999974,-0.0003252067456325158,0.019870967741935485,0.0,0.0,0.006425358749196752
26,3,1173385,0,200,18.29,0.03,3.08,22.443,0.03268061457992766,-2.908806034959399e-05,0.08699999999999974,-0.000334345521259702,0.019870967741935485,0.0,0.11494252873563254,0.01037075447238774
26,3,1173428,0,200,18.29,0.04,3.08,22.486,0.032860411899313074,-2.8757827588276276e-05,0.08599999999999852,-0.0003343933440497299,0.019870967741935485,-0.007501875468867381,0.11627906976744389,0.008362666017926564
26,3,1173471,0,200,18.18,0.04,2.98,22.529,0.03339980385746933,-2.685963354656451e-05,0.08699999999999974,-0.000308731420075455,0.0192258064516129,-0.007415647015202133,-0.11494252873563254,0.01653308684003849
26,3,1173515,0,200,18.18,0.03,2.98,22.573,0.03429879045439642,-2.36411715948619e-05,0.08699999999999974,-0.0002717376045386433,0.0192258064516129,0.0,-0.11494252873563254,0.014428875787669916
26,3,1173558,0,200,18.07,0.03,2.98,22.616,0.03465511605099661,-2.0025748178400082e-05,0.08599999999999852,-0.0002328575369581445,0.0192258064516129,0.0,0.11627906976744389,0.014596653413108146
26,3,1173601,0,200,18.07,0.04,2.98,22.659,0.0355541026479237,-1.7246883814957757e-05,0.08899999999999864,-0.0001937852114040227,0.0192258064516129,0.0,0.0,0.026299260608776607
26,3,1173647,0,200,17.96,0.03,2.98,22.705,0.03699575024517769,-1.631108107579049e-05,0.08900000000000219,-0.0001832705738852819,0.0192258064516129,0.0,0.0,0.016161556798688866
26,3,1173690,0,200,17.85,0.04,2.98,22.748,0.03699248120300704,-1.754838430716088e-05,0.08600000000000207,-0.00020405098031581927,0.0192258064516129,0.0,0.11627906976743908,0.006233987395181324
26,3,1173733,0,200,17.85,0.04,2.98,22.791,0.0375318731611633,-2.0452977979348753e-05,0.08699999999999974,-0.00023509170091205533,0.0192258064516129,0.0,0.0,0.008266543420019165
26,3,1173777,0,200,17.85,0.04,2.98,22.835,0.03771167048054871,-2.388510551666201e-05,0.08699999999999974,-0.0002745414427202538,0.0192258064516129,0.0,-0.11494252873563254,-0.006425358749196832
26,3,1173820,0,200,17.73,0.03,2.98,22.878,0.036972866949983176,-2.6556923279947407e-05,0.08599999999999852,-0.00030880143348776585,0.0192258064516129,-0.007501875468867341,0.0,-0.0177516592289623
26,3,1173863,0,200,17.73,0.04,2.88,22.921,0.036185027786857976,-2.759273296686571e-05,0.08699999999999974,-0.00031715785019385964,0.01858064516129032,-0.007415647015202093,0.11494252873563254,-0.00867987059102014
26,3,1173907,0,200,17.62,0.04,2.88,22.965,0.036217718208564426,-2.6895403009871364e-05,0.08699999999999974,-0.00030914256333185565,0.01858064516129032,0.0,0.0,0.0037575197363723914
26,3,1173950,0,200,17.51,0.04,2.88,23.008,0.03651193200392237,-2.513228860224004e-05,0.08599999999999852,-0.0002922359139795404,0.01858064516129032,0.0,0.0,0.005891878330811885
26,3,1173993,0,200,17.51,0.04,2.88,23.051,0.03672441974501424,-2.3359129181286688e-05,0.08900000000000219,-0.0002624621256324282,0.01858064516129032,0.0,-0.11235955056179502,7.796510004389953e-17
26,3,1174039,0,200,17.4,0.03,2.88,23.097,0.03651193200392238,-2.2497592026510472e-05,0.08900000000000219,-0.00025278193288213395,0.01858064516129032,0.0,-0.11235955056179502,0.0005876929744977656
26,3,1174082,0,200,17.4,0.03,2.88,23.14,0.03677672441974454,-2.2940586205284053e-05,0.08699999999999974,-0.00026368489891131174,0.01858064516129032,0.0,0.11494252873563254,-0.011272559209117175
26,3,1174126,0,200,17.29,0.04,2.88,23.184,0.03553121935272919,-2.446540225058369e-05,0.08699999999999974,-0.0002812115201216524,0.01858064516129032,0.0,0.0,-0.0127755671036661
26,3,1174169,0,200,17.29,0.03,2.88,23.227,0.035665250081725594,-2.6462386156197227e-05,0.08599999999999852,-0.0003077021646069498,0.01858064516129032,-0.007501875468867341,-0.11627906976744389,-0.003953260299383471
26,3,1174212,0,200,17.18,0.03,2.78,23.27,0.035191238966982216,-2.8318784697656695e-05,0.08699999999999974,-0.00032550327238685953,0.01793548387096774,-0.007415647015202093,0.11494252873563254,-0.0010896807235479505
26,3,1174256,0,200,17.18,0.04,2.78,23.314,0.03557044785877692,-2.971351584634352e-05,0.08699999999999974,-0.00034153466490050125,0.01793548387096774,0.0,0.11494252873563254,-0.0018411846708224129
26,3,1174299,0,200,17.18,0.04,2.78,23.357,0.03503105590062067,-3.064591296845398e-05,0.08699999999999974,-0.0003522518732006215,0.01793548387096774,0.0,0.0,-0.012587691116847504
26,3,1174343,0,200,17.07,0.04,2.78,23.401,0.03447531873161119,-3.121619756432992e-05,0.08699999999999974,-0.00035880686855551736,0.01793548387096774,0.0,0.0,-0.002592688618096955
26,3,1174386,0,200,17.07,0.04,2.78,23.444,0.03480549199084623,-3.135693107035209e-05,0.08899999999999864,-0.0003523250682062087,0.01793548387096774,0.0,-0.1123595505617995,0.007603277857565321
26,3,1174432,0,200,16.96,0.03,2.78,23.49,0.035152010460934496,-3.0744806509856115e-05,0.08999999999999986,-0.000341608961220624,0.01793548387096774,0.0,-0.11111111111111131,0.008245250808179727
26,3,1174476,0,200,16.85,0.03,2.78,23.534,0.03554756456358241,-2.8987416407053602e-05,0.0870000000000033,-0.0003331886943339368,0.01793548387096774,-0.00741564701520179,0.0,-0.006763535525470044
26,3,1174519,0,200,16.85,0.03,2.68,23.577,0.03456358287021858,-2.5977478338029324e-05,0.08699999999999974,-0.0002985917050348207,0.01729032258064516,-0.007415647015202093,0.11494252873563254,-0.022056640852505808
26,3,1174563,0,200,16.85,0.04,2.68,23.621,0.03362863680941441,-2.216923188490094e-05,0.08699999999999974,-0.0002548187572977127,0.01729032258064516,0.0,0.0,-0.0045090236836468536
26,3,1174606,0,200,16.74,0.03,2.68,23.664,0.034171297809741305,-1.8558282155546558e-05,0.08600000000000207,-0.00021579397855286175,0.01729032258064516,0.0,0.0,-0.0038012118263301073
26,3,1174649,0,200,16.74,0.04,2.68,23.707,0.03330173259235001,-1.632795836600387e-05,0.08699999999999974,-0.00018767768236786113,0.01729032258064516,0.0,0.0,-0.01337677026148567
26,3,1174693,0,200,16.63,0.03,2.68,23.751,0.033007518796992055,-1.6328954543422647e-05,0.08699999999999974,-0.0001876891326830195,0.01729032258064516,0.0,-0.11494252873563254,-0.00015030078945489246
26,3,1174736,0,200,16.63,0.03,2.68,23.794,0.033288656423667434,-1.8647696766260326e-05,0.08699999999999974,-0.0002143413421409239,0.01729032258064516,0.0,0.11494252873563254,0.0006012031578195698
26,3,1174780,0,200,16.63,0.04,2.68,23.838,0.03305982347172236,-2.2469725291857312e-05,0.08899999999999864,-0.0002524688235040186,0.01729032258064516,0.0,0.0,-0.0007346162181222363
26,3,1174825,0,200,16.52,0.03,2.68,23.883,0.033223275580254556,-2.6318224307381843e-05,0.08999999999999986,-0.0002924247145264654,0.01729032258064516,0.0,-0.11111111111111131,0.014202172096908779
26,3,1174870,0,200,16.52,0.03,2.68,23.928,0.034338018960444146,-2.8597978112566924e-05,0.08800000000000097,-0.00032497702400643877,0.01729032258064516,-0.007331378299120149,0.0,0.009658533685993398
26,3,1174913,0,200,16.41,0.03,2.58,23.971,0.034073226544621985,-2.823495482874616e-05,0.08699999999999974,-0.0003245397106752442,0.01664516129032258,-0.007415647015202093,0.11494252873563254,-0.005523554012467398
26,3,1174957,0,200,16.41,0.04,2.58,24.015,0.033857469761359484,-2.513003848851447e-05,0.08699999999999974,-0.00028885101710936255,0.01664516129032258,0.0,0.11494252873563254,-0.004772050065192935
26,3,1175000,0,200,16.3,0.04,2.58,24.058,0.0336580581889502,-2.021270422451016e-05,0.08599999999999852,-0.0002350314444710524,0.01664516129032258,0.0,-0.11627906976744389,0.005663805621232114
26,3,1175043,0,200,16.3,0.03,2.58,24.101,0.03434455704478544,-1.507615133165885e-05,0.08699999999999974,-0.00017328909576619418,0.01664516129032258,0.0,0.0,0.0091683481567486
26,3,1175087,0,200,16.3,0.04,2.58,24.145,0.034455704478587326,-1.1374912861676468e-05,0.08699999999999974,-0.00013074612484685635,0.01664516129032258,0.0,0.0,0.01878759868186188
26,3,1175130,0,200,16.19,0.03,2.58,24.188,0.035979078130107416,-1.02450309067188e-05,0.08699999999999974,-0.0001177589759392969,0.01664516129032258,0.0,-0.11494252873563254,0.024461453483784167
26,3,1175174,0,200,16.08,0.03,2.58,24.232,0.03658385093167654,-1.1956038561717452e-05,0.09600000000000009,-0.00012454206835122334,0.01664516129032258,0.0,0.10416666666666659,0.0030306745123678354
26,3,1175226,0,200,16.08,0.04,2.58,24.284,0.03627002288329473,-1.589456530511546e-05,0.09600000000000009,-0.00016556838859495257,0.01664516129032258,0.0,0.10416666666666659,0.008172605426609964
26,3,1175270,0,200,15.97,0.04,2.58,24.328,0.0373684210526311,-2.086623961382683e-05,0.08699999999999974,-0.00023984183464168841,0.01664516129032258,0.0,-0.11494252873563254,0.014691902169215919
26,3,1175313,0,200,15.97,0.03,2.58,24.371,0.03754821837201651,-2.5596825110549838e-05,0.08699999999999974,-0.00029421638058103346,0.01664516129032258,-0.007415647015202093,0.0,-0.006425358749196832
26,3,1175357,0,200,15.97,0.04,2.48,24.415,0.03680941484145098,-2.922419588785674e-05,0.08699999999999974,-0.00033591029756157274,0.016,-0.007415647015202093,0.11494252873563254,-0.017547617168858956
26,3,1175400,0,200,15.86,0.04,2.48,24.458,0.036021575678325785,-3.154855358795583e-05,0.08699999999999974,-0.00036262705273512553,0.016,0.0,0.0,-0.00867987059102022
26,3,1175444,0,200,15.86,0.04,2.48,24.502,0.03605426610003222,-3.291115595170258e-05,0.0870000000000033,-0.0003782891488701302,0.016,0.0,0.0,0.010182878485568729
26,3,1175487,0,200,15.75,0.04,2.48,24.545,0.0369074861065703,-3.37810115156576e-05,0.08699999999999974,-0.0003882874886857207,0.016,0.0,0.0,0.0022545118418234667
26,3,1175531,0,200,15.75,0.04,2.48,24.589,0.03625040863027086,-3.430926080365193e-05,0.08699999999999974,-0.0003943593195822072,0.016,0.0,-0.11494252873563254,0.0007515039472744624
26,3,1175574,0,200,15.64,0.03,2.48,24.632,0.036972866949983176,-3.412957598236943e-05,0.08900000000000219,-0.0003834783818243662,0.016,0.0,-0.11235955056179502,-0.000734616218122207
26,3,1175620,0,200,15.64,0.03,2.48,24.678,0.03618502778685798,-3.2530406821324134e-05,0.08999999999999986,-0.00036144896468137986,0.016,-0.007168458781362033,0.11111111111111131,-0.018415604227961003
26,3,1175664,0,200,15.64,0.04,2.38,24.722,0.03531546256946669,-2.890088196070195e-05,0.08699999999999974,-0.00033219404552531075,0.015354838709677418,-0.007415647015202113,0.0,-0.0045090236836468536
26,3,1175707,0,200,15.53,0.03,2.38,24.765,0.03579274272638071,-2.3189643249332815e-05,0.08599999999999852,-0.0002696470145271304,0.015354838709677418,0.0,-0.11627906976744389,0.010149235576301771
26,3,1175750,0,200,15.42,0.03,2.38,24.808,0.036188296829028625,-1.6116436038299932e-05,0.08699999999999974,-0.00018524639124482736,0.015354838709677418,0.0,0.11494252873563254,-0.0018411846708224927
26,3,1175794,0,200,15.42,0.04,2.38,24.852,0.03563255966001915,-9.034442177043633e-06,0.08699999999999974,-0.00010384416295452482,0.015354838709677418,0.0,0.11494252873563254,-0.013339195064121886
26,3,1175837,0,200,15.42,0.04,2.38,24.895,0.035027786858450025,-3.5303112799645044e-06,0.08599999999999852,-4.105013116237866e-05,0.015354838709677418,0.0,0.0,-0.004143320890699961
26,3,1175880,0,200,15.31,0.04,2.38,24.938,0.03527623406341896,-9.407479339884617e-07,0.08699999999999974,-1.0813194643545569e-05,0.015354838709677418,0.0,-0.11494252873563254,0.005523554012467398
26,3,1175924,0,200,15.31,0.03,2.38,24.982,0.03550833605753469,-1.9463476989156624e-06,0.08699999999999974,-2.2371812631214578e-05,0.015354838709677418,0.0,0.0,0.005523554012467318
26,3,1175967,0,200,15.31,0.04,2.38,25.025,0.035756783262503616,-6.343541165671151e-06,0.12199999999999989,-5.199623906287834e-05,0.015354838709677418,0.0,0.0,0.004474836413914211
26,3,1176046,0,200,15.2,0.03,2.38,25.104,0.03605426610003222,-1.3045818799882535e-05,0.12300000000000111,-0.00010606356747871885,0.015354838709677418,0.0,0.0,-0.0018338529249953288
26,3,1176090,0,200,15.09,0.04,2.38,25.148,0.03553121935272919,-2.0329389509824214e-05,0.08699999999999974,-0.0002336711437910836,0.015354838709677418,0.0,0.11494252873563254,-0.015030078945489406
26,3,1176133,0,200,15.09,0.04,2.38,25.191,0.034746649231774646,-2.6295546212301346e-05,0.08600000000000207,-0.0003057621652593106,0.015354838709677418,0.0,-0.11627906976743908,-0.010795441586777437
26,3,1176176,0,200,14.98,0.03,2.38,25.234,0.03460281137626631,-2.9453428296607243e-05,0.08699999999999974,-0.000338545152834567,0.015354838709677418,-0.007415647015202093,-0.11494252873563254,-0.012362239932665204
26,3,1176220,0,200,14.98,0.03,2.28,25.278,0.033671134357632776,-2.924103312188775e-05,0.08699999999999974,-0.0003361038289872165,0.014709677419354838,-0.007415647015202093,0.0,-0.024048126312783195
26,3,1176263,0,200,14.98,0.03,2.28,25.321,0.032510624387054175,-2.6258796338660685e-05,0.08600000000000207,-0.0003053348411472099,0.014709677419354838,0.0,0.11627906976743908,-0.0256581798277281
26,3,1176306,0,200,14.87,0.04,2.28,25.364,0.031464530892448106,-2.2066860538227927e-05,0.08699999999999974,-0.0002536420751520459,0.014709677419354838,0.0,0.0,-0.01878759868186196
26,3,1176350,0,200,14.87,0.03,2.28,25.408,0.03087610330173219,-1.8591198266231678e-05,0.08699999999999974,-0.0002136919340946176,0.014709677419354838,0.0,-0.11494252873563254,-0.0018411846708224927
26,3,1176393,0,200,14.76,0.03,2.28,25.451,0.03130434782608655,-1.737511382030732e-05,0.08799999999999741,-0.00019744447523077082,0.014709677419354838,0.0,0.0,0.001151594401022337
26,3,1176438,0,200,14.76,0.03,2.28,25.496,0.030977443609022152,-1.8977844673807364e-05,0.08899999999999864,-0.00021323420981806353,0.014709677419354838,0.0,0.0,0.0005876929744977891
26,3,1176482,0,200,14.76,0.03,2.28,25.54,0.03135665250081685,-2.2748671870814087e-05,0.08699999999999974,-0.00026147898702085236,0.014709677419354838,0.0,0.0,-0.006012031578195779
26,3,1176525,0,200,14.76,0.03,2.28,25.583,0.03045439686171912,-2.705988873298315e-05,0.08600000000000207,-0.0003146498689881686,0.014709677419354838,0.0,0.0,-0.002280727095798016
26,3,1176568,0,200,14.65,0.03,2.28,25.626,0.031160509970578218,-2.991985771059191e-05,0.0870000000000033,-0.00034390641046656064,0.014709677419354838,-0.0074156470152017704,0.0,0.01829912111613275
26,3,1176612,0,200,14.65,0.03,2.18,25.67,0.03204642039882273,-2.9739779928458e-05,0.08699999999999974,-0.0003418365509018171,0.01406451612903226,-0.007415647015202073,0.0,0.012437390327392531
26,3,1176655,0,200,14.43,0.03,2.18,25.713,0.032242562929061365,-2.595010726481517e-05,0.08599999999999852,-0.0003017454333118095,0.01406451612903226,0.0,0.0,0.0030409694610642273
26,3,1176698,0,200,14.54,0.03,2.18,25.756,0.03230794377247425,-1.922282497681449e-05,0.08699999999999974,-0.0002209520112277534,0.01406451612903226,0.0,0.11494252873563254,0.0
26,3,1176742,0,200,14.43,0.04,2.18,25.8,0.032242562929061365,-1.1243513353091927e-05,0.08699999999999974,-0.00012923578566772367,0.01406451612903226,0.0,0.11494252873563254,0.000939379934093058
26,3,1176785,0,200,14.43,0.04,2.18,25.843,0.032389669826740346,-4.170495996991264e-06,0.08399999999999963,-4.964876186894383e-05,0.01406451612903226,0.0,-0.1190476190476196,-0.0006226746991702697
26,3,1176826,0,200,14.43,0.03,2.18,25.884,0.03219025825433106,1.0219576167536104e-09,0.08500000000000085,1.2023030785336473e-08,0.01406451612903226,0.0,-0.11764705882352826,0.003999769244081992
26,3,1176870,0,200,14.32,0.03,2.18,25.928,0.03272965021248732,-1.3244987801641628e-08,0.08699999999999974,-1.522412390993295e-07,0.01406451612903226,0.0,0.0,0.010521055261842712
26,3,1176913,0,200,14.32,0.03,2.18,25.971,0.033105590062111376,-4.436748022817128e-06,0.08599999999999852,-5.159009328857214e-05,0.01406451612903226,0.0,0.11627906976744389,0.0003421090643696963
26,3,1176956,0,200,14.21,0.04,2.18,26.014,0.03275907159202311,-1.2335025695640045e-05,0.08699999999999974,-0.00014178190454758715,0.01406451612903226,0.0,0.0,0.00015030078945481271
26,3,1177000,0,200,14.21,0.03,2.18,26.058,0.033118666230793944,-2.1793943235795865e-05,0.08699999999999974,-0.000250505094664321,0.01406451612903226,0.0,-0.11494252873563254,-0.00041332717100097424
26,3,1177043,0,200,14.1,0.03,2.18,26.101,0.03272311212814603,-3.0361531463232617e-05,0.08599999999999852,-0.0003530410635259667,0.01406451612903226,0.0,0.0,-0.0013684362574788661
26,3,1177086,0,200,14.1,0.03,2.18,26.144,0.033000980712650764,-3.568048859832595e-05,0.08800000000000097,-0.000405460097708245,0.01406451612903226,-0.007331378299120169,0.0,0.003714820648459017
26,3,1177131,0,200,14.1,0.03,2.08,26.189,0.033050016345210424,-3.615140206655143e-05,0.08800000000000097,-0.0004108113871198981,0.013419354838709678,-0.007331378299120169,0.0,-0.007838271568248458
26,3,1177174,0,200,14.1,0.03,2.08,26.232,0.03231121281464489,-3.1408025855108156e-05,0.08899999999999864,-0.000352899166911333,0.013419354838709678,0.0,0.1123595505617995,0.0007346162181222363
26,3,1177220,0,200,13.99,0.04,2.08,26.278,0.0331153971886233,-2.2432286787584577e-05,0.08900000000000219,-0.0002520481661526295,0.013419354838709678,0.0,0.11235955056179502,0.019357137347520485
26,3,1177263,0,200,13.99,0.04,2.08,26.321,0.03403399803857426,-1.1289922313605594e-05,0.08600000000000207,-0.0001312781664372712,0.013419354838709678,0.0,-0.11627906976743908,0.014012649050703771
26,3,1177306,0,200,13.88,0.03,2.08,26.364,0.034320485006983856,-6.196299355161194e-07,0.08699999999999974,-7.122183166851968e-06,0.013419354838709678,0.0,-0.11494252873563254,0.005619579516846375
26,3,1177350,0,200,13.88,0.03,2.08,26.408,0.03452290145653989,6.946601973073729e-06,0.08699999999999974,7.984599969050287e-05,0.013419354838709678,0.0,0.11494252873563254,0.003458436347255039
26,3,1177393,0,200,13.88,0.04,2.08,26.451,0.03462136896919504,9.30907361743305e-06,0.08599999999999852,0.00010824504206317687,0.013419354838709678,0.0,0.0,0.0008500891902520118
26,3,1177436,0,200,13.77,0.03,2.08,26.494,0.03459600912690156,5.319371424228336e-06,0.08699999999999974,6.114220027848681e-05,0.013419354838709678,0.0,0.0,-0.002234775374521365
26,3,1177480,0,200,13.77,0.04,2.08,26.538,0.034426943511611685,-4.932897342879272e-06,0.08699999999999974,-5.669996945838261e-05,0.013419354838709678,0.0,0.0,-0.005766843926711457
26,3,1177523,0,200,13.77,0.03,2.08,26.581,0.03409429370527767,-2.0009170147696765e-05,0.08599999999999852,-0.00023266476915926871,0.013419354838709678,0.0,-0.11627906976744389,-0.009869328159999387
26,3,1177566,0,200,13.66,0.03,2.08,26.624,0.03357818128985175,-3.7259448681305594e-05,0.08900000000000219,-0.00041864549080117616,0.013419354838709678,0.0,0.11235955056179502,-0.01388276244934218
26,3,1177612,0,200,13.66,0.04,2.08,26.67,0.03285872784728618,-5.3277059412919495e-05,0.08900000000000219,-0.0005986186450889683,0.013419354838709678,0.0,0.0,-0.01867557674515179
26,3,1177655,0,200,13.66,0.03,2.08,26.713,0.0319160549595332,-6.466318097364354e-05,0.08699999999999974,-0.0007432549537200429,0.013419354838709678,-0.007415647015202113,-0.11494252873563254,-0.02446486941081754
26,3,1177699,0,200,13.55,0.03,1.98,26.757,0.030730284208545063,0.0,0.0,0.0,0.012774193548387096,0.0,0.0,0.0
