MS,MPT,t (ms),PWMi,PWMe,Pressure (Psi),LW raw(V),Displacement (mm),t_rel(s),LW (V),delta d (m),delta t (s),vel (m/s),strain,strain rate (1/s),dv/dt raw,dv/dt
27,3,1287532,0,195,13.33,0.03,1.98,0.0,-0.02608225108225102,0.0,0.0,0.0,0.0,0.0,0.0,0.0
27,3,1287573,255,0,13.22,0.03,1.98,0.041,0.02043666478449087,0.0024563254882654746,0.083,0.029594282991150293,0.012774193548387096,0.0,0.0,1.1384734754644585
27,3,1287615,255,0,16.3,0.03,1.98,0.083,0.06841104738129905,0.002888085862095003,0.08399999999999999,0.03438197454875004,0.012774193548387096,0.16052227342549927,0.35714285714285715,1.152996205300879
27,3,1287657,255,0,31.83,0.06,4.07,0.125,0.1172883460297647,0.0034477423262776075,0.084,0.04104455150330485,0.026258064516129033,0.41935483870967744,1.0714285714285714,1.1679162222640478
27,3,1287699,255,0,45.71,0.12,7.44,0.167,0.16651601005147906,0.0039574179205755155,0.08299999999999999,0.04767973398283754,0.048,0.5239020598523126,1.6867469879518076,1.183772804075525
27,3,1287740,255,0,55.07,0.2,10.81,0.208,0.21554148876803328,0.004258636375830696,0.08299999999999999,0.0513088719979602,0.06974193548387098,0.4624951418577537,1.9277108433734946,1.1722436319221627
27,3,1287782,255,0,61.46,0.28,13.39,0.25,0.26381223150101857,0.004258126234349476,0.08399999999999999,0.0506919789803509,0.08638709677419355,0.34331797235023037,1.666666666666667,1.1337404619522957
27,3,1287824,255,0,65.97,0.34,15.28,0.292,0.3107756875720261,0.003947062863615285,0.08600000000000002,0.045896079809480045,0.09858064516129032,0.2535633908477118,1.27906976744186,1.0705473814142854
27,3,1287868,255,0,69.6,0.39,16.77,0.336,0.35587930630264714,0.003391628665385671,0.08500000000000002,0.039901513710419646,0.10819354838709677,0.1882352941176472,1.058823529411764,1.0328805816758433
27,3,1287909,255,0,72.25,0.43,17.76,0.377,0.3985705370144728,0.002703538103700655,0.08299999999999996,0.032572748237357306,0.11458064516129034,0.1383598911776139,0.8433734939759041,0.9929822015233938
27,3,1287951,255,0,74.45,0.46,18.55,0.419,0.4382968290290888,0.002003956564519541,0.08300000000000002,0.02414405499421133,0.11967741935483872,0.1080450835600463,0.72289156626506,0.9364928584138802
27,3,1287992,255,0,76.32,0.49,19.15,0.46,0.4762994442628249,0.0013929158682475418,0.08300000000000002,0.016782118894548694,0.12354838709677418,0.10027205596579855,0.6024096385542166,0.8304154834440624
27,3,1288034,255,0,77.97,0.51,19.84,0.502,0.507221314154946,0.0009313582954509129,0.08300000000000002,0.011221184282541118,0.128,0.08472600077730273,0.4819277108433738,0.6486094754959598
27,3,1288075,255,0,79.52,0.53,20.24,0.543,0.5301340307289896,0.0006372351703724348,0.08299999999999996,0.0076775321731618685,0.1305806451612903,0.062184220753983666,0.3614457831325306,0.4661732907438791
27,3,1288117,255,0,80.84,0.54,20.64,0.585,0.5459136972866879,0.0004927631632364573,0.08299999999999996,0.005936905581162139,0.13316129032258064,0.06140691799455904,0.24096385542168708,0.31843621626092056
27,3,1288158,255,0,82.16,0.55,21.03,0.626,0.556564236678646,0.0004578802230367067,0.08300000000000007,0.0055166291932133285,0.1356774193548387,0.05363389040031072,0.24096385542168675,0.22288565835752022
27,3,1288200,255,0,83.26,0.56,21.33,0.668,0.5644132069303621,0.000484917324613015,0.08599999999999997,0.005638573542011804,0.13761290322580644,0.04501125281320337,0.23255813953488272,0.16056318754418555
27,3,1288244,255,0,84.36,0.57,21.63,0.712,0.5703726708074459,0.0005307439410445482,0.08499999999999996,0.006244046365229982,0.1395483870967742,0.04554079696394694,0.11764705882352826,0.12737726669614993
27,3,1288285,255,0,85.35,0.57,21.93,0.753,0.5752402745995349,0.0005643749971555607,0.08300000000000007,0.006799698760910363,0.14148387096774193,0.04586086280606281,0.12048192771084337,0.10783900558100257
27,3,1288327,255,0,86.23,0.58,22.22,0.795,0.5793233082706691,0.000569666445478191,0.08299999999999996,0.006863451150339654,0.1433548387096774,0.03808783521181529,0.12048192771084354,0.09046975742131512
27,3,1288368,255,0,87.12,0.58,22.42,0.836,0.582749264465504,0.0005439355390717254,0.08299999999999996,0.006553440229779827,0.1446451612903226,0.038865137971239916,0.0,0.07361252791486247
27,3,1288410,255,0,87.89,0.58,22.72,0.878,0.5854331480876027,0.0004940060083053339,0.08300000000000007,0.005951879618136548,0.14658064516129032,0.03109211037699162,0.12048192771084337,0.062623819895468
27,3,1288451,255,0,88.66,0.59,22.82,0.919,0.5879470415168279,0.0004313339752672647,0.08299999999999996,0.005196794882738131,0.1472258064516129,0.02331908278274375,0.12048192771084354,0.0557312611019426
27,3,1288493,255,0,89.43,0.59,23.02,0.961,0.590058842759064,0.00036762134549974236,0.08399999999999985,0.004376444589282655,0.14851612903225805,0.03072196620583704,0.0,0.05016423045190569
27,3,1288535,255,0,89.98,0.59,23.22,1.003,0.5921608368747879,0.00031180701647468825,0.08300000000000007,0.0037567110418637107,0.1498064516129032,0.02331908278274405,0.0,0.045175799635284695
27,3,1288576,255,0,90.64,0.59,23.32,1.044,0.5938084341287926,0.00026871682693744247,0.08500000000000019,0.0031613744345581397,0.1504516129032258,0.022011385199241295,0.0,0.035151818164336136
27,3,1288620,255,0,91.19,0.59,23.51,1.088,0.5951487414187565,0.00023914542438833308,0.08399999999999985,0.0028469693379563512,0.15167741935483872,0.02227342549923202,0.11904761904761936,0.030394308753247615
27,3,1288660,255,0,91.74,0.6,23.61,1.128,0.5963615560640654,0.0002208708176072669,0.08199999999999985,0.0026935465561861867,0.1523225806451613,0.01573564122737995,0.12195121951219545,0.023800221657005096
27,3,1288702,255,0,92.18,0.6,23.71,1.17,0.5971003595946309,0.00021006592896164378,0.08300000000000018,0.002530914806766787,0.15296774193548388,0.01554605518849579,0.0,0.021386625285056696
27,3,1288743,255,0,92.73,0.6,23.81,1.211,0.5981366459627251,0.00020267132868126225,0.08299999999999996,0.0024418232371236424,0.15361290322580645,0.023319082782744083,0.0,0.0206382903303306
27,3,1288785,255,0,93.17,0.6,24.01,1.253,0.5988133376920484,0.00019542835428159222,0.08399999999999985,0.002326528027161816,0.15490322580645163,0.01536098310291885,0.0,0.014749606936595333
27,3,1288827,255,0,93.61,0.6,24.01,1.295,0.5993756129453991,0.00018641209410350968,0.08300000000000018,0.0022459288446205934,0.15490322580645163,0.007773027594247561,0.0,0.010988708019394356
27,3,1288868,255,0,93.83,0.6,24.11,1.336,0.5997254004576581,0.00017506446651988127,0.08299999999999996,0.0021092104399985704,0.15554838709677418,0.015546055188495831,0.0,0.015557489848247024
27,3,1288910,255,0,94.16,0.6,24.21,1.378,0.6006668846028036,0.0001618725884687855,0.08499999999999996,0.0019043833937504185,0.1561935483870968,0.015180265654648872,0.0,0.021767974924522156
27,3,1288953,255,0,94.6,0.6,24.31,1.421,0.6015756783262425,0.000147889414709244,0.08500000000000019,0.0017398754671675727,0.15683870967741934,0.007590132827324089,0.0,0.026806145799279913
27,3,1288995,255,0,94.82,0.6,24.31,1.463,0.6029454069957424,0.00013425458281570357,0.08299999999999996,0.001617525094165104,0.15683870967741934,0.0077730275942482505,0.0,0.020559518229833533
27,3,1289036,255,0,95.04,0.6,24.41,1.504,0.6032821183393187,0.00012181778695259737,0.08299999999999996,0.0014676841801517762,0.15748387096774194,0.015546055188496166,0.0,0.005750363336312661
27,3,1289078,255,0,95.26,0.6,24.51,1.546,0.6034226871526563,0.00011092363351428603,0.08400000000000007,0.001320519446598642,0.15812903225806452,0.0076804915514592405,0.11904761904761904,0.0109746415728764
27,3,1289120,255,0,95.37,0.61,24.51,1.588,0.6042039882314403,0.00010137784591003652,0.08299999999999996,0.0012214198302414043,0.15812903225806452,0.0,0.0,0.019417322772620708
27,3,1289161,255,0,95.59,0.6,24.51,1.629,0.6050343249427839,9.259276087457736e-05,0.08299999999999996,0.0011155754322238242,0.15812903225806452,0.007773027594247916,0.0,0.020205043777594058
27,3,1289203,255,0,95.7,0.61,24.61,1.671,0.6058810068649806,8.388461617107267e-05,0.08299999999999996,0.0010106580261575026,0.1587741935483871,0.015546055188495831,0.12048192771084354,0.020205043777595393
27,3,1289244,255,0,95.82,0.61,24.71,1.712,0.6067113435763243,7.481838187223388e-05,0.08299999999999996,0.0009014262876172761,0.15941935483870967,0.007773027594247916,0.0,0.019417322772620708
27,3,1289286,255,0,95.93,0.61,24.71,1.754,0.6074926446551081,6.54249590971645e-05,0.08099999999999996,0.0008077155444094386,0.15941935483870967,0.0,0.0,0.01828242102841494
27,3,1289325,255,0,96.04,0.61,24.71,1.793,0.6081922196796259,5.617660937679858e-05,0.08099999999999996,0.000693538387367884,0.15941935483870967,0.0,0.0,0.015860908309421426
27,3,1289367,255,0,96.04,0.61,24.71,1.835,0.6087773782281712,4.777575748170548e-05,0.08299999999999996,0.0005756115359241626,0.15941935483870967,0.006995724834823291,-0.12048192771084354,0.012327833727851217
27,3,1289408,255,0,96.15,0.6,24.8,1.876,0.6092154298790375,4.090974095995392e-05,0.08299999999999996,0.0004928884453006499,0.16,0.006995724834823291,0.0,0.00838922870297779
27,3,1289450,255,0,96.15,0.61,24.8,1.918,0.6094736842105184,3.606955366862508e-05,0.08300000000000018,0.0004345729357665662,0.16,0.0,0.1204819277108432,0.003662902673131006
27,3,1289491,255,0,96.15,0.61,24.8,1.959,0.6095194508009074,3.344235310266441e-05,0.08299999999999996,0.0004029199168995714,0.16,0.0,0.0,-0.0018511443616904435
27,3,1289533,255,0,96.15,0.61,24.8,2.001,0.6093200392284981,3.287825377202935e-05,0.08400000000000007,0.00039140778300034905,0.16,0.0,0.0,0.002685284640172166
27,3,1289575,255,0,96.26,0.61,24.8,2.043,0.6097450147106819,3.395198196038862e-05,0.08300000000000018,0.0004090600236191391,0.16,0.007773027594247895,0.0,0.00015754420099547167
27,3,1289616,255,0,96.15,0.61,24.9,2.084,0.6093331153971807,3.609441551266102e-05,0.08299999999999974,0.0004348724760561582,0.16064516129032258,0.0077730275942479365,0.0,-0.002796409567659271
27,3,1289658,255,0,96.26,0.61,24.9,2.126,0.6095129127165662,3.869166606326857e-05,0.08499999999999996,0.00045519607133257163,0.16064516129032258,0.0,0.0,0.004615118358556262
27,3,1289701,255,0,96.26,0.61,24.9,2.169,0.609725400457658,4.1062865368360236e-05,0.08499999999999996,0.00048309253374541474,0.16064516129032258,0.0,0.0,0.005384304751647883
27,3,1289743,255,0,96.26,0.61,24.9,2.211,0.6099705786204562,4.2357601103212515e-05,0.08299999999999974,0.0005103325434122006,0.16064516129032258,0.0,0.0,0.006301768039794824
27,3,1289784,255,0,96.26,0.61,24.9,2.252,0.610248447204961,4.1530518498941404e-05,0.08300000000000018,0.000500367692758329,0.16064516129032258,0.007773027594247895,0.0,0.007089489044770811
27,3,1289826,255,0,96.26,0.61,25.0,2.294,0.6105590062111722,3.752861416643683e-05,0.08400000000000007,0.0004467692162671047,0.16129032258064516,0.0,0.0,-0.002957704821057857
27,3,1289868,255,0,96.26,0.61,24.9,2.336,0.6099999999999921,2.969382481585825e-05,0.08299999999999974,0.00035775692549226923,0.16064516129032258,0.0,0.0,-0.00673501459253137
27,3,1289909,255,0,96.26,0.61,25.0,2.377,0.6099999999999921,1.8254699413795094e-05,0.08300000000000018,0.00021993613751560305,0.16129032258064516,0.007773027594247895,0.0,0.0
27,3,1289951,255,0,96.26,0.61,25.0,2.419,0.6099999999999921,4.712818941481345e-06,0.08300000000000018,5.678095110218476e-05,0.16129032258064516,0.0,0.0,0.0
27,3,1289992,255,0,96.26,0.61,25.0,2.46,0.6099999999999921,-8.08113957916845e-06,0.08299999999999974,-9.736312745986116e-05,0.16129032258064516,0.0,0.0,0.0
27,3,1290034,255,0,96.26,0.61,25.0,2.502,0.6099999999999921,-1.631100712620892e-05,0.08599999999999985,-0.00018966287356056918,0.16129032258064516,0.0,0.0,0.0
27,3,1290078,255,0,96.26,0.61,25.0,2.546,0.6099999999999921,-1.6064463098160785e-05,0.08500000000000041,-0.00018899368350777304,0.16129032258064516,0.0,0.0,0.0
27,3,1290119,255,0,96.26,0.61,25.0,2.587,0.6099999999999921,-4.567484148040535e-06,0.08300000000000018,-5.5029929494464156e-05,0.16129032258064516,0.0,0.0,0.006735014592531334
27,3,1290161,255,0,96.26,0.61,25.0,2.629,0.6105590062111722,1.8465328674942328e-05,0.08299999999999974,0.00022247383945713718,0.16129032258064516,0.0,0.0,0.009728354411434647
27,3,1290202,255,0,96.26,0.61,25.0,2.67,0.6108074534161412,4.971523726203841e-05,0.08300000000000018,0.0005989787621932326,0.16129032258064516,0.0,0.0,0.009373879959195117
27,3,1290244,255,0,96.26,0.61,25.0,2.712,0.6113370382477854,8.1783889204182e-05,0.08300000000000018,0.000985348062700986,0.16129032258064516,0.0,0.0,0.006065451738302251
27,3,1290285,255,0,96.26,0.61,25.0,2.753,0.6113108859104203,0.0001037162007987682,0.08299999999999974,0.0012495927807080545,0.16129032258064516,0.007773027594248271,0.0,0.00019693025124400626
27,3,1290327,255,0,96.26,0.61,25.1,2.795,0.6113533834586387,0.0001026866890889977,0.08400000000000007,0.0012224605843928287,0.16193548387096776,0.007680491551459571,0.0,-0.007744516570930209
27,3,1290369,255,0,96.26,0.61,25.1,2.837,0.6106603465184621,6.670078739098528e-05,0.08199999999999985,0.0008134242364754318,0.16193548387096776,0.0,0.0,-0.017860132834737447
27,3,1290409,255,0,96.26,0.61,25.1,2.877,0.6098888525661902,-1.217747227393673e-05,0.08499999999999996,-0.00014326437969337336,0.16193548387096776,0.0,0.0,-0.021575678326249903
27,3,1290454,255,0,96.15,0.61,25.1,2.922,0.6088264138607309,-0.00013484392388406262,0.08700000000000019,-0.0015499301595869232,0.16193548387096776,0.0,0.0,-0.029834706706797717
27,3,1290496,0,195,96.15,0.61,25.1,2.964,0.6072932330826988,-0.0002933696579729848,0.08199999999999985,-0.0035776787557681134,0.16193548387096776,0.0,0.0,-0.044929396662387086
27,3,1290536,0,195,94.38,0.61,25.1,3.004,0.6051422033344152,-0.00047131721370539384,0.08199999999999985,-0.005747770898846277,0.16193548387096776,-0.02360346184107026,-0.12195121951219545,-0.061394206619410564
27,3,1290578,0,195,89.87,0.6,24.8,3.046,0.6022589081399071,-0.0006465805819353712,0.08300000000000018,-0.007790127493197226,0.16,-0.06917994558880677,-0.1204819277108432,-0.07928411915067919
27,3,1290619,0,195,85.9,0.6,24.21,3.087,0.5985616214449088,-0.0007962253833748747,0.08300000000000018,-0.009593076908131,0.1561935483870968,-0.08472600077730257,-0.1204819277108432,-0.10622417752080318
27,3,1290661,0,195,82.49,0.59,23.71,3.129,0.5934423014056804,-0.000901823498834375,0.08299999999999974,-0.010865343359450335,0.15296774193548388,-0.07695297318305541,-0.12048192771084386,-0.13021028212227717
27,3,1290702,0,195,79.74,0.59,23.22,3.17,0.5877541680287598,-0.0009534414957252259,0.08300000000000018,-0.011487246936448479,0.1498064516129032,-0.07695297318305466,-0.1204819277108432,-0.14411355786007568
27,3,1290744,0,195,77.31,0.58,22.72,3.212,0.5814808761032941,-0.0009510440814291776,0.08400000000000007,-0.011321953350347342,0.14658064516129032,-0.0691244239631335,-0.11904761904761904,-0.1561356808169467
27,3,1290786,0,195,75.33,0.58,22.32,3.254,0.5746387708401363,-0.000903199416332967,0.08499999999999996,-0.010625875486270205,0.144,-0.05996204933586353,-0.11764705882352956,-0.17368228756033036
27,3,1290829,0,195,73.57,0.57,21.93,3.297,0.5667178816606661,-0.0008239281641224174,0.08499999999999996,-0.009693272519087267,0.14148387096774193,-0.0599620493358632,-0.23529411764705782,-0.1878737765128892
27,3,1290871,0,195,72.14,0.56,21.53,3.339,0.5586694998365407,-0.0007289267380083366,0.08299999999999974,-0.008782249855522156,0.13890322580645162,-0.054411193159735895,-0.24096385542168638,-0.20122333072072324
27,3,1290912,0,195,70.82,0.55,21.23,3.38,0.5500163452108461,-0.0006322551465341064,0.08300000000000018,-0.0076175318859530725,0.13696774193548386,-0.04586086280606275,-0.2409638554216864,-0.20394096818788435
27,3,1290954,0,195,69.71,0.54,20.94,3.422,0.5417423994769462,-0.0005441672086125316,0.08300000000000018,-0.006556231429066631,0.1350967741935484,-0.03808783521181485,-0.2409638554216864,-0.1934248927714764
27,3,1290995,0,195,68.83,0.53,20.74,3.463,0.5339620791108135,-0.0004703097405894319,0.08299999999999974,-0.005666382416740161,0.13380645161290322,-0.03886513797124002,-0.24096385542168772,-0.1973634977963482
27,3,1291037,0,195,67.95,0.52,20.44,3.505,0.5253612291598494,-0.00041213383313831644,0.08400000000000007,-0.004906355156408524,0.1318709677419355,-0.03840245775729653,-0.11904761904761904,-0.19579227572035396
27,3,1291079,0,195,67.18,0.52,20.24,3.547,0.5175155279503038,-0.0003680847244344818,0.08300000000000018,-0.004434755716078084,0.1305806451612903,-0.031092110376991916,-0.1204819277108432,-0.1957880557863991
27,3,1291120,0,195,66.52,0.51,20.04,3.588,0.5091108205295782,-0.0003350320892047272,0.08499999999999996,-0.003941553990643851,0.12929032258064516,-0.022770398481973306,-0.23529411764705913,-0.1923735169124821
27,3,1291164,0,195,65.97,0.5,19.94,3.632,0.5011637790127428,-0.00030951112761916025,0.08499999999999996,-0.003641307383754828,0.12864516129032258,-0.022770398481973632,-0.23529411764705913,-0.18025883122127404
27,3,1291205,0,195,65.42,0.49,19.74,3.673,0.49378881987576995,-0.00028857656546166054,0.08299999999999974,-0.0034768260898995354,0.1273548387096774,-0.022541780023319184,-0.12048192771084386,-0.16270377357747265
27,3,1291247,0,195,64.98,0.49,19.65,3.715,0.4876593658058126,-0.0002702565117660249,0.08299999999999974,-0.0032561025513979007,0.1267741935483871,-0.02254178002331885,-0.12048192771084386,-0.1485247954879323
27,3,1291288,0,195,64.54,0.48,19.45,3.756,0.4814612618502716,-0.0002536519151690726,0.08300000000000018,-0.0030560471707117114,0.12548387096774194,-0.023319082782743687,-0.1204819277108432,-0.14880049783967392
27,3,1291330,0,195,64.1,0.48,19.35,3.798,0.47530892448511963,-0.0002387260821577506,0.08400000000000007,-0.0028419771685446477,0.12483870967741936,-0.015360983102918646,-0.11904761904761904,-0.1449664534005805
27,3,1291372,0,195,63.77,0.47,19.25,3.84,0.46928407976462283,-0.00022586340358974865,0.08299999999999974,-0.0027212458263825225,0.12419354838709677,-0.015546055188496208,-0.24096385542168705,-0.14305013450335935
27,3,1291413,0,195,63.55,0.46,19.15,3.881,0.46343576332134084,-0.00021535421970873258,0.08300000000000018,-0.0025946291531172543,0.12354838709677418,-0.01554605518849579,-0.12048192771084254,-0.13186449623272223
27,3,1291455,0,195,63.11,0.46,19.05,3.923,0.45833932657730686,-0.00020700644841597439,0.08300000000000018,-0.00249405359537318,0.12290322580645162,-0.01554605518849579,-0.1204819277108432,-0.12442053273571463
27,3,1291496,0,195,62.89,0.45,18.95,3.964,0.4531088591042765,-0.000200032595307853,0.08499999999999996,-0.002353324650680625,0.12225806451612903,-0.015180265654648872,-0.11764705882352956,-0.11422417937426584
27,3,1291540,0,195,62.56,0.45,18.85,4.008,0.44863027133049427,-0.00019323652245749657,0.08500000000000041,-0.0022733708524411253,0.12161290322580647,-0.015180265654648792,0.0,-0.10330173259234782
27,3,1291581,0,195,62.45,0.45,18.75,4.049,0.4443282118339269,-0.00018540115430298697,0.11399999999999988,-0.001626325914938484,0.12096774193548387,-0.011318619128466514,-0.08771929824561421,-0.06945280822192616
27,3,1291654,0,195,62.01,0.44,18.65,4.122,0.4407126511931947,-0.00017570840190446902,0.11399999999999988,-0.001541301771091835,0.12032258064516128,-0.01131861912846627,-0.17543859649122842,-0.06575362892356658
27,3,1291695,0,195,61.79,0.43,18.55,4.163,0.4368322981366403,-0.0001640207653931718,0.08300000000000018,-0.001976153799917728,0.11967741935483872,-0.01554605518849579,-0.1204819277108432,-0.08680685474818386
27,3,1291737,0,195,61.68,0.43,18.45,4.205,0.4335076822490954,-0.00015091882537110734,0.08300000000000018,-0.0018182991008567108,0.11903225806451613,-0.007773027594248062,0.0,-0.08113526351236895
27,3,1291778,0,195,61.35,0.43,18.45,4.246,0.4300980712651137,-0.00013750158736220187,0.08300000000000018,-0.0016566456308698984,0.11903225806451613,-0.006995724834823273,0.0,-0.066956285422828
27,3,1291820,0,195,61.24,0.43,18.36,4.288,0.4279503105590007,-0.00012506010318244875,0.08199999999999985,-0.0015251232095420608,0.1184516129032258,-0.014948859166010952,0.0,-0.055812915108555364
27,3,1291860,0,195,61.01,0.43,18.26,4.328,0.42552141222621215,-0.00011475792579072674,0.08199999999999985,-0.001399486899886914,0.11780645161290323,-0.007867820613689805,-0.12195121951219545,-0.05724810435420518
27,3,1291902,0,195,60.9,0.42,18.26,4.37,0.42325596600195586,-0.00010739236446255873,0.08699999999999974,-0.0012343949938225178,0.11780645161290323,-0.007415647015202213,-0.11494252873563263,-0.057940954334861884
27,3,1291947,0,195,60.68,0.42,18.16,4.415,0.4204805491990792,-0.00010324791875590478,0.08499999999999996,-0.001214681397128292,0.11716129032258064,-0.007590132827324599,0.0,-0.06899601946041527
27,3,1291987,0,195,60.46,0.42,18.16,4.455,0.41739130434782057,-0.00010204320397418342,0.08199999999999985,-0.0012444293167583366,0.11716129032258064,-0.007867820613690143,0.0,-0.0635469904878846
27,3,1292029,0,195,60.24,0.42,18.06,4.497,0.41526969597907265,-0.00010298582745753393,0.08300000000000018,-0.0012407931018979964,0.11651612903225805,-0.007773027594248062,-0.1204819277108432,-0.047972209202943226
27,3,1292070,0,195,60.13,0.41,18.06,4.538,0.4134096109839763,-0.0001049418672552811,0.08300000000000018,-0.001264359846449167,0.11651612903225805,-0.007773027594247728,-0.1204819277108432,-0.050177828016870464
27,3,1292112,0,195,60.02,0.41,17.96,4.58,0.4111049362536724,-0.00010669784333035893,0.08300000000000018,-0.0012855161847031167,0.11587096774193549,-0.007773027594247728,0.0,-0.056322051855672454
27,3,1292153,0,195,59.8,0.41,17.96,4.621,0.40873488067995545,-0.00010725997376552599,0.08300000000000018,-0.001292288840548503,0.11587096774193549,-0.007773027594248062,0.0,-0.06006372662930254
27,3,1292195,0,195,59.69,0.41,17.86,4.663,0.40611964694344027,-0.0001061036180521704,0.0829999999999993,-0.0012783568440020638,0.1152258064516129,-0.015546055188495956,-0.12048192771084383,-0.06400233165417396
27,3,1292236,0,195,59.58,0.4,17.76,4.704,0.40342268715265905,-0.00010327070571069186,0.08300000000000018,-0.0012442253700083328,0.11458064516129034,-0.007773027594247728,-0.12048192771084254,-0.06400233165417328
27,3,1292278,0,195,59.36,0.4,17.76,4.746,0.4008074534161439,-9.925637404525389e-05,0.08499999999999996,-0.0011677220475912228,0.11458064516129034,0.0,-0.11764705882352956,-0.05865046247331845
27,3,1292321,0,195,59.25,0.39,17.76,4.789,0.398437397842427,-9.474188800725259e-05,0.08499999999999996,-0.0011146104471441486,0.11458064516129034,-0.007590132827324599,0.0,-0.05499682710612802
27,3,1292363,0,195,59.14,0.4,17.66,4.831,0.396132723112123,-9.033616379256771e-05,0.08400000000000052,-0.001075430521340085,0.11393548387096775,-0.0076804915514593645,0.11904761904761842,-0.05623530876881478
27,3,1292405,0,195,59.03,0.4,17.66,4.873,0.3937136319058465,-8.646898602518504e-05,0.0829999999999993,-0.0010417950123516359,0.11393548387096775,-0.0077730275942481455,-0.1204819277108445,-0.057700563614379106
27,3,1292446,0,195,58.81,0.39,17.56,4.914,0.3913435763321296,-8.344414138474221e-05,0.08300000000000018,-0.0010053511010209883,0.11329032258064516,-0.007773027594248062,-0.1204819277108432,-0.05454967959448109
27,3,1292488,0,195,58.7,0.39,17.56,4.956,0.3891860084995046,-8.154008480880037e-05,0.08300000000000018,-0.0009824106603469902,0.11329032258064516,-0.007773027594247728,0.0,-0.0583307404183577
27,3,1292529,0,195,58.59,0.39,17.46,4.997,0.3865021248774059,-8.103348926757193e-05,0.0829999999999993,-0.0009763070996093086,0.11264516129032259,-0.007773027594247812,-0.1204819277108445,-0.06270259199596699
27,3,1292571,0,195,58.48,0.38,17.46,5.039,0.38398169336383936,-8.210284512426824e-05,0.08300000000000018,-0.0009891909051116634,0.11264516129032259,0.0,-0.1204819277108432,-0.05045353036861287
27,3,1292612,0,195,58.37,0.38,17.46,5.08,0.382314481856811,-8.46754923382349e-05,0.08300000000000018,-0.0010201866546775268,0.11264516129032259,-0.007773027594248062,0.0,-0.038795259494990776
27,3,1292654,0,195,58.15,0.38,17.36,5.122,0.3807616868257551,-8.833637180335074e-05,0.08499999999999996,-0.0010392514329805973,0.112,-0.007590132827324599,0.0,-0.043882083725938284
27,3,1292697,0,195,58.04,0.38,17.36,5.165,0.37858450474010624,-9.237765181569913e-05,0.08499999999999996,-0.0010867959037141079,0.112,-0.007590132827324436,0.0,-0.04388208372593763
27,3,1292739,0,195,57.93,0.38,17.26,5.207,0.3770317097090504,-9.597194021997523e-05,0.08399999999999963,-0.001142523097856853,0.11135483870967743,-0.00768049155145928,-0.11904761904761968,-0.05572938557574063
27,3,1292781,0,195,57.82,0.37,17.26,5.249,0.37390323635174405,-9.838467765386482e-05,0.08300000000000018,-0.0011853575620947544,0.11135483870967743,-0.007773027594248062,-0.1204819277108432,-0.0579762659661209
27,3,1292822,0,195,57.71,0.37,17.16,5.29,0.3722196796338624,-9.914476352573587e-05,0.08300000000000018,-0.0011945152232016342,0.11070967741935483,-0.007773027594248062,0.0,-0.03879525949499144
27,3,1292864,0,195,57.49,0.37,17.16,5.332,0.37068322981365975,-9.813586186214351e-05,0.08300000000000018,-0.001182359781471606,0.11070967741935483,-0.006995724834823106,0.0,-0.04415176232881675
27,3,1292905,0,195,57.38,0.37,17.07,5.373,0.3685550833605706,-9.560978161052702e-05,0.08300000000000018,-0.0011519250796449012,0.11012903225806452,-0.006995724834823106,0.0,-0.0500990559163754
27,3,1292947,0,195,57.27,0.37,17.07,5.415,0.3665250081726006,-9.21387635841775e-05,0.08300000000000018,-0.0011101055853515336,0.11012903225806452,-0.007773027594248062,0.0,-0.03942543629897132
27,3,1292988,0,195,57.16,0.37,16.97,5.456,0.36528277214775595,-8.851645992427493e-05,0.08300000000000018,-0.0010664633725816232,0.10948387096774193,-0.007773027594248062,-0.1204819277108432,-0.040213157303945334
27,3,1293030,0,195,57.05,0.36,16.97,5.498,0.3631873161163731,-8.560263153609071e-05,0.08499999999999996,-0.0010070897827775382,0.10948387096774193,-0.007590132827324272,-0.11764705882352956,-0.05122781377997359
27,3,1293073,0,195,56.94,0.36,16.87,5.541,0.3609284079764582,-8.410956122660451e-05,0.08499999999999996,-0.0009895242497247594,0.10883870967741936,-0.007590132827324272,0.0,-0.053535372959251065
27,3,1293115,0,195,56.72,0.36,16.87,5.583,0.3586368094148368,-8.436664608703382e-05,0.08399999999999963,-0.0010043648343694546,0.10883870967741936,0.0,-0.11904761904761968,-0.05339435545385137
27,3,1293157,0,195,56.61,0.35,16.87,5.625,0.3564432821183347,-8.615573945211707e-05,0.08300000000000018,-0.0010380209572544202,0.10883870967741936,-0.007773027594248062,0.0,-0.050099055916374736
27,3,1293198,0,195,56.5,0.36,16.77,5.666,0.35447858777377766,-8.872607989080094e-05,0.08300000000000018,-0.0010689889143469969,0.10819354838709677,-0.007773027594248062,0.0,-0.04714510214772134
27,3,1293240,0,195,56.39,0.35,16.77,5.708,0.3525302386400738,-9.103014649560493e-05,0.0829999999999993,-0.0010967487529591048,0.10819354838709677,-0.007773027594247812,-0.1204819277108445,-0.04931133491140058
27,3,1293281,0,195,56.17,0.35,16.67,5.749,0.35038574697613145,-9.210550971855014e-05,0.08300000000000018,-0.0011097049363680714,0.10754838709677421,-0.007773027594247728,0.0,-0.05246221893129811
27,3,1293323,0,195,56.06,0.35,16.67,5.791,0.34817587446877607,-9.145018463105715e-05,0.08300000000000018,-0.0011018094533862283,0.10754838709677421,-0.007773027594248062,0.0,-0.052462218931298786
27,3,1293364,0,195,55.95,0.35,16.57,5.832,0.34603138280483364,-8.924408002870266e-05,0.08499999999999996,-0.0010499303532788553,0.10690322580645162,-0.007590132827324599,-0.11764705882352891,-0.04815106820760253
27,3,1293408,0,195,55.84,0.34,16.57,5.876,0.34408303367112986,-8.633067596959876e-05,0.08499999999999996,-0.0010156550114070447,0.10690322580645162,-0.007590132827324599,-0.11764705882352891,-0.03542103340191868
27,3,1293449,0,195,55.73,0.34,16.47,5.917,0.34302059496567056,-8.395315379450353e-05,0.0829999999999993,-0.0010114837806566776,0.10625806451612903,-0.0077730275942481455,0.0,-0.03469911026912426
27,3,1293491,0,195,55.51,0.34,16.47,5.959,0.34120300751879257,-8.332359219411245e-05,0.08400000000000052,-0.00099194752612038,0.10625806451612903,0.0,0.0,-0.04405423496629587
27,3,1293533,0,195,55.4,0.34,16.47,6.001,0.3393200392285017,-8.517685417536924e-05,0.08300000000000018,-0.0010262271587393862,0.10625806451612903,-0.007773027594247728,0.0,-0.03784999428902262
27,3,1293574,0,195,55.29,0.34,16.37,6.042,0.3380614579928037,-8.94804573738277e-05,0.0829999999999993,-0.0010780777996846802,0.10561290322580646,-0.007773027594247812,0.0,-0.04257632031886984
27,3,1293616,0,195,55.18,0.34,16.37,6.084,0.3357862046420355,-9.540576048668469e-05,0.08300000000000018,-0.0011494669938154757,0.10561290322580646,-0.007773027594248062,-0.1204819277108432,-0.04789343710244549
27,3,1293657,0,195,55.07,0.33,16.27,6.125,0.3340863027133007,-0.00010155111137018836,0.08300000000000018,-0.001223507365905881,0.10496774193548387,-0.007773027594248062,-0.1204819277108432,-0.04966580936363819
27,3,1293699,0,195,54.96,0.33,16.27,6.167,0.33166394246485353,-0.00010632550228999804,0.08300000000000018,-0.0012810301480722626,0.10496774193548387,-0.007773027594247895,0.0,-0.05876398697109357
27,3,1293740,0,195,54.85,0.33,16.17,6.208,0.3292088917946999,-0.00010838493854302555,0.08499999999999996,-0.0012751169240355952,0.1043225806451613,-0.007590132827324436,0.0,-0.0500355748706804
27,3,1293784,0,195,54.63,0.33,16.17,6.252,0.3274109186008457,-0.00010702545391940532,0.08499999999999996,-0.001259122987287122,0.1043225806451613,-0.007590132827324599,0.0,-0.04984327827240684
27,3,1293825,0,195,54.52,0.33,16.07,6.293,0.32497221314154534,-0.00010243430144212695,0.08300000000000018,-0.001234148210146105,0.1036774193548387,-0.015546055188495958,-0.1204819277108432,-0.058173196217362895
27,3,1293867,0,195,54.41,0.32,15.97,6.335,0.32258254331480457,-9.56944655470533e-05,0.08199999999999985,-0.0011670056774030911,0.10303225806451613,-0.007867820613689975,-0.12195121951219545,-0.060277948317239385
27,3,1293907,0,195,54.3,0.32,15.97,6.375,0.3200294213795317,-8.848450140270714e-05,0.08199999999999985,-0.0010790792853988696,0.10303225806451613,0.0,0.0,-0.06266993039332105
27,3,1293949,0,195,54.19,0.32,15.97,6.417,0.31744360902255225,-8.254572497899027e-05,0.08399999999999963,-0.0009826872021308408,0.10303225806451613,-0.006912442396313352,-0.11904761904761968,-0.06039944581951848
27,3,1293991,0,195,53.97,0.31,15.88,6.459,0.3149558679306922,-7.912734412783528e-05,0.08300000000000018,-0.0009533414955160856,0.10245161290322581,-0.006995724834823106,-0.1204819277108432,-0.05045353036861287
27,3,1294032,0,195,53.86,0.31,15.88,6.5,0.3132559660019574,-7.864645020238647e-05,0.08300000000000018,-0.0009475475927998349,0.10245161290322581,0.0,0.0,-0.04037070150494014
27,3,1294074,0,195,53.75,0.31,15.88,6.542,0.31160509970578215,-8.068939182308555e-05,0.08300000000000018,-0.0009721613472660887,0.10245161290322581,-0.007773027594248062,0.0,-0.04809036735369083
27,3,1294115,0,195,53.64,0.31,15.78,6.583,0.309264465511601,-8.431190639633712e-05,0.08499999999999996,-0.0009919047811333783,0.10180645161290322,-0.015180265654649035,0.0,-0.05507374574543692
27,3,1294159,0,195,53.53,0.31,15.68,6.627,0.30692383131742,-8.845298507845278e-05,0.08499999999999996,-0.0010406233538641507,0.10116129032258064,-0.007590132827324436,-0.11764705882352956,-0.04695882929830869
27,3,1294200,0,195,53.31,0.3,15.68,6.668,0.3052729650212448,-9.224020960908418e-05,0.08300000000000018,-0.0011113278266154697,0.10116129032258064,0.0,0.0,-0.04037070150494014
27,3,1294242,0,195,53.31,0.31,15.68,6.71,0.30357306309251,-9.507881728918655e-05,0.08399999999999963,-0.0011318906820141305,0.10116129032258064,-0.00768049155145928,0.0,-0.03911175454163345
27,3,1294284,0,195,53.09,0.3,15.58,6.752,0.3019875776397476,-9.659689736018961e-05,0.08300000000000018,-0.0011638180404842096,0.10051612903225807,-0.007773027594247895,-0.1204819277108432,-0.04572720433876678
27,3,1294325,0,195,52.98,0.3,15.58,6.793,0.2997777051323923,-9.659607753480337e-05,0.08300000000000018,-0.0011638081630699175,0.10051612903225807,-0.007773027594247895,0.0,-0.05246221893129811
27,3,1294367,0,195,52.87,0.3,15.48,6.835,0.29763321346844984,-9.50842831008849e-05,0.08300000000000018,-0.0011455937722998156,0.09987096774193549,-0.007773027594247895,0.0,-0.04931133491140072
27,3,1294408,0,195,52.76,0.3,15.48,6.876,0.29568486433474606,-9.235513753890956e-05,0.08300000000000018,-0.0011127125004687874,0.09987096774193549,-0.007773027594247895,-0.1204819277108432,-0.05388011674025201
27,3,1294450,0,195,52.65,0.29,15.38,6.918,0.2931611637790089,-8.90277683456766e-05,0.0829999999999993,-0.001072623715008161,0.09922580645161291,-0.007773027594247978,-0.1204819277108445,-0.053092395735277895
27,3,1294491,0,195,52.54,0.29,15.38,6.959,0.29127819548871803,-8.597578903820136e-05,0.08499999999999996,-0.0010114798710376635,0.09922580645161291,-0.007590132827324599,0.0,-0.045843509028324396
27,3,1294535,0,195,52.31,0.29,15.28,7.003,0.28926446551160134,-8.412434034995008e-05,0.08499999999999996,-0.000989698121764119,0.09858064516129032,-0.007590132827324599,0.0,-0.040805338153567225
27,3,1294576,0,195,52.2,0.29,15.28,7.044,0.2878097417456648,-8.416322462428738e-05,0.08300000000000018,-0.0010140147545094843,0.09858064516129032,0.0,-0.12048192771084254,-0.04395483207757408
27,3,1294618,0,195,52.09,0.28,15.28,7.086,0.2856162144491627,-8.629147047716579e-05,0.08300000000000018,-0.0010396562708092241,0.09858064516129032,-0.007773027594247895,-0.12048192771084254,-0.053446870187516135
27,3,1294659,0,195,51.98,0.28,15.18,7.127,0.28337365152010097,-9.012622993659392e-05,0.0829999999999993,-0.0010858581920071648,0.09793548387096775,-0.007773027594247978,0.0,-0.046317995092497954
27,3,1294701,0,195,51.76,0.28,15.18,7.169,0.2817718208564854,-9.484019893151263e-05,0.08400000000000052,-0.0011290499872799052,0.09793548387096775,-0.0076804915514593645,0.0,-0.045961176232505604
27,3,1294743,0,195,51.76,0.28,15.08,7.211,0.27951291271657047,-9.947249044522444e-05,0.08300000000000018,-0.0011984637403039064,0.09729032258064516,-0.007773027594248062,0.0,-0.05403766094124681
27,3,1294784,0,195,51.65,0.28,15.08,7.252,0.2772866949983619,-0.00010327135686954847,0.0829999999999993,-0.0012442332152957753,0.09729032258064516,-0.007773027594247978,0.0,-0.051674497926324656
27,3,1294826,0,195,51.54,0.28,14.98,7.294,0.27522392938868556,-0.00010591376285700882,0.08300000000000018,-0.0012760694320121516,0.09664516129032258,-0.01554605518849579,0.0,-0.03942543629897132
27,3,1294867,0,195,51.32,0.28,14.88,7.335,0.27401438378554727,-0.00010749285629127848,0.08499999999999996,-0.0012646218387209237,0.096,-0.007590132827324436,-0.11764705882352956,-0.03772859258119747
27,3,1294911,0,195,51.21,0.27,14.88,7.379,0.2720169990192838,-0.00010826564485705248,0.08499999999999996,-0.0012737134689065003,0.096,0.0,-0.11764705882352956,-0.04815106820760253
27,3,1294952,0,195,51.1,0.27,14.88,7.42,0.26992154298790105,-0.0001083000675432082,0.08300000000000018,-0.0013048200908820236,0.096,-0.007773027594248062,-0.1204819277108432,-0.05009905591637406
27,3,1294994,0,195,50.99,0.26,14.78,7.462,0.2678587773782247,-0.00010726306541671704,0.08300000000000018,-0.0012923260893580337,0.09535483870967741,-0.007773027594248062,0.0,-0.04100087830892002
27,3,1295035,0,195,50.88,0.27,14.78,7.503,0.2665184700882607,-0.00010453226412185046,0.08300000000000018,-0.0012594248689379544,0.09535483870967741,-0.007773027594247895,0.0,-0.0433640413238434
27,3,1295077,0,195,50.77,0.26,14.68,7.545,0.2642595619483457,-9.960503844202328e-05,0.08300000000000018,-0.0012000607041207597,0.09470967741935483,-0.014768752429071,-0.1204819277108432,-0.05718854496114487
27,3,1295118,0,195,50.66,0.26,14.59,7.586,0.26177182085648565,-9.257288390471885e-05,0.08300000000000018,-0.0011153359506592608,0.09412903225806452,-0.006995724834823106,0.0,-0.061127149986016954
27,3,1295160,0,195,50.44,0.26,14.59,7.628,0.2591860084995063,-8.436994467818871e-05,0.08399999999999963,-0.0010044041033117747,0.09412903225806452,-0.00768049155145928,0.0,-0.061177789193480235
27,3,1295202,0,195,50.33,0.26,14.49,7.67,0.25663288656423333,-7.661963930565996e-05,0.08300000000000018,-0.0009231281844055396,0.09348387096774194,-0.007773027594247895,0.0,-0.059551707976068256
27,3,1295243,0,195,50.33,0.26,14.49,7.711,0.2542432167374926,-7.111571061686739e-05,0.08499999999999996,-0.0008366554190219696,0.09348387096774194,0.0,-0.11764705882352956,-0.04618964290521641
27,3,1295287,0,195,50.11,0.25,14.49,7.755,0.25270676691728994,-6.916815653987385e-05,0.08499999999999996,-0.0008137430181161633,0.09348387096774194,0.0,-0.11764705882352956,-0.03480568428744487
27,3,1295328,0,195,50.0,0.25,14.49,7.796,0.2512847335730598,-7.112211361059017e-05,0.08300000000000018,-0.0008568929350673496,0.09348387096774194,-0.007773027594247895,0.0,-0.04178859931389437
27,3,1295370,0,195,49.89,0.25,14.39,7.838,0.2492383131742367,-7.627059087251986e-05,0.08399999999999963,-0.0009079832246728594,0.09283870967741936,-0.00768049155145928,0.0,-0.04794595183611143
27,3,1295412,0,195,49.78,0.25,14.39,7.88,0.24725727361882646,-8.317255096692833e-05,0.08399999999999963,-0.0009901494162729606,0.09283870967741936,-0.007680491551459446,-0.11904761904761968,-0.05557371690094748
27,3,1295454,0,195,49.67,0.24,14.29,7.922,0.24457012095455713,-9.019229340600355e-05,0.08300000000000018,-0.001086654137421727,0.09219354838709677,-0.007773027594248062,-0.1204819277108432,-0.047735892901451686
27,3,1295495,0,195,49.56,0.24,14.29,7.963,0.24329519450800596,-9.601493709562625e-05,0.08300000000000107,-0.0011568064710316267,0.09219354838709677,-0.0077730275942478125,0.0,-0.04021315730394524
27,3,1295537,0,195,49.45,0.24,14.19,8.005,0.24123242889832963,-9.996393284375316e-05,0.0829999999999993,-0.0012043847330572772,0.0915483870967742,-0.007773027594247978,0.0,-0.05088677692134929
27,3,1295578,0,195,49.23,0.24,14.19,8.046,0.239071592023534,-0.00010206307043043772,0.08499999999999908,-0.0012007420050639862,0.0915483870967742,-0.007590132827324515,0.0,-0.050458627386881186
27,3,1295622,0,195,49.23,0.24,14.09,8.09,0.23694344557044478,-0.00010287797629628592,0.0860000000000003,-0.0011962555383289019,0.09090322580645162,-0.0075018754688671455,0.0,-0.04759117206565412
27,3,1295664,0,195,49.01,0.24,14.09,8.132,0.23497875122588774,-0.00010322205463879541,0.08300000000000018,-0.0012436392125156047,0.09090322580645162,-0.007773027594248062,-0.12048192771084287,-0.04379728787657928
27,3,1295705,0,195,48.9,0.23,13.99,8.173,0.2333082706766887,-0.00010382688518613215,0.08300000000000018,-0.001250926327543758,0.09025806451612903,-0.007773027594248062,-0.12048192771084287,-0.04600290669050718
27,3,1295747,0,195,48.9,0.23,13.99,8.215,0.23116050997057563,-0.00010506934758208253,0.08300000000000018,-0.0012658957540009916,0.09025806451612903,-0.007773027594247895,0.0,-0.04958703726314112
27,3,1295788,0,195,48.79,0.23,13.89,8.256,0.22919254658384797,-0.00010682654795354374,0.08300000000000018,-0.0012870668428137772,0.08961290322580645,-0.007773027594247895,0.0,-0.037337975635789014
27,3,1295830,0,195,48.57,0.23,13.89,8.298,0.22806145799280514,-0.00010849972165699206,0.08199999999999896,-0.0013231673372804077,0.08961290322580645,-0.00786782061369023,0.0,-0.026790199252107134
27,3,1295870,0,195,48.46,0.23,13.79,8.338,0.2269957502451752,-0.00010921010388910624,0.08200000000000074,-0.001331830535232991,0.08896774193548386,-0.007867820613690058,-0.12195121951219413,-0.03460400736730402
27,3,1295912,0,195,48.35,0.22,13.79,8.38,0.22522392938868618,-0.00010812152611545401,0.08300000000000018,-0.0013026689893428165,0.08896774193548386,-0.007773027594247895,-0.1204819277108432,-0.04328526922334566
27,3,1295953,0,195,48.24,0.22,13.69,8.421,0.2234030728996375,-0.00010478879614849213,0.08499999999999908,-0.001232809366452862,0.08832258064516128,-0.01518026565464903,0.0,-0.042266792300443966
27,3,1295997,0,195,48.13,0.22,13.59,8.465,0.22163125204314849,-9.939147417794558e-05,0.0860000000000003,-0.001155714816022619,0.0876774193548387,-0.0075018754688671455,0.0,-0.03949459087557029
27,3,1296039,0,195,48.02,0.22,13.59,8.507,0.22000653808433845,-9.273933937985212e-05,0.08300000000000018,-0.001117341438311469,0.0876774193548387,0.0,0.0,-0.02946076558604419
27,3,1296080,0,195,47.91,0.22,13.59,8.548,0.2191860084995068,-8.604851523613632e-05,0.08300000000000018,-0.0010367290992305558,0.0876774193548387,-0.007773027594247895,0.0,-0.019377936722372122
27,3,1296122,0,195,47.8,0.22,13.49,8.59,0.21839816933638156,-8.060708553114182e-05,0.08300000000000018,-0.0009711697051944776,0.08703225806451613,-0.007773027594247895,0.0,-0.02788532357609549
27,3,1296163,0,195,47.69,0.22,13.49,8.631,0.21687152664269088,-7.746433086099281e-05,0.08300000000000018,-0.0009333051910962968,0.08703225806451613,-0.007773027594247895,0.0,-0.03777122218852489
27,3,1296205,0,195,47.58,0.22,13.39,8.673,0.215263157894734,-7.719636366532612e-05,0.08300000000000018,-0.0009300766706665777,0.08638709677419355,-0.007773027594247895,-0.1204819277108432,-0.03855894319349957
27,3,1296246,0,195,47.47,0.21,13.39,8.714,0.2136711343576304,-7.974435857604157e-05,0.08300000000000018,-0.0009607754045306192,0.08638709677419355,0.0,-0.1204819277108432,-0.0302484865910182
27,3,1296288,0,195,47.36,0.21,13.39,8.756,0.21275253350767948,-8.435324342135253e-05,0.08300000000000018,-0.0010163041376066548,0.08638709677419355,-0.006995724834823106,0.0,-0.030051556339774865
27,3,1296329,0,195,47.25,0.21,13.3,8.797,0.2111768551814291,-8.96875043899783e-05,0.08499999999999908,-0.0010551471104703444,0.08580645161290323,-0.006831119544592063,0.0,-0.03707478414706828
27,3,1296373,0,195,47.14,0.21,13.3,8.841,0.2096011768551787,-9.417017696795327e-05,0.08599999999999852,-0.0010950020577669174,0.08580645161290323,-0.007501875468867462,0.0,-0.03949459087557111
27,3,1296415,0,195,46.92,0.21,13.2,8.883,0.20778032036613003,-9.648221507559818e-05,0.08300000000000018,-0.0011624363262120235,0.08516129032258064,-0.007773027594248062,0.0,-0.045648432238269046
27,3,1296456,0,195,46.81,0.21,13.2,8.924,0.20581235697940237,-9.605439473721233e-05,0.08300000000000018,-0.0011572818643037605,0.08516129032258064,-0.007773027594247895,-0.12048192771084287,-0.04801159525319242
27,3,1296498,0,195,46.81,0.2,13.1,8.966,0.20379535796011505,-9.334471774380582e-05,0.08300000000000018,-0.0011246351535398266,0.08451612903225807,-0.01554605518849579,-0.12048192771084287,-0.041276580660660755
27,3,1296539,0,195,46.7,0.2,13.0,9.007,0.20238640078456752,-8.973392145559877e-05,0.08300000000000018,-0.0010811315838023924,0.08387096774193549,-0.007773027594247895,0.0,-0.03592007782683478
27,3,1296581,0,195,46.59,0.2,13.0,9.049,0.20081399150048776,-8.700212850801492e-05,0.08300000000000018,-0.0010482184157592136,0.08387096774193549,0.0,0.0,-0.038283240841758166
27,3,1296622,0,195,46.48,0.2,13.0,9.09,0.19920889179470158,-8.656264081611376e-05,0.08300000000000018,-0.0010429233833266695,0.08387096774193549,0.0,0.0,-0.037495519836783814
27,3,1296664,0,195,46.37,0.2,13.0,9.132,0.1977018633540347,-8.881289841587936e-05,0.08399999999999963,-0.0010572964097128542,0.08387096774193549,-0.007680491551459446,-0.11904761904761968,-0.04389856629150484
27,3,1296706,0,195,46.26,0.19,12.9,9.174,0.1955214122262152,-9.294997666761872e-05,0.08500000000000085,-0.0010935291372660917,0.0832258064516129,-0.007590132827324519,0.0,-0.05149702901755551
27,3,1296749,0,195,46.15,0.2,12.9,9.217,0.19332461588754243,-9.73555634123251e-05,0.08500000000000085,-0.0011453595695567545,0.0832258064516129,-0.007590132827324356,0.0,-0.04415129896352061
27,3,1296791,0,195,46.04,0.19,12.8,9.259,0.1917685518143159,-0.0001003477649448552,0.08300000000000018,-0.001209009216203072,0.08258064516129032,-0.015546055188495958,-0.1204819277108432,-0.045805976439263846
27,3,1296832,0,195,45.93,0.19,12.7,9.3,0.18952271984308353,-0.0001009215356272648,0.08300000000000018,-0.0012159221159911394,0.08193548387096773,-0.007773027594248062,0.0,-0.04363974367558414
27,3,1296874,0,195,45.82,0.19,12.7,9.342,0.1881464530892424,-9.913230646200688e-05,0.08299999999999841,-0.0011943651380964912,0.08193548387096773,-0.007773027594248061,0.0,-0.03198147280196339
27,3,1296915,0,195,45.71,0.19,12.6,9.383,0.18686825760052062,-9.597495489413355e-05,0.08300000000000018,-0.0011563247577606425,0.08129032258064516,-0.007773027594247895,-0.1204819277108432,-0.03891341764573771
27,3,1296957,0,195,45.6,0.18,12.6,9.425,0.18491663942464617,-9.28619804323052e-05,0.0840000000000014,-0.0011054997670512337,0.08129032258064516,0.0,-0.11904761904761715,-0.04666168526907195
27,3,1296999,0,195,45.49,0.18,12.6,9.467,0.1829486760379185,-9.098164468574943e-05,0.08299999999999841,-0.0010961643938042311,0.08129032258064516,-0.007773027594248061,0.0,-0.046436153243244724
27,3,1297040,0,195,45.27,0.18,12.5,9.508,0.18106243870545694,-9.083541689303232e-05,0.08300000000000018,-0.0010944026131690617,0.08064516129032258,-0.007773027594247895,0.0,-0.03655025463081433
27,3,1297082,0,195,45.27,0.18,12.5,9.55,0.1799150049035609,-9.212319183197337e-05,0.08500000000000085,-0.0010838022568467347,0.08064516129032258,-0.007590132827324356,0.0,-0.02738303559409972
27,3,1297125,0,195,45.16,0.18,12.4,9.593,0.17873488067995844,-9.395941347459313e-05,0.08499999999999908,-0.00110540486440699,0.08,-0.007590132827324515,0.0,-0.037228621425687065
27,3,1297167,0,195,45.05,0.18,12.4,9.635,0.17675057208237754,-9.527579744218784e-05,0.08300000000000018,-0.0011479011740022605,0.08,-0.007773027594247895,-0.12048192771084287,-0.0387164873944937
27,3,1297208,0,195,44.94,0.17,12.3,9.676,0.17552141222621545,-9.523963841195737e-05,0.08300000000000018,-0.0011474655230356286,0.07935483870967742,-0.007773027594247895,0.0,-0.036550254630813996
27,3,1297250,0,195,44.83,0.18,12.3,9.718,0.17371690094801998,-9.355472175481339e-05,0.08399999999999963,-0.0011137466875573072,0.07935483870967742,-0.007680491551459446,0.0,-0.04199162502529574
27,3,1297292,0,195,44.72,0.17,12.2,9.76,0.17199411572409062,-9.056608035196945e-05,0.08300000000000018,-0.0010911575946020392,0.07870967741935483,-0.007773027594248062,-0.12048192771084287,-0.03934666419847392
27,3,1297333,0,195,44.61,0.17,12.2,9.801,0.17045112781954663,-8.714226950937487e-05,0.08300000000000018,-0.001049906861558731,0.07870967741935483,-0.007773027594247895,0.0,-0.027097602571121142
27,3,1297375,0,195,44.5,0.17,12.1,9.843,0.16974501471068756,-8.436388952451068e-05,0.08300000000000018,-0.001016432403909765,0.07806451612903226,-0.007773027594247895,0.0,-0.02709760257112081
27,3,1297416,0,195,44.39,0.17,12.1,9.884,0.1682020268061436,-8.311097253877974e-05,0.08300000000000018,-0.0010013370185395127,0.07806451612903226,0.0,0.0,-0.03934666419847392
27,3,1297458,0,195,44.28,0.17,12.1,9.926,0.16647924158221422,-8.37009078011537e-05,0.0860000000000003,-0.0009732663697808536,0.07806451612903226,-0.0067516879219804305,-0.11627906976744155,-0.04101507560610282
27,3,1297502,0,195,44.17,0.16,12.01,9.97,0.16467473030401875,-8.573744269606109e-05,0.08499999999999908,-0.0010086757964242591,0.07748387096774194,-0.006831119544592063,-0.1176470588235308,-0.042266792300443966
27,3,1297543,0,195,44.06,0.16,12.01,10.011,0.16288656423667652,-8.825139266455118e-05,0.08300000000000018,-0.0010632697911391684,0.07748387096774194,-0.007773027594247895,0.0,-0.0417098272133963
27,3,1297585,0,195,43.95,0.16,11.91,10.053,0.16121281464530685,-9.007718207240423e-05,0.08300000000000018,-0.001085267253884386,0.07683870967741936,-0.007773027594247895,0.0,-0.031036207595992887
27,3,1297626,0,195,43.84,0.16,11.91,10.094,0.1603105590062091,-9.030475349128686e-05,0.08299999999999841,-0.0010880090782082962,0.07683870967741936,-0.007773027594248229,0.0,-0.03934666419847443
27,3,1297668,0,195,43.72,0.16,11.81,10.136,0.15794704151683353,-8.862852537801302e-05,0.08300000000000018,-0.0010678135587712388,0.07619354838709677,-0.007773027594248062,0.0,-0.0452939577860309
27,3,1297709,0,195,43.61,0.16,11.81,10.177,0.15655116050996853,-8.546798485848051e-05,0.08300000000000018,-0.001029734757331088,0.07619354838709677,-0.007773027594247895,0.0,-0.0316663843999731
27,3,1297751,0,195,43.5,0.16,11.71,10.219,0.15531873161163576,-8.181920599524516e-05,0.08300000000000018,-0.0009857735662077709,0.0755483870967742,-0.007773027594247895,-0.1204819277108432,-0.030681733143754747
27,3,1297792,0,195,43.39,0.15,11.71,10.26,0.15400457665903688,-7.889099438638425e-05,0.08500000000000085,-0.0009281293457221583,0.0755483870967742,0.0,-0.11764705882352834,-0.030728996404052876
27,3,1297836,0,195,43.28,0.15,11.71,10.304,0.15270676691729124,-7.766385966722566e-05,0.0860000000000003,-0.0009030681356654116,0.0755483870967742,-0.007501875468867307,0.0,-0.02885119776184584
27,3,1297878,0,195,43.17,0.15,11.61,10.346,0.15152337365151813,-7.854570759567636e-05,0.08199999999999896,-0.0009578744828741141,0.0749032258064516,-0.00786782061369023,0.0,-0.026271936468956033
27,3,1297918,0,195,43.17,0.15,11.61,10.386,0.15055246812683687,-8.125605912460544e-05,0.08200000000000074,-0.0009909275503000574,0.0749032258064516,0.0,0.0,-0.02407928623254797
27,3,1297960,0,195,43.06,0.15,11.61,10.428,0.14954887218044918,-8.497389049750481e-05,0.08300000000000018,-0.0010237818132229472,0.0749032258064516,-0.007773027594247895,0.0,-0.02753084912385668
27,3,1298001,0,195,42.95,0.15,11.51,10.469,0.14826740764955676,-8.867774462476241e-05,0.08299999999999841,-0.0010684065617441458,0.07425806451612903,-0.015546055188496123,-0.12048192771084545,-0.0330448961586785
27,3,1298043,0,195,42.84,0.14,11.41,10.511,0.14680614579927892,-9.15188609820774e-05,0.08300000000000018,-0.0011026368793021347,0.07361290322580645,-0.007773027594247895,0.0,-0.03619578017857586
27,3,1298084,0,195,42.62,0.15,11.41,10.552,0.14526315789473496,-9.304926077503595e-05,0.08300000000000018,-0.001121075431024527,0.07361290322580645,0.0,0.12048192771084287,-0.036983501183550205
27,3,1298126,0,195,42.62,0.15,11.41,10.594,0.14373651520104425,-9.322885527229196e-05,0.08300000000000018,-0.0011232392201480934,0.07361290322580645,-0.007773027594247895,-0.12048192771084287,-0.035408059173601174
27,3,1298167,0,195,42.51,0.14,11.31,10.635,0.14232428898332605,-9.229163916679894e-05,0.08500000000000085,-0.0010857839901976237,0.07296774193548387,-0.007590132827324356,-0.11764705882352801,-0.030728996404053202
27,3,1298211,0,195,42.4,0.14,11.31,10.679,0.1411245505066997,-9.06091165265348e-05,0.0860000000000003,-0.0010535943782155172,0.07296774193548387,-0.0075018754688671455,0.0,-0.028281015987896466
27,3,1298253,0,195,42.29,0.14,11.21,10.721,0.13989212160836695,-8.861254090269455e-05,0.08300000000000018,-0.0010676209747312573,0.0723225806451613,-0.007773027594247895,0.0,-0.03304489615867779
27,3,1298294,0,195,42.18,0.14,11.21,10.762,0.13838182412552943,-8.673833101424577e-05,0.08300000000000018,-0.001045040132701754,0.0723225806451613,-0.007773027594248062,0.0,-0.038558943193499236
27,3,1298336,0,195,42.07,0.14,11.11,10.804,0.1366917293233065,-8.534217065716376e-05,0.08399999999999963,-0.0010159782221090968,0.0716774193548387,-0.007680491551459446,-0.11904761904761968,-0.04121328165133299
27,3,1298378,0,195,41.96,0.13,11.11,10.846,0.13491990846681748,-8.458241845662151e-05,0.08300000000000018,-0.0010190652826098955,0.0716774193548387,0.0,-0.1204819277108432,-0.04249754821837132
27,3,1298419,0,195,41.85,0.13,11.11,10.887,0.13316443282118168,-8.43427500017686e-05,0.08300000000000018,-0.0010161777108646797,0.0716774193548387,-0.007773027594247895,0.0,-0.04092210620842262
27,3,1298461,0,195,41.74,0.13,11.01,10.929,0.1315233736515184,-8.428103200469828e-05,0.08399999999999963,-0.0010033456191035554,0.07103225806451613,-0.00768049155145928,0.0,-0.0472843599682432
27,3,1298503,0,195,41.63,0.13,11.01,10.971,0.12919254658384927,-8.402233780278046e-05,0.08300000000000018,-0.0010123173229250636,0.07103225806451613,-0.007773027594247895,0.0,-0.04608167879100492
27,3,1298544,0,195,41.52,0.13,10.91,11.012,0.12769859431186498,-8.340385154433782e-05,0.08499999999999908,-0.0009812217828745733,0.07038709677419355,-0.007590132827324515,0.0,-0.030728996404053844
27,3,1298588,0,195,41.41,0.13,10.91,11.056,0.12658058188950472,-8.262253431351674e-05,0.0860000000000003,-0.0009607271431804239,0.07038709677419355,-0.0075018754688671455,0.0,-0.030979876384591182
27,3,1298630,0,195,41.41,0.13,10.81,11.098,0.12503432494279013,-8.218010506657159e-05,0.08300000000000018,-0.000990121747790017,0.06974193548387098,-0.007773027594247895,-0.1204819277108432,-0.028161025927836227
27,3,1298671,0,195,41.3,0.12,10.81,11.139,0.1242432167374943,-8.26329810099029e-05,0.08299999999999841,-0.0009955780844566806,0.06974193548387098,0.0,-0.12048192771084579,-0.019653639074112612
27,3,1298713,0,195,41.19,0.12,10.81,11.181,0.12340307289963881,-8.427149917614507e-05,0.0840000000000014,-0.0010032321330493293,0.06974193548387098,-0.006912442396313371,0.0,-0.01941966718037281
27,3,1298755,0,195,41.08,0.12,10.72,11.223,0.12261196469434296,-8.690379798806802e-05,0.08300000000000018,-0.0010470337106996124,0.06916129032258064,-0.006995724834823273,0.0,-0.017290476059189146
27,3,1298796,0,195,40.97,0.12,10.72,11.264,0.12196796338672611,-8.986396084987725e-05,0.08299999999999841,-0.0010826983234925177,0.06916129032258064,-0.007773027594248061,0.0,-0.023434699897990303
27,3,1298838,0,195,40.86,0.12,10.62,11.306,0.1206668846028098,-9.223688652765106e-05,0.0840000000000014,-0.0010980581729482086,0.06851612903225807,-0.007680491551459118,0.0,-0.03136723797070254
27,3,1298880,0,195,40.75,0.12,10.62,11.348,0.11933311539718705,-9.318639815142227e-05,0.08300000000000018,-0.0011227276885713501,0.06851612903225807,-0.007773027594248062,0.0,-0.03174515650047017
27,3,1298921,0,195,40.64,0.12,10.52,11.389,0.11803203661327077,-9.224635117763746e-05,0.08499999999999908,-0.0010852511903251584,0.06787096774193548,-0.007590132827324678,0.0,-0.022883295194507988
27,3,1298965,0,195,40.53,0.12,10.52,11.433,0.11738803530565389,-8.947270147838537e-05,0.0860000000000003,-0.0010403802497486636,0.06787096774193548,-0.0075018754688671455,0.0,-0.016687319917589503
27,3,1299007,0,195,40.42,0.12,10.42,11.475,0.11659692710035807,-8.541914242575822e-05,0.08399999999999963,-0.0010168945526876022,0.0672258064516129,-0.00768049155145928,0.0,-0.01941966718037322
27,3,1299049,0,195,40.31,0.12,10.42,11.517,0.11575678326250255,-8.096816822916431e-05,0.08300000000000018,-0.0009755200991465558,0.0672258064516129,0.0,-0.12048192771084304,-0.019653639074112526
27,3,1299090,0,195,40.2,0.11,10.42,11.558,0.11496567505720673,-7.710503859360074e-05,0.08300000000000018,-0.0009289763685975972,0.0672258064516129,-0.007773027594247895,-0.12048192771084304,-0.028161025927836227
27,3,1299132,0,195,40.2,0.11,10.32,11.6,0.11341941811049214,-7.472879842276648e-05,0.08300000000000018,-0.0009003469689489917,0.06658064516129032,-0.007773027594247895,0.0,-0.03883464554523997
27,3,1299173,0,195,39.98,0.11,10.32,11.641,0.1117423994769518,-7.453272605048866e-05,0.08399999999999963,-0.0008872943577439166,0.06658064516129032,-0.00768049155145928,0.0,-0.04070735845825692
27,3,1299216,0,195,39.87,0.11,10.22,11.684,0.10999999999999857,-7.69075789671021e-05,0.08399999999999963,-0.000915566416275029,0.06593548387096775,-0.00768049155145928,0.0,-0.04148570183222
27,3,1299257,0,195,39.76,0.11,10.22,11.725,0.10825760052304534,-8.181404381830149e-05,0.08300000000000018,-0.000985711371304835,0.06593548387096775,0.0,0.0,-0.04793282315269502
27,3,1299299,0,195,39.76,0.11,10.22,11.767,0.10602157567832488,-8.865222535169082e-05,0.09500000000000064,-0.000933181319491476,0.06593548387096775,-0.006791171477079855,0.0,-0.03654445037077732
27,3,1299352,0,195,39.65,0.11,10.12,11.82,0.10478587773782147,-9.623611363519836e-05,0.10599999999999987,-0.0009078878644830044,0.06529032258064515,-0.006086427267194258,-0.0943396226415095,-0.021773054457307883
27,3,1299405,0,195,39.43,0.1,10.12,11.873,0.10371363190585024,-0.00010296760081666,0.09699999999999953,-0.0010615216579037165,0.06529032258064515,-0.006651147322913194,-0.10309278350515509,-0.019749058886570862
27,3,1299449,0,195,39.43,0.1,10.02,11.917,0.1028702190258241,-0.00010720771109107297,0.08800000000000097,-0.001218269444216725,0.06464516129032258,-0.00733137829912011,0.0,-0.00947279265357047
27,3,1299493,0,195,39.32,0.1,10.02,11.961,0.10288002615233603,-0.00010774358672405171,0.08800000000000097,-0.0012243589400460287,0.06464516129032258,-0.00733137829912011,0.0,0.0007801123361762785
27,3,1299537,0,195,39.1,0.1,9.92,12.005,0.10293886891140762,-0.00010419704334851154,0.08699999999999974,-0.0011976671649254235,0.064,-0.014831294030404106,0.0,-0.007327163485926108
27,3,1299580,0,195,39.1,0.1,9.82,12.048,0.10224256292906046,-9.721487643084358e-05,0.08699999999999974,-0.0011174123727683203,0.06335483870967742,-0.007415647015202053,0.0,-0.023935400720692005
27,3,1299624,0,195,38.99,0.1,9.82,12.092,0.10085648904870742,-8.833767892952338e-05,0.08799999999999919,-0.001003837260562775,0.06335483870967742,0.0,0.0,-0.022363220303723695
27,3,1299668,0,195,38.88,0.1,9.82,12.136,0.1002745995423328,-7.957505466644044e-05,0.08899999999999864,-0.0008941017378251871,0.06335483870967742,-0.007249003262051535,0.0,-0.01344347679163712
27,3,1299713,0,195,38.77,0.1,9.72,12.181,0.09966001961425174,-7.285161023221675e-05,0.09100000000000108,-0.0008005671454089658,0.06270967741935485,-0.007089684509039221,0.10989010989010853,-0.019290941160832752
27,3,1299759,0,195,38.66,0.11,9.72,12.227,0.098519123896697,-6.952481286701051e-05,0.08900000000000041,-0.0007811776726630358,0.06270967741935485,0.0,0.0,-0.014765785984256928
27,3,1299802,0,195,38.55,0.1,9.72,12.27,0.09834586466165286,-7.010495126337979e-05,0.08699999999999974,-0.0008058040375101148,0.06270967741935485,-0.007415647015202293,-0.11494252873563246,-0.0024799630260058454
27,3,1299846,0,195,38.44,0.1,9.62,12.314,0.09830336711343449,-7.420857395906389e-05,0.08699999999999974,-0.0008529721144720012,0.06206451612903225,-0.007415647015202293,0.0,-0.009093197762021273
27,3,1299889,0,195,38.33,0.1,9.62,12.357,0.09755475645635701,-8.070192239148355e-05,0.08699999999999974,-0.0009276083033503883,0.06206451612903225,-0.006674082313681848,-0.11494252873563263,-0.018524572300315876
27,3,1299933,0,195,38.22,0.09,9.53,12.401,0.09669172932330701,-8.795588925483244e-05,0.08700000000000152,-0.0010109872328141483,0.06148387096774193,-0.006674082313681712,-0.11494252873563028,-0.02077908414213876
27,3,1299976,0,195,38.11,0.09,9.53,12.444,0.09574697613599091,-9.415703891059123e-05,0.08699999999999974,-0.0010822648150642703,0.06148387096774193,0.0,0.0,-0.022282092036688107
27,3,1300020,0,195,38.11,0.09,9.53,12.488,0.09475318731611515,-9.767479658163403e-05,0.08699999999999974,-0.0011226988112831532,0.06148387096774193,-0.007415647015202053,0.11494252873563263,-0.023033595983962648
27,3,1300063,0,195,38.0,0.1,9.43,12.531,0.09374305328538617,-9.748499607176342e-05,0.08699999999999974,-0.001120517196227169,0.060838709677419354,-0.014831294030404106,0.0,-0.023033595983962808
27,3,1300107,0,195,37.89,0.09,9.33,12.575,0.09274926446551039,-9.355168359431864e-05,0.08999999999999986,-0.0010394631510479866,0.06019354838709678,-0.007168458781361975,-0.11111111111111138,-0.015328175511241621
27,3,1300153,0,195,37.78,0.09,9.33,12.621,0.09236351748937442,-8.696768170183589e-05,0.08900000000000041,-0.0009771649629419718,0.06019354838709678,-0.007249003262051469,0.11235955056179733,-0.011239628137270108
27,3,1300196,0,195,37.67,0.1,9.23,12.664,0.09174893756129335,-7.969245131761759e-05,0.08699999999999974,-0.0009160051875588256,0.059548387096774194,-0.007415647015202133,0.0,-0.005636279604558667
27,3,1300240,0,195,37.56,0.09,9.23,12.708,0.09187316116377782,-7.391746852780124e-05,0.08699999999999974,-0.0008496260750322006,0.059548387096774194,0.0,-0.11494252873563263,-0.004321147696828258
27,3,1300283,0,195,37.45,0.09,9.23,12.751,0.09137299771166929,-7.130299074081493e-05,0.08699999999999974,-0.0008195746062162659,0.059548387096774194,0.0,0.0,-0.011498010393299552
27,3,1300327,0,195,37.34,0.09,9.23,12.795,0.09087283425956076,-7.242028674738421e-05,0.08699999999999974,-0.0008324170890503956,0.059548387096774194,-0.007415647015202053,0.0,-0.010746506446025011
27,3,1300370,0,195,37.34,0.09,9.13,12.838,0.09043805165086512,-7.663817495069836e-05,0.08699999999999974,-0.0008808985626517079,0.05890322580645162,-0.007415647015202053,0.0,-0.018862749076589365
27,3,1300414,0,195,37.23,0.09,9.13,12.882,0.08923177508989749,-8.246540548176995e-05,0.08700000000000152,-0.0009478782239283737,0.05890322580645162,-0.007415647015202061,0.0,-0.02979713150943244
27,3,1300457,0,195,37.12,0.09,9.03,12.925,0.08784570120954445,-8.814820235768827e-05,0.08699999999999974,-0.0010131977282492935,0.05825806451612903,-0.007415647015202213,0.0,-0.03355465124580544
27,3,1300501,0,195,37.01,0.09,9.03,12.969,0.08631252043151243,-9.225080192006808e-05,0.08999999999999986,-0.0010250089102229803,0.05825806451612903,-0.007168458781361975,0.0,-0.025316915477098256
27,3,1300547,0,195,36.9,0.09,8.93,13.015,0.08556717881660561,-9.40161904455401e-05,0.08900000000000041,-0.0010563616903993221,0.05761290322580645,-0.0072490032620513905,-0.11235955056179718,-0.023581180601723744
27,3,1300590,0,195,36.79,0.08,8.93,13.058,0.084213795357959,-9.342943150066318e-05,0.08699999999999974,-0.0010739015115018788,0.05761290322580645,-0.007415647015202053,-0.11494252873563246,-0.02487478065478522
27,3,1300634,0,195,36.68,0.08,8.83,13.102,0.0834030728996393,-9.102000794828413e-05,0.08699999999999974,-0.0010462069879113149,0.05696774193548387,-0.007415647015202053,0.0,-0.018073669931950958
27,3,1300677,0,195,36.57,0.08,8.83,13.145,0.08264138607387927,-8.752361312975054e-05,0.08699999999999974,-0.0010060185417212735,0.05696774193548387,0.0,0.0,-0.022620268812961437
27,3,1300721,0,195,36.46,0.08,8.83,13.189,0.08143510951291166,-8.356849031143376e-05,0.08800000000000097,-0.0009496419353571913,0.05696774193548387,-0.00733137829912011,0.0,-0.019391363784955776
27,3,1300765,0,195,36.35,0.08,8.73,13.233,0.08093494606080315,-7.95280600991859e-05,0.08699999999999974,-0.0009141156333239785,0.056322580645161296,-0.007415647015202053,0.0,-0.013001018287848318
27,3,1300808,0,195,36.35,0.08,8.73,13.276,0.08030402092186886,-7.557668937694295e-05,0.08699999999999974,-0.0008686975790453238,0.056322580645161296,-0.007415647015202133,0.0,-0.015255530129671785
27,3,1300852,0,195,36.13,0.08,8.63,13.32,0.0796077149395217,-7.185788207053001e-05,0.08699999999999974,-0.0008259526674773588,0.05567741935483871,-0.007415647015202133,0.0,-0.016007034076946487
27,3,1300895,0,195,36.13,0.08,8.63,13.363,0.07891140895717452,-6.862358015746395e-05,0.08900000000000041,-0.0007710514624434116,0.05567741935483871,0.0,0.0,-0.014912709227881607
27,3,1300941,0,195,36.02,0.08,8.63,13.409,0.07828048381824024,-6.625966646641857e-05,0.08900000000000041,-0.0007444906344541378,0.05567741935483871,-0.007249003262051547,0.0,-0.012708860573514552
27,3,1300984,0,195,35.91,0.08,8.53,13.452,0.07778032036613172,-6.520265565509931e-05,0.08699999999999974,-0.0007494558121275805,0.05503225806451612,-0.007415647015202213,0.0,-0.009243498551475927
27,3,1301028,0,195,35.8,0.08,8.53,13.496,0.07747629944426183,-6.579671094803885e-05,0.08799999999999919,-0.0007476898971368119,0.05503225806451612,0.0,-0.11363636363636463,-0.014190614877113785
27,3,1301072,0,195,35.69,0.07,8.53,13.54,0.07653154625694572,-6.814032034593077e-05,0.08699999999999974,-0.0007832220729417352,0.05503225806451612,-0.007415647015202053,0.0,-0.022282092036688267
27,3,1301115,0,195,35.58,0.08,8.43,13.583,0.07553775743706996,-7.196890450287796e-05,0.08700000000000152,-0.0008272287873893875,0.054387096774193545,-0.007415647015201902,0.11494252873563011,-0.02303359598396202
27,3,1301159,0,195,35.47,0.08,8.43,13.627,0.07452762340634099,-7.661992265619233e-05,0.08699999999999974,-0.0008806887661631327,0.054387096774193545,0.0,-0.11494252873563246,-0.023033595983962648
27,3,1301202,0,195,35.36,0.07,8.43,13.67,0.07353383458646522,-8.111805750379908e-05,0.08699999999999974,-0.0009323914655609116,0.054387096774193545,-0.007415647015202053,-0.11494252873563246,-0.022282092036688426
27,3,1301246,0,195,35.36,0.07,8.33,13.714,0.0725890813991491,-8.439413453284671e-05,0.08999999999999986,-0.0009377126059205205,0.05374193548387097,-0.007168458781361975,0.0,-0.02008644800406785
27,3,1301292,0,195,35.25,0.07,8.33,13.76,0.07172605426609911,-8.560215044841434e-05,0.08999999999999986,-0.0009511350049823831,0.05374193548387097,-0.006451612903225778,0.0,-0.017907086556971836
27,3,1301336,0,195,35.13,0.07,8.24,13.804,0.07097744360902164,-8.443414916518854e-05,0.08800000000000097,-0.0009594789677862228,0.05316129032258065,-0.006598240469208099,0.0,-0.015342209278135632
27,3,1301380,0,195,35.02,0.07,8.24,13.848,0.07037593984962316,-8.13001672738416e-05,0.08699999999999974,-0.0009344846813085269,0.05316129032258065,-0.007415647015202133,0.0,-0.011761036774845475
27,3,1301423,0,195,34.91,0.07,8.14,13.891,0.06995423340961009,-7.726951810869842e-05,0.08699999999999974,-0.0008881553805597546,0.052516129032258066,-0.007415647015202133,0.0,-0.007252013091198701
27,3,1301467,0,195,34.8,0.07,8.14,13.935,0.06974501471068888,-7.374513391681959e-05,0.08699999999999974,-0.0008476452174347104,0.052516129032258066,-0.007415647015202213,0.0,-0.001991485460277385
27,3,1301510,0,195,34.69,0.07,8.04,13.978,0.06978097417456595,-7.194596907609529e-05,0.08699999999999974,-0.0008269651617942012,0.051870967741935475,0.0,0.0,7.515039472740636e-05
27,3,1301554,0,195,34.58,0.07,8.14,14.022,0.06975155279503016,-7.23854427075885e-05,0.08699999999999974,-0.0008320165828458473,0.052516129032258066,0.0,0.0,-0.001052105526184327
27,3,1301597,0,195,34.58,0.07,8.04,14.065,0.06968944099378792,-7.459467410606369e-05,0.08699999999999974,-0.0008574100471961369,0.051870967741935475,-0.007415647015202213,0.0,0.0025175382233695487
27,3,1301641,0,195,34.47,0.07,8.04,14.109,0.06997057862046331,-7.726459342941184e-05,0.08999999999999986,-0.0008584954825490217,0.051870967741935475,-0.007168458781361898,0.0,0.00039954959863435164
27,3,1301687,0,195,34.36,0.07,7.94,14.155,0.06972540045766501,-7.87752988514674e-05,0.08900000000000041,-0.0008851157174322138,0.051225806451612906,-0.0072490032620513125,0.0,0.0011386551380894632
27,3,1301730,0,195,34.25,0.07,7.94,14.198,0.07007191892775327,-7.7875472913294e-05,0.08700000000000152,-0.0008951203783137085,0.051225806451612906,-0.007415647015201982,0.0,0.004772050065192758
27,3,1301774,0,195,34.14,0.07,7.84,14.242,0.07014056881333679,-7.420556074669005e-05,0.08699999999999974,-0.0008529374798470146,0.05058064516129032,-0.007415647015202133,0.0,-0.0012399815130030025
27,3,1301817,0,195,34.03,0.07,7.84,14.285,0.06996404053612201,-6.844482551319331e-05,0.08699999999999974,-0.0007867221323355576,0.05058064516129032,-0.007415647015202053,0.0,-0.006500509143924159
27,3,1301861,0,195,33.92,0.07,7.74,14.329,0.06957502451781539,-6.20353174426862e-05,0.08699999999999974,-0.0007130496257780044,0.049935483870967745,0.0,0.0,-0.011009532827571092
27,3,1301904,0,195,33.92,0.07,7.84,14.372,0.06900621118012333,-5.6619463936824485e-05,0.08699999999999974,-0.0006507984360554558,0.05058064516129032,0.0,0.0,-0.014767052563943485
27,3,1301948,0,195,33.81,0.07,7.74,14.416,0.06829029094475231,-5.34486941824861e-05,0.08699999999999974,-0.0006143528066952443,0.049935483870967745,-0.007415647015202053,-0.11494252873563263,-0.017773068353041332
27,3,1301991,0,195,33.7,0.06,7.74,14.459,0.06745995423340874,-5.301096086166357e-05,0.08699999999999974,-0.0006093213892145256,0.049935483870967745,0.0,0.0,-0.0200275801948648
27,3,1302035,0,195,33.59,0.07,7.74,14.503,0.06654789146779908,-5.4989308924353605e-05,0.08999999999999986,-0.0006109923213817077,0.049935483870967745,-0.007168458781362052,0.11111111111111138,-0.020812901819766572
27,3,1302081,0,195,33.48,0.07,7.64,14.549,0.06558679306962975,-5.8496623532084516e-05,0.08900000000000041,-0.0006572654329447668,0.04929032258064516,-0.007249003262051469,0.0,-0.02178137086732432
27,3,1302124,0,195,33.37,0.07,7.64,14.592,0.0646093494606072,-6.243395272196217e-05,0.08699999999999974,-0.000717631640482326,0.04929032258064516,0.0,-0.11494252873563263,-0.022282092036688267
27,3,1302168,0,195,33.37,0.06,7.64,14.636,0.06364825106243788,-6.582200698781193e-05,0.08699999999999974,-0.0007565747929633578,0.04929032258064516,-0.007415647015202133,-0.11494252873563263,-0.021530588089413726
27,3,1302211,0,195,33.26,0.06,7.54,14.679,0.06273618829682821,-6.801986424580165e-05,0.08700000000000152,-0.000781837520066672,0.04864516129032258,-0.007415647015201982,0.0,-0.02002758019486439
27,3,1302255,0,195,33.15,0.06,7.54,14.723,0.061905851585484645,-6.881117894234734e-05,0.08699999999999974,-0.0007909330912913511,0.04864516129032258,0.0,0.0,-0.017773068353041332
27,3,1302298,0,195,33.04,0.06,7.54,14.766,0.06118993135011362,-6.837740315957141e-05,0.08699999999999974,-0.0007859471627536968,0.04864516129032258,-0.007415647015202053,0.0,-0.014767052563943485
27,3,1302342,0,195,32.93,0.06,7.44,14.81,0.060621118012421565,-6.719545285793593e-05,0.08699999999999974,-0.0007723615271027142,0.048,-0.007415647015202053,0.0,-0.011009532827571092
27,3,1302385,0,195,32.82,0.06,7.44,14.853,0.06023210199411494,-6.58976005996328e-05,0.08699999999999974,-0.0007574436850532527,0.048,0.0,0.0,-0.006500509143924159
27,3,1302429,0,195,32.82,0.06,7.44,14.897,0.060055573716900165,-6.511990379135924e-05,0.08999999999999986,-0.0007235544865706594,0.048,-0.007168458781362052,0.0,-0.011223711452544291
27,3,1302475,0,195,32.6,0.06,7.34,14.943,0.059221967963385955,-6.535755282311761e-05,0.08900000000000041,-0.0007343545261024417,0.04735483870967742,-0.007249003262051469,0.0,-0.009696934079213482
27,3,1302518,0,195,32.6,0.06,7.34,14.986,0.05919254658385016,-6.684298971578339e-05,0.08699999999999974,-0.0007683102266182021,0.04735483870967742,0.0,0.0,0.0089428969725663
27,3,1302562,0,195,32.49,0.06,7.34,15.03,0.05999999999999922,-6.946300316968745e-05,0.08699999999999974,-0.0007984253237895133,0.04735483870967742,-0.007415647015202053,0.0,0.012136788748482667
27,3,1302605,0,195,32.38,0.06,7.24,15.073,0.06024844720496815,-7.273775352169398e-05,0.08700000000000152,-0.0008360661324332495,0.04670967741935484,-0.007415647015201902,0.0,-0.00033817677627364073
27,3,1302649,0,195,32.27,0.06,7.24,15.117,0.05997057862046341,-7.588750657929122e-05,0.08699999999999974,-0.0008722701905665684,0.04670967741935484,0.0,0.0,-0.006012031578195699
27,3,1302692,0,195,32.27,0.06,7.24,15.16,0.059725400457665126,-7.800003799717547e-05,0.08699999999999974,-0.000896552160887077,0.04670967741935484,-0.007415647015202133,0.0,0.0011648311182754366
27,3,1302736,0,195,32.16,0.06,7.14,15.204,0.060071918927753376,-7.828304248505446e-05,0.08699999999999974,-0.0008998050860351115,0.04606451612903226,-0.007415647015202133,0.0,0.004772050065192856
27,3,1302779,0,195,32.05,0.06,7.14,15.247,0.0601405688133369,-7.633796450856511e-05,0.08699999999999974,-0.0008774478679145441,0.04606451612903226,-0.007415647015202053,0.0,-0.007665340262199596
27,3,1302823,0,195,31.94,0.06,7.04,15.291,0.05940503432494201,-7.234388792049629e-05,0.0909999999999993,-0.0007949877793461191,0.04541935483870968,-0.007089684509039359,0.0,-0.00894496154385
27,3,1302870,0,195,31.83,0.06,7.04,15.338,0.05932657731284656,-6.7049304993688e-05,0.08999999999999986,-0.0007449922777076456,0.04541935483870968,0.0,0.0,-0.010315644182920927
27,3,1302913,0,195,31.72,0.06,7.04,15.381,0.05847662634847913,-6.155542097823386e-05,0.08700000000000152,-0.0007075335744624457,0.04541935483870968,-0.006674082313681791,0.0,-0.018036094734587046
27,3,1302957,0,195,31.72,0.06,6.95,15.425,0.05775743707093746,-5.6973466133293014e-05,0.08699999999999974,-0.0006548674268194619,0.044838709677419354,-0.006674082313681928,-0.11494252873563246,-0.008604720196292734
27,3,1303000,0,195,31.61,0.05,6.95,15.468,0.057728015691401666,-5.408096233821258e-05,0.08699999999999974,-0.000621620256761066,0.044838709677419354,0.0,0.0,-0.00916834815674868
27,3,1303044,0,195,31.5,0.06,6.95,15.512,0.056959790781300326,-5.30930367858824e-05,0.08699999999999974,-0.0006102647906423282,0.044838709677419354,0.0,0.11494252873563246,-0.009356224143567196
27,3,1303087,0,195,31.39,0.06,6.95,15.555,0.05691402419091132,-5.363630061708413e-05,0.08699999999999974,-0.0006165092024952217,0.044838709677419354,-0.007415647015202133,0.0,-0.00916834815674852
27,3,1303131,0,195,31.28,0.06,6.85,15.599,0.05616214449166321,-5.4949258217710904e-05,0.08699999999999974,-0.0006316006691690927,0.04419354838709677,-0.007415647015202133,-0.11494252873563246,-0.015030078945489566
27,3,1303174,0,195,31.28,0.05,6.85,15.642,0.055606407322653734,-5.62281798686719e-05,0.08699999999999974,-0.0006463009180307134,0.04419354838709677,0.0,-0.11494252873563246,-0.00409569651264588
27,3,1303218,0,195,31.17,0.05,6.85,15.686,0.05580581889506302,-5.696053315998651e-05,0.08999999999999986,-0.00063289481288874,0.04419354838709677,-0.007168458781361975,0.11111111111111123,-0.003051106025934313
27,3,1303264,0,195,31.06,0.06,6.75,15.732,0.055331807780319646,-5.7101506982992765e-05,0.08900000000000041,-0.0006415899661010394,0.043548387096774194,-0.0072490032620513905,0.0,-0.008080778399344516
27,3,1303307,0,195,30.95,0.05,6.75,15.775,0.05508662961752135,-5.702590831903187e-05,0.08700000000000152,-0.0006554702105635733,0.043548387096774194,0.0,0.0,0.0034193429600987537
27,3,1303351,0,195,30.95,0.06,6.75,15.819,0.05562929061784824,-5.7278301150788026e-05,0.08799999999999919,-0.0006508897858044153,0.043548387096774194,-0.007331378299120258,0.11363636363636463,0.005052156081904258
27,3,1303395,0,195,30.73,0.06,6.65,15.863,0.05553121935272892,-5.823234974525082e-05,0.08699999999999974,-0.0006693373533936895,0.04290322580645162,0.0,-0.11494252873563246,0.007176862696471295
27,3,1303438,0,195,30.73,0.05,6.75,15.906,0.056253677672441244,-5.9830250968928136e-05,0.08699999999999974,-0.0006877040341256127,0.043548387096774194,0.0,0.0,0.005673854801922291
27,3,1303482,0,195,30.62,0.06,6.65,15.95,0.05602484472049616,-6.155687887415162e-05,0.08799999999999919,-0.0006995099872062748,0.04290322580645162,-0.007331378299120258,0.0,0.0005943713037534421
27,3,1303526,0,195,30.51,0.05,6.65,15.994,0.056305982347171546,-6.268829075041271e-05,0.08699999999999974,-0.0007205550660967,0.04290322580645162,-0.007415647015202133,0.0,0.00627505795974202
27,3,1303569,0,195,30.51,0.06,6.55,16.037,0.056570774762993714,-6.268613135856427e-05,0.08699999999999974,-0.0007205302455007409,0.04225806451612903,-0.007415647015202133,0.11494252873563246,0.0062750579597417805
27,3,1303613,0,195,30.29,0.06,6.55,16.081,0.05685191238966908,-6.150053047339732e-05,0.08900000000000219,-0.00069101719633029,0.04225806451612903,-0.007249003262051324,-0.11235955056179493,-0.0032690421706439575
27,3,1303658,0,195,30.29,0.05,6.45,16.126,0.056279830009806395,-5.9592004935638874e-05,0.08900000000000219,-0.0006695730891644652,0.04161290322580645,0.0,0.0,-0.01616155679868871
27,3,1303702,0,195,30.18,0.06,6.55,16.17,0.05541353383458575,-5.766722683791858e-05,0.08699999999999974,-0.0006628416877921695,0.04225806451612903,0.0,0.11494252873563246,-0.012925867893120911
27,3,1303745,0,195,30.07,0.06,6.45,16.213,0.05515527950310488,-5.630826294407143e-05,0.08699999999999974,-0.0006472214131502482,0.04161290322580645,-0.007415647015202133,-0.11494252873563246,-0.015368255721763055
27,3,1303789,0,195,29.96,0.05,6.45,16.257,0.05407649558679237,-5.5724251672113925e-05,0.08799999999999741,-0.0006332301326376768,0.04161290322580645,0.0,0.0,-0.017236767808850483
27,3,1303833,0,195,29.96,0.06,6.45,16.301,0.05363844393592608,-5.57486868990722e-05,0.08699999999999974,-0.0006407895045870386,0.04161290322580645,-0.007415647015202133,0.0,-0.008755020985747626
27,3,1303876,0,195,29.85,0.05,6.35,16.344,0.053314808761032326,-5.604282699667085e-05,0.0870000000000033,-0.0006441704252490658,0.040967741935483866,-0.00741564701520183,-0.11494252873562777,-0.016119759669036858
27,3,1303920,0,195,29.74,0.05,6.35,16.388,0.05223602484471982,-5.6358588578243386e-05,0.08699999999999974,-0.0006477998687154431,0.040967741935483866,0.0,0.0,-0.016683387629493382
27,3,1303963,0,195,29.63,0.05,6.35,16.431,0.051863354037266406,-5.670713290481633e-05,0.08699999999999974,-0.0006518061253427183,0.040967741935483866,-0.007415647015202053,0.0,-0.016871263616311978
27,3,1304007,0,195,29.52,0.05,6.25,16.475,0.05076822491010068,-5.734725810853103e-05,0.08999999999999986,-0.0006371917567614568,0.04032258064516129,-0.007168458781361975,0.0,-0.01612727470851017
27,3,1304053,0,195,29.52,0.05,6.25,16.521,0.05041189931350049,-5.85990403167127e-05,0.08899999999999864,-0.0006584161833338607,0.04032258064516129,0.0,0.0,-0.005619814068635244
27,3,1304096,0,195,29.41,0.05,6.25,16.564,0.050268061457992154,-6.057314254302248e-05,0.08699999999999974,-0.0006962430177358927,0.04032258064516129,0.0,0.0,-0.01085923203811612
27,3,1304140,0,195,29.3,0.05,6.25,16.608,0.04946714612618439,-6.296547806253195e-05,0.08699999999999974,-0.0007237411271555418,0.04032258064516129,-0.007415647015202053,0.0,-0.00916834815674852
27,3,1304183,0,195,29.19,0.05,6.15,16.651,0.049470415168355035,-6.505235977719526e-05,0.08699999999999974,-0.0007477282733010972,0.03967741935483871,-0.007415647015202053,0.0,0.003269042170643931
27,3,1304227,0,195,29.08,0.05,6.15,16.695,0.049751552795030414,-6.591518230865212e-05,0.08699999999999974,-0.0007576457736626703,0.03967741935483871,0.0,0.0,-0.0003381767762734881
27,3,1304270,0,195,28.97,0.05,6.15,16.738,0.04944099378881924,-6.480272706748824e-05,0.08699999999999974,-0.0007448589318102118,0.03967741935483871,-0.007415647015202133,0.0,0.002855714999643037
27,3,1304314,0,195,28.97,0.05,6.05,16.782,0.04999999999999936,-6.148267259636863e-05,0.08699999999999974,-0.0007066973861651588,0.03903225806451613,-0.007415647015202133,0.0,0.006425358749196752
27,3,1304357,0,195,28.86,0.05,6.05,16.825,0.04999999999999936,-5.643542509783206e-05,0.08699999999999974,-0.0006486830471015199,0.03903225806451613,-0.007415647015202053,0.0,0.0
27,3,1304401,0,195,28.86,0.05,5.95,16.869,0.04999999999999936,-5.0784573649606204e-05,0.09100000000000108,-0.0005580722379077539,0.03838709677419355,0.0,0.0,0.0
27,3,1304448,0,195,28.75,0.05,6.05,16.916,0.04999999999999936,-4.5959551269206145e-05,0.08999999999999986,-0.000510661680768958,0.03903225806451613,0.0,0.0,0.0
27,3,1304491,0,195,28.64,0.05,5.95,16.959,0.04999999999999936,-4.3219839015035786e-05,0.08699999999999974,-0.0004967797587935162,0.03838709677419355,-0.007415647015202053,0.0,0.0
27,3,1304535,0,195,28.53,0.05,5.95,17.003,0.04999999999999936,-4.3238922936100546e-05,0.08699999999999974,-0.0004969991142080537,0.03838709677419355,0.0,0.0,0.0
27,3,1304578,0,195,28.42,0.05,5.95,17.046,0.04999999999999936,-4.590457846507956e-05,0.08699999999999974,-0.0005276388329319505,0.03838709677419355,0.0,0.0,0.0
27,3,1304622,0,195,28.31,0.05,5.95,17.09,0.04999999999999936,-5.039303254088967e-05,0.08699999999999974,-0.0005792302590906876,0.03838709677419355,-0.007415647015202133,0.0,0.0
27,3,1304665,0,195,28.31,0.05,5.85,17.133,0.04999999999999936,-5.547369295152116e-05,0.08699999999999974,-0.0006376286546151876,0.03774193548387097,-0.007415647015202133,0.0,0.0
27,3,1304709,0,195,28.2,0.05,5.85,17.177,0.04999999999999936,-5.991827235496139e-05,0.08699999999999974,-0.0006887157741949605,0.03774193548387097,0.0,0.0,0.0
27,3,1304752,0,195,28.09,0.05,5.85,17.22,0.04999999999999936,-6.285749428925857e-05,0.08699999999999974,-0.000722499934359296,0.03774193548387097,-0.007415647015202133,0.0,0.0
27,3,1304796,0,195,27.98,0.05,5.75,17.264,0.04999999999999936,-6.397199490688443e-05,0.08999999999999986,-0.0007107999434098281,0.037096774193548385,-0.007168458781362052,0.0,0.0
27,3,1304842,0,195,27.98,0.05,5.75,17.31,0.04999999999999936,-6.348159805556718e-05,0.08900000000000219,-0.0007132763826468048,0.037096774193548385,0.0,0.0,0.006280968664944968
27,3,1304885,0,195,27.87,0.05,5.75,17.353,0.05055900621117947,-6.196277261903039e-05,0.08699999999999974,-0.0007122157772302364,0.037096774193548385,-0.006674082313681848,0.0,0.0028557149996428772
27,3,1304929,0,195,27.76,0.05,5.66,17.397,0.05024844720496829,-6.0070575591820055e-05,0.08699999999999974,-0.0006904663861128762,0.036516129032258066,-0.006674082313681848,0.0,-0.00676353552547032
27,3,1304972,0,195,27.65,0.05,5.66,17.44,0.04997057862046356,-5.8267171517620395e-05,0.0870000000000033,-0.0006697376036507838,0.036516129032258066,0.0,0.0,-0.0060120315781954535
27,3,1305016,0,195,27.65,0.05,5.66,17.484,0.04972540045766526,-5.6661256999802846e-05,0.08699999999999974,-0.0006512788160896898,0.036516129032258066,0.0,0.0,-0.005260527630921396
27,3,1305059,0,195,27.43,0.05,5.66,17.527,0.0495129127165734,-5.503801610637371e-05,0.08699999999999974,-0.0006326208747859066,0.036516129032258066,-0.007415647015202133,0.0,-0.004509023683646933
27,3,1305103,0,195,27.43,0.05,5.56,17.571,0.04933311539718798,-5.308166322121544e-05,0.08699999999999974,-0.0006101340600139723,0.03587096774193548,-0.007415647015202133,0.0,-0.0037575197363723116
27,3,1305146,0,195,27.32,0.05,5.56,17.614,0.04918600849950901,-5.066813241179968e-05,0.08699999999999974,-0.0005823923265724118,0.03587096774193548,-0.007415647015202053,0.0,-0.0030060157890978495
27,3,1305190,0,195,27.32,0.05,5.46,17.658,0.04907159202353647,-4.8034082402512725e-05,0.08599999999999852,-0.0005585358418896925,0.035225806451612905,0.0,0.0,-0.00228072709579811
27,3,1305232,0,195,27.21,0.05,5.56,17.7,0.04898986596927037,-4.570453640968797e-05,0.0849999999999973,-0.0005377004283492874,0.03587096774193548,0.0,0.0,-0.0015383727861854144
27,3,1305275,0,195,27.1,0.05,5.46,17.743,0.04894083033671071,-4.4231486810389245e-05,0.08699999999999974,-0.0005084078943722916,0.035225806451612905,-0.007415647015202053,-0.11494252873563254,-0.0007515039472745421
27,3,1305319,0,195,27.1,0.04,5.46,17.787,0.04892448512585749,-4.3909222402932716e-05,0.08699999999999974,-0.0005047037057808373,0.035225806451612905,0.0,0.0,0.0
27,3,1305362,0,195,26.99,0.05,5.46,17.83,0.04894083033671071,-4.4619025444353256e-05,0.08699999999999974,-0.0005128623614293492,0.035225806451612905,0.0,0.11494252873563254,0.007176862696471295
27,3,1305406,0,195,26.88,0.05,5.46,17.874,0.04954887218045049,-4.58690271584663e-05,0.0870000000000033,-0.0005272301972237307,0.035225806451612905,-0.00741564701520183,0.0,0.010784081643388274
27,3,1305449,0,195,26.88,0.05,5.36,17.917,0.04987904543968553,-4.6998259512910144e-05,0.08699999999999974,-0.0005402098794587388,0.03458064516129032,-0.007415647015202133,0.0,-0.001653308684003897
27,3,1305493,0,195,26.66,0.05,5.36,17.961,0.04940503432494215,-4.7438394205774335e-05,0.08699999999999974,-0.0005452688989169479,0.03458064516129032,0.0,0.0,-0.00976955131456825
27,3,1305536,0,195,26.55,0.05,5.36,18.004,0.04902909447531809,-4.691464302930104e-05,0.08699999999999974,-0.0005392487704517377,0.03458064516129032,0.0,0.0,-0.0010896807235480303
27,3,1305580,0,195,26.55,0.05,5.36,18.048,0.04931023210199347,-4.552923074434112e-05,0.08999999999999986,-0.000505880341603791,0.03458064516129032,-0.007168458781362052,0.0,-0.002324652210235667
27,3,1305626,0,195,26.43,0.05,5.26,18.094,0.04881987577639688,-4.3730632806105344e-05,0.08900000000000219,-0.0004913554247876884,0.03393548387096774,-0.007249003262051324,0.0,-0.003269042170643802
27,3,1305669,0,195,26.43,0.05,5.26,18.137,0.049019287348806166,-4.217414129306185e-05,0.08699999999999974,-0.0004847602447478388,0.03393548387096774,0.0,0.0,-0.003907820525827284
27,3,1305713,0,195,26.32,0.05,5.26,18.181,0.04847989539064991,-4.1485546793195384e-05,0.08699999999999974,-0.0004768453654390288,0.03393548387096774,0.0,0.0,-0.004095696512645959
27,3,1305756,0,195,26.21,0.05,5.26,18.224,0.04866296175220597,-4.200692969706221e-05,0.08699999999999974,-0.0004828382723800268,0.03393548387096774,0.0,0.0,-0.007853216249018271
27,3,1305800,0,195,26.1,0.05,5.26,18.268,0.04779666557698532,-4.3657336525166456e-05,0.08699999999999974,-0.0005018084658065125,0.03393548387096774,-0.007415647015202053,-0.11494252873563254,-0.021605738484141213
27,3,1305843,0,195,26.1,0.04,5.16,18.311,0.04678326250408569,-4.598221195582575e-05,0.08699999999999974,-0.0005285311719060447,0.03329032258064516,-0.007415647015202053,-0.11494252873563254,-0.014616751774488592
27,3,1305887,0,195,25.99,0.04,5.16,18.355,0.04652500817260482,-4.8337012053967675e-05,0.08699999999999974,-0.0005555978397007795,0.03329032258064516,0.0,0.11494252873563254,-0.007252013091198621
27,3,1305930,0,195,25.88,0.05,5.16,18.398,0.04615233736515141,-5.009097235681459e-05,0.08699999999999974,-0.0005757583029518935,0.03329032258064516,0.0,0.11494252873563254,-0.009506524933022089
27,3,1305974,0,195,25.77,0.05,5.16,18.442,0.0456979405034319,-5.078810387350163e-05,0.08999999999999986,-0.0005643122652611302,0.03329032258064516,-0.007168458781362052,-0.11111111111111131,-0.016853728524208893
27,3,1306020,0,195,25.77,0.04,5.06,18.488,0.04463550179797261,-5.026233043279404e-05,0.08899999999999864,-0.0005647452857617394,0.03264516129032258,-0.0072490032620516134,0.0,-0.02056925410742293
27,3,1306063,0,195,25.66,0.05,5.06,18.531,0.04386727688787129,-4.869545381157536e-05,0.08699999999999974,-0.0005597178599031667,0.03264516129032258,0.0,0.0,-0.014278574998215023
27,3,1306107,0,195,25.55,0.04,5.06,18.575,0.04339326577312791,-4.658646924047716e-05,0.08699999999999974,-0.0005354766579365207,0.03264516129032258,0.0,0.0,-0.0010896807235480303
27,3,1306150,0,195,25.44,0.05,5.06,18.618,0.04377247466492261,-4.463134209450992e-05,0.08699999999999974,-0.0005130039321208052,0.03264516129032258,-0.007415647015202053,0.0,0.008529569801565247
27,3,1306194,0,195,25.44,0.04,4.96,18.662,0.044135338345864084,-4.3546110873383445e-05,0.08699999999999974,-0.0005005300100388916,0.032,-0.007415647015202053,-0.11494252873563254,0.008529569801565247
27,3,1306237,0,195,25.44,0.04,4.96,18.705,0.04451454723765878,-4.385417148007687e-05,0.08699999999999974,-0.0005040709365526091,0.032,0.0,0.11494252873563254,0.00928107374883979
27,3,1306281,0,195,25.33,0.05,4.96,18.749,0.04494279176201314,-4.565974999623012e-05,0.0870000000000033,-0.0005248247126003263,0.032,0.0,0.0,0.0004133271710009573
27,3,1306324,0,195,25.22,0.04,4.96,18.792,0.04455050670153587,-4.849463437643031e-05,0.08800000000000097,-0.0005510753906412475,0.032,0.0,-0.11363636363636241,-0.018239769383933645
27,3,1306369,0,195,25.22,0.04,4.96,18.837,0.043337692056226965,-5.137165991206771e-05,0.09099999999999753,-0.0005645237352974627,0.032,-0.007089684509039498,0.0,-0.010058591294289354
27,3,1306415,0,195,25.0,0.04,4.86,18.883,0.04363517489375556,-5.309988360517703e-05,0.08899999999999864,-0.0005966279056761556,0.031354838709677424,-0.007249003262051535,0.1123595505617995,0.007603277857565243
27,3,1306458,0,195,25.0,0.05,4.86,18.926,0.04401438378555026,-5.275265412303565e-05,0.08699999999999974,-0.0006063523462417909,0.031354838709677424,0.0,0.11494252873563254,-0.0003381767762734881
27,3,1306502,0,195,24.89,0.05,4.86,18.97,0.04360575351421977,-5.0075138040106104e-05,0.0870000000000033,-0.0005755762993115426,0.031354838709677424,-0.00741564701520187,0.0,-0.0016533086840037497
27,3,1306545,0,195,24.89,0.05,4.76,19.013,0.04387054593004193,-4.564285821538849e-05,0.08699999999999974,-0.0005246305541998693,0.030709677419354837,-0.007415647015202173,-0.11494252873563254,-0.002592688618096955
27,3,1306589,0,195,24.78,0.04,4.76,19.057,0.043380189604445334,-4.068984414213705e-05,0.08699999999999974,-0.0004676993579555997,0.030709677419354837,0.0,-0.11494252873563254,-0.0031563165785528217
27,3,1306632,0,195,24.67,0.04,4.76,19.1,0.043595946387707835,-3.66577868983704e-05,0.08699999999999974,-0.0004213538723950633,0.030709677419354837,0.0,0.0,-0.0033441925653714174
27,3,1306676,0,195,24.56,0.04,4.76,19.144,0.04308924485125802,-3.4648776512888445e-05,0.08699999999999974,-0.0003982617989987189,0.030709677419354837,0.0,0.0,-0.01352707105094064
27,3,1306719,0,195,24.56,0.04,4.76,19.187,0.042419091206276,-3.5031348042066315e-05,0.0870000000000033,-0.00040265917289729873,0.030709677419354837,0.0,0.0,-0.0069138363149248505
27,3,1306763,0,195,24.45,0.04,4.76,19.231,0.042487741091859536,-3.7379218304291584e-05,0.08999999999999986,-0.0004153246478254627,0.030709677419354837,-0.007168458781361975,0.11111111111111131,-0.006138534742653539
27,3,1306809,0,195,24.34,0.05,4.66,19.277,0.041866623079437185,-4.073643677967898e-05,0.08899999999999864,-0.0004577127728053888,0.03006451612903226,-0.007249003262051535,0.0,-0.015426940580567353
27,3,1306852,0,195,24.34,0.04,4.66,19.32,0.04111474338018906,-4.40318325114939e-05,0.08699999999999974,-0.0005061130173734946,0.03006451612903226,0.0,-0.11494252873563254,-0.01878759868186196
27,3,1306896,0,195,24.23,0.04,4.66,19.364,0.0402321019941152,-4.6433542634348514e-05,0.08699999999999974,-0.0005337188808545822,0.03006451612903226,0.0,0.0,-0.011422859998571908
27,3,1306939,0,195,24.12,0.04,4.66,19.407,0.04012095456031331,-4.75347493335061e-05,0.08699999999999974,-0.0005463764291207614,0.03006451612903226,-0.007415647015202133,0.0,0.00026302638154608176
27,3,1306983,0,195,24.12,0.04,4.56,19.451,0.04025498528930971,-4.7368440893583494e-05,0.08699999999999974,-0.0005444648378572832,0.029419354838709676,-0.007415647015202133,0.0,0.00627505795974194
27,3,1307026,0,195,24.01,0.04,4.56,19.494,0.04066688460281086,-4.6280965508495695e-05,0.08699999999999974,-0.0005319651207873085,0.029419354838709676,0.0,0.0,0.0026678390128243613
27,3,1307070,0,195,24.01,0.04,4.56,19.538,0.04048708728342543,-4.470826884717738e-05,0.08699999999999974,-0.000513888147668707,0.029419354838709676,0.0,0.0,-0.004509023683646933
27,3,1307113,0,195,23.9,0.04,4.56,19.581,0.040274599542333575,-4.295530499160893e-05,0.08699999999999974,-0.0004937391378345868,0.029419354838709676,0.0,0.0,-0.005260527630921316
27,3,1307157,0,195,23.79,0.04,4.56,19.625,0.040029421379535274,-4.111044697530364e-05,0.08999999999999986,-0.0004567827441700411,0.029419354838709676,-0.007168458781362013,0.0,-0.005811630525589322
27,3,1307203,0,195,23.68,0.04,4.46,19.671,0.03975155279503054,-3.914277481700967e-05,0.08899999999999864,-0.00043980645861809293,0.028774193548387096,-0.007249003262051574,0.0,-0.0066115459631002045
27,3,1307246,0,195,23.68,0.04,4.46,19.714,0.039440993788819365,-3.708466911562702e-05,0.08699999999999974,-0.0004262605645474383,0.028774193548387096,0.0,0.0,0.002855714999643037
27,3,1307290,0,195,23.57,0.04,4.46,19.758,0.03999999999999948,-3.514429141947595e-05,0.08699999999999974,-0.00040395737263765574,0.028774193548387096,0.0,0.0,0.006425358749196752
27,3,1307333,0,195,23.57,0.04,4.46,19.801,0.03999999999999948,-3.3672268903410795e-05,0.08699999999999974,-0.0003870375736024241,0.028774193548387096,-0.006674082313681888,0.0,0.0
27,3,1307377,0,195,23.35,0.04,4.37,19.845,0.03999999999999948,-3.302197424200681e-05,0.0940000000000012,-0.00035129759831921696,0.028193548387096774,0.0,0.0,0.0
27,3,1307427,0,195,23.35,0.04,4.46,19.895,0.03999999999999948,-3.3390942449747384e-05,0.09299999999999997,-0.00035904239193276766,0.028774193548387096,0.0,0.0,0.0
27,3,1307470,0,195,23.35,0.04,4.37,19.938,0.03999999999999948,-3.47175113484548e-05,0.08699999999999974,-0.00039905185457994136,0.028193548387096774,-0.006674082313681888,0.0,0.0
27,3,1307514,0,195,23.24,0.04,4.37,19.982,0.03999999999999948,-3.66755908343972e-05,0.08699999999999974,-0.00042155851533790006,0.028193548387096774,0.0,0.0,0.0
27,3,1307557,0,195,23.13,0.04,4.37,20.025,0.03999999999999948,-3.8774593507957534e-05,0.08900000000000219,-0.0004356695899770402,0.028193548387096774,0.0,0.0,0.0
27,3,1307603,0,195,23.02,0.04,4.37,20.071,0.03999999999999948,-4.0532963564366755e-05,0.09100000000000108,-0.00044541718202600303,0.028193548387096774,-0.007089684509039297,0.0,0.0
27,3,1307648,0,195,23.02,0.04,4.27,20.116,0.03999999999999948,-4.165496391433709e-05,0.08799999999999741,-0.00047335186266293545,0.02754838709677419,-0.007331378299120485,0.0,0.0
27,3,1307691,0,195,22.91,0.04,4.27,20.159,0.03999999999999948,-4.211617246050192e-05,0.08699999999999974,-0.00048409393632760974,0.02754838709677419,0.0,0.0,0.0
27,3,1307735,0,195,22.91,0.04,4.27,20.203,0.03999999999999948,-4.21001688829401e-05,0.08699999999999974,-0.0004839099871602325,0.02754838709677419,0.0,0.0,0.0
27,3,1307778,0,195,22.8,0.04,4.27,20.246,0.03999999999999948,-4.183613108789785e-05,0.08699999999999974,-0.0004808750699758388,0.02754838709677419,0.0,0.0,0.0
27,3,1307822,0,195,22.69,0.04,4.27,20.29,0.03999999999999948,-4.146627146870952e-05,0.08699999999999974,-0.00047662380998516826,0.02754838709677419,-0.007415647015202053,0.0,0.0
27,3,1307865,0,195,22.69,0.04,4.17,20.333,0.03999999999999948,-4.102458042603008e-05,0.08699999999999974,-0.000471546901448623,0.026903225806451613,-0.007415647015202053,0.0,0.0
27,3,1307909,0,195,22.58,0.04,4.17,20.377,0.03999999999999948,-4.0486330772445456e-05,0.0870000000000033,-0.0004653601238211945,0.026903225806451613,0.0,0.0,0.0
27,3,1307952,0,195,22.47,0.04,4.17,20.42,0.03999999999999948,-3.980001136507738e-05,0.08900000000000219,-0.00044719113893344276,0.026903225806451613,0.0,0.0,0.0
27,3,1307998,0,195,22.47,0.04,4.17,20.466,0.03999999999999948,-3.888671945680855e-05,0.08999999999999986,-0.00043207466063120676,0.026903225806451613,0.0,0.0,0.0
27,3,1308042,0,195,22.36,0.04,4.17,20.51,0.03999999999999948,-3.7669457623248806e-05,0.08699999999999974,-0.00043298227153159674,0.026903225806451613,-0.007415647015202093,0.0,0.0
27,3,1308085,0,195,22.36,0.04,4.07,20.553,0.03999999999999948,-3.615914506080387e-05,0.08699999999999974,-0.00041562235702073534,0.026258064516129033,-0.007415647015202093,0.0,0.0
27,3,1308129,0,195,22.25,0.04,4.07,20.597,0.03999999999999948,-3.4522168541287534e-05,0.08699999999999974,-0.0003968065349573291,0.026258064516129033,0.0,0.0,0.0
27,3,1308172,0,195,22.14,0.04,4.07,20.64,0.03999999999999948,-3.303393720626513e-05,0.08699999999999974,-0.000379700427658221,0.026258064516129033,0.0,0.0,0.0
27,3,1308216,0,195,22.14,0.04,4.07,20.684,0.03999999999999948,-3.193138615726454e-05,0.08699999999999974,-0.0003670274270949958,0.026258064516129033,0.0,0.0,0.0
27,3,1308259,0,195,22.03,0.04,4.07,20.727,0.03999999999999948,-3.129449175989052e-05,0.08699999999999974,-0.00035970680183782314,0.026258064516129033,0.0,0.0,0.0
27,3,1308303,0,195,22.03,0.04,4.07,20.771,0.03999999999999948,-3.107390302547408e-05,0.08699999999999974,-0.0003571712991433813,0.026258064516129033,-0.007415647015202093,0.0,0.0
27,3,1308346,0,195,21.92,0.04,3.97,20.814,0.03999999999999948,-3.124116528789811e-05,0.08899999999999864,-0.0003510243290775122,0.025612903225806453,-0.007249003262051574,0.0,0.0
27,3,1308392,0,195,21.81,0.04,3.97,20.86,0.03999999999999948,-3.190641125468608e-05,0.08999999999999986,-0.0003545156806076236,0.025612903225806453,0.0,0.0,0.0
27,3,1308436,0,195,21.7,0.04,3.97,20.904,0.03999999999999948,-3.3261632247464146e-05,0.08699999999999974,-0.0003823176120398189,0.025612903225806453,0.0,0.0,0.0
27,3,1308479,0,195,21.7,0.04,3.97,20.947,0.03999999999999948,-3.5365405554858675e-05,0.08699999999999974,-0.0004064989144236641,0.025612903225806453,0.0,0.0,0.0
27,3,1308523,0,195,21.59,0.04,3.97,20.991,0.03999999999999948,-3.794042728895608e-05,0.08699999999999974,-0.00043609686539030105,0.025612903225806453,0.0,0.0,0.0
27,3,1308566,0,195,21.48,0.04,3.97,21.034,0.03999999999999948,-4.036104164007659e-05,0.08699999999999974,-0.0004639200188514564,0.025612903225806453,-0.007415647015202093,0.0,0.0
27,3,1308610,0,195,21.48,0.04,3.87,21.078,0.03999999999999948,-4.186264326332711e-05,0.08699999999999974,-0.00048117980762445097,0.024967741935483873,-0.007415647015202093,0.0,0.0
27,3,1308653,0,195,21.37,0.04,3.87,21.121,0.03999999999999948,-4.1843274275985996e-05,0.08699999999999974,-0.00048095717558604734,0.024967741935483873,0.0,0.0,0.0
27,3,1308697,0,195,21.37,0.04,3.87,21.165,0.03999999999999948,-4.0087338646686455e-05,0.08699999999999974,-0.000460774007433179,0.024967741935483873,0.0,0.0,0.0
27,3,1308740,0,195,21.26,0.04,3.87,21.208,0.03999999999999948,-3.683139876575625e-05,0.08900000000000219,-0.0004138359411882623,0.024967741935483873,-0.007249003262051324,0.0,0.0
27,3,1308786,0,195,21.26,0.04,3.77,21.254,0.03999999999999948,-3.2697697030017013e-05,0.08900000000000219,-0.00036738985426984505,0.02432258064516129,0.0,0.0,0.0
27,3,1308829,0,195,21.15,0.04,3.87,21.297,0.03999999999999948,-2.8552053032737666e-05,0.08699999999999974,-0.0003281845176176753,0.024967741935483873,0.0,0.0,0.0
27,3,1308873,0,195,21.04,0.04,3.77,21.341,0.03999999999999948,-2.532142247304714e-05,0.08699999999999974,-0.0002910508330235312,0.02432258064516129,-0.007415647015202133,0.0,0.0
27,3,1308916,0,195,21.04,0.04,3.77,21.384,0.03999999999999948,-2.3788076354181787e-05,0.08699999999999974,-0.00027342616499059606,0.02432258064516129,0.0,0.0,0.0
27,3,1308960,0,195,21.04,0.04,3.77,21.428,0.03999999999999948,-2.4381775155523756e-05,0.08699999999999974,-0.00028025028914395206,0.02432258064516129,0.0,0.0,0.0
27,3,1309003,0,195,20.93,0.04,3.77,21.471,0.03999999999999948,-2.7021588554549058e-05,0.08699999999999974,-0.0003105929718913694,0.02432258064516129,0.0,0.0,0.0
27,3,1309047,0,195,20.82,0.04,3.77,21.515,0.03999999999999948,-3.1090884003797114e-05,0.08800000000000097,-0.0003533055000431451,0.02432258064516129,0.0,0.0,0.0
27,3,1309091,0,195,20.82,0.04,3.77,21.559,0.03999999999999948,-3.5601618008208824e-05,0.08699999999999974,-0.0004092140000943555,0.02432258064516129,-0.007415647015202093,0.0,0.0
27,3,1309134,0,195,20.71,0.04,3.67,21.602,0.03999999999999948,-3.9499110371476575e-05,0.08899999999999864,-0.00044381022889300204,0.02367741935483871,-0.007249003262051574,0.0,0.0
27,3,1309180,0,195,20.6,0.04,3.67,21.648,0.03999999999999948,-4.195933993066392e-05,0.08899999999999864,-0.00047145325764791644,0.02367741935483871,0.0,0.0,0.0
27,3,1309223,0,195,20.6,0.04,3.67,21.691,0.03999999999999948,-4.2545905747298994e-05,0.08699999999999974,-0.0004890333993942428,0.02367741935483871,0.0,0.0,0.0
27,3,1309267,0,195,20.49,0.04,3.67,21.735,0.03999999999999948,-4.1219829267896024e-05,0.08699999999999974,-0.00047379114101030054,0.02367741935483871,0.0,0.0,0.0
27,3,1309310,0,195,20.49,0.04,3.67,21.778,0.03999999999999948,-3.8296992982282954e-05,0.08800000000000097,-0.0004351931020713924,0.02367741935483871,-0.007331378299120149,0.0,0.0
27,3,1309355,0,195,20.38,0.04,3.57,21.823,0.03999999999999948,-3.441325150376962e-05,0.08800000000000097,-0.0003910596761791959,0.02303225806451613,-0.007331378299120149,0.0,-0.006352343308864883
27,3,1309398,0,195,20.27,0.04,3.57,21.866,0.039440993788819365,-3.0444673642205266e-05,0.08699999999999974,-0.00034993877749661326,0.02303225806451613,0.0,0.0,-0.002855714999643037
27,3,1309442,0,195,20.27,0.04,3.57,21.91,0.03975155279503054,-2.729998849091686e-05,0.08699999999999974,-0.00031379297115996486,0.02303225806451613,0.0,0.0,0.0067635355254702404
27,3,1309485,0,195,20.27,0.04,3.57,21.953,0.040029421379535274,-2.561087304429144e-05,0.08699999999999974,-0.00029437785108381054,0.02303225806451613,0.0,0.0,0.0060120315781958585
27,3,1309529,0,195,20.16,0.04,3.57,21.997,0.040274599542333575,-2.547826742189363e-05,0.08999999999999986,-0.000283091860243263,0.02303225806451613,0.0,0.0,0.005085176709890599
27,3,1309575,0,195,20.05,0.04,3.57,22.043,0.04048708728342543,-2.644754676002137e-05,0.08899999999999864,-0.00029716344674181767,0.02303225806451613,0.0,0.0,0.004407697308733574
27,3,1309618,0,195,20.05,0.04,3.57,22.086,0.04066688460281086,-2.7759658406286912e-05,0.08699999999999974,-0.00031907653340559764,0.02303225806451613,-0.007415647015202093,0.0,0.0037575197363723914
27,3,1309662,0,195,19.94,0.04,3.47,22.13,0.040813991500489824,-2.8747719309397013e-05,0.08699999999999974,-0.0003304335552804264,0.022387096774193548,-0.007415647015202093,0.0,0.0030060157890978495
27,3,1309705,0,195,19.94,0.04,3.47,22.173,0.04092840797646237,-2.9141511072866777e-05,0.08699999999999974,-0.0003349598973892743,0.022387096774193548,0.0,0.0,0.0022545118418234667
27,3,1309749,0,195,19.83,0.04,3.47,22.217,0.041010134030728465,-2.909568154011666e-05,0.0870000000000033,-0.0003344331211507535,0.022387096774193548,0.0,0.0,0.0015030078945487836
27,3,1309792,0,195,19.72,0.04,3.47,22.26,0.04105916966328812,-2.8950273219186417e-05,0.08699999999999974,-0.00033276176114007474,0.022387096774193548,0.0,0.11494252873563254,0.0007515039472745421
27,3,1309836,0,195,19.72,0.05,3.47,22.304,0.04107551487414135,-2.8918518820827632e-05,0.08699999999999974,-0.000332396768055491,0.022387096774193548,0.0,0.0,0.0
27,3,1309879,0,195,19.61,0.04,3.47,22.347,0.04105916966328812,-2.8932871180358254e-05,0.08699999999999974,-0.0003325617377052683,0.022387096774193548,0.0,-0.11494252873563254,-0.0007515039472745421
27,3,1309923,0,195,19.61,0.04,3.47,22.391,0.041010134030728465,-2.875106273998762e-05,0.08999999999999986,-0.0003194562526665296,0.022387096774193548,-0.007168458781362013,0.0,-0.0014529076313972147
27,3,1309969,0,195,19.5,0.04,3.37,22.437,0.04092840797646237,-2.8228578243449486e-05,0.08900000000000219,-0.00031717503644324485,0.021741935483870968,-0.007249003262051285,0.0,-0.002203848654366699
27,3,1310012,0,195,19.39,0.04,3.37,22.48,0.040813991500489824,-2.7535187952449912e-05,0.08699999999999974,-0.00031649641324655166,0.021741935483870968,0.0,0.0,-0.0030060157890978495
27,3,1310056,0,195,19.39,0.04,3.37,22.524,0.04066688460281086,-2.7129188937228487e-05,0.08699999999999974,-0.0003118297578991789,0.021741935483870968,0.0,0.0,-0.0037575197363723914
27,3,1310099,0,195,19.28,0.04,3.37,22.567,0.04048708728342543,-2.748738904962167e-05,0.08699999999999974,-0.00031594700057036495,0.021741935483870968,0.0,0.0,-0.004509023683646933
27,3,1310143,0,195,19.28,0.04,3.37,22.611,0.040274599542333575,-2.8776483332066505e-05,0.08699999999999974,-0.00033076417623065045,0.021741935483870968,0.0,0.0,-0.005260527630921316
27,3,1310186,0,195,19.28,0.04,3.37,22.654,0.040029421379535274,-3.069587944686214e-05,0.08699999999999974,-0.00035282620053864633,0.021741935483870968,0.0,0.0,-0.0060120315781958585
27,3,1310230,0,195,19.17,0.04,3.37,22.698,0.03975155279503054,-3.2603281236951885e-05,0.08699999999999974,-0.00037475035904542504,0.021741935483870968,-0.007415647015202093,0.0,-0.0067635355254702404
27,3,1310273,0,195,19.06,0.04,3.27,22.741,0.039440993788819365,-3.3845287744374896e-05,0.08699999999999974,-0.00038902629591235625,0.021096774193548388,-0.007415647015202093,0.0,0.002855714999643037
27,3,1310317,0,195,19.06,0.04,3.27,22.785,0.03999999999999948,-3.408312731489316e-05,0.08999999999999986,-0.0003787014146099246,0.021096774193548388,0.0,0.0,0.006211180124223519
27,3,1310363,0,195,18.95,0.04,3.27,22.831,0.03999999999999948,-3.3422641858039e-05,0.08899999999999864,-0.0003755353017757249,0.021096774193548388,0.0,0.0,0.0
27,3,1310406,0,195,18.95,0.04,3.27,22.874,0.03999999999999948,-3.231058340160509e-05,0.08699999999999974,-0.00037138601611040443,0.021096774193548388,0.0,0.0,0.0
27,3,1310450,0,195,18.84,0.04,3.27,22.918,0.03999999999999948,-3.1307254319561826e-05,0.08699999999999974,-0.0003598534979259991,0.021096774193548388,-0.007415647015202093,0.0,0.0
27,3,1310493,0,195,18.73,0.04,3.17,22.961,0.03999999999999948,-3.086896619412194e-05,0.08699999999999974,-0.00035481570338071296,0.020451612903225808,0.0,0.0,0.0
27,3,1310537,0,195,18.62,0.04,3.27,23.005,0.03999999999999948,-3.12024239957287e-05,0.08699999999999974,-0.0003586485516750436,0.021096774193548388,0.0,0.0,-0.006425358749196752
27,3,1310580,0,195,18.73,0.04,3.17,23.048,0.039440993788819365,-3.219433651336212e-05,0.08699999999999974,-0.0003700498449811749,0.020451612903225808,-0.007415647015202093,0.0,-0.002855714999643037
27,3,1310624,0,195,18.62,0.04,3.17,23.092,0.03975155279503054,-3.3411325429548275e-05,0.0870000000000033,-0.0003840382233281265,0.020451612903225808,0.0,0.0,0.006763535525469965
27,3,1310667,0,195,18.62,0.04,3.17,23.135,0.040029421379535274,-3.417666986910328e-05,0.08699999999999974,-0.000392835285851763,0.020451612903225808,0.0,0.0,0.0060120315781958585
27,3,1310711,0,195,18.51,0.04,3.17,23.179,0.040274599542333575,-3.3739923732643894e-05,0.08999999999999986,-0.00037488804147382164,0.020451612903225808,0.0,0.0,0.005085176709890599
27,3,1310757,0,195,18.51,0.04,3.17,23.225,0.04048708728342543,-3.154196382189989e-05,0.08900000000000219,-0.0003544040878865069,0.020451612903225808,-0.0065241029358461605,0.0,0.004407697308733398
27,3,1310800,0,195,18.4,0.04,3.08,23.268,0.04066688460281086,-2.751116407756582e-05,0.08699999999999974,-0.00031622027675363106,0.019870967741935485,-0.006674082313681888,0.0,0.0037575197363723914
27,3,1310844,0,195,18.29,0.04,3.08,23.312,0.040813991500489824,-2.2242197260240902e-05,0.08699999999999974,-0.0002556574397728847,0.019870967741935485,0.0,0.0,0.0030060157890978495
27,3,1310887,0,195,18.29,0.04,3.08,23.355,0.04092840797646237,-1.6913436367235856e-05,0.08699999999999974,-0.00019440731456592996,0.019870967741935485,0.0,0.0,0.0022545118418234667
27,3,1310931,0,195,18.18,0.04,3.08,23.399,0.041010134030728465,-1.2930233292861803e-05,0.08899999999999864,-0.00014528352014451688,0.019870967741935485,0.0,0.0,0.0014692324362443948
27,3,1310976,0,195,18.18,0.04,3.08,23.444,0.04105916966328812,-1.1440061040944194e-05,0.08799999999999741,-0.00013000069364709694,0.019870967741935485,0.0,0.113636363636367,0.0007429641296918965
27,3,1311019,0,195,18.07,0.05,3.08,23.487,0.04107551487414135,-1.2930261767956974e-05,0.08699999999999974,-0.0001486236984822645,0.019870967741935485,0.0,0.0,0.0
27,3,1311063,0,195,18.07,0.04,3.08,23.531,0.04105916966328812,-1.7070064812868767e-05,0.08800000000000097,-0.00019397800923714296,0.019870967741935485,0.0,-0.11363636363636241,-0.0007429641296918666
27,3,1311107,0,195,17.96,0.04,3.08,23.575,0.041010134030728465,-2.2851437266094178e-05,0.08900000000000219,-0.0002567577220909395,0.019870967741935485,0.0,0.0,-0.001469232436244336
27,3,1311152,0,195,17.96,0.04,3.08,23.62,0.04092840797646237,-2.8964088411155054e-05,0.08900000000000219,-0.00032543919563094765,0.019870967741935485,-0.007249003262051324,0.0,-0.002203848654366699
27,3,1311196,0,195,17.96,0.04,2.98,23.664,0.040813991500489824,-3.423464678041377e-05,0.08799999999999741,-0.0003890300770501679,0.0192258064516129,-0.007331378299120485,0.0,-0.0029718565187672706
27,3,1311240,0,195,17.85,0.04,2.98,23.708,0.04066688460281086,-3.7919600950096835e-05,0.08699999999999974,-0.0004358574821850224,0.0192258064516129,0.0,0.0,-0.0037575197363723914
27,3,1311283,0,195,17.73,0.04,2.98,23.751,0.04048708728342543,-3.972697409528392e-05,0.0870000000000033,-0.0004566318861526714,0.0192258064516129,0.0,0.0,-0.0045090236836467495
27,3,1311327,0,195,17.73,0.04,2.98,23.795,0.040274599542333575,-3.962828772195825e-05,0.08799999999999741,-0.00045032145138590245,0.0192258064516129,0.0,0.0,-0.0052007489078428025
27,3,1311371,0,195,17.62,0.04,2.98,23.839,0.040029421379535274,-3.766853468579967e-05,0.08799999999999741,-0.0004280515305204634,0.0192258064516129,0.0,0.0,0.0004086302713305983
27,3,1311415,0,195,17.62,0.04,2.98,23.883,0.04031055900621067,-3.395572197561636e-05,0.08699999999999974,-0.0003902956548921432,0.0192258064516129,-0.007415647015202093,0.0,-0.003907820525827204
27,3,1311458,0,195,17.51,0.04,2.88,23.926,0.03968944099378831,-2.883093322708241e-05,0.08699999999999974,-0.00033139003709290225,0.01858064516129032,-0.007415647015202093,0.0,-0.003907820525827364
27,3,1311502,0,195,17.4,0.04,2.88,23.97,0.03997057862046369,-2.303976296189081e-05,0.08999999999999986,-0.00025599736624323165,0.01858064516129032,0.0,0.0,0.00039954959863419746
27,3,1311548,0,195,17.4,0.04,2.88,24.016,0.039725400457665386,-1.770104153769303e-05,0.08999999999999986,-0.00019667823930770063,0.01858064516129032,0.0,0.0,-0.005085176709890599
27,3,1311592,0,195,17.4,0.04,2.88,24.06,0.039512912716573534,-1.4016025305626734e-05,0.0870000000000033,-0.00016110373914512876,0.01858064516129032,0.0,0.0,-0.00450902368364667
27,3,1311635,0,195,17.4,0.04,2.88,24.103,0.03933311539718811,-1.2847615463535079e-05,0.08699999999999974,-0.00014767374096017374,0.01858064516129032,0.0,0.0,-0.0037575197363723914
27,3,1311679,0,195,17.29,0.04,2.88,24.147,0.03918600849950914,-1.438196480338938e-05,0.08699999999999974,-0.00016530994026884394,0.01858064516129032,0.0,0.0,-0.0030060157890978495
27,3,1311722,0,195,17.18,0.04,2.88,24.19,0.0390715920235366,-1.8038787324118565e-05,0.0870000000000033,-0.00020734238303583773,0.01858064516129032,0.0,0.0,-0.0022545118418233747
27,3,1311766,0,195,17.18,0.04,2.88,24.234,0.038989865969270496,-2.2682888730290784e-05,0.08799999999999741,-0.00025776009920785737,0.01858064516129032,0.0,0.0,-0.0014859282593837142
27,3,1311810,0,195,17.18,0.04,2.88,24.278,0.038940830336710835,-2.7060306286235125e-05,0.08699999999999974,-0.0003110380032900598,0.01858064516129032,-0.007415647015202093,-0.11494252873563254,-0.0007515039472744624
27,3,1311853,0,195,17.07,0.03,2.78,24.321,0.03892448512585762,-3.0268507146657964e-05,0.08699999999999974,-0.00034791387524894313,0.01793548387096774,-0.007415647015202093,0.0,0.0
27,3,1311897,0,195,16.96,0.04,2.78,24.365,0.038940830336710835,-3.202627061258223e-05,0.09699999999999775,-0.00033016773827405124,0.01793548387096774,0.0,0.10309278350515705,0.0006740293135348407
27,3,1311950,0,195,16.96,0.04,2.78,24.418,0.038989865969270496,-3.2600398313515024e-05,0.09600000000000009,-0.00033958748243244786,0.01793548387096774,0.0,0.0,0.0013621009044350301
27,3,1311993,0,195,16.85,0.04,2.78,24.461,0.0390715920235366,-3.245224896053944e-05,0.08699999999999974,-0.0003730143558682705,0.01793548387096774,0.0,0.0,0.0022545118418234667
27,3,1312037,0,195,16.85,0.04,2.78,24.505,0.03918600849950914,-3.184709142574782e-05,0.08800000000000097,-0.0003618987662016758,0.01793548387096774,0.0,0.0,0.0029718565187671505
27,3,1312081,0,195,16.74,0.04,2.78,24.549,0.03933311539718811,-3.0686182845364396e-05,0.08800000000000097,-0.0003487066232427734,0.01793548387096774,0.0,0.0,0.003714820648459017
27,3,1312125,0,195,16.74,0.04,2.78,24.593,0.039512912716573534,-2.8666836985826282e-05,0.08699999999999974,-0.00032950387340030307,0.01793548387096774,-0.007415647015202093,0.0,0.0045090236836468536
27,3,1312168,0,195,16.63,0.04,2.68,24.636,0.039725400457665386,-2.565447290179934e-05,0.08699999999999974,-0.0002948789988712576,0.01729032258064516,-0.007415647015202093,0.0,0.005260527630921316
27,3,1312212,0,195,16.63,0.04,2.68,24.68,0.03997057862046369,-2.200125003935982e-05,0.08900000000000219,-0.0002472050566220144,0.01729032258064516,0.0,0.0,0.0058769297449778116
27,3,1312257,0,195,16.52,0.04,2.68,24.725,0.040248447204968424,-1.857194399595041e-05,0.08899999999999864,-0.00020867352804438983,0.01729032258064516,0.0,0.0,0.0066115459631002045
27,3,1312301,0,195,16.52,0.04,2.68,24.769,0.040559006211179596,-1.642811564479274e-05,0.08899999999999864,-0.00018458556904261787,0.01729032258064516,0.0,0.0,-0.002791541628864576
27,3,1312346,0,195,16.52,0.04,2.68,24.814,0.03999999999999948,-1.6335655199356757e-05,0.08900000000000219,-0.00018354668763321746,0.01729032258064516,0.0,0.0,-0.006280968664944968
27,3,1312390,0,195,16.41,0.04,2.68,24.858,0.03999999999999948,-1.8354505808786837e-05,0.08800000000000097,-0.00020857392964530267,0.01729032258064516,0.0,0.0,0.0
27,3,1312434,0,195,16.41,0.04,2.68,24.902,0.03999999999999948,-2.1718708222457918e-05,0.08699999999999974,-0.00024964032439606874,0.01729032258064516,0.0,0.0,0.0
27,3,1312477,0,195,16.3,0.04,2.68,24.945,0.03999999999999948,-2.5083848433422595e-05,0.08699999999999974,-0.00028832009693589275,0.01729032258064516,0.0,0.0,0.0
27,3,1312521,0,195,16.3,0.04,2.68,24.989,0.03999999999999948,-2.7064227796759876e-05,0.08699999999999974,-0.00031108307812367764,0.01729032258064516,-0.007415647015202093,0.0,0.0
27,3,1312564,0,195,16.19,0.04,2.58,25.032,0.03999999999999948,-2.6839722449030658e-05,0.08699999999999974,-0.00030850255688541077,0.01664516129032258,-0.007415647015202093,0.0,0.0
27,3,1312608,0,195,16.19,0.04,2.58,25.076,0.03999999999999948,-2.4544209849025832e-05,0.08699999999999974,-0.00028211735458650466,0.01664516129032258,0.0,0.0,0.0
27,3,1312651,0,195,16.08,0.04,2.58,25.119,0.03999999999999948,-2.1226829500980314e-05,0.08699999999999974,-0.00024398654598828019,0.01664516129032258,0.0,0.0,0.006425358749196752
27,3,1312695,0,195,16.19,0.04,2.58,25.163,0.040559006211179596,-1.8391321184766162e-05,0.08899999999999864,-0.00020664405825580274,0.01664516129032258,0.0,0.0,0.002791541628864576
27,3,1312740,0,195,16.08,0.04,2.58,25.208,0.040248447204968424,-1.733359378547039e-05,0.08899999999999864,-0.00019475948073562535,0.01664516129032258,0.0,0.0,-0.0066115459631002045
27,3,1312784,0,195,15.97,0.04,2.58,25.252,0.03997057862046369,-1.8579002319598638e-05,0.08800000000000097,-0.00021112502635907312,0.01664516129032258,0.0,0.0,0.00040863027133058175
27,3,1312828,0,195,15.97,0.04,2.58,25.296,0.040284406668845515,-2.1653358673993762e-05,0.08699999999999974,-0.00024888918016084856,0.01664516129032258,0.0,0.0,-0.0024048126312782793
27,3,1312871,0,195,15.86,0.04,2.58,25.339,0.03976135992154248,-2.5275787214835254e-05,0.08699999999999974,-0.00029052628982569344,0.01664516129032258,0.0,0.0,-0.011272559209117254
27,3,1312915,0,195,15.86,0.04,2.58,25.383,0.03930369401765232,-2.7896728540973025e-05,0.08699999999999974,-0.0003206520521950932,0.01664516129032258,-0.007415647015202093,0.0,-0.00976955131456825
27,3,1312958,0,195,15.75,0.04,2.48,25.426,0.03891140895717504,-2.8356467630842985e-05,0.08699999999999974,-0.0003259364095499203,0.016,-0.007415647015202093,0.0,-0.008266543420019245
27,3,1313002,0,195,15.75,0.04,2.48,25.47,0.038584504740110645,-2.6367914347573685e-05,0.0870000000000033,-0.0003030794752594562,0.016,0.0,0.0,-0.006763535525469965
27,3,1313045,0,195,15.64,0.04,2.48,25.513,0.03832298136645913,-2.2602194233732666e-05,0.08699999999999974,-0.0002597953360199165,0.016,0.0,0.0,-0.005260527630921316
27,3,1313089,0,195,15.64,0.04,2.48,25.557,0.03812683883622049,-1.8362036308889883e-05,0.08899999999999864,-0.00020631501470663106,0.016,0.0,-0.1123595505617995,-0.0036730810906112597
27,3,1313134,0,195,15.64,0.03,2.48,25.602,0.037996077149394736,-1.5032558430093435e-05,0.08900000000000219,-0.00016890515089992207,0.016,0.0,0.0,-0.0022038486543666212
27,3,1313178,0,195,15.53,0.04,2.48,25.646,0.03793069630598186,-1.3570281467000456e-05,0.08800000000000097,-0.0001542077439431853,0.016,0.0,0.11363636363636241,-0.0007429641296917876
27,3,1313222,0,195,15.53,0.04,2.48,25.69,0.03793069630598186,-1.4219084760884293e-05,0.08699999999999974,-0.00016343775587223373,0.016,0.0,-0.11494252873563254,0.007176862696471215
27,3,1313265,0,195,15.42,0.03,2.48,25.733,0.03855508336057485,-1.6506279505899448e-05,0.08699999999999974,-0.00018972735064252293,0.016,-0.007415647015202113,0.0,0.011535585590663176
27,3,1313309,0,195,15.42,0.04,2.38,25.777,0.03893429225236955,-1.9455012788889725e-05,0.08699999999999974,-0.00022362083665390553,0.015354838709677418,0.0,0.11494252873563254,0.00627505795974194
27,3,1313352,0,195,15.31,0.04,2.48,25.82,0.0391010134030724,-2.1905764142724938e-05,0.08699999999999974,-0.000251790392445115,0.016,0.007415647015202113,0.0,-0.004659324473101746
27,3,1313396,0,195,15.31,0.04,2.48,25.864,0.0385289310232097,-2.2870556327817316e-05,0.08699999999999974,-0.00026287995779100443,0.016,-0.007415647015202113,0.0,-0.011272559209117175
27,3,1313439,0,195,15.2,0.04,2.38,25.907,0.03812030075187921,-2.1868619163959657e-05,0.08699999999999974,-0.0002513634386662037,0.015354838709677418,-0.007415647015202113,0.0,-0.0010896807235480303
27,3,1313483,0,195,15.2,0.04,2.38,25.951,0.03843412880026102,-1.9148096135168213e-05,0.08999999999999986,-0.0002127566237240916,0.015354838709677418,0.0,0.0,-0.0008717445788383752
27,3,1313529,0,195,15.2,0.04,2.38,25.997,0.038041843739783754,-1.5661011794727563e-05,0.08899999999999864,-0.00017596642465986297,0.015354838709677418,0.0,0.0,-0.0066115459631002045
27,3,1313572,0,195,15.09,0.04,2.38,26.04,0.03784570120954511,-1.2741598306515111e-05,0.08699999999999974,-0.00014645515294844997,0.015354838709677418,0.0,0.0,-0.006199907565014374
27,3,1313616,0,195,15.09,0.04,2.38,26.084,0.037502451781627505,-1.1600833901747265e-05,0.08699999999999974,-0.0001333429184108885,0.015354838709677418,0.0,0.0,-0.003156316578552742
27,3,1313659,0,195,14.98,0.04,2.38,26.127,0.037571101667211025,-1.2849553357672682e-05,0.08699999999999974,-0.00014769601560543356,0.015354838709677418,0.0,-0.11494252873563254,0.000263026381546002
27,3,1313703,0,195,14.98,0.03,2.38,26.171,0.03752533507682201,-1.6240117527609234e-05,0.08699999999999974,-0.00018666801755872736,0.015354838709677418,0.0,-0.11494252873563254,-0.012362239932665125
27,3,1313746,0,195,14.98,0.03,2.38,26.214,0.03649558679306916,-2.0720513558865062e-05,0.08699999999999974,-0.00023816682251569108,0.015354838709677418,0.0,0.0,-0.018186395524042307
27,3,1313790,0,195,14.87,0.03,2.38,26.258,0.03594311866623033,-2.4779821541599745e-05,0.08699999999999974,-0.00028482553496091747,0.015354838709677418,-0.007415647015202093,0.11494252873563254,-0.01326404466939456
27,3,1313833,0,195,14.87,0.04,2.28,26.301,0.03534161490683184,-2.696083518206871e-05,0.08800000000000097,-0.0003063731270689592,0.014709677419354838,0.0,0.11363636363636241,-0.02020862432761694
27,3,1313878,0,195,14.76,0.04,2.38,26.346,0.03416475972540002,-2.6360137785775172e-05,0.09100000000000108,-0.00028967184379972375,0.015354838709677418,0.0,-0.10989010989010861,-0.016129669611199125
27,3,1313924,0,195,14.76,0.03,2.28,26.392,0.0338738149722127,-2.2953271759830417e-05,0.08899999999999864,-0.000257901929885739,0.014709677419354838,-0.007249003262051574,0.0,-0.006354430286757481
27,3,1313967,0,195,14.76,0.04,2.28,26.435,0.033599215429878614,-1.7648275154051874e-05,0.08699999999999974,-0.0002028537374028957,0.014709677419354838,0.0,0.11494252873563254,-0.012174363945846449
27,3,1314011,0,195,14.76,0.04,2.28,26.479,0.03281464530892406,-1.2044956283973729e-05,0.08699999999999974,-0.0001384477733790088,0.014709677419354838,0.0,-0.11494252873563254,-0.007101712301743808
27,3,1314054,0,195,14.65,0.03,2.28,26.522,0.032981366459626904,-7.95677591871069e-06,0.08699999999999974,-9.145719446793923e-05,0.014709677419354838,0.0,-0.11494252873563254,0.004772050065192856
27,3,1314098,0,195,14.65,0.03,2.28,26.566,0.03322981366459584,-6.833858184577046e-06,0.0870000000000033,-7.855009407559525e-05,0.014709677419354838,0.0,0.0,0.007026561907016036
27,3,1314141,0,195,14.54,0.03,2.28,26.609,0.03359267734553732,-9.268767717233838e-06,0.08699999999999974,-0.00010653755996820535,0.014709677419354838,0.0,0.0,-0.0003381767762734881
27,3,1314185,0,195,14.54,0.03,2.28,26.653,0.03320039228506005,-1.4744503250504692e-05,0.08699999999999974,-0.00016947704885637626,0.014709677419354838,0.0,0.0,-0.011272559209117175
27,3,1314228,0,195,14.43,0.03,2.28,26.696,0.03261196469434413,-2.1717452931078184e-05,0.08699999999999974,-0.0002496258957595201,0.014709677419354838,0.0,0.0,-0.02220694164196078
27,3,1314272,0,195,14.43,0.03,2.28,26.74,0.031268388362209465,-2.8042514527936825e-05,0.08999999999999986,-0.0003115834947548541,0.014709677419354838,0.0,0.11111111111111131,-0.012349714866877212
27,3,1314318,0,195,14.43,0.04,2.28,26.786,0.031500490356325184,-3.164468127823694e-05,0.08900000000000219,-0.0003555582166093951,0.014709677419354838,-0.007249003262051266,0.0,0.0005876929744977656
27,3,1314361,0,195,14.32,0.03,2.18,26.829,0.03132069303693977,-3.122993772403548e-05,0.08699999999999974,-0.00035896480142569623,0.01406451612903226,-0.007415647015202073,-0.11494252873563254,-0.008867746577838736
27,3,1314405,0,195,14.21,0.03,2.18,26.873,0.030728996404053216,-2.6765654924802984e-05,0.08699999999999974,-0.0003076512060322191,0.01406451612903226,0.0,0.11494252873563254,0.0045090236836468536
27,3,1314448,0,195,14.21,0.04,2.18,26.916,0.03171297809741704,-1.9524919926539043e-05,0.08699999999999974,-0.0002244243669717138,0.01406451612903226,0.0,0.0,0.024311152694329274
27,3,1314492,0,195,14.21,0.03,2.18,26.96,0.03284406668845986,-1.1677535808074513e-05,0.08699999999999974,-0.00013422454951809824,0.01406451612903226,0.0,-0.11494252873563254,0.01769791795831393
27,3,1314535,0,195,14.1,0.03,2.18,27.003,0.03325269695979035,-5.602575560282652e-06,0.08699999999999974,-6.439742023313413e-05,0.01406451612903226,0.0,0.0,0.007515039472744783
27,3,1314579,0,195,14.1,0.03,2.18,27.047,0.03349787512258865,-3.1731063515336723e-06,0.08699999999999974,-3.647248679923772e-05,0.01406451612903226,0.0,0.0,0.0037575197363723914
27,3,1314622,0,195,14.1,0.03,2.18,27.09,0.03357960117685475,-5.219775978325458e-06,0.08699999999999974,-5.9997425038223837e-05,0.01406451612903226,0.0,0.0,0.0
27,3,1314666,0,195,13.99,0.03,2.18,27.134,0.03349787512258865,-1.1293076714864902e-05,0.08999999999999986,-0.00012547863016516578,0.01406451612903226,0.0,0.11111111111111131,-0.009843449202716827
27,3,1314712,0,195,13.88,0.04,2.18,27.18,0.032693690748610234,-1.9768539723719057e-05,0.08899999999999864,-0.00022211842386201527,0.01406451612903226,0.0,0.0,-0.010137703810087174
27,3,1314755,0,195,13.88,0.03,2.18,27.223,0.032595619483490906,-2.8275079590589947e-05,0.08699999999999974,-0.0003250009148343682,0.01406451612903226,0.0,0.0,0.005861730788740886
27,3,1314799,0,195,13.88,0.04,2.18,27.267,0.03320366132723069,-3.435159026632606e-05,0.08699999999999974,-0.00039484586513018576,0.01406451612903226,-0.007415647015202113,0.11494252873563254,-0.0007515039472743826
27,3,1314842,0,195,13.88,0.04,2.08,27.31,0.032530238640078035,-3.614860887845239e-05,0.08699999999999974,-0.0004155012514764655,0.013419354838709678,-0.007415647015202113,-0.11494252873563254,-0.013790097432486563
27,3,1314886,0,195,13.88,0.03,2.08,27.354,0.03200392285060436,-3.294104948599186e-05,0.08800000000000097,-0.0003743301077953579,0.013419354838709678,0.0,-0.11363636363636241,-0.00040863027133050293
27,3,1314930,0,195,13.77,0.03,2.08,27.398,0.03249427917620095,-2.5278117694105263e-05,0.08699999999999974,-0.0002905530769437395,0.013419354838709678,0.0,0.0,0.006162332367650671
27,3,1314973,0,195,13.66,0.03,2.08,27.441,0.03254004576658997,-1.4763468134921353e-05,0.08699999999999974,-0.00016969503603357929,0.013419354838709678,0.0,0.0,0.001991485460277385
27,3,1315017,0,195,13.66,0.03,2.08,27.485,0.03266753841124508,-3.6155754137969786e-06,0.08699999999999974,-4.155833808962057e-05,0.013419354838709678,0.0,0.0,-0.00019470784087967702
27,3,1315060,0,195,13.66,0.03,2.08,27.528,0.03252310618443344,5.806578778765115e-06,0.08900000000000219,6.524245818837047e-05,0.013419354838709678,0.0,0.0,-0.00169295646630398
27,3,1315106,0,195,13.66,0.03,2.08,27.574,0.032516865285744025,1.1403915376448471e-05,0.08900000000000219,0.00012813388063424933,0.013419354838709678,0.0,0.11235955056179502,0.0019734462950465113
27,3,1315149,0,195,13.55,0.04,2.08,27.617,0.03269874290469258,1.1650212478669708e-05,0.08699999999999974,0.00013391048826057175,0.013419354838709678,0.0,0.0,0.006917252241958306
27,3,1315193,0,195,13.66,0.03,2.08,27.661,0.033118666230794395,5.847320144304558e-06,0.08799999999999741,6.644681982164465e-05,0.013419354838709678,0.0,-0.113636363636367,0.012816131237184229
27,3,1315237,0,195,13.44,0.03,2.08,27.705,0.03382656245356476,-5.667177918851518e-06,0.08699999999999974,-6.513997607875328e-05,0.013419354838709678,0.0,0.11494252873563254,0.020157385422121456
27,3,1315280,0,195,13.44,0.04,2.08,27.748,0.03487235876251896,-2.140630975910618e-05,0.0870000000000033,-0.00024604953746098124,0.013419354838709678,0.0,0.11494252873562785,0.028499079236867102
27,3,1315324,0,195,13.44,0.04,2.08,27.792,0.03630598234717229,-3.881380610143914e-05,0.08799999999999741,-0.00044106597842545777,0.013419354838709678,0.0,0.0,0.037556836755922585
27,3,1315368,0,195,13.44,0.04,2.08,27.836,0.03817736039704005,-5.4642614235417496e-05,0.08699999999999974,-0.0006280760256944559,0.013419354838709678,0.0,0.0,0.048625721315692205
27,3,1315411,0,195,13.33,0.04,2.08,27.879,0.0405364201016375,-6.565530751829529e-05,0.08800000000000097,-0.0007460830399806201,0.013419354838709678,-0.007331378299120169,0.0,0.05972418469818021
27,3,1315456,0,195,13.33,0.04,1.98,27.924,0.04343308865047996,0.0,0.0,0.0,0.012774193548387096,0.0,0.0,0.0
