MS,MPT,t (ms),PWMi,PWMe,Pressure (Psi),LW raw(V),Displacement (mm),t_rel(s),LW (V),delta d (m),delta t (s),vel (m/s),strain,strain rate (1/s),dv/dt raw,dv/dt
27,2,1259594,0,195,13.44,0.03,1.98,0.0,-0.02749388292866547,0.0,0.0,0.0,0.0,0.0,0.0,0.0
27,2,1259635,255,0,13.33,0.03,1.98,0.041,0.019538866930171307,0.002488615445532891,0.083,0.0299833186208782,0.012774193548387096,0.0,0.0,1.1496949192353225
27,2,1259677,255,0,16.41,0.03,1.98,0.083,0.0679307953678663,0.0029145312337972846,0.08399999999999999,0.03469680040234863,0.012774193548387096,0.16052227342549927,0.23809523809523817,1.161890547310619
27,2,1259719,255,0,31.83,0.05,4.07,0.125,0.11713767290426327,0.003465378591331522,0.083,0.041751549293150864,0.026258064516129033,0.4321803342401865,1.0843373493975903,1.1889695745944533
27,2,1259760,255,0,45.82,0.12,7.54,0.166,0.16661527005920593,0.003964929811241883,0.08299999999999999,0.04777023868966125,0.04864516129032258,0.5316750874465606,1.927710843373494,1.1889359572081302
27,2,1259802,255,0,55.29,0.21,10.91,0.208,0.21581935735253807,0.004256651732170343,0.08399999999999999,0.050674425382980275,0.07038709677419355,0.4493087557603688,1.9047619047619053,1.1617908957725893
27,2,1259844,255,0,61.57,0.28,13.39,0.25,0.2642057053041034,0.00424903782519733,0.08299999999999999,0.0511932268096064,0.08638709677419355,0.3474543334628839,1.5662650602409645,1.149526832303707
27,2,1259885,255,0,66.08,0.34,15.38,0.291,0.3112300844337457,0.0039343777210649085,0.08500000000000002,0.046286796718410676,0.09922580645161291,0.25654648956356724,1.2941176470588232,1.084030117143591
27,2,1259929,255,0,69.71,0.39,16.77,0.335,0.3563482652613087,0.0033790453358647312,0.08600000000000002,0.0392912248356364,0.10819354838709677,0.17854463615903976,1.0465116279069762,1.020766672940586
27,2,1259971,255,0,72.36,0.43,17.76,0.377,0.39901601830663613,0.002694072103921982,0.08299999999999996,0.03245870004725281,0.11458064516129034,0.1383598911776139,0.8433734939759041,0.9920584196175591
27,2,1260012,255,0,74.56,0.46,18.55,0.418,0.43868911408956607,0.0019993998999798634,0.08300000000000002,0.024089155421444134,0.11967741935483872,0.11581811115429437,0.72289156626506,0.9366396609648049
27,2,1260054,255,0,76.43,0.49,19.25,0.46,0.47675711016671496,0.0013937454911926608,0.08300000000000002,0.0167921143517188,0.12419354838709677,0.10027205596579855,0.6024096385542166,0.8319909254540104
27,2,1260095,255,0,78.08,0.51,19.84,0.501,0.507744360902249,0.0009369974350026702,0.08300000000000002,0.011289125722923735,0.128,0.07695297318305465,0.4819277108433738,0.6501849175059092
27,2,1260137,255,0,79.63,0.53,20.24,0.543,0.5307224583197054,0.0006464540565260642,0.08299999999999996,0.007788603090675476,0.1305806451612903,0.06995724834823158,0.3614457831325306,0.456878182885181
27,2,1260178,255,0,80.95,0.54,20.74,0.584,0.545665250081719,0.0005040395065258067,0.08299999999999996,0.006072765138865144,0.13380645161290322,0.06140691799455904,0.24096385542168708,0.3046117126236197
27,2,1260220,255,0,82.16,0.55,21.03,0.626,0.5560052304674659,0.0004696548353672334,0.08300000000000007,0.005658491992376301,0.1356774193548387,0.04586086280606281,0.24096385542168675,0.2191439835838908
27,2,1260261,255,0,83.37,0.56,21.33,0.667,0.5638542007191819,0.0004957761490086092,0.08499999999999996,0.005832660576571876,0.13761290322580644,0.053130929791271375,0.23529411764705782,0.16610580158836705
27,2,1260305,255,0,84.47,0.57,21.73,0.711,0.570124223602477,0.0005395836700601677,0.08599999999999997,0.006274228721629859,0.14019354838709677,0.052513128282070866,0.11627906976744072,0.13273831697545027
27,2,1260347,255,0,85.46,0.57,22.03,0.753,0.5752696959790706,0.0005705604979126698,0.08300000000000007,0.006874222866417702,0.14212903225806453,0.038087835211814906,0.12048192771084337,0.11414077362079737
27,2,1260388,255,0,86.34,0.58,22.22,0.794,0.5795979078130032,0.0005731216519078437,0.08299999999999996,0.006905080143468,0.1433548387096774,0.038087835211814955,0.12048192771084354,0.09598380445613658
27,2,1260430,255,0,87.23,0.58,22.52,0.836,0.58323635174893,0.0005451139858857843,0.08299999999999996,0.006567638384166079,0.14529032258064517,0.038865137971239916,0.0,0.07833885394470791
27,2,1260471,255,0,88.11,0.58,22.72,0.877,0.586100032690414,0.0004937610542283259,0.08300000000000007,0.005948928364196693,0.14658064516129032,0.031092110376991958,0.12048192771084337,0.06656242492034142
27,2,1260513,255,0,88.88,0.59,22.92,0.919,0.5887610330173183,0.00043075149968804994,0.08299999999999996,0.005189777104675303,0.1478709677419355,0.031092110376992,0.12048192771084354,0.05888214512184134
27,2,1260554,255,0,89.54,0.59,23.12,0.96,0.5909872507355268,0.0003678404180893935,0.08299999999999996,0.004431812266137273,0.14916129032258066,0.023319082782743413,0.0,0.053131781785526
27,2,1260596,255,0,90.2,0.59,23.22,1.002,0.593170970905517,0.00031380761579726977,0.08299999999999996,0.0037808146481598786,0.1498064516129032,0.02331908278274375,0.0,0.04675124164523279
27,2,1260637,255,0,90.75,0.59,23.42,1.043,0.5948676037920811,0.00027307848290859127,0.08499999999999996,0.003212688034218722,0.1510967741935484,0.022011385199241354,0.11764705882352956,0.029344460896485472
27,2,1260681,255,0,91.41,0.6,23.51,1.087,0.5956652500817182,0.000245850769356462,0.08499999999999996,0.002892361992428966,0.15167741935483872,0.022011385199241024,0.11764705882352956,0.0271138203565182
27,2,1260722,255,0,91.96,0.6,23.71,1.128,0.5971722785223852,0.0002292460513758243,0.08299999999999996,0.0027620006189858362,0.15296774193548388,0.02331908278274375,0.0,0.029815240038283074
27,2,1260764,255,0,92.4,0.6,23.81,1.17,0.5981399150048957,0.00021887747407776814,0.08300000000000018,0.00263707800093696,0.15361290322580645,0.01554605518849579,0.0,0.02611295131490212
27,2,1260805,255,0,92.84,0.6,23.91,1.211,0.5993396534815221,0.00021031027798448676,0.08299999999999996,0.0025338587708974318,0.15425806451612903,0.015546055188496166,0.0,0.023789174350228006
27,2,1260847,255,0,93.39,0.6,24.01,1.253,0.6001144164759646,0.00020011318432822022,0.08299999999999996,0.0024110022208219317,0.15490322580645163,0.015546055188495831,0.0,0.016502755054214505
27,2,1260888,255,0,93.72,0.6,24.11,1.294,0.6007093821510219,0.00018641884940177888,0.08300000000000018,0.0022460102337563672,0.15554838709677418,0.01554605518849579,0.0,0.010988708019394356
27,2,1260930,255,0,94.05,0.6,24.21,1.336,0.6010264792415744,0.00016903420622451292,0.08299999999999996,0.0020365567015001567,0.1561935483870968,0.015546055188495831,0.0,0.013982047838297654
27,2,1260971,255,0,94.38,0.6,24.31,1.377,0.6018698921216006,0.00014918096730715647,0.08499999999999996,0.0017550702036136063,0.15683870967741934,0.007590132827324109,0.0,0.018691229352153053
27,2,1261015,255,0,94.82,0.6,24.31,1.421,0.6026152337365074,0.00012897073784617064,0.08600000000000008,0.0014996597423973317,0.15683870967741934,0.007501875468867487,0.0,0.015432920014900145
27,2,1261057,255,0,95.04,0.6,24.41,1.463,0.603197123242882,0.00011074641123183682,0.08199999999999985,0.0013505659906321587,0.15748387096774194,0.015735641227380286,0.12195121951219545,0.0114017812293187
27,2,1261097,255,0,95.26,0.61,24.51,1.503,0.6035501797973115,9.642068867630727e-05,0.08199999999999985,0.0011758620570281395,0.15812903225806452,0.007867820613689975,0.0,0.01602627990974272
27,2,1261139,255,0,95.48,0.6,24.51,1.545,0.6045112781954809,8.692460656921242e-05,0.08300000000000018,0.001047284416496533,0.15812903225806452,0.0,0.0,0.023355927797491398
27,2,1261180,255,0,95.59,0.61,24.51,1.586,0.6054887218045033,8.189669082977602e-05,0.08299999999999996,0.000986707118431037,0.15812903225806452,0.0,0.0,0.02335592779749146
27,2,1261222,255,0,95.82,0.6,24.51,1.628,0.6064498202026727,7.97654570731119e-05,0.08299999999999996,0.0009610296032905052,0.15812903225806452,0.007773027594247916,0.0,0.02256820679251811
27,2,1261263,255,0,95.93,0.61,24.61,1.669,0.6073618829682823,7.828140158990493e-05,0.08300000000000018,0.0009431494167458404,0.1587741935483871,0.01554605518849579,0.1204819277108432,0.020992764782568684
27,2,1261305,255,0,95.93,0.61,24.71,1.711,0.6081922196796259,7.532415818588233e-05,0.08299999999999996,0.0009075199781431611,0.15941935483870967,0.007773027594247916,0.0,0.018629601767646022
27,2,1261346,255,0,96.04,0.61,24.71,1.752,0.6089081399149969,6.963313817212935e-05,0.08099999999999996,0.0008596683724954245,0.15941935483870967,0.0,0.0,0.015860908309421426
27,2,1261386,255,0,96.04,0.61,24.71,1.792,0.609476953252689,6.116142976283356e-05,0.08200000000000007,0.0007458710946687013,0.15941935483870967,0.007081038552321127,0.0,0.011680845804862814
27,2,1261428,255,0,96.15,0.61,24.8,1.834,0.6098659692709957,5.097227871412713e-05,0.08299999999999996,0.0006141238399292427,0.16,0.006995724834823291,0.0,0.0068137866930297565
27,2,1261469,255,0,96.15,0.61,24.8,1.875,0.6100424975482105,4.078865788526542e-05,0.08299999999999996,0.0004914296130754872,0.16,0.0,0.0,0.0012997396582082976
27,2,1261511,255,0,96.26,0.61,24.8,1.917,0.609973847662627,3.238723901224816e-05,0.08299999999999996,0.00039020769894274905,0.16,0.0,0.0,0.005868521487059599
27,2,1261552,255,0,96.26,0.61,24.8,1.958,0.6105295848316364,2.7047430440084953e-05,0.08299999999999996,0.0003258726559046381,0.16,0.0,0.0,0.003308428220891538
27,2,1261594,255,0,96.26,0.61,24.8,2.0,0.610248447204961,2.524145725333682e-05,0.08299999999999996,0.0003041139428112871,0.16,0.0,0.0,0.0003544744522381402
27,2,1261635,255,0,96.26,0.61,24.8,2.041,0.6105590062111722,2.6644824695679857e-05,0.08300000000000018,0.0003210219842852988,0.16,0.007773027594247895,0.0,-0.0029933398189019235
27,2,1261677,255,0,96.26,0.61,24.9,2.083,0.6099999999999921,3.0378930996885602e-05,0.08300000000000018,0.0003660112168299462,0.16064516129032258,0.007773027594247895,0.0,-0.006735014592531334
27,2,1261718,255,0,96.26,0.61,24.9,2.124,0.6099999999999921,3.5282283451163466e-05,0.08499999999999996,0.00041508568766074685,0.16064516129032258,0.0,0.0,0.0
27,2,1261762,255,0,96.26,0.61,24.9,2.168,0.6099999999999921,4.005017118234022e-05,0.08599999999999985,0.0004656996649109336,0.16064516129032258,0.0,0.0,0.0
27,2,1261804,255,0,96.26,0.61,24.9,2.21,0.6099999999999921,4.3262249346497585e-05,0.08299999999999974,0.0005212319198373219,0.16064516129032258,0.0,0.0,0.0
27,2,1261845,255,0,96.26,0.61,24.9,2.251,0.6099999999999921,4.34739214714277e-05,0.08300000000000018,0.0005237821864027422,0.16064516129032258,0.0,0.0,0.0
27,2,1261887,255,0,96.26,0.61,24.9,2.293,0.6099999999999921,3.9530606032148086e-05,0.08300000000000018,0.0004762723618331084,0.16064516129032258,0.007773027594247895,0.0,0.0
27,2,1261928,255,0,96.26,0.61,25.0,2.334,0.6099999999999921,3.1079399930749926e-05,0.08299999999999974,0.0003744506015753015,0.16129032258064516,0.0077730275942479365,0.0,0.0
27,2,1261970,255,0,96.37,0.61,25.0,2.376,0.6099999999999921,1.9051459079147294e-05,0.08299999999999974,0.00022953565155599221,0.16129032258064516,0.0,0.0,0.0
27,2,1262011,255,0,96.26,0.61,25.0,2.417,0.6099999999999921,5.831824240512873e-06,0.08300000000000018,7.026294265678145e-05,0.16129032258064516,0.0,0.0,0.0
27,2,1262053,255,0,96.26,0.61,25.0,2.459,0.6099999999999921,-5.045412876526711e-06,0.08300000000000018,-6.078810694610482e-05,0.16129032258064516,0.0,0.0,0.0
27,2,1262094,255,0,96.26,0.61,25.0,2.5,0.6099999999999921,-9.651669243581296e-06,0.08499999999999996,-0.00011354904992448588,0.16129032258064516,0.0,0.0,0.0
27,2,1262138,255,0,96.37,0.61,25.0,2.544,0.6099999999999921,-4.71485680798267e-06,0.08499999999999996,-5.546890362332555e-05,0.16129032258064516,0.0,0.0,0.0
27,2,1262179,255,0,96.26,0.61,25.0,2.585,0.6099999999999921,1.12373104747725e-05,0.08299999999999974,0.00013538928282858474,0.16129032258064516,0.0,0.0,0.00673501459253137
27,2,1262221,255,0,96.26,0.61,25.0,2.627,0.6105590062111722,3.6868221380192525e-05,0.08300000000000018,0.0004441954383155716,0.16129032258064516,0.0,0.0,0.009728354411434595
27,2,1262262,255,0,96.26,0.61,25.0,2.668,0.6108074534161412,6.739774746392868e-05,0.08300000000000018,0.0008120210537822714,0.16129032258064516,0.00777302759424823,0.0,0.009373879959195117
27,2,1262304,255,0,96.26,0.61,25.1,2.71,0.6113370382477854,9.456687921894868e-05,0.08299999999999974,0.0011393599905897467,0.16193548387096776,0.007773027594248271,0.0,0.006065451738302284
27,2,1262345,255,0,96.26,0.61,25.1,2.751,0.6113108859104203,0.00010737699661676104,0.08300000000000018,0.0012936987544188048,0.16193548387096776,0.0,0.0,0.0001969302512440052
27,2,1262387,255,0,96.37,0.61,25.1,2.793,0.6113533834586387,9.371123620184463e-05,0.08300000000000018,0.0011290510385764388,0.16193548387096776,0.0,0.0,-0.0011028094069642888
27,2,1262428,255,0,96.26,0.61,25.1,2.834,0.6112193527296422,4.282325902667594e-05,0.08299999999999974,0.0005159428798394708,0.16193548387096776,0.0,0.0,-0.007916596099992733
27,2,1262470,255,0,96.26,0.61,25.1,2.876,0.6106963059823393,-5.159145240480356e-05,0.08599999999999985,-0.000599900609358182,0.16193548387096776,0.0,0.0,-0.025278058645095955
27,2,1262514,255,0,96.26,0.61,25.1,2.92,0.609045439686164,-0.00018845575101147105,0.08499999999999996,-0.002217126482487896,0.16193548387096776,0.0,0.0,-0.04361286848835713
27,2,1262555,0,195,96.26,0.61,25.1,2.961,0.6069892121608289,-0.00035760534386969665,0.08300000000000018,-0.004308498118911998,0.16193548387096776,0.0,0.0,-0.056203893704926185
27,2,1262597,0,195,94.38,0.61,25.1,3.003,0.6043805165086551,-0.0005404205395082507,0.08300000000000018,-0.006511090837448789,0.16193548387096776,-0.03031480761756729,-0.1204819277108432,-0.07089489044769874
27,2,1262638,0,195,89.87,0.6,24.71,3.044,0.6011049362536699,-0.0007132388411196757,0.10000000000000009,-0.00713238841119675,0.15941935483870967,-0.07032258064516121,-0.1,-0.07299771167047935
27,2,1262697,0,195,84.36,0.6,24.01,3.103,0.5970807453416072,-0.0008527891803946624,0.10099999999999998,-0.008443457231630322,0.15490322580645163,-0.07665282657297971,-0.09900990099009913,-0.08758443676992636
27,2,1262739,0,195,81.28,0.59,23.51,3.145,0.5922589081399073,-0.0009417980729229178,0.08299999999999974,-0.011346964734011093,0.15167741935483872,-0.07695297318305541,-0.12048192771084386,-0.13273098933819535
27,2,1262780,0,195,78.64,0.59,23.02,3.186,0.586064073226537,-0.0009727429492158066,0.08300000000000018,-0.011719794568865113,0.14851612903225805,-0.06917994558880677,-0.1204819277108432,-0.15514165192971724
27,2,1262822,0,195,76.43,0.58,22.62,3.228,0.5793821510297408,-0.0009486394912834512,0.08300000000000018,-0.011429391461246375,0.14593548387096775,-0.06917994558880677,-0.2409638554216864,-0.1666817646525924
27,2,1262863,0,195,74.56,0.57,22.13,3.269,0.5722294867603718,-0.0008810616478974005,0.08499999999999996,-0.010365431151734128,0.14277419354838708,-0.06755218216318797,-0.23529411764705782,-0.1732592350441301
27,2,1262907,0,195,72.91,0.56,21.73,3.313,0.5646551160509897,-0.0007864723674322747,0.08499999999999996,-0.00925261608743853,0.14019354838709677,-0.05313092979127105,-0.11764705882352826,-0.18222025652366017
27,2,1262948,0,195,71.48,0.56,21.43,3.354,0.5567407649558607,-0.0006821390269553654,0.08299999999999974,-0.008218542493438162,0.13825806451612904,-0.04663816556548796,-0.12048192771084386,-0.2001599073640088
27,2,1262990,0,195,70.38,0.55,21.13,3.396,0.548041843739777,-0.000582673020897964,0.08299999999999974,-0.007020156878288745,0.13632258064516128,-0.04586086280606333,-0.24096385542168772,-0.21355116444857314
27,2,1263031,0,195,69.27,0.54,20.84,3.437,0.5390160183066292,-0.0004978423737567681,0.08300000000000018,-0.005998100888635748,0.1344516129032258,-0.03808783521181485,-0.2409638554216864,-0.20917931287096336
27,2,1263073,0,195,68.39,0.53,20.64,3.479,0.530679960771487,-0.00043188242840453485,0.08300000000000018,-0.005203402751861854,0.13316129032258064,-0.03109211037699158,-0.2409638554216864,-0.20839159186598868
27,2,1263114,0,195,67.62,0.52,20.44,3.52,0.521719516181752,-0.00038415255236404986,0.08299999999999974,-0.004628344004386158,0.1318709677419355,-0.031092110376992083,-0.24096385542168772,-0.20445298684111904
27,2,1263156,0,195,66.96,0.51,20.24,3.562,0.5137103628636742,-0.0003507231208672792,0.08300000000000018,-0.004225579769485282,0.1305806451612903,-0.031092110376991916,-0.1204819277108432,-0.19736349779634849
27,2,1263197,0,195,66.3,0.51,20.04,3.603,0.5053383458646551,-0.00032633934665789963,0.08499999999999996,-0.003839286431269409,0.12929032258064516,-0.030360531309297743,-0.11764705882352956,-0.18272022767916998
27,2,1263241,0,195,65.75,0.5,19.84,3.647,0.4981791435109448,-0.0003061961515473364,0.08599999999999985,-0.0035604203668294985,0.128,-0.022505626406601874,-0.23255813953488433,-0.16767145365942462
27,2,1263283,0,195,65.2,0.49,19.74,3.689,0.4909186008499446,-0.0002870911710382842,0.08300000000000018,-0.0034589297715455847,0.1273548387096774,-0.022541780023319063,-0.2409638554216864,-0.16806027641129775
27,2,1263324,0,195,64.76,0.48,19.55,3.73,0.48423014056880703,-0.0002677775214597133,0.08199999999999985,-0.00326557952999651,0.12612903225806452,-0.022816679779700758,-0.2439024390243909,-0.16576435787241067
27,2,1263365,0,195,64.43,0.47,19.45,3.771,0.47732592350440695,-0.00024861229622803906,0.08300000000000018,-0.0029953288702173316,0.12548387096774194,-0.01554605518849579,-0.1204819277108432,-0.15711095444215395
27,2,1263407,0,195,63.99,0.47,19.35,3.813,0.4711899313501082,-0.00023078738803923926,0.08300000000000018,-0.002780570940231792,0.12483870967741936,-0.015546055188495958,0.0,-0.1443498741615669
27,2,1263448,0,195,63.66,0.47,19.25,3.854,0.46534488394899687,-0.00021549646233618347,0.08299999999999974,-0.002596342919713062,0.12419354838709677,-0.015546055188496208,-0.12048192771084319,-0.13674836646356453
27,2,1263490,0,195,63.33,0.46,19.15,3.896,0.4598398169336324,-0.00020333924331971076,0.08299999999999974,-0.002449870401442306,0.12354838709677418,-0.015546055188495873,-0.12048192771084319,-0.12162412316805468
27,2,1263531,0,195,63.11,0.46,19.05,3.937,0.45525008172604836,-0.00019411843462280843,0.0820000000000003,-0.0023672979832049723,0.12290322580645162,-0.015735641227379863,-0.12195121951219479,-0.11158596384917563
27,2,1263572,0,195,62.78,0.45,18.95,3.978,0.45068976789799997,-0.00018700747616781044,0.08599999999999985,-0.002174505536835009,0.12225806451612903,-0.015003750937734369,-0.11627906976744216,-0.10590176148155948
27,2,1263617,0,195,62.56,0.45,18.85,4.023,0.44614253023863426,-0.00018093332339630307,0.08499999999999952,-0.002128627334074166,0.12161290322580647,-0.01518026565464895,-0.11764705882353017,-0.09022556390977297
27,2,1263657,0,195,62.34,0.44,18.75,4.063,0.4430205949656693,-0.00017496813382663135,0.08200000000000074,-0.002133757729593046,0.12096774193548387,-0.015735641227380116,-0.12195121951219413,-0.0767826246421972
27,2,1263699,0,195,62.12,0.44,18.65,4.105,0.43984635501797403,-0.00016855783191330786,0.08300000000000018,-0.00203081725196756,0.12032258064516128,-0.01554605518849579,-0.1204819277108432,-0.07770867714072982
27,2,1263740,0,195,61.9,0.43,18.55,4.146,0.4365707747629887,-0.0001615171642671278,0.0829999999999993,-0.0019459899309292672,0.11967741935483872,-0.007773027594247812,-0.1204819277108445,-0.08113526351236983
27,2,1263782,0,195,61.68,0.43,18.55,4.188,0.4331121281464474,-0.00015385598529409704,0.08300000000000018,-0.001853686569808394,0.11967741935483872,-0.007773027594248062,0.0,-0.08018999830639881
27,2,1263823,0,195,61.46,0.43,18.45,4.229,0.4299150049035576,-0.00014560074428621305,0.08300000000000018,-0.0017542258347736474,0.11903225806451613,-0.014768752429071335,0.0,-0.07526674202530736
27,2,1263865,0,195,61.24,0.43,18.36,4.271,0.42686498855834687,-0.00013676142604331787,0.08300000000000018,-0.001647728024618284,0.1184516129032258,-0.006995724834823273,0.0,-0.06896497398551257
27,2,1263906,0,195,61.13,0.43,18.36,4.312,0.42419091206276005,-0.00012746484381677092,0.08300000000000018,-0.00153572100984061,0.1184516129032258,-0.01554605518849579,-0.1204819277108432,-0.06801970877954376
27,2,1263948,0,195,60.9,0.42,18.16,4.354,0.4212193527296447,-0.00011812781762881386,0.08499999999999996,-0.0013897390309272225,0.11716129032258064,-0.015180265654648872,-0.11764705882352956,-0.057958194719535075
27,2,1263991,0,195,60.68,0.42,18.16,4.397,0.41926446551159957,-0.00010949565738664902,0.08499999999999996,-0.0012881842045488125,0.11716129032258064,0.0,0.0,-0.05257388996788654
27,2,1264033,0,195,60.57,0.42,18.16,4.439,0.41675057208237437,-0.00010246512335876545,0.08300000000000018,-0.00123451955853934,0.11716129032258064,-0.007773027594248062,-0.1204819277108432,-0.05821258226761143
27,2,1264074,0,195,60.46,0.41,18.06,4.48,0.4144328211833878,-9.777339805665974e-05,0.08300000000000018,-0.0011779927476705965,0.11651612903225805,-0.007773027594248062,-0.1204819277108432,-0.061993643091488033
27,2,1264116,0,195,60.24,0.41,18.06,4.522,0.41160509970578085,-9.572442760929789e-05,0.0829999999999993,-0.0011533063567385384,0.11651612903225805,-0.007773027594247812,0.0,-0.0588427590715906
27,2,1264157,0,195,60.13,0.41,17.96,4.563,0.40954887218044583,-9.607518567843342e-05,0.08300000000000018,-0.0011575323575714843,0.11587096774193549,-0.007773027594247728,0.0,-0.05963048007656599
27,2,1264199,0,195,59.91,0.41,17.96,4.605,0.40665576985942586,-9.809410664749407e-05,0.08300000000000018,-0.0011818567065963114,0.11587096774193549,-0.007773027594248062,-0.12048192771084254,-0.07109182069894408
27,2,1264240,0,195,59.8,0.4,17.86,4.646,0.40364825106243346,-0.00010073649950236074,0.0829999999999993,-0.001213692765088694,0.1152258064516129,-0.0077730275942481455,-0.12048192771084383,-0.0718795417039182
27,2,1264282,0,195,59.69,0.4,17.86,4.688,0.4006897678980007,-0.00010287573131849115,0.08300000000000018,-0.001239466642391457,0.1152258064516129,-0.007773027594247728,0.0,-0.06199364309148871
27,2,1264323,0,195,59.47,0.4,17.76,4.729,0.3985027786858399,-0.00010354643723257339,0.08499999999999996,-0.0012181933792067463,0.11458064516129034,-0.007590132827324272,0.0,-0.05068938330480867
27,2,1264367,0,195,59.36,0.4,17.76,4.773,0.39638117031709197,-0.00010216759223704841,0.0860000000000003,-0.0011879952585703262,0.11458064516129034,-0.007501875468867307,-0.11627906976744155,-0.056790104685372295
27,2,1264409,0,195,59.25,0.39,17.66,4.815,0.39361882968289785,-9.871069910453656e-05,0.08300000000000018,-0.0011892855313799559,0.11393548387096775,-0.007773027594248062,-0.1204819277108432,-0.07231278825665464
27,2,1264450,0,195,59.14,0.39,17.66,4.856,0.3903792088917896,-9.37646905803824e-05,0.08199999999999985,-0.001143471836346129,0.11393548387096775,-0.007867820613690143,0.0,-0.06542070978081518
27,2,1264491,0,195,58.81,0.39,17.56,4.897,0.388254331480871,-8.843761311042187e-05,0.08300000000000018,-0.0010655134109689359,0.11329032258064516,-0.01554605518849579,0.0,-0.05080800482085235
27,2,1264533,0,195,58.81,0.39,17.46,4.939,0.38616214449165887,-8.405654034656251e-05,0.08300000000000018,-0.0010127294017658111,0.11264516129032259,0.0,-0.1204819277108432,-0.05218651657955637
27,2,1264574,0,195,58.7,0.38,17.56,4.98,0.38392285060476783,-8.171554923674762e-05,0.08300000000000018,-0.0009845246895993668,0.11329032258064516,0.0,-0.1204819277108432,-0.05376195858950574
27,2,1264616,0,195,58.48,0.38,17.46,5.022,0.3816999019287299,-8.184824755237585e-05,0.0829999999999993,-0.0009861234644864645,0.11264516129032259,-0.007773027594247812,0.0,-0.05139879557458358
27,2,1264657,0,195,58.37,0.38,17.46,5.063,0.37965675057207743,-8.404751332514948e-05,0.08300000000000018,-0.0010126206424716782,0.11264516129032259,-0.007773027594248062,0.0,-0.05596757740343432
27,2,1264699,0,195,58.26,0.38,17.36,5.105,0.3770545930042448,-8.723857951454405e-05,0.0860000000000003,-0.0010144020873784157,0.112,-0.007501875468867307,-0.11627906976744155,-0.05899480754464355
27,2,1264743,0,195,58.15,0.37,17.36,5.149,0.37458319712323807,-9.011594090134523e-05,0.08499999999999996,-0.0010601875400158267,0.112,-0.007590132827324436,-0.11764705882352956,-0.048497202084494546
27,2,1264784,0,195,58.04,0.37,17.26,5.19,0.3729323308270628,-9.163661891262009e-05,0.08300000000000018,-0.0011040556495496372,0.11135483870967743,-0.007773027594247895,0.0,-0.03879525949499144
27,2,1264826,0,195,57.93,0.37,17.26,5.232,0.37136319058515377,-9.137442274841945e-05,0.0829999999999993,-0.0011008966596195208,0.11135483870967743,-0.0077730275942481455,0.1204819277108445,-0.04572720433876727
27,2,1264867,0,195,57.82,0.38,17.16,5.273,0.36913697286694513,-8.962339072998304e-05,0.08300000000000018,-0.0010797998883130464,0.11070967741935483,-0.007773027594248062,0.0,-0.0532499399362728
27,2,1264909,0,195,57.6,0.37,17.16,5.315,0.3669434455704431,-8.723207263821209e-05,0.08300000000000018,-0.0010509888269664084,0.11070967741935483,-0.006995724834823106,-0.2409638554216864,-0.044151762328817415
27,2,1264950,0,195,57.49,0.36,17.07,5.356,0.3654723765936533,-8.523449182533227e-05,0.0829999999999993,-0.001026921588257024,0.11012903225806452,-0.00699572483482318,-0.1204819277108445,-0.03564437547509443
27,2,1264992,0,195,57.38,0.36,17.07,5.398,0.3639849624060103,-8.441528384763685e-05,0.08300000000000018,-0.0010170516126221285,0.11012903225806452,0.0,0.0,-0.0449394833337921
27,2,1265033,0,195,57.27,0.36,17.07,5.439,0.36174239947694853,-8.498660786018419e-05,0.08300000000000018,-0.0010239350344600482,0.11012903225806452,-0.007773027594248062,0.0,-0.05482538194622216
27,2,1265075,0,195,57.05,0.36,16.97,5.481,0.35943445570447385,-8.652444286586202e-05,0.08499999999999996,-0.0010179346219513184,0.10948387096774193,-0.007590132827324599,0.0,-0.04695882929830934
27,2,1265118,0,195,56.94,0.36,16.97,5.524,0.35775089898659224,-8.819709065762638e-05,0.08499999999999996,-0.001037612831266193,0.10948387096774193,-0.007590132827324272,0.0,-0.04095917543218568
27,2,1265160,0,195,56.83,0.36,16.87,5.566,0.3559529257927381,-8.917569217413757e-05,0.08300000000000018,-0.001074405929808884,0.10883870967741936,-0.007773027594247728,-0.1204819277108432,-0.06033942898104294
27,2,1265201,0,195,56.72,0.35,16.87,5.607,0.35274272638116566,-8.903634336820687e-05,0.08300000000000018,-0.0010727270285326104,0.10883870967741936,-0.007773027594248062,-0.1204819277108432,-0.0688468158347663
27,2,1265243,0,195,56.61,0.35,16.77,5.649,0.35023864007845246,-8.798149262174703e-05,0.08300000000000018,-0.0010600179833945402,0.10819354838709677,-0.007773027594248062,0.0,-0.061127149986016954
27,2,1265284,0,195,56.39,0.35,16.77,5.69,0.34766917293232624,-8.678939987117573e-05,0.08300000000000018,-0.001045655420134645,0.10819354838709677,-0.007773027594247728,0.0,-0.050256600117369536
27,2,1265326,0,195,56.28,0.35,16.67,5.732,0.3460673422687108,-8.650042811156312e-05,0.0829999999999993,-0.001042173832669444,0.10754838709677421,-0.007773027594247812,-0.12048192771084383,-0.0425763203188685
27,2,1265367,0,195,56.17,0.34,16.67,5.773,0.3441353383458602,-8.7948534137265e-05,0.08300000000000018,-0.0010596208932200579,0.10754838709677421,0.0,-0.12048192771084254,-0.04635738114274733
27,2,1265409,0,195,56.06,0.34,16.67,5.815,0.34221967963386274,-9.132521620210454e-05,0.08499999999999996,-0.0010744143082600539,0.10754838709677421,-0.007590132827324599,0.0,-0.04738188181451026
27,2,1265452,0,195,55.84,0.34,16.57,5.858,0.3401078783916268,-9.597592771959995e-05,0.08499999999999996,-0.0011291285614070587,0.10690322580645162,-0.007590132827324599,0.0,-0.050458627386879354
27,2,1265494,0,195,55.73,0.34,16.57,5.9,0.337930696305978,-0.00010054174718184328,0.08200000000000074,-0.0012261188680712483,0.10690322580645162,-0.007867820613690058,-0.12195121951219413,-0.05230467473030263
27,2,1265534,0,195,55.62,0.33,16.47,5.94,0.33581889506374196,-0.00010340977435635069,0.08199999999999985,-0.0012610948092237912,0.10625806451612903,-0.007867820613690143,-0.12195121951219545,-0.04229821637869847
27,2,1265576,0,195,55.51,0.33,16.47,5.982,0.3344622425629247,-0.00010331018579262973,0.0829999999999993,-0.001244701033646152,0.10625806451612903,-0.007773027594247812,0.1204819277108445,-0.03249349145519566
27,2,1265617,0,195,55.4,0.34,16.37,6.023,0.33312193527296075,-9.984184443637645e-05,0.08300000000000018,-0.0012029137883900751,0.10561290322580646,-0.01554605518849579,0.0,-0.04100087830892002
27,2,1265659,0,195,55.29,0.33,16.27,6.065,0.33105916966328436,-9.371746157023964e-05,0.08300000000000018,-0.001129126043014933,0.10496774193548387,-0.007773027594248062,-0.1204819277108432,-0.0500990559163754
27,2,1265700,0,195,55.18,0.33,16.27,6.106,0.3289637136319016,-8.6602291289136e-05,0.0829999999999993,-0.0010434010998691173,0.10496774193548387,0.0,0.0,-0.042576320318869175
27,2,1265742,0,195,55.07,0.33,16.27,6.148,0.32752533507681825,-8.058281292709423e-05,0.08300000000000018,-0.0009708772641818561,0.10496774193548387,-0.007773027594247895,0.0,-0.042379390067624714
27,2,1265783,0,195,54.85,0.33,16.17,6.189,0.3254462242562887,-7.746847938000201e-05,0.08499999999999996,-0.0009113938750588476,0.1043225806451613,-0.007590132827324436,-0.11764705882352956,-0.04834336480587609
27,2,1265827,0,195,54.74,0.32,16.17,6.233,0.3234161490683188,-7.818902946843308e-05,0.0860000000000003,-0.0009091747612608467,0.1043225806451613,0.0,-0.11627906976744155,-0.049111656796186
27,2,1265869,0,195,54.63,0.32,16.17,6.275,0.3212226217718167,-8.248694733591221e-05,0.08300000000000018,-0.0009938186426013498,0.1043225806451613,-0.007773027594248062,0.0,-0.0465149253437408
27,2,1265910,0,195,54.52,0.32,16.07,6.316,0.3195554102647883,-8.899116081471803e-05,0.0829999999999993,-0.0010721826604182987,0.1036774193548387,-0.0077730275942481455,0.0,-0.04946887911239605
27,2,1265952,0,195,54.3,0.32,16.07,6.358,0.31711670480548787,-9.564069925603568e-05,0.08300000000000018,-0.0011522975813980177,0.1036774193548387,-0.007773027594247895,-0.1204819277108432,-0.05974863822731226
27,2,1265993,0,195,54.19,0.31,15.97,6.399,0.31459627329192136,-0.00010032257944212298,0.08300000000000018,-0.0012087057764111175,0.10303225806451613,-0.007773027594247895,-0.1204819277108432,-0.06427803400591502
27,2,1266035,0,195,54.08,0.31,15.97,6.441,0.3117816279829969,-0.00010152861419768655,0.08300000000000018,-0.001223236315634775,0.10303225806451613,-0.006995724834823106,0.0,-0.058921531172089044
27,2,1266076,0,195,53.97,0.31,15.88,6.482,0.30970578620463796,-9.883569185546826e-05,0.08300000000000018,-0.0011907914681381691,0.10245161290322581,-0.014768752429071169,0.0,-0.056755298408409004
27,2,1266118,0,195,53.86,0.31,15.78,6.524,0.30707093821509895,-9.305558348123454e-05,0.08300000000000018,-0.0011211516082076426,0.10180645161290322,-0.007773027594248062,-0.1204819277108432,-0.0619148709909903
27,2,1266159,0,195,53.64,0.3,15.78,6.565,0.30456685191238575,-8.598540020117973e-05,0.08499999999999996,-0.0010115929435432914,0.10180645161290322,0.0,0.0,-0.04926638847758682
27,2,1266203,0,195,53.53,0.31,15.78,6.609,0.3028832951945041,-7.98288665719582e-05,0.08499999999999996,-0.0009391631361406851,0.10180645161290322,-0.007590132827324436,0.0,-0.03865161625290885
27,2,1266244,0,195,53.42,0.3,15.68,6.65,0.3012814645308885,-7.649432520846666e-05,0.08300000000000018,-0.0009216183760056203,0.10116129032258064,-0.007773027594247895,-0.1204819277108432,-0.046514925343741464
27,2,1266286,0,195,53.31,0.3,15.68,6.692,0.2990225563909735,-7.70143637071925e-05,0.0829999999999993,-0.0009278839000866645,0.10116129032258064,0.0,-0.1204819277108445,-0.054037660941247394
27,2,1266327,0,195,53.2,0.29,15.68,6.733,0.296796338672765,-8.126372814095717e-05,0.08300000000000018,-0.0009790810619392408,0.10116129032258064,-0.007773027594247895,0.0,-0.04493948333379143
27,2,1266369,0,195,53.09,0.3,15.58,6.775,0.29529257927426883,-8.804296508980513e-05,0.08300000000000018,-0.0010607586155398185,0.10051612903225807,-0.007773027594247895,0.0,-0.03643209648006806
27,2,1266410,0,195,52.87,0.29,15.58,6.816,0.29377247466491935,-9.548584993679477e-05,0.0829999999999993,-0.0011504319269493443,0.10051612903225807,-0.007773027594247978,-0.1204819277108445,-0.04572720433876727
27,2,1266452,0,195,52.87,0.29,15.48,6.858,0.2914972213141512,-0.00010165311420672296,0.08400000000000052,-0.0012101561215085992,0.09987096774193549,-0.0076804915514592,0.0,-0.054951042201776296
27,2,1266494,0,195,52.65,0.29,15.48,6.9,0.2891565871199701,-0.00010512363121174317,0.08300000000000018,-0.001266549773635457,0.09987096774193549,-0.007773027594247895,0.0,-0.05561310295119618
27,2,1266535,0,195,52.54,0.29,15.38,6.941,0.2868813337692019,-0.00010540104833155617,0.08499999999999996,-0.001240012333312426,0.09922580645161291,-0.015180265654649035,0.0,-0.04465127011903121
27,2,1266579,0,195,52.42,0.29,15.28,6.985,0.28536122915985246,-0.00010300332129950896,0.0860000000000003,-0.001197713038366379,0.09858064516129032,-0.007501875468867307,-0.11627906976744092,-0.045652554034224704
27,2,1266621,0,195,52.31,0.28,15.28,7.027,0.28295521412225855,-9.919853070727847e-05,0.0829999999999993,-0.0011951630205696302,0.09858064516129032,0.0,-0.12048192771084383,-0.049468879112395385
27,2,1266662,0,195,52.2,0.28,15.28,7.068,0.2812553121935237,-9.549558782039291e-05,0.08300000000000018,-0.0011505492508481047,0.09858064516129032,-0.007773027594247895,0.0,-0.04809036735369016
27,2,1266704,0,195,52.09,0.28,15.18,7.11,0.27896371363190225,-9.311678331093454e-05,0.08300000000000018,-0.0011218889555534258,0.09793548387096775,-0.007773027594247895,0.0,-0.05403766094124681
27,2,1266745,0,195,51.87,0.28,15.18,7.151,0.2767701863354002,-9.266426298858121e-05,0.0829999999999993,-0.0011164369034768916,0.09793548387096775,-0.0077730275942481455,-0.1204819277108445,-0.06096960578502281
27,2,1266787,0,195,51.87,0.27,15.08,7.193,0.2739032363517454,-9.405478625390273e-05,0.08300000000000018,-0.0011331901958301508,0.09729032258064516,-0.007773027594248062,-0.1204819277108432,-0.0516744979263241
27,2,1266828,0,195,51.65,0.27,15.08,7.234,0.27248120300751527,-9.666166487076034e-05,0.08300000000000018,-0.0011645983719368689,0.09729032258064516,-0.007773027594247895,0.0,-0.050099055916374736
27,2,1266870,0,195,51.54,0.27,14.98,7.276,0.2697450147106863,-9.955561640243715e-05,0.08300000000000018,-0.001199465257860686,0.09664516129032258,-0.007773027594247895,0.0,-0.05624327975517539
27,2,1266911,0,195,51.43,0.27,14.98,7.317,0.2678130107878357,-0.00010175889871689491,0.08499999999999996,-0.0011971635143164113,0.09664516129032258,-0.007590132827324436,0.0,-0.045074322635232124
27,2,1266955,0,195,51.32,0.27,14.88,7.361,0.26591369728669156,-0.00010246635924029057,0.08499999999999996,-0.0012054865792975366,0.096,-0.007590132827324436,-0.11764705882352956,-0.042766763455953996
27,2,1266996,0,195,51.21,0.26,14.88,7.402,0.2641778358940796,-0.00010121413056698536,0.08300000000000018,-0.0012194473562287366,0.096,-0.007773027594248062,-0.1204819277108432,-0.0315482262492265
27,2,1267038,0,195,51.1,0.26,14.78,7.444,0.26329519450800576,-9.798617576401191e-05,0.08300000000000018,-0.001180556334506165,0.09535483870967741,-0.007773027594248062,0.0,-0.030760505244252483
27,2,1267079,0,195,50.99,0.26,14.78,7.485,0.26162471395880665,-9.324547091175183e-05,0.08300000000000018,-0.0011234394085753209,0.09535483870967741,-0.007773027594247895,0.0,-0.041434124861655895
27,2,1267121,0,195,50.77,0.26,14.68,7.527,0.2598561621444883,-8.787070234991035e-05,0.0829999999999993,-0.0010586831608423023,0.09470967741935483,-0.007773027594247978,0.0,-0.04222184586663103
27,2,1267162,0,195,50.66,0.26,14.68,7.568,0.2581203007518763,-8.298419788936329e-05,0.08300000000000018,-0.0009998096131248568,0.09470967741935483,-0.006995724834823106,0.0,-0.03985868285170786
27,2,1267204,0,195,50.55,0.26,14.59,7.61,0.25654789146779655,-7.968350701971261e-05,0.08300000000000018,-0.0009600422532495473,0.09412903225806452,-0.006995724834823106,-0.1204819277108432,-0.038480171093001836
27,2,1267245,0,195,50.44,0.25,14.59,7.651,0.25492644655115715,-7.873762440970111e-05,0.0829999999999993,-0.0009486460772253226,0.09412903225806452,0.0,0.0,-0.04222184586663036
27,2,1267287,0,195,50.33,0.26,14.59,7.693,0.25304347826086626,-8.035513566402663e-05,0.0860000000000003,-0.0009343620426049575,0.09412903225806452,-0.0075018754688671455,0.0,-0.04531044496985533
27,2,1267331,0,195,50.22,0.25,14.49,7.737,0.2510297482837496,-8.412882342321026e-05,0.08499999999999996,-0.0009897508638024742,0.09348387096774194,-0.007590132827324436,-0.11764705882352956,-0.04738188181451026
27,2,1267372,0,195,50.11,0.25,14.49,7.778,0.2490160183066329,-8.918508133136526e-05,0.08300000000000018,-0.0010745190521851211,0.09348387096774194,-0.007773027594247895,0.0,-0.04694817189647667
27,2,1267414,0,195,50.0,0.25,14.39,7.82,0.247133050016342,-9.446319204228005e-05,0.08200000000000074,-0.0011519901468570633,0.09283870967741936,-0.00786782061368989,-0.12195121951219413,-0.04692271505912062
27,2,1267454,0,195,49.89,0.24,14.39,7.86,0.24516835567178497,-9.8999892700121e-05,0.08199999999999985,-0.0012073157646356242,0.09283870967741936,-0.007867820613690143,-0.12195121951219545,-0.05150734737160999
27,2,1267496,0,195,49.78,0.24,14.29,7.902,0.24290944753187,-0.00010212437724686297,0.0829999999999993,-0.0012304141836971547,0.09219354838709677,-0.0077730275942481455,0.0,-0.0564008239561708
27,2,1267537,0,195,49.56,0.24,14.29,7.943,0.24048708728342283,-0.0001035341532884253,0.08300000000000018,-0.0012473994372099407,0.09219354838709677,-0.007773027594247895,0.0,-0.05876398697109391
27,2,1267579,0,195,49.45,0.24,14.19,7.985,0.2380320366132692,-0.00010327321190813165,0.08300000000000018,-0.0012442555651582098,0.0915483870967742,-0.007773027594247895,0.0,-0.05797626596611956
27,2,1267620,0,195,49.34,0.24,14.19,8.026,0.2356750572082349,-0.00010165408656414244,0.08499999999999996,-0.0011959304301663821,0.0915483870967742,-0.007590132827324436,-0.11764705882352924,-0.05276618656615879
27,2,1267664,0,195,49.23,0.23,14.09,8.07,0.2335469107551457,-9.916064759599408e-05,0.08500000000000085,-0.001166595854070507,0.09090322580645162,-0.007590132827324356,-0.11764705882352801,-0.05645828125300308
27,2,1267705,0,195,49.12,0.23,14.09,8.111,0.23087610330172958,-9.635116112560027e-05,0.08300000000000018,-0.001160857362959037,0.09090322580645162,-0.007773027594248062,0.0,-0.04537272988652831
27,2,1267747,0,195,49.01,0.23,13.99,8.153,0.22978097417456383,-9.376367905930038e-05,0.08300000000000018,-0.0011296828802325322,0.09025806451612903,-0.007773027594248062,0.0,-0.033911389264149876
27,2,1267788,0,195,48.9,0.23,13.99,8.194,0.22806145799280514,-9.181870003699721e-05,0.08300000000000018,-0.0011062493980361085,0.09025806451612903,-0.007773027594247895,0.0,-0.04064640385668121
27,2,1267830,0,195,48.79,0.23,13.89,8.236,0.2264073226544593,-9.072430292056132e-05,0.08299999999999841,-0.0010930638906091936,0.08961290322580645,-0.007773027594248061,-0.12048192771084579,-0.03749551983678462
27,2,1267871,0,195,48.68,0.22,13.89,8.277,0.22494932984635208,-9.041612852390735e-05,0.08300000000000018,-0.0010893509460711704,0.08961290322580645,0.0,-0.1204819277108432,-0.04206430166563511
27,2,1267913,0,195,48.57,0.22,13.89,8.319,0.22291598561621156,-9.058704966257558e-05,0.08300000000000018,-0.0010914102368984986,0.08961290322580645,-0.007773027594248062,0.0,-0.04801159525319242
27,2,1267954,0,195,48.35,0.22,13.79,8.36,0.2209643674403371,-9.083384735284738e-05,0.08299999999999841,-0.001094383703046375,0.08896774193548386,-0.015546055188496291,0.0,-0.04486071123329599
27,2,1267996,0,195,48.35,0.22,13.69,8.402,0.21919254658384807,-9.085842749645501e-05,0.0860000000000003,-0.0010564933429820314,0.08832258064516128,-0.0075018754688671455,0.0,-0.03797410614503841
27,2,1268040,0,195,48.24,0.22,13.69,8.446,0.21769859431186378,-9.05935376827891e-05,0.08500000000000085,-0.001065806325679861,0.08832258064516128,0.0,0.0,-0.02415245274311024
27,2,1268081,0,195,48.13,0.22,13.69,8.487,0.21713958810068368,-9.017744278693662e-05,0.08300000000000018,-0.0010864752143004389,0.08832258064516128,-0.007773027594247895,0.0,-0.022371276541274715
27,2,1268123,0,195,48.02,0.22,13.59,8.529,0.21584177835893797,-8.983241261489993e-05,0.08300000000000018,-0.0010823182242759005,0.0876774193548387,-0.007773027594247895,-0.1204819277108432,-0.03225717515370411
27,2,1268164,0,195,47.91,0.21,13.59,8.57,0.21446224256292623,-8.975688219049437e-05,0.08300000000000018,-0.0010814082191625805,0.0876774193548387,-0.007773027594247895,-0.1204819277108432,-0.03304489615867746
27,2,1268206,0,195,47.8,0.21,13.49,8.612,0.21309905197776774,-9.007699285456638e-05,0.08300000000000018,-0.0010852649741513998,0.08703225806451613,-0.007773027594247895,0.0,-0.02473443955619676
27,2,1268247,0,195,47.58,0.21,13.49,8.653,0.2124092840797619,-9.082388030161326e-05,0.08300000000000018,-0.0010942636180917235,0.08703225806451613,-0.007773027594247895,0.0,-0.017802494712422758
27,2,1268289,0,195,47.58,0.21,13.39,8.695,0.21162144491663665,-9.189757681588517e-05,0.08300000000000018,-0.0011071997206733128,0.08638709677419355,-0.007773027594247895,0.0,-0.02946076558604486
27,2,1268330,0,195,47.36,0.21,13.39,8.736,0.20996404053612017,-9.303457860076847e-05,0.08300000000000018,-0.0011208985373586538,0.08638709677419355,0.0,0.0,-0.042497548218370984
27,2,1268372,0,195,47.25,0.21,13.39,8.778,0.20809414841451185,-9.384897930145364e-05,0.08599999999999852,-0.0010912672011797121,0.08638709677419355,-0.00675168792198057,0.0,-0.04481628743243377
27,2,1268416,0,195,47.25,0.21,13.3,8.822,0.20610983981693093,-9.399949314329347e-05,0.08499999999999908,-0.0011058763899211117,0.08580645161290323,-0.014421252371916741,0.0,-0.040305366998057826
27,2,1268457,0,195,47.03,0.21,13.2,8.863,0.20466819221967697,-9.342812483232521e-05,0.08300000000000018,-0.0011256400582207832,0.08516129032258064,-0.007773027594248062,-0.12048192771084287,-0.04423053442931448
27,2,1268499,0,195,46.92,0.2,13.2,8.905,0.20243870545929782,-9.250666346472158e-05,0.08300000000000018,-0.0011145381140327878,0.08516129032258064,-0.007773027594247895,-0.12048192771084287,-0.044427464680558484
27,2,1268540,0,195,46.92,0.2,13.1,8.946,0.2009807126511906,-9.194299231528724e-05,0.08200000000000074,-0.0011212560038449562,0.08451612903225807,-0.00786782061368989,0.0,-0.03556080019773654
27,2,1268581,0,195,46.7,0.2,13.1,8.987,0.1995227198430834,-9.245509747879233e-05,0.08300000000000018,-0.001113916837093881,0.08451612903225807,0.0,0.0,-0.04442746468055916
27,2,1268623,0,195,46.59,0.2,13.1,9.029,0.1972932330827042,-9.438964378199089e-05,0.08300000000000018,-0.0011372246238794056,0.08451612903225807,-0.007773027594247895,-0.1204819277108432,-0.04836606970543123
27,2,1268664,0,195,46.59,0.19,13.0,9.07,0.1955083360575326,-9.750908325626639e-05,0.08300000000000018,-0.0011748082320032069,0.08387096774193549,-0.007773027594247895,-0.1204819277108432,-0.04694817189647701
27,2,1268706,0,195,46.37,0.19,13.0,9.112,0.1933965348152966,-0.00010106546696835928,0.08300000000000018,-0.0012176562285344465,0.08387096774193549,-0.007773027594248062,0.0,-0.053249939936272465
27,2,1268747,0,195,46.37,0.19,12.9,9.153,0.19108859104282197,-0.00010410023152605418,0.08499999999999908,-0.0012247086061888861,0.0832258064516129,-0.015180265654649193,0.0,-0.0550737457454375
27,2,1268791,0,195,46.15,0.19,12.8,9.197,0.18871526642693445,-0.00010578441922113058,0.0860000000000003,-0.0012300513862922118,0.08258064516129032,-0.0075018754688671455,0.0,-0.05443335335304823
27,2,1268833,0,195,46.04,0.19,12.8,9.239,0.1864073226544598,-0.00010562913993762635,0.08300000000000018,-0.0012726402402123628,0.08258064516129032,0.0,-0.1204819277108432,-0.053249939936272465
27,2,1268874,0,195,46.04,0.18,12.8,9.28,0.18429552141222383,-0.00010352877721216736,0.08299999999999841,-0.0012473346652068595,0.08258064516129032,-0.007773027594248229,0.0,-0.04694817189647801
27,2,1268916,0,195,45.82,0.19,12.7,9.322,0.1825106243870522,-9.971889151126766e-05,0.08300000000000018,-0.0012014324278465957,0.08193548387096773,-0.015546055188495958,0.0,-0.04836606970543123
27,2,1268957,0,195,45.82,0.18,12.6,9.363,0.18028113762667303,-9.472231888661575e-05,0.08300000000000018,-0.0011412327576700667,0.08129032258064516,-0.007773027594247895,-0.1204819277108432,-0.044427464680558824
27,2,1268999,0,195,45.71,0.18,12.6,9.405,0.17882314481856582,-8.92716452540423e-05,0.08300000000000018,-0.0010755619910125555,0.08129032258064516,0.0,0.0,-0.035132356821860104
27,2,1269040,0,195,45.49,0.18,12.6,9.446,0.17736515201045863,-8.417924901615059e-05,0.08300000000000018,-0.0010142078194716915,0.08129032258064516,-0.007773027594247895,-0.12048192771084287,-0.033556914811911066
27,2,1269082,0,195,45.49,0.17,12.5,9.488,0.1760379208891772,-8.019008272965423e-05,0.08300000000000018,-0.0009661455750560728,0.08064516129032258,-0.007773027594247895,-0.12048192771084287,-0.03970113865071206
27,2,1269123,0,195,45.27,0.17,12.5,9.529,0.17406995750244952,-7.787510804636e-05,0.08500000000000085,-0.0009161777417218731,0.08064516129032258,-0.007590132827324356,0.0,-0.0461127242659067
27,2,1269167,0,195,45.16,0.17,12.4,9.573,0.17211833932657508,-7.756679922835019e-05,0.08500000000000085,-0.0009125505791570519,0.08,-0.007590132827324356,0.0,-0.04457435147972152
27,2,1269208,0,195,45.05,0.17,12.4,9.614,0.17028113762667316,-7.929966071370665e-05,0.08300000000000018,-0.0009554175989603189,0.08,0.0,0.0,-0.03497481262086563
27,2,1269250,0,195,44.94,0.17,12.4,9.656,0.16921542987904323,-8.275887219295974e-05,0.08299999999999841,-0.0009970948456983293,0.08,-0.007773027594248061,0.0,-0.025679704762167462
27,2,1269291,0,195,44.83,0.17,12.3,9.697,0.1681497221314133,-8.72945818277131e-05,0.08199999999999896,-0.0010645680710696854,0.07935483870967742,-0.00786782061369006,0.0,-0.03540133472599833
27,2,1269332,0,195,44.83,0.17,12.3,9.738,0.1663125204315114,-9.204395820350797e-05,0.08200000000000074,-0.0011224872951647211,0.07935483870967742,-0.007867820613690058,0.0,-0.03520200288632443
27,2,1269373,0,195,44.61,0.17,12.2,9.779,0.16526315789473467,-9.613031948435591e-05,0.08300000000000018,-0.001158196620293442,0.07870967741935483,-0.007773027594248062,-0.1204819277108432,-0.03182392860096757
27,2,1269415,0,195,44.61,0.16,12.2,9.821,0.1636711343576311,-9.885894135852346e-05,0.08300000000000018,-0.0011910715826328102,0.07870967741935483,-0.007773027594247895,-0.1204819277108432,-0.03698350118354954
27,2,1269456,0,195,44.5,0.16,12.1,9.862,0.16219352729650005,-9.984290519932237e-05,0.08300000000000018,-0.0012029265686665318,0.07806451612903226,-0.007773027594247895,0.0,-0.03304489615867813
27,2,1269498,0,195,44.28,0.16,12.1,9.904,0.1609284079764608,-9.903991042996197e-05,0.0860000000000003,-0.00115162686546467,0.07806451612903226,-0.0067516879219804305,0.0,-0.02980150071842899
27,2,1269542,0,195,44.17,0.16,12.01,9.948,0.15963059823471515,-9.671957621245219e-05,0.08500000000000085,-0.0011378773672053085,0.07748387096774194,-0.00683111954459192,0.0,-0.033805741976423574
27,2,1269583,0,195,44.17,0.16,12.01,9.989,0.15805491990846476,-9.339270817968348e-05,0.08300000000000018,-0.001125213351562449,0.07748387096774194,-0.007773027594247895,0.0,-0.040134385203447934
27,2,1269625,0,195,44.06,0.16,11.91,10.031,0.15629944426282896,-8.97211977082204e-05,0.08299999999999841,-0.0010809782856412305,0.07683870967741936,-0.007773027594248061,-0.12048192771084579,-0.04328526922334659
27,2,1269666,0,195,43.95,0.15,11.91,10.072,0.15446224256292707,-8.64048681644931e-05,0.08300000000000018,-0.0010410225080059387,0.07683870967741936,-0.007773027594248062,-0.1204819277108432,-0.04407299022832035
27,2,1269708,0,195,43.84,0.15,11.81,10.114,0.15264138607387837,-8.403549394217791e-05,0.08300000000000018,-0.0010124758306286473,0.07619354838709677,-0.007773027594248062,0.0,-0.04249754821837165
27,2,1269749,0,195,43.72,0.15,11.81,10.155,0.1509349460608022,-8.293704861033824e-05,0.08299999999999841,-0.0009992415495221666,0.07619354838709677,0.0,0.0,-0.03855894319350006
27,2,1269791,0,195,43.61,0.15,11.81,10.197,0.14944099378881792,-8.305917704541699e-05,0.08300000000000018,-0.001000712976450805,0.07619354838709677,-0.007773027594247895,0.0,-0.025522160561171774
27,2,1269832,0,195,43.5,0.15,11.71,10.238,0.14881660673422495,-8.400373366764846e-05,0.08500000000000085,-0.0009882792196193838,0.0755483870967742,-0.007590132827324356,0.0,-0.02415245274311024
27,2,1269876,0,195,43.39,0.15,11.71,10.282,0.14738803530565353,-8.520169216574658e-05,0.08500000000000085,-0.0010023728490087733,0.0755483870967742,-0.007590132827324519,0.0,-0.03534411476260909
27,2,1269917,0,195,43.28,0.15,11.61,10.323,0.14581235697940315,-8.615733044889318e-05,0.08300000000000018,-0.001038040125890277,0.0749032258064516,-0.007773027594248062,-0.12048192771084287,-0.0385589431934989
27,2,1269959,0,195,43.17,0.14,11.61,10.365,0.14418764302059311,-8.662633591135816e-05,0.08300000000000018,-0.0010436907941127466,0.0749032258064516,-0.007773027594247895,-0.12048192771084287,-0.038558943193499236
27,2,1270000,0,195,43.06,0.14,11.51,10.406,0.1426119646943427,-8.66366647129908e-05,0.08300000000000018,-0.001043815237505911,0.07425806451612903,-0.007773027594247895,0.0,-0.03619578017857586
27,2,1270042,0,195,42.95,0.14,11.51,10.448,0.1411833932657713,-8.636192155844213e-05,0.08300000000000018,-0.0010405050790173727,0.07425806451612903,0.0,0.0,-0.03146945414872876
27,2,1270083,0,195,42.84,0.14,11.51,10.489,0.1399999999999982,-8.595160926386214e-05,0.08300000000000018,-0.001035561557395927,0.07425806451612903,-0.007773027594247895,0.0,-0.028515500380075037
27,2,1270125,0,195,42.73,0.14,11.41,10.531,0.13881660673422508,-8.544767867426018e-05,0.08299999999999841,-0.0010294901045091785,0.07361290322580645,-0.007773027594248061,0.0,-0.03820446874126158
27,2,1270166,0,195,42.62,0.14,11.41,10.572,0.13682902909447356,-8.484426360681319e-05,0.08300000000000018,-0.0010222200434555784,0.07361290322580645,-0.007773027594247895,0.0,-0.03918911999747878
27,2,1270208,0,195,42.51,0.14,11.31,10.614,0.13556390977443433,-8.422804191017618e-05,0.09200000000000053,-0.0009155221946758229,0.07296774193548387,-0.007012622720897533,-0.10869565217391251,-0.02839092059070115
27,2,1270258,0,195,42.4,0.13,11.31,10.664,0.13421706440012904,-8.386855416685001e-05,0.09199999999999875,-0.0009116147192049038,0.07296774193548387,-0.007012622720897668,-0.10869565217391462,-0.02910158193214596
27,2,1270300,0,195,42.29,0.13,11.21,10.706,0.13288656423667694,-8.416030196539204e-05,0.08300000000000018,-0.0010139795417517092,0.0723225806451613,-0.007773027594247895,0.0,-0.030681733143754747
27,2,1270341,0,195,42.18,0.13,11.21,10.747,0.1316704805491974,-8.542073076456269e-05,0.08300000000000018,-0.0010291654308983433,0.0723225806451613,0.0,0.0,-0.02674312811888267
27,2,1270383,0,195,42.07,0.13,11.21,10.789,0.13066688460280967,-8.765373331370086e-05,0.08399999999999963,-0.00104349682516311,0.0723225806451613,-0.007680491551459446,0.0,-0.030939149115023375
27,2,1270425,0,195,41.96,0.13,11.11,10.831,0.12907159202353544,-9.042866100555535e-05,0.08300000000000018,-0.0010895019398259656,0.0716774193548387,-0.007773027594248062,0.0,-0.03804692454026563
27,2,1270466,0,195,41.85,0.13,11.11,10.872,0.12750898986596762,-9.296401247584996e-05,0.08300000000000018,-0.001120048343082527,0.0716774193548387,-0.007773027594247895,0.0,-0.03647148253031693
27,2,1270508,0,195,41.74,0.13,11.01,10.914,0.12604445897351912,-9.438510016691026e-05,0.08300000000000018,-0.0011371698815290368,0.07103225806451613,-0.007773027594247895,-0.1204819277108432,-0.02658558391788753
27,2,1270549,0,195,41.74,0.12,11.01,10.955,0.12530238640078295,-9.403721332931703e-05,0.08300000000000018,-0.0011329784738471906,0.07103225806451613,-0.007773027594247895,0.0,-0.02560093266166951
27,2,1270591,0,195,41.52,0.13,10.91,10.997,0.12391958156260055,-9.172613448391509e-05,0.0860000000000003,-0.001066582959115288,0.07038709677419355,-0.0075018754688671455,0.0,-0.021856968001398608
27,2,1270635,0,195,41.52,0.12,10.91,11.041,0.12342268715266266,-8.780151327846042e-05,0.08500000000000085,-0.0010329589797465827,0.07038709677419355,-0.007590132827324356,-0.11764705882352834,-0.010730150183643164
27,2,1270676,0,195,41.41,0.12,10.81,11.082,0.12300751879699087,-8.305886186011157e-05,0.08300000000000018,-0.0010007091790374867,0.06974193548387098,-0.007773027594247895,0.0,-0.01870837386814304
27,2,1270718,0,195,41.3,0.12,10.81,11.124,0.12186989212160679,-7.85007162469995e-05,0.08399999999999963,-0.0009345323362738077,0.06974193548387098,0.0,0.0,-0.028253864474851526
27,2,1270760,0,195,41.19,0.12,10.81,11.166,0.12063419418110335,-7.505542658813802e-05,0.08300000000000018,-0.0009042822480498536,0.06974193548387098,-0.006995724834823273,0.0,-0.03016971449052147
27,2,1270801,0,195,41.19,0.12,10.72,11.207,0.1193658058188935,-7.336661789011423e-05,0.08300000000000018,-0.000883935155302579,0.06916129032258064,-0.006995724834823273,0.0,-0.030169714490521134
27,2,1270843,0,195,40.97,0.12,10.72,11.249,0.1181301078783901,-7.37090066695476e-05,0.08299999999999841,-0.0008880603213198676,0.06916129032258064,-0.007773027594248061,0.0,-0.02859427248057305
27,2,1270884,0,195,40.86,0.12,10.62,11.29,0.11699248120300598,-7.599680283280285e-05,0.08300000000000018,-0.0009156241305156949,0.06851612903225807,-0.007773027594247895,0.0,-0.025443388460674708
27,2,1270926,0,195,40.75,0.12,10.62,11.332,0.11601830663615409,-7.981681127480123e-05,0.0840000000000014,-0.0009502001342238082,0.06851612903225807,0.0,-0.119047619047617,-0.01381559488784017
27,2,1270968,0,195,40.64,0.11,10.62,11.374,0.11583197123242739,-8.446908915732897e-05,0.08499999999999908,-0.0009937539900862341,0.06851612903225807,-0.007590132827324678,0.0,-0.015191431263580914
27,2,1271011,0,195,40.64,0.12,10.52,11.417,0.11472703497874973,-8.906086662758205e-05,0.08499999999999908,-0.0010477749015009767,0.06787096774193548,-0.007590132827324678,0.0,-0.02542161029171399
27,2,1271053,0,195,40.53,0.11,10.52,11.459,0.11367113435763172,-9.268976334499257e-05,0.08399999999999963,-0.0011034495636308688,0.06787096774193548,-0.00768049155145928,-0.11904761904761951,-0.023778390074565108
27,2,1271095,0,195,40.31,0.11,10.42,11.501,0.11272965021248627,-9.467930457383212e-05,0.08300000000000018,-0.0011407145129377339,0.0672258064516129,-0.007773027594247895,0.0,-0.024655667455700192
27,2,1271136,0,195,40.31,0.11,10.42,11.542,0.1116247139588086,-9.477396279127781e-05,0.08300000000000018,-0.0011418549733888867,0.0672258064516129,-0.007773027594247895,0.0,-0.027806551475597754
27,2,1271178,0,195,40.2,0.11,10.32,11.584,0.11042170644001165,-9.320873499460091e-05,0.08300000000000018,-0.001122996807163864,0.06658064516129032,-0.007773027594247895,0.0,-0.02264697889301512
27,2,1271219,0,195,39.98,0.11,10.32,11.625,0.10974501471068834,-9.061832911871193e-05,0.08300000000000018,-0.001091787097815804,0.06658064516129032,-0.007773027594247895,0.0,-0.02638865366664386
27,2,1271261,0,195,39.98,0.11,10.22,11.667,0.1082314481856802,-8.780971082950906e-05,0.08399999999999963,-0.001045353700351303,0.06593548387096775,-0.00768049155145928,0.0,-0.03448061146655422
27,2,1271303,0,195,39.87,0.11,10.22,11.709,0.1068486433474978,-8.547781882282024e-05,0.08300000000000018,-0.0010298532388291573,0.06593548387096775,0.0,0.0,-0.024222420902964316
27,2,1271344,0,195,39.76,0.11,10.22,11.75,0.10622098725073416,-8.398510784404678e-05,0.0940000000000012,-0.0008934585940855926,0.06593548387096775,-0.0068634179821551325,-0.10638297872340285,-0.019822915290074728
27,2,1271397,0,195,39.65,0.1,10.12,11.803,0.10498528931023075,-8.331411312915193e-05,0.09699999999999953,-0.0008589083827747663,0.06529032258064515,-0.006651147322913337,-0.10309278350515509,-0.02530980072323311
27,2,1271441,0,195,39.54,0.1,10.12,11.847,0.10376593658058056,-8.3213586597779e-05,0.08799999999999919,-0.0009456089386111336,0.06529032258064515,-0.007331378299120258,0.11363636363636463,-0.020431513566525086
27,2,1271485,0,195,39.43,0.11,10.02,11.891,0.10318731611637656,-8.343938513347914e-05,0.08699999999999974,-0.0009590733923388436,0.06464516129032258,-0.007415647015202053,0.0,-0.021605738484141292
27,2,1271528,0,195,39.32,0.1,10.02,11.934,0.10188623733246027,-8.393306296517266e-05,0.08699999999999974,-0.0009647478501744013,0.06464516129032258,-0.007415647015202053,-0.11494252873563246,-0.031037113022435732
27,2,1271572,0,195,39.32,0.1,9.92,11.978,0.10048708728342466,-8.482681251936341e-05,0.08800000000000097,-0.0009639410513563919,0.064,-0.00733137829912011,0.0,-0.032170346815655
27,2,1271616,0,195,39.21,0.1,9.92,12.022,0.0990552468126826,-8.627708034253878e-05,0.08699999999999974,-0.0009916905786498738,0.064,0.0,-0.11494252873563263,-0.03254012091698482
27,2,1271659,0,195,38.99,0.09,9.92,12.065,0.09765609676364699,-8.824137284619304e-05,0.08699999999999974,-0.0010142686534045208,0.064,-0.007415647015202053,0.0,-0.03103711302243589
27,2,1271703,0,195,38.99,0.1,9.82,12.109,0.09635501797973069,-9.035444191779263e-05,0.08800000000000097,-0.0010267550217930867,0.06335483870967742,-0.00733137829912011,0.1136363636363625,-0.02136021872863939
27,2,1271747,0,195,38.77,0.1,9.82,12.153,0.0957763975155267,-9.199660813865051e-05,0.08999999999999986,-0.0010221845348738962,0.06335483870967742,-0.007168458781361975,-0.11111111111111138,-0.013766299807489592
27,2,1271793,0,195,38.77,0.09,9.72,12.199,0.09511605099705663,-9.25232382897505e-05,0.08900000000000041,-0.0010395869470758434,0.06270967741935485,-0.0072490032620513905,0.0,-0.020936562216483746
27,2,1271836,0,195,38.66,0.1,9.72,12.242,0.09391304347825964,-9.153458378343337e-05,0.08699999999999974,-0.0010521216526831452,0.06270967741935485,-0.007415647015202293,0.0,-0.026715965325607636
27,2,1271880,0,195,38.55,0.09,9.62,12.286,0.09279176201372877,-8.905800345086767e-05,0.08699999999999974,-0.0010236552120789417,0.06206451612903225,-0.007415647015202293,-0.11494252873563263,-0.028031097233337885
27,2,1271923,0,195,38.44,0.09,9.62,12.329,0.09147433801895925,-8.556636827560027e-05,0.08699999999999974,-0.00098352147443219,0.06206451612903225,-0.006674082313681848,0.0,-0.021417862497322616
27,2,1271967,0,195,38.33,0.09,9.53,12.373,0.0909284079764617,-8.182790625791547e-05,0.08699999999999974,-0.0009405506466427094,0.06148387096774193,-0.006674082313681848,0.0,-0.019351226642317663
27,2,1272010,0,195,38.22,0.09,9.53,12.416,0.08979078130107762,-7.86533239766829e-05,0.08700000000000152,-0.0009040611951342705,0.06148387096774193,0.0,0.0,-0.02577658539151405
27,2,1272054,0,195,38.11,0.09,9.53,12.46,0.08868584504739994,-7.665409212160413e-05,0.08699999999999974,-0.0008810815186391305,0.06148387096774193,-0.007415647015202053,0.0,-0.024273577496965654
27,2,1272097,0,195,38.0,0.09,9.43,12.503,0.08767898005884162,-7.611523474095172e-05,0.08699999999999974,-0.0008748877556431257,0.060838709677419354,-0.007415647015202053,0.0,-0.0316383161802553
27,2,1272141,0,195,37.89,0.09,9.43,12.547,0.08593331153971774,-7.700549220058405e-05,0.08900000000000041,-0.0008652302494447607,0.060838709677419354,-0.0072490032620513905,-0.11235955056179718,-0.03074368872841566
27,2,1272186,0,195,37.89,0.08,9.33,12.592,0.08494279176201261,-7.905650593715663e-05,0.08899999999999864,-0.000888275347608515,0.06019354838709678,-0.007249003262051535,-0.11235955056179942,-0.019320406536615323
27,2,1272230,0,195,37.67,0.08,9.33,12.636,0.084213795357959,-8.182792165366414e-05,0.08699999999999974,-0.0009405508236053378,0.06019354838709678,0.0,0.11494252873563246,-0.023371772760235818
27,2,1272273,0,195,37.67,0.09,9.33,12.679,0.0829094475318721,-8.474704564498659e-05,0.08700000000000152,-0.0009741039729308633,0.06019354838709678,-0.007415647015201982,0.0,-0.019426377037044675
27,2,1272317,0,195,37.45,0.08,9.23,12.723,0.08252370055573609,-8.718048822930058e-05,0.08699999999999974,-0.0010020745773482854,0.059548387096774194,-0.007415647015202133,-0.11494252873563246,-0.007928366643745997
27,2,1272360,0,195,37.45,0.08,9.23,12.766,0.0822196796338662,-8.857762847375561e-05,0.08699999999999974,-0.0010181336606178836,0.059548387096774194,-0.007415647015202053,0.0,-0.009243498551475927
27,2,1272404,0,195,37.34,0.08,9.13,12.81,0.08171951618175768,-8.86436765939358e-05,0.08799999999999919,-0.0010073145067492797,0.05890322580645162,-0.007331378299120258,0.0,-0.012853279443668304
27,2,1272448,0,195,37.23,0.08,9.13,12.854,0.0810885910428234,-8.74456829829402e-05,0.08799999999999919,-0.0009937009429879658,0.05890322580645162,-0.0073313782991204154,0.0,-0.01508217183274379
27,2,1272492,0,195,37.12,0.08,9.03,12.898,0.08039228506047624,-8.537977985539058e-05,0.08700000000000152,-0.000981376779947001,0.05825806451612903,-0.007415647015202061,0.0,-0.022432392826142622
27,2,1272535,0,195,37.01,0.08,9.03,12.941,0.07913697286694896,-8.300832052531248e-05,0.08900000000000041,-0.0009326777587113719,0.05825806451612903,0.0,0.0,-0.017704250856745814
27,2,1272581,0,195,36.9,0.08,9.03,12.987,0.07881660673422586,-8.085488972571042e-05,0.08999999999999986,-0.000898387663619006,0.05825806451612903,-0.007168458781361975,0.0,-0.0060295666702988
27,2,1272625,0,195,36.79,0.08,8.93,13.031,0.07859431186662207,-7.926655285888806e-05,0.08699999999999974,-0.0009111098029757275,0.05761290322580645,-0.007415647015202053,0.0,-0.0200275801948648
27,2,1272668,0,195,36.79,0.08,8.93,13.074,0.07707420725727263,-7.839149463429251e-05,0.08699999999999974,-0.000901051662463135,0.05761290322580645,-0.007415647015202053,0.0,-0.02664081493088023
27,2,1272712,0,195,36.68,0.08,8.83,13.118,0.07627656096763549,-7.8227464600781e-05,0.08699999999999974,-0.0008991662597790947,0.05696774193548387,-0.007415647015202053,0.0,-0.016082184471673894
27,2,1272755,0,195,36.57,0.08,8.83,13.161,0.075675057208237,-7.866455021083496e-05,0.08699999999999974,-0.0009041902323084505,0.05696774193548387,0.0,-0.11494252873563246,-0.011197408814389609
27,2,1272799,0,195,36.46,0.07,8.83,13.205,0.0753023864007836,-7.949885963250125e-05,0.08699999999999974,-0.0009137799957758792,0.05696774193548387,-0.007415647015202053,-0.11494252873563246,-0.009506524933022169
27,2,1272842,0,195,36.35,0.07,8.73,13.248,0.07484798953906407,-8.045436944695084e-05,0.08699999999999974,-0.0009247628672063343,0.056322580645161296,-0.007415647015202053,0.0,-0.011009532827571092
27,2,1272886,0,195,36.24,0.07,8.73,13.292,0.07434455704478492,-8.124084530455633e-05,0.08700000000000152,-0.0009338028195925852,0.056322580645161296,-0.007415647015201982,0.0,-0.011761036774845076
27,2,1272929,0,195,36.13,0.07,8.63,13.335,0.07382477933965254,-8.161945046169272e-05,0.08900000000000041,-0.0009170724770976667,0.05567741935483871,-0.007249003262051469,0.11235955056179718,-0.011496743813612905
27,2,1272975,0,195,36.02,0.08,8.63,13.381,0.07332134684537336,-8.143106368674857e-05,0.08899999999999864,-0.0009149557717612339,0.05567741935483871,0.0,0.0,-0.010762127595490978
27,2,1273018,0,195,36.02,0.07,8.63,13.424,0.07286694998365385,-8.05920440260266e-05,0.08699999999999974,-0.0009263453336324924,0.05567741935483871,-0.007415647015202213,-0.11494252873563246,-0.009506524933022169
27,2,1273062,0,195,35.8,0.07,8.53,13.468,0.07249427917620044,-7.91069681489418e-05,0.08699999999999974,-0.000909275495964851,0.05503225806451612,-0.007415647015202213,0.11494252873563246,-0.007252013091198861
27,2,1273105,0,195,35.8,0.08,8.53,13.511,0.07223602484471955,-7.711833355643272e-05,0.08699999999999974,-0.0008864176270854362,0.05503225806451612,-0.007415647015202053,0.0,-0.004245997302100852
27,2,1273149,0,195,35.69,0.07,8.43,13.555,0.07212487741091766,-7.494123417098563e-05,0.08700000000000152,-0.0008613934962182106,0.054387096774193545,-0.007415647015201902,0.0,-0.0004884775657282909
27,2,1273192,0,195,35.58,0.08,8.43,13.598,0.07219352729650119,-7.301105515187167e-05,0.08699999999999974,-0.0008392075304812861,0.054387096774193545,0.0,0.0,0.010445904867115385
27,2,1273236,0,195,35.47,0.07,8.43,13.642,0.0730336711343567,-7.173641478075154e-05,0.08699999999999974,-0.0008245564917327788,0.054387096774193545,-0.007415647015202053,-0.11494252873563246,0.0017660342760950065
27,2,1273279,0,195,35.36,0.07,8.33,13.685,0.07234717227852146,-7.132870418982762e-05,0.08900000000000041,-0.0008014461144924414,0.05374193548387097,-0.0072490032620513905,0.0,-0.016161556798689188
27,2,1273325,0,195,35.25,0.07,8.33,13.731,0.07159529257927336,-7.169869462334688e-05,0.08899999999999864,-0.0008056033103746964,0.05374193548387097,0.0,0.0,-0.017630789234933983
27,2,1273368,0,195,35.13,0.07,8.33,13.774,0.07077803203661236,-7.247446929183532e-05,0.08699999999999974,-0.0008330398769176498,0.05374193548387097,-0.006674082313681848,0.0,-0.01953910262913634
27,2,1273412,0,195,35.13,0.07,8.24,13.818,0.0698953906505385,-7.31449823518755e-05,0.08700000000000152,-0.000840746923584761,0.05316129032258065,-0.006674082313681712,0.0,-0.0042459973021006054
27,2,1273455,0,195,35.02,0.07,8.24,13.861,0.0704086302713296,-7.327861065943252e-05,0.08699999999999974,-0.000842282881142905,0.05316129032258065,-0.007415647015202133,0.0,-0.004997501249375394
27,2,1273499,0,195,34.91,0.07,8.14,13.905,0.06946060804184284,-7.271483251145128e-05,0.08699999999999974,-0.0008358026725454195,0.052516129032258066,-0.007415647015202133,0.0,-0.015368255721763055
27,2,1273542,0,195,34.8,0.07,8.14,13.948,0.06907159202353622,-7.16273842975621e-05,0.08700000000000152,-0.0008233032677880557,0.052516129032258066,0.0,0.0,-0.002141786249732154
27,2,1273586,0,195,34.8,0.07,8.14,13.992,0.06927427263811614,-7.043059425448561e-05,0.08699999999999974,-0.0008095470603963887,0.052516129032258066,-0.007415647015202213,0.0,-0.00458417407837434
27,2,1273629,0,195,34.58,0.07,8.04,14.035,0.06867276887871765,-6.958845890809684e-05,0.08699999999999974,-0.0007998673437712303,0.051870967741935475,-0.007415647015202213,-0.11494252873563263,-0.005899305986104589
27,2,1273673,0,195,34.58,0.06,8.04,14.079,0.06876103301732504,-6.941833701823264e-05,0.08999999999999986,-0.0007713148557581416,0.051870967741935475,0.0,0.0,-0.005884275907159148
27,2,1273719,0,195,34.36,0.07,8.04,14.125,0.06814318404707333,-6.996034465587186e-05,0.08899999999999864,-0.0007860712882682352,0.051870967741935475,-0.007249003262051457,0.11235955056179958,-0.015169824904224395
27,2,1273762,0,195,34.36,0.07,7.94,14.168,0.06741091860084909,-7.095189865527729e-05,0.08699999999999974,-0.0008155390650031896,0.051225806451612906,-0.007415647015201973,0.0,-0.017773068353041332
27,2,1273806,0,195,34.25,0.07,7.94,14.212,0.06659692710035874,-7.191715779606156e-05,0.08700000000000152,-0.0008266339976558656,0.051225806451612906,0.0,0.0,-0.019276076247590024
27,2,1273849,0,195,34.14,0.07,7.94,14.255,0.06573389996730873,-7.234919274822182e-05,0.08699999999999974,-0.0008315999166462303,0.051225806451612906,-0.007415647015202133,-0.11494252873563263,-0.0200275801948648
27,2,1273893,0,195,34.03,0.06,7.84,14.299,0.0648545276234055,-7.193149486104567e-05,0.08699999999999974,-0.0008267987915062745,0.05058064516129032,-0.007415647015202133,0.0,-0.0200275801948648
27,2,1273936,0,195,34.03,0.07,7.84,14.342,0.0639915004903555,-7.07125361043337e-05,0.08699999999999974,-0.0008127877713141829,0.05058064516129032,-0.007415647015202053,0.0,-0.019276076247590257
27,2,1273980,0,195,33.92,0.06,7.74,14.386,0.06317750898986516,-6.913014331302313e-05,0.08699999999999974,-0.0007945993484255557,0.049935483870967745,-0.007415647015202053,-0.11494252873563263,-0.017773068353041332
27,2,1274023,0,195,33.81,0.06,7.74,14.429,0.06244524354364091,-6.783288568699675e-05,0.08700000000000152,-0.0007796883412298341,0.049935483870967745,0.0,0.0,-0.01551855651121771
27,2,1274067,0,195,33.7,0.06,7.74,14.473,0.06182739457338919,-6.737168722033182e-05,0.08999999999999986,-0.0007485743024481325,0.049935483870967745,0.0,0.0,-0.012095456031382821
27,2,1274113,0,195,33.59,0.06,7.74,14.519,0.061356652500816455,-6.794420677538593e-05,0.08999999999999986,-0.0007549356308376226,0.049935483870967745,-0.007168458781362052,0.0,-0.018488249609530907
27,2,1274157,0,195,33.48,0.06,7.64,14.563,0.06016345210853141,-6.935172194657114e-05,0.08799999999999919,-0.0007880877493928611,0.04929032258064516,-0.0073313782991203365,0.0,-0.018722696068233742
27,2,1274201,0,195,33.37,0.06,7.64,14.607,0.0597090552468119,-7.117149257036725e-05,0.08699999999999974,-0.0008180631329927294,0.04929032258064516,-0.007415647015202133,0.0,-0.001578158289276331
27,2,1274244,0,195,33.37,0.06,7.54,14.65,0.06002615233736437,-7.299328549768181e-05,0.08700000000000152,-0.0008390032815825348,0.04864516129032258,-0.007415647015201982,0.0,0.006538084341287888
27,2,1274288,0,195,33.15,0.06,7.54,14.694,0.06027786858450396,-7.455195917941371e-05,0.08699999999999974,-0.0008569190710277463,0.04864516129032258,0.0,0.0,0.00578658039401332
27,2,1274331,0,195,33.15,0.06,7.54,14.737,0.06052958483164353,-7.570314143749979e-05,0.08699999999999974,-0.0008701510510057473,0.04864516129032258,-0.007415647015202053,0.0,-0.0038326701310999575
27,2,1274375,0,195,33.04,0.06,7.44,14.781,0.05994442628309826,-7.631544738565666e-05,0.08699999999999974,-0.0008771890504098492,0.048,-0.007415647015202053,0.0,-0.005899305986104589
27,2,1274418,0,195,32.93,0.06,7.44,14.824,0.06001634521085243,-7.619303367188124e-05,0.08699999999999974,-0.0008757819962285225,0.048,0.0,0.0,-0.0132640446693944
27,2,1274462,0,195,32.82,0.06,7.44,14.868,0.05879045439686095,-7.510152600902397e-05,0.08999999999999986,-0.0008344614001002677,0.048,-0.007168458781362052,0.0,-0.019214703425229473
27,2,1274508,0,195,32.71,0.06,7.34,14.914,0.05828702190258178,-7.290013924463956e-05,0.08900000000000041,-0.0008191026881420138,0.04735483870967742,-0.007249003262051469,0.0,-0.012965976249857505
27,2,1274551,0,195,32.6,0.06,7.34,14.957,0.05763648251062363,-6.97088299864701e-05,0.08699999999999974,-0.0008012509193847161,0.04735483870967742,-0.007415647015202053,0.0,-0.01627006045849233
27,2,1274595,0,195,32.49,0.06,7.24,15.001,0.05687152664269295,-6.598876984195279e-05,0.08699999999999974,-0.0007584916073787699,0.04670967741935484,-0.007415647015202053,0.0,-0.018524572300315716
27,2,1274638,0,195,32.49,0.06,7.24,15.044,0.05602484472049617,-6.244318598182996e-05,0.08699999999999974,-0.0007177377699060936,0.04670967741935484,0.0,-0.11494252873563246,-0.02002758019486472
27,2,1274682,0,195,32.38,0.05,7.24,15.088,0.05512912716573973,-5.9764893552335604e-05,0.08699999999999974,-0.0006869527994521354,0.04670967741935484,0.0,-0.11494252873563246,-0.020779084142139262
27,2,1274725,0,195,32.27,0.05,7.24,15.131,0.054217064400130056,-5.837639843391962e-05,0.08700000000000152,-0.0006709930854473402,0.04670967741935484,-0.007415647015201982,0.0,-0.02077908414213892
27,2,1274769,0,195,32.16,0.05,7.14,15.175,0.05332134684537361,-5.831407749621853e-05,0.08699999999999974,-0.0006702767528301,0.04606451612903226,-0.007415647015202133,0.0,-0.0200275801948648
27,2,1274812,0,195,32.05,0.05,7.14,15.218,0.052474664923176824,-5.929477463192079e-05,0.08699999999999974,-0.0006815491337002409,0.04606451612903226,0.0,0.0,-0.018524572300315876
27,2,1274856,0,195,32.05,0.05,7.14,15.262,0.051709709055246134,-6.0886121737953044e-05,0.08900000000000041,-0.0006841137273927276,0.04606451612903226,-0.0072490032620513905,0.11235955056179718,-0.015904441122346392
27,2,1274901,0,195,31.94,0.06,7.04,15.307,0.05105916966328799,-6.267243388680211e-05,0.08900000000000041,-0.0007041846504135036,0.04541935483870968,-0.0072490032620513905,0.0,-0.012965976249857349
27,2,1274945,0,195,31.83,0.05,7.04,15.351,0.050555737169008824,-6.434659060062132e-05,0.08699999999999974,-0.0007396159839151897,0.04541935483870968,0.0,-0.11494252873563246,-0.009506524933022089
27,2,1274988,0,195,31.72,0.05,7.04,15.394,0.05023210199411507,-6.571186257892325e-05,0.08699999999999974,-0.0007553087652749822,0.04541935483870968,-0.006674082313681928,0.0,-0.0049975012493752346
27,2,1275032,0,195,31.72,0.05,6.95,15.438,0.05012095456031318,-6.662465889426805e-05,0.08699999999999974,-0.000765800676945612,0.044838709677419354,-0.006674082313681928,0.0,0.0002630263815461615
27,2,1275075,0,195,31.5,0.05,6.95,15.481,0.050254985289309585,-6.693380739269195e-05,0.08699999999999974,-0.0007693541079619786,0.044838709677419354,0.0,0.0,0.00627505795974186
27,2,1275119,0,195,31.5,0.05,6.95,15.525,0.05066688460281072,-6.646375491649348e-05,0.08699999999999974,-0.000763951205936709,0.044838709677419354,-0.007415647015202133,0.0,0.0026678390128243613
27,2,1275162,0,195,31.39,0.05,6.85,15.568,0.050487087283425304,-6.505921651961622e-05,0.08699999999999974,-0.0007478070864323725,0.04419354838709677,-0.007415647015202133,0.0,-0.004509023683646933
27,2,1275206,0,195,31.28,0.05,6.85,15.612,0.05027459954233344,-6.267227198339231e-05,0.08699999999999974,-0.0007203709423378447,0.04419354838709677,0.0,0.0,-0.005260527630921316
27,2,1275249,0,195,31.28,0.05,6.85,15.655,0.05002942137953515,-5.9446089172833004e-05,0.08900000000000041,-0.0006679335862116037,0.04419354838709677,-0.0072490032620513905,0.0,-0.005876929744977773
27,2,1275295,0,195,31.17,0.05,6.75,15.701,0.049751552795030414,-5.574787726086239e-05,0.08999999999999986,-0.0006194208584540276,0.043548387096774194,-0.007168458781361975,0.0,-0.006538084341287891
27,2,1275339,0,195,31.06,0.05,6.75,15.745,0.04944099378881924,-5.2123964449535265e-05,0.08699999999999974,-0.0005991260281555795,0.043548387096774194,0.0,0.0,0.002855714999643037
27,2,1275382,0,195,30.95,0.05,6.75,15.788,0.04999999999999936,-4.918575228374067e-05,0.08700000000000152,-0.000565353474525745,0.043548387096774194,0.0,0.0,0.006425358749196621
27,2,1275426,0,195,30.84,0.05,6.75,15.832,0.04999999999999936,-4.747619003097281e-05,0.08699999999999974,-0.0005457033336893442,0.043548387096774194,-0.007415647015202053,0.0,0.0
27,2,1275469,0,195,30.73,0.05,6.65,15.875,0.04999999999999936,-4.7369982472244666e-05,0.08699999999999974,-0.0005444825571522392,0.04290322580645162,-0.007415647015202053,0.0,0.0
27,2,1275513,0,195,30.62,0.05,6.65,15.919,0.04999999999999936,-4.9012040745451735e-05,0.08699999999999974,-0.0005633567901776078,0.04290322580645162,0.0,0.0,0.0
27,2,1275556,0,195,30.62,0.05,6.65,15.962,0.04999999999999936,-5.226799549973116e-05,0.08699999999999974,-0.000600781557468176,0.04290322580645162,0.0,0.0,0.0
27,2,1275600,0,195,30.51,0.05,6.65,16.006,0.04999999999999936,-5.669703571588691e-05,0.08699999999999974,-0.0006516900656998514,0.04290322580645162,-0.007415647015202133,0.0,0.0
27,2,1275643,0,195,30.4,0.05,6.55,16.049,0.04999999999999936,-6.159359724966862e-05,0.08899999999999864,-0.0006920628904457254,0.04225806451612903,-0.0072490032620516134,0.0,0.0
27,2,1275689,0,195,30.4,0.05,6.55,16.095,0.04999999999999936,-6.61123088652582e-05,0.08900000000000219,-0.0007428349310702986,0.04225806451612903,0.0,0.0,0.0
27,2,1275732,0,195,30.29,0.05,6.55,16.138,0.04999999999999936,-6.943695137053307e-05,0.08800000000000097,-0.0007890562655742308,0.04225806451612903,-0.007331378299120188,0.0,0.0
27,2,1275777,0,195,30.18,0.05,6.45,16.183,0.04999999999999936,-7.09465551730588e-05,0.08799999999999741,-0.0008062108542393283,0.04161290322580645,-0.007331378299120485,0.0,0.0
27,2,1275820,0,195,30.07,0.05,6.45,16.226,0.04999999999999936,-7.03533355730519e-05,0.08699999999999974,-0.0008086590295753116,0.04161290322580645,0.0,0.0,0.0
27,2,1275864,0,195,29.96,0.05,6.45,16.27,0.04999999999999936,-6.779621621469545e-05,0.08699999999999974,-0.0007792668530424788,0.04161290322580645,-0.007415647015202133,0.0,0.0
27,2,1275907,0,195,29.96,0.05,6.35,16.313,0.04999999999999936,-6.386533451361132e-05,0.08699999999999974,-0.0007340843047541553,0.040967741935483866,-0.007415647015202133,0.0,0.0
27,2,1275951,0,195,29.85,0.05,6.35,16.357,0.04999999999999936,-5.9516937329110675e-05,0.08699999999999974,-0.0006841027279208144,0.040967741935483866,-0.007415647015202053,0.0,0.006425358749196752
27,2,1275994,0,195,29.74,0.05,6.25,16.4,0.05055900621117947,-5.584327006650813e-05,0.08699999999999974,-0.0006418766674311299,0.04032258064516129,0.0,0.0,0.00928107374883979
27,2,1276038,0,195,29.63,0.05,6.35,16.444,0.05080745341614842,-5.372971292358475e-05,0.08900000000000219,-0.000603704639590825,0.040967741935483866,0.0,0.0,-0.0038200043342356323
27,2,1276083,0,195,29.52,0.05,6.25,16.489,0.050219025825432494,-5.353294783935336e-05,0.08900000000000219,-0.0006014937959477757,0.04032258064516129,-0.007249003262051246,0.0,-0.006207507043132786
27,2,1276127,0,195,29.41,0.05,6.25,16.533,0.050254985289309585,-5.494531617595566e-05,0.08699999999999974,-0.0006315553583443198,0.04032258064516129,0.0,0.0,-0.001991485460277385
27,2,1276170,0,195,29.41,0.05,6.25,16.576,0.05004576659038836,-5.712273461696871e-05,0.08699999999999974,-0.0006565831565168836,0.04032258064516129,-0.007415647015202053,0.0,-0.007252013091198701
27,2,1276214,0,195,29.3,0.05,6.15,16.62,0.0496240601503753,-5.9016171594048926e-05,0.08699999999999974,-0.0006783467999315989,0.03967741935483871,-0.007415647015202053,0.0,-0.011761036774845475
27,2,1276257,0,195,29.19,0.05,6.15,16.663,0.04902255639097681,-5.9758182576782556e-05,0.08699999999999974,-0.0006868756618021004,0.03967741935483871,0.0,0.0,-0.015518556511217946
27,2,1276301,0,195,29.19,0.05,6.15,16.707,0.04827394573389934,-5.8954518621552765e-05,0.08699999999999974,-0.0006776381450753212,0.03967741935483871,-0.007415647015202133,0.0,-0.018524572300315876
27,2,1276344,0,195,29.08,0.05,6.05,16.75,0.04741091860084933,-5.6790558482629375e-05,0.08699999999999974,-0.0006527650400302246,0.03903225806451613,-0.007415647015202133,0.0,-0.027204442891336094
27,2,1276388,0,195,28.97,0.05,6.05,16.794,0.04590715920235311,-5.393620748720096e-05,0.08699999999999974,-0.0006199564078988634,0.03903225806451613,0.0,-0.11494252873563254,-0.025137807036331145
27,2,1276431,0,195,28.86,0.04,6.05,16.837,0.04522392938868853,-5.1299941851589814e-05,0.08899999999999864,-0.0005764038410291079,0.03903225806451613,0.0,-0.1123595505617995,-0.01590444112234663
27,2,1276477,0,195,28.75,0.04,6.05,16.883,0.04449166394246428,-4.9734776590905307e-05,0.08999999999999986,-0.0005526086287878376,0.03903225806451613,-0.007168458781361975,0.11111111111111131,-0.01645417892557462
27,2,1276521,0,195,28.75,0.05,5.95,16.927,0.043743053285386815,-4.9799494275019286e-05,0.08699999999999974,-0.0005724079801726371,0.03838709677419355,-0.007415647015202053,0.0,-0.01702156440576695
27,2,1276564,0,195,28.64,0.04,5.95,16.97,0.04301078783916256,-5.161785052748069e-05,0.08699999999999974,-0.0005933086267526533,0.03838709677419355,0.0,-0.11494252873563254,-0.022695419207689162
27,2,1276608,0,195,28.53,0.04,5.95,17.014,0.041768551814317864,-5.4830903460053374e-05,0.08699999999999974,-0.0006302402696557877,0.03838709677419355,0.0,0.0,-0.017622767563586442
27,2,1276651,0,195,28.53,0.04,5.95,17.057,0.041477607061130545,-5.865453249930752e-05,0.08699999999999974,-0.0006741900287276746,0.03838709677419355,-0.007415647015202133,0.0,-0.005749005196649776
27,2,1276695,0,195,28.31,0.04,5.85,17.101,0.041268388362209335,-6.206961860413428e-05,0.08699999999999974,-0.0007134438920015456,0.03774193548387097,-0.007415647015202133,0.0,-0.00349449335482631
27,2,1276738,0,195,28.31,0.04,5.85,17.144,0.04117358613926066,-6.41195436711639e-05,0.08600000000000207,-0.0007455760891995623,0.03774193548387097,0.0,0.0,-0.0004941575374228833
27,2,1276781,0,195,28.2,0.04,5.85,17.187,0.041225890813990966,-6.421825480622889e-05,0.0870000000000033,-0.0007381408598416834,0.03774193548387097,-0.00741564701520183,0.11494252873562785,0.003269042170643957
27,2,1276825,0,195,28.09,0.05,5.75,17.231,0.04145799280810669,-6.23543171798202e-05,0.08999999999999986,-0.0006928257464424478,0.037096774193548385,-0.007168458781362052,0.0,0.007518796992481159
27,2,1276871,0,195,27.98,0.04,5.75,17.277,0.04190258254331427,-5.910449182963884e-05,0.08899999999999864,-0.0006640954138161769,0.037096774193548385,-0.006524102935846382,-0.1123595505617995,0.0026078875743339586
27,2,1276914,0,195,27.87,0.04,5.66,17.32,0.04169009480222241,-5.5423887677257256e-05,0.08699999999999974,-0.0006370561801983611,0.036516129032258066,0.0,0.0,-0.01243739032739269
27,2,1276958,0,195,27.87,0.04,5.75,17.364,0.04082052958483111,-5.2273808051069184e-05,0.08699999999999974,-0.0006008483684030959,0.037096774193548385,0.0,0.0,-0.0007515039472744624
27,2,1277001,0,195,27.76,0.04,5.66,17.407,0.04162471395880953,-5.0251397923084976e-05,0.08699999999999974,-0.0005776022749779899,0.036516129032258066,-0.006674082313681848,0.11494252873563254,0.010934382432843686
27,2,1277045,0,195,27.76,0.05,5.66,17.451,0.041771820856488506,-4.9402391555283035e-05,0.08699999999999974,-0.000567843581095209,0.036516129032258066,0.0,0.0,0.002254511841823307
27,2,1277088,0,195,27.65,0.04,5.66,17.494,0.04182085648904816,-4.9293759976900554e-05,0.08699999999999974,-0.0005665949422632264,0.036516129032258066,-0.007415647015202133,-0.11494252873563254,0.0
27,2,1277132,0,195,27.54,0.04,5.56,17.538,0.041771820856488506,-4.927617900565462e-05,0.08699999999999974,-0.0005663928621339628,0.03587096774193548,-0.007415647015202133,0.0,-0.002254511841823387
27,2,1277175,0,195,27.43,0.04,5.56,17.581,0.041624713958809526,-4.878346591542382e-05,0.08699999999999974,-0.0005607294932807352,0.03587096774193548,0.0,0.0,-0.004509023683646774
27,2,1277219,0,195,27.32,0.04,5.56,17.625,0.04137953579601124,-4.754072605751869e-05,0.08500000000000085,-0.0005593026595002142,0.03587096774193548,0.0,0.0,-0.006922677537834157
27,2,1277260,0,195,27.21,0.04,5.56,17.666,0.041036286368093616,-4.564155240505574e-05,0.08500000000000085,-0.0005369594400594739,0.03587096774193548,-0.007590132827324356,0.0,0.0013845355075667333
27,2,1277304,0,195,27.21,0.04,5.46,17.71,0.04149722131415441,-4.351324368756426e-05,0.08699999999999974,-0.0005001522262938436,0.035225806451612905,-0.007415647015202053,0.0,0.0034193429600988235
27,2,1277347,0,195,27.1,0.04,5.46,17.753,0.04133376920562221,-4.1780730865177416e-05,0.08699999999999974,-0.00048023828580663836,0.035225806451612905,0.0,0.11494252873563254,-0.004509023683646774
27,2,1277391,0,195,26.99,0.05,5.46,17.797,0.04110493625367714,-4.103877153572455e-05,0.08699999999999974,-0.00047171001765200775,0.035225806451612905,0.0,0.0,-0.0060120315781958585
27,2,1277434,0,195,26.99,0.04,5.46,17.84,0.040810722458319175,-4.160596562025454e-05,0.08699999999999974,-0.0004782294898879846,0.035225806451612905,0.0,-0.11494252873563254,-0.007515039472744783
27,2,1277478,0,195,26.88,0.04,5.46,17.884,0.04045112781954835,-4.33879922245044e-05,0.08699999999999974,-0.0004987125543046497,0.035225806451612905,-0.007415647015202133,0.0,0.0013527071050941917
27,2,1277521,0,195,26.77,0.04,5.36,17.927,0.04092840797646237,-4.5921477054096546e-05,0.08699999999999974,-0.0005278330695873181,0.03458064516129032,-0.007415647015202133,0.0,0.004170846907373286
27,2,1277565,0,195,26.66,0.04,5.36,17.971,0.040813991500489824,-4.854568636596568e-05,0.08699999999999974,-0.0005579963950111015,0.03458064516129032,0.0,0.0,-0.0030060157890978495
27,2,1277608,0,195,26.66,0.04,5.36,18.014,0.04066688460281086,-5.0593113166149454e-05,0.08999999999999986,-0.000562145701846106,0.03458064516129032,0.0,0.0,-0.003632269078493307
27,2,1277655,0,195,26.66,0.04,5.36,18.061,0.04048708728342543,-5.15423678218907e-05,0.08999999999999986,-0.0005726929757987865,0.03458064516129032,-0.007168458781362052,0.0,-0.00435872289419203
27,2,1277698,0,195,26.55,0.04,5.26,18.104,0.040274599542333575,-5.11361339475993e-05,0.08699999999999974,-0.0005877716545701087,0.03393548387096774,-0.007415647015202133,0.0,-0.005260527630921316
27,2,1277742,0,195,26.43,0.04,5.26,18.148,0.040029421379535274,-4.945683545025492e-05,0.08699999999999974,-0.0005684693729914375,0.03393548387096774,0.0,0.0,-0.0060120315781958585
27,2,1277785,0,195,26.32,0.04,5.26,18.191,0.03975155279503054,-4.692869619324114e-05,0.08699999999999974,-0.0005394103010717389,0.03393548387096774,0.0,0.0,-0.0003381767762734881
27,2,1277829,0,195,26.21,0.04,5.26,18.235,0.03999999999999948,-4.423971151805972e-05,0.08699999999999974,-0.0005085024312420673,0.03393548387096774,-0.007415647015202053,0.0,0.012136788748482827
27,2,1277872,0,195,26.21,0.04,5.16,18.278,0.04080745341614854,-4.2204742174302366e-05,0.08699999999999974,-0.0004851119790149711,0.03329032258064516,-0.007415647015202053,0.0,0.0025175382233695487
27,2,1277916,0,195,25.99,0.04,5.16,18.322,0.04021902582543263,-4.157481189527079e-05,0.08699999999999974,-0.000477871401095068,0.03329032258064516,0.0,0.0,-0.0127755671036661
27,2,1277959,0,195,25.99,0.04,5.16,18.365,0.03969597907812959,-4.279824510986785e-05,0.08699999999999974,-0.0004919338518375629,0.03329032258064516,0.0,0.0,-0.011272559209117175
27,2,1278003,0,195,25.88,0.04,5.16,18.409,0.03923831317423944,-4.580869212891248e-05,0.08900000000000219,-0.0005147044059428242,0.03329032258064516,0.0,0.0,-0.009550010835588848
27,2,1278048,0,195,25.88,0.04,5.16,18.454,0.038846028113762164,-4.9972452635977936e-05,0.08900000000000219,-0.0005614882318649068,0.03329032258064516,-0.007249003262051324,0.0,-0.008080778399344433
27,2,1278092,0,195,25.66,0.04,5.06,18.498,0.03851912389669777,-5.4266483950475396e-05,0.08800000000000097,-0.0006166645903463046,0.03264516129032258,-0.007331378299120188,0.0,-0.006686677167226247
27,2,1278136,0,195,25.66,0.04,5.06,18.542,0.03825760052304625,-5.76150118625538e-05,0.08699999999999974,-0.0006622415156615399,0.03264516129032258,0.0,0.0,0.0011648311182755164
27,2,1278179,0,195,25.66,0.04,5.06,18.585,0.03862046420398774,-5.9223492696697025e-05,0.08699999999999974,-0.000680729801111462,0.03264516129032258,-0.007415647015202053,0.0,-0.000901804736729275
27,2,1278223,0,195,25.55,0.04,4.96,18.629,0.0381791435109508,-5.8775514818180774e-05,0.08699999999999974,-0.0006755806300940339,0.032,-0.007415647015202053,-0.11494252873563254,-0.009018047367293787
27,2,1278266,0,195,25.44,0.03,4.96,18.672,0.03783589408303318,-5.644524612846613e-05,0.08699999999999974,-0.0006487959325111068,0.032,0.0,-0.11494252873563254,-0.00033817677627356787
27,2,1278310,0,195,25.33,0.03,4.96,18.716,0.038149722131415,-5.276257236937099e-05,0.08699999999999974,-0.0006064663490732315,0.032,0.0,0.11494252873563254,-0.0016533086840038172
27,2,1278353,0,195,25.33,0.04,4.96,18.759,0.03769205622752485,-4.842391736474294e-05,0.09600000000000009,-0.0005044158058827385,0.032,-0.006720430107526835,0.10416666666666659,-0.008172605426609891
27,2,1278406,0,195,25.22,0.04,4.86,18.812,0.03736515201046045,-4.413491466660524e-05,0.0990000000000002,-0.00044580721885459747,0.031354838709677424,-0.0065167807103290445,0.0,-0.0052833004778084555
27,2,1278452,0,195,25.11,0.04,4.86,18.858,0.03716900948022181,-4.050147694548567e-05,0.08999999999999986,-0.00045001641050539706,0.031354838709677424,0.0,0.0,-0.002905815262794584
27,2,1278496,0,195,25.11,0.04,4.86,18.902,0.03710362863680894,-3.7939597279160074e-05,0.08699999999999974,-0.00043608732504781824,0.031354838709677424,0.0,0.0,0.0
27,2,1278539,0,195,25.0,0.04,4.86,18.945,0.03716900948022181,-3.661212647947565e-05,0.08699999999999974,-0.00042082903999397423,0.031354838709677424,0.0,0.0,0.0030060157890978495
27,2,1278583,0,195,24.89,0.04,4.86,18.989,0.03736515201046045,-3.64473443634159e-05,0.08699999999999974,-0.0004189349926829426,0.031354838709677424,-0.007415647015202173,-0.11494252873563254,0.0060120315781958585
27,2,1278626,0,195,24.78,0.03,4.76,19.032,0.03769205622752485,-3.724866273275573e-05,0.08699999999999974,-0.000428145548652366,0.030709677419354837,-0.007415647015202173,0.0,0.01544340611649054
27,2,1278670,0,195,24.67,0.04,4.76,19.076,0.038708728342595124,-3.880804521463066e-05,0.08699999999999974,-0.00044606948522564114,0.030709677419354837,0.0,0.11494252873563254,0.014879778156034673
27,2,1278713,0,195,24.67,0.04,4.76,19.119,0.03898659692709986,-4.092337694269332e-05,0.08599999999999852,-0.000475853220263884,0.030709677419354837,0.0,-0.11627906976744389,0.004371393600279731
27,2,1278756,0,195,24.56,0.03,4.76,19.162,0.039084668192219174,-4.3327704896898745e-05,0.08699999999999974,-0.000498019596516079,0.030709677419354837,0.0,0.0,-0.010182878485569223
27,2,1278800,0,195,24.56,0.04,4.76,19.206,0.03810068649885534,-4.5640661572222464e-05,0.08999999999999986,-0.0005071184619135837,0.030709677419354837,-0.007168458781361975,0.11111111111111131,-0.014202172096908702
27,2,1278846,0,195,24.45,0.04,4.66,19.252,0.03780647270349739,-4.742580336259028e-05,0.08900000000000219,-0.0005328741950852709,0.03006451612903226,-0.007249003262051246,0.0,-0.005142313526855527
27,2,1278889,0,195,24.34,0.04,4.66,19.295,0.03764302059496519,-4.832245022317849e-05,0.08800000000000097,-0.0005491187525361132,0.03006451612903226,0.0,0.0,0.004123450919789363
27,2,1278934,0,195,24.34,0.04,4.66,19.34,0.03816933638443886,-4.815981084730758e-05,0.08799999999999741,-0.0005472705778103295,0.03006451612903226,0.0,0.0,0.0035662278225207246
27,2,1278977,0,195,24.23,0.04,4.66,19.383,0.037956848643347,-4.700405297862975e-05,0.08699999999999974,-0.0005402764710187343,0.03006451612903226,-0.007415647015202133,0.0,0.003419342960098983
27,2,1279021,0,195,24.12,0.04,4.56,19.427,0.03846681922196747,-4.514306003821922e-05,0.08699999999999974,-0.0005188857475657396,0.029419354838709676,-0.007415647015202133,0.0,0.010032577696114332
27,2,1279064,0,195,24.01,0.04,4.56,19.47,0.038829682902908946,-4.300944112713267e-05,0.08699999999999974,-0.0004943613922658943,0.029419354838709676,0.0,-0.11494252873563254,-0.003344192565371497
27,2,1279108,0,195,24.01,0.03,4.56,19.514,0.03817587446878015,-4.103908857265193e-05,0.08699999999999974,-0.0004717136617546213,0.029419354838709676,0.0,0.0,-0.016345210853219817
27,2,1279151,0,195,23.9,0.04,4.56,19.557,0.03740764955867883,-3.951891077885783e-05,0.08600000000000207,-0.0004595222183588009,0.029419354838709676,0.0,0.0,-0.015204847305320266
27,2,1279194,0,195,23.9,0.03,4.56,19.6,0.03686825760052258,-3.852261817442226e-05,0.08900000000000219,-0.0004328384064541721,0.029419354838709676,-0.007249003262051285,0.0,-0.01340674598073057
27,2,1279240,0,195,23.79,0.04,4.46,19.646,0.036214449166393776,-3.7973498959564364e-05,0.08999999999999986,-0.0004219277662173825,0.028774193548387096,-0.007168458781362013,0.11111111111111131,-0.009589190367222436
27,2,1279284,0,195,23.68,0.04,4.46,19.69,0.03600523046747256,-3.7755852205474835e-05,0.08699999999999974,-0.00043397531270660856,0.028774193548387096,0.0,0.0,-0.012174363945846528
27,2,1279327,0,195,23.57,0.04,4.46,19.733,0.03515527950310513,-3.776444448546279e-05,0.08699999999999974,-0.0004340740745455506,0.028774193548387096,0.0,-0.11494252873563254,-0.01653308684003833
27,2,1279371,0,195,23.57,0.03,4.46,19.777,0.03456685191238923,-3.7875385717750734e-05,0.08699999999999974,-0.00043534926112357293,0.028774193548387096,0.0,0.0,-0.00409569651264588
27,2,1279414,0,195,23.46,0.04,4.46,19.82,0.03479895390650494,-3.792121559950967e-05,0.08699999999999974,-0.00043587604137367567,0.028774193548387096,-0.006674082313681888,0.0,0.004772050065192856
27,2,1279458,0,195,23.46,0.03,4.37,19.864,0.034982020268061007,-3.773535789800331e-05,0.08699999999999974,-0.00043373974595406234,0.028193548387096774,-0.006674082313681888,-0.11494252873563254,0.0040205461179184734
27,2,1279501,0,195,23.35,0.03,4.37,19.907,0.03514874141876385,-3.7232853604833416e-05,0.08699999999999974,-0.0004279638345383164,0.028193548387096774,0.0,0.0,0.0040205461179184734
27,2,1279545,0,195,23.24,0.03,4.37,19.951,0.03533180778031991,-3.6452236561332896e-05,0.08699999999999974,-0.0004189912248429081,0.028193548387096774,0.0,0.11494252873563254,-0.012024063156391637
27,2,1279588,0,195,23.24,0.04,4.37,19.994,0.03410264792415778,-3.554490526182086e-05,0.08899999999999864,-0.0003993809579979933,0.028193548387096774,0.0,0.1123595505617995,-0.01101924327183378
27,2,1279634,0,195,23.13,0.04,4.37,20.04,0.03435109512912672,-3.4762092868864336e-05,0.08899999999999864,-0.0003905853131333131,0.028193548387096774,-0.0072490032620516134,-0.1123595505617995,-0.010284627053711465
27,2,1279677,0,195,23.02,0.03,4.27,20.083,0.03318731611637747,-3.445468876260449e-05,0.08699999999999974,-0.0003960309053172942,0.02754838709677419,-0.007415647015202133,-0.11494252873563254,-0.016194910063765004
27,2,1279721,0,195,23.02,0.03,4.27,20.127,0.03294213795357917,-3.501607307359933e-05,0.0870000000000033,-0.00040248359854710346,0.02754838709677419,0.0,0.11494252873562785,-0.0015030078945488634
27,2,1279764,0,195,22.91,0.04,4.27,20.17,0.033056554429551716,-3.67005370574951e-05,0.08699999999999974,-0.0004218452535344277,0.02754838709677419,0.0,0.11494252873563254,0.013188894274667073
27,2,1279808,0,195,22.91,0.04,4.27,20.214,0.0340895717554752,-3.937623955249858e-05,0.08699999999999974,-0.00045260045462642185,0.02754838709677419,0.0,-0.11494252873563254,0.013940398221941536
27,2,1279851,0,195,22.8,0.03,4.27,20.257,0.034269369074860626,-4.2394735247699876e-05,0.08699999999999974,-0.0004872958074448276,0.02754838709677419,0.0,-0.11494252873563254,0.0046968996704655295
27,2,1279895,0,195,22.69,0.03,4.27,20.301,0.0344982020268057,-4.47344209673588e-05,0.08699999999999974,-0.000514188746751252,0.02754838709677419,-0.007415647015202053,0.0,0.005824155591377183
27,2,1279938,0,195,22.69,0.03,4.17,20.344,0.03477607061131044,-4.539935420952901e-05,0.0870000000000033,-0.0005218316575807734,0.026903225806451613,-0.0074156470152017505,0.0,0.0030060157890977267
27,2,1279982,0,195,22.58,0.03,4.17,20.388,0.034759725400457214,-4.386410288687426e-05,0.08899999999999864,-0.0004928550886165722,0.026903225806451613,-0.007249003262051574,0.1123595505617995,-0.0036730810906112597
27,2,1280027,0,195,22.47,0.04,4.07,20.433,0.03444916639424604,-4.0307641776017534e-05,0.08899999999999864,-0.0004528948514159343,0.026258064516129033,0.0,0.0,-0.0001469232436243693
27,2,1280071,0,195,22.47,0.03,4.17,20.477,0.034746649231774646,-3.552525699002196e-05,0.08699999999999974,-0.0004083362872416329,0.026903225806451613,0.007415647015202093,0.0,0.007778065854290785
27,2,1280114,0,195,22.36,0.04,4.17,20.52,0.03512585812356934,-3.0627239509644075e-05,0.08699999999999974,-0.0003520372357430364,0.026903225806451613,-0.007415647015202093,0.11494252873563254,-0.0067635355254704
27,2,1280158,0,195,22.25,0.04,4.07,20.564,0.03415822164105872,-2.6727316052879147e-05,0.08699999999999974,-0.0003072105293434394,0.026258064516129033,-0.007415647015202093,0.0,-0.014879778156034593
27,2,1280201,0,195,22.25,0.04,4.07,20.607,0.03383131742399433,-2.472606484763773e-05,0.08699999999999974,-0.0002842076419268713,0.026258064516129033,0.0,-0.11494252873563254,-0.00015030078945489246
27,2,1280245,0,195,22.14,0.03,4.07,20.651,0.03414514547237615,-2.5157861485038067e-05,0.08699999999999974,-0.00028917082166710507,0.026258064516129033,0.0,-0.11494252873563254,0.008529569801565327
27,2,1280288,0,195,22.14,0.03,4.07,20.694,0.034573389996730514,-2.806381260929669e-05,0.08699999999999974,-0.0003225725587275491,0.026258064516129033,0.0,0.11494252873563254,-0.005260527630921236
27,2,1280332,0,195,22.03,0.04,4.07,20.738,0.033687479568486,-3.294296093496652e-05,0.08699999999999974,-0.00037865472339042083,0.026258064516129033,0.0,0.0,-0.012625266314211207
27,2,1280375,0,195,22.03,0.03,4.07,20.781,0.03347499182739414,-3.8861386453958426e-05,0.08900000000000219,-0.00043664479161749966,0.026258064516129033,-0.007249003262051285,-0.11235955056179502,-0.007346162181222226
27,2,1280421,0,195,21.92,0.03,3.97,20.827,0.033033671134357206,-4.470838961064949e-05,0.08900000000000219,-0.0005023414562994201,0.025612903225806453,-0.007249003262051285,0.0,-0.012488475708077753
27,2,1280464,0,195,21.81,0.03,3.97,20.87,0.032363517489375195,-4.9480376646930056e-05,0.08699999999999974,-0.0005687399614589679,0.025612903225806453,0.0,0.0,-0.007665340262199676
27,2,1280508,0,195,21.7,0.03,3.97,20.914,0.03236678653154584,-5.246676327569899e-05,0.08699999999999974,-0.000603066244548266,0.025612903225806453,0.0,0.0,-0.008604720196292734
27,2,1280551,0,195,21.7,0.03,3.97,20.957,0.03161490683229773,-5.330736536081515e-05,0.08699999999999974,-0.0006127283374806358,0.025612903225806453,-0.007415647015202093,0.11494252873563254,-0.0091683481567486
27,2,1280595,0,195,21.59,0.04,3.87,21.001,0.03156914024190871,-5.197013915177351e-05,0.08699999999999974,-0.0005973579212847547,0.024967741935483873,-0.007415647015202093,0.0,0.0010145303288205442
27,2,1280638,0,195,21.59,0.03,3.87,21.044,0.031703170970905116,-4.868978591179962e-05,0.08799999999999741,-0.0005532930217250119,0.024967741935483873,0.0,-0.113636363636367,0.005460786353234958
27,2,1280683,0,195,21.48,0.03,3.87,21.089,0.03204968944099337,-4.387627004397254e-05,0.08800000000000097,-0.0004985939777724098,0.024967741935483873,0.0,0.0,0.00040863027133042405
27,2,1280726,0,195,21.37,0.03,3.87,21.132,0.031739130434782194,-3.8019038624701016e-05,0.08699999999999974,-0.00043700044396208194,0.024967741935483873,-0.007415647015202133,0.11494252873563254,-0.008266543420019245
27,2,1280770,0,195,21.37,0.04,3.77,21.176,0.0313305001634517,-3.163603814111005e-05,0.08899999999999864,-0.0003554611027091071,0.02432258064516129,0.0,0.0,-0.00014692324362444728
27,2,1280815,0,195,21.26,0.03,3.87,21.221,0.03172605426609962,-2.5286282079032053e-05,0.08900000000000219,-0.00028411552897788123,0.024967741935483873,0.0,-0.11235955056179502,0.0018732713562116473
27,2,1280859,0,195,21.15,0.03,3.77,21.265,0.03149722131415454,-1.960720919936243e-05,0.08699999999999974,-0.00022537022068232744,0.02432258064516129,-0.007415647015202133,0.0,-0.006012031578195779
27,2,1280902,0,195,21.15,0.03,3.77,21.308,0.031203007518796587,-1.5306966041296998e-05,0.08699999999999974,-0.00017594213840571314,0.02432258064516129,0.0,0.0,-0.007515039472744783
27,2,1280946,0,195,21.04,0.03,3.77,21.352,0.030843412880025747,-1.3055044709005869e-05,0.08699999999999974,-0.00015005798516098745,0.02432258064516129,0.0,0.0,-0.009018047367293707
27,2,1280989,0,195,21.04,0.03,3.77,21.395,0.030418437397842037,-1.3275011176395512e-05,0.08699999999999974,-0.0001525863353608684,0.02432258064516129,0.0,0.0,-0.010521055261842632
27,2,1281033,0,195,21.04,0.03,3.77,21.439,0.02992808107224544,-1.5926901196059885e-05,0.08699999999999974,-0.00018306782983976933,0.02432258064516129,0.0,0.0,-0.00807866743320065
27,2,1281076,0,195,20.93,0.03,3.77,21.482,0.029715593331153582,-2.0411001023254992e-05,0.08699999999999974,-0.00023460920716385117,0.02432258064516129,0.0,0.0,-0.0016908838813676
27,2,1281120,0,195,20.82,0.03,3.77,21.526,0.02978097417456646,-2.568570710332896e-05,0.08699999999999974,-0.0002952380126819429,0.02432258064516129,0.0,0.0,0.0007515039472744624
27,2,1281163,0,195,20.82,0.03,3.77,21.569,0.02978097417456646,-3.0586336458702237e-05,0.08899999999999864,-0.00034366670178317645,0.02432258064516129,-0.007249003262051574,0.0,-0.0007346162181222363
27,2,1281209,0,195,20.71,0.03,3.67,21.615,0.029715593331153582,-3.421089559323631e-05,0.08900000000000219,-0.00038439208531725245,0.02367741935483871,-0.007249003262051285,0.0,0.00793385515571999
27,2,1281252,0,195,20.6,0.03,3.67,21.658,0.030487087283425557,-3.617620216368955e-05,0.0870000000000033,-0.00041581841567457677,0.02367741935483871,0.0,0.0,0.01093438243284316
27,2,1281296,0,195,20.6,0.03,3.67,21.702,0.030666884602810973,-3.661313151927681e-05,0.08699999999999974,-0.00042084059217559677,0.02367741935483871,0.0,0.0,0.0037575197363723914
27,2,1281339,0,195,20.49,0.03,3.67,21.745,0.030813991500489954,-3.5943827626321755e-05,0.08699999999999974,-0.000413147443980711,0.02367741935483871,0.0,0.0,0.0030060157890979293
27,2,1281383,0,195,20.49,0.03,3.67,21.789,0.030928407976462492,-3.462918079206822e-05,0.08699999999999974,-0.00039803656082837153,0.02367741935483871,0.0,0.0,0.0022545118418234667
27,2,1281426,0,195,20.38,0.03,3.67,21.832,0.031010134030728595,-3.306118169013583e-05,0.08699999999999974,-0.00038001358264524055,0.02367741935483871,-0.007415647015202093,0.0,0.0015030078945490045
27,2,1281470,0,195,20.27,0.03,3.57,21.876,0.031059169663288255,-3.161637885616031e-05,0.08699999999999974,-0.0003634066535190851,0.02303225806451613,-0.007415647015202093,0.11494252873563254,0.0007515039472744624
27,2,1281513,0,195,20.16,0.04,3.57,21.919,0.031075514874141473,-3.073047037696774e-05,0.08699999999999974,-0.0003532237974364119,0.02303225806451613,0.0,0.0,0.0
27,2,1281557,0,195,20.16,0.03,3.57,21.963,0.031059169663288255,-3.0843753908138984e-05,0.08899999999999864,-0.00034655903267572424,0.02303225806451613,0.0,-0.1123595505617995,-0.0007346162181222363
27,2,1281602,0,195,20.16,0.03,3.57,22.008,0.031010134030728595,-3.2208495827529046e-05,0.08899999999999864,-0.0003618932115452757,0.02303225806451613,0.0,0.0,-0.0014692324362445507
27,2,1281646,0,195,20.05,0.03,3.57,22.052,0.030928407976462492,-3.469970510151166e-05,0.08699999999999974,-0.0003988471850748478,0.02303225806451613,0.0,0.0,-0.0022545118418234667
27,2,1281689,0,195,20.05,0.03,3.57,22.095,0.030813991500489954,-3.778441707540159e-05,0.08699999999999974,-0.0004343036445448471,0.02303225806451613,-0.007415647015202093,0.0,-0.0030060157890979293
27,2,1281733,0,195,19.94,0.03,3.47,22.139,0.030666884602810973,-4.0677678004175545e-05,0.08699999999999974,-0.00046755951728937544,0.022387096774193548,-0.007415647015202093,0.0,-0.0037575197363723914
27,2,1281776,0,195,19.83,0.03,3.47,22.182,0.030487087283425557,-4.2575655280750354e-05,0.08699999999999974,-0.0004893753480546032,0.022387096774193548,0.0,0.0,-0.0045090236836468536
27,2,1281820,0,195,19.83,0.03,3.47,22.226,0.030274599542333698,-4.2838649987281485e-05,0.08699999999999974,-0.0004923982757158806,0.022387096774193548,0.0,0.0,-0.005260527630921316
27,2,1281863,0,195,19.72,0.03,3.47,22.269,0.030029421379535404,-4.109944543855892e-05,0.08699999999999974,-0.000472407418834012,0.022387096774193548,0.0,0.0,-0.006012031578195779
27,2,1281907,0,195,19.72,0.03,3.47,22.313,0.029751552795030667,-3.7359503028890907e-05,0.0870000000000033,-0.0004294195750447068,0.022387096774193548,-0.00741564701520179,0.0,-0.006763535525470044
27,2,1281950,0,195,19.61,0.03,3.37,22.356,0.029440993788819488,-3.209392831776814e-05,0.08900000000000219,-0.00036060593615468937,0.021741935483870968,-0.007249003262051285,0.0,0.0027915416288644647
27,2,1281996,0,195,19.5,0.03,3.37,22.402,0.02999999999999961,-2.627276060885597e-05,0.08999999999999986,-0.0002919195623206224,0.021741935483870968,0.0,0.0,0.006211180124223596
27,2,1282040,0,195,19.5,0.03,3.37,22.446,0.02999999999999961,-2.1180175313930684e-05,0.08699999999999974,-0.0002434502909647212,0.021741935483870968,0.0,0.0,0.0
27,2,1282083,0,195,19.39,0.03,3.37,22.489,0.02999999999999961,-1.803319497869804e-05,0.08599999999999852,-0.00020968831370579477,0.021741935483870968,0.0,0.0,0.0
27,2,1282126,0,195,19.39,0.03,3.37,22.532,0.02999999999999961,-1.7556559263899097e-05,0.08699999999999974,-0.00020179953176895573,0.021741935483870968,0.0,0.0,0.0
27,2,1282170,0,195,19.28,0.03,3.37,22.576,0.02999999999999961,-1.972191869050244e-05,0.08699999999999974,-0.00022668872058048846,0.021741935483870968,0.0,0.0,0.0
27,2,1282213,0,195,19.17,0.03,3.37,22.619,0.02999999999999961,-2.378109540604534e-05,0.08699999999999974,-0.0002733459242074185,0.021741935483870968,0.0,0.0,0.0
27,2,1282257,0,195,19.17,0.03,3.37,22.663,0.02999999999999961,-2.857729169823653e-05,0.08699999999999974,-0.0003284746172211105,0.021741935483870968,-0.007415647015202093,0.0,0.0
27,2,1282300,0,195,19.17,0.03,3.27,22.706,0.02999999999999961,-3.297661846546518e-05,0.08800000000000097,-0.00037473430074391837,0.021096774193548388,-0.007331378299120149,0.0,0.0
27,2,1282345,0,195,19.06,0.03,3.27,22.751,0.02999999999999961,-3.6196963944599594e-05,0.09100000000000108,-0.0003977688345560348,0.021096774193548388,0.0,0.0,0.0
27,2,1282391,0,195,19.06,0.03,3.27,22.797,0.02999999999999961,-3.788437994121985e-05,0.08999999999999986,-0.0004209375549024434,0.021096774193548388,0.0,0.0,0.0
27,2,1282435,0,195,18.95,0.03,3.27,22.841,0.02999999999999961,-3.7971746110206264e-05,0.08699999999999974,-0.00043645685184145257,0.021096774193548388,0.0,0.0,0.0
27,2,1282478,0,195,18.84,0.03,3.27,22.884,0.02999999999999961,-3.650687184807566e-05,0.08699999999999974,-0.00041961921664454907,0.021096774193548388,0.0,0.0,0.0
27,2,1282522,0,195,18.84,0.03,3.27,22.928,0.02999999999999961,-3.3623374589526023e-05,0.08699999999999974,-0.00038647556999455313,0.021096774193548388,-0.007415647015202093,0.0,0.0
27,2,1282565,0,195,18.73,0.03,3.17,22.971,0.02999999999999961,-2.9662181289377365e-05,0.08699999999999974,-0.00034094461252157993,0.020451612903225808,-0.007415647015202093,0.0,-0.006425358749196832
27,2,1282609,0,195,18.73,0.03,3.17,23.015,0.029440993788819488,-2.5284907310275885e-05,0.08699999999999974,-0.00029063111850891906,0.020451612903225808,0.0,0.0,-0.002855714999643037
27,2,1282652,0,195,18.62,0.03,3.17,23.058,0.029751552795030667,-2.1403054295783264e-05,0.08699999999999974,-0.0002460121183423371,0.020451612903225808,0.0,0.0,0.00676353552547032
27,2,1282696,0,195,18.62,0.03,3.17,23.102,0.030029421379535404,-1.8893105199798034e-05,0.08699999999999974,-0.00021716212873331138,0.020451612903225808,0.0,0.0,0.006012031578195779
27,2,1282739,0,195,18.51,0.03,3.17,23.145,0.030274599542333698,-1.8243092069926357e-05,0.08899999999999864,-0.00020497856258344535,0.020451612903225808,0.0,0.0,-0.0011386551380894857
27,2,1282785,0,195,18.51,0.03,3.17,23.191,0.02992808107224544,-1.9338406240563267e-05,0.08900000000000219,-0.00021728546337711002,0.020451612903225808,0.0,0.0,0.0016161556798689335
27,2,1282828,0,195,18.4,0.03,3.17,23.234,0.030418437397842037,-2.1518964434863452e-05,0.08699999999999974,-0.00024734441879153464,0.020451612903225808,0.0,0.0,0.010521055261842632
27,2,1282872,0,195,18.4,0.03,3.17,23.278,0.030843412880025747,-2.3892715179879342e-05,0.08799999999999741,-0.0002715081270440914,0.020451612903225808,-0.006598240469208405,0.0,0.00891556955630197
27,2,1282916,0,195,18.29,0.03,3.08,23.322,0.031203007518796587,-2.5747148781647412e-05,0.08699999999999974,-0.0002959442388695113,0.019870967741935485,-0.006674082313681888,0.0,0.007515039472744783
27,2,1282959,0,195,18.29,0.03,3.08,23.365,0.03149722131415454,-2.6832660634219076e-05,0.08699999999999974,-0.0003084213866002202,0.019870967741935485,0.0,0.0,0.006012031578195779
27,2,1283003,0,195,18.29,0.03,3.08,23.409,0.03172605426609962,-2.7360077229751757e-05,0.0870000000000033,-0.0003144836463189738,0.019870967741935485,0.0,0.11494252873562785,0.00450902368364667
27,2,1283046,0,195,18.18,0.04,3.08,23.452,0.03188950637463182,-2.7737875020849234e-05,0.08699999999999974,-0.00031882614966493466,0.019870967741935485,0.0,0.0,0.0030060157890979293
27,2,1283090,0,195,18.07,0.03,3.08,23.496,0.03198757763975114,-2.8243678783754777e-05,0.08699999999999974,-0.0003246399860201708,0.019870967741935485,0.0,-0.11494252873563254,-0.004922350854647828
27,2,1283133,0,195,18.07,0.03,3.08,23.539,0.03146126185027746,-2.8852740141173784e-05,0.08900000000000219,-0.00032418809147385474,0.019870967741935485,0.0,0.0,-0.0027915416288644647
27,2,1283179,0,195,17.96,0.03,3.08,23.585,0.031739130434782194,-2.9321486887522673e-05,0.08999999999999986,-0.0003257942987502524,0.019870967741935485,-0.007168458781362052,0.11111111111111131,0.005085176709890599
27,2,1283223,0,195,17.96,0.04,2.98,23.629,0.03191892775416761,-2.943818105564677e-05,0.08699999999999974,-0.0003383698971913432,0.0192258064516129,-0.007415647015202133,0.0,0.0030060157890979293
27,2,1283266,0,195,17.85,0.03,2.98,23.672,0.03200065380843371,-2.9230434514092797e-05,0.08699999999999974,-0.0003359820059091136,0.0192258064516129,0.0,-0.11494252873563254,0.0007515039472745421
27,2,1283310,0,195,17.85,0.03,2.98,23.716,0.031984308597580495,-2.8955421724382368e-05,0.08800000000000097,-0.0003290388832316142,0.0192258064516129,0.0,0.0,-0.007838271568248538
27,2,1283354,0,195,17.85,0.03,2.98,23.76,0.031310885910427834,-2.8876604189843392e-05,0.08699999999999974,-0.00033191499068785607,0.0192258064516129,0.0,0.0,-0.006613234736015428
27,2,1283397,0,195,17.73,0.03,2.98,23.803,0.031408957175547154,-2.9007513185170806e-05,0.08699999999999974,-0.00033341969178357346,0.0192258064516129,0.0,0.0,0.0007515039472745421
27,2,1283441,0,195,17.62,0.03,2.98,23.847,0.03137626675384072,-2.903533047269624e-05,0.08699999999999974,-0.00033373943072064746,0.0192258064516129,0.0,0.0,-0.002254511841823387
27,2,1283484,0,195,17.62,0.03,2.98,23.89,0.03121281464530852,-2.8508058910882817e-05,0.08699999999999974,-0.0003276788380561253,0.0192258064516129,-0.007415647015202093,0.0,0.005110226841466423
27,2,1283528,0,195,17.51,0.03,2.88,23.934,0.031820856489048296,-2.717543113837628e-05,0.08999999999999986,-0.00030194923487084806,0.01858064516129032,-0.007168458781362013,0.11111111111111131,0.006211180124223519
27,2,1283574,0,195,17.4,0.04,2.88,23.98,0.031771820856488636,-2.52465855275088e-05,0.08899999999999864,-0.000283669500309092,0.01858064516129032,0.0,0.0,-0.002203848654366787
27,2,1283617,0,195,17.4,0.03,2.88,24.023,0.031624713958809655,-2.3365137878936347e-05,0.08699999999999974,-0.0002685648032061657,0.01858064516129032,0.0,-0.11494252873563254,-0.0045090236836468536
27,2,1283661,0,195,17.4,0.03,2.88,24.067,0.03137953579601136,-2.229073578211205e-05,0.08699999999999974,-0.0002562153538173806,0.01858064516129032,0.0,0.0,0.003607218946917499
27,2,1283704,0,195,17.29,0.03,2.88,24.11,0.03193854200719148,-2.2474641347841827e-05,0.08699999999999974,-0.0002583292108947344,0.01858064516129032,0.0,0.0,0.005673854801922291
27,2,1283748,0,195,17.29,0.03,2.88,24.154,0.0318731611637786,-2.378289370378406e-05,0.08699999999999974,-0.0002733665942963693,0.01858064516129032,0.0,0.11494252873563254,-0.0022545118418234667
27,2,1283791,0,195,17.29,0.04,2.88,24.197,0.031742399476952836,-2.5532350165376362e-05,0.08699999999999974,-0.0002934752892572004,0.01858064516129032,0.0,0.0,-0.0037575197363723914
27,2,1283835,0,195,17.18,0.03,2.88,24.241,0.0315462569467142,-2.6833372638308094e-05,0.08800000000000097,-0.00030492468907167953,0.01858064516129032,-0.007331378299120149,-0.11363636363636241,-0.005200748907842593
27,2,1283879,0,195,17.07,0.03,2.78,24.285,0.03128473357306268,-2.7060837020685735e-05,0.08699999999999974,-0.00031104410368604387,0.01793548387096774,-0.007415647015202093,0.0,-0.00676353552547032
27,2,1283922,0,195,17.07,0.03,2.78,24.328,0.030957829355998286,-2.6186106413017107e-05,0.09700000000000131,-0.00026995985992800777,0.01793548387096774,0.0,0.0,-0.007414322448883119
27,2,1283976,0,195,17.07,0.03,2.78,24.382,0.03056554429552101,-2.476999491512988e-05,0.09799999999999898,-0.0002527550501543892,0.01793548387096774,0.0,0.0,-0.008672969024157522
27,2,1284020,0,195,16.85,0.03,2.78,24.426,0.030107878391630857,-2.3621925702161484e-05,0.08699999999999974,-0.00027151638738116726,0.01793548387096774,0.0,0.0,-0.0009018047367293548
27,2,1284063,0,195,16.85,0.03,2.78,24.469,0.030487087283425557,-2.333393026444508e-05,0.0870000000000033,-0.00026820609499361145,0.01793548387096774,0.0,0.0,0.0019163350655498207
27,2,1284107,0,195,16.85,0.03,2.78,24.513,0.030274599542333698,-2.3960618967581394e-05,0.08799999999999741,-0.00027227976099525113,0.01793548387096774,0.0,0.0,-0.0052007489078428025
27,2,1284151,0,195,16.85,0.03,2.78,24.557,0.030029421379535404,-2.5020061572806008e-05,0.08699999999999974,-0.00028758691462995494,0.01793548387096774,0.0,0.0,-0.006012031578195779
27,2,1284194,0,195,16.74,0.03,2.78,24.6,0.029751552795030667,-2.5810590543064114e-05,0.08699999999999974,-0.0002966734545179792,0.01793548387096774,-0.007415647015202093,0.0,-0.00676353552547032
27,2,1284238,0,195,16.63,0.03,2.68,24.644,0.029440993788819488,-2.586067299164263e-05,0.08799999999999741,-0.00029387128399594765,0.01729032258064516,-0.007331378299120445,0.0,0.002823263692828986
27,2,1284282,0,195,16.63,0.03,2.68,24.688,0.02999999999999961,-2.5238507955645863e-05,0.0870000000000033,-0.0002900977925936196,0.01729032258064516,0.0,0.0,0.00642535874919657
27,2,1284325,0,195,16.63,0.03,2.68,24.731,0.02999999999999961,-2.4518441875066798e-05,0.08900000000000219,-0.00027548811095579994,0.01729032258064516,0.0,0.0,0.0
27,2,1284371,0,195,16.52,0.03,2.68,24.777,0.02999999999999961,-2.4412746668535323e-05,0.08999999999999986,-0.000271252740761504,0.01729032258064516,0.0,0.0,0.0
27,2,1284415,0,195,16.52,0.03,2.68,24.821,0.02999999999999961,-2.5287819183502425e-05,0.08699999999999974,-0.0002906645883161207,0.01729032258064516,0.0,0.0,0.0
27,2,1284458,0,195,16.41,0.03,2.68,24.864,0.02999999999999961,-2.6851152492551654e-05,0.08699999999999974,-0.0003086339366959969,0.01729032258064516,0.0,0.0,0.0
27,2,1284502,0,195,16.3,0.03,2.68,24.908,0.02999999999999961,-2.8198813244433296e-05,0.08699999999999974,-0.0003241242901659009,0.01729032258064516,0.0,0.0,0.0
27,2,1284545,0,195,16.3,0.03,2.68,24.951,0.02999999999999961,-2.8225571821020257e-05,0.08699999999999974,-0.00032443186001172804,0.01729032258064516,-0.007415647015202093,0.0,0.0
27,2,1284589,0,195,16.3,0.03,2.58,24.995,0.02999999999999961,-2.6206946727880708e-05,0.08699999999999974,-0.0003012292727342619,0.01664516129032258,-0.007415647015202093,0.0,0.0
27,2,1284632,0,195,16.19,0.03,2.58,25.038,0.02999999999999961,-2.2252072345235074e-05,0.08699999999999974,-0.0002557709464969556,0.01664516129032258,0.0,0.0,0.0
27,2,1284676,0,195,16.19,0.03,2.58,25.082,0.02999999999999961,-1.7377467867154107e-05,0.08699999999999974,-0.00019974100996728917,0.01664516129032258,0.0,0.0,0.0
27,2,1284719,0,195,16.19,0.03,2.58,25.125,0.02999999999999961,-1.3152491070072436e-05,0.08899999999999864,-0.000147780798540142,0.01664516129032258,0.0,0.0,0.0
27,2,1284765,0,195,16.08,0.03,2.58,25.171,0.02999999999999961,-1.1084595678905628e-05,0.08999999999999986,-0.00012316217421006273,0.01664516129032258,0.0,0.0,0.0
27,2,1284809,0,195,15.97,0.03,2.58,25.215,0.02999999999999961,-1.2012107758967883e-05,0.08699999999999974,-0.00013807020412606803,0.01664516129032258,0.0,0.0,0.0
27,2,1284852,0,195,15.97,0.03,2.58,25.258,0.02999999999999961,-1.5737460091960643e-05,0.08699999999999974,-0.0001808903458846056,0.01664516129032258,0.0,0.0,0.0
27,2,1284896,0,195,15.97,0.03,2.58,25.302,0.02999999999999961,-2.1031854078668922e-05,0.08699999999999974,-0.00024174544918010327,0.01664516129032258,0.0,0.0,0.0
27,2,1284939,0,195,15.86,0.03,2.58,25.345,0.02999999999999961,-2.6024768292565615e-05,0.08699999999999974,-0.00029913526773064014,0.01664516129032258,0.0,0.0,0.0
27,2,1284983,0,195,15.86,0.03,2.58,25.389,0.02999999999999961,-2.8867719724175345e-05,0.08699999999999974,-0.00033181287039282104,0.01664516129032258,-0.007415647015202093,0.0,0.0
27,2,1285026,0,195,15.75,0.03,2.48,25.432,0.02999999999999961,-2.8441987392480605e-05,0.08699999999999974,-0.00032691939531587,0.016,-0.007415647015202093,0.0,0.0
27,2,1285070,0,195,15.75,0.03,2.48,25.476,0.02999999999999961,-2.482108439672137e-05,0.08699999999999974,-0.0002852998206519706,0.016,0.0,0.0,0.0
27,2,1285113,0,195,15.64,0.03,2.48,25.519,0.02999999999999961,-1.92753370196157e-05,0.08900000000000219,-0.0002165768204451149,0.016,0.0,0.0,0.0
27,2,1285159,0,195,15.64,0.03,2.48,25.565,0.02999999999999961,-1.3810619444143857e-05,0.08900000000000219,-0.00015517549937239908,0.016,0.0,0.0,0.0
27,2,1285202,0,195,15.64,0.03,2.48,25.608,0.02999999999999961,-1.0441079240289586e-05,0.08699999999999974,-0.0001200124050608002,0.016,0.0,0.0,0.0
27,2,1285246,0,195,15.53,0.03,2.48,25.652,0.02999999999999961,-1.04808868859676e-05,0.08699999999999974,-0.00012046996420652448,0.016,0.0,0.0,0.0
27,2,1285289,0,195,15.53,0.03,2.48,25.695,0.02999999999999961,-1.4093300276083909e-05,0.08799999999999741,-0.0001601511395009582,0.016,0.0,0.0,0.0
27,2,1285334,0,195,15.53,0.03,2.48,25.74,0.02999999999999961,-2.022819841365031e-05,0.08800000000000097,-0.00022986589106420554,0.016,0.0,0.0,0.0
27,2,1285377,0,195,15.42,0.03,2.48,25.783,0.02999999999999961,-2.6964084595050066e-05,0.0870000000000033,-0.0003099320068396442,0.016,0.0,0.0,0.0
27,2,1285421,0,195,15.42,0.03,2.48,25.827,0.02999999999999961,-3.2153811840769376e-05,0.08699999999999974,-0.00036958404414677554,0.016,-0.007415647015202113,0.0,0.0
27,2,1285464,0,195,15.31,0.03,2.38,25.87,0.02999999999999961,-3.4160424248971035e-05,0.08699999999999974,-0.0003926485545858751,0.015354838709677418,-0.007415647015202113,0.0,0.0
27,2,1285508,0,195,15.2,0.03,2.38,25.914,0.02999999999999961,-3.241050659048472e-05,0.08999999999999986,-0.00036011673989427525,0.015354838709677418,0.0,0.0,0.0
27,2,1285554,0,195,15.2,0.03,2.38,25.96,0.02999999999999961,-2.755608484577854e-05,0.08899999999999864,-0.00030961893085144904,0.015354838709677418,0.0,0.0,0.0
27,2,1285597,0,195,15.2,0.03,2.38,26.003,0.02999999999999961,-2.1211453427020466e-05,0.08699999999999974,-0.00024380980950598308,0.015354838709677418,0.0,0.0,0.0
27,2,1285641,0,195,15.09,0.03,2.38,26.047,0.02999999999999961,-1.539692282439509e-05,0.08699999999999974,-0.00017697612441833487,0.015354838709677418,-0.007415647015202093,0.0,0.0
27,2,1285684,0,195,15.09,0.03,2.28,26.09,0.02999999999999961,-1.1876964982367789e-05,0.08699999999999974,-0.00013651683887779106,0.014709677419354838,0.0,0.0,0.0
27,2,1285728,0,195,15.09,0.03,2.38,26.134,0.02999999999999961,-1.1566098898938115e-05,0.08699999999999974,-0.0001329436655050362,0.015354838709677418,0.007415647015202093,0.0,0.0
27,2,1285771,0,195,14.98,0.03,2.38,26.177,0.02999999999999961,-1.4181291548235996e-05,0.08699999999999974,-0.00016300335112914987,0.015354838709677418,0.0,0.0,0.0
27,2,1285815,0,195,14.98,0.03,2.38,26.221,0.02999999999999961,-1.8314432600014195e-05,0.08699999999999974,-0.00021051071954039367,0.015354838709677418,0.0,0.0,0.0
27,2,1285858,0,195,14.87,0.03,2.38,26.264,0.02999999999999961,-2.197252322114629e-05,0.08699999999999974,-0.000252557738174096,0.015354838709677418,-0.007415647015202093,0.0,0.0
27,2,1285902,0,195,14.87,0.03,2.28,26.308,0.02999999999999961,-2.3395102515697542e-05,0.08900000000000219,-0.0002628663204010895,0.014709677419354838,-0.007249003262051285,0.0,0.0
27,2,1285947,0,195,14.76,0.03,2.28,26.353,0.02999999999999961,-2.1780357978664176e-05,0.08899999999999864,-0.000244723123355781,0.014709677419354838,0.0,0.0,0.0
27,2,1285991,0,195,14.76,0.03,2.28,26.397,0.02999999999999961,-1.7589697313598496e-05,0.08699999999999974,-0.00020218042889193734,0.014709677419354838,0.0,0.0,0.0
27,2,1286034,0,195,14.76,0.03,2.28,26.44,0.02999999999999961,-1.2330148699450926e-05,0.0870000000000033,-0.00014172584712012022,0.014709677419354838,0.0,0.0,0.0
27,2,1286078,0,195,14.65,0.03,2.28,26.484,0.02999999999999961,-7.961241206466685e-06,0.08699999999999974,-9.150851961455987e-05,0.014709677419354838,0.0,0.0,0.0
27,2,1286121,0,195,14.65,0.03,2.28,26.527,0.02999999999999961,-6.189820119504752e-06,0.08699999999999974,-7.114735769545713e-05,0.014709677419354838,0.0,0.0,0.0
27,2,1286165,0,195,14.54,0.03,2.28,26.571,0.02999999999999961,-7.893128557436845e-06,0.08699999999999974,-9.072561560272263e-05,0.014709677419354838,0.0,0.0,0.0
27,2,1286208,0,195,14.54,0.03,2.28,26.614,0.02999999999999961,-1.282562947808108e-05,0.08699999999999974,-0.000147421028483691,0.014709677419354838,0.0,0.0,0.0
27,2,1286252,0,195,14.54,0.03,2.28,26.658,0.02999999999999961,-1.967792359274245e-05,0.08800000000000097,-0.00022361276809934358,0.014709677419354838,0.0,0.0,0.0
27,2,1286296,0,195,14.43,0.03,2.28,26.702,0.02999999999999961,-2.6474374934968737e-05,0.08999999999999986,-0.0002941597214996531,0.014709677419354838,0.0,0.0,0.0
27,2,1286342,0,195,14.43,0.03,2.28,26.748,0.02999999999999961,-3.1204709747820304e-05,0.08899999999999864,-0.00035061471626764927,0.014709677419354838,-0.0072490032620515545,0.0,0.0
27,2,1286385,0,195,14.32,0.03,2.18,26.791,0.02999999999999961,-3.248785608748817e-05,0.08699999999999974,-0.00037342363318952024,0.01406451612903226,-0.007415647015202073,0.0,0.0
27,2,1286429,0,195,14.32,0.03,2.18,26.835,0.02999999999999961,-3.0017339682928857e-05,0.08699999999999974,-0.00034502689290722923,0.01406451612903226,0.0,0.0,0.0
27,2,1286472,0,195,14.32,0.03,2.18,26.878,0.02999999999999961,-2.4609735720818816e-05,0.09600000000000009,-0.0002563514137585291,0.01406451612903226,0.0,0.0,0.0
27,2,1286525,0,195,14.32,0.03,2.18,26.931,0.02999999999999961,-1.7863678801238514e-05,0.09700000000000131,-0.00018416163712616776,0.01406451612903226,0.0,0.0,0.0
27,2,1286569,0,195,14.21,0.03,2.18,26.975,0.02999999999999961,-1.1614154889706185e-05,0.08699999999999974,-0.000133496033215014,0.01406451612903226,0.0,0.0,0.0
27,2,1286612,0,195,14.21,0.03,2.18,27.018,0.02999999999999961,-7.414896624388323e-06,0.08799999999999741,-8.426018891350615e-05,0.01406451612903226,0.0,0.0,0.0
27,2,1286657,0,195,14.1,0.03,2.18,27.063,0.02999999999999961,-6.199662615375523e-06,0.08800000000000097,-7.045071153835744e-05,0.01406451612903226,0.0,0.0,0.0
27,2,1286700,0,195,13.99,0.03,2.18,27.106,0.02999999999999961,-8.146495040903811e-06,0.08900000000000219,-9.153365214498438e-05,0.01406451612903226,-0.007249003262051305,0.0,0.0
27,2,1286746,0,195,14.1,0.03,2.08,27.152,0.02999999999999961,-1.2681452614906164e-05,0.08999999999999986,-0.00014090502905451317,0.013419354838709678,0.0,0.0,0.0
27,2,1286790,0,195,13.99,0.03,2.18,27.196,0.02999999999999961,-1.8562044603318563e-05,0.08699999999999974,-0.00021335683452090366,0.01406451612903226,0.007415647015202113,0.0,0.0
27,2,1286833,0,195,13.99,0.03,2.18,27.239,0.02999999999999961,-2.4065862267780957e-05,0.08699999999999974,-0.0002766191065262187,0.01406451612903226,0.0,0.0,0.0
27,2,1286877,0,195,13.88,0.03,2.18,27.283,0.02999999999999961,-2.7365541382636583e-05,0.08699999999999974,-0.00031454645267398463,0.01406451612903226,-0.007415647015202113,0.0,0.0
27,2,1286920,0,195,13.88,0.03,2.08,27.326,0.02999999999999961,-2.7079938482367895e-05,0.08699999999999974,-0.00031126366071687324,0.013419354838709678,-0.007415647015202113,0.0,0.0
27,2,1286964,0,195,13.77,0.03,2.08,27.37,0.02999999999999961,-2.2810538965010175e-05,0.08699999999999974,-0.00026219010304609475,0.013419354838709678,0.0,0.0,0.0
27,2,1287007,0,195,13.77,0.03,2.08,27.413,0.02999999999999961,-1.5401839415539963e-05,0.08699999999999974,-0.00017703263696022998,0.013419354838709678,0.0,0.0,4.5860505686743314e-15
27,2,1287051,0,195,13.77,0.03,2.08,27.457,0.03000000000000001,-6.792727129977028e-06,0.08699999999999974,-7.807732333306951e-05,0.013419354838709678,0.0,0.0,4.5860505686743314e-15
27,2,1287094,0,195,13.77,0.03,2.08,27.5,0.03000000000000001,4.751136243967835e-07,0.08899999999999864,5.33835533030102e-06,0.013419354838709678,0.0,0.0,0.0
27,2,1287140,0,195,13.66,0.03,2.08,27.546,0.03000000000000001,3.916679810174184e-06,0.08899999999999864,4.400763831656454e-05,0.013419354838709678,0.0,0.0,0.0
27,2,1287183,0,195,13.66,0.03,2.08,27.589,0.03000000000000001,1.7590508576965647e-06,0.08699999999999974,2.0218975375822643e-05,0.013419354838709678,0.0,0.0,0.0
27,2,1287227,0,195,13.55,0.03,2.08,27.633,0.03000000000000001,-6.538688761797307e-06,0.08699999999999974,-7.515734208962444e-05,0.013419354838709678,0.0,0.0,0.0
27,2,1287270,0,195,13.55,0.03,2.08,27.676,0.03000000000000001,-2.000856953015173e-05,0.08699999999999974,-0.00022998355781783666,0.013419354838709678,0.0,0.0,0.0
27,2,1287314,0,195,13.44,0.03,2.08,27.72,0.03000000000000001,-3.623656151214316e-05,0.0870000000000033,-0.0004165122012889861,0.013419354838709678,0.0,0.0,-3.9878700597166467e-17
27,2,1287357,0,195,13.44,0.03,2.08,27.763,0.030000000000000006,-5.1827919027263915e-05,0.08699999999999974,-0.0005957232072099318,0.013419354838709678,0.0,0.0,-7.975740119433619e-17
27,2,1287401,0,195,13.44,0.03,2.08,27.807,0.030000000000000002,-6.324255192054395e-05,0.08699999999999974,-0.0007269258841441855,0.013419354838709678,-0.007415647015202113,0.0,-7.975740119433619e-17
27,2,1287444,0,195,13.44,0.03,1.98,27.85,0.03,0.0,0.0,0.0,0.012774193548387096,0.0,0.0,0.0
