MS,MPT,t (ms),PWMi,PWMe,Pressure (Psi),LW raw(V),Displacement (mm),t_rel(s),LW (V),delta d (m),delta t (s),vel (m/s),strain,strain rate (1/s),dv/dt raw,dv/dt
28,3,1429464,0,190,13.22,0.03,1.98,0.0,-0.03026162243553524,0.0,0.0,0.0,0.0,0.0,0.0,0.0
28,3,1429506,255,0,13.11,0.03,1.98,0.042,0.019535102578580953,0.002524151556826959,0.084,0.030049423295559038,0.012774193548387096,0.0,0.0,1.1982773138379519
28,3,1429548,255,0,16.41,0.03,1.98,0.084,0.07039367192685272,0.0029711972845344976,0.08399999999999999,0.03537139624445831,0.012774193548387096,0.16052227342549927,0.35714285714285715,1.2171065407417139
28,3,1429590,255,0,32.16,0.06,4.07,0.126,0.12177205200088492,0.0035478237471484844,0.082,0.04326614325790835,0.026258064516129033,0.44531864673485444,1.097560975609756,1.2528602105540199
28,3,1429630,255,0,46.26,0.12,7.64,0.166,0.17312820919228236,0.004067517635491736,0.08199999999999999,0.049603873603557766,0.04929032258064516,0.5538945712037766,1.829268292682927,1.2457080230703041
28,3,1429672,255,0,55.73,0.21,11.11,0.208,0.22392010989264985,0.004365639887715298,0.08399999999999999,0.051971903425182125,0.0716774193548387,0.47235023041474644,2.0238095238095237,1.196160848825118
28,3,1429714,255,0,62.23,0.29,13.79,0.25,0.2736057204935923,0.004347566652610876,0.08399999999999999,0.05175674586441519,0.08896774193548386,0.34331797235023054,1.6666666666666667,1.1633678273102932
28,3,1429756,255,0,66.74,0.35,15.58,0.292,0.3216430073867145,0.0040080393018738945,0.08600000000000002,0.04660510816132434,0.10051612903225807,0.24606151537884477,1.395348837209302,1.0916769356980098
28,3,1429800,255,0,70.38,0.41,17.07,0.336,0.36748993696362114,0.0034198966975506977,0.08600000000000002,0.03976624066919415,0.11012903225806452,0.18604651162790678,1.0465116279069768,1.034435677083754
28,3,1429842,255,0,73.02,0.44,18.06,0.378,0.41060447561591734,0.0027019700896114005,0.08399999999999996,0.032166310590611924,0.11651612903225805,0.13671274961597565,0.8333333333333338,0.9875553901378646
28,3,1429884,255,0,75.22,0.48,18.85,0.42,0.45044458973520174,0.001980753182853423,0.08400000000000002,0.023580395033969314,0.12161290322580647,0.11443932411674358,0.7142857142857141,0.9196551514301645
28,3,1429926,255,0,77.2,0.5,19.55,0.462,0.4878555083360512,0.001358611406346455,0.08300000000000002,0.01636881212465608,0.12612903225806452,0.09249902837155047,0.4819277108433738,0.821120375585365
28,3,1429967,255,0,78.75,0.52,20.04,0.503,0.518597580908787,0.0008957443742829448,0.08300000000000002,0.010792100894975235,0.12929032258064516,0.07695297318305482,0.4819277108433738,0.638369102431293
28,3,1430009,255,0,80.29,0.54,20.54,0.545,0.5408401438378485,0.0006070765325710248,0.08399999999999996,0.007227101578226489,0.13251612903225807,0.06912442396313391,0.3571428571428576,0.4388299942402529
28,3,1430051,255,0,81.72,0.55,20.94,0.587,0.5554593004249683,0.00047080251782409375,0.08399999999999996,0.005604791878858262,0.1350967741935484,0.05299539170506899,0.23809523809523842,0.2745217079966969
28,3,1430093,255,0,82.93,0.56,21.23,0.629,0.563899967309571,0.0004432079529416022,0.08300000000000007,0.005339854854718094,0.13696774193548386,0.05363389040031072,0.12048192771084337,0.17834003552621475
28,3,1430134,255,0,84.14,0.56,21.63,0.67,0.5702615233736441,0.00047438058492408784,0.08499999999999996,0.005580948057930447,0.1395483870967742,0.053130929791271375,0.11764705882352826,0.1359536949791329
28,3,1430178,255,0,85.24,0.57,21.93,0.714,0.5754560313827973,0.0005207830630664425,0.08599999999999997,0.0060556170124004965,0.14148387096774193,0.04426106526631649,0.23255813953488272,0.10639591901898185
28,3,1430220,255,0,86.23,0.58,22.22,0.756,0.5794115724092765,0.0005525937532860361,0.08400000000000007,0.006578497062928995,0.1433548387096774,0.037634408602150775,0.11904761904761904,0.09421846541820299
28,3,1430262,255,0,87.23,0.58,22.42,0.798,0.5833703824779264,0.0005556235404570095,0.08399999999999996,0.006614565957821545,0.1446451612903226,0.030721966205837333,0.0,0.07919643830071946
28,3,1430304,255,0,88.0,0.58,22.62,0.84,0.586064073226537,0.0005290371972073764,0.08299999999999996,0.006373942135028635,0.14593548387096775,0.038865137971239916,0.12048192771084354,0.06664119702083858
28,3,1430345,255,0,88.88,0.59,22.92,0.881,0.588901601830656,0.00048077241645804136,0.08300000000000007,0.005792438752506518,0.1478709677419355,0.03109211037699162,0.12048192771084337,0.06018188478004822
28,3,1430387,255,0,89.65,0.59,23.02,0.923,0.591059169663281,0.00042246986807838735,0.08399999999999996,0.005029403191409375,0.14851612903225805,0.030721966205837,0.0,0.04755678014912937
28,3,1430429,255,0,90.31,0.59,23.32,0.965,0.5928963713631829,0.00036520209750138123,0.08399999999999985,0.0043476440178735936,0.1504516129032258,0.03072196620583737,0.0,0.038333411167670264
28,3,1430471,255,0,90.97,0.59,23.42,1.007,0.5942791762013653,0.0003166805802399999,0.08300000000000007,0.0038154286775903567,0.1510967741935484,0.014768752429071188,0.12048192771084337,0.04009499915319845
28,3,1430512,255,0,91.63,0.6,23.51,1.048,0.5962242562928983,0.0002801341893641727,0.08500000000000019,0.003295696345460848,0.15167741935483872,0.02201138519924097,0.11764705882352926,0.043882083725938166
28,3,1430556,255,0,92.29,0.6,23.71,1.092,0.59800915331807,0.0002546996756335922,0.08599999999999985,0.002961624135274333,0.15296774193548388,0.022505626406601552,0.0,0.025126010172043474
28,3,1430598,255,0,92.84,0.6,23.81,1.134,0.5983850931676941,0.0002368785721559874,0.08399999999999985,0.002819983001856998,0.15361290322580645,0.02304147465437811,0.0,0.011714067778140234
28,3,1430640,255,0,93.39,0.6,24.01,1.176,0.5989931350114338,0.00022240314748990641,0.08400000000000007,0.0026476565177369787,0.15490322580645163,0.02304147465437772,0.0,0.01976992169865538
28,3,1430682,255,0,93.83,0.6,24.11,1.218,0.6000457665903811,0.00020782591839680364,0.08299999999999996,0.0025039267276723343,0.15554838709677418,0.015546055188495831,0.0,0.02280452309401065
28,3,1430723,255,0,94.27,0.6,24.21,1.259,0.6008859104282367,0.0001913687024672761,0.08299999999999996,0.0023056470176780262,0.1561935483870968,0.015546055188495831,0.0,0.016502755054214505
28,3,1430765,255,0,94.6,0.6,24.31,1.301,0.6014154952598809,0.00017294475391435427,0.08400000000000007,0.002058866118028025,0.15683870967741934,0.00768049155145891,0.0,0.018485655131617554
28,3,1430807,255,0,94.93,0.6,24.31,1.343,0.6024387054592926,0.00015360790419669,0.08400000000000007,0.00182866552615107,0.15683870967741934,0.007680491551459571,0.0,0.02280546085711179
28,3,1430849,255,0,95.26,0.6,24.41,1.385,0.6033311539718783,0.00013482871829349462,0.08600000000000008,0.0015677757941104011,0.15748387096774194,0.015003750937734652,0.11627906976744186,0.018473889475963914
28,3,1430893,255,0,95.48,0.61,24.51,1.429,0.6040274599542255,0.00011791785298008151,0.08499999999999996,0.0013872688585891948,0.15812903225806452,0.007590132827324436,0.0,0.013306924600503865
28,3,1430934,255,0,95.7,0.6,24.51,1.47,0.6044622425629211,0.00010371729917986272,0.08299999999999996,0.0012496060142152142,0.15812903225806452,0.007773027594247916,-0.12048192771084354,0.01740863420993613
28,3,1430976,255,0,95.82,0.6,24.61,1.512,0.6054723765936502,9.251806500321891e-05,0.08400000000000007,0.001101405535752605,0.1587741935483871,0.0076804915514592405,0.11904761904761904,0.023856224411961884
28,3,1431018,255,0,95.93,0.61,24.61,1.554,0.6064661654135259,8.410997994234747e-05,0.08400000000000007,0.0010013092850279452,0.1587741935483871,0.0076804915514592405,0.11904761904761904,0.023077881037998803
28,3,1431060,255,0,96.04,0.61,24.71,1.596,0.6074109186008421,7.788640252615763e-05,0.08299999999999996,0.0009383903918814177,0.15941935483870967,0.007773027594247916,0.0,0.021780485787543425
28,3,1431101,255,0,96.15,0.61,24.71,1.637,0.608273945733892,7.296399519197294e-05,0.08299999999999996,0.0008790842794213611,0.15941935483870967,0.0,0.0,0.019417322772620708
28,3,1431143,255,0,96.26,0.61,24.71,1.679,0.6090225563909696,6.832244011179612e-05,0.08400000000000007,0.0008133623822832864,0.15941935483870967,0.006912442396313482,0.0,0.01607279067233372
28,3,1431185,255,0,96.26,0.61,24.8,1.721,0.6096240601503681,6.299607437332356e-05,0.08399999999999985,0.0007499532663490913,0.16,0.0069124423963135,0.0,0.018835909649900527
28,3,1431227,255,0,96.26,0.61,24.8,1.763,0.6106047728015612,5.6323233650758195e-05,0.08099999999999996,0.0006953485635896076,0.16,0.0,0.0,0.010856448690161951
28,3,1431266,255,0,96.37,0.61,24.8,1.802,0.6105034324942712,4.819370755616248e-05,0.08100000000000018,0.0005949840439032391,0.16,0.007964954201513275,0.0,-0.005125535255207286
28,3,1431308,255,0,96.37,0.61,24.9,1.844,0.6101896044458894,3.918360537510779e-05,0.08399999999999985,0.00046647149256080783,0.16064516129032258,0.00768049155145926,0.0,0.0003502545182842464
28,3,1431350,255,0,96.37,0.61,24.9,1.886,0.6105328538738071,3.046716976395558e-05,0.08399999999999985,0.00036270440195185276,0.16064516129032258,0.0,0.0,-0.0014010180731330204
28,3,1431392,255,0,96.37,0.61,24.9,1.928,0.6100719189277463,2.3466102058161908e-05,0.08300000000000018,0.000282724121182673,0.16064516129032258,0.0,0.0,-0.014454680441281356
28,3,1431433,255,0,96.37,0.61,24.9,1.969,0.6093331153971807,1.9330679162084864e-05,0.08300000000000018,0.00023289974894078098,0.16064516129032258,0.0,0.0,-0.010673619617403412
28,3,1431475,255,0,96.37,0.61,24.9,2.011,0.6091860084995018,1.846639871337885e-05,0.08399999999999985,0.00021983807992117718,0.16064516129032258,0.0,0.0,-0.0031133734958523314
28,3,1431517,255,0,96.37,0.61,24.9,2.053,0.6090715920235291,2.0329954413792706e-05,0.08400000000000007,0.00024202326683086533,0.16064516129032258,0.0,0.0,-0.0023350301218892427
28,3,1431559,255,0,96.37,0.61,24.9,2.095,0.6089898659692631,2.360649261740022e-05,0.08400000000000007,0.00028102967401666905,0.16064516129032258,0.0,0.0,-0.00155668674792484
28,3,1431601,255,0,96.37,0.61,24.9,2.137,0.6089408303367034,2.670903274961134e-05,0.08599999999999985,0.00031057014825129517,0.16064516129032258,0.0075018754688671845,-0.11627906976744216,-0.0007602423652662669
28,3,1431645,255,0,96.37,0.6,25.0,2.181,0.6089244851258502,2.8382393369373205e-05,0.08599999999999985,0.0003300278298764332,0.16129032258064516,0.0075018754688671845,0.0,0.0
28,3,1431687,255,0,96.37,0.61,25.0,2.223,0.6089408303367034,2.8123307364911197e-05,0.08400000000000007,0.0003348012781537044,0.16129032258064516,0.0,0.11904761904761904,0.0007783433739630808
28,3,1431729,255,0,96.37,0.61,25.0,2.265,0.6089898659692631,2.6214738365304414e-05,0.09299999999999997,0.000281878907153811,0.16129032258064516,0.0,0.0,0.0014060396432869539
28,3,1431780,255,0,96.37,0.61,25.0,2.316,0.6090715920235291,2.339301428524365e-05,0.09299999999999997,0.0002515377880133727,0.16129032258064516,0.0,0.0,0.0021090594649322216
28,3,1431822,255,0,96.37,0.61,25.0,2.358,0.6091860084995018,2.0375966878390273e-05,0.08300000000000018,0.000245493576848075,0.16129032258064516,0.0,0.0,0.0031508840198987325
28,3,1431863,255,0,96.37,0.61,25.0,2.399,0.6093331153971807,1.7537812096652063e-05,0.08299999999999974,0.0002112989409235195,0.16129032258064516,0.0,0.0,0.0039386050248721
28,3,1431905,255,0,96.37,0.61,25.0,2.441,0.6095129127165662,1.4911786080698874e-05,0.08400000000000007,0.00017752126286546262,0.16129032258064516,0.0,0.0,0.004670060243777164
28,3,1431947,255,0,96.37,0.61,25.0,2.483,0.609725400457658,1.2519210295618421e-05,0.08400000000000007,0.00014903821780498107,0.16129032258064516,0.0,0.0,0.005448403617738923
28,3,1431989,255,0,96.37,0.61,25.0,2.525,0.6099705786204562,1.0840456791957109e-05,0.08599999999999985,0.00012605182316229217,0.16129032258064516,0.007501875468867507,0.0,0.006081938922127553
28,3,1432033,255,0,96.37,0.61,25.1,2.569,0.610248447204961,1.1110641946864065e-05,0.08499999999999996,0.00013071343466898906,0.16193548387096776,0.007590132827324762,0.0,0.006922677537835045
28,3,1432074,255,0,96.37,0.61,25.1,2.61,0.6105590062111722,1.5111289086821245e-05,0.08300000000000018,0.00018206372393760495,0.16193548387096776,0.0,0.0,-0.0029933398189019235
28,3,1432116,255,0,96.37,0.61,25.1,2.652,0.6099999999999921,2.4309252346533583e-05,0.08400000000000007,0.00028939586126825665,0.16193548387096776,0.0,0.0,0.0
28,3,1432158,255,0,96.37,0.61,25.1,2.694,0.6105590062111722,3.853202777676756e-05,0.08400000000000007,0.0004587146163900896,0.16193548387096776,0.0,0.0,0.009612540668441338
28,3,1432200,255,0,96.37,0.61,25.1,2.736,0.6108074534161412,5.469019634977457e-05,0.08300000000000018,0.0006589180283105355,0.16193548387096776,0.0,0.0,0.009373879959195117
28,3,1432241,255,0,96.37,0.61,25.1,2.777,0.6113370382477854,6.617992460601129e-05,0.08299999999999974,0.0007973484892290542,0.16193548387096776,0.0,0.0,0.006065451738302284
28,3,1432283,255,0,96.37,0.61,25.1,2.819,0.6113108859104203,6.346597832170531e-05,0.08400000000000007,0.0007555473609726815,0.16193548387096776,0.0,0.0,0.00019458584349110064
28,3,1432325,255,0,96.26,0.61,25.1,2.861,0.6113533834586387,3.6013065086415e-05,0.08400000000000007,0.0004287269653144639,0.16193548387096776,0.0,0.0,-0.007744516570930209
28,3,1432367,255,0,96.26,0.61,25.1,2.903,0.6106603465184621,-2.4719568198271702e-05,0.08599999999999985,-0.00028743683951478773,0.16193548387096776,0.0,0.0,-0.017029428981958958
28,3,1432411,255,0,96.26,0.61,25.1,2.947,0.6098888525661902,-0.00012198667392898699,0.08499999999999996,-0.001435137340341024,0.16193548387096776,0.0,0.0,-0.021575678326249903
28,3,1432452,0,190,96.37,0.61,25.1,2.988,0.6088264138607309,-0.00025129933765601466,0.08299999999999974,-0.0030277028633254872,0.16193548387096776,0.007773027594247603,0.0,-0.038007538490016965
28,3,1432494,0,190,94.38,0.61,25.2,3.03,0.6067342268715188,-0.0003999570150151506,0.08400000000000007,-0.004761393035894646,0.1625806451612903,-0.02304147465437805,0.0,-0.05347218979124766
28,3,1432536,0,190,90.64,0.61,24.8,3.072,0.6043347499182661,-0.0005491946442968363,0.08400000000000007,-0.006538031479724236,0.16,-0.06067588325652816,-0.11904761904761904,-0.06919472594529846
28,3,1432578,0,190,87.0,0.6,24.41,3.114,0.6009218698921137,-0.0006785267191666549,0.08299999999999974,-0.008175020712851288,0.15748387096774194,-0.06917994558880713,-0.12048192771084386,-0.0853495708889819
28,3,1432619,0,190,83.92,0.6,23.91,3.155,0.5972507355344806,-0.0007708222735929446,0.0820000000000003,-0.009400271629182218,0.15425806451612903,-0.07081038552320973,-0.12195121951219479,-0.10090177724268054
28,3,1432660,0,190,81.39,0.59,23.51,3.196,0.5926479241582139,-0.0008162868799836112,0.08300000000000018,-0.00983478168654951,0.15167741935483872,-0.06140691799455854,-0.1204819277108432,-0.11264410371134626
28,3,1432702,0,190,79.19,0.59,23.12,3.238,0.5879012749264388,-0.0008140971592607365,0.08299999999999974,-0.00980839950916553,0.14916129032258066,-0.061406917994559204,-0.12048192771084386,-0.1238297419819826
28,3,1432743,0,190,77.31,0.58,22.72,3.279,0.5823700555737094,-0.0007714846491706311,0.08499999999999996,-0.009076289990242722,0.14658064516129032,-0.06072106261859614,-0.11764705882352956,-0.12972328519508317
28,3,1432787,0,190,75.77,0.58,22.32,3.323,0.5768747956848568,-0.0007009555129534419,0.0860000000000003,-0.0081506454994586,0.144,-0.044261065266316645,-0.11627906976744155,-0.13444886229729788
28,3,1432829,0,190,74.34,0.57,22.13,3.365,0.5708074534161417,-0.0006167538342694919,0.08400000000000007,-0.007342307550827277,0.14277419354838708,-0.03763440860215044,-0.23809523809523678,-0.14111365369946438
28,3,1432871,0,190,73.24,0.56,21.83,3.407,0.5650212487741018,-0.0005316702436989473,0.08399999999999963,-0.006329407663082734,0.14083870967741935,-0.0384024577572964,-0.11904761904761836,-0.14126932237425696
28,3,1432913,0,190,72.25,0.56,21.63,3.449,0.5589408303367042,-0.000454976823121072,0.08300000000000018,-0.005481648471338205,0.1395483870967742,-0.03886513797123981,-0.1204819277108432,-0.13938723183022758
28,3,1432954,0,190,71.37,0.55,21.33,3.49,0.5534521085321928,-0.0003917436678875461,0.08300000000000018,-0.004719803227560786,0.13761290322580644,-0.03886513797123981,-0.1204819277108432,-0.13166756598147888
28,3,1432996,0,190,70.6,0.55,21.13,3.532,0.5480124223602414,-0.0003432758499054742,0.08399999999999963,-0.0040866172607794725,0.13632258064516128,-0.023041474654377843,-0.11904761904761968,-0.12873799405345435
28,3,1433038,0,190,69.83,0.54,21.03,3.574,0.5426381170317027,-0.00030815370873503055,0.08400000000000007,-0.003668496532559884,0.1356774193548387,-0.02227342549923196,-0.11904761904761904,-0.12698672146203904
28,3,1433080,0,190,69.16,0.54,20.84,3.616,0.5373455377574301,-0.00028342060056709074,0.0860000000000003,-0.0032955883786870903,0.1344516129032258,-0.021755438859714885,-0.11627906976744155,-0.1284429476116966
28,3,1433124,0,190,68.72,0.53,20.74,3.66,0.5315920235370968,-0.00026565302014205374,0.08499999999999996,-0.0031253296487300454,0.13380645161290322,-0.022770398481973306,-0.11764705882352956,-0.12380054996826907
28,3,1433165,0,190,68.17,0.53,20.54,3.701,0.5268224910101272,-0.0002517718911505007,0.08299999999999974,-0.0030333962789217046,0.13251612903225807,-0.023319082782743812,-0.12048192771084386,-0.12048192771084253
28,3,1433207,0,190,67.73,0.52,20.44,3.743,0.5215920235370969,-0.000239502655598546,0.08400000000000007,-0.0028512220904588783,0.1318709677419355,-0.015360983102918481,-0.11904761904761904,-0.11282087205591572
28,3,1433249,0,190,67.29,0.52,20.34,3.785,0.5173455377574303,-0.00022746725305695036,0.08400000000000007,-0.0027079434887732163,0.13122580645161291,-0.01536098310291881,-0.11904761904761904,-0.1065941250642124
28,3,1433291,0,190,66.96,0.51,20.24,3.827,0.512638117031703,-0.0002150143145451864,0.08299999999999974,-0.0025905339101829766,0.1305806451612903,-0.015546055188496208,-0.12048192771084386,-0.11918218805263422
28,3,1433332,0,190,66.63,0.51,20.14,3.868,0.5074534161490617,-0.00020197365637532273,0.08300000000000018,-0.00243341754669063,0.12993548387096773,-0.01554605518849579,-0.1204819277108432,-0.11366814101781214
28,3,1433374,0,190,66.3,0.5,20.04,3.91,0.5032036613272246,-0.00018848363867610373,0.08400000000000007,-0.0022438528413821855,0.12929032258064516,-0.015360983102918481,-0.11904761904761904,-0.10764488861906117
28,3,1433416,0,190,66.08,0.5,19.94,3.952,0.49841124550506055,-0.00017492052084791966,0.08299999999999974,-0.002107476154794219,0.12864516129032258,-0.015546055188495873,-0.12048192771084386,-0.11847323914815794
28,3,1433457,0,190,65.75,0.49,19.84,3.993,0.4933703824779275,-0.0001618561663931679,0.08499999999999996,-0.0019041901928607996,0.128,-0.015180265654649198,-0.11764705882352956,-0.1118781608753326
28,3,1433501,0,190,65.53,0.49,19.74,4.037,0.4889016018306573,-0.00014995540220604653,0.08599999999999985,-0.001743667467512172,0.1273548387096774,-0.007501875468867507,0.0,-0.09172324136934806
28,3,1433543,0,190,65.31,0.49,19.74,4.079,0.4854821837201636,-0.00013979853821152234,0.08400000000000052,-0.0016642683120419222,0.1273548387096774,-0.006912442396313115,-0.11904761904761842,-0.08690203770295181
28,3,1433585,0,190,65.09,0.48,19.65,4.121,0.4816018306636093,-0.00013170898084948135,0.08400000000000052,-0.0015679640577319113,0.1267741935483871,-0.014592933947772314,-0.11904761904761842,-0.08810846993259305
28,3,1433627,0,190,64.87,0.48,19.55,4.163,0.47808107224582574,-0.00012568825231644353,0.0829999999999993,-0.001514316292969212,0.12612903225806452,-0.007773027594247978,-0.1204819277108445,-0.08822475255714005
28,3,1433668,0,190,64.65,0.47,19.55,4.204,0.4742791762013667,-0.00012148969298506529,0.08300000000000018,-0.0014637312407839158,0.12612903225806452,-0.007773027594247895,-0.1204819277108432,-0.08550711508997624
28,3,1433710,0,190,64.43,0.47,19.45,4.246,0.4709839816933577,-0.00011876936933005666,0.08400000000000052,-0.0014139210634530467,0.12548387096774194,-0.0153609831029184,0.0,-0.08044178769905815
28,3,1433752,0,190,64.21,0.47,19.35,4.288,0.4675220660346458,-0.00011720960564336735,0.08399999999999963,-0.0013953524481353317,0.12483870967741936,-0.00768049155145928,-0.11904761904761901,-0.06876663708961735
28,3,1433794,0,190,64.1,0.46,19.35,4.33,0.46520758417782987,-0.00011653337778358975,0.08300000000000018,-0.001404016599802283,0.12483870967741936,-0.007773027594248062,-0.12048192771084254,-0.060930219734774284
28,3,1433835,0,190,63.88,0.46,19.25,4.371,0.4624648577966595,-0.0001164063873047283,0.08499999999999996,-0.0013694869094673923,0.12419354838709677,-0.007590132827324599,0.11764705882352891,-0.06068880641501477
28,3,1433879,0,190,63.77,0.47,19.25,4.415,0.4600490356325536,-0.00011631845842953936,0.08599999999999941,-0.0013525402142969785,0.12419354838709677,-0.007501875468867384,0.0,-0.05409124428867845
28,3,1433921,0,190,63.55,0.46,19.15,4.457,0.4578130107878332,-0.00011557461787505119,0.08399999999999963,-0.0013758883080363298,0.12354838709677418,-0.007680491551459446,-0.2380952380952387,-0.052849515092077345
28,3,1433963,0,190,63.44,0.45,19.15,4.499,0.45560967636481914,-0.00011346952245726882,0.08300000000000018,-0.001367102680208055,0.12354838709677418,-0.007773027594247728,-0.1204819277108432,-0.0503353722178666
28,3,1434004,0,190,63.22,0.45,19.05,4.54,0.45363517489375027,-0.00010959898875217533,0.08300000000000018,-0.0013204697440021094,0.12290322580645162,-0.01554605518849579,0.0,-0.05332871203677053
28,3,1434046,0,190,63.0,0.45,18.95,4.582,0.4511833932657672,-0.00010414917925442068,0.08399999999999963,-0.0012398711816002516,0.12225806451612903,-0.007680491551459446,0.0,-0.05545696539485295
28,3,1434088,0,190,62.89,0.45,18.95,4.624,0.44897678980058264,-9.797244369413604e-05,0.08400000000000052,-0.0011663386154063741,0.12225806451612903,-0.007680491551459034,0.0,-0.05841467021591021
28,3,1434130,0,190,62.78,0.45,18.85,4.666,0.4462765609676307,-9.235162459141221e-05,0.08300000000000018,-0.0011126701758001447,0.12161290322580647,-0.007773027594247728,0.0,-0.055967577403434984
28,3,1434171,0,190,62.56,0.45,18.85,4.707,0.44433148087609753,-8.852886695375162e-05,0.0829999999999993,-0.0010666128548644863,0.12161290322580647,0.0,-0.1204819277108445,-0.053407484137268174
28,3,1434213,0,190,62.45,0.44,18.85,4.749,0.44184373978423747,-8.721639289550254e-05,0.0860000000000003,-0.0010141441034360725,0.12161290322580647,-0.007501875468867307,-0.11627906976744155,-0.05614389867489603
28,3,1434257,0,190,62.34,0.44,18.75,4.793,0.43950310559005645,-8.832056388332532e-05,0.0860000000000003,-0.0010269833009688956,0.12096774193548387,-0.007501875468867307,0.0,-0.05519359571831417
28,3,1434299,0,190,62.23,0.44,18.75,4.835,0.43709709055246243,-9.099211163073662e-05,0.08399999999999963,-0.0010832394241754408,0.12096774193548387,-0.007680491551459446,-0.11904761904761968,-0.04576659038901631
28,3,1434341,0,190,62.01,0.43,18.65,4.877,0.4356587119973791,-9.395043452915885e-05,0.08300000000000018,-0.0011319329461344414,0.12032258064516128,-0.007773027594248062,-0.1204819277108432,-0.0319027007014653
28,3,1434382,0,190,61.79,0.43,18.65,4.918,0.4344491663942408,-9.592513199109476e-05,0.08300000000000018,-0.0011557244818204161,0.12032258064516128,-0.007773027594247728,0.0,-0.046160450891502655
28,3,1434424,0,190,61.68,0.43,18.55,4.96,0.43182739457338437,-9.605169812491354e-05,0.08399999999999963,-0.0011434725967251662,0.11967741935483872,-0.007680491551459116,0.0,-0.05401703015302197
28,3,1434466,0,190,61.57,0.43,18.55,5.002,0.429911735861387,-9.41104185386692e-05,0.08300000000000018,-0.0011338604643213132,0.11967741935483872,-0.007773027594248062,0.0,-0.04694817189647667
28,3,1434507,0,190,61.46,0.43,18.45,5.043,0.4279306963059768,-9.055806711561231e-05,0.08300000000000018,-0.0010910610495856881,0.11903225806451613,-0.007773027594248062,0.0,-0.04694817189647667
28,3,1434549,0,190,61.24,0.43,18.45,5.085,0.4260150375939794,-8.635468033423522e-05,0.08399999999999963,-0.0010280319087409,0.11903225806451613,-0.006912442396313518,-0.11904761904761968,-0.03662105574495238
28,3,1434591,0,190,61.13,0.42,18.36,5.127,0.4248545276234008,-8.263821198172039e-05,0.0860000000000003,-0.0009609094416479082,0.1184516129032258,-0.006751687921980592,0.0,-0.02679854337562835
28,3,1434635,0,190,61.01,0.43,18.36,5.171,0.42371036286367536,-8.035133589175202e-05,0.0860000000000003,-0.0009343178592064157,0.1184516129032258,0.0,0.0,-0.035009160920501534
28,3,1434677,0,190,60.9,0.42,18.36,5.213,0.42184373978423767,-7.995841477449162e-05,0.0829999999999993,-0.0009633543948734012,0.1184516129032258,-0.007773027594247812,-0.1204819277108445,-0.04537272988652779
28,3,1434718,0,190,60.68,0.42,18.26,5.254,0.4199444262830936,-8.136612161881729e-05,0.08300000000000018,-0.0009803147182990014,0.11780645161290323,-0.007773027594247728,0.0,-0.04458500888155329
28,3,1434760,0,190,60.57,0.42,18.26,5.296,0.41814318404706874,-8.406154114912568e-05,0.08400000000000052,-0.0010007326327276804,0.11780645161290323,-0.0076804915514593645,-0.11904761904761842,-0.044248820809788286
28,3,1434802,0,190,60.46,0.41,18.16,5.338,0.41622752533507135,-8.736350553157734e-05,0.08399999999999963,-0.0010400417325187824,0.11716129032258064,-0.007680491551459446,0.0,-0.049502638584036605
28,3,1434844,0,190,60.24,0.42,18.16,5.38,0.4139849624060097,-9.063736486445606e-05,0.08300000000000018,-0.0010920164441500706,0.11716129032258064,-0.007773027594248062,0.0,-0.056400823956170194
28,3,1434885,0,190,60.13,0.41,18.06,5.421,0.4115462569467092,-9.338042777992683e-05,0.08300000000000018,-0.001125065394938875,0.11651612903225805,-0.007773027594248062,-0.1204819277108432,-0.05955170797606759
28,3,1434927,0,190,60.02,0.41,18.06,5.463,0.40904217064399606,-9.519493257253586e-05,0.08399999999999963,-0.001133273006815908,0.11651612903225805,0.0,0.0,-0.05218792322420879
28,3,1434969,0,190,59.91,0.41,18.06,5.505,0.4071624713958757,-9.57502422413441e-05,0.0860000000000003,-0.0011133749097830671,0.11651612903225805,-0.007501875468866984,-0.11627906976744092,-0.0450443601420135
28,3,1435013,0,190,59.8,0.4,17.96,5.549,0.4051683556717829,-9.482950931176504e-05,0.0860000000000003,-0.0011026687129274966,0.11587096774193549,-0.015003750937734291,-0.11627906976744092,-0.05629594714794916
28,3,1435055,0,190,59.58,0.4,17.86,5.591,0.40232101994115205,-9.24514201509652e-05,0.0829999999999993,-0.001113872531939349,0.1152258064516129,-0.0077730275942481455,0.0,-0.05970925217706303
28,3,1435096,0,190,59.47,0.4,17.86,5.632,0.4002124877410867,-8.895720621550752e-05,0.08300000000000018,-0.0010717735688615339,0.1152258064516129,0.0,0.0,-0.05080800482085168
28,3,1435138,0,190,59.25,0.4,17.86,5.674,0.39810395554102135,-8.497653518323744e-05,0.08400000000000052,-0.0010116254188480586,0.1152258064516129,-0.007680491551459034,0.0,-0.052343591899000716
28,3,1435180,0,190,59.14,0.4,17.76,5.716,0.3958156260215706,-8.129752610366125e-05,0.08399999999999963,-0.0009678276917102572,0.11458064516129034,-0.007680491551459116,-0.11904761904761968,-0.05467862202089053
28,3,1435222,0,190,59.03,0.39,17.76,5.758,0.39351095129126656,-7.871678675308402e-05,0.08199999999999985,-0.000959960814062002,0.11458064516129034,-0.007867820613690143,-0.12195121951219545,-0.0654207097808145
28,3,1435262,0,190,58.92,0.39,17.66,5.798,0.39045112781954383,-7.789575824354956e-05,0.08199999999999985,-0.0009499482712628012,0.11393548387096775,-0.007867820613690143,0.0,-0.06442405058244748
28,3,1435304,0,190,58.81,0.39,17.66,5.84,0.3882281791435059,-7.920845449309155e-05,0.0860000000000003,-0.0009210285406173405,0.11393548387096775,0.0,0.0,-0.050556117290191646
28,3,1435348,0,190,58.59,0.39,17.66,5.884,0.38610330173258733,-8.260279348719379e-05,0.0860000000000003,-0.0009604975986882966,0.11393548387096775,-0.007501875468867307,-0.11627906976744155,-0.05686612892189853
28,3,1435390,0,190,58.48,0.38,17.56,5.926,0.3833376920562226,-8.754958611661223e-05,0.0829999999999993,-0.0010548142905616022,0.11329032258064516,-0.0077730275942481455,-0.1204819277108445,-0.055179856398460896
28,3,1435431,0,190,58.37,0.38,17.56,5.967,0.3815233736515151,-9.313330546869025e-05,0.08300000000000018,-0.0011220880176950607,0.11329032258064516,-0.007773027594247728,0.0,-0.05202897237856291
28,3,1435473,0,190,58.15,0.38,17.46,6.009,0.37901928734880186,-9.825991387610955e-05,0.08400000000000052,-0.0011697608794774873,0.11264516129032259,-0.007680491551459034,0.0,-0.05962110244555344
28,3,1435515,0,190,58.04,0.38,17.46,6.051,0.3765152010460886,-0.00010190213093536826,0.08399999999999963,-0.001213120606373437,0.11264516129032259,-0.007680491551459446,-0.11904761904761968,-0.051409579850245704
28,3,1435557,0,190,57.93,0.37,17.36,6.093,0.37470088264138124,-0.00010331128788361709,0.08399999999999963,-0.0012298962843287802,0.112,-0.007680491551459446,-0.11904761904761968,-0.04378181478541064
28,3,1435599,0,190,57.71,0.37,17.36,6.135,0.3728375286041141,-0.00010216381449069444,0.08399999999999963,-0.0012162358867939867,0.112,-0.00768049155145928,0.0,-0.04300347141144822
28,3,1435641,0,190,57.6,0.37,17.26,6.177,0.3710885910428196,-9.863586851371409e-05,0.08300000000000018,-0.0011883839579965526,0.11135483870967743,-0.007773027594247895,0.0,-0.04966580936363886
28,3,1435682,0,190,57.49,0.37,17.26,6.218,0.3687152664269321,-9.340125739008442e-05,0.08499999999999996,-0.0010988383222362878,0.11135483870967743,-0.007590132827324599,0.0,-0.04849720208449389
28,3,1435726,0,190,57.38,0.37,17.16,6.262,0.3669663288656376,-8.753907066475008e-05,0.0860000000000003,-0.0010178961705203462,0.11070967741935483,-0.007501875468867307,-0.11627906976744155,-0.042003390680948445
28,3,1435768,0,190,57.16,0.36,17.16,6.304,0.3651029748283705,-8.23374101608394e-05,0.08400000000000052,-0.0009802072638195106,0.11070967741935483,-0.0069124423963132795,0.0,-0.04378181478541084
28,3,1435810,0,190,57.05,0.37,17.07,6.346,0.3632886564236631,-7.900358098176597e-05,0.08399999999999963,-0.0009405188212115037,0.11012903225806452,-0.006912442396313352,0.0,-0.051409579850245704
28,3,1435852,0,190,56.94,0.36,17.07,6.388,0.3607845701209499,-7.834100942613987e-05,0.08300000000000018,-0.0009438675834474662,0.11012903225806452,0.0,-0.1204819277108432,-0.06033942898104227
28,3,1435893,0,190,56.83,0.36,17.07,6.429,0.3582804838182366,-8.050370545977969e-05,0.08300000000000018,-0.0009699241621660182,0.11012903225806452,-0.007773027594248062,0.0,-0.05202897237856291
28,3,1435935,0,190,56.61,0.36,16.97,6.471,0.35646616541352916,-8.493985119193326e-05,0.08399999999999963,-0.0010111887046658765,0.10948387096774193,-0.007680491551459446,-0.11904761904761968,-0.04378181478540998
28,3,1435977,0,190,56.61,0.35,16.97,6.513,0.35460281137626215,-9.055933597931442e-05,0.08399999999999963,-0.0010780873330870813,0.10948387096774193,-0.007680491551459116,-0.11904761904761968,-0.053744609972134295
28,3,1436019,0,190,56.39,0.35,16.87,6.555,0.3519516181758699,-9.605255092375842e-05,0.08300000000000018,-0.0011572596496838337,0.10883870967741936,-0.007773027594247728,0.0,-0.06506575501088903
28,3,1436060,0,190,56.28,0.35,16.87,6.596,0.34920235371035835,-0.00010023311004808021,0.08499999999999996,-0.0011792130593891795,0.10883870967741936,-0.007590132827324599,0.0,-0.057727438801607064
28,3,1436104,0,190,56.06,0.35,16.77,6.64,0.3470447858777333,-0.00010230202478849292,0.0860000000000003,-0.0011895584277731694,0.10819354838709677,-0.007501875468867307,-0.11627906976744092,-0.0583866136524317
28,3,1436146,0,190,55.95,0.34,16.77,6.682,0.3441811049362492,-0.0001019901204966267,0.08400000000000052,-0.0012141681011503104,0.10819354838709677,-0.007680491551459034,-0.11904761904761776,-0.05763632684194845
28,3,1436188,0,190,55.84,0.34,16.67,6.724,0.3422033344230096,-9.957956349221674e-05,0.08399999999999963,-0.0011854709939549664,0.10754838709677421,-0.007680491551459116,0.0,-0.05607964009402355
28,3,1436230,0,190,55.73,0.34,16.67,6.766,0.33947041516835125,-9.582108649309618e-05,0.08300000000000018,-0.001154470921603566,0.10754838709677421,-0.007773027594248062,0.0,-0.05577064715219098
28,3,1436271,0,190,55.51,0.34,16.57,6.807,0.33757437070937774,-9.176236896112044e-05,0.08300000000000018,-0.0011055707103749426,0.10690322580645162,-0.007773027594248062,0.0,-0.05124125137358756
28,3,1436313,0,190,55.4,0.34,16.57,6.849,0.33521739130434347,-8.850245480494223e-05,0.08399999999999963,-0.0010536006524397932,0.10690322580645162,-0.007680491551459446,-0.11904761904761968,-0.046739519606468515
28,3,1436355,0,190,55.29,0.33,16.47,6.891,0.3336482510624344,-8.69025689572709e-05,0.08399999999999963,-0.0010345543923484675,0.10625806451612903,-0.007680491551459446,-0.11904761904761968,-0.0367767244197442
28,3,1436397,0,190,55.18,0.33,16.47,6.933,0.33212814645308497,-8.732162752211537e-05,0.08300000000000018,-0.001052067801471267,0.10625806451612903,0.0,0.0,-0.04493948333379277
28,3,1436438,0,190,54.96,0.33,16.47,6.974,0.3299182739457296,-8.948573862318199e-05,0.08499999999999996,-0.0010527733955668474,0.10625806451612903,-0.007590132827324272,0.0,-0.051997000173066514
28,3,1436482,0,190,54.85,0.33,16.37,7.018,0.3277084014383743,-9.25924207814468e-05,0.08599999999999941,-0.0010766560555982262,0.10561290322580646,-0.007501875468867061,-0.11627906976744276,-0.04337182693842765
28,3,1436524,0,190,54.74,0.32,16.37,7.06,0.32618829682902484,-9.565176328695912e-05,0.08400000000000052,-0.0011387114677018874,0.10561290322580646,-0.0076804915514593645,0.0,-0.03677672441974381
28,3,1436566,0,190,54.63,0.33,16.27,7.102,0.3246191565871158,-9.791922704283707e-05,0.08300000000000018,-0.0011797497234076729,0.10496774193548387,-0.015546055188495958,0.0,-0.04730264634871548
28,3,1436607,0,190,54.52,0.32,16.17,7.143,0.32226217718208144,-9.918988401855344e-05,0.0829999999999993,-0.0011950588435970396,0.1043225806451613,-0.007773027594247978,-0.1204819277108445,-0.05797626596612018
28,3,1436649,0,190,54.41,0.32,16.17,7.185,0.3198071265119279,-9.978892530483208e-05,0.08400000000000052,-0.0011879633964860887,0.1043225806451613,0.0,0.0,-0.05140957985024582
28,3,1436691,0,190,54.19,0.32,16.17,7.227,0.31794377247466077,-0.00010028499969344295,0.08400000000000052,-0.0011938690439695517,0.1043225806451613,-0.0076804915514593645,0.0,-0.052771680754681534
28,3,1436733,0,190,54.08,0.32,16.07,7.269,0.3153743053285346,-0.00010112911942685443,0.0829999999999993,-0.0012184231256247625,0.1036774193548387,-0.0077730275942481455,-0.1204819277108445,-0.05797626596611951
28,3,1436774,0,190,53.97,0.31,16.07,7.31,0.3131317423994729,-0.00010243486587884653,0.08300000000000018,-0.0012341550105885097,0.1036774193548387,-0.007773027594247895,-0.1204819277108432,-0.05265914918254078
28,3,1436816,0,190,53.75,0.31,15.97,7.352,0.3110035959463837,-0.00010396932256150215,0.10300000000000065,-0.0010094108986553542,0.10303225806451613,-0.011901033510804739,0.0,-0.04227538030386196
28,3,1436877,0,190,53.64,0.31,15.88,7.413,0.3087773782281751,-0.00010527048996112675,0.10299999999999976,-0.001022043591855602,0.10245161290322581,-0.00563733166301282,0.0,-0.04291014577389046
28,3,1436919,0,190,53.53,0.31,15.88,7.455,0.306583850931673,-0.00010578015459759981,0.08399999999999963,-0.0012592875547333367,0.10245161290322581,0.0,-0.11904761904761968,-0.05028098195799969
28,3,1436961,0,190,53.31,0.3,15.88,7.497,0.3045537757437031,-0.0001049721528984957,0.08399999999999963,-0.0012496684868868592,0.10245161290322581,-0.007680491551459446,-0.11904761904761968,-0.05557371690094748
28,3,1437003,0,190,53.2,0.3,15.78,7.539,0.30191565871199344,-0.00010252848996077546,0.08300000000000018,-0.0012352830115756053,0.10180645161290322,-0.015546055188495958,0.0,-0.04537272988652864
28,3,1437044,0,190,53.09,0.3,15.68,7.58,0.30078783916312124,-9.85571698340113e-05,0.08300000000000018,-0.0011874357811326637,0.10116129032258064,-0.007773027594247895,0.0,-0.035486831274098574
28,3,1437086,0,190,52.98,0.3,15.68,7.622,0.29897025171624325,-9.372175980392683e-05,0.08399999999999963,-0.0011157352357610386,0.10116129032258064,-0.00768049155145928,-0.11904761904761968,-0.04327589159233391
28,3,1437128,0,190,52.87,0.29,15.58,7.664,0.2971526642693652,-8.913620409373025e-05,0.08300000000000018,-0.0010739301698039765,0.10051612903225807,-0.007773027594247895,0.0,-0.04222184586663058
28,3,1437169,0,190,52.76,0.3,15.58,7.705,0.2954658385093129,-8.601683444679864e-05,0.08300000000000018,-0.0010363474029734753,0.10051612903225807,0.0,0.1204819277108432,-0.030760505244251814
28,3,1437211,0,190,52.65,0.3,15.58,7.747,0.2945995423340923,-8.524877634420669e-05,0.0860000000000003,-0.0009912648412117022,0.10051612903225807,-0.0075018754688671455,-0.11627906976744155,-0.029687464363638987
28,3,1437255,0,190,52.42,0.29,15.48,7.791,0.29291271657403994,-8.707616107340321e-05,0.0860000000000003,-0.0010125135008535221,0.09987096774193549,-0.0075018754688671455,-0.11627906976744155,-0.04074899077825969
28,3,1437297,0,190,52.42,0.29,15.48,7.833,0.29109512912716196,-9.103951539181487e-05,0.08399999999999963,-0.0010838037546644676,0.09987096774193549,-0.00768049155145928,0.0,-0.03662105574495105
28,3,1437339,0,190,52.09,0.29,15.38,7.875,0.28983654789146407,-9.614306853779198e-05,0.08300000000000018,-0.0011583502233468888,0.09922580645161291,-0.007773027594247895,0.0,-0.032493491455195984
28,3,1437380,0,190,52.09,0.29,15.38,7.916,0.2883981693363807,-0.00010114649976590329,0.08300000000000018,-0.0012186325273000368,0.09922580645161291,-0.007773027594248062,0.0,-0.04572720433876678
28,3,1437422,0,190,51.98,0.29,15.28,7.958,0.2860411899313464,-0.00010487605670803646,0.08399999999999963,-0.001248524484619487,0.09858064516129032,-0.007680491551459446,-0.11904761904761901,-0.058842759071590985
28,3,1437464,0,190,51.76,0.28,15.28,8.0,0.28345537757436706,-0.00010649455743328496,0.08399999999999963,-0.001267792350396255,0.09858064516129032,-0.00768049155145928,-0.11904761904761901,-0.06273447594140574
28,3,1437506,0,190,51.65,0.28,15.18,8.042,0.28077149395226836,-0.00010570280400104792,0.08300000000000018,-0.0012735277590487672,0.09793548387096775,-0.007773027594247895,0.0,-0.06427803400591502
28,3,1437547,0,190,51.65,0.28,15.18,8.083,0.2781203007518761,-0.00010284498604748293,0.08500000000000085,-0.0012099410123233164,0.09793548387096775,-0.007590132827324519,0.0,-0.06449627906082167
28,3,1437591,0,190,51.43,0.28,15.08,8.127,0.27528931023209846,-9.886671066729136e-05,0.0860000000000003,-0.001149612914735942,0.09729032258064516,-0.015003750937734452,-0.11627906976744155,-0.05990709838296358
28,3,1437633,0,190,51.43,0.27,14.98,8.169,0.2729682902909412,-9.506319655739759e-05,0.08399999999999963,-0.001131704720921405,0.09664516129032258,-0.00768049155145928,-0.11904761904761968,-0.053900278646927445
28,3,1437675,0,190,51.21,0.27,14.98,8.211,0.2707616868257566,-9.261756386294273e-05,0.08300000000000018,-0.0011158742634089461,0.09664516129032258,0.0,0.0,-0.06069390343328108
28,3,1437716,0,190,51.1,0.27,14.98,8.252,0.2679306963059789,-9.208301614367187e-05,0.08300000000000018,-0.0011094339294418273,0.09664516129032258,0.0,-0.1204819277108432,-0.06742891802581308
28,3,1437758,0,190,50.99,0.26,14.98,8.294,0.2651650866296141,-9.309578766059623e-05,0.08399999999999963,-0.0011082831864356742,0.09664516129032258,-0.00768049155145928,-0.11904761904761968,-0.06351281931536883
28,3,1437800,0,190,50.88,0.26,14.88,8.336,0.2625956194834879,-9.454288447481929e-05,0.08399999999999963,-0.0011255105294621394,0.096,-0.015360983102918727,0.0,-0.05063123647628328
28,3,1437842,0,190,50.66,0.26,14.78,8.378,0.2609120627656063,-9.51350528078585e-05,0.08300000000000018,-0.0011462054555163648,0.09535483870967741,-0.007773027594248062,0.0,-0.03879525949499144
28,3,1437883,0,190,50.66,0.26,14.78,8.419,0.2593756129454036,-9.406962430548126e-05,0.08300000000000018,-0.0011333689675359162,0.09535483870967741,-0.007773027594247895,0.0,-0.044151762328817415
28,3,1437925,0,190,50.55,0.26,14.68,8.461,0.25724746649231445,-9.143047154339001e-05,0.0860000000000003,-0.0010631450179463917,0.09470967741935483,-0.0075018754688671455,0.0,-0.04835141443091974
28,3,1437969,0,190,50.33,0.26,14.68,8.505,0.2552173913043445,-8.815292035491673e-05,0.0860000000000003,-0.0010250339576153072,0.09470967741935483,-0.0067516879219804305,-0.11627906976744155,-0.04455020260459036
28,3,1438011,0,190,50.22,0.25,14.59,8.547,0.25341614906831966,-8.560713758889093e-05,0.08399999999999963,-0.0010191325903439442,0.09412903225806452,-0.006912442396313352,-0.11904761904761968,-0.03195099550117519
28,3,1438053,0,190,50.11,0.25,14.59,8.589,0.2525335076822458,-8.500217779799257e-05,0.08300000000000018,-0.0010241226240721973,0.09412903225806452,0.0,0.0,-0.029972784239277798
28,3,1438094,0,190,50.0,0.25,14.59,8.63,0.2509284079764596,-8.686666845131618e-05,0.08300000000000018,-0.0010465863668833251,0.09412903225806452,-0.007773027594247895,0.0,-0.03907096184673251
28,3,1438136,0,190,49.89,0.25,14.49,8.672,0.249290617848967,-9.082207643937679e-05,0.08399999999999963,-0.0010812151957068712,0.09348387096774194,-0.00768049155145928,0.0,-0.0378274879745943
28,3,1438178,0,190,49.67,0.25,14.49,8.714,0.2477508989865937,-9.573307407857357e-05,0.08399999999999963,-0.001139679453316357,0.09348387096774194,-0.00768049155145928,0.0,-0.03802207381808507
28,3,1438220,0,190,49.67,0.25,14.39,8.756,0.24609676364824787,-0.00010015389079901916,0.08300000000000018,-0.00120667338312071,0.09283870967741936,-0.007773027594247895,-0.1204819277108432,-0.04379728787657894
28,3,1438261,0,190,49.56,0.24,14.39,8.797,0.24411572409283763,-0.00010287799565168853,0.08300000000000018,-0.001239493923514317,0.09283870967741936,-0.007773027594248062,-0.1204819277108432,-0.05009905591637507
28,3,1438303,0,190,49.45,0.24,14.29,8.839,0.24193854200718873,-0.00010337455050540712,0.08599999999999852,-0.0012020296570396383,0.09219354838709677,-0.015003750937734763,0.0,-0.051392383891985534
28,3,1438347,0,190,49.23,0.24,14.19,8.883,0.23969597907812695,-0.00010193825553731096,0.0860000000000003,-0.0011853285527594255,0.0915483870967742,-0.0075018754688671455,0.0,-0.05139238389198383
28,3,1438389,0,190,49.12,0.24,14.19,8.925,0.2375187969924781,-9.948599927745683e-05,0.08300000000000018,-0.0011986264973187543,0.0915483870967742,0.0,0.0,-0.050099055916374396
28,3,1438430,0,190,49.01,0.24,14.19,8.966,0.23553775743706787,-9.709965596830905e-05,0.08299999999999841,-0.0011698753731121797,0.0915483870967742,-0.007773027594248061,-0.12048192771084545,-0.05466783774522786
28,3,1438472,0,190,49.01,0.23,14.09,9.008,0.23298136645962428,-9.555175148569184e-05,0.0840000000000014,-0.001137520851020122,0.09090322580645162,-0.007680491551459118,-0.11904761904761683,-0.05989352262644015
28,3,1438514,0,190,48.79,0.23,14.09,9.05,0.2305067015364468,-9.504156093489868e-05,0.0840000000000014,-0.0011314471539868702,0.09090322580645162,-0.007680491551459284,0.0,-0.05012531328320648
28,3,1438556,0,190,48.68,0.23,13.99,9.092,0.22877084014383486,-9.522149883644992e-05,0.08299999999999841,-0.0011472469739331535,0.09025806451612903,-0.007773027594248229,0.0,-0.04222184586663148
28,3,1438597,0,190,48.57,0.23,13.99,9.133,0.22700228832951647,-9.544003624412589e-05,0.08300000000000018,-0.0011498799547485022,0.09025806451612903,-0.007773027594247895,-0.1204819277108432,-0.041434124861655895
28,3,1438639,0,190,48.46,0.22,13.89,9.175,0.22533180778031742,-9.506268393999662e-05,0.0840000000000014,-0.0011316986183332741,0.08961290322580645,-0.007680491551459118,-0.11904761904761715,-0.037049144600630426
28,3,1438681,0,190,48.35,0.22,13.89,9.217,0.22389016018306346,-9.374424784277835e-05,0.08599999999999852,-0.0010900493935206972,0.08961290322580645,-0.007501875468867462,0.0,-0.03983669993994048
28,3,1438725,0,190,48.24,0.22,13.79,9.261,0.2219058515854826,-9.156604786573119e-05,0.0860000000000003,-0.001064721486810824,0.08896774193548386,-0.007501875468867307,0.0,-0.03831621520940843
28,3,1438767,0,190,48.13,0.22,13.79,9.303,0.22059496567505432,-8.899888949646417e-05,0.08300000000000018,-0.001072275777065831,0.08896774193548386,-0.007773027594247895,0.0,-0.03950420839946839
28,3,1438808,0,190,48.02,0.22,13.69,9.344,0.2186270022883267,-8.670594985696845e-05,0.08299999999999841,-0.0010446499982767483,0.08832258064516128,-0.007773027594248061,0.0,-0.03655025463081511
28,3,1438850,0,190,47.8,0.22,13.69,9.386,0.21756129454069673,-8.526111919571022e-05,0.0840000000000014,-0.001015013323758438,0.08832258064516128,0.0,0.0,-0.023817307243262892
28,3,1438892,0,190,47.69,0.22,13.69,9.428,0.2166263484798926,-8.491079559421877e-05,0.08200000000000074,-0.001035497507246561,0.08832258064516128,-0.00786782061368989,0.0,-0.030617370573835966
28,3,1438932,0,190,47.58,0.22,13.59,9.468,0.21505067015364215,-8.550545533387144e-05,0.08199999999999896,-0.0010427494552911283,0.0876774193548387,-0.00786782061369006,-0.12195121951219677,-0.03141469793253053
28,3,1438974,0,190,47.58,0.21,13.59,9.51,0.21405034324942512,-8.664052893926844e-05,0.08399999999999963,-0.001031434868324629,0.0876774193548387,-0.00768049155145928,-0.11904761904761968,-0.03280717321253352
28,3,1439016,0,190,47.47,0.21,13.49,9.552,0.21229486760378935,-8.79197558193745e-05,0.08399999999999963,-0.001046663759754463,0.08703225806451613,-0.00768049155145928,0.0,-0.03222341568206154
28,3,1439058,0,190,47.36,0.21,13.49,9.594,0.21134357633213197,-8.91829930027761e-05,0.0860000000000003,-0.0010370115465439045,0.08703225806451613,-0.0075018754688671455,0.0,-0.03223427628728026
28,3,1439102,0,190,47.14,0.21,13.39,9.638,0.20952271984308324,-9.056854695166194e-05,0.08500000000000085,-0.001065512317078365,0.08638709677419355,-0.007590132827324356,0.0,-0.04534353787281411
28,3,1439143,0,190,47.14,0.21,13.39,9.679,0.20748937561294273,-9.237300272232396e-05,0.08300000000000018,-0.0011129277436424548,0.08638709677419355,-0.006995724834823106,-0.12048192771084287,-0.050374758268115806
28,3,1439185,0,190,47.03,0.2,13.3,9.721,0.20534161490682962,-9.477637015351625e-05,0.08399999999999963,-0.0011282901208751984,0.08580645161290323,-0.006912442396313352,0.0,-0.05133174551285012
28,3,1439227,0,190,46.81,0.21,13.3,9.763,0.20317750898986334,-9.758278101634588e-05,0.08399999999999963,-0.0011616997740041227,0.08580645161290323,0.0,0.0,-0.04389856629150451
28,3,1439269,0,190,46.7,0.2,13.3,9.805,0.20165413533834325,-0.00010015164858426751,0.08300000000000018,-0.001206646368485148,0.08580645161290323,-0.007773027594248062,-0.12048192771084287,-0.03828324084175783
28,3,1439310,0,190,46.59,0.2,13.2,9.846,0.19999999999999743,-0.00010161677315526241,0.08300000000000018,-0.0012242984717501467,0.08516129032258064,-0.015546055188495958,0.0,-0.0398586828517072
28,3,1439352,0,190,46.59,0.2,13.1,9.888,0.19834586466165155,-0.00010131665132834478,0.08399999999999963,-0.0012061506110517288,0.08451612903225807,-0.00768049155145928,-0.11904761904761968,-0.03782748797459496
28,3,1439394,0,190,46.37,0.19,13.1,9.93,0.19682249101013147,-9.920124132150399e-05,0.08399999999999963,-0.0011809671585893383,0.08451612903225807,-0.00768049155145928,0.0,-0.04389856629150484
28,3,1439436,0,190,46.26,0.2,13.0,9.972,0.19465838509316516,-9.597550450231651e-05,0.0860000000000003,-0.0011159942383990253,0.08387096774193549,-0.0075018754688671455,0.0,-0.050137983989295073
28,3,1439480,0,190,46.15,0.19,13.0,10.016,0.19251062438705208,-9.288900316331095e-05,0.08500000000000085,-0.0010928118019212943,0.08387096774193549,-0.007590132827324519,-0.11764705882352834,-0.049189469838277405
28,3,1439521,0,190,46.04,0.19,12.9,10.057,0.19047728015691154,-9.12573524511835e-05,0.08300000000000018,-0.0010994861741106421,0.0832258064516129,-0.007773027594248062,0.0,-0.03970113865071206
28,3,1439563,0,190,46.04,0.19,12.9,10.099,0.18921542987904297,-9.191197420230423e-05,0.08399999999999963,-0.0010941901690750553,0.0832258064516129,0.0,0.0,-0.030044054234965763
28,3,1439605,0,190,45.82,0.19,12.9,10.141,0.18795357960117443,-9.481060508248972e-05,0.08300000000000018,-0.001142296446776982,0.0832258064516129,-0.007773027594247895,0.0,-0.03970113865071206
28,3,1439646,0,190,45.71,0.19,12.8,10.182,0.18592023537103386,-9.899704907264528e-05,0.08300000000000018,-0.0011927355309957236,0.08258064516129032,-0.007773027594247895,-0.1204819277108432,-0.03950420839946872
28,3,1439688,0,190,45.6,0.18,12.8,10.224,0.18467473030401851,-0.00010295787888501274,0.08399999999999963,-0.001225689034345395,0.08258064516129032,-0.007680491551459446,-0.11904761904761968,-0.0361151325518763
28,3,1439730,0,190,45.49,0.18,12.7,10.266,0.18288656423667626,-0.00010523010782043407,0.08399999999999963,-0.0012527393788146967,0.08193548387096773,-0.015360983102918727,0.0,-0.04121328165133299
28,3,1439772,0,190,45.49,0.18,12.6,10.308,0.18121281464530656,-0.00010497733168538481,0.0860000000000003,-0.0012206666475044704,0.08129032258064516,-0.0075018754688671455,0.0,-0.02995354919148179
28,3,1439816,0,190,45.38,0.18,12.6,10.352,0.18031055900620882,-0.00010226312739662369,0.08500000000000085,-0.0012030956164308549,0.08129032258064516,-0.007590132827324356,0.0,-0.03184431667403715
28,3,1439857,0,190,45.16,0.18,12.5,10.393,0.17850604772801337,-9.79113262376341e-05,0.08300000000000018,-0.0011796545329835406,0.08064516129032258,-0.007773027594247895,0.0,-0.035565603374595973
28,3,1439899,0,190,45.05,0.18,12.5,10.435,0.17735861392611735,-9.306212300636751e-05,0.08399999999999963,-0.0011078824167424753,0.08064516129032258,0.0,0.0,-0.03533678917791355
28,3,1439941,0,190,45.05,0.18,12.5,10.477,0.17553775743706865,-8.868173439024928e-05,0.08399999999999963,-0.001055734933217258,0.08064516129032258,-0.00768049155145928,-0.11904761904761935,-0.04354831177322158
28,3,1439983,0,190,44.83,0.17,12.4,10.519,0.17370055573716675,-8.527641456570478e-05,0.08300000000000018,-0.0010274266815145131,0.08,-0.007773027594247895,-0.12048192771084287,-0.03655025463081433
28,3,1440024,0,190,44.83,0.17,12.4,10.56,0.17250408630271105,-8.29115476577389e-05,0.08300000000000018,-0.000998934309129382,0.08,-0.007773027594247895,0.0,-0.037141045384545344
28,3,1440066,0,190,44.72,0.17,12.3,10.602,0.17061784897024948,-8.14471439241089e-05,0.08399999999999963,-0.000969608856239396,0.07935483870967742,-0.00768049155145928,0.0,-0.034558445803950795
28,3,1440108,0,190,44.61,0.17,12.3,10.644,0.1696011768551792,-8.07950546313343e-05,0.08399999999999963,-0.0009618458884682698,0.07935483870967742,-0.007680491551459446,0.0,-0.03378010242998771
28,3,1440150,0,190,44.5,0.17,12.2,10.686,0.16778032036613053,-8.102950268831677e-05,0.0860000000000003,-0.0009422035196315871,0.07870967741935483,-0.007501875468867307,0.0,-0.04405604506716626
28,3,1440194,0,190,44.39,0.17,12.2,10.73,0.1658123569794029,-8.230048147203207e-05,0.08500000000000085,-0.0009682409584944852,0.07870967741935483,0.0,-0.11764705882352834,-0.04688191065899897
28,3,1440235,0,190,44.28,0.16,12.2,10.771,0.16379535796011557,-8.463163590226941e-05,0.08300000000000018,-0.0010196582638827617,0.07870967741935483,-0.007773027594247895,-0.1204819277108432,-0.04801159525319242
28,3,1440277,0,190,44.17,0.16,12.1,10.813,0.1618273945733879,-8.77528001995369e-05,0.08399999999999963,-0.0010446761928516344,0.07806451612903226,-0.00768049155145928,0.0,-0.04510499852114709
28,3,1440319,0,190,44.06,0.16,12.1,10.855,0.16000653808433923,-9.108071085941383e-05,0.08399999999999963,-0.0010842941768977885,0.07806451612903226,-0.006912442396313352,0.0,-0.03378010242998771
28,3,1440361,0,190,43.95,0.16,12.01,10.897,0.15898986596926895,-9.385936016213492e-05,0.08399999999999963,-0.0011173733352635158,0.07748387096774194,-0.006912442396313352,0.0,-0.023817307243263395
28,3,1440403,0,190,43.84,0.16,12.01,10.939,0.15800588427590512,-9.539138338981345e-05,0.08399999999999963,-0.0011356117070215937,0.07748387096774194,-0.00768049155145928,-0.11904761904761968,-0.032223415682062204
28,3,1440445,0,190,43.72,0.15,11.91,10.981,0.15628309905197574,-9.527213117314303e-05,0.08300000000000018,-0.001147857002086058,0.07683870967741936,-0.007773027594247895,0.0,-0.04249754821837165
28,3,1440486,0,190,43.61,0.16,11.91,11.022,0.15447858777378026,-9.355111576877029e-05,0.08300000000000018,-0.0011271218767321697,0.07683870967741936,-0.007773027594248062,0.0,-0.04328526922334566
28,3,1440528,0,190,43.5,0.15,11.81,11.064,0.15269042170643804,-9.076386754580312e-05,0.0860000000000003,-0.0010553938086721257,0.07619354838709677,-0.007501875468867307,-0.11627906976744155,-0.040254833240836556
28,3,1440572,0,190,43.39,0.15,11.81,11.108,0.1510166721150683,-8.780347478918849e-05,0.0860000000000003,-0.0010209706370835835,0.07619354838709677,-0.0075018754688671455,0.0,-0.03645362141450653
28,3,1440614,0,190,43.17,0.15,11.71,11.15,0.14955541026479047,-8.564533984004541e-05,0.08399999999999963,-0.0010195873790481641,0.0755483870967742,-0.00768049155145928,0.0,-0.024439981942433332
28,3,1440656,0,190,43.17,0.15,11.71,11.192,0.14896371363190392,-8.500061508567036e-05,0.08399999999999963,-0.001011912084353223,0.0755483870967742,0.0,0.0,-0.02366163856847058
28,3,1440698,0,190,43.06,0.15,11.71,11.234,0.14756783262503895,-8.603171439549583e-05,0.08399999999999963,-0.0010241870761368596,0.0755483870967742,-0.007680491551459446,0.0,-0.03498653465962996
28,3,1440740,0,190,42.95,0.15,11.61,11.276,0.146024844720495,-8.826843765428194e-05,0.08399999999999963,-0.0010508147339795516,0.0749032258064516,-0.007680491551459446,-0.11904761904761935,-0.03732156478151856
28,3,1440782,0,190,42.84,0.14,11.61,11.318,0.1444328211833914,-9.078089110447074e-05,0.08399999999999963,-0.0010807248941008469,0.0749032258064516,-0.00768049155145928,-0.11904761904761935,-0.037321564781518886
28,3,1440824,0,190,42.73,0.14,11.51,11.36,0.14288983327884744,-9.253683974126936e-05,0.08399999999999963,-0.0011016290445389257,0.07425806451612903,-0.00768049155145928,0.0,-0.03498653465962996
28,3,1440866,0,190,42.62,0.14,11.51,11.402,0.1414939522719825,-9.278773932002338e-05,0.0840000000000014,-0.001104615944285974,0.07425806451612903,-0.007680491551459118,0.0,-0.04105761297653931
28,3,1440908,0,190,42.51,0.14,11.41,11.444,0.13944099378881808,-9.13328649433378e-05,0.0860000000000003,-0.0010620100574806684,0.07361290322580645,-0.0075018754688671455,0.0,-0.03763199708066872
28,3,1440952,0,190,42.4,0.14,11.41,11.488,0.13825760052304498,-8.857385092374593e-05,0.08599999999999852,-0.0010299284991133425,0.07361290322580645,-0.007501875468867301,0.0,-0.026760531257364814
28,3,1440994,0,190,42.29,0.14,11.31,11.53,0.13713958810068475,-8.53500705226402e-05,0.08300000000000018,-0.0010283141026824099,0.07296774193548387,-0.007773027594247895,0.0,-0.03584130572633738
28,3,1441035,0,190,42.18,0.14,11.31,11.571,0.13528277214775897,-8.262274570746086e-05,0.08300000000000018,-0.0009954547675597673,0.07296774193548387,0.0,-0.1204819277108432,-0.03525051497260671
28,3,1441077,0,190,42.18,0.13,11.31,11.613,0.13421379535795838,-8.11380133289017e-05,0.08399999999999963,-0.0009659287301059769,0.07296774193548387,-0.00768049155145928,-0.11904761904761968,-0.02564641417207592
28,3,1441119,0,190,41.96,0.13,11.21,11.655,0.1331284733573046,-8.120764237675537e-05,0.08399999999999963,-0.0009667576473423301,0.0723225806451613,-0.00768049155145928,0.0,-0.02486807079811316
28,3,1441161,0,190,41.96,0.13,11.21,11.697,0.13212487741091689,-8.267484895788258e-05,0.0840000000000014,-0.0009842243923557285,0.0723225806451613,-0.007680491551459284,0.0,-0.021754697302261355
28,3,1441203,0,190,41.85,0.13,11.11,11.739,0.13130107878391462,-8.502964554939041e-05,0.0840000000000014,-0.0010122576851117737,0.0716774193548387,-0.007680491551459284,0.0,-0.020392596397826316
28,3,1441245,0,190,41.74,0.13,11.11,11.781,0.13041189931349945,-8.759352394716835e-05,0.08399999999999963,-0.001042780046990104,0.0716774193548387,0.0,0.0,-0.02486807079811316
28,3,1441287,0,190,41.63,0.13,11.11,11.823,0.12921216083687312,-8.972550712058869e-05,0.09499999999999886,-0.0009444790223219975,0.0716774193548387,-0.006791171477079836,0.0,-0.02749436520362686
28,3,1441340,0,190,41.41,0.13,11.01,11.876,0.12779993461915493,-9.102794555596994e-05,0.09699999999999953,-0.0009384324284120658,0.07103225806451613,-0.013302294645826388,0.0,-0.030297617643391193
28,3,1441384,0,190,41.41,0.13,10.91,11.92,0.1262732919254642,-9.14895062810146e-05,0.08800000000000097,-0.0010396534804660636,0.07038709677419355,-0.00733137829912011,-0.1136363636363625,-0.03488216588903
28,3,1441428,0,190,41.3,0.12,10.91,11.964,0.12473030402092025,-9.146511334079754e-05,0.08799999999999919,-0.001039376287963618,0.07038709677419355,0.0,0.0,-0.03413920175933898
28,3,1441472,0,190,41.19,0.13,10.91,12.008,0.12326904217064238,-9.146567365154112e-05,0.08799999999999919,-0.0010393826551311587,0.07038709677419355,-0.007331378299120258,0.0,-0.031167345240571773
28,3,1441516,0,190,41.08,0.12,10.81,12.052,0.12198757763974996,-9.1871611945459e-05,0.08800000000000097,-0.0010439955902892953,0.06974193548387098,-0.00733137829912011,-0.1136363636363625,-0.03621950132247514
28,3,1441560,0,190,40.97,0.12,10.81,12.096,0.12008172605426454,-9.273807031948422e-05,0.08800000000000097,-0.0010538417081759454,0.06974193548387098,-0.0065982404692082565,0.0,-0.043314808761032206
28,3,1441604,0,190,40.86,0.12,10.72,12.14,0.11817587446877909,-9.3779557238717e-05,0.08799999999999919,-0.001065676786803612,0.06916129032258064,-0.00659824046920839,0.0,-0.04257184463134136
28,3,1441648,0,190,40.75,0.12,10.72,12.184,0.11633540372670653,-9.451082079469408e-05,0.08999999999999986,-0.0010501202310521582,0.06916129032258064,-0.007168458781361975,-0.11111111111111123,-0.03944644219243713
28,3,1441694,0,190,40.64,0.11,10.62,12.23,0.11462569467145975,-9.446443333770915e-05,0.08999999999999986,-0.0010496048148634367,0.06851612903225807,-0.007168458781361975,-0.11111111111111123,-0.029602992989720304
28,3,1441738,0,190,40.53,0.11,10.62,12.274,0.11367113435763171,-9.339728501216982e-05,0.08799999999999919,-0.0010613327842292123,0.06851612903225807,-0.0073313782991204154,0.0,-0.022251775684269823
28,3,1441782,0,190,40.42,0.11,10.52,12.318,0.11266753841124402,-9.140947590068116e-05,0.08700000000000152,-0.001050683631042294,0.06787096774193548,-0.007415647015202061,0.0,-0.022507543220869706
28,3,1441825,0,190,40.31,0.11,10.52,12.361,0.11171297809741601,-8.892617642596612e-05,0.08699999999999974,-0.0010221399589191538,0.06787096774193548,-0.007415647015202053,0.0,-0.02025303137904702
28,3,1441869,0,190,40.2,0.11,10.42,12.405,0.11090552468126694,-8.653988270717327e-05,0.08799999999999919,-0.000983407758036069,0.0672258064516129,-0.007331378299120258,0.0,-0.025818003506790792
28,3,1441913,0,190,40.09,0.11,10.42,12.449,0.10944099378881844,-8.477261030639483e-05,0.08800000000000097,-0.0009633251171181124,0.0672258064516129,0.0,0.0,-0.02340337008529151
28,3,1441957,0,190,39.98,0.11,10.42,12.493,0.10884602811376126,-8.387219860350114e-05,0.08800000000000097,-0.0009530931659488662,0.0672258064516129,-0.00733137829912011,0.0,-0.01913132633956363
28,3,1442001,0,190,39.87,0.11,10.32,12.537,0.10775743707093682,-8.375749066151883e-05,0.08699999999999974,-0.0009627297777186101,0.06658064516129032,-0.007415647015202053,0.0,-0.02352207354969127
28,3,1442044,0,190,39.76,0.11,10.32,12.58,0.10679960771493813,-8.414386804851936e-05,0.08499999999999908,-0.000989927859394356,0.06658064516129032,-0.007590132827324515,0.0,-0.020229602138338142
28,3,1442086,0,190,39.65,0.11,10.22,12.622,0.1060379208891781,-8.476071748550851e-05,0.0860000000000003,-0.000985589738203584,0.06593548387096775,-0.0075018754688671455,0.0,-0.008172605426609745
28,3,1442130,0,190,39.54,0.11,10.22,12.666,0.10609676364824969,-8.551220532340409e-05,0.08800000000000097,-0.0009717296059477631,0.06593548387096775,-0.007331378299120267,-0.11363636363636233,-0.008729828523878604
28,3,1442174,0,190,39.54,0.1,10.12,12.71,0.10526969597907677,-8.647747151678508e-05,0.08900000000000041,-0.0009716569833346594,0.06529032258064515,-0.007249003262051547,-0.11235955056179718,-0.02152425519098137
28,3,1442219,0,190,39.43,0.1,10.12,12.755,0.10418110493625234,-8.775865030069774e-05,0.08799999999999919,-0.0009972573897806653,0.06529032258064515,0.0,0.0,-0.026969597907812948
28,3,1442262,0,190,39.32,0.1,10.12,12.798,0.10289637136318926,-8.929256115223794e-05,0.08699999999999974,-0.0010263512776119334,0.06529032258064515,-0.007415647015202053,0.0,-0.03103711302243589
28,3,1442306,0,190,39.21,0.1,10.02,12.842,0.10148087610330042,-9.077293619728267e-05,0.08799999999999919,-0.0010315106386054942,0.06464516129032258,-0.007331378299120258,0.0,-0.03291331094534737
28,3,1442350,0,190,39.1,0.1,10.02,12.886,0.09999999999999871,-9.174981190464671e-05,0.08799999999999919,-0.0010426114989164495,0.06464516129032258,-0.007331378299120258,0.0,-0.03365627507503925
28,3,1442394,0,190,38.99,0.1,9.92,12.93,0.098519123896697,-9.183405512805543e-05,0.08700000000000152,-0.0010555638520465956,0.064,-0.014831294030403805,0.0,-0.03329162486425868
28,3,1442437,0,190,38.88,0.1,9.82,12.973,0.09710362863680816,-9.085737259723636e-05,0.08999999999999986,-0.0010095263621915168,0.06335483870967742,0.0,0.0,-0.030002542588354657
28,3,1442484,0,190,38.77,0.1,9.92,13.02,0.09581889506374508,-8.889586244408499e-05,0.08999999999999986,-0.0009877318049342791,0.064,0.0,0.0,-0.026370273509861347
28,3,1442527,0,190,38.66,0.1,9.82,13.063,0.09473030402092064,-8.619695140292904e-05,0.08699999999999974,-0.000990769556355509,0.06335483870967742,-0.014831294030404106,-0.11494252873563263,-0.015593706905945432
28,3,1442571,0,190,38.55,0.09,9.72,13.107,0.09446224256292783,-8.310924551934207e-05,0.08799999999999919,-0.0009444232445379868,0.06270967741935485,-0.007331378299120258,-0.11363636363636478,-0.005906564831050009
28,3,1442615,0,190,38.44,0.09,9.72,13.151,0.09421052631578825,-8.005209213947495e-05,0.08800000000000097,-0.0009096828652212963,0.06270967741935485,0.0,0.0,-0.014673541561413062
28,3,1442659,0,190,38.33,0.09,9.72,13.195,0.09317097090552347,-7.748963986204593e-05,0.08699999999999974,-0.000890685515655703,0.06270967741935485,-0.007415647015202293,0.0,-0.025776585391514575
28,3,1442702,0,190,38.33,0.09,9.62,13.238,0.09196796338672648,-7.58824161435676e-05,0.08699999999999974,-0.0008722116798111245,0.06206451612903225,-0.007415647015202293,0.0,-0.028782601180612426
28,3,1442746,0,190,38.11,0.09,9.62,13.282,0.0906668846028102,-7.561863621502595e-05,0.08800000000000097,-0.0008593026842616491,0.06206451612903225,-0.006598240469208099,0.0,-0.03629379773544444
28,3,1442790,0,190,38.11,0.09,9.53,13.326,0.08877410918600734,-7.691984045249711e-05,0.08799999999999919,-0.0008740890960511115,0.06148387096774193,-0.006598240469208232,0.0,-0.032764718119409085
28,3,1442834,0,190,37.89,0.09,9.53,13.37,0.08778358940830222,-7.972147853130451e-05,0.08999999999999986,-0.0008857942059033849,0.06148387096774193,0.0,0.0,-0.02128509679997075
28,3,1442880,0,190,37.89,0.09,9.53,13.416,0.08685845047400997,-8.358388196208644e-05,0.08900000000000041,-0.0009391447411470343,0.06148387096774193,-0.0072490032620513905,0.0,-0.019320406536614782
28,3,1442923,0,190,37.78,0.09,9.43,13.459,0.0860640732265435,-8.772574587222336e-05,0.08699999999999974,-0.001008341906577283,0.060838709677419354,-0.007415647015202053,0.0,-0.016007034076946328
28,3,1442967,0,190,37.56,0.09,9.43,13.503,0.08546583850931565,-9.122124003701693e-05,0.08800000000000097,-0.0010366050004206354,0.060838709677419354,-0.00733137829912011,-0.11363636363636233,-0.01062438705459276
28,3,1443011,0,190,37.56,0.08,9.33,13.547,0.08512912716573932,-9.329670168385463e-05,0.08799999999999919,-0.0010601897918619942,0.06019354838709678,-0.007331378299120258,-0.11363636363636463,-0.014190614877113627
28,3,1443055,0,190,37.45,0.08,9.33,13.591,0.08421706440012966,-9.359675310806459e-05,0.08699999999999974,-0.0010758247483685617,0.06019354838709678,-0.007415647015202133,0.0,-0.020779084142139023
28,3,1443098,0,190,37.34,0.08,9.23,13.634,0.08332134684537323,-9.230437238819178e-05,0.08700000000000152,-0.0010609697975654043,0.059548387096774194,-0.007415647015201982,0.0,-0.02002758019486439
28,3,1443142,0,190,37.23,0.08,9.23,13.678,0.08247466492317643,-9.006360224637256e-05,0.08799999999999919,-0.0010234500255269703,0.059548387096774194,-0.007331378299120258,0.0,-0.018314065796903308
28,3,1443186,0,190,37.23,0.08,9.13,13.722,0.08170970905524576,-8.772716193671215e-05,0.08799999999999919,-0.0009968995674626473,0.05890322580645162,-0.007331378299120258,0.11363636363636463,-0.016085173407827665
28,3,1443230,0,190,37.12,0.09,9.13,13.766,0.0810591696632876,-8.602056420003379e-05,0.08999999999999986,-0.0009557840466670436,0.05890322580645162,0.0,0.0,-0.006610729722857871
28,3,1443276,0,190,37.01,0.08,9.13,13.812,0.08111474338018855,-8.526507207824175e-05,0.08900000000000041,-0.0009580345177330489,0.05890322580645162,-0.007249003262051547,-0.11235955056179718,-0.00022038486543686143
28,3,1443319,0,190,36.79,0.08,9.03,13.855,0.08103955541026372,-8.529380583087765e-05,0.08699999999999974,-0.0009803885727687116,0.05825806451612903,-0.007415647015202213,0.0,-0.0024799630260058454
28,3,1443363,0,190,36.68,0.08,9.03,13.899,0.08089898659692604,-8.560129235440072e-05,0.08799999999999919,-0.0009727419585727445,0.05825806451612903,-0.007331378299120258,0.0,-0.0031947457576746332
28,3,1443407,0,190,36.68,0.08,8.93,13.943,0.08075841778358836,-8.563496168324747e-05,0.08800000000000097,-0.0009731245645823469,0.05761290322580645,-0.00733137829912011,0.0,-0.00245178162798286
28,3,1443451,0,190,36.57,0.08,8.93,13.987,0.08068322981366355,-8.506437550216895e-05,0.08699999999999974,-0.0009777514425536689,0.05761290322580645,-0.007415647015202053,0.0,-0.010596205656570039
28,3,1443494,0,190,36.46,0.08,8.83,14.03,0.07983654789146677,-8.38966610959293e-05,0.08699999999999974,-0.0009643294378842476,0.05696774193548387,-0.007415647015202053,0.0,-0.021530588089413726
28,3,1443538,0,190,36.35,0.08,8.83,14.074,0.07881006864988456,-8.240987127815024e-05,0.08800000000000097,-0.0009364758099789697,0.05696774193548387,0.0,0.0,-0.02500074296412911
28,3,1443582,0,190,36.24,0.08,8.83,14.118,0.07763648251062338,-8.098161575961172e-05,0.08900000000000041,-0.0009099057950518128,0.05696774193548387,-0.0072490032620513905,0.0,-0.027658300612302095
28,3,1443627,0,190,36.13,0.08,8.73,14.163,0.07634847989538966,-7.993223162859131e-05,0.08999999999999986,-0.0008881359069843494,0.056322580645161296,-0.007168458781361975,0.0,-0.029530347608150476
28,3,1443672,0,190,36.13,0.08,8.73,14.208,0.07497875122588984,-7.94506100879886e-05,0.08900000000000041,-0.0008927034841346992,0.056322580645161296,-0.007249003262051469,-0.11235955056179718,-0.021193677892826387
28,3,1443716,0,190,36.02,0.07,8.63,14.252,0.0744622425629281,-7.957954212565e-05,0.08799999999999919,-0.0009043129787005765,0.05567741935483871,-0.0073313782991203365,-0.11363636363636463,-0.01790543552557272
28,3,1443760,0,190,35.8,0.07,8.63,14.296,0.07340307289963946,-8.020409080719482e-05,0.08799999999999919,-0.0009114101228090405,0.05567741935483871,0.0,0.0,-0.023514814704746007
28,3,1443804,0,190,35.8,0.07,8.63,14.34,0.07239293886891048,-8.103766029502602e-05,0.08699999999999974,-0.0009314673597129455,0.05567741935483871,-0.007415647015202213,0.0,-0.015856733287491355
28,3,1443847,0,190,35.69,0.07,8.53,14.383,0.07202353710362772,-8.165572581800973e-05,0.08699999999999974,-0.0009385715611265514,0.05503225806451612,-0.007415647015202213,0.0,-0.017171865195221764
28,3,1443891,0,190,35.58,0.07,8.53,14.427,0.07089898659692619,-8.16059548562773e-05,0.08800000000000097,-0.00092734039609405,0.05503225806451612,-0.00733137829912011,0.0,-0.02351481470474553
28,3,1443935,0,190,35.47,0.07,8.43,14.471,0.06995423340961009,-8.055162710611796e-05,0.08800000000000097,-0.0009153593989331486,0.054387096774193545,-0.00733137829912011,0.0,-0.019057029926594648
28,3,1443979,0,190,35.36,0.07,8.43,14.515,0.06922196796338584,-7.837657391450214e-05,0.08699999999999974,-0.0009008801599368089,0.054387096774193545,0.0,0.0,-0.014015548616668943
28,3,1444022,0,190,35.36,0.07,8.43,14.558,0.06873488067995989,-7.522558514693678e-05,0.08899999999999864,-0.0008452312937858195,0.054387096774193545,-0.007249003262051535,0.0,-0.007823662723002032
28,3,1444068,0,190,35.25,0.07,8.33,14.604,0.06852566198103867,-7.150320771320828e-05,0.08999999999999986,-0.0007944800857023155,0.05374193548387097,-0.007168458781361975,0.0,0.005012531328320619
28,3,1444112,0,190,35.13,0.07,8.33,14.648,0.06918600849950875,-6.783680447091811e-05,0.08800000000000097,-0.0007708727780786065,0.05374193548387097,-0.006598240469208099,0.0,0.009027014175755476
28,3,1444156,0,190,35.02,0.07,8.24,14.692,0.06932003922850516,-6.496138361403326e-05,0.08800000000000097,-0.0007381975410685516,0.05316129032258065,-0.006598240469208099,0.0,0.003789117061428314
28,3,1444200,0,190,34.91,0.07,8.24,14.736,0.06951945080091444,-6.349856952422783e-05,0.08699999999999974,-0.0007298686152210118,0.05316129032258065,0.0,0.0,0.0017660342760950065
28,3,1444243,0,190,34.8,0.07,8.24,14.779,0.06947368421052542,-6.370150892225368e-05,0.08699999999999974,-0.0007322012519799296,0.05316129032258065,0.0,-0.11494252873563263,-0.00349449335482631
28,3,1444287,0,190,34.69,0.06,8.24,14.823,0.06921542987904455,-6.532421125991128e-05,0.08800000000000097,-0.0007423205824989837,0.05316129032258065,-0.007331378299120188,0.0,-0.007912567981217755
28,3,1444331,0,190,34.58,0.07,8.14,14.867,0.06877737822817825,-6.77331261370071e-05,0.08799999999999919,-0.0007696946151932696,0.052516129032258066,-0.0073313782991203365,0.11363636363636478,-0.011627388629677007
28,3,1444375,0,190,34.47,0.07,8.14,14.911,0.06819221967963299,-7.021580884813794e-05,0.08799999999999919,-0.0007979069187288476,0.052516129032258066,-0.0073313782991204154,0.0,-0.01459924514844406
28,3,1444419,0,190,34.36,0.07,8.04,14.955,0.06749264465511519,-7.229607784748104e-05,0.08999999999999986,-0.0008032897538609017,0.051870967741935475,-0.0071684587813621295,0.0,-0.016454178925574544
28,3,1444465,0,190,34.36,0.07,8.04,15.001,0.06671134357633128,-7.386845944577126e-05,0.08900000000000041,-0.0008299826904019204,0.051870967741935475,0.0,0.0,-0.018108289776713134
28,3,1444508,0,190,34.25,0.07,8.04,15.044,0.06588100686498771,-7.510341770902685e-05,0.08699999999999974,-0.000863257674816403,0.051870967741935475,-0.007415647015201973,-0.11494252873563263,-0.019276076247590417
28,3,1444552,0,190,34.14,0.06,7.94,15.088,0.06503432494279092,-7.622027325488822e-05,0.08799999999999919,-0.0008661394688055559,0.051225806451612906,-0.007331378299120179,0.0,-0.019057029926595193
28,3,1444596,0,190,34.03,0.07,7.94,15.132,0.06420398823144735,-7.727558126827016e-05,0.08800000000000097,-0.0008781316053212422,0.051225806451612906,0.0,0.0,-0.01831406579690294
28,3,1444640,0,190,33.92,0.06,7.94,15.176,0.06342268715266344,-7.807729885343395e-05,0.08800000000000097,-0.0008872420324253761,0.051225806451612906,-0.007331378299120188,-0.1136363636363625,-0.016828137537519206
28,3,1444684,0,190,33.81,0.06,7.84,15.22,0.06272311212814564,-7.826292563548698e-05,0.08799999999999919,-0.0008893514276759965,0.05058064516129032,-0.0073313782991203365,0.0,-0.014599245148444217
28,3,1444728,0,190,33.81,0.06,7.84,15.264,0.062137953579600363,-7.749700187199782e-05,0.08699999999999974,-0.0008907701364597476,0.05058064516129032,-0.007415647015202053,0.0,-0.022131791247233454
28,3,1444771,0,190,33.7,0.06,7.74,15.307,0.06079764628963634,-7.567409333663112e-05,0.08700000000000152,-0.0008698171647888482,0.049935483870967745,-0.007415647015201902,0.0,-0.022695419207688697
28,3,1444815,0,190,33.59,0.06,7.74,15.351,0.06016345210853141,-7.301220038361755e-05,0.10099999999999909,-0.0007228930731051307,0.049935483870967745,0.0,0.0,-0.010778129136875723
28,3,1444872,0,190,33.48,0.06,7.74,15.408,0.0597090552468119,-7.000114663151713e-05,0.10099999999999909,-0.0006930806597179977,0.049935483870967745,-0.006387735547748411,0.0,-0.006894118637100619
28,3,1444916,0,190,33.37,0.06,7.64,15.452,0.059467146126184256,-6.725793230876765e-05,0.08699999999999974,-0.0007730796817099752,0.04929032258064516,-0.007415647015202133,0.0,-0.0027429894075517674
28,3,1444959,0,190,33.26,0.06,7.64,15.495,0.0594704151683549,-6.536351146806662e-05,0.08699999999999974,-0.0007513047295180093,0.04929032258064516,0.0,0.0,0.003269042170643931
28,3,1445003,0,190,33.15,0.06,7.64,15.539,0.05975155279503028,-6.47258442231342e-05,0.08800000000000097,-0.0007355209570810624,0.04929032258064516,-0.007331378299120188,0.0,0.006018009450503598
28,3,1445047,0,190,33.04,0.06,7.54,15.583,0.05999999999999922,-6.548547979960073e-05,0.08800000000000097,-0.0007441531795409092,0.04864516129032258,-0.007331378299120188,0.0,0.011998870694522469
28,3,1445091,0,190,33.04,0.06,7.54,15.627,0.060807453416148266,-6.746830367332635e-05,0.08699999999999974,-0.0007754977433715696,0.04864516129032258,0.0,0.0,0.008942896972566141
28,3,1445134,0,190,32.93,0.06,7.54,15.67,0.06077803203661247,-7.018899508685105e-05,0.08699999999999974,-0.0008067700584695547,0.04864516129032258,-0.007415647015202053,0.0,-0.009919852104023063
28,3,1445178,0,190,32.82,0.06,7.44,15.714,0.05994442628309826,-7.291608714474496e-05,0.08799999999999919,-0.0008285918993721094,0.048,-0.007331378299120258,0.0,-0.011478795803738567
28,3,1445222,0,190,32.71,0.06,7.44,15.758,0.05976789800588349,-7.481139468082887e-05,0.08999999999999986,-0.0008312377186758777,0.048,0.0,0.0,-0.006283825505793345
28,3,1445268,0,190,32.6,0.06,7.44,15.804,0.05937888198757686,-7.514062426742107e-05,0.09000000000000163,-0.0008348958251935523,0.048,-0.007168458781361911,0.0,-0.01064254839998501
28,3,1445312,0,190,32.6,0.06,7.34,15.848,0.05881006864988482,-7.352065273411056e-05,0.08699999999999974,-0.0008450649739552964,0.04735483870967742,-0.007415647015202133,0.0,-0.021192411313140237
28,3,1445355,0,190,32.38,0.06,7.34,15.891,0.05753514220333367,-7.012295947797131e-05,0.08699999999999974,-0.0008060110284824312,0.04735483870967742,-0.007415647015202053,0.0,-0.02062878335268437
28,3,1445399,0,190,32.38,0.06,7.24,15.935,0.057015364498201285,-6.571689773687073e-05,0.08799999999999919,-0.0007467829288280833,0.04670967741935484,-0.007331378299120258,0.0,-0.013113316889060455
28,3,1445443,0,190,32.27,0.06,7.24,15.979,0.05638117031709636,-6.147332736384392e-05,0.08799999999999919,-0.0006985605382255055,0.04670967741935484,0.0,-0.11363636363636463,-0.021694552587000954
28,3,1445487,0,190,32.16,0.05,7.24,16.023,0.05510624387054522,-5.857577501920197e-05,0.08699999999999974,-0.0006732847703356568,0.04670967741935484,0.0,-0.11494252873563246,-0.019877279405409908
28,3,1445530,0,190,32.05,0.05,7.24,16.066,0.0546518470088257,-5.7812601813518326e-05,0.08699999999999974,-0.0006645126645232011,0.04670967741935484,-0.007415647015202133,0.0,-0.011009532827571092
28,3,1445574,0,190,32.05,0.05,7.14,16.11,0.054148414514546536,-5.933217220269516e-05,0.08800000000000097,-0.0006742292295760739,0.04606451612903226,-0.007331378299120188,0.11363636363636233,-0.011627388629676615
28,3,1445618,0,190,31.94,0.06,7.14,16.154,0.05362863680941415,-6.262852211957171e-05,0.08999999999999986,-0.0006958724679952423,0.04606451612903226,0.0,0.0,-0.011369002215684099
28,3,1445664,0,190,31.83,0.05,7.14,16.2,0.05312520431513497,-6.670552051314527e-05,0.08999999999999986,-0.0007411724501460598,0.04606451612903226,-0.007168458781361975,-0.11111111111111123,-0.010642548399985375
28,3,1445708,0,190,31.72,0.05,7.04,16.244,0.052670807453415465,-7.033387853126349e-05,0.08699999999999974,-0.0008084353854168241,0.04541935483870968,-0.007415647015202053,0.0,-0.00950652493302201
28,3,1445751,0,190,31.61,0.05,7.04,16.287,0.05229813664596206,-7.23408941013508e-05,0.08699999999999974,-0.0008315045299005865,0.04541935483870968,0.0,0.11494252873563246,-0.007252013091198701
28,3,1445795,0,190,31.5,0.06,7.04,16.331,0.05203988231448118,-7.189753198360549e-05,0.08800000000000097,-0.0008170174089045988,0.04541935483870968,-0.0065982404692081775,0.0,-0.004197747332758738
28,3,1445839,0,190,31.39,0.05,6.95,16.375,0.051928734880679284,-6.876899861066655e-05,0.08800000000000097,-0.0007814658933030204,0.044838709677419354,-0.0065982404692081775,-0.11363636363636233,-0.00048292668429964224
28,3,1445883,0,190,31.39,0.05,6.95,16.419,0.05199738476626281,-6.346648495100027e-05,0.08699999999999974,-0.0007294998270229938,0.044838709677419354,-0.007415647015202133,0.11494252873563246,0.0040205461179184734
28,3,1445926,0,190,31.28,0.06,6.85,16.462,0.05227852239293819,-5.720181856850548e-05,0.08699999999999974,-0.0006574921674540879,0.04419354838709677,-0.007415647015202133,0.0,-0.0010896807235480303
28,3,1445970,0,190,31.17,0.05,6.85,16.506,0.05190258254331413,-5.157417345835391e-05,0.08800000000000097,-0.0005860701529358334,0.04419354838709677,0.0,-0.11363636363636233,-0.009658533685993398
28,3,1446014,0,190,31.06,0.05,6.85,16.55,0.05142857142857076,-4.804639279322043e-05,0.09100000000000108,-0.0005279823383870314,0.04419354838709677,0.0,0.0,-0.011495532907758791
28,3,1446061,0,190,30.95,0.05,6.85,16.597,0.05085648904870807,-4.7422226625407406e-05,0.08999999999999986,-0.0005269136291711943,0.04419354838709677,0.0,0.0,-0.003777559841633036
28,3,1446104,0,190,30.95,0.05,6.85,16.64,0.05108859104282379,-4.957750060624111e-05,0.08699999999999974,-0.0005698563288073707,0.04419354838709677,-0.007415647015202053,0.0,-0.0018411846708224927
28,3,1446148,0,190,30.84,0.05,6.75,16.684,0.050696305982346514,-5.356827350834248e-05,0.08800000000000097,-0.0006087303807766124,0.043548387096774194,-0.00733137829912011,0.0,-0.009658533685993398
28,3,1446192,0,190,30.73,0.05,6.75,16.728,0.05023864007845636,-5.803270910671721e-05,0.08799999999999741,-0.0006594626034854422,0.043548387096774194,0.0,0.0,-0.011144461945377502
28,3,1446236,0,190,30.62,0.05,6.75,16.772,0.04971559333115332,-6.168047883507644e-05,0.08699999999999974,-0.0007089710210928347,0.043548387096774194,-0.007415647015202053,0.0,-0.0024048126312782793
28,3,1446279,0,190,30.51,0.05,6.65,16.815,0.05002942137953515,-6.36808688934094e-05,0.0870000000000033,-0.0007319640102690458,0.04290322580645162,-0.0074156470152017505,0.0,0.0004133271710010371
28,3,1446323,0,190,30.51,0.05,6.65,16.859,0.049751552795030414,-6.384664469286693e-05,0.08799999999999741,-0.0007255300533280547,0.04290322580645162,0.0,0.0,-0.006686677167226438
28,3,1446367,0,190,30.4,0.05,6.65,16.903,0.04944099378881924,-6.259121249300659e-05,0.08799999999999741,-0.0007112637783296413,0.04290322580645162,-0.007331378299120485,0.0,0.002823263692828986
28,3,1446411,0,190,30.29,0.05,6.55,16.947,0.04999999999999936,-6.0697511011099435e-05,0.08999999999999986,-0.0006744167890122171,0.04225806451612903,-0.007168458781362052,0.0,0.006211180124223519
28,3,1446457,0,190,30.18,0.05,6.55,16.993,0.04999999999999936,-5.898119529447676e-05,0.08900000000000219,-0.0006627100594884867,0.04225806451612903,0.0,0.0,0.0
28,3,1446500,0,190,30.07,0.05,6.55,17.036,0.04999999999999936,-5.7962890650694376e-05,0.08699999999999974,-0.0006662401224217764,0.04225806451612903,0.0,0.0,0.0
28,3,1446544,0,190,30.07,0.05,6.55,17.08,0.04999999999999936,-5.768018779320805e-05,0.08799999999999741,-0.0006554566794682926,0.04225806451612903,-0.007331378299120485,0.0,0.0
28,3,1446588,0,190,29.96,0.05,6.45,17.124,0.04999999999999936,-5.7727915814369976e-05,0.0870000000000033,-0.0006635392622341125,0.04161290322580645,-0.00741564701520183,0.0,0.0
28,3,1446631,0,190,29.85,0.05,6.45,17.167,0.04999999999999936,-5.7501143762959115e-05,0.08699999999999974,-0.0006609326869305665,0.04161290322580645,0.0,0.0,0.0
28,3,1446675,0,190,29.74,0.05,6.45,17.211,0.04999999999999936,-5.6510285925081225e-05,0.08799999999999741,-0.0006421623400577601,0.04161290322580645,-0.007331378299120485,0.0,0.0
28,3,1446719,0,190,29.63,0.05,6.35,17.255,0.04999999999999936,-5.462194048729962e-05,0.08800000000000097,-0.0006207038691738525,0.040967741935483866,-0.007331378299120188,0.0,0.006352343308864883
28,3,1446763,0,190,29.63,0.05,6.35,17.299,0.05055900621117947,-5.2136660428092616e-05,0.08699999999999974,-0.0005992719589435951,0.040967741935483866,0.0,0.0,0.0028557149996428772
28,3,1446806,0,190,29.52,0.05,6.35,17.342,0.05024844720496829,-4.969650293260486e-05,0.08900000000000219,-0.0005583876734000408,0.040967741935483866,0.0,0.0,-0.006611545963100019
28,3,1446852,0,190,29.41,0.05,6.35,17.388,0.04997057862046356,-4.8088862154171966e-05,0.08999999999999986,-0.0005343206906019116,0.040967741935483866,-0.007168458781361975,0.0,-0.005811630525589168
28,3,1446896,0,190,29.3,0.05,6.25,17.432,0.04972540045766526,-4.80326847586916e-05,0.08799999999999741,-0.000545825963166966,0.04032258064516129,-0.007331378299120406,0.0,0.001151594401022416
28,3,1446940,0,190,29.3,0.05,6.25,17.476,0.05007191892775353,-4.99868731183355e-05,0.08800000000000097,-0.000568032649071988,0.04032258064516129,0.0,0.0,-0.0016345210853220117
28,3,1446984,0,190,29.19,0.05,6.25,17.52,0.049581562602156924,-5.398686771705563e-05,0.08699999999999974,-0.0006205387093914459,0.04032258064516129,0.0,0.0,-0.004095696512645959
28,3,1447027,0,190,29.08,0.05,6.25,17.563,0.04971559333115333,-5.954875429275486e-05,0.08699999999999974,-0.0006844684401466095,0.04032258064516129,-0.007415647015202053,0.0,-0.006162332367650671
28,3,1447071,0,190,28.97,0.05,6.15,17.607,0.04904543968617132,-6.571039153494595e-05,0.08800000000000097,-0.0007467089947152867,0.03967741935483871,-0.00733137829912011,0.0,-0.014116318464144201
28,3,1447115,0,190,28.86,0.05,6.15,17.651,0.048473357306308626,-7.123274263745572e-05,0.08800000000000097,-0.0008094629845165333,0.03967741935483871,0.0,0.0,-0.011887426075068918
28,3,1447159,0,190,28.86,0.05,6.15,17.695,0.04799934619156524,-7.490900872691686e-05,0.08699999999999974,-0.0008610230888151389,0.03967741935483871,-0.007415647015202133,-0.11494252873563254,-0.00976955131456825
28,3,1447202,0,190,28.75,0.04,6.05,17.738,0.04762340634194119,-7.589374968627194e-05,0.08899999999999864,-0.0008527387605199224,0.03903225806451613,-0.0072490032620516134,0.0,-0.001065193516277223
28,3,1447248,0,190,28.75,0.05,6.05,17.784,0.04790454396861657,-7.395465784122379e-05,0.08999999999999986,-0.0008217184204580434,0.03903225806451613,-0.007168458781361975,0.11111111111111131,-0.002324652210235667
28,3,1447292,0,190,28.64,0.05,5.95,17.828,0.04741418764301998,-6.954614070529441e-05,0.08800000000000097,-0.000790297053469246,0.03838709677419355,-0.00733137829912011,0.0,-0.009658533685993398
28,3,1447336,0,190,28.42,0.05,5.95,17.872,0.04705459300424914,-6.364958523805076e-05,0.08699999999999974,-0.0007316044280235741,0.03838709677419355,0.0,-0.11494252873563254,-0.0003381767762734881
28,3,1447379,0,190,28.42,0.04,5.95,17.915,0.04738476626348419,-5.744007526796402e-05,0.08800000000000097,-0.0006527281280450385,0.03838709677419355,0.0,0.0,0.005460786353234817
28,3,1447424,0,190,28.31,0.05,5.95,17.96,0.04753514220333381,-5.1943114485579756e-05,0.08900000000000219,-0.0005836304998379604,0.03838709677419355,-0.007249003262051324,0.0,0.001726348112587206
28,3,1447468,0,190,28.2,0.04,5.85,18.004,0.04753841124550445,-4.783248745007196e-05,0.08799999999999741,-0.0005435509937508336,0.03774193548387097,-0.007331378299120485,0.0,-0.007578234122856698
28,3,1447512,0,190,28.2,0.05,5.85,18.048,0.04686825760052244,-4.540023120707914e-05,0.08699999999999974,-0.0005218417380124055,0.03774193548387097,0.0,0.11494252873563254,-0.0127755671036661
28,3,1447555,0,190,28.09,0.05,5.85,18.091,0.046426936907485505,-4.462939932416621e-05,0.0870000000000033,-0.0005129816014271784,0.03774193548387097,0.0,0.0,-0.0010896807235479856
28,3,1447599,0,190,27.98,0.05,5.85,18.135,0.04677345537757376,-4.529966931953666e-05,0.08999999999999986,-0.0005033296591059637,0.03774193548387097,-0.007168458781362052,0.0,0.006792343176782436
28,3,1447645,0,190,27.87,0.05,5.75,18.181,0.047038247793395924,-4.709057273821493e-05,0.08999999999999986,-0.0005232285859801668,0.037096774193548385,-0.007168458781362052,-0.11111111111111131,-0.004685627111256324
28,3,1447689,0,190,27.87,0.04,5.75,18.225,0.046351748937560694,-4.9646100165805506e-05,0.08799999999999741,-0.0005641602291568973,0.037096774193548385,0.0,0.0,-0.00980712651193215
28,3,1447733,0,190,27.76,0.05,5.75,18.269,0.04617522066034592,-5.25723002182259e-05,0.08699999999999974,-0.000604279312853173,0.037096774193548385,0.0,0.11494252873563254,-0.004245997302100772
28,3,1447776,0,190,27.65,0.05,5.75,18.312,0.04598234717227793,-5.5401749307646855e-05,0.0870000000000033,-0.0006368017161798247,0.037096774193548385,-0.006674082313681575,-0.11494252873562785,-0.004245997302100678
28,3,1447820,0,190,27.54,0.04,5.66,18.356,0.04580581889506315,-5.760473733314786e-05,0.08799999999999741,-0.0006545992878766994,0.036516129032258066,-0.006598240469208365,-0.113636363636367,-0.013707688192814253
28,3,1447864,0,190,27.43,0.04,5.66,18.4,0.04477607061131031,-5.868487620957907e-05,0.08799999999999741,-0.0006668735932906909,0.036516129032258066,0.0,0.0,-0.01649380367915859
28,3,1447908,0,190,27.43,0.04,5.66,18.444,0.044354364171297234,-5.831790594069464e-05,0.08699999999999974,-0.0006703207579390208,0.036516129032258066,-0.007415647015202133,0.11494252873563254,-0.019125775458135524
28,3,1447951,0,190,27.32,0.05,5.56,18.487,0.04311212814645252,-5.646021888635566e-05,0.08699999999999974,-0.0006489680331765037,0.03587096774193548,-0.007415647015202133,0.11494252873563254,-0.021192411313140157
28,3,1447995,0,190,27.21,0.05,5.56,18.531,0.042510624387054045,-5.337416809083706e-05,0.09000000000000341,-0.0005930463121203893,0.03587096774193548,0.0,-0.11111111111110693,-0.01209545603138219
28,3,1448041,0,190,27.1,0.04,5.56,18.577,0.042023537103628085,-4.956385902102767e-05,0.08999999999999986,-0.0005507095446780861,0.03587096774193548,0.0,-0.11111111111111131,-0.00918964076858816
28,3,1448085,0,190,27.1,0.04,5.56,18.621,0.04168355671788111,-4.566476981086698e-05,0.08799999999999741,-0.0005189178387598673,0.03587096774193548,-0.007331378299120406,0.0,-0.005683675592142464
28,3,1448129,0,190,26.99,0.04,5.46,18.665,0.04152337365151956,-4.233593709706884e-05,0.08699999999999974,-0.0004866199666329766,0.035225806451612905,-0.007415647015202053,0.0,-0.011610735985390502
28,3,1448172,0,190,26.88,0.04,5.46,18.708,0.04067342268715214,-4.015246220452884e-05,0.08699999999999974,-0.00046152255407504546,0.035225806451612905,0.0,0.0,-0.010671356051297445
28,3,1448216,0,190,26.77,0.04,5.46,18.752,0.04059496567505669,-3.947178858031819e-05,0.08800000000000097,-0.0004485430520490654,0.035225806451612905,0.0,0.0,0.0010030015750838541
28,3,1448260,0,190,26.77,0.04,5.46,18.796,0.04076168682575952,-4.030805539473903e-05,0.08699999999999974,-0.00046331098154872585,0.035225806451612905,0.0,0.0,-0.003344192565371497
28,3,1448303,0,190,26.66,0.04,5.46,18.839,0.04030402092186937,-4.231031373254446e-05,0.08699999999999974,-0.0004863254452016619,0.035225806451612905,-0.007415647015202133,0.0,-0.011272559209117015
28,3,1448347,0,190,26.55,0.04,5.36,18.883,0.039780974174566344,-4.489190495714634e-05,0.08800000000000097,-0.0005101352836039302,0.03458064516129032,-0.007331378299120188,0.0,-0.01898273351362551
28,3,1448391,0,190,26.43,0.04,5.36,18.927,0.038633540372670305,-4.7439654455777356e-05,0.08999999999999986,-0.0005271072717308603,0.03458064516129032,0.0,0.0,-0.006538084341288045
28,3,1448437,0,190,26.43,0.04,5.36,18.973,0.03919254658385042,-4.948437341405309e-05,0.08999999999999986,-0.0005498263712672575,0.03458064516129032,0.0,0.0,0.015509788965166341
28,3,1448481,0,190,26.32,0.04,5.36,19.017,0.040029421379535274,-5.0780513851922396e-05,0.08699999999999974,-0.0005836840672634776,0.03458064516129032,-0.007415647015202133,0.0,0.01243739032739261
28,3,1448524,0,190,26.21,0.04,5.26,19.06,0.040274599542333575,-5.131574486360435e-05,0.08699999999999974,-0.0005898361478575229,0.03393548387096774,-0.007415647015202133,0.0,0.005260527630921316
28,3,1448568,0,190,26.21,0.04,5.26,19.104,0.04048708728342543,-5.126990348195193e-05,0.08800000000000097,-0.0005826125395676292,0.03393548387096774,0.0,0.0,0.004457784778150883
28,3,1448612,0,190,26.1,0.04,5.26,19.148,0.04066688460281086,-5.092465387354839e-05,0.08800000000000097,-0.0005786892485630435,0.03393548387096774,0.0,0.0,0.003714820648459017
28,3,1448656,0,190,25.99,0.04,5.26,19.192,0.040813991500489824,-5.055347467601656e-05,0.08699999999999974,-0.0005810744215634105,0.03393548387096774,-0.007415647015202053,0.0,0.0030060157890978495
28,3,1448699,0,190,25.99,0.04,5.16,19.235,0.04092840797646237,-5.034351743202237e-05,0.08699999999999974,-0.0005786611199083048,0.03329032258064516,-0.007415647015202053,0.0,0.0022545118418234667
28,3,1448743,0,190,25.88,0.04,5.16,19.279,0.041010134030728465,-5.036273699196858e-05,0.08800000000000097,-0.0005723038294541821,0.03329032258064516,0.0,0.0,0.0014859282593834965
28,3,1448787,0,190,25.77,0.04,5.16,19.323,0.04105916966328812,-5.054848644113008e-05,0.09100000000000108,-0.0005554778729794448,0.03329032258064516,0.0,0.10989010989010861,0.0007184708067349911
28,3,1448834,0,190,25.66,0.05,5.16,19.37,0.04107551487414135,-5.071662650296549e-05,0.09100000000000108,-0.000557325565966647,0.03329032258064516,-0.007089684509039297,0.0,0.0
28,3,1448878,0,190,25.66,0.04,5.06,19.414,0.04105916966328812,-5.0614420003308066e-05,0.08799999999999741,-0.0005751638636739722,0.03264516129032258,-0.007331378299120485,-0.113636363636367,-0.0007429641296918965
28,3,1448922,0,190,25.55,0.04,5.06,19.458,0.041010134030728465,-5.000683910334569e-05,0.08799999999999741,-0.0005682595352653086,0.03264516129032258,0.0,0.0,-0.0014859282593835564
28,3,1448966,0,190,25.44,0.04,5.06,19.502,0.04092840797646237,-4.8752076392297283e-05,0.0870000000000033,-0.0005603686941643153,0.03264516129032258,0.0,0.0,-0.0022545118418233747
28,3,1449009,0,190,25.33,0.04,5.06,19.545,0.040813991500489824,-4.684694931814004e-05,0.08699999999999974,-0.0005384706818177032,0.03264516129032258,-0.007415647015202053,0.0,-0.0030060157890978495
28,3,1449053,0,190,25.33,0.04,4.96,19.589,0.04066688460281086,-4.4450674828317104e-05,0.08799999999999741,-0.0005051213048672547,0.032,-0.007331378299120406,0.0,-0.003714820648459167
28,3,1449097,0,190,25.22,0.04,4.96,19.633,0.04048708728342543,-4.187187326936126e-05,0.08800000000000097,-0.0004758167416972818,0.032,0.0,0.0,-0.004457784778150883
28,3,1449141,0,190,25.11,0.04,4.96,19.677,0.040274599542333575,-3.949168708690554e-05,0.08699999999999974,-0.00045392743778052474,0.032,0.0,0.0,-0.005260527630921316
28,3,1449184,0,190,25.11,0.04,4.96,19.72,0.040029421379535274,-3.765483557442195e-05,0.08899999999999864,-0.0004230880401620509,0.032,0.0,0.0,-0.005876929744978047
28,3,1449230,0,190,25.0,0.04,4.96,19.766,0.03975155279503054,-3.661358806025294e-05,0.08999999999999986,-0.0004068176451139222,0.032,-0.007168458781361975,0.0,-0.006538084341287891
28,3,1449274,0,190,24.89,0.04,4.86,19.81,0.039440993788819365,-3.6556240612202194e-05,0.08800000000000097,-0.00041541182513865675,0.031354838709677424,-0.00733137829912011,0.0,0.002823263692828872
28,3,1449318,0,190,24.89,0.04,4.86,19.854,0.03999999999999948,-3.764100573571927e-05,0.08800000000000097,-0.0004277387015422597,0.031354838709677424,0.0,0.0,0.006352343308864883
28,3,1449362,0,190,24.78,0.04,4.86,19.898,0.03999999999999948,-3.993667417306046e-05,0.08699999999999974,-0.00045904223187425954,0.031354838709677424,0.0,0.0,0.0
28,3,1449405,0,190,24.67,0.04,4.86,19.941,0.03999999999999948,-4.3283465585341574e-05,0.08699999999999974,-0.0004975110986820885,0.031354838709677424,0.0,0.0,0.0
28,3,1449449,0,190,24.67,0.04,4.86,19.985,0.03999999999999948,-4.7198802430510335e-05,0.08800000000000097,-0.0005363500276194297,0.031354838709677424,-0.007331378299120228,0.0,0.0
28,3,1449493,0,190,24.56,0.04,4.76,20.029,0.03999999999999948,-5.0930003036010694e-05,0.08800000000000097,-0.0005787500345001152,0.030709677419354837,-0.007331378299120228,0.0,0.0
28,3,1449537,0,190,24.45,0.04,4.76,20.073,0.03999999999999948,-5.363710690410173e-05,0.08699999999999974,-0.0006165184701620906,0.030709677419354837,0.0,0.0,0.0
28,3,1449580,0,190,24.45,0.04,4.76,20.116,0.03999999999999948,-5.461982334919302e-05,0.08899999999999864,-0.0006137058803280209,0.030709677419354837,0.0,0.0,0.0
28,3,1449626,0,190,24.34,0.04,4.76,20.162,0.03999999999999948,-5.353068404048944e-05,0.08999999999999986,-0.0005947853782276613,0.030709677419354837,-0.007168458781361975,0.0,0.0
28,3,1449670,0,190,24.34,0.04,4.66,20.206,0.03999999999999948,-5.054234910840094e-05,0.08800000000000097,-0.0005743448762318225,0.03006451612903226,-0.00733137829912011,0.0,0.0
28,3,1449714,0,190,24.23,0.04,4.66,20.25,0.03999999999999948,-4.63925200141988e-05,0.08800000000000097,-0.0005271877274340715,0.03006451612903226,-0.007331378299120188,0.0,0.0
28,3,1449758,0,190,24.12,0.04,4.56,20.294,0.03999999999999948,-4.220443072117508e-05,0.08699999999999974,-0.0004851083990939679,0.029419354838709676,0.0,0.0,0.0
28,3,1449801,0,190,24.01,0.04,4.66,20.337,0.03999999999999948,-3.908757035278132e-05,0.08699999999999974,-0.0004492824178480625,0.03006451612903226,0.007415647015202133,0.0,0.0
28,3,1449845,0,190,24.01,0.04,4.66,20.381,0.03999999999999948,-3.7702507476044645e-05,0.08800000000000097,-0.0004284375849550481,0.03006451612903226,-0.007331378299120188,0.0,0.0
28,3,1449889,0,190,23.9,0.04,4.56,20.425,0.03999999999999948,-3.803318986202697e-05,0.08699999999999974,-0.00043716310186238025,0.029419354838709676,-0.007415647015202133,0.0,0.0
28,3,1449932,0,190,23.79,0.04,4.56,20.468,0.03999999999999948,-3.9470403069149285e-05,0.08699999999999974,-0.00045368279389826897,0.029419354838709676,0.0,0.0,0.0
28,3,1449976,0,190,23.79,0.04,4.56,20.512,0.03999999999999948,-4.111758038558477e-05,0.08999999999999986,-0.000456862004284276,0.029419354838709676,0.0,0.0,0.0
28,3,1450022,0,190,23.68,0.04,4.56,20.558,0.03999999999999948,-4.2156006912123625e-05,0.08999999999999986,-0.00046840007680137434,0.029419354838709676,-0.007168458781362013,0.0,0.0
28,3,1450066,0,190,23.57,0.04,4.46,20.602,0.03999999999999948,-4.213582179794262e-05,0.08800000000000097,-0.0004788161567947972,0.028774193548387096,-0.007331378299120149,0.0,0.0
28,3,1450110,0,190,23.57,0.04,4.46,20.646,0.03999999999999948,-4.10969050758867e-05,0.08699999999999974,-0.00047237821926306693,0.028774193548387096,0.0,0.0,0.0
28,3,1450153,0,190,23.46,0.04,4.46,20.689,0.03999999999999948,-3.947821202327351e-05,0.08800000000000097,-0.0004486160457190122,0.028774193548387096,0.0,0.0,0.0
28,3,1450198,0,190,23.35,0.04,4.46,20.734,0.03999999999999948,-3.788093610927046e-05,0.08899999999999864,-0.000425628495609787,0.028774193548387096,0.0,0.0,0.0
28,3,1450242,0,190,23.24,0.04,4.46,20.778,0.03999999999999948,-3.683195859614497e-05,0.08799999999999741,-0.0004185449840471142,0.028774193548387096,-0.006598240469208405,0.0,0.006352343308865139
28,3,1450286,0,190,23.24,0.04,4.37,20.822,0.040559006211179596,-3.665117769988502e-05,0.08699999999999974,-0.0004212779045963808,0.028193548387096774,-0.006674082313681888,0.0,0.002855714999643037
28,3,1450329,0,190,23.13,0.04,4.37,20.865,0.040248447204968424,-3.740744738345736e-05,0.08699999999999974,-0.0004299706595799709,0.028193548387096774,0.0,0.0,-0.0003381767762734881
28,3,1450373,0,190,23.13,0.04,4.37,20.909,0.0405295848316438,-3.88983872582509e-05,0.08999999999999986,-0.0004322043028694551,0.028193548387096774,0.0,0.0,0.003160074098289129
28,3,1450419,0,190,23.02,0.04,4.37,20.955,0.040532853873814445,-4.065527968270022e-05,0.08999999999999986,-0.00045172532980778096,0.028193548387096774,0.0,0.0,-0.008862736551523557
28,3,1450463,0,190,22.91,0.04,4.37,20.999,0.039731938542006684,-4.204133725379755e-05,0.0870000000000033,-0.0004832337615378845,0.028193548387096774,-0.00741564701520183,0.0,-0.017284590787312246
28,3,1450506,0,190,22.91,0.04,4.27,21.042,0.03902909447531822,-4.246503453863682e-05,0.08699999999999974,-0.000488103845271689,0.02754838709677419,-0.007415647015202133,0.0,-0.015030078945489566
28,3,1450550,0,190,22.8,0.04,4.27,21.086,0.038424321673749096,-4.16147795097519e-05,0.08799999999999741,-0.00047289522170174,0.02754838709677419,0.0,0.0,-0.012630390204761057
28,3,1450594,0,190,22.69,0.04,4.27,21.13,0.03791762013729928,-3.958089896621164e-05,0.08800000000000097,-0.0004497829427978546,0.02754838709677419,0.0,0.0,-0.010401497815685185
28,3,1450638,0,190,22.69,0.04,4.27,21.174,0.03750898986596879,-3.681274098676468e-05,0.08699999999999974,-0.00042313495387085966,0.02754838709677419,-0.007415647015202053,0.0,-0.008266543420019245
28,3,1450681,0,190,22.58,0.04,4.17,21.217,0.03719843085975761,-3.3961283547055744e-05,0.08699999999999974,-0.00039035958100064186,0.026903225806451613,0.0,-0.11494252873563254,-0.0060120315781958585
28,3,1450725,0,190,22.58,0.03,4.27,21.261,0.03698594311866575,-3.16873680469163e-05,0.08800000000000097,-0.0003600837278058631,0.02754838709677419,0.0,0.0,-0.003714820648459017
28,3,1450769,0,190,22.47,0.04,4.17,21.305,0.03687152664269321,-3.0491530758138374e-05,0.08999999999999986,-0.000338794786201538,0.026903225806451613,-0.007168458781361975,0.0,-0.001452907631397292
28,3,1450815,0,190,22.36,0.03,4.17,21.351,0.036855181431839995,-3.059578614575642e-05,0.08999999999999986,-0.00033995317939729405,0.026903225806451613,0.0,-0.11111111111111131,0.006937633939922165
28,3,1450859,0,190,22.25,0.03,4.17,21.395,0.03749591369728621,-3.189580287942917e-05,0.08699999999999974,-0.00036661842390148583,0.026903225806451613,0.0,0.11494252873563254,0.012287089537937718
28,3,1450902,0,190,22.25,0.04,4.17,21.438,0.03792415822164057,-3.4003283679616025e-05,0.08699999999999974,-0.0003908423411450129,0.026903225806451613,0.0,0.11494252873563254,0.0013527071050941119
28,3,1450946,0,190,22.14,0.04,4.17,21.482,0.037613599215429394,-3.639076318586554e-05,0.08800000000000097,-0.0004135313998393766,0.026903225806451613,-0.007331378299120149,0.0,-0.0052007489078426715
28,3,1450990,0,190,22.14,0.04,4.07,21.526,0.03746649231775041,-3.859598068795389e-05,0.08699999999999974,-0.0004436319619305058,0.026258064516129033,-0.007415647015202093,0.0,-0.0015030078945490045
28,3,1451033,0,190,22.03,0.04,4.07,21.569,0.03748283752860363,-4.037167524897889e-05,0.08699999999999974,-0.000464042244241138,0.026258064516129033,0.0,0.0,0.00867987059102014
28,3,1451077,0,190,22.03,0.04,4.07,21.613,0.03822164105916916,-4.168186482304215e-05,0.08800000000000097,-0.00047365755480729195,0.026258064516129033,0.0,0.0,0.008766976730363332
28,3,1451121,0,190,21.92,0.04,4.07,21.657,0.03825433148087561,-4.2569846870737394e-05,0.08800000000000097,-0.00048374825989473783,0.026258064516129033,0.0,0.0,0.0029718565187672294
28,3,1451165,0,190,21.81,0.04,4.07,21.701,0.03848316443282068,-4.302909258045684e-05,0.08999999999999986,-0.00047810102867174346,0.026258064516129033,-0.007168458781362013,0.0,0.0034506556245685106
28,3,1451211,0,190,21.81,0.04,3.97,21.747,0.03856489048708678,-4.2974596418539514e-05,0.08899999999999864,-0.0004828606339161817,0.025612903225806453,-0.007249003262051574,0.0,0.00018365405453061754
28,3,1451254,0,190,21.7,0.04,3.97,21.79,0.03849950964367391,-4.2290000688101956e-05,0.08699999999999974,-0.00048609196193220784,0.025612903225806453,0.0,-0.11494252873563254,-0.009619250525113277
28,3,1451298,0,190,21.59,0.03,3.97,21.834,0.037728015691401925,-4.087189317929818e-05,0.08800000000000097,-0.00046445333158292874,0.025612903225806453,0.0,-0.11363636363636241,-0.01957710481737902
28,3,1451342,0,190,21.59,0.03,3.97,21.878,0.036776724419744534,-3.8658872474464537e-05,0.08699999999999974,-0.0004443548560283293,0.025612903225806453,0.0,0.11494252873563254,-0.013940398221941456
28,3,1451385,0,190,21.48,0.04,3.97,21.921,0.03651520104609302,-3.5700616038855325e-05,0.08699999999999974,-0.00041035190849259115,0.025612903225806453,-0.007415647015202093,0.11494252873563254,-0.0045090236836468536
28,3,1451429,0,190,21.48,0.04,3.87,21.965,0.03638443935926726,-3.227331067082595e-05,0.08800000000000097,-0.00036674216671392726,0.024967741935483873,-0.007331378299120149,0.0,-0.0014859282593836542
28,3,1451473,0,190,21.37,0.04,3.87,22.009,0.03638443935926726,-2.8936049621701264e-05,0.08800000000000097,-0.00032881874570114713,0.024967741935483873,0.0,-0.11363636363636241,0.0014859282593836542
28,3,1451517,0,190,21.26,0.03,3.87,22.053,0.03651520104609302,-2.6407273745484793e-05,0.08699999999999974,-0.00030353188213201,0.024967741935483873,0.0,0.0,0.010934382432843686
28,3,1451560,0,190,21.26,0.04,3.87,22.096,0.03733573063092466,-2.527338886773256e-05,0.08999999999999986,-0.00028081543186369554,0.024967741935483873,0.0,0.11111111111111131,0.010025062656641544
28,3,1451607,0,190,21.15,0.04,3.87,22.143,0.03741745668519076,-2.5698251250672933e-05,0.09100000000000108,-0.0002823983653920069,0.024967741935483873,0.0,-0.10989010989010861,0.009735279431258268
28,3,1451651,0,190,21.04,0.03,3.87,22.187,0.03822164105916917,-2.733125380310497e-05,0.08800000000000097,-0.00031058242958073486,0.024967741935483873,0.0,0.0,0.010252904989746748
28,3,1451695,0,190,21.04,0.04,3.87,22.231,0.038319712324288484,-2.948875144699903e-05,0.08799999999999741,-0.00033509944826136243,0.024967741935483873,-0.007331378299120485,0.113636363636367,0.004457784778150906
28,3,1451739,0,190,20.93,0.04,3.77,22.275,0.03861392611964644,-3.150074437133776e-05,0.08699999999999974,-0.0003620775215096305,0.02432258064516129,-0.007415647015202133,0.0,-0.0013527071050940323
28,3,1451782,0,190,20.93,0.04,3.77,22.318,0.0382020268061453,-3.299979507738904e-05,0.08699999999999974,-0.0003793079893952774,0.02432258064516129,0.0,0.0,-0.005110226841466423
28,3,1451826,0,190,20.82,0.04,3.77,22.362,0.03816933638443886,-3.397531634749962e-05,0.08799999999999741,-0.000386083140312507,0.02432258064516129,0.0,0.0,-0.002786115486344415
28,3,1451870,0,190,20.82,0.04,3.77,22.406,0.037956848643347,-3.460059976556229e-05,0.0870000000000033,-0.00039770804328231006,0.02432258064516129,0.0,0.0,-0.003006015789097647
28,3,1451913,0,190,20.71,0.04,3.77,22.449,0.037907813010787356,-3.5008672904055516e-05,0.08699999999999974,-0.0004023985391270761,0.02432258064516129,0.0,0.0,0.007176862696471295
28,3,1451957,0,190,20.71,0.04,3.77,22.493,0.03858123569794,-3.5199231884111894e-05,0.08999999999999986,-0.00039110257649013275,0.02432258064516129,-0.007168458781362013,-0.11111111111111131,0.003305364861428781
28,3,1452003,0,190,20.6,0.03,3.67,22.539,0.038205295848315945,-3.510947286379196e-05,0.08999999999999986,-0.0003901052540421335,0.02367741935483871,-0.007168458781362013,0.0,-0.003777559841632959
28,3,1452047,0,190,20.6,0.04,3.67,22.583,0.03824125531219304,-3.472546472074134e-05,0.08799999999999741,-0.00039460755364479955,0.02367741935483871,0.0,0.0,-0.006835269993164722
28,3,1452091,0,190,20.38,0.03,3.67,22.627,0.03760379208891747,-3.4096106390328005e-05,0.0870000000000033,-0.00039190926885433004,0.02367741935483871,0.0,0.0,-0.015969458879582052
28,3,1452134,0,190,20.38,0.04,3.67,22.67,0.036851912389669346,-3.324481030026494e-05,0.08699999999999974,-0.0003821242563248855,0.02367741935483871,0.0,0.11494252873563254,-0.012174363945846528
28,3,1452178,0,190,20.38,0.04,3.67,22.714,0.03654462242562882,-3.21080713324644e-05,0.08799999999999741,-0.00036486444695983347,0.02367741935483871,0.0,0.0,-0.007912567981217996
28,3,1452222,0,190,20.27,0.04,3.67,22.758,0.03615560640732218,-3.0618258160092896e-05,0.08699999999999974,-0.00035193400184014927,0.02367741935483871,-0.007415647015202093,-0.11494252873563254,-0.009506524933022169
28,3,1452265,0,190,20.27,0.03,3.57,22.801,0.035717554756455897,-2.8896375547921238e-05,0.08699999999999974,-0.0003321422476772566,0.02303225806451613,-0.007415647015202093,0.0,-0.01025802888029655
28,3,1452309,0,190,20.16,0.04,3.57,22.845,0.035263157894736386,-2.7377210616422508e-05,0.08800000000000097,-0.0003111046660957069,0.02303225806451613,0.0,0.11363636363636241,-0.010141460370293119
28,3,1452353,0,190,20.05,0.04,3.57,22.889,0.03482510624387009,-2.6702146688331928e-05,0.08999999999999986,-0.0002966905187592441,0.02303225806451613,0.0,-0.11111111111111131,-0.009189640768588006
28,3,1452399,0,190,20.05,0.03,3.57,22.935,0.034436090225563466,-2.7389404637149008e-05,0.08999999999999986,-0.000304326718190545,0.02303225806451613,0.0,-0.11111111111111131,-0.0077367331371907145
28,3,1452443,0,190,19.94,0.03,3.57,22.979,0.03412880026152293,-2.947830682158159e-05,0.08699999999999974,-0.0003388311128917434,0.02303225806451613,0.0,0.0,-0.016119759669037517
28,3,1452486,0,190,19.83,0.03,3.57,23.022,0.033033671134357206,-3.23873738810363e-05,0.08699999999999974,-0.0003722686652992689,0.02303225806451613,0.0,0.11494252873563254,-0.017434891576767846
28,3,1452530,0,190,19.83,0.04,3.57,23.066,0.03261196469434413,-3.510081488379857e-05,0.08800000000000097,-0.0003988728964067975,0.02303225806451613,-0.007331378299120149,0.0,-0.01816547297096458
28,3,1452574,0,190,19.72,0.03,3.47,23.11,0.031435109512912306,-3.65972425548029e-05,0.08800000000000097,-0.0004158777563045738,0.022387096774193548,-0.007331378299120149,-0.11363636363636241,-0.018722696068233364
28,3,1452618,0,190,19.72,0.03,3.47,23.154,0.030964367440339577,-3.6288212089311766e-05,0.08699999999999974,-0.0004171058860840445,0.022387096774193548,0.0,0.0,-0.008755020985747626
28,3,1452661,0,190,19.61,0.03,3.47,23.197,0.030673422687152264,-3.423997858732397e-05,0.08699999999999974,-0.0003935629722680928,0.022387096774193548,0.0,0.0,-0.004245997302100772
28,3,1452705,0,190,19.61,0.03,3.47,23.241,0.03059496567505681,-3.1096975569537834e-05,0.08800000000000097,-0.0003533747223811079,0.022387096774193548,-0.007331378299120149,0.0,-0.009249903414662895
28,3,1452749,0,190,19.5,0.03,3.37,23.285,0.02985943118666192,-2.7786911227453805e-05,0.08999999999999986,-0.00030874345808282053,0.021741935483870968,0.0,0.0,-0.0074098289201263426
28,3,1452795,0,190,19.5,0.03,3.47,23.331,0.02992808107224544,-2.5167560537387778e-05,0.08999999999999986,-0.0002796395615265313,0.022387096774193548,0.007168458781362013,0.0,0.004612981729686421
28,3,1452839,0,190,19.39,0.03,3.47,23.375,0.030274599542333698,-2.3774915256975504e-05,0.09499999999999886,-0.00025026226586290305,0.022387096774193548,-0.006791171477079873,0.0,0.001066740076736462
28,3,1452890,0,190,19.28,0.03,3.37,23.426,0.030029421379535404,-2.376274254738675e-05,0.09499999999999886,-0.0002501341320777583,0.021741935483870968,-0.006791171477079873,0.0,-0.005505755234768815
28,3,1452934,0,190,19.28,0.03,3.37,23.47,0.029751552795030667,-2.4993968564868574e-05,0.0870000000000033,-0.00028728699499847845,0.021741935483870968,0.0,0.0,-0.006763535525470044
28,3,1452977,0,190,19.17,0.03,3.37,23.513,0.029440993788819488,-2.715250554949078e-05,0.08699999999999974,-0.00031209776493667656,0.021741935483870968,0.0,0.0,0.002855714999643037
28,3,1453021,0,190,19.17,0.03,3.37,23.557,0.02999999999999961,-2.979464236868834e-05,0.08799999999999741,-0.00033857548146237743,0.021741935483870968,0.0,0.0,0.006352343308865218
28,3,1453065,0,190,19.06,0.03,3.37,23.601,0.02999999999999961,-3.238708394973999e-05,0.08800000000000097,-0.00036803504488340494,0.021741935483870968,0.0,0.0,0.0
28,3,1453109,0,190,18.95,0.03,3.37,23.645,0.02999999999999961,-3.441790228050934e-05,0.08800000000000097,-0.0003911125259148746,0.021741935483870968,-0.007331378299120149,0.0,0.0
28,3,1453153,0,190,18.95,0.03,3.27,23.689,0.02999999999999961,-3.556959680682992e-05,0.08999999999999986,-0.00039521774229811084,0.021096774193548388,-0.007168458781362013,0.0,0.0
28,3,1453199,0,190,18.84,0.03,3.27,23.735,0.02999999999999961,-3.5830009628653236e-05,0.08899999999999864,-0.00040258437785004253,0.021096774193548388,0.0,0.0,0.0
28,3,1453242,0,190,18.84,0.03,3.27,23.778,0.02999999999999961,-3.542903168613343e-05,0.08699999999999974,-0.0004072302492659027,0.021096774193548388,0.0,0.0,0.0
28,3,1453286,0,190,18.73,0.03,3.27,23.822,0.02999999999999961,-3.4634139707638844e-05,0.08800000000000097,-0.0003935697694049825,0.021096774193548388,0.0,0.0,0.0
28,3,1453330,0,190,18.73,0.03,3.27,23.866,0.02999999999999961,-3.357249364165682e-05,0.08800000000000097,-0.0003815056095642778,0.021096774193548388,0.0,0.0,0.0
28,3,1453374,0,190,18.62,0.03,3.27,23.91,0.02999999999999961,-3.222886771461075e-05,0.08800000000000097,-0.0003662371331205727,0.021096774193548388,-0.007331378299120149,0.0,0.0
28,3,1453418,0,190,18.51,0.03,3.17,23.954,0.02999999999999961,-3.060645316236066e-05,0.08800000000000097,-0.000347800604117731,0.020451612903225808,-0.007331378299120149,0.0,0.0
28,3,1453462,0,190,18.51,0.03,3.17,23.998,0.02999999999999961,-2.8881570708188864e-05,0.08699999999999974,-0.0003319720771056201,0.020451612903225808,0.0,0.0,0.0
28,3,1453505,0,190,18.51,0.03,3.17,24.041,0.02999999999999961,-2.7382455987117195e-05,0.08699999999999974,-0.0003147408734151411,0.020451612903225808,0.0,0.0,0.0
28,3,1453549,0,190,18.4,0.03,3.17,24.085,0.02999999999999961,-2.6382647302666484e-05,0.08999999999999986,-0.0002931405255851836,0.020451612903225808,0.0,0.0,0.0
28,3,1453595,0,190,18.29,0.03,3.17,24.131,0.02999999999999961,-2.5873422188688267e-05,0.08999999999999986,-0.0002874824687632034,0.020451612903225808,0.0,0.0,0.0
28,3,1453639,0,190,18.29,0.03,3.17,24.175,0.02999999999999961,-2.5514448441527727e-05,0.08800000000000097,-0.0002899369141082664,0.020451612903225808,0.0,0.0,0.0
28,3,1453683,0,190,18.29,0.03,3.17,24.219,0.02999999999999961,-2.483723745042976e-05,0.08800000000000097,-0.00028224133466397147,0.020451612903225808,-0.0065982404692081385,0.0,-0.006352343308864962
28,3,1453727,0,190,18.18,0.03,3.08,24.263,0.029440993788819488,-2.3588883306158602e-05,0.08799999999999741,-0.00026805549211544655,0.019870967741935485,-0.006598240469208405,0.0,-0.002823263692828986
28,3,1453771,0,190,18.18,0.03,3.08,24.307,0.029751552795030667,-2.1983050123459246e-05,0.08699999999999974,-0.00025267873705125645,0.019870967741935485,0.0,0.0,0.00033817677627356787
28,3,1453814,0,190,18.07,0.03,3.08,24.35,0.029470415168355288,-2.0664854527751688e-05,0.08699999999999974,-0.00023752706353737641,0.019870967741935485,0.0,0.0,-0.003269042170644011
28,3,1453858,0,190,18.07,0.03,3.08,24.394,0.02946714612618464,-2.0381426292038985e-05,0.08799999999999741,-0.00023160711695499527,0.019870967741935485,0.0,0.0,0.009064162382240334
28,3,1453902,0,190,18.07,0.03,3.08,24.438,0.030268061457992414,-2.1544832398131318e-05,0.08800000000000097,-0.0002448276408878532,0.019870967741935485,0.0,0.0,0.01708817498291151
28,3,1453946,0,190,17.96,0.03,3.08,24.482,0.030970905524680868,-2.394139281327412e-05,0.09800000000000253,-0.00024429992666605613,0.019870967741935485,0.0,0.0,0.01334302926793416
28,3,1454000,0,190,17.85,0.03,3.08,24.536,0.031575678326249995,-2.675825682285149e-05,0.09799999999999898,-0.0002730434369678752,0.019870967741935485,0.0,0.0,0.00563742986570235
28,3,1454044,0,190,17.85,0.03,3.08,24.58,0.03152337365151969,-2.8929880144064503e-05,0.08799999999999741,-0.00032874863800074264,0.019870967741935485,-0.007331378299120485,0.0,0.007578234122856698
28,3,1454088,0,190,17.73,0.03,2.98,24.624,0.032242562929061365,-2.9632783889026905e-05,0.08800000000000097,-0.0003367361805571202,0.0192258064516129,-0.007331378299120188,0.0,0.014859282593836069
28,3,1454132,0,190,17.73,0.03,2.98,24.668,0.03283099051977728,-2.8661829351872116e-05,0.08699999999999974,-0.00032944631438933564,0.0192258064516129,0.0,0.11494252873563254,0.012024063156391637
28,3,1454175,0,190,17.62,0.04,2.98,24.711,0.033288656423667434,-2.648287587471909e-05,0.08699999999999974,-0.00030440087212320885,0.0192258064516129,0.0,0.0,0.009018047367293707
28,3,1454219,0,190,17.62,0.03,2.98,24.755,0.03361556064073183,-2.3957403047866865e-05,0.08800000000000097,-0.0002722432164530296,0.0192258064516129,0.0,0.0,0.00594371303753438
28,3,1454263,0,190,17.51,0.04,2.98,24.799,0.033811703170970465,-2.193057412452548e-05,0.08800000000000097,-0.00024921106959687774,0.0192258064516129,0.0,0.11363636363636241,0.0029718565187672294
28,3,1454307,0,190,17.4,0.04,2.98,24.843,0.03387708401438335,-2.0922834380922682e-05,0.08800000000000097,-0.0002377594816013915,0.0192258064516129,0.0,-0.11363636363636241,7.8851067089854e-17
28,3,1454351,0,190,17.4,0.03,2.98,24.887,0.03381170317097047,-2.1056298200534672e-05,0.08999999999999986,-0.00023395886889483007,0.0192258064516129,-0.007168458781362013,-0.11111111111111131,-0.002905815262794661
28,3,1454397,0,190,17.4,0.03,2.88,24.933,0.03361556064073183,-2.218221442669499e-05,0.08999999999999986,-0.00024646904918550026,0.01858064516129032,0.0,0.0,-0.005811630525589322
28,3,1454441,0,190,17.29,0.03,2.98,24.977,0.033288656423667434,-2.4068812009608198e-05,0.08800000000000097,-0.00027350922738190835,0.0192258064516129,0.0,0.11363636363636241,-0.008915569556301609
28,3,1454485,0,190,17.18,0.04,2.88,25.021,0.03283099051977728,-2.6511616960576134e-05,0.08699999999999974,-0.00030473122943191046,0.01858064516129032,-0.007415647015202093,0.0,-0.012024063156391637
28,3,1454528,0,190,17.18,0.03,2.88,25.064,0.032242562929061365,-2.930710438876627e-05,0.08699999999999974,-0.0003368632688363949,0.01858064516129032,0.0,-0.11494252873563254,-0.015030078945489566
28,3,1454572,0,190,17.18,0.03,2.88,25.108,0.03152337365151969,-3.2122475195268675e-05,0.08800000000000097,-0.00036502812721895823,0.01858064516129032,0.0,0.0,-0.017831139112603218
28,3,1454616,0,190,17.07,0.03,2.88,25.152,0.030673422687152264,-3.437067570840347e-05,0.08800000000000097,-0.0003905758603227624,0.01858064516129032,0.0,0.0,-0.004197747332758659
28,3,1454660,0,190,16.96,0.03,2.88,25.196,0.031153971886236927,-3.5233804823464166e-05,0.08699999999999974,-0.00040498626233866975,0.01858064516129032,0.0,0.0,-0.006500509143924239
28,3,1454703,0,190,16.96,0.03,2.88,25.239,0.030107878391630857,-3.3916712888572676e-05,0.08699999999999974,-0.00038984727458129625,0.01858064516129032,-0.007415647015202093,0.0,-0.014428875787669916
28,3,1454747,0,190,16.96,0.03,2.78,25.283,0.029898659692709648,-3.0053951396116662e-05,0.08999999999999986,-0.00033393279329018566,0.01793548387096774,-0.007168458781362013,0.0,-0.0011986487959027466
28,3,1454793,0,190,16.85,0.03,2.78,25.329,0.02999999999999961,-2.4045894469880923e-05,0.08999999999999986,-0.00026717660522089954,0.01793548387096774,0.0,0.0,-0.003959173295557755
28,3,1454837,0,190,16.85,0.03,2.78,25.373,0.02954233409610945,-1.7099786345480704e-05,0.08800000000000097,-0.00019431575392591497,0.01793548387096774,0.0,0.0,-0.010401497815685263
28,3,1454881,0,190,16.85,0.03,2.78,25.417,0.029084668192219297,-1.0915228190392146e-05,0.08699999999999974,-0.00012546239299301355,0.01793548387096774,0.0,0.0,-0.016946414011039385
28,3,1454924,0,190,16.74,0.03,2.78,25.46,0.028067996077149028,-7.149522903837191e-06,0.08699999999999974,-8.217842418203692e-05,0.01793548387096774,0.0,0.0,-0.0030060157890978495
28,3,1454968,0,190,16.63,0.03,2.78,25.504,0.028823144818567785,-6.887109726684937e-06,0.08799999999999741,-7.826261053051295e-05,0.01793548387096774,0.0,0.0,0.010810128087016124
28,3,1455012,0,190,16.63,0.03,2.78,25.548,0.02901928734880642,-1.030207731730437e-05,0.08799999999999741,-0.00011706906042391672,0.01793548387096774,0.0,0.0,0.004457784778150945
28,3,1455056,0,190,16.63,0.03,2.78,25.592,0.029215429879045057,-1.6613167643121595e-05,0.0870000000000033,-0.00019095594992093063,0.01793548387096774,0.0,-0.11494252873562781,0.00450902368364667
28,3,1455099,0,190,16.52,0.02,2.78,25.635,0.029411572409283694,-2.4338094153077082e-05,0.08699999999999974,-0.00027974820865605925,0.01793548387096774,0.0,0.0,0.0045090236836468536
28,3,1455143,0,190,16.41,0.03,2.78,25.679,0.02960771493952233,-3.176238482508875e-05,0.09099999999999753,-0.00034903719588010566,0.01793548387096774,-0.007089684509039536,0.10989010989011286,0.004310824840409772
28,3,1455190,0,190,16.41,0.03,2.68,25.726,0.029803857469760973,-3.745008543321493e-05,0.09100000000000108,-0.0004115394003649943,0.01729032258064516,-0.007089684509039258,0.0,0.0043108248404096034
28,3,1455234,0,190,16.41,0.03,2.68,25.77,0.02999999999999961,-4.058751326133203e-05,0.08800000000000097,-0.00046122174160604073,0.01729032258064516,0.0,0.0,0.004457784778150765
28,3,1455278,0,190,16.3,0.03,2.68,25.814,0.030196142530238244,-4.103212077694218e-05,0.08699999999999974,-0.00047163357214876207,0.01729032258064516,0.0,0.0,0.0045090236836468536
28,3,1455321,0,190,16.3,0.03,2.68,25.857,0.030392285060476885,-3.911532113509608e-05,0.08699999999999974,-0.0004496013923574276,0.01729032258064516,0.0,0.11494252873563254,0.0045090236836468536
28,3,1455365,0,190,16.19,0.04,2.68,25.901,0.03058842759071552,-3.538295496505839e-05,0.08800000000000097,-0.0004020790336938409,0.01729032258064516,-0.007331378299120149,0.0,-0.0018945585307140783
28,3,1455409,0,190,16.19,0.03,2.58,25.945,0.030225563909774045,-3.0437225996547746e-05,0.08800000000000097,-0.0003458775681425842,0.01664516129032258,0.0,-0.11363636363636241,0.0016345210853220117
28,3,1455453,0,190,16.08,0.03,2.68,25.989,0.030732265446223858,-2.4915773612485647e-05,0.08699999999999974,-0.0002863882024423646,0.01729032258064516,0.0,0.0,0.004847200459920342
28,3,1455496,0,190,16.08,0.03,2.58,26.032,0.030647270349787113,-1.9535971538712004e-05,0.08699999999999974,-0.00022455139699669035,0.01664516129032258,-0.007415647015202093,0.0,0.007665340262199596
28,3,1455540,0,190,16.08,0.03,2.58,26.076,0.03139915004903522,-1.5101543354528068e-05,0.08999999999999986,-0.00016779492616142324,0.01664516129032258,0.0,0.0,0.0059569212887289735
28,3,1455586,0,190,15.97,0.03,2.58,26.122,0.03118339326577272,-1.2395819309328537e-05,0.08999999999999986,-0.00013773132565920619,0.01664516129032258,0.0,0.0,0.0003269042170644485
28,3,1455630,0,190,15.86,0.03,2.58,26.166,0.03142857142857102,-1.1957966704504663e-05,0.08699999999999974,-0.00013744789315522641,0.01664516129032258,0.0,0.0,0.0045090236836468536
28,3,1455673,0,190,15.86,0.03,2.58,26.209,0.031575678326249995,-1.383170444953663e-05,0.08699999999999974,-0.00015898510861536404,0.01664516129032258,0.0,0.0,0.002254511841823387
28,3,1455717,0,190,15.75,0.03,2.58,26.253,0.031624713958809655,-1.742751534058673e-05,0.08800000000000097,-0.00019803994705211976,0.01664516129032258,0.0,0.0,0.0
28,3,1455761,0,190,15.75,0.03,2.58,26.297,0.031575678326249995,-2.1606322491924955e-05,0.08800000000000097,-0.00024552639195368997,0.01664516129032258,0.0,0.0,-0.0022288923890753628
28,3,1455805,0,190,15.75,0.03,2.58,26.341,0.03142857142857102,-2.4994499871326513e-05,0.08699999999999974,-0.0002872931019692711,0.01664516129032258,-0.007415647015202093,0.11494252873563254,0.005861730788740966
28,3,1455848,0,190,15.64,0.04,2.48,26.384,0.03208564890487046,-2.64297290285338e-05,0.08699999999999974,-0.00030378998883372275,0.016,0.0,0.0,0.007928366643745757
28,3,1455892,0,190,15.53,0.03,2.58,26.428,0.0321183393265769,-2.5372067724737768e-05,0.08800000000000097,-0.00028831895141747147,0.01664516129032258,0.0,0.0,0.0
28,3,1455936,0,190,15.53,0.04,2.48,26.472,0.03208564890487046,-2.2127385285464652e-05,0.08999999999999986,-0.00024585983650516317,0.016,-0.007168458781362013,0.0,-0.0014529076313973689
28,3,1455982,0,190,15.53,0.03,2.48,26.518,0.03198757763975114,-1.779744359619828e-05,0.08999999999999986,-0.0001977493732910923,0.016,0.0,-0.11111111111111131,-0.002905815262794661
28,3,1456026,0,190,15.53,0.03,2.48,26.562,0.03182412553121894,-1.395078947276307e-05,0.08699999999999974,-0.00016035390198578287,0.016,0.0,0.0,-0.0045090236836468536
28,3,1456069,0,190,15.42,0.03,2.48,26.605,0.03159529257927386,-1.2095692149635795e-05,0.08699999999999974,-0.0001390309442486877,0.016,0.0,0.0,-0.006012031578195779
28,3,1456113,0,190,15.42,0.03,2.48,26.649,0.03130107878391591,-1.3122659183015361e-05,0.08800000000000097,-0.00014912112707971838,0.016,0.0,0.0,-0.007429641296918034
28,3,1456157,0,190,15.31,0.03,2.48,26.693,0.030941484145145068,-1.692141414842485e-05,0.08799999999999741,-0.00019228879714119714,0.016,0.0,0.0,-0.008915569556302048
28,3,1456201,0,190,15.31,0.03,2.48,26.737,0.03051650866296135,-2.2332652701613666e-05,0.08699999999999974,-0.00025669715748981303,0.016,0.0,0.0,-0.010521055261842632
28,3,1456244,0,190,15.31,0.03,2.48,26.78,0.03002615233736476,-2.7487778852563592e-05,0.0870000000000033,-0.00031595148106393735,0.016,0.0,0.0,-0.012024063156391067
28,3,1456288,0,190,15.2,0.03,2.48,26.824,0.029470415168355288,-3.045247308077359e-05,0.08799999999999741,-0.0003460508304633464,0.016,-0.007331378299120465,0.0,-0.003120449344705713
28,3,1456332,0,190,15.09,0.03,2.38,26.868,0.029751552795030667,-2.9952340150682934e-05,0.08999999999999986,-0.00033280377945203314,0.015354838709677418,-0.007168458781362033,0.0,-0.0003269042170644485
28,3,1456378,0,190,15.09,0.03,2.38,26.914,0.029440993788819488,-2.5884410453398844e-05,0.08999999999999986,-0.00028760456059332096,0.015354838709677418,0.0,0.0,0.0027605244996549315
28,3,1456422,0,190,14.98,0.03,2.38,26.958,0.02999999999999961,-1.9386096419189426e-05,0.08699999999999974,-0.00022282869447344232,0.015354838709677418,0.0,0.0,0.006425358749196832
28,3,1456465,0,190,14.98,0.03,2.38,27.001,0.02999999999999961,-1.243646774895213e-05,0.0870000000000033,-0.00014294790516036388,0.015354838709677418,0.0,0.0,0.0
28,3,1456509,0,190,14.87,0.03,2.38,27.045,0.02999999999999961,-7.1733634424644425e-06,0.08799999999999741,-8.151549366437105e-05,0.015354838709677418,0.0,0.0,0.0
28,3,1456553,0,190,14.98,0.03,2.38,27.089,0.02999999999999961,-5.194263922074782e-06,0.08899999999999864,-5.836251597836923e-05,0.015354838709677418,0.0,0.0,0.0
28,3,1456598,0,190,14.87,0.03,2.38,27.134,0.02999999999999961,-7.062912989543868e-06,0.08800000000000097,-8.026037488117944e-05,0.015354838709677418,0.0,0.0,0.0
28,3,1456641,0,190,14.87,0.03,2.38,27.177,0.02999999999999961,-1.214663291391771e-05,0.08699999999999974,-0.00013961647027491662,0.015354838709677418,0.0,0.0,0.0
28,3,1456685,0,190,14.76,0.03,2.38,27.221,0.02999999999999961,-1.881891656344914e-05,0.08800000000000097,-0.00021385132458464696,0.015354838709677418,0.0,0.0,0.0
28,3,1456729,0,190,14.76,0.03,2.38,27.265,0.02999999999999961,-2.4981615304161765e-05,0.08999999999999986,-0.0002775735033795756,0.015354838709677418,0.0,0.0,0.0
28,3,1456775,0,190,14.65,0.03,2.38,27.311,0.02999999999999961,-2.8772220132280424e-05,0.08999999999999986,-0.0003196913348031163,0.015354838709677418,-0.007168458781362013,0.0,0.0
28,3,1456819,0,190,14.65,0.03,2.28,27.355,0.02999999999999961,-2.9228071600582605e-05,0.08800000000000097,-0.0003321371772793441,0.014709677419354838,-0.007331378299120149,0.0,0.0
28,3,1456863,0,190,14.65,0.03,2.28,27.399,0.02999999999999961,-2.6638974086229173e-05,0.08800000000000097,-0.0003027156146162373,0.014709677419354838,0.0,0.0,0.0
28,3,1456907,0,190,14.54,0.03,2.28,27.443,0.02999999999999961,-2.2411775047852967e-05,0.08799999999999741,-0.00025467926190742755,0.014709677419354838,0.0,0.0,0.0
28,3,1456951,0,190,14.54,0.03,2.28,27.487,0.02999999999999961,-1.8487916409710704e-05,0.08699999999999974,-0.00021250478631851448,0.014709677419354838,0.0,0.0,0.0
28,3,1456994,0,190,14.43,0.03,2.28,27.53,0.02999999999999961,-1.656591464441837e-05,0.0870000000000033,-0.0001904128120048016,0.014709677419354838,0.0,0.0,0.0
28,3,1457038,0,190,14.43,0.03,2.28,27.574,0.02999999999999961,-1.7451742406114245e-05,0.08799999999999741,-0.00019831525461494045,0.014709677419354838,0.0,0.0,0.0
28,3,1457082,0,190,14.43,0.03,2.28,27.618,0.02999999999999961,-2.078025415457807e-05,0.08699999999999974,-0.0002388534960296337,0.014709677419354838,0.0,0.0,0.0
28,3,1457125,0,190,14.32,0.03,2.28,27.661,0.02999999999999961,-2.5195575260617e-05,0.08900000000000219,-0.0002830963512428807,0.014709677419354838,0.0,0.0,0.0
28,3,1457171,0,190,14.21,0.03,2.28,27.707,0.02999999999999961,-2.890899719210216e-05,0.08999999999999986,-0.0003212110799122467,0.014709677419354838,-0.007168458781361994,0.0,0.0
28,3,1457215,0,190,14.21,0.03,2.18,27.751,0.02999999999999961,-3.0403583695809643e-05,0.08800000000000097,-0.00034549526927056036,0.01406451612903226,-0.007331378299120129,0.0,0.0
28,3,1457259,0,190,14.21,0.03,2.18,27.795,0.02999999999999961,-2.8983415085056306e-05,0.08799999999999741,-0.0003293569896029222,0.01406451612903226,0.0,0.0,0.0
28,3,1457303,0,190,14.1,0.03,2.18,27.839,0.02999999999999961,-2.4942033891528492e-05,0.08699999999999974,-0.0002866900447302134,0.01406451612903226,0.0,0.0,0.0
28,3,1457346,0,190,14.1,0.03,2.18,27.882,0.02999999999999961,-1.9331876751170096e-05,0.08699999999999974,-0.00022220547989850752,0.01406451612903226,0.0,0.0,0.0
28,3,1457390,0,190,14.1,0.03,2.18,27.926,0.02999999999999961,-1.3515681084131703e-05,0.08799999999999741,-0.0001535872850469557,0.01406451612903226,0.0,0.0,0.0
28,3,1457434,0,190,13.99,0.03,2.18,27.97,0.02999999999999961,-8.738419566793887e-06,0.08800000000000097,-9.930022234992944e-05,0.01406451612903226,0.0,0.0,0.0
28,3,1457478,0,190,13.99,0.03,2.18,28.014,0.02999999999999961,-5.8704838667851255e-06,0.08699999999999974,-6.747682605500164e-05,0.01406451612903226,0.0,0.0,0.0
28,3,1457521,0,190,13.99,0.03,2.18,28.057,0.02999999999999961,-5.331370737695185e-06,0.08900000000000219,-5.990304199657364e-05,0.01406451612903226,-0.007249003262051305,0.0,0.0
28,3,1457567,0,190,13.88,0.03,2.08,28.103,0.02999999999999961,-7.101491867543608e-06,0.08999999999999986,-7.89054651949291e-05,0.013419354838709678,0.0,0.0,0.0
28,3,1457611,0,190,13.88,0.03,2.18,28.147,0.02999999999999961,-1.0730313034723604e-05,0.08799999999999741,-0.00012193537539459,0.01406451612903226,0.007331378299120465,0.0,0.0
28,3,1457655,0,190,13.77,0.03,2.18,28.191,0.02999999999999961,-1.534885050992285e-05,0.08800000000000097,-0.00017441875579457595,0.01406451612903226,0.0,0.0,0.0
28,3,1457699,0,190,13.77,0.03,2.18,28.235,0.02999999999999961,-1.9781351985286745e-05,0.08699999999999974,-0.00022737186189984832,0.01406451612903226,-0.007415647015202113,0.0,0.006425358749196752
28,3,1457742,0,190,13.77,0.03,2.08,28.278,0.030559006211179726,-2.2801673785063148e-05,0.08699999999999974,-0.000262088204426014,0.013419354838709678,-0.007415647015202113,0.0,0.002855714999642957
28,3,1457786,0,190,13.77,0.03,2.08,28.322,0.030248447204968547,-2.3446201626766693e-05,0.08800000000000097,-0.00026643410939507315,0.013419354838709678,0.007331378299120169,0.0,-0.006686677167226247
28,3,1457830,0,190,13.66,0.03,2.18,28.366,0.02997057862046381,-2.125594384646856e-05,0.08800000000000097,-0.0002415448164371401,0.01406451612903226,0.0,0.0,-0.00594371303753438
28,3,1457874,0,190,13.66,0.03,2.08,28.41,0.029725400457665516,-1.641043181726065e-05,0.09100000000000108,-0.0001803344155742907,0.013419354838709678,-0.0070896845090392775,0.0,-0.005029295647144481
28,3,1457921,0,190,13.66,0.03,2.08,28.457,0.029512912716573657,-9.778806777151594e-06,0.08999999999999986,-0.00010865340863501788,0.013419354838709678,0.0,0.0,-0.005289904603401288
28,3,1457964,0,190,13.55,0.03,2.08,28.5,0.0292493090433594,-2.8684772154385917e-06,0.08699999999999974,-3.297100247630575e-05,0.013419354838709678,0.0,0.0,-0.005855088708394308
28,3,1458008,0,190,13.55,0.03,2.08,28.544,0.029003519998943354,2.3928945510722776e-06,0.08800000000000097,2.7191983534911945e-05,0.013419354838709678,0.0,0.0,-0.005187990937938903
28,3,1458052,0,190,13.44,0.03,2.08,28.588,0.028792765840820772,4.0591005615828735e-06,0.08800000000000097,4.612614274525942e-05,0.013419354838709678,0.0,0.0,-0.004196058777918556
28,3,1458096,0,190,13.44,0.03,2.08,28.632,0.028634266826486517,6.793677011236454e-07,0.08699999999999974,7.808824150846522e-06,0.013419354838709678,0.0,0.0,-0.0028450876710957294
28,3,1458139,0,190,13.33,0.03,2.08,28.675,0.028545243213435444,-8.202980574259388e-06,0.08699999999999974,-9.428713303746451e-05,0.013419354838709678,0.0,-0.1149425287356325,-0.0010500180152196326
28,3,1458183,0,190,13.33,0.02,2.08,28.719,0.02854291525916241,-2.171440559328408e-05,0.08800000000000097,-0.0002467546090145891,0.013419354838709678,0.0,0.0,0.0011279546332593395
28,3,1458227,0,190,13.33,0.03,2.08,28.763,0.028644503221162267,-3.762262622124934e-05,0.08799999999999741,-0.00042752984342330055,0.013419354838709678,0.0,0.11363636363636696,0.0036853647473576987
28,3,1458271,0,190,13.33,0.03,2.08,28.807,0.028867227356929877,-5.272026756317594e-05,0.08999999999999986,-0.0005857807507019558,0.013419354838709678,0.0,0.0,0.006486718919975867
28,3,1458317,0,190,13.33,0.03,2.08,28.853,0.029228307923960094,-6.361387698356325e-05,0.08900000000000219,-0.0007147626627366481,0.013419354838709678,-0.007249003262051305,0.0,0.009862222728290813
28,3,1458360,0,190,13.22,0.03,1.98,28.896,0.02974496517974778,0.0,0.0,0.0,0.012774193548387096,0.0,0.0,0.0
