MS,MPT,t (ms),PWMi,PWMe,Pressure (Psi),LW raw(V),Displacement (mm),t_rel(s),LW (V),delta d (m),delta t (s),vel (m/s),strain,strain rate (1/s),dv/dt raw,dv/dt
28,4,1458453,0,190,13.11,0.03,1.98,0.0,-0.03363636363636344,0.0,0.0,0.0,0.0,0.0,0.0,0.0
28,4,1458497,255,0,13.11,0.03,1.98,0.044,0.020734048560135616,0.002618995113740155,0.087,0.03010339211195581,0.012774193548387096,0.007415647015202092,0.0,1.2508988158005736
28,4,1458540,255,0,16.85,0.03,2.08,0.087,0.07519183333828645,0.0031291685349962343,0.08700000000000001,0.03596745442524407,0.013419354838709678,0.1839080459770115,0.3448275862068965,1.2477265582292
28,4,1458584,255,0,33.81,0.06,4.46,0.131,0.12928625912607603,0.0037732002928374097,0.088,0.04287727605497057,0.028774193548387096,0.4516129032258065,1.2500000000000002,1.2201677387864192
28,4,1458628,255,0,47.91,0.14,8.24,0.175,0.18256659435149133,0.0043268349460728085,0.088,0.049168578932645556,0.05316129032258065,0.5315249266862171,1.8181818181818183,1.196543730868673
28,4,1458672,255,0,57.16,0.22,11.71,0.219,0.23458210744251926,0.004601422340096887,0.08800000000000002,0.052288890228373706,0.0755483870967742,0.443548387096774,1.8181818181818175,1.1626758235869947
28,4,1458716,255,0,63.44,0.3,14.29,0.263,0.2848820668271469,0.004502112954454489,0.088,0.05116037448243738,0.09219354838709677,0.3196480938416422,1.7045454545454546,1.1185640169413842
28,4,1458760,255,0,67.84,0.37,16.07,0.307,0.33301574093336106,0.004045760645015141,0.09099999999999997,0.04445890818697958,0.1036774193548387,0.22474299893654756,1.318681318681319,1.0291245204615591
28,4,1458807,255,0,71.37,0.42,17.46,0.354,0.37853239818914874,0.0033390558619960514,0.09000000000000002,0.037100620688845,0.11264516129032259,0.17060931899641577,0.8888888888888888,0.9773951787681759
28,4,1458850,255,0,74.01,0.45,18.45,0.397,0.4209813070224969,0.0025327600869518995,0.08700000000000002,0.02911218490749309,0.11903225806451613,0.12532443455691478,0.6896551724137929,0.9353946858877914
28,4,1458894,255,0,76.1,0.48,19.15,0.441,0.4599117358613866,0.0017727050606647517,0.08799999999999997,0.020144375689372187,0.12354838709677418,0.10190615835777131,0.6818181818181821,0.864914937361297
28,4,1458938,255,0,78.08,0.51,19.84,0.485,0.497093821510291,0.0011637080479390996,0.08800000000000002,0.013223955090217038,0.128,0.08724340175953103,0.5681818181818186,0.7640643109750567
28,4,1458982,255,0,79.63,0.53,20.34,0.529,0.5271493952271916,0.0007537161732166027,0.08799999999999997,0.008564956513825035,0.13122580645161291,0.07331378299120224,0.34090909090909133,0.5812951350708719
28,4,1459026,255,0,81.17,0.54,20.84,0.573,0.5482477933965277,0.0005370727496785257,0.08799999999999997,0.0061030994281650675,0.1344516129032258,0.057917888563049684,0.34090909090909133,0.3876786828731861
28,4,1459070,255,0,82.49,0.56,21.13,0.617,0.561265119320032,0.00047052182796168294,0.08700000000000008,0.0054082968731227875,0.13632258064516128,0.05116796440489445,0.22988505747126436,0.2437127301011109
28,4,1459113,255,0,83.81,0.56,21.53,0.66,0.5694508009153244,0.0004940010612897687,0.08799999999999997,0.005613648423747374,0.13890322580645162,0.051319648093841666,0.11363636363636252,0.15550239234449587
28,4,1459158,255,0,84.91,0.57,21.83,0.705,0.5749493298463476,0.000549486462888467,0.09099999999999997,0.006038312778994145,0.14083870967741935,0.04891882311237137,0.21978021978021883,0.10784246809091429
28,4,1459204,255,0,86.12,0.58,22.22,0.751,0.5792644655115976,0.0005937270609162617,0.09000000000000008,0.006596967343514013,0.1433548387096774,0.04229390681003601,0.1111111111111111,0.09233227997529833
28,4,1459248,255,0,87.12,0.58,22.42,0.795,0.5832592350441245,0.0006035029942512899,0.08799999999999997,0.006857988571037388,0.1446451612903226,0.03665689149560128,0.0,0.08540372670807159
28,4,1459292,255,0,88.0,0.58,22.72,0.839,0.5867799934619079,0.0005743518520737751,0.08799999999999997,0.006526725591747447,0.14658064516129032,0.03665689149560128,0.11363636363636379,0.06694106808523158
28,4,1459336,255,0,88.88,0.59,22.92,0.883,0.5891500490356248,0.0005151153807950664,0.08800000000000008,0.005853583872671203,0.1478709677419355,0.02932551319648105,0.11363636363636363,0.04691818479003988
28,4,1459380,255,0,89.76,0.59,23.12,0.927,0.5909087937234314,0.0004410133336130357,0.08699999999999997,0.005069118777161332,0.14916129032258066,0.029662588060808136,0.0,0.040731513942276476
28,4,1459423,255,0,90.53,0.59,23.32,0.97,0.5926936907486029,0.00036744485873954245,0.08699999999999997,0.004223504123443018,0.1504516129032258,0.028921023359288093,0.0,0.03941638203454607
28,4,1459467,255,0,91.19,0.59,23.51,1.014,0.5943380189604369,0.00030578547587614935,0.08800000000000008,0.0034748349531380576,0.15167741935483872,0.02126099706744869,0.0,0.024369223453891826
28,4,1459511,255,0,91.85,0.59,23.61,1.058,0.5948381824125454,0.0002615339332424789,0.08800000000000008,0.0029719765141190757,0.1523225806451613,0.014662756598240368,0.11363636363636363,0.026523819429996574
28,4,1459555,255,0,92.4,0.6,23.71,1.102,0.5966721150702766,0.00023452181017464112,0.08999999999999986,0.00260579789082935,0.15296774193548388,0.021505376344085926,0.11111111111111138,0.025462206240236828
28,4,1459601,255,0,92.95,0.6,23.91,1.148,0.5971297809741667,0.00022053874336240754,0.08999999999999986,0.002450430481804532,0.15425806451612903,0.021505376344086235,0.0,0.013112491373360848
28,4,1459645,255,0,93.5,0.6,24.01,1.192,0.5978522392938791,0.00021356489000348233,0.08800000000000008,0.00242687375003957,0.15490322580645163,0.014662756598240368,0.0,0.021843145412940433
28,4,1459689,255,0,94.05,0.6,24.11,1.236,0.5990519777705055,0.0002078440913632811,0.08699999999999997,0.0023890125444055305,0.15554838709677418,0.014831294030404068,0.0,0.031938917759165165
28,4,1459732,255,0,94.38,0.6,24.21,1.279,0.6006309251389265,0.00019929363967803937,0.08699999999999997,0.0022907314905521777,0.1561935483870968,0.014831294030404068,0.0,0.023108746378690315
28,4,1459776,255,0,94.82,0.6,24.31,1.323,0.6010624387054515,0.0001860956780892664,0.08800000000000008,0.002114723614650753,0.15683870967741934,0.014662756598240368,0.0,0.022511813129661117
28,4,1459820,255,0,95.15,0.6,24.41,1.367,0.6026119646943366,0.00016856176162915304,0.08800000000000008,0.0019154745639676466,0.15748387096774194,0.014662756598240683,0.0,0.02459211269279704
28,4,1459864,255,0,95.48,0.6,24.51,1.411,0.6032265446224176,0.00014847105021839014,0.08800000000000008,0.0016871710252089774,0.15812903225806452,0.007331378299120184,0.0,0.01920562275253328
28,4,1459908,255,0,95.7,0.6,24.51,1.455,0.6043020594965596,0.00012814625184763884,0.08999999999999986,0.001423847242751545,0.15812903225806452,0.007168458781361975,0.11111111111111138,0.01863354037267133
28,4,1459954,255,0,95.82,0.61,24.61,1.501,0.6049035632559581,0.0001095819804576763,0.08899999999999997,0.0012312582073896218,0.1587741935483871,0.007249003262051427,0.0,0.0015426940580567901
28,4,1459997,255,0,95.93,0.6,24.61,1.544,0.6044393592677266,9.390495586902503e-05,0.08700000000000019,0.0010793673088393659,0.1587741935483871,0.007415647015202015,0.0,-0.002930865394370428
28,4,1460041,255,0,96.04,0.61,24.71,1.588,0.6046485779666478,8.128169490268533e-05,0.08799999999999986,0.000923655623894153,0.15941935483870967,0.007331378299120202,0.11363636363636392,0.012036018901007663
28,4,1460085,255,0,96.15,0.61,24.71,1.632,0.6054985289310153,7.117855745928025e-05,0.08799999999999986,0.0008088472438554587,0.15941935483870967,0.00659824046920834,0.0,0.009992867544354887
28,4,1460129,255,0,96.26,0.61,24.8,1.676,0.6055279503105511,6.275462120089869e-05,0.08800000000000008,0.0007131206954647572,0.16,0.006598240469208323,-0.11363636363636363,0.0012258908139919154
28,4,1460173,255,0,96.26,0.6,24.8,1.72,0.6056064073226466,5.5194066331765154e-05,0.08800000000000008,0.0006272052992246035,0.16,0.0,0.0,0.0019688549436826853
28,4,1460217,255,0,96.26,0.61,24.8,1.764,0.6057012095455951,4.791681608631748e-05,0.08699999999999997,0.0005507680009921551,0.16,0.0,0.0,0.001991485460276742
28,4,1460260,255,0,96.37,0.6,24.8,1.807,0.6057796665576907,4.071931793425776e-05,0.08699999999999997,0.00046803813717537674,0.16,0.007415647015202034,0.0,0.0012399815130033182
28,4,1460304,255,0,96.37,0.61,24.9,1.851,0.6058090879372264,3.3877424825302426e-05,0.08600000000000008,0.00039392354448026043,0.16064516129032258,0.007501875468867165,0.0,-0.0002660848278431282
28,4,1460346,255,0,96.37,0.6,24.9,1.893,0.6057567832624962,2.8125330690713212e-05,0.08600000000000008,0.0003270387289617812,0.16064516129032258,0.0,-0.11627906976744186,-0.0025468119236406322
28,4,1460390,255,0,96.37,0.6,24.9,1.937,0.6055900621117933,2.43924812906684e-05,0.08800000000000008,0.00027718728739395887,0.16064516129032258,0.0,0.11363636363636363,0.004792118636513163
28,4,1460434,255,0,96.37,0.61,24.9,1.981,0.6061784897025093,2.3335068048233155e-05,0.08699999999999997,0.00026821917296819726,0.16064516129032258,0.0,0.11494252873563233,0.005410828420375796
28,4,1460477,255,0,96.37,0.61,24.9,2.024,0.606060804184366,2.4900446296634017e-05,0.08699999999999997,0.00028621202639809225,0.16064516129032258,0.0,-0.11494252873563233,0.005598704407193514
28,4,1460521,255,0,96.37,0.6,24.9,2.068,0.6066655769859352,2.820122123414137e-05,0.08899999999999997,0.0003168676543161953,0.16064516129032258,0.0,0.0,0.015426940580567901
28,4,1460566,255,0,96.37,0.61,24.9,2.113,0.6074338018960366,3.180417362315069e-05,0.08899999999999997,0.00035735026542865956,0.16064516129032258,0.007249003262051427,0.11235955056179789,0.01910002167117895
28,4,1460610,255,0,96.37,0.61,25.0,2.157,0.6083654789146701,3.428063345206667e-05,0.08800000000000008,0.0003895526528643936,0.16129032258064516,0.007331378299120184,0.0,0.012778983030698403
28,4,1460654,255,0,96.37,0.61,25.0,2.201,0.608558352402738,3.469852600937884e-05,0.08700000000000019,0.00039883363229170995,0.16129032258064516,0.0,0.0,0.01236223993266578
28,4,1460697,255,0,96.37,0.61,25.0,2.244,0.609440993788812,3.279611679005612e-05,0.08999999999999986,0.00036440129766729076,0.16129032258064516,0.0,0.0,0.011042097998619726
28,4,1460744,255,0,96.37,0.61,25.0,2.291,0.6095521412226138,2.883237268393657e-05,0.08999999999999986,0.0003203596964881846,0.16129032258064516,0.0,0.0,0.009770803821147
28,4,1460787,255,0,96.37,0.61,25.0,2.334,0.6103203661327152,2.3341425094763225e-05,0.08800000000000008,0.0002652434669859455,0.16129032258064516,0.0,0.0,0.008321198252548737
28,4,1460832,255,0,96.37,0.61,25.0,2.379,0.6102844066688381,1.702743800085571e-05,0.08899999999999997,0.00019131952809950243,0.16129032258064516,0.007249003262051738,0.0,-0.0039301967669550944
28,4,1460876,255,0,96.37,0.61,25.1,2.423,0.6099705786204562,1.0846705432271619e-05,0.08700000000000019,0.00012467477508358156,0.16193548387096776,0.0,0.0,-0.00041332717100153044
28,4,1460919,255,0,96.37,0.61,25.0,2.466,0.610248447204961,6.1390561280276754e-06,0.08699999999999974,7.05638635405482e-05,0.16129032258064516,-0.007415647015202372,0.0,0.006763535525471038
28,4,1460963,255,0,96.37,0.61,25.0,2.51,0.6105590062111722,4.627851825954821e-06,0.08799999999999963,5.258922529494136e-05,0.16129032258064516,0.007331378299120536,0.0,-0.0028232636928279685
28,4,1461007,255,0,96.37,0.61,25.1,2.554,0.6099999999999921,8.144287063007739e-06,0.09700000000000042,8.396172229904849e-05,0.16193548387096776,0.00665114732291342,0.0,0.0
28,4,1461060,255,0,96.37,0.61,25.1,2.607,0.6105590062111722,1.79541168516657e-05,0.09699999999999998,0.0001850939881615021,0.16193548387096776,0.0,0.0,0.008324262022155396
28,4,1461104,255,0,96.37,0.61,25.1,2.651,0.6108074534161412,3.3662806486308485e-05,0.08999999999999986,0.000374031183181206,0.16193548387096776,0.0,0.0,0.008644800406813308
28,4,1461150,255,0,96.37,0.61,25.1,2.697,0.6113370382477854,5.1967122335522476e-05,0.0900000000000003,0.0005774124703946922,0.16193548387096776,0.0,0.0,0.005593694380878736
28,4,1461194,255,0,96.37,0.61,25.1,2.741,0.6113108859104203,6.586612462670872e-05,0.08800000000000008,0.0007484786889398711,0.16193548387096776,0.0,0.0,0.00018574103242332334
28,4,1461238,255,0,96.26,0.61,25.1,2.785,0.6113533834586387,6.504019122683503e-05,0.08800000000000008,0.0007390930821231246,0.16193548387096776,0.0,0.0,-0.007392493090433381
28,4,1461282,255,0,96.37,0.61,25.1,2.829,0.6106603465184621,3.7811607365757285e-05,0.08800000000000008,0.00042967735642905966,0.16193548387096776,0.0,0.0,-0.01664239650509621
28,4,1461326,255,0,96.37,0.61,25.1,2.873,0.6098888525661902,-2.549485200695045e-05,0.08699999999999974,-0.0002930442759419601,0.16193548387096776,0.0,0.0,-0.0275050444702454
28,4,1461369,255,0,96.37,0.61,25.1,2.916,0.6082674076495508,-0.00012867107216443685,0.08699999999999974,-0.0014789778409705428,0.16193548387096776,0.0,0.0,-0.03911578045563782
28,4,1461413,0,190,96.37,0.61,25.1,2.96,0.6064857796665497,-0.0002666510465639682,0.08800000000000008,-0.0030301255291359996,0.16193548387096776,0.0,0.0,-0.044354958542601554
28,4,1461457,0,190,94.6,0.61,25.1,3.004,0.6043641712978018,-0.00042493931357483563,0.08800000000000008,-0.004828855836077673,0.16193548387096776,-0.021994134897360868,-0.11363636363636363,-0.06010579809206682
28,4,1461501,0,190,90.2,0.6,24.8,3.048,0.6011964694344478,-0.0005822491973845984,0.09100000000000019,-0.006398342828402167,0.16,-0.05600850762141115,-0.10989010989010975,-0.0728170162625855
28,4,1461548,0,190,86.34,0.6,24.31,3.095,0.5977378228179066,-0.0007157875184992726,0.09099999999999975,-0.007865796906585435,0.15683870967741934,-0.07018787663948978,-0.10989010989011029,-0.08046873035431287
28,4,1461592,0,190,83.26,0.59,23.81,3.139,0.5938738149722054,-0.0008072611600107749,0.08799999999999963,-0.009173422272849754,0.15361290322580645,-0.06524926686217013,-0.11363636363636422,-0.09970578620464138
28,4,1461636,0,190,80.62,0.59,23.42,3.183,0.5889637136318981,-0.0008472727992614785,0.08700000000000019,-0.009738767807603181,0.1510967741935484,-0.0585836114200964,-0.11494252873563204,-0.11546858149872292
28,4,1461679,0,190,78.53,0.58,23.02,3.226,0.5838280483818165,-0.000836651129741572,0.08700000000000019,-0.009616679652201955,0.14851612903225805,-0.05932517612161644,-0.11494252873563204,-0.12764294544456845
28,4,1461723,0,190,76.65,0.58,22.62,3.27,0.5778587773782207,-0.0007847630644247054,0.08800000000000008,-0.008917762095735282,0.14593548387096775,-0.051319648093841604,-0.11363636363636363,-0.13544236084281588
28,4,1461767,0,190,75.11,0.57,22.32,3.314,0.5719091206276486,-0.0007059809800179302,0.08800000000000008,-0.008022511136567382,0.144,-0.05058651026392974,-0.11363636363636363,-0.14153466670629103
28,4,1461811,0,190,73.79,0.57,21.93,3.358,0.565403726708067,-0.0006157630917227302,0.08800000000000008,-0.006997307860485564,0.14148387096774193,-0.04325513196480924,-0.11363636363636237,-0.14409789295372558
28,4,1461855,0,190,72.69,0.56,21.73,3.402,0.5592285060477208,-0.000527453764569696,0.08699999999999974,-0.006062686949076983,0.14019354838709677,-0.03707823507601027,-0.22988505747126398,-0.14440148346878867
28,4,1461898,0,190,71.7,0.55,21.43,3.445,0.5528407976462825,-0.00045034484460144595,0.08899999999999997,-0.0050600544337241135,0.13825806451612904,-0.03624501631025744,-0.11235955056179789,-0.14189112253031003
28,4,1461944,0,190,70.82,0.55,21.23,3.491,0.5466001961425232,-0.0003890475750380169,0.0900000000000003,-0.004322750833755729,0.13696774193548386,-0.028673835125448067,-0.11111111111111084,-0.13686389887762684
28,4,1461988,0,190,70.05,0.54,21.03,3.535,0.540523046747296,-0.0003439246915178842,0.08800000000000008,-0.0039082351308850445,0.1356774193548387,-0.021260997067448374,-0.22727272727272727,-0.12972153704418987
28,4,1462032,0,190,69.38,0.53,20.94,3.579,0.5351847008826345,-0.00031222970988373786,0.08800000000000008,-0.0035480648850424725,0.1350967741935484,-0.02126099706744869,-0.11363636363636363,-0.12897857291449785
28,4,1462076,0,190,68.83,0.53,20.74,3.623,0.5291729323308202,-0.00028960261340505155,0.08799999999999963,-0.0032909387886937815,0.13380645161290322,-0.029325513196481197,-0.11363636363636422,-0.1338449879639805
28,4,1462120,0,190,68.28,0.52,20.54,3.667,0.5234063419418042,-0.0002715617156977004,0.08699999999999974,-0.00312139903100806,0.13251612903225807,-0.02224694104560616,-0.11494252873563263,-0.12955928051012003
28,4,1462163,0,190,67.73,0.52,20.44,3.71,0.5179012749264398,-0.0002546316217102813,0.08700000000000019,-0.002926800249543457,0.1318709677419355,-0.01483129403040403,-0.11494252873563204,-0.12335937294510406
28,4,1462207,0,190,67.29,0.51,20.34,3.754,0.5126740764955802,-0.0002368883829776429,0.08800000000000008,-0.002691913442927758,0.13122580645161291,-0.014662756598240683,-0.11363636363636363,-0.1218089690629722
28,4,1462251,0,190,66.96,0.51,20.24,3.798,0.5071820856488982,-0.00021796631198598248,0.08999999999999986,-0.0024218479109553645,0.1305806451612903,-0.014336917562724259,-0.11111111111111138,-0.11514292978823812
28,4,1462297,0,190,66.63,0.5,20.14,3.844,0.5023112128146388,-0.00019873323753317605,0.08999999999999986,-0.0022081470837019596,0.12993548387096773,-0.021505376344085926,-0.11111111111111138,-0.10152192074388694
28,4,1462341,0,190,66.3,0.5,19.94,3.888,0.4980451127819484,-0.00018078073711212995,0.08800000000000008,-0.002054326558092384,0.12864516129032258,-0.014662756598240368,0.0,-0.10052304674730174
28,4,1462385,0,190,65.97,0.5,19.94,3.932,0.4934651847008762,-0.00016576387272063898,0.08700000000000019,-0.001905331870352168,0.12864516129032258,-0.007415647015202015,-0.11494252873563204,-0.09908579544813949
28,4,1462428,0,190,65.75,0.49,19.84,3.975,0.48942464857796025,-0.00015468527555680822,0.08700000000000019,-0.0017779916730667573,0.128,-0.007415647015202015,-0.2298850574712641,-0.09367496702776307
28,4,1462472,0,190,65.53,0.48,19.84,4.019,0.4853154625694608,-0.00014740218654802462,0.08799999999999963,-0.0016750248471366503,0.128,-0.007331378299120536,-0.11363636363636422,-0.08874706529168733
28,4,1462516,0,190,65.2,0.48,19.74,4.063,0.4816149068322918,-0.00014266852945968723,0.08800000000000008,-0.0016212332893146262,0.1273548387096774,-0.013929618768328506,0.0,-0.08038871883265436
28,4,1462560,0,190,64.98,0.48,19.65,4.107,0.4782412553121872,-0.0001387622437651288,0.08800000000000008,-0.0015768436791491897,0.1267741935483871,-0.013929618768328192,-0.11363636363636363,-0.08024012600671546
28,4,1462604,0,190,64.76,0.47,19.55,4.151,0.47455377574370083,-0.00013436692608252799,0.08699999999999974,-0.0015444474262359584,0.12612903225806452,-0.014831294030404106,-0.11494252873563263,-0.07289588288562308
28,4,1462647,0,190,64.54,0.47,19.45,4.194,0.471899313501138,-0.00012919335313439363,0.08900000000000041,-0.0014516107093752026,0.12548387096774194,-0.0072490032620513905,0.0,-0.06538084341287796
28,4,1462693,0,190,64.32,0.47,19.45,4.24,0.46873488067995467,-0.00012399282715169234,0.08999999999999986,-0.0013776980794632503,0.12548387096774194,-0.007168458781361975,0.0,-0.06723330064291055
28,4,1462737,0,190,64.21,0.47,19.35,4.284,0.46584831644327607,-0.00011999647376640254,0.08800000000000008,-0.0013635962928000276,0.12483870967741936,-0.007331378299120184,-0.11363636363636301,-0.07009866563642231
28,4,1462781,0,190,63.99,0.46,19.35,4.328,0.4625661981039495,-0.00011813273109047273,0.08800000000000008,-0.0013424173987553708,0.12483870967741936,-0.007331378299120342,-0.11363636363636301,-0.07050729590775275
28,4,1462825,0,190,63.77,0.46,19.25,4.372,0.4596436744033938,-0.0001184473851941057,0.08899999999999952,-0.0013308694965629925,0.12419354838709677,-0.007249003262051619,0.0,-0.05314948338114391
28,4,1462870,0,190,63.55,0.46,19.25,4.417,0.4578358940830277,-0.00011999799227228181,0.08800000000000008,-0.0013636135485486558,0.12419354838709677,-0.007331378299120342,0.0,-0.046323813486284865
28,4,1462913,0,190,63.44,0.46,19.15,4.46,0.45556717881660075,-0.00012124538229742399,0.08699999999999974,-0.0013936250838784408,0.12354838709677418,-0.014831294030404106,-0.11494252873563263,-0.05914336065050166
28,4,1462957,0,190,63.33,0.45,19.05,4.504,0.4526904217064341,-0.00012073666454919163,0.08800000000000008,-0.0013720075516953582,0.12290322580645162,-0.007331378299120026,-0.11363636363636363,-0.06408065618591849
28,4,1463001,0,190,63.11,0.45,19.05,4.548,0.4499280810722399,-0.00011775568614319809,0.08800000000000008,-0.0013381327970817952,0.12290322580645162,-0.007331378299120342,0.0,-0.05962287140776693
28,4,1463045,0,190,62.89,0.45,18.95,4.592,0.4474436090225506,-0.00011265213643760674,0.08999999999999986,-0.001251690404862299,0.12225806451612903,-0.01433691756272395,-0.11111111111111138,-0.05412080926954908
28,4,1463091,0,190,62.78,0.44,18.85,4.638,0.4450572082379805,-0.000106709241625218,0.09000000000000075,-0.00118565824028019,0.12161290322580647,-0.00716845878136175,-0.11111111111111029,-0.05393919581562476
28,4,1463135,0,190,62.67,0.44,18.85,4.682,0.4425890813991443,-0.00010160123926997145,0.08800000000000008,-0.0011545595371587655,0.12161290322580647,0.0,0.0,-0.05516508662961664
28,4,1463179,0,190,62.45,0.44,18.85,4.726,0.44020268061457424,-9.868228187144723e-05,0.08699999999999974,-0.0011342791019706613,0.12161290322580647,-0.007415647015202213,0.0,-0.052041648348758095
28,4,1463222,0,190,62.34,0.44,18.75,4.769,0.4380614579928024,-9.845359972414158e-05,0.08699999999999974,-0.0011316505715418606,0.12096774193548387,-0.007415647015202213,0.0,-0.04847200459920422
28,4,1463266,0,190,62.12,0.44,18.75,4.813,0.4359856162144435,-0.00010045803167909639,0.08800000000000008,-0.0011415685418079125,0.12096774193548387,-0.007331378299120342,-0.11363636363636363,-0.048478409462390876
28,4,1463310,0,190,62.01,0.43,18.65,4.857,0.433795357960112,-0.00010358035478095573,0.08800000000000008,-0.0011770494861472233,0.12032258064516128,-0.014662756598240368,-0.11363636363636363,-0.049221373592081646
28,4,1463354,0,190,61.9,0.43,18.55,4.901,0.4316541353383403,-0.0001065006904101402,0.08800000000000008,-0.0012102351182970467,0.11967741935483872,-0.007331378299120026,0.0,-0.04624951707331478
28,4,1463398,0,190,61.68,0.43,18.55,4.945,0.4297254004576603,-0.00010804202906799177,0.08700000000000063,-0.001241862403080356,0.11967741935483872,0.0,0.0,-0.050388339664754
28,4,1463441,0,190,61.46,0.43,18.55,4.988,0.42727034978750666,-0.00010734895857718385,0.08899999999999952,-0.0012061680739009486,0.11967741935483872,-0.007249003262051619,0.0,-0.05333313743567484
28,4,1463487,0,190,61.35,0.43,18.45,5.034,0.42497875122588524,-0.00010401426215968712,0.08999999999999986,-0.0011557140239965254,0.11903225806451613,-0.01362007168458806,-0.11111111111111138,-0.04144419018560842
28,4,1463531,0,190,61.24,0.42,18.36,5.078,0.4235403726708019,-9.823585054630613e-05,0.08800000000000008,-0.0011163164834807505,0.1184516129032258,-0.006598240469208323,-0.11363636363636363,-0.04799548277809036
28,4,1463575,0,190,61.13,0.42,18.36,5.122,0.4207551487414133,-9.090820350419904e-05,0.08800000000000008,-0.00103304776709317,0.1184516129032258,-0.007331378299120026,0.0,-0.05453356711937973
28,4,1463619,0,190,61.01,0.42,18.26,5.166,0.4187414187642965,-8.348193838665452e-05,0.08800000000000008,-0.0009486583907574369,0.11780645161290323,-0.007331378299120026,0.0,-0.045766590389016155
28,4,1463663,0,190,60.79,0.42,18.26,5.21,0.41672768878717986,-7.755922364753687e-05,0.08699999999999974,-0.0008914853292820356,0.11780645161290323,0.0,-0.11494252873563263,-0.044789635257557796
28,4,1463706,0,190,60.68,0.41,18.26,5.253,0.414844720496889,-7.438452575684096e-05,0.08699999999999974,-0.0008549945489292089,0.11780645161290323,-0.007415647015202213,-0.11494252873563263,-0.03385525282471427
28,4,1463750,0,190,60.57,0.41,18.16,5.297,0.41378228179142973,-7.446603251280593e-05,0.08800000000000008,-0.0008462049149182484,0.11716129032258064,-0.007331378299120342,0.0,-0.03347053404261575
28,4,1463794,0,190,60.35,0.41,18.16,5.341,0.4118993135011388,-7.748809925287858e-05,0.08800000000000008,-0.000880546582419074,0.11716129032258064,0.0,0.0,-0.044280662129632095
28,4,1463838,0,190,60.24,0.41,18.16,5.385,0.4098855835240221,-8.25297015200448e-05,0.08999999999999986,-0.0009169966835560547,0.11716129032258064,-0.0071684587813621295,0.0,-0.0447495550470369
28,4,1463884,0,190,60.02,0.41,18.06,5.431,0.40787185354690547,-8.846776946528223e-05,0.08999999999999986,-0.0009829752162809151,0.11651612903225805,-0.01433691756272395,0.0,-0.037085467291416395
28,4,1463928,0,190,59.91,0.41,17.96,5.475,0.40654789146779463,-9.43488601657414e-05,0.08800000000000008,-0.0010721461382470605,0.11587096774193549,-0.007331378299120026,-0.11363636363636301,-0.030647270349787162
28,4,1463972,0,190,59.8,0.4,17.96,5.519,0.4051748937561242,-9.95216162513266e-05,0.08700000000000063,-0.0011439266235784584,0.11587096774193549,0.0,0.0,-0.04061878835018425
28,4,1464015,0,190,59.58,0.41,17.96,5.562,0.4030140568813286,-0.00010350292531310501,0.08699999999999974,-0.00118968879670236,0.11587096774193549,-0.007415647015202213,0.0,-0.050801666835754135
28,4,1464059,0,190,59.47,0.4,17.86,5.606,0.4007551487414136,-0.00010578597889089992,0.08800000000000008,-0.0012021133964874979,0.1152258064516129,-0.007331378299120342,-0.11363636363636301,-0.0446149959879937
28,4,1464103,0,190,59.25,0.4,17.86,5.65,0.3990879372343851,-0.00010584247304974425,0.08800000000000008,-0.0012027553755652746,0.1152258064516129,-0.007331378299120026,0.0,-0.03956283990608965
28,4,1464147,0,190,59.14,0.4,17.76,5.694,0.3972736188296777,-0.00010336672658627677,0.08899999999999952,-0.001161423894227835,0.11458064516129034,-0.014498006524102925,-0.11235955056179846,-0.050725249861340284
28,4,1464192,0,190,59.03,0.39,17.66,5.739,0.39457338999672587,-9.856761378881984e-05,0.08800000000000008,-0.0011200865203274972,0.11393548387096775,-0.007331378299120342,-0.11363636363636363,-0.05724538619275319
28,4,1464235,0,190,58.81,0.39,17.66,5.782,0.3922360248447154,-9.22636335354845e-05,0.08900000000000041,-0.00103667003972454,0.11393548387096775,0.0,0.0,-0.0630300715148881
28,4,1464281,0,190,58.7,0.39,17.66,5.828,0.3889637136319008,-8.570475871659867e-05,0.08999999999999986,-0.0009522750968510978,0.11393548387096775,-0.0071684587813621295,0.0,-0.07162834622788856
28,4,1464325,0,190,58.59,0.39,17.56,5.872,0.38578947368420546,-8.024946814189704e-05,0.08800000000000008,-0.0009119257743397383,0.11329032258064516,-0.007331378299120342,-0.11363636363636363,-0.06318909923028881
28,4,1464369,0,190,58.37,0.38,17.56,5.916,0.3834030728996354,-7.706398919606983e-05,0.08800000000000008,-0.0008757271499553382,0.11329032258064516,-0.007331378299120026,-0.11363636363636363,-0.05367915837023257
28,4,1464413,0,190,58.26,0.38,17.46,5.96,0.381065707747625,-7.689346461989288e-05,0.08799999999999919,-0.000873789370680609,0.11264516129032259,-0.0073313782991201,0.0,-0.06096020684121271
28,4,1464457,0,190,58.15,0.38,17.46,6.004,0.3780385746976087,-7.987317151873441e-05,0.08699999999999974,-0.0009180824312498235,0.11264516129032259,0.0,0.0,-0.05279315229603215
28,4,1464500,0,190,57.93,0.38,17.46,6.047,0.3764727034978702,-8.540291203405203e-05,0.08700000000000063,-0.0009816426670580622,0.11264516129032259,-0.007415647015202137,-0.11494252873563145,-0.044113281705011644
28,4,1464544,0,190,57.82,0.37,17.36,6.091,0.37420071918927267,-9.21920816482107e-05,0.08800000000000008,-0.0010476372914569388,0.112,-0.007331378299120342,-0.11363636363636363,-0.05145026598115774
28,4,1464588,0,190,57.71,0.37,17.36,6.135,0.3719450800915283,-9.855456452737243e-05,0.08999999999999986,-0.0010950507169708065,0.112,-0.007168458781361975,0.0,-0.048127565290036124
28,4,1464634,0,190,57.49,0.37,17.26,6.181,0.3698692383131694,-0.0001029004947409078,0.08999999999999986,-0.0011433388304545329,0.11135483870967743,-0.007168458781361975,-0.11111111111111138,-0.05234099742108788
28,4,1464678,0,190,57.38,0.36,17.26,6.225,0.3672343903236304,-0.00010425538050177608,0.08800000000000008,-0.0011847202329747272,0.11135483870967743,-0.007331378299120342,0.0,-0.052044637284911495
28,4,1464722,0,190,57.27,0.37,17.16,6.269,0.3652893102320972,-0.00010260394690977748,0.08800000000000008,-0.0011659539421565613,0.11070967741935483,-0.013929618768328506,0.11363636363636363,-0.04476358881393198
28,4,1464766,0,190,57.16,0.37,17.07,6.313,0.3632951945080044,-9.889615076855307e-05,0.08699999999999974,-0.001136737365155786,0.11012903225806452,-0.006674082313681848,-0.11494252873563263,-0.044526608876012355
28,4,1464809,0,190,56.94,0.36,17.07,6.356,0.36141549525988415,-9.467075865026686e-05,0.08700000000000063,-0.001088169639658232,0.11012903225806452,0.0,-0.11494252873563145,-0.05038833966475336
28,4,1464853,0,190,56.83,0.36,17.07,6.4,0.35891140895717083,-9.144444280676112e-05,0.08800000000000008,-0.0010391413955313754,0.11012903225806452,-0.007331378299120342,0.0,-0.056168088204700185
28,4,1464897,0,190,56.72,0.36,16.97,6.444,0.3564727034978705,-9.016320303285497e-05,0.08800000000000008,-0.0010245818526460782,0.10948387096774193,-0.007331378299120342,-0.11363636363636363,-0.0468438883770679
28,4,1464941,0,190,56.61,0.35,16.97,6.488,0.35478914677998885,-9.096720052565744e-05,0.08800000000000008,-0.0010337181877915608,0.10948387096774193,-0.007331378299120026,-0.11363636363636363,-0.03807691164670558
28,4,1464985,0,190,56.39,0.35,16.87,6.532,0.35312193527296043,-9.33097525138109e-05,0.08999999999999986,-0.001036775027931234,0.10883870967741936,-0.007168458781361821,0.0,-0.04507645926410158
28,4,1465031,0,190,56.28,0.35,16.87,6.578,0.3507322654462197,-9.62872168633595e-05,0.08999999999999986,-0.0010698579651484406,0.10883870967741936,-0.0071684587813621295,0.0,-0.05346700083542157
28,4,1465075,0,190,56.06,0.35,16.77,6.622,0.3483099051977725,-9.899623302911564e-05,0.08800000000000008,-0.0011249571935126768,0.10819354838709677,-0.007331378299120342,0.0,-0.053939195815625986
28,4,1465119,0,190,55.95,0.35,16.77,6.666,0.3459856162144446,-0.00010079668638116602,0.08800000000000008,-0.0011454168906950674,0.10819354838709677,-0.007331378299120026,-0.11363636363636301,-0.05412493684804805
28,4,1465163,0,190,55.73,0.34,16.67,6.71,0.34354691075514426,-0.00010143742303194259,0.08799999999999919,-0.0011526979889993582,0.10754838709677421,-0.0073313782991201,-0.11363636363636415,-0.0488870397337218
28,4,1465207,0,190,55.62,0.34,16.67,6.754,0.34168355671787715,-0.00010105571880937347,0.08699999999999974,-0.001161559986314641,0.10754838709677421,-0.007415647015202213,0.0,-0.03434373039044353
28,4,1465250,0,190,55.51,0.34,16.57,6.797,0.3405590062111757,-0.0001000861196176217,0.08700000000000063,-0.001150415168018632,0.10690322580645162,-0.007415647015202137,0.0,-0.04227209703418845
28,4,1465294,0,190,55.4,0.34,16.57,6.841,0.3380058842759027,-9.911736430637674e-05,0.08800000000000008,-0.0011263336852997347,0.10690322580645162,-0.007331378299120342,0.0,-0.049815744895835394
28,4,1465338,0,190,55.18,0.34,16.47,6.885,0.33617522066034217,-9.872884324627052e-05,0.08800000000000008,-0.001121918673253073,0.10625806451612903,-0.007331378299120342,-0.11363636363636363,-0.04179173229516385
28,4,1465382,0,190,55.07,0.33,16.47,6.929,0.3343282118339283,-9.933077188235728e-05,0.08999999999999986,-0.001103675243137305,0.10625806451612903,-0.007168458781361821,-0.11111111111111138,-0.049435182158294226
28,4,1465428,0,190,54.96,0.33,16.37,6.975,0.3317260542660957,-0.00010103109760510876,0.0909999999999993,-0.0011102318418143905,0.10561290322580646,-0.007089684509039206,0.0,-0.05176582162525268
28,4,1465473,0,190,54.74,0.33,16.37,7.02,0.32961752206603034,-0.00010355720999482543,0.08800000000000008,-0.0011767864772139242,0.10561290322580646,-0.007331378299120342,0.0,-0.050707301851465075
28,4,1465516,0,190,54.63,0.33,16.27,7.063,0.32726381170316676,-0.00010626594327625227,0.08700000000000063,-0.0012214476238649598,0.10496774193548387,-0.007415647015202137,0.0,-0.055047664137854425
28,4,1465560,0,190,54.52,0.33,16.27,7.107,0.324828375286037,-0.00010827130955390984,0.08800000000000008,-0.001230355790385338,0.10496774193548387,-0.007331378299120184,-0.11363636363636363,-0.054422122499925236
28,4,1465604,0,190,54.41,0.32,16.17,7.151,0.32247466492317334,-0.00010869546857159307,0.08800000000000008,-0.0012351757792226474,0.1043225806451613,-0.007331378299120184,-0.11363636363636363,-0.06096020684121272
28,4,1465648,0,190,54.19,0.32,16.17,7.195,0.31946387708401025,-0.00010699771778815758,0.08800000000000008,-0.0012158831566836078,0.1043225806451613,-0.007331378299120342,-0.11363636363636363,-0.06170317097090538
28,4,1465692,0,190,54.08,0.31,16.07,7.239,0.31704478587773366,-0.0001032644321723133,0.08699999999999974,-0.0011869474962334897,0.1036774193548387,-0.014831294030404266,0.0,-0.05730217597967845
28,4,1465735,0,190,53.97,0.32,15.97,7.282,0.31447858777377824,-9.82917087603159e-05,0.08699999999999974,-0.0011297897558657033,0.10303225806451613,-0.007415647015202053,0.0,-0.058805183874227215
28,4,1465779,0,190,53.75,0.31,15.97,7.326,0.3119287348806759,-9.334450584566233e-05,0.08999999999999986,-0.0010371611760629164,0.10303225806451613,0.0,-0.11111111111111138,-0.048454469507101416
28,4,1465825,0,190,53.64,0.31,15.97,7.372,0.3101176855181391,-8.96633754309022e-05,0.09000000000000075,-0.0009962597270100162,0.10303225806451613,-0.006451612903225714,0.0,-0.056118557262720754
28,4,1465869,0,190,53.53,0.31,15.88,7.416,0.306878064727031,-8.798228476116065e-05,0.08800000000000008,-0.0009997986904677339,0.10245161290322581,-0.006598240469208165,-0.11363636363636363,-0.06541799161936301
28,4,1465913,0,190,53.42,0.3,15.88,7.46,0.30436090225563517,-8.832497594990229e-05,0.08799999999999919,-0.0010036929085216262,0.10245161290322581,-0.0073313782991204154,-0.11363636363636478,-0.05739397901869331
28,4,1465957,0,190,53.31,0.3,15.78,7.504,0.30182739457338603,-9.015136610673835e-05,0.08800000000000008,-0.0010244473421220257,0.10180645161290322,-0.007331378299120342,0.0,-0.0559080507593093
28,4,1466001,0,190,53.09,0.3,15.78,7.548,0.29944099378881595,-9.271615309487125e-05,0.08700000000000063,-0.0010657029091364434,0.10180645161290322,-0.007415647015201978,0.0,-0.051290144401481594
28,4,1466044,0,190,52.98,0.3,15.68,7.591,0.2973651520104571,-9.542859538902882e-05,0.08699999999999974,-0.0010968804067704495,0.10116129032258064,-0.007415647015202053,0.0,-0.0526428515065767
28,4,1466088,0,190,52.87,0.3,15.68,7.635,0.2948610657077438,-9.805600689325189e-05,0.08800000000000008,-0.0011142728056051342,0.10116129032258064,-0.007331378299120184,-0.11363636363636363,-0.04758685250676056
28,4,1466132,0,190,52.76,0.29,15.58,7.679,0.29317750898986217,-0.00010071428868398514,0.08800000000000008,-0.0011444805532271028,0.10051612903225807,-0.007331378299120184,-0.11363636363636363,-0.04758685250675993
28,4,1466176,0,190,52.65,0.29,15.58,7.723,0.2906734226871489,-0.00010368125683598529,0.08999999999999986,-0.0011520139648442827,0.10051612903225807,-0.007168458781361975,0.0,-0.04707420725727318
28,4,1466222,0,190,52.42,0.29,15.48,7.769,0.2889408303367076,-0.00010713091714891653,0.08999999999999986,-0.0011903435238768522,0.09987096774193549,-0.007168458781361975,-0.11111111111111077,-0.04435000544840332
28,4,1466266,0,190,52.31,0.28,15.48,7.813,0.2866819221967926,-0.000110912602350286,0.08800000000000008,-0.0012603704812532489,0.09987096774193549,-0.007331378299120184,0.0,-0.04312906772860964
28,4,1466310,0,190,52.2,0.29,15.38,7.857,0.28514547237658994,-0.00011448519794608814,0.08700000000000063,-0.001315921815472268,0.09922580645161291,-0.007415647015201978,0.0,-0.041933920257915286
28,4,1466353,0,190,51.98,0.28,15.38,7.9,0.28303367113435396,-0.00011706047581772872,0.11699999999999999,-0.0010005168873310148,0.09922580645161291,-0.005514199062586245,-0.08547008547008508,-0.0351212479358924
28,4,1466427,0,190,51.87,0.28,15.28,7.974,0.2810362863680905,-0.00011791329855969579,0.11800000000000033,-0.0009992652420313173,0.09858064516129032,-0.010934937124111558,0.0,-0.03468509150547629
28,4,1466471,0,190,51.65,0.28,15.18,8.018,0.27894083033670775,-0.00011671247060129097,0.08799999999999919,-0.0013262780750146824,0.09793548387096775,-0.007331378299120258,0.0,-0.040900175339534585
28,4,1466515,0,190,51.54,0.28,15.18,8.062,0.2774370709382115,-0.0001136902876531991,0.08799999999999919,-0.0012919350869681834,0.09793548387096775,-0.0073313782991204154,0.0,-0.03584801925763048
28,4,1466559,0,190,51.43,0.28,15.08,8.106,0.2757862046420363,-0.0001095576063905952,0.08699999999999974,-0.0012592828320758106,0.09729032258064516,-0.007415647015202213,-0.11494252873563263,-0.03776307335054259
28,4,1466602,0,190,51.32,0.27,15.08,8.149,0.2741516835567143,-0.00010522785103938226,0.08900000000000041,-0.0011823354049368738,0.09729032258064516,-0.0072490032620513905,-0.11235955056179733,-0.044848320116362625
28,4,1466648,0,190,51.21,0.27,14.98,8.195,0.27179470415168,-0.00010150792890855698,0.09000000000000163,-0.0011278658767617238,0.09664516129032258,-0.007168458781361834,0.0,-0.052740547019721654
28,4,1466692,0,190,51.1,0.27,14.98,8.239,0.2694050343249393,-9.88902203210209e-05,0.08799999999999919,-0.001123752503647975,0.09664516129032258,-0.007331378299120258,0.0,-0.04684388837706901
28,4,1466736,0,190,50.88,0.27,14.88,8.283,0.26767244197449797,-9.749377669377246e-05,0.08799999999999919,-0.0011078838260656064,0.096,-0.007331378299120258,-0.11363636363636478,-0.05055870902552794
28,4,1466780,0,190,50.77,0.26,14.88,8.327,0.26495586793069287,-9.71288066934779e-05,0.08800000000000097,-0.0011037364396986004,0.096,-0.007331378299120267,0.0,-0.05483075277125448
28,4,1466824,0,190,50.66,0.27,14.78,8.371,0.2628473357306275,-9.742415811629535e-05,0.08699999999999974,-0.0011198179093827084,0.09535483870967741,-0.007415647015202213,0.0,-0.056400371242949575
28,4,1466867,0,190,50.55,0.26,14.78,8.414,0.26004903563255627,-9.795750859966467e-05,0.08699999999999974,-0.0011259483747087927,0.09535483870967741,-0.007415647015202053,-0.11494252873563263,-0.06432873788669494
28,4,1466911,0,190,50.44,0.26,14.68,8.458,0.2572507355344851,-9.834937681008959e-05,0.08800000000000097,-0.0011176065546600967,0.09470967741935483,-0.00733137829912011,-0.1136363636363625,-0.05575945793336919
28,4,1466955,0,190,50.22,0.25,14.68,8.502,0.2551422033344197,-9.831249024485978e-05,0.08999999999999986,-0.001092361002720666,0.09470967741935483,-0.006451612903225778,-0.11111111111111138,-0.04740111147433786
28,4,1467001,0,190,50.11,0.25,14.59,8.548,0.2529846355017947,-9.767541495266486e-05,0.08999999999999986,-0.0010852823883629446,0.09412903225806452,-0.006451612903225778,0.0,-0.046674657658638985
28,4,1467045,0,190,50.0,0.25,14.59,8.592,0.2509414841451422,-9.640968356928603e-05,0.08799999999999919,-0.001095564586014624,0.09412903225806452,-0.007331378299120258,0.0,-0.053530565544295465
28,4,1467089,0,190,49.89,0.25,14.49,8.636,0.24827394573389672,-9.467238029809621e-05,0.08699999999999974,-0.0010881882792884655,0.09348387096774194,-0.007415647015202053,0.0,-0.05414585940112611
28,4,1467132,0,190,49.78,0.25,14.49,8.679,0.24623079437724427,-9.283884354639583e-05,0.08700000000000152,-0.0010671131442114277,0.09348387096774194,-0.007415647015201902,-0.11494252873563028,-0.04828412861238392
28,4,1467176,0,190,49.67,0.24,14.39,8.723,0.24407322654461924,-9.147188174052978e-05,0.08799999999999919,-0.0010394532015969389,0.09283870967741936,-0.007331378299120258,-0.11363636363636478,-0.04847840946239136
28,4,1467220,0,190,49.56,0.24,14.39,8.767,0.24196469434455387,-9.118364641386734e-05,0.08899999999999864,-0.0010245353529648173,0.09283870967741936,-0.0072490032620516915,0.0,-0.05513294717007468
28,4,1467265,0,190,49.45,0.24,14.29,8.812,0.23916639424648267,-9.24011559778446e-05,0.08900000000000041,-0.0010382152357061142,0.09219354838709677,-0.007249003262051547,0.0,-0.05274544446117622
28,4,1467309,0,190,49.23,0.24,14.29,8.856,0.23727034978750916,-9.512886096269213e-05,0.08699999999999974,-0.0010934351834792232,0.09219354838709677,0.0,0.0,-0.04813382782293041
28,4,1467352,0,190,49.12,0.24,14.29,8.899,0.23497875122588774,-9.886205243416767e-05,0.08900000000000041,-0.0011108095779119912,0.09219354838709677,-0.0072490032620513905,-0.11235955056179701,-0.048190823908818674
28,4,1467398,0,190,49.01,0.23,14.19,8.945,0.23298136645962428,-0.00010276208978752876,0.09000000000000163,-0.0011418009976391877,0.0915483870967742,-0.014336917562723667,-0.11111111111110888,-0.04968944099378717
28,4,1467442,0,190,48.9,0.23,14.09,8.989,0.2305067015364468,-0.00010603120978485414,0.08799999999999919,-0.0012049001111915354,0.09090322580645162,-0.007331378299120258,0.0,-0.054199233261017735
28,4,1467486,0,190,48.79,0.23,14.09,9.033,0.22821183393265476,-0.00010825228188016212,0.08799999999999919,-0.0012301395668200355,0.09090322580645162,-0.0073313782991204154,0.0,-0.04264614104431018
28,4,1467530,0,190,48.57,0.23,13.99,9.077,0.22675384112454755,-0.00010947216357184075,0.08800000000000097,-0.001244001858770904,0.09025806451612903,-0.007331378299120267,-0.1136363636363625,-0.032393236054562416
28,4,1467574,0,190,48.57,0.22,13.99,9.121,0.22536122915985324,-0.00011000357306048692,0.08699999999999974,-0.0012644088857527269,0.09025806451612903,-0.007415647015202053,-0.11494252873563263,-0.029759556312069505
28,4,1467617,0,190,48.46,0.22,13.89,9.164,0.2241647597253975,-0.00011010919796180652,0.08699999999999974,-0.0012656229650782396,0.08961290322580645,-0.007415647015202053,0.0,-0.03411827920626099
28,4,1467661,0,190,48.35,0.22,13.89,9.208,0.22239293886890854,-0.00010977619644190106,0.08800000000000097,-0.001247456777748862,0.08961290322580645,-0.007331378299120267,0.0,-0.039339950667180254
28,4,1467705,0,190,48.13,0.22,13.79,9.252,0.2207028440666856,-0.00010871093269588883,0.08799999999999919,-0.001235351507907839,0.08896774193548386,-0.0073313782991204154,0.0,-0.0300157508395493
28,4,1467749,0,190,48.02,0.22,13.79,9.296,0.21975155279502823,-0.00010655758838234419,0.08999999999999986,-0.0011839732042482707,0.08896774193548386,-0.007168458781361975,0.0,-0.021503032944680228
28,4,1467795,0,190,47.91,0.22,13.69,9.342,0.2187675711016644,-0.00010321682847600577,0.08999999999999986,-0.0011468536497333992,0.08832258064516128,-0.01433691756272395,0.0,-0.020776579128981967
28,4,1467839,0,190,47.8,0.22,13.59,9.386,0.21788166067341985,-9.905883035055219e-05,0.08699999999999974,-0.0011386072454086492,0.0876774193548387,-0.007415647015202053,0.0,-0.02810624762806593
28,4,1467882,0,190,47.69,0.22,13.59,9.429,0.21632232755802266,-9.486430379146782e-05,0.08700000000000152,-0.001090394296453634,0.0876774193548387,0.0,0.0,-0.03603461427181055
28,4,1467926,0,190,47.58,0.22,13.59,9.473,0.21474664923177228,-9.15105256150408e-05,0.08799999999999919,-0.001039892336534564,0.0876774193548387,-0.007331378299120258,-0.11363636363636478,-0.02852982258016522
28,4,1467970,0,190,47.47,0.21,13.49,9.517,0.21381170317096815,-8.961179590246892e-05,0.08799999999999919,-0.0010183158625280654,0.08703225806451613,-0.007331378299120258,-0.11363636363636478,-0.02273470236856908
28,4,1468014,0,190,47.36,0.21,13.49,9.561,0.21274599542333822,-8.933682248804153e-05,0.08800000000000097,-0.0010151911646368245,0.08703225806451613,-0.00733137829912011,0.0,-0.03447353561769958
28,4,1468058,0,190,47.25,0.21,13.39,9.605,0.21077803203661055,-9.045874916156826e-05,0.08699999999999974,-0.0010397557374892934,0.08638709677419355,-0.007415647015202053,0.0,-0.04805867742820332
28,4,1468101,0,190,47.14,0.21,13.39,9.648,0.20856489048708454,-9.25326011149945e-05,0.08699999999999974,-0.0010635931162643077,0.08638709677419355,-0.006674082313681848,0.0,-0.052567701111849614
28,4,1468145,0,190,47.03,0.21,13.3,9.692,0.20620464203987965,-9.506726607570038e-05,0.08999999999999986,-0.0010563029563966724,0.08580645161290323,-0.006451612903225778,-0.11111111111111108,-0.052994805855216626
28,4,1468191,0,190,46.81,0.2,13.3,9.738,0.20379535796011505,-9.762595237982019e-05,0.08999999999999986,-0.0010847328042202261,0.08580645161290323,-0.0071684587813621295,-0.11111111111111108,-0.04678362573099357
28,4,1468235,0,190,46.7,0.2,13.2,9.782,0.20199411572409023,-9.98575812282141e-05,0.08800000000000097,-0.001134745241229693,0.08516129032258064,-0.007331378299120267,0.0,-0.04279473387024792
28,4,1468279,0,190,46.59,0.2,13.2,9.826,0.2000294213795332,-0.00010149026640338831,0.08799999999999919,-0.001153298481856696,0.08516129032258064,-0.007331378299120258,0.0,-0.04502362625932395
28,4,1468323,0,190,46.48,0.2,13.1,9.87,0.19803203661326976,-0.00010231743913625557,0.08799999999999919,-0.001162698172002915,0.08451612903225807,-0.007331378299120258,0.0,-0.04428066212963223
28,4,1468367,0,190,46.37,0.2,13.1,9.914,0.1961327231121256,-0.0001021987225694101,0.08700000000000152,-0.0011746979605679116,0.08451612903225807,-0.007415647015201902,-0.11494252873563028,-0.041032115521185686
28,4,1468410,0,190,46.26,0.19,13.0,9.957,0.19446224256292655,-0.00010108808450031503,0.08699999999999974,-0.0011619320057507509,0.08387096774193549,-0.007415647015202053,-0.11494252873563263,-0.03821397571890735
28,4,1468454,0,190,46.15,0.19,13.0,10.001,0.19280810722458067,-9.90870535193924e-05,0.08799999999999919,-0.0011259892445385604,0.08387096774193549,-0.0073313782991204154,0.0,-0.04617522066034674
28,4,1468498,0,190,46.04,0.19,12.9,10.045,0.19039882314481607,-9.650070339729667e-05,0.08800000000000097,-0.0010965989022419956,0.0832258064516129,-0.007331378299120267,0.0,-0.045617997563076156
28,4,1468542,0,190,45.93,0.19,12.9,10.089,0.18879372343902992,-9.385660005054142e-05,0.0909999999999993,-0.0010313912093466169,0.0832258064516129,-0.007089684509039359,0.0,-0.034917681207317926
28,4,1468589,0,190,45.82,0.19,12.8,10.136,0.18722131415495016,-9.184313635607921e-05,0.08999999999999986,-0.0010204792928453262,0.08258064516129032,-0.007168458781361975,0.0,-0.03312629399585887
28,4,1468632,0,190,45.71,0.19,12.8,10.179,0.18581235697940263,-9.114337625321767e-05,0.08700000000000152,-0.0010476250144047824,0.08258064516129032,-0.007415647015202061,-0.11494252873563028,-0.03937880683718182
28,4,1468676,0,190,45.6,0.18,12.7,10.223,0.18379535796011529,-9.218912629800436e-05,0.08799999999999919,-0.0010476037079318774,0.08193548387096773,-0.0073313782991204154,-0.11363636363636478,-0.038931320395851246
28,4,1468720,0,190,45.49,0.18,12.7,10.267,0.18238640078456775,-9.49311030430131e-05,0.08799999999999919,-0.0010787625345797043,0.08193548387096773,0.0,0.0,-0.03387916431394683
28,4,1468764,0,190,45.38,0.18,12.7,10.311,0.180813991500488,-9.877393532116763e-05,0.08800000000000097,-0.0011224310831950744,0.08193548387096773,-0.00733137829912011,0.0,-0.04246040001188663
28,4,1468808,0,190,45.27,0.18,12.6,10.355,0.17864988558352168,-0.00010277943994501548,0.08699999999999974,-0.0011813728729312158,0.08129032258064516,-0.014831294030404106,0.0,-0.03862730288990792
28,4,1468851,0,190,45.05,0.18,12.5,10.398,0.177453416149066,-0.00010606894214543772,0.08699999999999974,-0.0012191832430510118,0.08064516129032258,-0.007415647015202053,-0.11494252873563231,-0.03562128710080975
28,4,1468895,0,190,45.05,0.17,12.5,10.442,0.17555083360575124,-0.00010818448223205479,0.08800000000000097,-0.0012293691162733363,0.08064516129032258,-0.00733137829912011,0.0,-0.04379773544533177
28,4,1468939,0,190,44.94,0.18,12.4,10.486,0.17359921542987677,-0.00010918322722813656,0.08999999999999986,-0.0012131469692015192,0.08,-0.007168458781361975,0.0,-0.04282445243543605
28,4,1468985,0,190,44.72,0.17,12.4,10.532,0.171696632886562,-0.0001094364098843652,0.08999999999999986,-0.001215960109826282,0.08,-0.007168458781361975,-0.11111111111111108,-0.04064509098834003
28,4,1469029,0,190,44.72,0.17,12.3,10.576,0.16994115724092618,-0.00010929388829907793,0.08799999999999919,-0.0012419760033986244,0.07935483870967742,-0.007331378299120258,0.0,-0.03075871496924134
28,4,1469073,0,190,44.5,0.17,12.3,10.62,0.1689898659692688,-0.00010882216478786866,0.08799999999999919,-0.0012366155089530643,0.07935483870967742,-0.0073313782991204154,0.0,-0.027601117418050488
28,4,1469117,0,190,44.5,0.17,12.2,10.664,0.16751225890813776,-0.00010775005382989633,0.08700000000000152,-0.0012385063658608556,0.07870967741935483,-0.007415647015202061,-0.11494252873563028,-0.03246497052225675
28,4,1469160,0,190,44.28,0.16,12.2,10.707,0.1661654135338324,-0.00010563749054795046,0.08699999999999974,-0.0012142240292867905,0.07870967741935483,-0.007415647015202053,-0.11494252873563263,-0.03227709453543905
28,4,1469204,0,190,44.17,0.16,12.1,10.751,0.16470415168355457,-0.00010216505466721238,0.08799999999999919,-0.0011609665303092423,0.07806451612903226,-0.013929618768328489,0.11363636363636478,-0.03339623762964663
28,4,1469248,0,190,44.06,0.17,12.01,10.795,0.16322654462242353,-9.736698036268088e-05,0.08800000000000097,-0.001106442958666816,0.07748387096774194,-0.006598240469208099,0.0,-0.026300930191089835
28,4,1469292,0,190,43.95,0.16,12.01,10.839,0.16238966982673864,-9.16635665311425e-05,0.08999999999999986,-0.0010184840725682516,0.07748387096774194,0.0,-0.11111111111111138,-0.02005012531328309
28,4,1469338,0,190,43.84,0.16,12.01,10.885,0.16142203334422806,-8.570247759406513e-05,0.08999999999999986,-0.0009522497510451696,0.07748387096774194,-0.007168458781361975,0.0,-0.03152809560132116
28,4,1469382,0,190,43.72,0.16,11.91,10.929,0.15955214122261974,-8.016424726839767e-05,0.08699999999999974,-0.000921428129521815,0.07683870967741936,-0.007415647015202053,0.0,-0.035433411113992036
28,4,1469425,0,190,43.61,0.16,11.91,10.972,0.15833932657731076,-7.56669541590682e-05,0.08699999999999974,-0.0008697351052766486,0.07683870967741936,-0.007415647015202213,0.0,-0.03562128710081039
28,4,1469469,0,190,43.5,0.16,11.81,11.016,0.15645308924484924,-7.275089556318193e-05,0.08800000000000097,-0.0008267147223088764,0.07619354838709677,-0.007331378299120267,-0.1136363636363625,-0.04305477131563943
28,4,1469513,0,190,43.39,0.15,11.81,11.06,0.15455050670153445,-7.183178571077598e-05,0.08799999999999919,-0.0008162702921679164,0.07619354838709677,0.0,0.0,-0.04231180718594921
28,4,1469557,0,190,43.39,0.16,11.81,11.104,0.15272965021248575,-7.307762425304354e-05,0.08799999999999919,-0.0008304275483300478,0.07619354838709677,-0.007331378299120258,0.0,-0.03298760735831651
28,4,1469601,0,190,43.17,0.15,11.71,11.148,0.15164759725400262,-7.628508972996606e-05,0.08700000000000152,-0.000876840111838675,0.0755483870967742,-0.007415647015201902,-0.11494252873563028,-0.04204664585000581
28,4,1469644,0,190,43.06,0.15,11.71,11.191,0.14907159202353518,-8.086861168487403e-05,0.08699999999999974,-0.0009295242722399341,0.0755483870967742,0.0,0.0,-0.05241740032239449
28,4,1469688,0,190,42.95,0.15,11.71,11.235,0.1470872834259543,-8.601516460961279e-05,0.08999999999999986,-0.0009557240512179214,0.0755483870967742,-0.0071684587813621295,-0.11111111111111108,-0.036431658857287656
28,4,1469734,0,190,42.84,0.14,11.61,11.281,0.1457927427263793,-9.095617227886343e-05,0.08999999999999986,-0.0010106241364318176,0.0749032258064516,-0.014336917562724105,-0.11111111111111108,-0.035886818495513804
28,4,1469778,0,190,42.73,0.14,11.51,11.325,0.14385746976135808,-9.520705362679394e-05,0.08799999999999919,-0.0010818983366681228,0.07425806451612903,-0.007331378299120258,0.0,-0.04379773544533234
28,4,1469822,0,190,42.62,0.14,11.51,11.369,0.14193854200719008,-9.860596240181607e-05,0.08900000000000041,-0.001107932161818153,0.07425806451612903,0.0,0.0,-0.035555424957116305
28,4,1469867,0,190,42.51,0.14,11.51,11.414,0.1406930369401747,-0.00010113004786868806,0.08900000000000041,-0.001136292672681883,0.07425806451612903,-0.0072490032620513905,0.0,-0.029090802237640757
28,4,1469911,0,190,42.4,0.14,11.41,11.458,0.13934946060804004,-0.00010267696700247342,0.08800000000000097,-0.0011667837159371852,0.07361290322580645,-0.00733137829912011,0.0,-0.036516686974352015
28,4,1469955,0,190,42.29,0.14,11.41,11.502,0.1374795684864317,-0.00010303364155545225,0.08799999999999919,-0.0011708368358574227,0.07361290322580645,-0.007331378299120258,0.0,-0.04101161995898814
28,4,1469999,0,190,42.18,0.14,11.31,11.546,0.13574043805164912,-0.00010205839327381128,0.08799999999999919,-0.0011597544690205935,0.07296774193548387,-0.014662756598240515,-0.11363636363636478,-0.03057297393681833
28,4,1470043,0,190,42.18,0.13,11.21,11.59,0.1347891467799917,-9.988411369142903e-05,0.08699999999999974,-0.0011480932608210267,0.0723225806451613,-0.007415647015202053,0.0,-0.02810624762806561
28,4,1470086,0,190,41.96,0.14,11.21,11.633,0.13329519450800742,-9.692911173170593e-05,0.08999999999999986,-0.0010769901303522898,0.0723225806451613,0.0,0.0,-0.03192764519995597
28,4,1470133,0,190,41.85,0.13,11.21,11.68,0.13191565871199568,-9.369416201043457e-05,0.09100000000000108,-0.0010296061759388292,0.0723225806451613,-0.007089684509039373,-0.10989010989010868,-0.027984437922325488
28,4,1470177,0,190,41.74,0.13,11.11,11.724,0.13074861065707577,-9.053322228416506e-05,0.08699999999999974,-0.0010406117503927049,0.0716774193548387,-0.007415647015202213,0.0,-0.027204442891336094
28,4,1470220,0,190,41.63,0.13,11.11,11.767,0.12954887218044944,-8.759731992818232e-05,0.08699999999999974,-0.0010068657463009492,0.0716774193548387,-0.007415647015202053,0.0,-0.030774086640889653
28,4,1470264,0,190,41.52,0.13,11.01,11.811,0.12807126511931838,-8.497061860641254e-05,0.08800000000000097,-0.0009655752114364955,0.07103225806451613,-0.00733137829912011,-0.1136363636363625,-0.04197747332758675
28,4,1470308,0,190,41.41,0.12,11.01,11.855,0.12585485452762177,-8.28449155124904e-05,0.08799999999999919,-0.0009414194944601268,0.07103225806451613,-0.007331378299120258,-0.11363636363636478,-0.04142025023031889
28,4,1470352,0,190,41.3,0.12,10.91,11.899,0.12442628309905035,-8.156102947336841e-05,0.08799999999999919,-0.000926829880379195,0.07038709677419355,-0.007331378299120258,0.11363636363636478,-0.03265327349995522
28,4,1470396,0,190,41.3,0.13,10.91,11.943,0.12298136645962573,-8.146408613266764e-05,0.08900000000000041,-0.0009153268104794075,0.07038709677419355,0.0,0.0,-0.03155176656834999
28,4,1470441,0,190,41.08,0.12,10.91,11.988,0.12161817587446719,-8.267185954909273e-05,0.08800000000000097,-0.000939452949421498,0.07038709677419355,-0.00733137829912011,-0.1136363636363625,-0.0289384528514957
28,4,1470484,0,190,41.08,0.12,10.81,12.031,0.12043478260869409,-8.492995418417415e-05,0.08999999999999986,-0.0009436661576019365,0.06974193548387098,-0.007168458781361975,0.0,-0.03323526206821376
28,4,1470531,0,190,40.97,0.12,10.81,12.078,0.11862700228832795,-8.766404773817449e-05,0.08999999999999986,-0.000974044974868607,0.06974193548387098,-0.006451612903225932,0.0,-0.03014783335149446
28,4,1470574,0,190,40.86,0.12,10.72,12.121,0.11772147760705959,-9.019602414735317e-05,0.08699999999999974,-0.0010367359097396946,0.06916129032258064,-0.006674082313682008,0.0,-0.026114762167787905
28,4,1470618,0,190,40.75,0.12,10.72,12.165,0.11635501797973041,-9.199519788977639e-05,0.08799999999999919,-0.001045399976020196,0.06916129032258064,-0.007331378299120258,-0.11363636363636463,-0.029198490296888435
28,4,1470662,0,190,40.64,0.11,10.62,12.209,0.11515201046093343,-9.284154630124419e-05,0.08800000000000097,-0.001055017571605036,0.06851612903225807,-0.00733137829912011,-0.11363636363636233,-0.018388362209872236
28,4,1470706,0,190,40.53,0.11,10.62,12.253,0.11473684210526164,-9.283947699558048e-05,0.08800000000000097,-0.0010549940567679485,0.06851612903225807,-0.007331378299120267,0.11363636363636233,-0.009621385479508748
28,4,1470750,0,190,40.42,0.12,10.52,12.297,0.11430532853873665,-9.229164125818024e-05,0.08799999999999919,-0.0010487686506611487,0.06787096774193548,-0.0073313782991204154,0.0,-0.019131326339564016
28,4,1470794,0,190,40.31,0.11,10.52,12.341,0.11305328538738002,-9.15140609483629e-05,0.08799999999999919,-0.0010399325107768606,0.06787096774193548,0.0,-0.11363636363636463,-0.030684418556271884
28,4,1470838,0,190,40.2,0.11,10.52,12.385,0.11160509970578475,-9.072106926180545e-05,0.08800000000000097,-0.0010309212416114142,0.06787096774193548,-0.00733137829912011,0.0,-0.024146334214983533
28,4,1470882,0,190,40.09,0.11,10.42,12.429,0.11092840797646145,-9.006415472903484e-05,0.09999999999999964,-0.0009006415472903516,0.0672258064516129,-0.01290322580645158,0.0,-0.019450800915331648
28,4,1470938,0,190,39.98,0.11,10.32,12.485,0.10966001961425159,-8.975867084767409e-05,0.10200000000000031,-0.0008799869690948413,0.06658064516129032,-0.006325110689437008,0.0,-0.02454986571287502
28,4,1470984,0,190,39.87,0.11,10.32,12.531,0.10842432167374819,-9.011755048000047e-05,0.09200000000000053,-0.0009795385921739126,0.06658064516129032,0.0,0.0,-0.02579700669442909
28,4,1471030,0,190,39.76,0.11,10.32,12.577,0.1072866949983641,-9.13943911174666e-05,0.09199999999999875,-0.0009934172947550853,0.06658064516129032,-0.007012622720897668,0.0,-0.016878206859303226
28,4,1471076,0,190,39.65,0.11,10.22,12.623,0.10687152664269231,-9.354674953537412e-05,0.09200000000000053,-0.001016812494949713,0.06593548387096775,-0.007012622720897533,0.0,-0.015989880182497668
28,4,1471122,0,190,39.54,0.11,10.22,12.669,0.10581562602157431,-9.612036268551982e-05,0.09200000000000053,-0.0010447865509295572,0.06593548387096775,-0.007012622720897684,-0.10869565217391237,-0.023132026664013088
28,4,1471168,0,190,39.43,0.1,10.12,12.715,0.1047433801896031,-9.834779738213761e-05,0.09199999999999875,-0.001068997797631945,0.06529032258064515,-0.007012622720897819,-0.10869565217391447,-0.026507668035874152
28,4,1471214,0,190,39.32,0.1,10.12,12.761,0.10337692056227392,-9.940412152479005e-05,0.09200000000000053,-0.0010804795817911902,0.06529032258064515,-0.007012622720897533,0.0,-0.022385832255496646
28,4,1471260,0,190,39.21,0.1,10.02,12.807,0.10268388362209739,-9.870105297516928e-05,0.09500000000000064,-0.001038958452370196,0.06464516129032258,-0.006791171477079709,0.0,-0.02185096608798842
28,4,1471309,0,190,39.1,0.1,10.02,12.856,0.101301078783915,-9.611657826574316e-05,0.09499999999999886,-0.0010117534554288875,0.06464516129032258,-0.006791171477079836,0.0,-0.029799900208186365
28,4,1471355,0,190,38.99,0.1,9.92,12.902,0.09985289310231972,-9.208960403411304e-05,0.09200000000000053,-0.0010009739568925273,0.064,-0.007012622720897533,0.0,-0.03148229742598412
28,4,1471401,0,190,38.88,0.1,9.92,12.948,0.09840470742072445,-8.753956748564385e-05,0.09200000000000053,-0.0009515170378874277,0.064,-0.007012622720897533,0.0,-0.030771636084539724
28,4,1471447,0,190,38.77,0.1,9.82,12.994,0.09702190258254205,-8.361228335582283e-05,0.09199999999999875,-0.00090882916691113,0.06335483870967742,-0.007012622720897668,0.0,-0.022563497590858066
28,4,1471493,0,190,38.66,0.1,9.82,13.04,0.09632886564236554,-8.131941733572389e-05,0.09200000000000053,-0.0008839067101709068,0.06335483870967742,0.0,-0.10869565217391251,-0.016309677786147444
28,4,1471539,0,190,38.55,0.09,9.82,13.086,0.09552141222621648,-8.12115285116164e-05,0.09200000000000053,-0.0008827340055610428,0.06335483870967742,-0.007012622720897533,0.0,-0.01773100046903624
28,4,1471585,0,190,38.44,0.1,9.72,13.132,0.09469761359921419,-8.323777923377484e-05,0.09200000000000053,-0.00090475846993233,0.06270967741935485,-0.007012622720897533,0.0,-0.017020339127591842
28,4,1471631,0,190,38.33,0.09,9.72,13.178,0.09395554102647802,-8.684885669435438e-05,0.09100000000000108,-0.0009543830405972896,0.06270967741935485,-0.007089684509039449,-0.10989010989010868,-0.02424838972730378
28,4,1471676,0,190,38.22,0.09,9.62,13.223,0.09249101013402952,-9.125208457807332e-05,0.09399999999999942,-0.000970766857213552,0.06206451612903225,-0.0068634179821553355,0.0,-0.03220354308528011
28,4,1471725,0,190,38.11,0.09,9.62,13.272,0.0909284079764617,-9.565720221466555e-05,0.09399999999999942,-0.0010176298107943207,0.06206451612903225,-0.006177076183939603,0.0,-0.03359462486002221
28,4,1471770,0,190,38.0,0.09,9.53,13.317,0.08933311539718745,-9.940650093800763e-05,0.0909999999999993,-0.0010923791311869054,0.06148387096774193,-0.006380716058135423,0.0,-0.03470213996529772
28,4,1471816,0,190,37.89,0.09,9.53,13.363,0.08777051323961964,-0.00010199168007101633,0.09200000000000053,-0.0011086052181632146,0.06148387096774193,-0.007012622720897533,0.0,-0.032903620108872766
28,4,1471862,0,190,37.78,0.09,9.43,13.409,0.08630598234717114,-0.00010302958133280171,0.09200000000000053,-0.0011198867536174036,0.060838709677419354,-0.007012622720897533,0.0,-0.030060974743095326
28,4,1471908,0,190,37.67,0.09,9.43,13.455,0.08500490356325485,-0.00010226928345313091,0.09199999999999875,-0.001111622646229699,0.060838709677419354,-0.007012622720897668,-0.10869565217391447,-0.02579700669442989
28,4,1471954,0,190,37.56,0.08,9.33,13.501,0.08393265773128362,-9.965846662225176e-05,0.09299999999999997,-0.00107159641529303,0.06019354838709678,-0.00693721817551158,-0.10752688172043008,-0.01989546095252144
28,4,1472001,0,190,37.56,0.08,9.33,13.548,0.08315462569467036,-9.54445355633169e-05,0.09200000000000053,-0.0010374406039490908,0.06019354838709678,-0.007012622720897609,0.0,-0.02281222906036286
28,4,1472046,0,190,37.34,0.08,9.23,13.593,0.08183393265773023,-9.024833801627707e-05,0.0909999999999993,-0.0009917399782008545,0.059548387096774194,-0.007089684509039435,0.0,-0.01857247035409797
28,4,1472092,0,190,37.34,0.08,9.23,13.639,0.08146453089244746,-8.50360941996513e-05,0.09399999999999942,-0.000904639299996296,0.059548387096774194,-0.006863417982155114,0.0,-0.006642415474393667
28,4,1472140,0,190,37.12,0.08,9.13,13.687,0.08120954560313723,-8.093973236995921e-05,0.0940000000000012,-0.0008610609826591296,0.05890322580645162,-0.006863417982154984,0.0,-0.01311094572694427
28,4,1472186,0,190,37.12,0.08,9.13,13.733,0.08023210199411468,-7.894556013781795e-05,0.09200000000000053,-0.0008581039145414945,0.05890322580645162,0.0,0.0,-0.01893912474949155
28,4,1472232,0,190,37.01,0.08,9.13,13.779,0.079467146126184,-7.956259978452352e-05,0.09199999999999875,-0.0008648108672230934,0.05890322580645162,-0.007012622720897819,0.0,-0.007888340890032168
28,4,1472278,0,190,36.79,0.08,9.03,13.825,0.07950637463223173,-8.262306521724305e-05,0.0909999999999993,-0.0009079457716180625,0.05825806451612903,-0.007089684509039512,0.0,0.0005029295647144883
28,4,1472323,0,190,36.79,0.08,9.03,13.87,0.07951291271657301,-8.730161979800499e-05,0.09100000000000108,-0.0009593584593187248,0.05825806451612903,-0.007089684509039221,0.0,0.0005029295647144786
28,4,1472369,0,190,36.68,0.08,8.93,13.916,0.07955214122262075,-9.231991889667412e-05,0.09200000000000053,-0.0010034773793116695,0.05761290322580645,-0.007012622720897533,0.0,0.001918785621899859
28,4,1472415,0,190,36.57,0.08,8.93,13.962,0.0796894409937878,-9.624694535487777e-05,0.09199999999999875,-0.0010461624495095552,0.05761290322580645,0.0,0.0,-0.005045695524254975
28,4,1472461,0,190,36.35,0.08,8.93,14.008,0.0790879372343893,-9.78368695884555e-05,0.09200000000000053,-0.001063444234657119,0.05761290322580645,-0.014025245441795066,0.0,-0.014675156700825615
28,4,1472507,0,190,36.35,0.08,8.73,14.054,0.07833932657731184,-9.636664144916729e-05,0.09500000000000064,-0.001014385699464912,0.056322580645161296,-0.006791171477079709,0.0,-0.01696460831713107
28,4,1472556,0,190,36.24,0.08,8.83,14.103,0.07747629944426183,-9.189367212347577e-05,0.09499999999999886,-0.0009673018118260722,0.05696774193548387,0.0,-0.10526315789473804,-0.019029266530169887
28,4,1472602,0,190,36.13,0.07,8.73,14.149,0.07653154625694572,-8.532200345659113e-05,0.09100000000000108,-0.0009376044335889024,0.056322580645161296,-0.014179369018078517,0.0,-0.021302659419690666
28,4,1472647,0,190,36.02,0.08,8.63,14.194,0.07553775743706996,-7.820141257544578e-05,0.09100000000000108,-0.0008593561821477456,0.05567741935483871,-0.007089684509039297,0.10989010989010853,-0.02202113022642535
28,4,1472693,0,190,35.91,0.08,8.63,14.24,0.07452762340634099,-7.226636319620461e-05,0.09199999999999875,-0.0007855039477848435,0.05567741935483871,0.0,-0.10869565217391447,-0.02178177011526926
28,4,1472739,0,190,35.8,0.07,8.63,14.286,0.07353383458646522,-6.88438877183657e-05,0.09200000000000053,-0.000748303127373536,0.05567741935483871,0.0,-0.10869565217391237,-0.021071108773824742
28,4,1472785,0,190,35.8,0.07,8.63,14.332,0.0725890813991491,-6.838858197161102e-05,0.09200000000000053,-0.0007433541518653329,0.05567741935483871,-0.007012622720897684,0.0,-0.019649786090935796
28,4,1472831,0,190,35.58,0.07,8.53,14.378,0.07172605426609911,-7.039281678840048e-05,0.09199999999999875,-0.0007651393129174069,0.05503225806451612,-0.007012622720897819,0.0,-0.017517802066603094
28,4,1472877,0,190,35.58,0.07,8.53,14.424,0.07097744360902164,-7.369996566337455e-05,0.0909999999999993,-0.0008098897325645617,0.05503225806451612,-0.007089684509039359,0.0,-0.008693496761492754
28,4,1472922,0,190,35.47,0.07,8.43,14.469,0.07093494606080328,-7.699931288247264e-05,0.09299999999999997,-0.0008279496008868029,0.054387096774193545,-0.00693721817551158,0.0,-0.008330784886479679
28,4,1472970,0,190,35.25,0.07,8.43,14.517,0.07020268061457903,-7.923374554246365e-05,0.0940000000000012,-0.0008429121866219431,0.054387096774193545,0.0,0.0,-0.012971837549470136
28,4,1473016,0,190,35.25,0.07,8.43,14.563,0.06971559333115307,-7.980641984909553e-05,0.09200000000000053,-0.0008674610853162507,0.054387096774193545,-0.007012622720897533,0.0,-0.0075685432863822405
28,4,1473062,0,190,35.13,0.07,8.33,14.609,0.06950637463223186,-7.86358935297038e-05,0.09199999999999875,-0.0008547379731489659,0.05374193548387097,-0.007012622720897668,0.0,-0.004903563255965881
28,4,1473108,0,190,35.02,0.07,8.33,14.655,0.06926446551160421,-7.61313803656165e-05,0.09299999999999997,-0.0008186169931786723,0.05374193548387097,-0.006243496357960422,0.0,0.0008084727948904462
28,4,1473155,0,190,34.91,0.07,8.24,14.702,0.06958156260215667,-7.308410400056431e-05,0.09200000000000053,-0.000794392434788738,0.05316129032258065,-0.00631136044880778,0.0,0.0015279218841052365
28,4,1473200,0,190,34.8,0.07,8.24,14.747,0.0694050343249419,-7.044417965302152e-05,0.0909999999999993,-0.0007741118643189238,0.05316129032258065,0.0,0.0,-0.0028020361462662608
28,4,1473246,0,190,34.69,0.07,8.24,14.793,0.06932657731284644,-6.902483888951316e-05,0.09200000000000053,-0.0007502699879294866,0.05316129032258065,-0.007012622720897609,0.0,-0.004015236579160402
28,4,1473292,0,190,34.69,0.07,8.14,14.839,0.06903563255965914,-6.925033152676896e-05,0.09200000000000053,-0.00075272099485618,0.052516129032258066,-0.007012622720897609,0.0,-0.008279204627826487
28,4,1473338,0,190,34.47,0.07,8.14,14.885,0.0685648904870864,-7.104967588992217e-05,0.09399999999999942,-0.0007558476158502405,0.052516129032258066,0.0,-0.106382978723405,-0.01158075577472814
28,4,1473386,0,190,34.36,0.06,8.14,14.933,0.0679470415168347,-7.392521305513889e-05,0.09399999999999942,-0.0007864384367568016,0.052516129032258066,-0.006863417982155262,0.0,-0.014362919324212327
28,4,1473432,0,190,34.25,0.07,8.04,14.979,0.06721477607061045,-7.715953401143416e-05,0.09200000000000053,-0.0008386905870808013,0.051870967741935475,-0.007012622720897684,0.10869565217391251,-0.016807140725158508
28,4,1473478,0,190,34.14,0.07,8.04,15.025,0.06640078457012011,-8.007112403804939e-05,0.09100000000000108,-0.0008799024619565763,0.051870967741935475,-0.007089684509039145,0.0,-0.018428776192751007
28,4,1473523,0,190,34.14,0.07,7.94,15.07,0.06553775743707009,-8.219363553703473e-05,0.0909999999999993,-0.0009032267641432458,0.051225806451612906,-0.007089684509039283,-0.10989010989011083,-0.019147246999486372
28,4,1473569,0,190,34.03,0.06,7.94,15.116,0.06465838509316686,-8.329602439109518e-05,0.09200000000000053,-0.0009053915694684207,0.051225806451612906,0.0,-0.10869565217391251,-0.01893912474949155
28,4,1473615,0,190,33.92,0.06,7.94,15.162,0.06379535796011686,-8.328604680655172e-05,0.09200000000000053,-0.0009052831174625136,0.051225806451612906,-0.007012622720897609,0.10869565217391251,-0.018228463408047152
28,4,1473661,0,190,33.81,0.07,7.84,15.208,0.06298136645962651,-8.213081394257494e-05,0.09299999999999997,-0.000883127031640591,0.05058064516129032,-0.006937218175511655,0.0,-0.016626418781877334
28,4,1473708,0,190,33.7,0.06,7.84,15.255,0.06224910101340227,-7.987965771666516e-05,0.09200000000000053,-0.0008682571490941815,0.05058064516129032,-0.007012622720897533,-0.10869565217391251,-0.014675156700825615
28,4,1473753,0,190,33.7,0.06,7.74,15.3,0.06163125204315055,-7.67420012508202e-05,0.09299999999999997,-0.0008251828091486045,0.049935483870967745,-0.00693721817551158,0.0,-0.011705280030370307
28,4,1473801,0,190,33.48,0.06,7.74,15.348,0.06116050997057783,-7.311132702269507e-05,0.09399999999999942,-0.0007777800747095268,0.049935483870967745,0.0,0.0,-0.008103051337872829
28,4,1473847,0,190,33.37,0.06,7.74,15.394,0.06086956521739051,-6.949355783744337e-05,0.09199999999999875,-0.0007553647591026556,0.049935483870967745,-0.007012622720897744,0.0,-0.013822363091092695
28,4,1473893,0,190,33.26,0.06,7.64,15.44,0.05988885256619732,-6.639362179548058e-05,0.09200000000000053,-0.0007216698021247849,0.04929032258064516,-0.007012622720897609,0.0,-0.012934036414286894
28,4,1473939,0,190,33.15,0.06,7.64,15.486,0.05967963386727611,-6.422861017956904e-05,0.09200000000000053,-0.0006981370671692248,0.04929032258064516,0.0,0.0,-0.0018832525548275107
28,4,1473985,0,190,33.15,0.06,7.64,15.532,0.059715593331153186,-6.328607811246912e-05,0.09199999999999875,-0.0006878921533964128,0.04929032258064516,-0.007012622720897744,0.0,0.0038020381767272923
28,4,1474031,0,190,33.04,0.06,7.54,15.578,0.060029421379535014,-6.370728311951535e-05,0.0909999999999993,-0.0007000800342803938,0.04864516129032258,-0.007089684509039435,0.0,0.0003951589437043062
28,4,1474076,0,190,32.93,0.06,7.54,15.623,0.05975155279503028,-6.546843370176969e-05,0.09100000000000108,-0.000719433337382076,0.04864516129032258,0.0,0.0,-0.006466237260614463
28,4,1474122,0,190,32.93,0.06,7.54,15.669,0.05944099378881909,-6.834703258952324e-05,0.09200000000000053,-0.0007429025281469876,0.04864516129032258,-0.007012622720897533,0.0,0.0027005130974885002
28,4,1474168,0,190,32.71,0.06,7.44,15.715,0.05999999999999922,-7.189105446387068e-05,0.09399999999999942,-0.0007647984517433098,0.048,-0.006863417982155114,0.0,0.005946874587022693
28,4,1474216,0,190,32.71,0.06,7.44,15.763,0.05999999999999922,-7.543399990433031e-05,0.09500000000000064,-0.0007940421042561031,0.048,0.0,0.0,0.0
28,4,1474263,0,190,32.49,0.06,7.44,15.81,0.05999999999999922,-7.819752971309591e-05,0.09299999999999997,-0.0008408336528289885,0.048,-0.006937218175511655,0.0,0.006010819475055011
28,4,1474309,0,190,32.49,0.06,7.34,15.856,0.060559006211179336,-7.949368938595124e-05,0.09199999999999875,-0.0008640618411516557,0.04735483870967742,-0.007012622720897744,0.0,0.00877666756683757
28,4,1474355,0,190,32.38,0.06,7.34,15.902,0.060807453416148266,-7.897399702312757e-05,0.0909999999999993,-0.0008678461211332766,0.04735483870967742,-0.007089684509039359,0.0,0.0024068772025619546
28,4,1474400,0,190,32.27,0.06,7.24,15.947,0.06077803203661247,-7.680108721129652e-05,0.09100000000000108,-0.0008439679913329188,0.04670967741935484,-0.007089684509039221,0.0,-0.0033408892513174114
28,4,1474446,0,190,32.16,0.06,7.24,15.993,0.06050343249427838,-7.362541625202201e-05,0.0920000000000023,-0.0008002762636089149,0.04670967741935484,0.0,0.0,-0.01435535909717526
28,4,1474492,0,190,32.05,0.06,7.24,16.039,0.059457338999672316,-7.036162085989428e-05,0.09200000000000053,-0.000764800226737977,0.04670967741935484,-0.007012622720897609,0.0,-0.021319840243329974
28,4,1474538,0,190,31.94,0.06,7.14,16.085,0.05854200719189201,-6.787628810802726e-05,0.09199999999999875,-0.0007377857403046542,0.04606451612903226,-0.007012622720897744,0.0,-0.01847719487755304
28,4,1474584,0,190,31.83,0.06,7.14,16.131,0.05775743707093746,-6.67190347941462e-05,0.09399999999999764,-0.0007097769658951902,0.04606451612903226,0.0,0.0,-0.009355024935140965
28,4,1474632,0,190,31.83,0.06,7.14,16.179,0.05766263484798878,-6.697343572249092e-05,0.0940000000000012,-0.0007124833587498943,0.04606451612903226,-0.006863417982154984,0.0,-0.0039298060136463975
28,4,1474678,0,190,31.72,0.06,7.04,16.225,0.05738803530565469,-6.825105583051894e-05,0.0920000000000023,-0.0007418593025056221,0.04541935483870968,-0.007012622720897398,0.0,-0.007568543286381944
28,4,1474724,0,190,31.61,0.06,7.04,16.271,0.056966328865641624,-6.982074504178027e-05,0.09199999999999875,-0.0007589211417584915,0.04541935483870968,0.0,-0.10869565217391447,-0.010411188652159656
28,4,1474770,0,190,31.5,0.05,7.04,16.317,0.05643020594965602,-7.084322984699209e-05,0.10200000000000031,-0.0006945414690881556,0.04541935483870968,-0.005692599620493375,-0.09803921568627416,-0.011313449865071695
28,4,1474826,0,190,31.39,0.05,6.95,16.373,0.05581235697940431,-7.066120716591762e-05,0.10200000000000031,-0.0006927569329991903,0.044838709677419354,-0.005692599620493375,0.0,-0.012595427186892829
28,4,1474872,0,190,31.39,0.05,6.95,16.419,0.055145472376592945,-6.905734814897357e-05,0.09199999999999875,-0.0007506233494453752,0.044838709677419354,-0.007012622720897744,0.0,-0.014675156700825823
28,4,1474918,0,190,31.17,0.05,6.85,16.465,0.05446224256292835,-6.634975879824268e-05,0.09199999999999875,-0.0007211930304156911,0.04419354838709677,-0.007012622720897744,0.10869565217391447,-0.014675156700825823
28,4,1474964,0,190,31.17,0.06,6.85,16.511,0.05379535796011699,-6.323090387977359e-05,0.09100000000000108,-0.0006948450975799213,0.04419354838709677,0.0,0.10989010989010853,-0.014117951352341363
28,4,1475009,0,190,31.06,0.06,6.85,16.556,0.05317750898986527,-6.0411377085697995e-05,0.08900000000000219,-0.0006787795178168147,0.04419354838709677,0.0,0.0,-0.012965976249857247
28,4,1475053,0,190,30.95,0.06,6.85,16.6,0.052641386073879665,-5.828872501063209e-05,0.08999999999999986,-0.0006476525001181354,0.04419354838709677,-0.007168458781361975,-0.11111111111111123,-0.01064254839998522
28,4,1475099,0,190,30.84,0.05,6.75,16.646,0.0522196796338666,-5.68538165520085e-05,0.09199999999999875,-0.000617976266869666,0.043548387096774194,-0.007012622720897668,-0.10869565217391447,-0.007568543286382236
28,4,1475145,0,190,30.73,0.05,6.75,16.692,0.05194508009153251,-5.586152480581852e-05,0.09199999999999875,-0.0006071904870197747,0.043548387096774194,0.0,0.0,-0.004015236579160631
28,4,1475191,0,190,30.73,0.05,6.75,16.738,0.05185027786858383,-5.510722930360945e-05,0.09199999999999875,-0.0005989916228653283,0.043548387096774194,-0.007012622720897668,0.0,0.00024873146950546107
28,4,1475237,0,190,30.51,0.05,6.65,16.784,0.05196796338672701,-5.4613961250867146e-05,0.09100000000000108,-0.0006001534203391922,0.04290322580645162,-0.007089684509039221,0.0,-0.004634136703440258
28,4,1475282,0,190,30.51,0.05,6.65,16.829,0.05142857142857076,-5.462332014968041e-05,0.0920000000000023,-0.0005937317407573809,0.04290322580645162,0.0,0.0,-0.012791904145997707
28,4,1475329,0,190,30.4,0.05,6.65,16.876,0.05079110820529519,-5.54144117918689e-05,0.09299999999999997,-0.0005958538902351496,0.04290322580645162,0.0,0.0,-0.008752596779466063
28,4,1475375,0,190,30.29,0.05,6.65,16.922,0.05061457992808042,-5.708925601021697e-05,0.09199999999999875,-0.0006205353914154103,0.04290322580645162,-0.007012622720897744,0.0,-0.014355359097175816
28,4,1475421,0,190,30.18,0.05,6.55,16.968,0.049470415168355035,-5.94786690219884e-05,0.09399999999999764,-0.0006327517981062755,0.04225806451612903,-0.006863417982155318,0.0,-0.009494133112615103
28,4,1475469,0,190,30.07,0.05,6.55,17.016,0.04972213141549462,-6.221053328119996e-05,0.0940000000000012,-0.0006618141838425444,0.04225806451612903,0.0,0.0,-0.0005912097542653604
28,4,1475515,0,190,29.96,0.05,6.55,17.062,0.04941484145145409,-6.485834001475688e-05,0.09100000000000108,-0.000712729011151166,0.04225806451612903,-0.007089684509039297,0.0,-0.0026224184445825726
28,4,1475560,0,190,29.96,0.05,6.45,17.107,0.049483491337037604,-6.706732129576576e-05,0.09099999999999753,-0.0007370035307227207,0.04161290322580645,-0.007089684509039574,0.0,-0.003915665896705649
28,4,1475606,0,190,29.85,0.05,6.45,17.153,0.049058515854853886,-6.860920784251335e-05,0.0920000000000023,-0.0007457522591577351,0.04161290322580645,0.0,0.0,-0.008527936097331854
28,4,1475652,0,190,29.74,0.05,6.45,17.199,0.04869892121608305,-6.937028698908154e-05,0.0920000000000023,-0.0007540248585769544,0.04161290322580645,-0.007012622720897473,0.0,-0.0071066134144431616
28,4,1475698,0,190,29.63,0.05,6.35,17.245,0.0484047074207251,-6.930981337392073e-05,0.09199999999999875,-0.0007533675366730617,0.040967741935483866,-0.007012622720897744,0.0,-0.005685290731554764
28,4,1475744,0,190,29.52,0.05,6.35,17.291,0.04817587446878002,-6.84307569155811e-05,0.09099999999999753,-0.0007519863397316808,0.040967741935483866,0.0,0.0,-0.0043108248404097336
28,4,1475789,0,190,29.52,0.05,6.35,17.336,0.048012422360247824,-6.67847545664726e-05,0.09100000000000108,-0.0007338984018293604,0.040967741935483866,-0.007089684509039221,-0.10989010989010861,-0.0028738832269396596
28,4,1475835,0,190,29.41,0.04,6.25,17.382,0.04791435109512851,-6.450857380620433e-05,0.09500000000000242,-0.0006790376190126599,0.04032258064516129,-0.006791171477079583,0.0,-0.001376438808692061
28,4,1475884,0,190,29.3,0.05,6.25,17.431,0.047881660673422075,-6.186561156279868e-05,0.09499999999999886,-0.0006512169638189414,0.04032258064516129,0.0,0.0,0.0
28,4,1475930,0,190,29.19,0.04,6.25,17.477,0.04791435109512851,-5.924806038444697e-05,0.09199999999999875,-0.0006440006563526932,0.04032258064516129,-0.007012622720897668,0.0,0.007497477152237765
28,4,1475976,0,190,29.08,0.05,6.15,17.523,0.04857142857142794,-5.710365892007463e-05,0.09199999999999875,-0.0006206919447834283,0.03967741935483871,-0.007012622720897668,0.10869565217391454,0.005543158463265897
28,4,1476022,0,190,28.97,0.05,6.15,17.569,0.048424321673748966,-5.578716998731181e-05,0.09199999999999875,-0.0006063822824707888,0.03967741935483871,0.0,0.0,-0.0021319840243330082
28,4,1476068,0,190,28.97,0.05,6.15,17.615,0.048375286041189305,-5.53937215503284e-05,0.09100000000000108,-0.0006087222148387664,0.03967741935483871,0.0,0.0,-7.6251581361617e-17
28,4,1476113,0,190,28.86,0.05,6.15,17.66,0.04842432167374896,-5.5686448210297004e-05,0.09100000000000108,-0.0006119389913219379,0.03967741935483871,-0.007089684509039297,0.0,0.0021554124202047445
28,4,1476159,0,190,28.75,0.05,6.05,17.706,0.04857142857142794,-5.620881320453286e-05,0.09199999999999875,-0.0006109653609188437,0.03903225806451613,-0.007012622720897744,0.0,0.004263968048666167
28,4,1476205,0,190,28.64,0.05,6.05,17.752,0.04881660673422624,-5.654254423688165e-05,0.09199999999999875,-0.0006145928721400263,0.03903225806451613,0.0,0.0,0.006395952072999176
28,4,1476251,0,190,28.53,0.05,6.05,17.798,0.049159856162143856,-5.655086296584866e-05,0.0940000000000012,-0.0006016049251685951,0.03903225806451613,-0.006863417982154984,0.0,0.008346490648452557
28,4,1476299,0,190,28.53,0.05,5.95,17.846,0.04960117685518079,-5.645113366451504e-05,0.0940000000000012,-0.0006005439751544077,0.03838709677419355,-0.006863417982154984,0.0,0.006781523651867748
28,4,1476345,0,190,28.42,0.05,5.95,17.892,0.04979731938541943,-5.666588307123899e-05,0.09100000000000108,-0.0006227020117718496,0.03838709677419355,0.0,0.0,0.0077594847127372335
28,4,1476390,0,190,28.31,0.05,5.95,17.937,0.05030728996403989,-5.7529997601162286e-05,0.09100000000000108,-0.0006321977758369407,0.03838709677419355,0.0,-0.10989010989010861,-0.007184708067349301
28,4,1476436,0,190,28.2,0.04,5.95,17.983,0.04914351095129064,-5.903124174054675e-05,0.09299999999999997,-0.0006347445348445889,0.03838709677419355,-0.006937218175511655,0.0,-0.011951336967945675
28,4,1476483,0,190,28.09,0.05,5.85,18.03,0.04919581562602094,-6.075451597521209e-05,0.09299999999999997,-0.0006532743653248614,0.03774193548387097,-0.006937218175511655,0.10752688172043016,-0.00717080218076742
28,4,1476529,0,190,27.98,0.05,5.85,18.076,0.04847662634847927,-6.206249513204565e-05,0.09199999999999875,-0.0006745923383918097,0.03774193548387097,0.0,0.0,-0.014213226828887024
28,4,1476575,0,190,27.98,0.05,5.85,18.122,0.04788819875776335,-6.2395955097438e-05,0.09100000000000108,-0.0006856698362355744,0.03774193548387097,-0.007089684509039297,0.0,-0.00535260751017525
28,4,1476620,0,190,27.87,0.05,5.75,18.167,0.047989539065053315,-6.153648727243243e-05,0.09100000000000108,-0.0006762251348618869,0.037096774193548385,-0.007089684509039297,0.0,0.0002514647823572393
28,4,1476666,0,190,27.76,0.05,5.75,18.213,0.04791108205295786,-5.972015642628925e-05,0.09399999999999764,-0.0006353208130456463,0.037096774193548385,0.0,0.0,-0.003234265126275486
28,4,1476714,0,190,27.65,0.05,5.75,18.261,0.04768551814318343,-5.755682752119729e-05,0.09399999999999764,-0.0006123066757574333,0.037096774193548385,-0.0061770761839397195,0.0,-0.006016428675759728
28,4,1476760,0,190,27.54,0.05,5.66,18.307,0.04734553775743646,-5.578041144672863e-05,0.0920000000000023,-0.0006063088200731221,0.036516129032258066,-0.006311360448807658,-0.10869565217391035,-0.014355359097175337
28,4,1476806,0,190,27.54,0.04,5.66,18.353,0.04636482510624326,-5.4920219034477746e-05,0.0920000000000023,-0.0005969589025486562,0.036516129032258066,0.0,-0.10869565217391035,-0.012401040408203468
28,4,1476852,0,190,27.43,0.04,5.66,18.399,0.04620464203988171,-5.502966202615944e-05,0.09099999999999753,-0.0006047215607270433,0.036516129032258066,0.0,0.1098901098901129,-0.004059360058052409
28,4,1476897,0,190,27.32,0.05,5.66,18.444,0.0459954233409605,-5.562073855129235e-05,0.09099999999999753,-0.0006112169071570754,0.036516129032258066,-0.007089684509039574,0.0,-0.014692727997729868
28,4,1476943,0,190,27.21,0.04,5.56,18.49,0.04486760379208833,-5.58805668608251e-05,0.0920000000000023,-0.0006073974658785185,0.03587096774193548,-0.007012622720897473,0.0,-0.024695481615190196
28,4,1476989,0,190,27.21,0.05,5.56,18.536,0.04372343903236295,-5.508365229133894e-05,0.09299999999999997,-0.0005922973364660103,0.03587096774193548,0.0,0.10752688172043016,-0.015079775174260863
28,4,1477036,0,190,27.1,0.05,5.56,18.583,0.04346518470088207,-5.298120306018017e-05,0.09299999999999997,-0.0005696903554858084,0.03587096774193548,-0.00693721817551158,-0.10752688172043016,-0.005378101635575583
28,4,1477082,0,190,26.99,0.04,5.46,18.629,0.04322327558025442,-4.995682301250248e-05,0.0940000000000012,-0.0005314555639627857,0.035225806451612905,-0.006863417982154984,-0.10638297872340292,-0.004625346901017358
28,4,1477130,0,190,26.99,0.04,5.46,18.677,0.043030402092186434,-4.6857828893328347e-05,0.09299999999999997,-0.0005038476225089071,0.035225806451612905,0.0,0.0,-0.0032690421706439584
28,4,1477175,0,190,26.88,0.04,5.46,18.722,0.04291925465838453,-4.4572769056634876e-05,0.09100000000000108,-0.0004898106489740038,0.035225806451612905,0.0,0.0,-0.0011854768311126667
28,4,1477221,0,190,26.77,0.04,5.46,18.768,0.04292252370055518,-4.3579197586438134e-05,0.09199999999999875,-0.0004736869302873775,0.035225806451612905,0.0,0.10869565217391454,0.0016700541523943595
28,4,1477267,0,190,26.66,0.05,5.46,18.814,0.04307289964040481,-4.373055251414293e-05,0.09199999999999875,-0.0004753320925450383,0.035225806451612905,-0.007012622720897744,0.0,-0.0045837656523161
28,4,1477313,0,190,26.55,0.04,5.36,18.86,0.042500817260542105,-4.440097928228237e-05,0.09199999999999875,-0.00048261934002481494,0.03458064516129032,-0.007012622720897744,-0.10869565217391454,-0.014213226828887024
28,4,1477359,0,190,26.55,0.04,5.36,18.906,0.04176528277214722,-4.4863801141231006e-05,0.09100000000000108,-0.0004930088037497854,0.03458064516129032,0.0,0.0,-0.0080468730354312
28,4,1477404,0,190,26.43,0.04,5.36,18.951,0.04176855181431786,-4.466516107948415e-05,0.09100000000000108,-0.0004908259459283915,0.03458064516129032,0.0,0.10989010989010861,-0.007508019930379994
28,4,1477450,0,190,26.32,0.05,5.36,18.997,0.041082052958482634,-4.3834656704829555e-05,0.09199999999999875,-0.0004764636598351103,0.03458064516129032,-0.007012622720897744,0.0,-0.006538084341287892
28,4,1477496,0,190,26.21,0.04,5.26,19.043,0.04116704805491938,-4.289199082965833e-05,0.0940000000000012,-0.0004562977747835935,0.03393548387096774,-0.006863417982155059,-0.10638297872340292,0.004416684634806085
28,4,1477544,0,190,26.21,0.04,5.26,19.091,0.04149722131415441,-4.2643397129965345e-05,0.09500000000000242,-0.0004488778645259396,0.03393548387096774,0.0,0.0,0.0003785206723903551
28,4,1477591,0,190,25.99,0.04,5.26,19.138,0.041203007518796464,-4.379865260459326e-05,0.09299999999999997,-0.0004709532538128309,0.03393548387096774,0.0,0.0,-0.0070301982164385005
28,4,1477637,0,190,25.99,0.04,5.26,19.184,0.04084341288002563,-4.6563164746600274e-05,0.09099999999999753,-0.0005116831290835334,0.03393548387096774,0.0,0.0,-0.008621649680819467
28,4,1477682,0,190,25.88,0.04,5.26,19.229,0.040418437397841914,-5.044911767177673e-05,0.09099999999999753,-0.000554385908481078,0.03393548387096774,-0.007089684509039498,0.0,-0.010058591294289506
28,4,1477728,0,190,25.88,0.04,5.16,19.275,0.03992808107224531,-5.4445016982891836e-05,0.0920000000000023,-0.0005917936628575052,0.03329032258064516,-0.007012622720897398,0.0,-0.0015634549511775544
28,4,1477774,0,190,25.77,0.04,5.16,19.321,0.040274599542333575,-5.744652316126153e-05,0.0920000000000023,-0.0006244187300136967,0.03329032258064516,0.0,0.0,0.0011015250792386973
28,4,1477820,0,190,25.66,0.04,5.16,19.367,0.040029421379535274,-5.8701844538356694e-05,0.09199999999999875,-0.0006380635275908423,0.03329032258064516,-0.007012622720897744,0.0,-0.005685290731554839
28,4,1477866,0,190,25.55,0.04,5.06,19.413,0.03975155279503054,-5.8061025445747206e-05,0.09099999999999753,-0.00063803324665658,0.03264516129032258,-0.007089684509039574,0.0,-0.006466237260614563
28,4,1477911,0,190,25.44,0.04,5.06,19.458,0.039440993788819365,-5.595316988246868e-05,0.0940000000000012,-0.0005952464881113613,0.03264516129032258,0.0,0.0,0.002643055372010003
28,4,1477960,0,190,25.44,0.04,5.06,19.507,0.03999999999999948,-5.315041929909725e-05,0.0940000000000012,-0.0005654299925435806,0.03264516129032258,0.0,0.0,0.005946874587022434
28,4,1478005,0,190,25.33,0.04,5.06,19.552,0.03999999999999948,-5.04699220195679e-05,0.09099999999999753,-0.0005546145276875744,0.03264516129032258,-0.007089684509039498,0.0,0.0
28,4,1478051,0,190,25.22,0.04,4.96,19.598,0.03999999999999948,-4.85585293727846e-05,0.09199999999999875,-0.0005278101018781007,0.032,-0.007012622720897668,0.0,0.0
28,4,1478097,0,190,25.22,0.04,4.96,19.644,0.03999999999999948,-4.7793775181640186e-05,0.09299999999999997,-0.0005139115610929054,0.032,0.0,0.0,0.0
28,4,1478144,0,190,25.11,0.04,4.96,19.691,0.03999999999999948,-4.824673296851678e-05,0.09299999999999997,-0.0005187820749302881,0.032,0.0,0.0,0.0
28,4,1478190,0,190,25.0,0.04,4.96,19.737,0.03999999999999948,-4.9679854437977514e-05,0.09100000000000108,-0.0005459324663513947,0.032,-0.007089684509039221,0.0,0.0
28,4,1478235,0,190,25.0,0.04,4.86,19.782,0.03999999999999948,-5.160189594159004e-05,0.09100000000000108,-0.0005670538015559277,0.031354838709677424,-0.007089684509039221,0.0,0.0
28,4,1478281,0,190,24.89,0.04,4.86,19.828,0.03999999999999948,-5.337395860518956e-05,0.09199999999999875,-0.0005801517239694597,0.031354838709677424,0.0,0.0,0.0
28,4,1478327,0,190,24.78,0.04,4.86,19.874,0.03999999999999948,-5.432931810911068e-05,0.0940000000000012,-0.000577971469245851,0.031354838709677424,0.0,0.0,0.0
28,4,1478375,0,190,24.67,0.04,4.86,19.922,0.03999999999999948,-5.391148446924987e-05,0.0940000000000012,-0.0005735264305239276,0.031354838709677424,-0.006863417982155095,0.0,0.0
28,4,1478421,0,190,24.56,0.04,4.76,19.968,0.03999999999999948,-5.1858269807961045e-05,0.09100000000000108,-0.000569871096790774,0.030709677419354837,-0.007089684509039335,0.0,0.0
28,4,1478466,0,190,24.56,0.04,4.76,20.013,0.03999999999999948,-4.838020557454126e-05,0.09100000000000108,-0.0005316506107092383,0.030709677419354837,0.0,0.0,0.0
28,4,1478512,0,190,24.45,0.04,4.76,20.059,0.03999999999999948,-4.420118705874643e-05,0.09199999999999875,-0.00048044768542116335,0.030709677419354837,-0.007012622720897668,0.0,0.0
28,4,1478558,0,190,24.34,0.04,4.66,20.105,0.03999999999999948,-4.037658992289739e-05,0.09199999999999875,-0.0004388759774228037,0.03006451612903226,0.0,0.0,0.0
28,4,1478604,0,190,24.34,0.04,4.76,20.151,0.03999999999999948,-3.794191792061596e-05,0.09199999999999875,-0.0004124121513110487,0.030709677419354837,0.0,0.0,0.0
28,4,1478650,0,190,24.23,0.04,4.66,20.197,0.03999999999999948,-3.7546099383873434e-05,0.09100000000000108,-0.000412594498723879,0.03006451612903226,-0.007089684509039221,0.0,0.0
28,4,1478695,0,190,24.12,0.04,4.66,20.242,0.03999999999999948,-3.922332884588808e-05,0.0920000000000023,-0.0004263405309335554,0.03006451612903226,0.0,0.0,0.0
28,4,1478742,0,190,24.12,0.04,4.66,20.289,0.03999999999999948,-4.238380063592473e-05,0.09499999999999886,-0.0004461452698518446,0.03006451612903226,0.0,0.0,0.0
28,4,1478790,0,190,24.01,0.04,4.66,20.337,0.03999999999999948,-4.60180897145408e-05,0.09399999999999764,-0.0004895541458993825,0.03006451612903226,-0.006863417982155318,0.0,0.0
28,4,1478836,0,190,23.9,0.04,4.56,20.383,0.03999999999999948,-4.9034831261399956e-05,0.09199999999999875,-0.000532987296319572,0.029419354838709676,-0.007012622720897744,0.0,0.0
28,4,1478882,0,190,23.79,0.04,4.56,20.429,0.03999999999999948,-5.059268078507806e-05,0.0920000000000023,-0.0005499204433160521,0.029419354838709676,0.0,0.0,0.0
28,4,1478928,0,190,23.79,0.04,4.56,20.475,0.03999999999999948,-5.030034668926042e-05,0.0920000000000023,-0.0005467428987962952,0.029419354838709676,0.0,0.0,0.0
28,4,1478974,0,190,23.68,0.04,4.56,20.521,0.03999999999999948,-4.825903460974246e-05,0.09199999999999875,-0.0005245547240189469,0.029419354838709676,-0.007012622720897707,0.0,0.0
28,4,1479020,0,190,23.57,0.04,4.46,20.567,0.03999999999999948,-4.4996413876600805e-05,0.09199999999999875,-0.0004890914551804502,0.028774193548387096,-0.007012622720897707,0.0,0.0
28,4,1479066,0,190,23.46,0.04,4.46,20.613,0.03999999999999948,-4.131284298862781e-05,0.09100000000000108,-0.0004539872855893112,0.028774193548387096,0.0,0.0,0.0
28,4,1479111,0,190,23.46,0.04,4.46,20.658,0.03999999999999948,-3.8035194342206144e-05,0.09100000000000108,-0.00041796916859566696,0.028774193548387096,0.0,0.0,0.0
28,4,1479157,0,190,23.35,0.04,4.46,20.704,0.03999999999999948,-3.575130293161788e-05,0.09399999999999764,-0.00038033300991083805,0.028774193548387096,0.0,0.0,0.005946874587022658
28,4,1479205,0,190,23.24,0.04,4.46,20.752,0.040559006211179596,-3.467264892140687e-05,0.09399999999999764,-0.0003688579672490185,0.028774193548387096,-0.006177076183939757,0.0,0.002643055372010103
28,4,1479251,0,190,23.24,0.04,4.37,20.798,0.040248447204968424,-3.469436148312699e-05,0.09299999999999997,-0.0003730576503562043,0.028193548387096774,-0.006243496357960459,0.0,-0.006327178394794725
28,4,1479298,0,190,23.13,0.04,4.37,20.845,0.03997057862046369,-3.5552653118334556e-05,0.09299999999999997,-0.0003822865926702642,0.028193548387096774,0.0,0.0,-0.005624158573150949
28,4,1479344,0,190,23.02,0.04,4.37,20.891,0.039725400457665386,-3.692712069154514e-05,0.09100000000000108,-0.00040579253507191975,0.028193548387096774,0.0,0.0,-0.005029295647144481
28,4,1479389,0,190,23.02,0.04,4.37,20.936,0.039512912716573534,-3.8459883970866746e-05,0.09100000000000108,-0.0004226360875919372,0.028193548387096774,0.0,0.0,-0.004310824840409565
28,4,1479435,0,190,22.91,0.04,4.37,20.982,0.03933311539718811,-3.9790917205316137e-05,0.09199999999999875,-0.00043250996962300735,0.028193548387096774,-0.007012622720897744,0.0,-0.003553306707221756
28,4,1479481,0,190,22.8,0.04,4.27,21.028,0.03918600849950914,-4.0667190187392956e-05,0.0920000000000023,-0.00044203467594991237,0.02754838709677419,-0.007012622720897473,0.0,-0.0028426453657772344
28,4,1479527,0,190,22.8,0.04,4.27,21.074,0.0390715920235366,-4.103937791603052e-05,0.0920000000000023,-0.000446080194739451,0.02754838709677419,0.0,0.0,0.0039441704450159315
28,4,1479573,0,190,22.69,0.04,4.27,21.12,0.03954887218045061,-4.1027702350013406e-05,0.09399999999999764,-0.00043646491861717485,0.02754838709677419,0.0,0.0,0.0012519735972679087
28,4,1479621,0,190,22.58,0.04,4.27,21.168,0.03918927754167978,-4.0779489878413954e-05,0.09399999999999764,-0.00043382436040866995,0.02754838709677419,0.0,-0.10638297872340695,-0.006955408873710677
28,4,1479667,0,190,22.58,0.03,4.27,21.214,0.038895063746321824,-4.037127697669884e-05,0.09100000000000108,-0.00044364040633734466,0.02754838709677419,-0.007089684509039221,0.0,-0.005747766453879472
28,4,1479712,0,190,22.47,0.04,4.17,21.259,0.03866623079437674,-3.984808814077656e-05,0.09100000000000108,-0.0004378910784700669,0.026903225806451613,-0.007089684509039221,0.10989010989010861,-0.004310824840409565
28,4,1479758,0,190,22.36,0.04,4.17,21.305,0.03850277868584455,-3.9317056775788115e-05,0.09199999999999875,-0.0004273593127803114,0.026903225806451613,0.0,0.0,-0.002842645365777344
28,4,1479804,0,190,22.36,0.04,4.17,21.351,0.03840470742072523,-3.895314750126566e-05,0.09299999999999997,-0.00041885104840070616,0.026903225806451613,0.0,0.0,-0.0014060396432877746
28,4,1479851,0,190,22.25,0.04,4.17,21.398,0.038372016999018786,-3.8904235588212545e-05,0.09299999999999997,-0.00041832511385174795,0.026903225806451613,0.0,0.0,0.006010819475055011
28,4,1479897,0,190,22.25,0.04,4.17,21.444,0.038963713631905345,-3.921804922462258e-05,0.09100000000000108,-0.0004309675738969463,0.026903225806451613,-0.007089684509039258,0.0,0.004167130679062659
28,4,1479942,0,190,22.14,0.04,4.07,21.489,0.03875122589081349,-3.986982206543477e-05,0.09100000000000108,-0.00043812991280697025,0.026258064516129033,-0.007089684509039258,0.0,-0.0035923540336746506
28,4,1479988,0,190,22.03,0.04,4.07,21.535,0.03863680941484095,-4.081536149683718e-05,0.09399999999999764,-0.0004342059733706192,0.026258064516129033,0.0,-0.10638297872340695,-0.0013910817747421944
28,4,1480036,0,190,22.03,0.03,4.07,21.583,0.03862046420398773,-4.195382612327769e-05,0.0940000000000012,-0.0004463172991837996,0.026258064516129033,0.0,0.0,0.0006955408873711078
28,4,1480082,0,190,21.92,0.04,4.07,21.629,0.03870219025825383,-4.30241437850798e-05,0.0920000000000023,-0.00046765373679433393,0.026258064516129033,0.0,0.10869565217391035,0.00284264536577731
28,4,1480128,0,190,21.92,0.04,4.07,21.675,0.03888198757763925,-4.359038385299829e-05,0.09199999999999875,-0.0004738085201412922,0.026258064516129033,-0.007012622720897707,0.0,0.001243657347527607
28,4,1480174,0,190,21.81,0.04,3.97,21.721,0.03881660673422637,-4.320723158523343e-05,0.09099999999999753,-0.00047480474269488574,0.025612903225806453,-0.007089684509039536,0.0,-0.004131207138726017
28,4,1480219,0,190,21.59,0.04,3.97,21.766,0.03850604772801519,-4.166658016052027e-05,0.09100000000000108,-0.0004578745072584591,0.025612903225806453,0.0,0.0,-0.0057477664538793955
28,4,1480265,0,190,21.59,0.04,3.97,21.812,0.03829355998692334,-3.9140341011351774e-05,0.0920000000000023,-0.00042543848925381296,0.025612903225806453,0.0,0.0,-0.0035533067072216185
28,4,1480311,0,190,21.59,0.04,3.97,21.858,0.038179143510950794,-3.613551194083442e-05,0.09199999999999875,-0.0003927773037047273,0.025612903225806453,-0.007012622720897707,-0.10869565217391454,0.00465483178646042
28,4,1480357,0,190,21.48,0.03,3.87,21.904,0.03872180451127769,-3.331852517913925e-05,0.09199999999999875,-0.00036215788238195325,0.024967741935483873,0.0,0.0,0.0034111744389328886
28,4,1480403,0,190,21.37,0.04,3.97,21.95,0.038492971559332616,-3.1306840484177645e-05,0.09499999999999886,-0.0003295456893071371,0.025612903225806453,0.0,0.10526315789473813,-0.003441097021730464
28,4,1480452,0,190,21.37,0.04,3.87,21.999,0.0383949002942133,-3.049257578760889e-05,0.0940000000000012,-0.00032438910412349467,0.024967741935483873,-0.0068634179821550215,0.0,0.0052513336996514
28,4,1480497,0,190,21.26,0.04,3.87,22.044,0.038986596927099854,-3.093074896969927e-05,0.09100000000000108,-0.0003398983403263616,0.024967741935483873,0.0,0.0,-0.005029295647144481
28,4,1480543,0,190,21.26,0.04,3.87,22.09,0.03793723439032315,-3.2313048728825676e-05,0.09199999999999875,-0.00035122879053071866,0.024967741935483873,0.0,0.0,-0.015314751908125764
28,4,1480589,0,190,21.15,0.04,3.87,22.136,0.0375776397515523,-3.4054007772324366e-05,0.09199999999999875,-0.0003701522583948351,0.024967741935483873,0.0,-0.10869565217391454,-0.00031979760365000783
28,4,1480635,0,190,21.04,0.03,3.87,22.182,0.03790781301078735,-3.550595869960382e-05,0.0920000000000023,-0.0003859343336913362,0.024967741935483873,-0.007012622720897473,0.0,0.005223360859615838
28,4,1480681,0,190,20.93,0.04,3.77,22.228,0.03805818895063697,-3.623595338147911e-05,0.09100000000000108,-0.00039819728990635916,0.02432258064516129,-0.007089684509039297,0.10989010989010861,-0.004454519001756625
28,4,1480726,0,190,20.93,0.04,3.77,22.273,0.03750245178162749,-3.619167594682438e-05,0.09099999999999753,-0.0003977107246903886,0.02432258064516129,0.0,0.0,-0.010058591294289354
28,4,1480772,0,190,20.82,0.04,3.77,22.319,0.037142857142856665,-3.561249530181154e-05,0.09199999999999875,-0.0003870923402370872,0.02432258064516129,0.0,-0.10869565217391454,0.00039086373779447913
28,4,1480818,0,190,20.71,0.03,3.77,22.365,0.03753841124550458,-3.474569890457602e-05,0.0940000000000012,-0.00036963509472952744,0.02432258064516129,0.0,0.0,-0.008346490648452557
28,4,1480866,0,190,20.71,0.04,3.77,22.413,0.036358287021902115,-3.361743664365724e-05,0.0940000000000012,-0.0003576323047197533,0.02432258064516129,0.0,0.10638297872340292,-0.017075528784959125
28,4,1480912,0,190,20.6,0.04,3.77,22.459,0.035933311539718404,-3.20737784906231e-05,0.09199999999999875,-0.0003486280270719949,0.02432258064516129,-0.007012622720897707,-0.10869565217391454,-0.007106613414443512
28,4,1480958,0,190,20.6,0.03,3.67,22.505,0.03570447858777332,-3.0062026017419364e-05,0.09199999999999875,-0.0003267611523632584,0.02367741935483871,-0.007012622720897707,0.0,0.0032335091035717483
28,4,1481004,0,190,20.49,0.04,3.67,22.551,0.036230794377247,-2.7888627892997952e-05,0.0920000000000023,-0.0003031372597064919,0.02367741935483871,0.0,0.10869565217391035,0.004121835780377066
28,4,1481050,0,190,20.49,0.04,3.67,22.597,0.03608368747956802,-2.61895581985101e-05,0.0920000000000023,-0.0002846691108533635,0.02367741935483871,0.0,-0.10869565217391035,-0.0007106613414443841
28,4,1481096,0,190,20.38,0.03,3.67,22.643,0.036165413533834116,-2.5591722664481065e-05,0.09199999999999875,-0.0002781708985269719,0.02367741935483871,0.0,-0.10869565217391454,-0.005543158463265897
28,4,1481142,0,190,20.27,0.03,3.67,22.689,0.035573716900947565,-2.6310492534202368e-05,0.09100000000000108,-0.00028912629158463795,0.02367741935483871,0.0,0.10989010989010861,-0.004705983784113712
28,4,1481187,0,190,20.27,0.04,3.67,22.734,0.03573716900947976,-2.7990291564091495e-05,0.09100000000000108,-0.00030758562158341937,0.02367741935483871,0.0,0.10989010989010861,0.0057477664538793955
28,4,1481233,0,190,20.16,0.04,3.67,22.78,0.036096763648250596,-2.9919009945473806e-05,0.09399999999999764,-0.000318287339845474,0.02367741935483871,-0.006863417982155281,-0.10638297872340695,0.01568444701021765
28,4,1481281,0,190,20.16,0.03,3.57,22.828,0.037211507028440186,-3.147393366284357e-05,0.09399999999999764,-0.00033482908151962084,0.02303225806451613,-0.006863417982155281,0.0,0.006955408873710751
28,4,1481327,0,190,20.05,0.04,3.57,22.874,0.03675057208237939,-3.248071728855439e-05,0.0920000000000023,-0.00035305127487558237,0.02303225806451613,0.0,0.10869565217391035,-0.0018121864206830814
28,4,1481373,0,190,20.05,0.04,3.57,22.92,0.03704478587773734,-3.3229978404086146e-05,0.0920000000000023,-0.00036119541743570994,0.02303225806451613,0.0,0.0,0.00852793609733178
28,4,1481419,0,190,19.94,0.04,3.57,22.966,0.037535142203333934,-3.4166963972807716e-05,0.09099999999999753,-0.0003754611425583368,0.02303225806451613,0.0,-0.1098901098901129,0.0030175773882868367
28,4,1481464,0,190,19.83,0.03,3.57,23.011,0.03731938542007143,-3.552136027580044e-05,0.09099999999999753,-0.00039034461841540004,0.02303225806451613,0.0,0.0,0.0031971950899705535
28,4,1481510,0,190,19.72,0.04,3.57,23.057,0.037826086956521246,-3.715715895868943e-05,0.0920000000000023,-0.0004038821625944402,0.02303225806451613,-0.007012622720897435,0.10869565217391035,0.012791904145997858
28,4,1481556,0,190,19.72,0.04,3.47,23.103,0.038496240601503265,-3.8703698553057106e-05,0.09299999999999997,-0.00041616880164577544,0.022387096774193548,-0.006937218175511618,0.0,0.0064677823591235695
28,4,1481603,0,190,19.61,0.04,3.47,23.15,0.03842759071591974,-3.979475178958314e-05,0.09299999999999997,-0.0004279005568772382,0.022387096774193548,0.0,0.0,-0.003761156045794691
28,4,1481649,0,190,19.61,0.04,3.47,23.196,0.03814645308924436,-4.0207594296400194e-05,0.0940000000000012,-0.0004277403648553158,0.022387096774193548,0.0,0.0,0.001008534286687981
28,4,1481697,0,190,19.5,0.04,3.47,23.244,0.03852239293886841,-3.986260829782218e-05,0.09399999999999764,-0.0004240703010406721,0.022387096774193548,0.0,-0.10638297872340695,0.009042031535823933
28,4,1481743,0,190,19.5,0.03,3.47,23.29,0.03899640405361179,-3.8800949325668465e-05,0.09100000000000108,-0.0004263840585238242,0.022387096774193548,-0.007089684509039258,0.0,0.007723561172400583
28,4,1481788,0,190,19.39,0.04,3.37,23.335,0.03922523700555687,-3.721839814569616e-05,0.09100000000000108,-0.0004089933862164365,0.021741935483870968,-0.007089684509039258,0.10989010989010861,0.0023350301218885306
28,4,1481834,0,190,19.28,0.04,3.37,23.381,0.039208891794703646,-3.547574805318465e-05,0.09199999999999875,-0.0003856059570998384,0.021741935483870968,0.0,0.0,0.0007106613414442607
28,4,1481880,0,190,19.28,0.04,3.37,23.427,0.03929061784896974,-3.3966205535411295e-05,0.09199999999999875,-0.0003691978862544756,0.021741935483870968,0.0,0.0,0.002842645365777344
28,4,1481926,0,190,19.17,0.04,3.37,23.473,0.03947041516835516,-3.2876706110476664e-05,0.09100000000000108,-0.0003612824847305085,0.021741935483870968,0.0,0.0,0.0012573239117861202
28,4,1481971,0,190,19.17,0.04,3.37,23.518,0.03940503432494228,-3.2048658066405e-05,0.09100000000000108,-0.00035218305567477604,0.021741935483870968,0.0,0.0,-0.00413120713872578
28,4,1482017,0,190,19.06,0.04,3.37,23.564,0.03909447531873111,-3.110985459155069e-05,0.09199999999999875,-0.0003381505933864252,0.021741935483870968,-0.007012622720897707,0.0,-0.005685290731554764
28,4,1482063,0,190,19.06,0.04,3.27,23.61,0.03888198757763925,-2.981769787628119e-05,0.09499999999999886,-0.0003138705039608584,0.021096774193548388,-0.006791171477079873,0.0,-0.003441097021730537
28,4,1482112,0,190,18.95,0.04,3.27,23.659,0.03876757110166671,-2.833896084404497e-05,0.09499999999999886,-0.0002983048509899506,0.021096774193548388,0.0,0.0,-0.0013764388086921855
28,4,1482158,0,190,18.95,0.04,3.27,23.705,0.03875122589081349,-2.7208243907381303e-05,0.0920000000000023,-0.0002957417816019633,0.021096774193548388,0.0,0.0,0.0067868158107932414
28,4,1482204,0,190,18.84,0.04,3.27,23.751,0.039391958156259704,-2.696153813390678e-05,0.09100000000000108,-0.00029628063883413696,0.021096774193548388,0.0,-0.10989010989010861,-0.004310824840409565
28,4,1482249,0,190,18.73,0.03,3.27,23.796,0.03835894083033622,-2.7711390531560466e-05,0.09099999999999753,-0.0003045207750721013,0.021096774193548388,0.0,0.0,-0.015483045885138269
28,4,1482295,0,190,18.73,0.04,3.27,23.842,0.03798300098071216,-2.898743900526135e-05,0.0920000000000023,-0.00031508085875283287,0.021096774193548388,0.0,0.10869565217391035,-0.0071066134144433125
28,4,1482341,0,190,18.62,0.04,3.27,23.888,0.037705132396207416,-2.9978857671149938e-05,0.0920000000000023,-0.00032585714859944767,0.021096774193548388,-0.007012622720897435,0.0,-0.004974629390110236
28,4,1482387,0,190,18.51,0.04,3.17,23.934,0.03752533507682201,-3.0027643627473565e-05,0.09199999999999875,-0.0003263874307334128,0.020451612903225808,-0.007012622720897707,-0.10869565217391454,-0.002842645365777344
28,4,1482433,0,190,18.51,0.03,3.17,23.98,0.037443609022555904,-2.9032014340764967e-05,0.09099999999999753,-0.00031903312462379954,0.020451612903225808,0.0,0.0,0.005424454590848838
28,4,1482478,0,190,18.51,0.04,3.17,24.025,0.03801896044458924,-2.7475476644355902e-05,0.09299999999999997,-0.0002954352327350098,0.020451612903225808,0.0,0.10752688172043016,0.010088334440589415
28,4,1482526,0,190,18.4,0.04,3.17,24.073,0.03838182412553072,-2.6074527764450294e-05,0.0940000000000012,-0.00027738859323882937,0.020451612903225808,0.0,0.0,0.005807766409548227
28,4,1482572,0,190,18.4,0.04,3.17,24.119,0.03856489048708678,-2.5315938254335534e-05,0.09199999999999875,-0.0002751732418949552,0.020451612903225808,0.0,0.0,0.0023807154938385445
28,4,1482618,0,190,18.29,0.04,3.17,24.165,0.03860084995096386,-2.5213673473842846e-05,0.09199999999999875,-0.0002740616681939477,0.020451612903225808,0.0,-0.10869565217391454,-0.0004619298719387996
28,4,1482664,0,190,18.29,0.03,3.17,24.211,0.03852239293886841,-2.5433170999110466e-05,0.09299999999999997,-0.0002734749569796825,0.020451612903225808,-0.006243496357960459,0.0,-0.0025660223490001086
28,4,1482711,0,190,18.18,0.04,3.08,24.258,0.03836220987250685,-2.565487998196403e-05,0.0920000000000023,-0.0002788573911082977,0.019870967741935485,-0.006311360448807696,0.10869565217391035,-0.013822363091091935
28,4,1482756,0,190,18.18,0.04,3.08,24.303,0.03725073553448792,-2.5871275437850283e-05,0.09100000000000108,-0.0002842997300862635,0.019870967741935485,0.0,0.0,-0.018823935136455
28,4,1482802,0,190,18.07,0.04,3.08,24.349,0.03664923177508943,-2.6366969233382333e-05,0.09199999999999875,-0.0002865974916672032,0.019870967741935485,0.0,0.0,-0.013253834017937227
28,4,1482848,0,190,17.96,0.04,3.08,24.395,0.03603138280483771,-2.739183433750503e-05,0.09199999999999875,-0.0002977373297554935,0.019870967741935485,0.0,0.0,-0.013253834017937076
28,4,1482894,0,190,17.96,0.04,3.08,24.441,0.03542987904543923,-2.879447743574204e-05,0.0940000000000012,-0.00030632422803980505,0.019870967741935485,0.0,-0.10638297872340292,-0.0218747609078193
28,4,1482942,0,190,17.85,0.03,3.08,24.489,0.03397515527950267,-2.9930506216769627e-05,0.0940000000000012,-0.00031840964060392816,0.019870967741935485,0.0,-0.10638297872340292,-0.030429913822483348
28,4,1482988,0,190,17.85,0.03,3.08,24.535,0.03256946714612576,-2.996977227505271e-05,0.09199999999999875,-0.0003257583942940556,0.019870967741935485,-0.007012622720897744,0.0,-0.020218315164091796
28,4,1483034,0,190,17.73,0.03,2.98,24.581,0.03211507028440625,-2.843643362883208e-05,0.09199999999999875,-0.0003090916698786138,0.0192258064516129,-0.007012622720897744,0.0,-0.015066020438620152
28,4,1483080,0,190,17.73,0.03,2.98,24.627,0.031183393265772727,-2.5620661227664598e-05,0.09100000000000108,-0.0002815457277765307,0.0192258064516129,0.0,0.0,-0.009663432350584814
28,4,1483125,0,190,17.62,0.03,2.98,24.672,0.031235697940503022,-2.255427461250026e-05,0.09100000000000108,-0.00024784917156593395,0.0192258064516129,0.0,0.0,-0.013650945327963689
28,4,1483171,0,190,17.62,0.03,2.98,24.718,0.029941157240928017,-2.0527818400345233e-05,0.09999999999999787,-0.0002052781840034567,0.0192258064516129,0.0,0.0,-0.010460934946060848
28,4,1483225,0,190,17.51,0.03,2.98,24.772,0.03018960444589696,-2.042920900851186e-05,0.0990000000000002,-0.00020635564655062443,0.0192258064516129,0.0,0.0,0.006174857433438556
28,4,1483270,0,190,17.4,0.03,2.98,24.817,0.030552468126838435,-2.228613020800818e-05,0.09100000000000108,-0.00024490252975832875,0.0192258064516129,0.0,0.0,0.009591585269911286
28,4,1483316,0,190,17.4,0.03,2.98,24.863,0.031062438705458897,-2.5264051821471956e-05,0.0940000000000012,-0.00026876650873906,0.0192258064516129,0.0,0.0,0.012763175283258715
28,4,1483364,0,190,17.29,0.03,2.98,24.911,0.03175220660346477,-2.8118511633288268e-05,0.0940000000000012,-0.0002991331024817863,0.0192258064516129,-0.0068634179821550215,0.0,0.016936420607484994
28,4,1483410,0,190,17.29,0.03,2.88,24.957,0.03265446224256251,-2.984806168466303e-05,0.09199999999999875,-0.0003244354530941678,0.01858064516129032,-0.007012622720897707,0.10869565217391454,0.012472106542348343
28,4,1483456,0,190,17.18,0.04,2.88,25.003,0.0328996404053608,-3.0166611582322033e-05,0.09199999999999875,-0.00032789795198176567,0.01858064516129032,0.0,0.0,0.0042639680486660165
28,4,1483502,0,190,17.18,0.03,2.88,25.049,0.033046747303039775,-2.9519217220323136e-05,0.09199999999999875,-0.0003208610567426471,0.01858064516129032,0.0,0.0,0.0021319840243330082
28,4,1483548,0,190,17.07,0.04,2.88,25.095,0.033095782935599435,-2.8670341095372807e-05,0.09199999999999875,-0.00031163414234101303,0.01858064516129032,0.0,0.0,0.0
28,4,1483594,0,190,17.07,0.03,2.88,25.141,0.033046747303039775,-2.8178457471033535e-05,0.0920000000000023,-0.0003062875812068786,0.01858064516129032,0.0,0.0,-0.00820813849368186
28,4,1483640,0,190,16.96,0.04,2.88,25.187,0.032340634194180685,-2.8119415335685183e-05,0.0920000000000023,-0.00030564581886613566,0.01858064516129032,0.0,0.0,-0.0069644811461543
28,4,1483686,0,190,16.96,0.03,2.88,25.233,0.032406015037593563,-2.821562880511097e-05,0.09099999999999753,-0.0003100618550012279,0.01858064516129032,-0.007089684509039536,-0.1098901098901129,0.0
28,4,1483731,0,190,16.85,0.03,2.78,25.278,0.032340634194180685,-2.8225197703423353e-05,0.09499999999999886,-0.0002971073442465652,0.01793548387096774,-0.006791171477079873,0.0,-0.0027528776173844443
28,4,1483781,0,190,16.85,0.03,2.78,25.328,0.032144491663942044,-2.8250274641038687e-05,0.09500000000000242,-0.000297371312010926,0.01793548387096774,0.0,0.0,-0.011390031141927647
28,4,1483826,0,190,16.74,0.03,2.78,25.373,0.03125858123569753,-2.8686827221833245e-05,0.09100000000000108,-0.0003152398595805814,0.01793548387096774,0.0,0.0,-0.017494764143995502
28,4,1483872,0,190,16.74,0.03,2.78,25.419,0.030552468126838435,-2.9829018556558395e-05,0.09199999999999875,-0.0003242284625712913,0.01793548387096774,0.0,0.0,-0.013751296956948149
28,4,1483918,0,190,16.63,0.03,2.78,25.465,0.02999346191565832,-3.143120389338705e-05,0.09199999999999875,-0.00034164352058029863,0.01793548387096774,0.0,0.0,-0.0011015250792387398
28,4,1483964,0,190,16.63,0.03,2.78,25.511,0.030451127819548472,-3.258868594453635e-05,0.09199999999999875,-0.00035422484722322597,0.01793548387096774,0.0,0.0,0.005116761658399371
28,4,1484010,0,190,16.63,0.03,2.78,25.557,0.030464203988231055,-3.209366736265418e-05,0.0920000000000023,-0.00034884421046362364,0.01793548387096774,-0.007012622720897435,0.0,0.010979717725314852
28,4,1484056,0,190,16.63,0.03,2.68,25.603,0.031461261850277464,-2.910322774322971e-05,0.0920000000000023,-0.00031633943199161935,0.01729032258064516,-0.007012622720897435,0.10869565217391035,0.016487343121508263
28,4,1484102,0,190,16.41,0.04,2.68,25.649,0.03198103955540985,-2.372811074752512e-05,0.09099999999999753,-0.0002607484697530304,0.01729032258064516,0.0,0.0,0.021877436065079376
28,4,1484147,0,190,16.41,0.03,2.68,25.694,0.03345210853219963,-1.7175305426943232e-05,0.10200000000000031,-0.00016838534732297234,0.01729032258064516,0.0,-0.09803921568627423,0.0238447781858735
28,4,1484204,0,190,16.41,0.03,2.68,25.751,0.03441320693036896,-1.1345003832296197e-05,0.10300000000000153,-0.00011014566827471872,0.01729032258064516,0.0,0.0,0.01882079618632859
28,4,1484250,0,190,16.3,0.03,2.68,25.797,0.035390650539391506,-8.08940610612119e-06,0.09199999999999875,-8.79283272404489e-05,0.01729032258064516,0.0,0.10869565217391454,0.027147263243174166
28,4,1484296,0,190,16.19,0.04,2.68,25.843,0.03691075514874095,-8.479885101322803e-06,0.09199999999999875,-9.217266414481434e-05,0.01729032258064516,0.0,0.10869565217391454,0.02913711499921823
28,4,1484342,0,190,16.19,0.04,2.68,25.889,0.03807126511931955,-1.2376062264574994e-05,0.09100000000000108,-0.00013600068422609722,0.01729032258064516,0.0,0.0,0.021554124202047827
28,4,1484387,0,190,16.08,0.04,2.68,25.934,0.03887218045112732,-1.844982304494769e-05,0.09100000000000108,-0.00020274530818623594,0.01729032258064516,0.0,0.0,0.007508019930379994
28,4,1484433,0,190,16.08,0.04,2.68,25.98,0.038754494932984135,-2.466583531353628e-05,0.09199999999999875,-0.0002681069055819197,0.01729032258064516,0.0,0.0,0.0029847776340662115
28,4,1484479,0,190,15.97,0.04,2.68,26.026,0.03914677999346141,-2.9065073875531144e-05,0.09199999999999875,-0.0003159247160383863,0.01729032258064516,-0.007012622720897707,0.0,0.004263968048666092
28,4,1484525,0,190,15.97,0.04,2.58,26.072,0.03914677999346141,-3.05481529417011e-05,0.09199999999999875,-0.00033204514067066863,0.01664516129032258,-0.007012622720897707,0.0,-0.004263968048666092
28,4,1484571,0,190,15.97,0.04,2.58,26.118,0.038754494932984135,-2.9292038218916794e-05,0.09500000000000242,-0.00030833724440964264,0.01664516129032258,0.0,0.0,-0.0028905214982534815
28,4,1484620,0,190,15.86,0.04,2.58,26.167,0.03887218045112732,-2.656776734682964e-05,0.09500000000000242,-0.00027966070891398913,0.01664516129032258,0.0,0.0,-0.007191892775416529
28,4,1484666,0,190,15.86,0.04,2.58,26.213,0.03807126511931955,-2.4040707778616444e-05,0.09099999999999753,-0.00026418360196282526,0.01664516129032258,0.0,0.0,-0.02155412420204867
28,4,1484711,0,190,15.75,0.04,2.58,26.258,0.03691075514874095,-2.2926631257683462e-05,0.09199999999999875,-0.0002492025136704758,0.01664516129032258,0.0,-0.10869565217391454,-0.02913711499921823
28,4,1484758,0,190,15.75,0.03,2.58,26.305,0.035390650539391506,-2.344415896743035e-05,0.09299999999999997,-0.00025208773083258446,0.01664516129032258,0.0,-0.10752688172043016,-0.032866176661850675
28,4,1484804,0,190,15.64,0.03,2.58,26.351,0.033854200719188834,-2.4830006784151594e-05,0.09199999999999875,-0.00026989137808860797,0.01664516129032258,0.0,0.0,-0.02984777634066272
28,4,1484850,0,190,15.64,0.03,2.58,26.397,0.032644655116050574,-2.5889257068330008e-05,0.0920000000000023,-0.00028140496813401476,0.01664516129032258,-0.007012622720897435,0.10869565217391035,-0.022741162926218254
28,4,1484896,0,190,15.53,0.04,2.48,26.443,0.0317620137299767,-2.5771046802189444e-05,0.09100000000000108,-0.00028319831650757294,0.016,-0.007089684509039258,0.0,-0.00966343235058474
28,4,1484941,0,190,15.53,0.03,2.48,26.488,0.03176528277214735,-2.451992593890795e-05,0.09099999999999753,-0.00026944973559240237,0.016,0.0,-0.1098901098901129,-0.005891460615226609
28,4,1484987,0,190,15.53,0.03,2.48,26.534,0.031225890813991096,-2.3066806760471347e-05,0.0940000000000012,-0.000245391561281607,0.016,0.0,0.0,-0.007650949761081522
28,4,1485035,0,190,15.42,0.03,2.48,26.582,0.03104609349460568,-2.265920901374674e-05,0.0940000000000012,-0.0002410554150398559,0.016,0.0,0.0,0.005946874587022434
28,4,1485081,0,190,15.42,0.03,2.48,26.628,0.03178489702517121,-2.4067358706133744e-05,0.09199999999999875,-0.0002616017250666747,0.016,0.0,0.0,0.016593942322725493
28,4,1485127,0,190,15.31,0.03,2.48,26.674,0.032572736188296404,-2.701908096018357e-05,0.09199999999999875,-0.000293685662610695,0.016,0.0,0.0,0.01801526500561424
28,4,1485173,0,190,15.2,0.03,2.48,26.72,0.0334423014056877,-3.0179302433478218e-05,0.09100000000000108,-0.00033164068608217427,0.016,0.0,0.0,0.01422572197335162
28,4,1485218,0,190,15.2,0.03,2.48,26.765,0.03386727688787142,-3.170960379972643e-05,0.09100000000000108,-0.0003484571846123742,0.016,-0.0070896845090392775,0.10989010989010861,0.010597444399340242
28,4,1485264,0,190,15.2,0.04,2.38,26.811,0.03440666884602767,-3.0147205642113928e-05,0.09199999999999875,-0.00032768701784906886,0.015354838709677418,-0.007012622720897725,0.10869565217391454,0.009238597438776445
28,4,1485310,0,190,15.09,0.04,2.38,26.857,0.03471722785223884,-2.5162488949133088e-05,0.09299999999999997,-0.0002705643973025064,0.015354838709677418,0.0,0.0,0.0042181189298631004
28,4,1485357,0,190,15.09,0.04,2.38,26.904,0.03479895390650494,-1.781143984865663e-05,0.09299999999999997,-0.00019152085858770574,0.015354838709677418,0.0,-0.10752688172043016,0.008998653717041505
28,4,1485403,0,190,15.09,0.03,2.38,26.95,0.0355541026479237,-1.0179736528108219e-05,0.0940000000000012,-0.0001082950694479584,0.015354838709677418,0.0,0.0,0.00803349724913561
28,4,1485451,0,190,14.98,0.04,2.38,26.998,0.0355541026479237,-4.620546661327829e-06,0.09299999999999997,-4.968329743363258e-05,0.015354838709677418,0.0,0.10752688172043016,-0.008119878939986636
28,4,1485496,0,190,14.87,0.04,2.38,27.043,0.03479895390650494,-2.9220444100146457e-06,0.09099999999999753,-3.211037813202995e-05,0.015354838709677418,0.0,-0.1098901098901129,-0.009196426326207423
28,4,1485542,0,190,14.87,0.03,2.38,27.089,0.034717227852238845,-5.691214113379583e-06,0.0920000000000023,-6.186102297151566e-05,0.015354838709677418,0.0,-0.10869565217391035,-0.004263968048665927
28,4,1485588,0,190,14.87,0.03,2.38,27.135,0.034406668846027666,-1.212206645351488e-05,0.0920000000000023,-0.000131761591886028,0.015354838709677418,0.0,0.0,-0.009238597438776162
28,4,1485634,0,190,14.76,0.03,2.38,27.181,0.03386727688787142,-2.0209972617541982e-05,0.09199999999999875,-0.00021967361540806802,0.015354838709677418,0.0,0.10869565217391454,-0.014213226828886948
28,4,1485680,0,190,14.76,0.04,2.38,27.227,0.033099051977770085,-2.7378276595232176e-05,0.09099999999999753,-0.0003008601823651969,0.015354838709677418,0.0,0.0,-0.019398711781843842
28,4,1485725,0,190,14.65,0.03,2.38,27.272,0.032101994115723675,-3.136490055456198e-05,0.09100000000000108,-0.00034466923686331437,0.015354838709677418,-0.007089684509039258,-0.10989010989010861,-0.01451311029604551
28,4,1485771,0,190,14.65,0.03,2.28,27.318,0.03177835894082993,-3.1077035141553026e-05,0.0920000000000023,-0.00033779386023426357,0.014709677419354838,-0.007012622720897435,0.0,-0.011512713731398026
28,4,1485817,0,190,14.65,0.03,2.28,27.364,0.03104282445243503,-2.7047877743137773e-05,0.09399999999999764,-0.00028774338024615376,0.014709677419354838,0.0,0.0,-0.004486238723543468
28,4,1485865,0,190,14.54,0.03,2.28,27.412,0.03135665250081685,-2.1243162555311557e-05,0.09499999999999886,-0.00022361223742433487,0.014709677419354838,0.0,0.0,-0.0009979181363018162
28,4,1485912,0,190,14.43,0.03,2.28,27.459,0.03094802222948636,-1.6264291919520612e-05,0.09299999999999997,-0.00017488485934968407,0.014709677419354838,0.0,0.10752688172043016,-0.00084362378597262
28,4,1485958,0,190,14.43,0.04,2.28,27.505,0.0312781954887214,-1.4291506644667606e-05,0.09199999999999875,-0.00015534246352899784,0.014709677419354838,0.0,0.0,0.009487328908282057
28,4,1486004,0,190,14.43,0.03,2.28,27.551,0.031820856489048296,-1.6212047713219934e-05,0.09100000000000108,-0.00017815437047494223,0.014709677419354838,0.0,-0.10989010989010861,0.004705983784113788
28,4,1486049,0,190,14.43,0.03,2.28,27.596,0.03170644001307576,-2.1269227434107306e-05,0.09100000000000108,-0.00023372777400117642,0.014709677419354838,0.0,0.0,-0.0035923540336746506
28,4,1486095,0,190,14.32,0.03,2.28,27.642,0.0314939522719839,-2.7356055533807045e-05,0.09199999999999875,-0.000297348429715298,0.014709677419354838,0.0,0.0,-0.005685290731554839
28,4,1486141,0,190,14.32,0.03,2.28,27.688,0.03118339326577272,-3.184363913596178e-05,0.0920000000000023,-0.00034612651234740196,0.014709677419354838,-0.007012622720897417,0.0,0.001989851756044064
28,4,1486187,0,190,14.21,0.03,2.18,27.734,0.03167701863353996,-3.262150278394804e-05,0.0920000000000023,-0.00035458155199942634,0.01406451612903226,-0.007012622720897417,0.0,0.003944170445016007
28,4,1486233,0,190,14.21,0.03,2.18,27.78,0.0315462569467142,-2.8915252329651863e-05,0.09399999999999764,-0.00030760906733672965,0.01406451612903226,0.0,0.10638297872340695,-0.0034777044368553755
28,4,1486281,0,190,14.1,0.04,2.18,27.828,0.03135011441647556,-2.1542378008359895e-05,0.09299999999999997,-0.000231638473208171,0.01406451612903226,0.0,0.0,-0.004921138751507024
28,4,1486326,0,190,14.1,0.03,2.18,27.873,0.03108859104282405,-1.2553013864101014e-05,0.09100000000000108,-0.0001379452072978117,0.01406451612903226,0.0,-0.10989010989010861,-0.00646623726061431
28,4,1486372,0,190,14.1,0.03,2.18,27.919,0.03076168682575965,-4.487159844790423e-06,0.09199999999999875,-4.8773476573809606e-05,0.01406451612903226,0.0,0.0,-0.007817274755887848
28,4,1486418,0,190,13.99,0.03,2.18,27.965,0.030369401765282376,4.2128207558222994e-07,0.09299999999999997,4.529914791206775e-06,0.01406451612903226,0.0,0.0,0.00056241585731508
28,4,1486465,0,190,13.99,0.03,2.18,28.012,0.030813991500489954,8.471443773956366e-07,0.09299999999999997,9.109079326834805e-06,0.01406451612903226,0.0,0.0,0.003198740188479536
28,4,1486511,0,190,13.88,0.03,2.18,28.058,0.030666884602810973,-3.3264592089636834e-06,0.09100000000000108,-3.6554496801798284e-05,0.01406451612903226,0.0,0.0,-0.009735279431258268
28,4,1486556,0,190,13.88,0.03,2.18,28.103,0.02992808107224544,-1.1025277852057868e-05,0.09100000000000108,-0.00012115689947316194,0.01406451612903226,0.0,0.0,-0.013183939303585936
28,4,1486602,0,190,13.88,0.03,2.18,28.149,0.02946714612618464,-2.0281033224072596e-05,0.09199999999999875,-0.0002204460133051399,0.01406451612903226,0.0,0.0,-0.001279190414599805
28,4,1486648,0,190,13.77,0.03,2.18,28.195,0.02981039555410226,-2.87310897192401e-05,0.09399999999999764,-0.0003056498906302215,0.01406451612903226,-0.006863417982155299,0.0,0.006259867986339691
28,4,1486696,0,190,13.77,0.03,2.08,28.243,0.030055573716900555,-3.419605975153051e-05,0.0940000000000012,-0.00036378786969712846,0.013419354838709678,0.0,0.0,0.0041732453242262785
28,4,1486742,0,190,13.77,0.03,2.18,28.289,0.030202680614579536,-3.518988726767658e-05,0.0920000000000023,-0.0003824987746486489,0.01406451612903226,0.0,0.0,0.011939110536264612
28,4,1486788,0,190,13.66,0.03,2.08,28.335,0.031153971886236927,-3.125476431072283e-05,0.09199999999999875,-0.00033972569902960057,0.013419354838709678,-0.007012622720897725,0.0,0.013893429225237015
28,4,1486834,0,190,13.66,0.03,2.08,28.381,0.031480876103301324,-2.307529375388162e-05,0.09099999999999753,-0.00025357465663606866,0.013419354838709678,0.0,0.0,0.006466237260614639
28,4,1486879,0,190,13.55,0.03,2.08,28.426,0.03174239947695284,-1.2363984223407786e-05,0.09100000000000108,-0.00013586795849898503,0.013419354838709678,0.0,0.0,0.007860723780963589
28,4,1486925,0,190,13.55,0.03,2.08,28.472,0.03219620196736902,-1.539813557322578e-06,0.0920000000000023,-1.6737103883940644e-05,0.013419354838709678,0.0,0.0,0.00900996548196261
28,4,1486971,0,190,13.55,0.03,2.08,28.518,0.032571316301293424,6.735597173709529e-06,0.09199999999999875,7.321301275771327e-05,0.013419354838709678,0.0,0.10869565217391454,0.006912437765089365
28,4,1487017,0,190,13.55,0.04,2.08,28.564,0.03283214624175723,1.0079318980813933e-05,0.09299999999999997,0.00010837977398724664,0.013419354838709678,0.0,0.10752688172043016,0.003997626349438548
28,4,1487064,0,190,13.44,0.04,2.08,28.611,0.03294309555179121,6.9005141971367755e-06,0.09499999999999886,7.263699154880903e-05,0.013419354838709678,0.0,-0.10526315789473813,0.0003833868701988914
28,4,1487112,0,190,13.44,0.03,2.08,28.659,0.032868567994426126,-3.147622106843162e-06,0.09299999999999997,-3.384539899831358e-05,0.013419354838709678,0.0,-0.10752688172043016,-0.003979873323639419
28,4,1487157,0,190,13.33,0.03,2.08,28.704,0.03257296733269274,-1.8865409569486236e-05,0.09100000000000108,-0.00020731219307127487,0.013419354838709678,0.0,0.0,-0.009317260052794422
28,4,1487203,0,190,13.22,0.03,2.08,28.75,0.032020697329621824,-3.7497430824358526e-05,0.09199999999999875,-0.0004075807698299895,0.013419354838709678,0.0,0.0,-0.01518266939618062
28,4,1487249,0,190,13.22,0.03,2.08,28.796,0.031176161748244145,-5.5168415674660577e-05,0.09199999999999875,-0.000599656692115884,0.013419354838709678,0.0,0.0,-0.0219231845438195
28,4,1487295,0,190,13.22,0.03,2.08,28.842,0.030003764351590457,-6.780701018795731e-05,0.0920000000000023,-0.0007370327194343002,0.013419354838709678,-0.007012622720897454,0.0,-0.02943753092991888
28,4,1487341,0,190,13.22,0.03,1.98,28.888,0.02846790890269154,0.0,0.0,0.0,0.012774193548387096,0.0,0.0,0.0
