MS,MPT,t (ms),PWMi,PWMe,Pressure (Psi),LW raw(V),Displacement (mm),t_rel(s),LW (V),delta d (m),delta t (s),vel (m/s),strain,strain rate (1/s),dv/dt raw,dv/dt
28,2,1400588,0,190,13.22,0.03,1.98,0.0,-0.028418972332015822,0.0,0.0,0.0,0.0,0.0,0.0,0.0
28,2,1400630,255,0,13.11,0.03,1.98,0.042,0.020191981931112327,0.0025135504835289827,0.084,0.029923220042011697,0.012774193548387096,0.0,0.0,1.1724292379735328
28,2,1400672,255,0,16.3,0.03,1.98,0.084,0.07006508365776094,0.0029578920015450585,0.08299999999999999,0.03563725303066336,0.012774193548387096,0.16245627671978238,0.3614457831325302,1.210284389959612
28,2,1400713,255,0,32.05,0.06,4.07,0.125,0.12064558629776012,0.0035313231195534148,0.083,0.04254606168136644,0.026258064516129033,0.4399533618344345,1.0843373493975903,1.2206465017250492
28,2,1400755,255,0,46.15,0.12,7.64,0.167,0.17137874330094002,0.004048506534849014,0.08399999999999999,0.048196506367250175,0.04929032258064516,0.5330261136712751,1.7857142857142858,1.2031454978496496
28,2,1400797,255,0,55.51,0.21,11.01,0.209,0.22170980811713067,0.0043455079203246335,0.08399999999999999,0.051732237146721836,0.07103225806451613,0.4646697388632872,2.0238095238095237,1.1869677487526453
28,2,1400839,255,0,62.01,0.29,13.69,0.251,0.2710840341961622,0.004327718353625034,0.08399999999999999,0.05152045659077422,0.08832258064516128,0.35099846390168976,1.6666666666666667,1.1575817484611204
28,2,1400881,255,0,66.52,0.35,15.58,0.293,0.3189466749878648,0.00398939870785183,0.08600000000000002,0.046388357068044526,0.10051612903225807,0.2460615153788446,1.2790697674418607,1.0890575551849564
28,2,1400925,255,0,70.16,0.4,16.97,0.337,0.3647429839420685,0.0034028588696914087,0.08600000000000002,0.03956812639176056,0.10948387096774193,0.18604651162790678,1.0465116279069768,1.0345527851248686
28,2,1400967,255,0,72.91,0.44,18.06,0.379,0.4079182145086035,0.002686741053513938,0.08399999999999996,0.03198501254183261,0.11651612903225805,0.13671274961597565,0.8333333333333331,0.9901742404193513
28,2,1401009,255,0,75.11,0.47,18.75,0.421,0.44791762013729397,0.0019677995793935745,0.08300000000000002,0.023708428667392457,0.12096774193548387,0.1080450835600468,0.72289156626506,0.9350176718045614
28,2,1401050,255,0,76.98,0.5,19.45,0.462,0.4855246812683821,0.0013489438160420946,0.08300000000000002,0.016252335133037282,0.12548387096774194,0.09249902837155063,0.6024096385542173,0.826634422620185
28,2,1401092,255,0,78.64,0.52,19.94,0.504,0.5165282772147693,0.0008909175193253808,0.08400000000000002,0.01060616094434977,0.12864516129032258,0.07603686635944702,0.3571428571428574,0.6377745606251556
28,2,1401134,255,0,80.18,0.53,20.44,0.546,0.5390977443608952,0.0006089451151058469,0.08299999999999996,0.007336688133805388,0.1318709677419355,0.06995724834823158,0.3614457831325306,0.45278203365931347
28,2,1401175,255,0,81.5,0.55,20.84,0.587,0.5541091860084923,0.00048111946081949244,0.08299999999999996,0.005796620009873406,0.1344516129032258,0.061406917994558705,0.3614457831325306,0.2880695715191567
28,2,1401217,255,0,82.82,0.56,21.23,0.629,0.5630075187969852,0.0004631153099210543,0.08400000000000007,0.005513277499060165,0.13696774193548386,0.052995391705069256,0.23809523809523678,0.1878920904746293
28,2,1401259,255,0,83.92,0.57,21.53,0.671,0.5698921216083612,0.0005038321849843044,0.08599999999999997,0.005858513778887263,0.13890322580645162,0.04501125281320337,0.11627906976744072,0.14729695827029482
28,2,1401303,255,0,85.13,0.57,21.83,0.715,0.5756750572082305,0.0005580315040203345,0.08499999999999996,0.0065650765178862916,0.14083870967741935,0.04554079696394661,0.11764705882352956,0.12226217718208453
28,2,1401344,255,0,86.12,0.58,22.13,0.756,0.5802844066688384,0.000594006421884,0.08200000000000007,0.00724398075468292,0.14277419354838708,0.04642014162077123,0.12195121951219512,0.10225723375245895
28,2,1401385,255,0,87.12,0.58,22.42,0.797,0.5840601503759322,0.0005960762055005766,0.08299999999999996,0.007181641030127432,0.1446451612903226,0.045860862806063205,0.0,0.08286824972331201
28,2,1401427,255,0,88.0,0.58,22.72,0.839,0.5871624713958733,0.0005628773220133248,0.08399999999999996,0.0067009205001586315,0.14658064516129032,0.03840245775729658,0.11904761904761921,0.06522517473808723
28,2,1401469,255,0,88.88,0.59,22.92,0.881,0.5895390650539315,0.0005030178488421484,0.08300000000000007,0.006060456010146361,0.1478709677419355,0.031092110376991958,0.12048192771084337,0.05581003320243959
28,2,1401510,255,0,89.54,0.59,23.12,0.922,0.5917947041516758,0.00042980037908830224,0.08299999999999996,0.005178317820340993,0.14916129032258066,0.023319082782743413,0.0,0.05049291641886355
28,2,1401552,255,0,90.2,0.59,23.22,0.964,0.5937299771166972,0.0003565023815587125,0.08399999999999996,0.0042440759709370555,0.1498064516129032,0.02304147465437775,0.0,0.036582138576254274
28,2,1401594,255,0,90.86,0.59,23.42,1.006,0.5948676037920811,0.0002931901635018228,0.08299999999999996,0.0035324116084556978,0.1510967741935484,0.030314807617567375,0.12048192771084354,0.023316541747241588
28,2,1401635,255,0,91.52,0.6,23.61,1.047,0.5956652500817182,0.00024535822310148346,0.08499999999999996,0.002886567330605689,0.1523225806451613,0.022011385199241024,0.11764705882352956,0.020537276695574515
28,2,1401679,255,0,92.18,0.6,23.71,1.091,0.596613272311205,0.0002140790145378233,0.08600000000000008,0.0024892908667188732,0.15296774193548388,0.01500375093773433,0.0,0.025886252537308384
28,2,1401721,255,0,92.73,0.6,23.81,1.133,0.5978914677999267,0.00019705682137758629,0.08400000000000007,0.0023459145402093583,0.15361290322580645,0.015360983102918481,0.0,0.03280717321253401
28,2,1401763,255,0,93.28,0.6,23.91,1.175,0.5993690748610578,0.00019002392799121636,0.08400000000000007,0.00226218961894305,0.15425806451612903,0.01536098310291881,0.0,0.029732716885380966
28,2,1401805,255,0,93.72,0.6,24.01,1.217,0.6003890160182987,0.00018810563257160595,0.08299999999999996,0.0022663329225494702,0.15490322580645163,0.015546055188495831,0.0,0.022016802089035965
28,2,1401846,255,0,94.16,0.6,24.11,1.258,0.6011964694344478,0.00018693237192226065,0.08299999999999996,0.0022521972520754305,0.15554838709677418,0.015546055188495831,0.0,0.01571503404924116
28,2,1401888,255,0,94.49,0.6,24.21,1.3,0.6016933638443858,0.00018336396226811756,0.08400000000000007,0.0021829043127156835,0.1561935483870968,0.015360983102918481,0.0,0.017707311757655792
28,2,1401930,255,0,94.82,0.6,24.31,1.342,0.6026838836220909,0.00017576734280417484,0.08299999999999996,0.0021176788289659627,0.15683870967741934,0.015546055188495831,0.0,0.022292504440777038
28,2,1401971,255,0,95.15,0.6,24.41,1.383,0.6035436417129703,0.0001638880512530747,0.08499999999999996,0.001928094720624409,0.15748387096774194,0.007590132827324762,0.0,0.01792204295905882
28,2,1402015,255,0,95.37,0.6,24.41,1.427,0.6042072572736109,0.0001484612631276434,0.08600000000000008,0.0017262937572981778,0.15748387096774194,0.007501875468867165,0.11627906976744186,0.012391950553836375
28,2,1402057,255,0,95.59,0.61,24.51,1.469,0.6046093494606002,0.00013076470615802193,0.08399999999999985,0.0015567226923574066,0.15812903225806452,0.01536098310291852,0.11904761904761936,0.016423045190616686
28,2,1402099,255,0,95.82,0.61,24.61,1.511,0.6055867930696227,0.00011226896270371967,0.08299999999999996,0.001352638104864093,0.1587741935483871,0.007773027594247916,0.0,0.02335592779749146
28,2,1402140,255,0,95.93,0.61,24.61,1.552,0.606547891467792,9.441769350402751e-05,0.08300000000000018,0.0011375625723376783,0.1587741935483871,0.007773027594247895,-0.1204819277108432,0.02256820679251805
28,2,1402182,255,0,96.04,0.6,24.71,1.594,0.6074599542334017,7.847826245821921e-05,0.08399999999999985,0.000934265029264516,0.15941935483870967,0.00768049155145926,0.0,0.020742850916110937
28,2,1402224,255,0,96.15,0.61,24.71,1.636,0.6082902909447453,6.540795344893269e-05,0.08399999999999985,0.0007786661124872952,0.15941935483870967,0.0,0.11904761904761936,0.01840782079422037
28,2,1402266,255,0,96.26,0.61,24.71,1.678,0.6090062111801162,5.573885907034537e-05,0.08300000000000018,0.0006715525189198222,0.15941935483870967,0.006995724834823273,0.0,0.01547871774774724
28,2,1402307,255,0,96.26,0.61,24.8,1.719,0.6095750245178083,4.9516311152508766e-05,0.08299999999999996,0.0005965820620784191,0.16,0.006995724834823291,0.0,0.011540112722876531
28,2,1402349,255,0,96.26,0.61,24.8,1.761,0.609964040536115,4.6309632167496065e-05,0.08199999999999985,0.0005647516117987335,0.16,0.0,0.0,0.006896881652700861
28,2,1402389,255,0,96.26,0.61,24.8,1.801,0.6101405688133298,4.529194335771436e-05,0.08200000000000007,0.0005523407726550527,0.16,0.0,0.0,0.0013155901418449823
28,2,1402431,255,0,96.37,0.61,24.8,1.843,0.6100719189277463,4.538696339644233e-05,0.08400000000000007,0.0005403209928147891,0.16,0.0076804915514592405,0.0,-0.004942480424664175
28,2,1402473,255,0,96.37,0.61,24.9,1.885,0.609725400457658,4.547092165095279e-05,0.08299999999999996,0.000547842429529552,0.16064516129032258,0.007773027594247916,0.0,-0.0012209675577112304
28,2,1402514,255,0,96.37,0.61,24.9,1.926,0.6099705786204562,4.4576753916555136e-05,0.08299999999999996,0.0005370693242958452,0.16064516129032258,0.0,0.0,0.006301768039794807
28,2,1402556,255,0,96.37,0.61,24.9,1.968,0.610248447204961,4.2039248023659325e-05,0.08399999999999985,0.0005004672383768976,0.16064516129032258,0.0,0.0,0.0070050903656664245
28,2,1402598,255,0,96.37,0.61,24.9,2.01,0.6105590062111722,3.758416253798913e-05,0.09299999999999997,0.00040413077997837783,0.16064516129032258,0.0,0.0,-0.0026714753222458094
28,2,1402649,255,0,96.37,0.61,24.9,2.061,0.6099999999999921,3.141394699195388e-05,0.09300000000000042,0.0003377843762575671,0.16064516129032258,0.0069372181755115465,0.0,-0.006010819475054833
28,2,1402691,255,0,96.37,0.61,25.0,2.103,0.6099999999999921,2.428018907892593e-05,0.08400000000000007,0.0002890498699872132,0.16129032258064516,0.0076804915514592405,0.0,0.0
28,2,1402733,255,0,96.37,0.61,25.0,2.145,0.6099999999999921,1.7420209318867563e-05,0.08599999999999985,0.00020256057347520456,0.16129032258064516,0.0,0.0,0.0
28,2,1402777,255,0,96.37,0.61,25.0,2.189,0.6099999999999921,1.2237645958215636e-05,0.08499999999999996,0.00014397230539077226,0.16129032258064516,0.0,0.0,0.0
28,2,1402818,255,0,96.37,0.61,25.0,2.23,0.6099999999999921,9.779080532364759e-06,0.08299999999999974,0.00011782024737788903,0.16129032258064516,-0.0077730275942479365,0.0,0.0
28,2,1402860,255,0,96.37,0.61,24.9,2.272,0.6099999999999921,1.0257697183504887e-05,0.08400000000000007,0.00012211544266077236,0.16064516129032258,0.0,0.0,0.0
28,2,1402902,255,0,96.37,0.61,25.0,2.314,0.6099999999999921,1.2905508526959153e-05,0.08300000000000018,0.0001554880545416762,0.16129032258064516,0.007773027594247895,0.0,0.0
28,2,1402943,255,0,96.37,0.61,25.0,2.355,0.6099999999999921,1.6256484247950453e-05,0.08299999999999974,0.00019586125599940364,0.16129032258064516,0.0,0.0,0.0
28,2,1402985,255,0,96.37,0.61,25.0,2.397,0.6099999999999921,1.8729022670576967e-05,0.08400000000000007,0.00022296455560210656,0.16129032258064516,0.0,0.0,0.0
28,2,1403027,255,0,96.37,0.61,25.0,2.439,0.6099999999999921,1.926703127471896e-05,0.08300000000000018,0.00023213290692432432,0.16129032258064516,0.0,0.0,0.0
28,2,1403068,255,0,96.37,0.61,25.0,2.48,0.6099999999999921,1.7828763844406125e-05,0.08299999999999974,0.00021480438366754435,0.16129032258064516,0.007773027594248271,0.0,0.0
28,2,1403110,255,0,96.37,0.61,25.1,2.522,0.6099999999999921,1.557097048845435e-05,0.08599999999999985,0.0001810577963773765,0.16193548387096776,0.0,0.0,0.0
28,2,1403154,255,0,96.37,0.61,25.0,2.566,0.6099999999999921,1.4615987777865768e-05,0.0860000000000003,0.00016995334625425251,0.16129032258064516,0.0,0.0,0.0
28,2,1403196,255,0,96.37,0.61,25.1,2.608,0.6099999999999921,1.7360460548367485e-05,0.08300000000000018,0.0002091621752815355,0.16193548387096776,0.00777302759424823,0.0,0.006735014592531334
28,2,1403237,255,0,96.37,0.61,25.1,2.649,0.6105590062111722,2.5409516102179453e-05,0.08299999999999974,0.00030613874821903053,0.16193548387096776,0.0,0.0,0.009728354411434647
28,2,1403279,255,0,96.37,0.61,25.1,2.691,0.6108074534161412,3.836702681940096e-05,0.08400000000000007,0.0004567503192785825,0.16193548387096776,0.0,0.0,0.002607450302774933
28,2,1403321,255,0,96.37,0.61,25.1,2.733,0.6107780320366053,5.284963303777701e-05,0.08300000000000018,0.0006367425667202036,0.16193548387096776,0.0,0.0,0.003072111919400328
28,2,1403362,255,0,96.37,0.61,25.1,2.774,0.6110624387054514,6.21712578950131e-05,0.08299999999999974,0.0007490512999399192,0.16193548387096776,0.0,0.0,0.0005514047034821474
28,2,1403404,255,0,96.37,0.61,25.1,2.816,0.6108237986269943,5.708028446451152e-05,0.08400000000000007,0.0006795271960060889,0.16193548387096776,0.0,0.0,-0.004475474400287384
28,2,1403446,255,0,96.37,0.61,25.1,2.858,0.6106864988558273,2.7674377858996736e-05,0.08400000000000007,0.0003294568792737704,0.16193548387096776,0.0,0.0,-0.011636233440744291
28,2,1403488,255,0,96.37,0.61,25.1,2.9,0.6098463550179718,-3.378638288986835e-05,0.08599999999999985,-0.00039286491732405123,0.16193548387096776,0.0,0.0,-0.020070398443022736
28,2,1403532,255,0,96.37,0.61,25.1,2.944,0.6089604445897273,-0.00012988416320352768,0.08499999999999996,-0.0015280489788650322,0.16193548387096776,0.0,0.0,-0.030459781166471064
28,2,1403573,0,190,96.37,0.61,25.1,2.985,0.6072572736188218,-0.00025589285531790295,0.08300000000000018,-0.003083046449613282,0.16193548387096776,0.0,0.0,-0.04257632031886938
28,2,1403615,0,190,94.49,0.61,25.1,3.027,0.6054266100032611,-0.0003994871315609245,0.08400000000000007,-0.004755799185249097,0.16193548387096776,-0.02304147465437805,-0.11904761904761904,-0.04724544279954566
28,2,1403657,0,190,90.64,0.6,24.8,3.069,0.6032886564236599,-0.0005428284281884572,0.08299999999999974,-0.006540101544439264,0.16,-0.05363389040031127,-0.12048192771084386,-0.06372662930243389
28,2,1403698,0,190,87.0,0.6,24.41,3.11,0.6001372997711591,-0.0006666264947973915,0.08300000000000018,-0.008031644515631204,0.15748387096774194,-0.06917994558880677,0.0,-0.0790478028491853
28,2,1403740,0,190,84.03,0.6,23.91,3.152,0.5967276887871775,-0.0007548576212215928,0.08400000000000007,-0.008986400252638001,0.15425806451612903,-0.0691244239631335,-0.11904761904761904,-0.09227260698329462
28,2,1403782,0,190,81.39,0.59,23.51,3.194,0.5923864007845624,-0.0007984762108803558,0.08299999999999974,-0.009620195311811547,0.15167741935483872,-0.06140691799455887,-0.12048192771084386,-0.10634233567155069
28,2,1403823,0,190,79.3,0.59,23.12,3.235,0.5879012749264388,-0.0007969261639694771,0.08300000000000018,-0.009601520047825003,0.14916129032258066,-0.06140691799455887,-0.1204819277108432,-0.11079295934965581
28,2,1403865,0,190,77.42,0.58,22.72,3.277,0.5831905851585409,-0.0007572238351963243,0.0860000000000003,-0.0088049283162363,0.14658064516129032,-0.05251312828207034,-0.11627906976744155,-0.11924401499197779
28,2,1403909,0,190,75.77,0.58,22.42,3.321,0.5776462896371287,-0.0006912706934700417,0.08599999999999985,-0.008038031319419103,0.1446451612903226,-0.044261065266316874,-0.11627906976744216,-0.1287090324395404
28,2,1403951,0,190,74.45,0.57,22.13,3.363,0.5721216083687405,-0.0006124893647121468,0.08299999999999974,-0.0073793899362909485,0.14277419354838708,-0.04586086280606333,-0.12048192771084386,-0.13982047838296488
28,2,1403992,0,190,73.24,0.57,21.83,3.404,0.5660411899313427,-0.0005328328293413094,0.08300000000000018,-0.006419672642666364,0.14083870967741935,-0.03886513797123948,-0.12048192771084187,-0.1492731304426563
28,2,1404034,0,190,72.25,0.56,21.63,3.446,0.559731938542,-0.0004608595908492923,0.08400000000000007,-0.005486423700586808,0.1395483870967742,-0.030721966205836962,-0.23809523809523678,-0.14239792026650222
28,2,1404076,0,190,71.37,0.55,21.43,3.488,0.5540797646289565,-0.0004010983530087593,0.08199999999999985,-0.004891443329375122,0.13825806451612904,-0.03933910306845021,-0.12195121951219545,-0.1474656949903918
28,2,1404116,0,190,70.6,0.55,21.13,3.528,0.5476397515527879,-0.0003545056176266108,0.08199999999999985,-0.00432323923934892,0.13632258064516128,-0.03147128245476024,-0.12195121951219545,-0.14906034970777687
28,2,1404158,0,190,69.94,0.54,21.03,3.57,0.5418568159529188,-0.0003195605977104954,0.08400000000000007,-0.0038042928298868467,0.1356774193548387,-0.02227342549923196,-0.11904761904761904,-0.13632684194959205
28,2,1404200,0,190,69.27,0.54,20.84,3.612,0.5361882968290221,-0.0002935048260967683,0.0860000000000003,-0.003412846815078689,0.1344516129032258,-0.021755438859714885,-0.11627906976744155,-0.13680561362962293
28,2,1404244,0,190,68.72,0.53,20.74,3.656,0.5300915331807712,-0.0002733796863974476,0.08499999999999996,-0.0032162316046758553,0.13380645161290322,-0.022770398481973306,-0.23529411764705913,-0.13149241389919575
28,2,1404285,0,190,68.17,0.52,20.54,3.697,0.5250114416475905,-0.00025670446437767326,0.08299999999999974,-0.0030928248720201693,0.13251612903225807,-0.023319082782743812,-0.12048192771084386,-0.12757141675561204
28,2,1404327,0,190,67.73,0.52,20.44,3.739,0.5195031055900554,-0.00024176704188562327,0.08400000000000007,-0.002878179070066941,0.1318709677419355,-0.015360983102918481,-0.11904761904761904,-0.1257024548950012
28,2,1404369,0,190,67.4,0.51,20.34,3.781,0.5144524354364104,-0.00022758776498398348,0.08400000000000007,-0.0027093781545712296,0.13122580645161291,-0.01536098310291881,-0.11904761904761904,-0.1150002335030105
28,2,1404411,0,190,66.96,0.51,20.24,3.823,0.5098430859758025,-0.00021370102381864698,0.08299999999999974,-0.0025747111303451526,0.1305806451612903,-0.015546055188496208,0.0,-0.10594847516906268
28,2,1404452,0,190,66.63,0.51,20.14,3.864,0.5056587119973782,-0.00019993565495212806,0.08300000000000018,-0.0024088633126762363,0.12993548387096773,-0.01554605518849579,-0.1204819277108432,-0.09590503235563926
28,2,1404494,0,190,66.3,0.5,20.04,3.906,0.5018829682902844,-0.00018631286992349416,0.08400000000000007,-0.0022180103562320715,0.12929032258064516,-0.015360983102918481,-0.11904761904761904,-0.09596973800962025
28,2,1404536,0,190,66.08,0.5,19.94,3.948,0.4975972540045701,-0.00017305466148873094,0.08299999999999974,-0.002084995921550982,0.12864516129032258,-0.015546055188495873,-0.12048192771084386,-0.09913468847603558
28,2,1404577,0,190,65.86,0.49,19.84,3.989,0.4936547891467735,-0.0001605994935073305,0.08500000000000041,-0.001889405805968585,0.128,-0.015180265654649118,-0.11764705882352895,-0.09587908389900364
28,2,1404621,0,190,65.53,0.49,19.74,4.033,0.48944753187315476,-0.00014952065492447985,0.0860000000000003,-0.0017386122665637132,0.1273548387096774,-0.007501875468867468,0.0,-0.08488106008195251
28,2,1404663,0,190,65.31,0.49,19.74,4.075,0.4863550179797256,-0.0001403323880141585,0.08399999999999963,-0.0016706236668352274,0.1273548387096774,-0.0069124423963131875,-0.11904761904761968,-0.07834026058936143
28,2,1404705,0,190,65.09,0.48,19.65,4.117,0.48286694998364843,-0.00013327707070814654,0.08300000000000018,-0.0016057478398571836,0.1267741935483871,-0.014768752429070834,-0.1204819277108432,-0.08980019456708713
28,2,1404746,0,190,64.87,0.48,19.55,4.158,0.47890160183065733,-0.0001282185609123161,0.08300000000000018,-0.0015448019387026,0.12612903225806452,-0.007773027594247895,0.0,-0.0918088831297717
28,2,1404788,0,190,64.65,0.48,19.55,4.2,0.47524681268387736,-0.00012469893985582204,0.08399999999999963,-0.0014845111887597927,0.12612903225806452,-0.00768049155145928,-0.11904761904761968,-0.09133859493454019
28,2,1404830,0,190,64.43,0.47,19.45,4.242,0.471229159856156,-0.0001221183489670068,0.08300000000000018,-0.0014713054092410423,0.12548387096774194,-0.01554605518849579,-0.1204819277108432,-0.0853495708889801
28,2,1404871,0,190,64.32,0.47,19.35,4.283,0.468162798300092,-0.00011994115949272554,0.08300000000000018,-0.0014450742107557262,0.12483870967741936,-0.007773027594247895,-0.12048192771084254,-0.07054041599546128
28,2,1404913,0,190,64.1,0.46,19.35,4.325,0.4653743053285327,-0.00011783371373729067,0.08399999999999963,-0.0014027823063963237,0.12483870967741936,-0.007680491551459446,-0.11904761904761901,-0.0711016672115066
28,2,1404955,0,190,63.99,0.46,19.25,4.367,0.46219025825432547,-0.00011569209259406676,0.08599999999999941,-0.0013452568906286925,0.12419354838709677,-0.007501875468867384,0.0,-0.06986627336794939
28,2,1404999,0,190,63.77,0.46,19.25,4.411,0.4593658058188891,-0.00011358804040079562,0.08499999999999996,-0.0013363298870681843,0.12419354838709677,-0.007590132827324599,0.0,-0.06395784858565744
28,2,1405040,0,190,63.55,0.46,19.15,4.452,0.4567538411245446,-0.00011168455533430332,0.08300000000000018,-0.001345597052220519,0.12354838709677418,-0.01554605518849579,-0.1204819277108432,-0.06888620188501485
28,2,1405082,0,190,63.44,0.45,19.05,4.494,0.45364825106243284,-0.00011013746609485864,0.08399999999999963,-0.0013111603106530849,0.12290322580645162,-0.007680491551459116,-0.11904761904761968,-0.060477280156913726
28,2,1405124,0,190,63.22,0.45,19.05,4.536,0.45167374959136386,-0.00010897995722988085,0.08400000000000052,-0.0012973804432128593,0.12290322580645162,0.0,0.0,-0.05269384641728496
28,2,1405166,0,190,63.11,0.45,19.05,4.578,0.4492219679633809,-0.00010803658587998654,0.08300000000000018,-0.0013016456130118832,0.12290322580645162,-0.007773027594248062,0.0,-0.05612512160442912
28,2,1405207,0,190,63.0,0.45,18.95,4.619,0.44701536449819623,-0.00010695776883981622,0.0829999999999993,-0.0012886478173471942,0.12225806451612903,-0.015546055188495956,0.0,-0.04824791155468481
28,2,1405249,0,190,62.78,0.45,18.85,4.661,0.44521739130434207,-0.00010539784979405197,0.08400000000000052,-0.0012547363070720397,0.12161290322580647,-0.007680491551459034,-0.11904761904761842,-0.04673951960646868
28,2,1405291,0,190,62.56,0.44,18.85,4.703,0.44308924485125284,-0.00010322463846884134,0.08300000000000018,-0.0012436703429980858,0.12161290322580647,-0.007773027594248062,-0.1204819277108432,-0.04021315730394601
28,2,1405332,0,190,62.45,0.44,18.75,4.744,0.44187969924811454,-0.00010060406703550128,0.08499999999999996,-0.001183577259241192,0.12096774193548387,-0.007590132827324599,0.0,-0.0369594061881052
28,2,1405376,0,190,62.34,0.44,18.75,4.788,0.4399476953252639,-9.789847843314803e-05,0.0860000000000003,-0.0011383544003854382,0.12096774193548387,-0.007501875468867307,0.0,-0.04531044496985598
28,2,1405418,0,190,62.12,0.44,18.65,4.83,0.4379830009807069,-9.544541762723923e-05,0.08399999999999963,-0.001136254971752853,0.12032258064516128,-0.007680491551459446,-0.11904761904761968,-0.045610921714222506
28,2,1405460,0,190,62.01,0.43,18.65,4.872,0.4361163779012692,-9.335149408754973e-05,0.08300000000000018,-0.0011247167962355365,0.12032258064516128,0.0,0.0,-0.04222184586663058
28,2,1405501,0,190,61.9,0.44,18.65,4.913,0.43447858777377657,-9.143115609208862e-05,0.08300000000000018,-0.0011015801938805833,0.12032258064516128,-0.007773027594247728,0.0,-0.03926789209797652
28,2,1405543,0,190,61.68,0.43,18.55,4.955,0.43285714285713717,-8.934403185888584e-05,0.08399999999999963,-0.0010636194268915029,0.11967741935483872,-0.01536098310291856,-0.11904761904761968,-0.04094086147044532
28,2,1405585,0,190,61.57,0.43,18.45,4.997,0.4310395554102592,-8.685065476516485e-05,0.08300000000000018,-0.0010463934309055984,0.11903225806451613,-0.007773027594248062,0.0,-0.04458500888155396
28,2,1405626,0,190,61.46,0.43,18.45,5.038,0.4291565871199682,-8.401130458533856e-05,0.08300000000000018,-0.0010121843925944383,0.11903225806451613,0.0,0.0,-0.04458500888155396
28,2,1405668,0,190,61.35,0.43,18.45,5.08,0.4273389996730902,-8.120395743618758e-05,0.08399999999999963,-0.0009667137790022374,0.11903225806451613,-0.006912442396313518,0.0,-0.04094086147044532
28,2,1405710,0,190,61.13,0.43,18.36,5.122,0.4257175547564508,-7.8986180194331e-05,0.0860000000000003,-0.0009184439557480317,0.1184516129032258,-0.006751687921980592,-0.11627906976744155,-0.03789808190851153
28,2,1405754,0,190,61.01,0.42,18.36,5.166,0.4240797646289582,-7.790777637272228e-05,0.0860000000000003,-0.0009059043764270002,0.1184516129032258,-0.007501875468866984,-0.11627906976744155,-0.040748990778259046
28,2,1405796,0,190,60.9,0.42,18.26,5.208,0.4222131415495205,-7.834224180200167e-05,0.0829999999999993,-0.0009438824313494257,0.11780645161290323,-0.007773027594247812,0.0,-0.04616045089150315
28,2,1405837,0,190,60.68,0.42,18.26,5.249,0.42024844720496346,-8.03508930388368e-05,0.08300000000000018,-0.0009680830486606822,0.11780645161290323,0.0,0.0,-0.04694817189647801
28,2,1405879,0,190,60.57,0.42,18.26,5.291,0.4183164432821128,-8.360598047255152e-05,0.08400000000000052,-0.000995309291339893,0.11780645161290323,-0.0076804915514593645,0.0,-0.05479537352698381
28,2,1405921,0,190,60.46,0.42,18.16,5.333,0.4156456358286968,-8.743010094057268e-05,0.0829999999999993,-0.0010533747101273906,0.11716129032258064,-0.0077730275942481455,-0.1204819277108445,-0.04773589290145119
28,2,1405962,0,190,60.35,0.41,18.16,5.374,0.4143543641712924,-9.097728973069863e-05,0.08300000000000018,-0.001096111924466246,0.11716129032258064,-0.007773027594248062,-0.1204819277108432,-0.04100087830891935
28,2,1406004,0,190,60.13,0.41,18.06,5.416,0.4122425629290565,-9.349627815441508e-05,0.08400000000000052,-0.0011130509304096965,0.11651612903225805,-0.0076804915514593645,0.0,-0.051837668705925315
28,2,1406046,0,190,60.02,0.41,18.06,5.458,0.40999999999999465,-9.456057158797293e-05,0.0829999999999993,-0.001139283995035828,0.11651612903225805,-0.007773027594247812,0.0,-0.047302646348716657
28,2,1406087,0,190,59.91,0.41,17.96,5.499,0.40831644328211303,-9.41673687429443e-05,0.08499999999999996,-0.0011078513969758157,0.11587096774193549,-0.007590132827324272,0.0,-0.04172836182527861
28,2,1406131,0,190,59.8,0.41,17.96,5.543,0.40645308924484597,-9.267040716699526e-05,0.0860000000000003,-0.0010775628740348248,0.11587096774193549,-0.007501875468867307,-0.11627906976744092,-0.043523875411480326
28,2,1406173,0,190,59.69,0.4,17.86,5.585,0.4045733899967257,-9.0580503156108e-05,0.08399999999999963,-0.0010783393232870048,0.1152258064516129,-0.007680491551459446,-0.11904761904761901,-0.053744609972134295
28,2,1406215,0,190,59.47,0.4,17.86,5.627,0.4019385420071867,-8.832662439016659e-05,0.08300000000000018,-0.0010641761974718841,0.1152258064516129,0.0,0.0,-0.06427803400591435
28,2,1406256,0,190,59.25,0.4,17.86,5.668,0.3992383131742348,-8.610509463655802e-05,0.08300000000000018,-0.0010374107787537088,0.1152258064516129,-0.007773027594247728,0.0,-0.05754301941338368
28,2,1406298,0,190,59.14,0.4,17.76,5.71,0.39716247139587585,-8.391685232834689e-05,0.08399999999999963,-0.0009990101467660388,0.11458064516129034,-0.007680491551459116,0.0,-0.05078690515107642
28,2,1406340,0,190,59.03,0.4,17.76,5.752,0.3949722131415444,-8.177959625256293e-05,0.08399999999999963,-0.0009735666220543249,0.11458064516129034,-0.007680491551459446,-0.11904761904761968,-0.05156524852503819
28,2,1406382,0,190,58.92,0.39,17.66,5.794,0.39283099051977266,-7.996047871245793e-05,0.08300000000000018,-0.0009633792615958765,0.11393548387096775,-0.015546055188496125,-0.1204819277108432,-0.059906182428307066
28,2,1406423,0,190,58.81,0.39,17.56,5.835,0.3899999999999949,-7.902606666173639e-05,0.0860000000000003,-0.0009189077518806525,0.11329032258064516,0.0,0.0,-0.06583698883203927
28,2,1406468,0,190,58.59,0.39,17.66,5.88,0.38716900948021726,-7.962140143131435e-05,0.0860000000000003,-0.0009258302492013264,0.11393548387096775,0.0,-0.11627906976744155,-0.05781643187848233
28,2,1406509,0,190,58.48,0.38,17.56,5.921,0.3850277868584454,-8.209822710707826e-05,0.08300000000000018,-0.0009891352663503382,0.11329032258064516,-0.007773027594248062,-0.1204819277108432,-0.052186516579557043
28,2,1406551,0,190,58.26,0.38,17.56,5.963,0.382837528604114,-8.62353534561393e-05,0.08399999999999963,-0.0010266113506683296,0.11329032258064516,-0.007680491551459116,0.0,-0.050786905151075104
28,2,1406593,0,190,58.26,0.38,17.46,6.005,0.3807616868257551,-9.122195488893325e-05,0.08399999999999963,-0.0010859756534396863,0.11264516129032259,-0.007680491551459116,0.0,-0.056857983467986636
28,2,1406635,0,190,58.04,0.38,17.46,6.047,0.37806145799280316,-9.589329437112326e-05,0.08199999999999985,-0.001169430419160042,0.11264516129032259,-0.007867820613690143,0.0,-0.06506191246940204
28,2,1406675,0,190,57.93,0.38,17.36,6.087,0.37542661000326416,-9.908578704299842e-05,0.08199999999999985,-0.001208363256621934,0.112,-0.007867820613690143,-0.12195121951219545,-0.06187260303462649
28,2,1406717,0,190,57.82,0.37,17.36,6.129,0.3729879045439638,-9.997247277112109e-05,0.08400000000000052,-0.001190148485370482,0.112,-0.0076804915514592,-0.11904761904761842,-0.0475178629804311
28,2,1406759,0,190,57.6,0.37,17.26,6.171,0.3714351095129079,-9.829160893457357e-05,0.08300000000000018,-0.0011842362522237753,0.11135483870967743,-0.007773027594247895,0.0,-0.035644375475094046
28,2,1406800,0,190,57.49,0.37,17.26,6.212,0.370029421379531,-9.442807942424736e-05,0.08499999999999996,-0.001110918581461734,0.11135483870967743,-0.007590132827324599,0.0,-0.040036151760474946
28,2,1406844,0,190,57.38,0.37,17.16,6.256,0.36803203661326755,-8.933524778835888e-05,0.0860000000000003,-0.0010387819510274253,0.11070967741935483,-0.007501875468867307,0.0,-0.03881037274683221
28,2,1406886,0,190,57.16,0.37,17.16,6.298,0.3666917293233034,-8.430639200278733e-05,0.08399999999999963,-0.0010036475238427106,0.11070967741935483,-0.006912442396313352,-0.11904761904761968,-0.03288500754993142
28,2,1406928,0,190,57.05,0.36,17.07,6.34,0.36526969597907333,-8.063573834288462e-05,0.08300000000000018,-0.0009715149197937885,0.11012903225806452,-0.006995724834823106,-0.1204819277108432,-0.04415176232881675
28,2,1406969,0,190,56.94,0.36,17.07,6.381,0.3630271330500116,-7.925432285684763e-05,0.08300000000000018,-0.0009548713597210537,0.11012903225806452,0.0,0.0,-0.05561310295119551
28,2,1407011,0,190,56.83,0.36,17.07,6.423,0.3606538084341241,-8.046475055256153e-05,0.08399999999999963,-0.0009579136970543082,0.11012903225806452,-0.007680491551459446,0.0,-0.05650772894970305
28,2,1407053,0,190,56.72,0.36,16.97,6.465,0.3582804838182366,-8.38860180438168e-05,0.08300000000000018,-0.0010106749161905616,0.10948387096774193,-0.007773027594248062,0.0,-0.048878088358664175
28,2,1407094,0,190,56.5,0.36,16.97,6.506,0.35659692710035495,-8.86316265635152e-05,0.08300000000000018,-0.001067850922451988,0.10948387096774193,-0.007773027594247728,0.0,-0.041158422509914826
28,2,1407136,0,190,56.39,0.36,16.87,6.548,0.35486433474991363,-9.3631000064601e-05,0.08399999999999963,-0.0011146547626738263,0.10883870967741936,-0.007680491551459116,-0.11904761904761968,-0.05063123647628394
28,2,1407178,0,190,56.28,0.35,16.87,6.59,0.3523439032363471,-9.795075029570199e-05,0.0860000000000003,-0.0011389622127407168,0.10883870967741936,-0.007501875468867307,-0.11627906976744155,-0.05975504990990981
28,2,1407222,0,190,56.06,0.35,16.77,6.634,0.3497254004576614,-0.00010100537605203996,0.08499999999999996,-0.0011882985417887059,0.10819354838709677,-0.007590132827324599,0.0,-0.06122723689017839
28,2,1407263,0,190,55.95,0.35,16.77,6.675,0.34713958810068196,-0.00010262017277762325,0.0829999999999993,-0.0012363876238267967,0.10819354838709677,-0.007773027594247812,-0.12048192771084383,-0.05360441438851151
28,2,1407305,0,190,55.84,0.34,16.67,6.717,0.34527623406341496,-0.00010296964215063653,0.08400000000000052,-0.001225829073221856,0.10754838709677421,-0.007680491551459034,-0.11904761904761776,-0.04456015815937325
28,2,1407347,0,190,55.73,0.34,16.67,6.759,0.3433965348152946,-0.00010244401966285466,0.08400000000000052,-0.001219571662653024,0.10754838709677421,-0.0076804915514593645,0.0,-0.053744609972134386
28,2,1407389,0,190,55.62,0.34,16.57,6.801,0.34076168682575564,-0.00010149938941563263,0.0829999999999993,-0.0012228842098269096,0.10690322580645162,-0.0077730275942481455,0.0,-0.06427803400591504
28,2,1407430,0,190,55.4,0.34,16.57,6.842,0.3380614579928037,-0.00010053357360343895,0.08300000000000018,-0.0012112478747402257,0.10690322580645162,-0.007773027594248062,0.0,-0.05754301941338368
28,2,1407472,0,190,55.29,0.34,16.47,6.884,0.3359856162144448,-9.981035059290022e-05,0.08400000000000052,-0.0011882184594392809,0.10625806451612903,-0.0076804915514593645,-0.11904761904761842,-0.05078690515107523
28,2,1407514,0,190,55.18,0.33,16.47,6.926,0.33379535796011334,-9.94359834884051e-05,0.0829999999999993,-0.001198023897450674,0.10625806451612903,-0.007773027594247812,-0.1204819277108445,-0.0521865165795576
28,2,1407555,0,190,55.07,0.33,16.37,6.967,0.33165413533834154,-9.937879184484899e-05,0.08499999999999996,-0.001169162256998224,0.10561290322580646,-0.007590132827324272,0.0,-0.047881852970020074
28,2,1407599,0,190,54.85,0.33,16.37,7.011,0.32972540045766163,-9.951583583087498e-05,0.0860000000000003,-0.0011571608817543563,0.10561290322580646,-0.007501875468867307,0.0,-0.04447417836806283
28,2,1407641,0,190,54.74,0.33,16.27,7.053,0.3278293559986881,-9.968977149709702e-05,0.08399999999999963,-0.001186782994013065,0.10496774193548387,-0.007680491551459446,0.0,-0.04689518828126166
28,2,1407683,0,190,54.63,0.33,16.27,7.095,0.32578620464203567,-9.97615318299907e-05,0.11399999999999988,-0.0008751011564034282,0.10496774193548387,-0.005659309564233135,-0.08771929824561421,-0.03570138160045359
28,2,1407755,0,190,54.41,0.32,16.17,7.167,0.3237593984962364,-9.96485627701702e-05,0.11300000000000043,-0.0008818456882315913,0.1043225806451613,-0.005709391949757295,-0.08849557522123867,-0.0422661116045202
28,2,1407796,0,190,54.3,0.32,16.17,7.208,0.32101013403072487,-9.934242885574917e-05,0.08300000000000018,-0.0011968967332017947,0.1043225806451613,-0.007773027594248062,0.0,-0.06664119702083907
28,2,1407838,0,190,54.08,0.32,16.07,7.25,0.31822817914350676,-9.890323668276579e-05,0.08399999999999963,-0.0011774194843186456,0.1036774193548387,-0.007680491551459446,0.0,-0.06506950606329501
28,2,1407880,0,190,53.97,0.32,16.07,7.292,0.3155442955214081,-9.843199818547e-05,0.08300000000000018,-0.0011859276889815637,0.1036774193548387,-0.007773027594247895,-0.1204819277108432,-0.05517985639845963
28,2,1407921,0,190,53.86,0.31,15.97,7.333,0.3136482510624346,-9.802687214838102e-05,0.08300000000000018,-0.0011810466523901302,0.10303225806451613,-0.007773027594247895,-0.1204819277108432,-0.0450970275347869
28,2,1407963,0,190,53.75,0.31,15.97,7.375,0.3118012422360208,-9.773604722941443e-05,0.08599999999999941,-0.001136465665458315,0.10303225806451613,-0.006751687921980501,0.0,-0.05097425059108842
28,2,1408007,0,190,53.64,0.31,15.88,7.419,0.309264465511601,-9.752723689607379e-05,0.0860000000000003,-0.0011340376383264356,0.10245161290322581,-0.0067516879219804305,0.0,-0.058994807544644194
28,2,1408049,0,190,53.53,0.31,15.88,7.461,0.3067276887871814,-9.729480590779538e-05,0.08300000000000018,-0.0011722265772023514,0.10245161290322581,-0.007773027594248062,-0.1204819277108432,-0.05955170797606759
28,2,1408090,0,190,53.31,0.3,15.78,7.502,0.3043216737495874,-9.691263765783731e-05,0.0829999999999993,-0.0011676221404558812,0.10180645161290322,-0.0077730275942481455,-0.1204819277108445,-0.04809036735369001
28,2,1408132,0,190,53.2,0.3,15.78,7.544,0.30273618829682514,-9.631571520828074e-05,0.08400000000000052,-0.0011466156572414303,0.10180645161290322,-0.0076804915514592,0.0,-0.03677672441974447
28,2,1408174,0,190,53.09,0.3,15.68,7.586,0.30123242889832885,-9.557098963704646e-05,0.08300000000000018,-0.0011514577064704367,0.10116129032258064,-0.007773027594247895,0.0,-0.044151762328818754
28,2,1408215,0,190,52.98,0.3,15.68,7.627,0.2990715920235332,-9.48939568102265e-05,0.0829999999999993,-0.00114330068446057,0.10116129032258064,-0.007773027594247978,0.0,-0.051674497926324656
28,2,1408257,0,190,52.87,0.3,15.58,7.669,0.29694344557044394,-9.458448773965422e-05,0.08400000000000052,-0.001126005806424448,0.10051612903225807,-0.0076804915514592,0.0,-0.04872429521007367
28,2,1408299,0,190,52.65,0.3,15.58,7.711,0.29497875122588696,-9.488720928723815e-05,0.08200000000000074,-0.0011571610888687475,0.10051612903225807,-0.00786782061368989,-0.12195121951219413,-0.0375142522265354
28,2,1408339,0,190,52.54,0.29,15.48,7.751,0.293867276887868,-9.58214954954304e-05,0.08499999999999996,-0.0011273117117109465,0.09987096774193549,-0.007590132827324436,-0.11764705882352956,-0.03542103340191803
28,2,1408384,0,190,52.42,0.29,15.48,7.796,0.2919679633867239,-9.706658894337573e-05,0.08599999999999941,-0.0011286812667834463,0.09987096774193549,0.0,0.0,-0.045310444969855805
28,2,1408425,0,190,52.31,0.29,15.48,7.837,0.28997057862046044,-9.800365846746217e-05,0.0829999999999993,-0.001180766969487506,0.09987096774193549,-0.007773027594247978,0.0,-0.04773589290145253
28,2,1408467,0,190,52.2,0.29,15.38,7.879,0.2880058842759034,-9.796153751755021e-05,0.08300000000000018,-0.001180259488163253,0.09922580645161291,-0.015546055188495958,0.0,-0.04537272988652797
28,2,1408508,0,190,52.09,0.29,15.28,7.92,0.2862046420398786,-9.657603315688768e-05,0.08300000000000018,-0.0011635666645408128,0.09858064516129032,-0.007773027594248062,-0.12048192771084254,-0.04399421812782261
28,2,1408550,0,190,51.98,0.28,15.28,7.962,0.2843543641712941,-9.405093994416446e-05,0.08399999999999963,-0.0011196540469543437,0.09858064516129032,-0.00768049155145928,-0.11904761904761901,-0.04716760846214867
28,2,1408592,0,190,51.87,0.28,15.18,8.004,0.28224256292905814,-9.113542978479216e-05,0.08300000000000018,-0.0010980172263227947,0.09793548387096775,-0.007773027594247895,0.0,-0.05246221893129745
28,2,1408633,0,190,51.76,0.28,15.18,8.045,0.2799999999999964,-8.8810250988816e-05,0.08300000000000018,-0.0010700030239616362,0.09793548387096775,0.0,0.0,-0.04730264634871548
28,2,1408675,0,190,51.54,0.28,15.18,8.087,0.27831644328211474,-8.786033816831917e-05,0.0860000000000003,-0.0010216318391664985,0.09793548387096775,-0.007501875468867307,0.0,-0.04774322053870725
28,2,1408719,0,190,51.43,0.28,15.08,8.131,0.2758940830336676,-8.856576721122877e-05,0.0860000000000003,-0.001029834502456145,0.09729032258064516,-0.007501875468867307,-0.11627906976744155,-0.04641279639949161
28,2,1408761,0,190,51.32,0.27,15.08,8.173,0.27432494279175845,-9.064662272725599e-05,0.08300000000000018,-0.0010921279846657324,0.09729032258064516,-0.007773027594247895,-0.1204819277108432,-0.04730264634871615
28,2,1408802,0,190,51.21,0.27,14.98,8.214,0.27196796338672413,-9.344029209527349e-05,0.08300000000000018,-0.0011257866517502806,0.09664516129032258,-0.007773027594247895,0.0,-0.05797626596611889
28,2,1408844,0,190,51.1,0.27,14.98,8.256,0.2695129127165706,-9.618606188846002e-05,0.08399999999999963,-0.0011450721653388147,0.09664516129032258,-0.00768049155145928,0.0,-0.05806441569762856
28,2,1408886,0,190,50.99,0.27,14.88,8.298,0.26709055246812335,-9.828502450605825e-05,0.08300000000000018,-0.0011841569217597352,0.096,-0.007773027594247895,0.0,-0.049665809363639526
28,2,1408927,0,190,50.77,0.27,14.88,8.339,0.2653906505393885,-9.945471737079536e-05,0.08300000000000018,-0.0011982496068770499,0.096,-0.007773027594248062,-0.1204819277108432,-0.041158422509914826
28,2,1408969,0,190,50.66,0.26,14.78,8.381,0.2636744033998004,-9.975496923685512e-05,0.08399999999999963,-0.0011875591575816137,0.09535483870967741,-0.007680491551459446,-0.11904761904761968,-0.049852893102320196
28,2,1409011,0,190,50.55,0.26,14.78,8.423,0.2612030075187936,-9.95016989564661e-05,0.08300000000000018,-0.0011988156500779023,0.09535483870967741,-0.007773027594247895,0.0,-0.06033942898104227
28,2,1409052,0,190,50.44,0.26,14.68,8.464,0.2586662307943739,-9.910876740410935e-05,0.08499999999999908,-0.0011659854988718874,0.09470967741935483,-0.007590132827324515,-0.1176470588235308,-0.05891967771090152
28,2,1409096,0,190,50.33,0.25,14.68,8.508,0.25619483491336703,-9.890987088592063e-05,0.0860000000000003,-0.0011501147777432592,0.09470967741935483,-0.0067516879219804305,0.0,-0.048693523495289756
28,2,1409138,0,190,50.22,0.26,14.59,8.55,0.25447858777377896,-9.901627386372525e-05,0.0840000000000014,-0.0011787651650443285,0.09412903225806452,-0.006912442396313207,0.0,-0.04066844128955744
28,2,1409180,0,190,50.11,0.25,14.59,8.592,0.25277868584504415,-9.925932404598292e-05,0.08299999999999841,-0.0011958954704335521,0.09412903225806452,-0.007773027594248061,-0.12048192771084579,-0.04966580936363992
28,2,1409221,0,190,50.0,0.25,14.49,8.633,0.25035632559659693,-9.9243494455731e-05,0.08300000000000018,-0.001195704752478684,0.09348387096774194,-0.007773027594247895,0.0,-0.058763986971094244
28,2,1409263,0,190,49.89,0.25,14.49,8.675,0.24790127492644332,-9.849830665648795e-05,0.0840000000000014,-0.0011725988887676942,0.09348387096774194,-0.007680491551459118,0.0,-0.057286072323664596
28,2,1409305,0,190,49.78,0.25,14.39,8.717,0.24554429552140902,-9.668049775526733e-05,0.08299999999999841,-0.0011648252741598697,0.09283870967741936,-0.007773027594248061,-0.12048192771084579,-0.0540376609412483
28,2,1409346,0,190,49.67,0.24,14.39,8.758,0.2434161490683198,-9.37569024078524e-05,0.08300000000000018,-0.0011296012338295445,0.09283870967741936,-0.007773027594248062,-0.1204819277108432,-0.040213157303945674
28,2,1409388,0,190,49.45,0.24,14.29,8.8,0.24220660346518152,-9.009882759333366e-05,0.0840000000000014,-0.0010726050903968113,0.09219354838709677,-0.007680491551459284,0.0,-0.03739939911891434
28,2,1409430,0,190,49.45,0.24,14.29,8.842,0.24027459954233094,-8.643824949199263e-05,0.08599999999999852,-0.001005095924325513,0.09219354838709677,-0.007501875468867301,0.0,-0.045310444969856596
28,2,1409474,0,190,49.23,0.24,14.19,8.886,0.23830990519777392,-8.367544259339432e-05,0.08499999999999908,-0.0009844169716870027,0.0915483870967742,-0.007590132827324515,0.0,-0.04507432263523227
28,2,1409515,0,190,49.12,0.24,14.19,8.927,0.23644328211833623,-8.258746299279628e-05,0.08300000000000018,-0.0009950296746120012,0.0915483870967742,0.0,-0.12048192771084287,-0.053092395735277326
28,2,1409557,0,190,49.01,0.23,14.19,8.969,0.2339032363517459,-8.354913374883744e-05,0.08399999999999963,-0.0009946325446290214,0.0915483870967742,-0.00768049155145928,-0.11904761904761935,-0.04993072743971644
28,2,1409599,0,190,48.9,0.23,14.09,9.011,0.23224910101340007,-8.639458337788142e-05,0.08300000000000018,-0.0010408985949142315,0.09090322580645162,-0.007773027594247895,0.0,-0.04521518568553284
28,2,1409640,0,190,48.79,0.23,14.09,9.052,0.23015037593984666,-9.048181650312693e-05,0.08300000000000018,-0.001090142367507551,0.09090322580645162,-0.007773027594248062,0.0,-0.04801159525319242
28,2,1409682,0,190,48.68,0.23,13.99,9.094,0.2282641386073851,-9.491364378856737e-05,0.08399999999999963,-0.0011299243308162833,0.09025806451612903,-0.007680491551459446,0.0,-0.034558445803950795
28,2,1409724,0,190,48.57,0.23,13.99,9.136,0.2272474664923148,-9.880220854315525e-05,0.08300000000000018,-0.0011903880547368074,0.09025806451612903,-0.007773027594247895,0.0,-0.0233165417472442
28,2,1409765,0,190,48.46,0.23,13.89,9.177,0.22632886564236382,-0.00010147841032811122,0.08300000000000018,-0.001222631449736277,0.08961290322580645,-0.007773027594247895,-0.1204819277108432,-0.03024848659101887
28,2,1409807,0,190,48.35,0.22,13.89,9.219,0.22473684210526024,-0.00010260351949546198,0.0860000000000003,-0.0011930641801797864,0.08961290322580645,-0.007501875468867307,-0.11627906976744155,-0.03721386377977215
28,2,1409851,0,190,48.24,0.22,13.79,9.263,0.2231284733573034,-0.00010218807313498601,0.0860000000000003,-0.0011882334085463449,0.08896774193548386,-0.007501875468867307,0.0,-0.03645362141450653
28,2,1409893,0,190,48.13,0.22,13.79,9.305,0.22160183066361266,-0.000100544361388053,0.08300000000000018,-0.0012113778480488287,0.08896774193548386,-0.007773027594247895,0.0,-0.03462033816862682
28,2,1409934,0,190,48.02,0.22,13.69,9.346,0.22025498528930737,-9.819831187239103e-05,0.08300000000000018,-0.0011831121912336243,0.08832258064516128,-0.007773027594247895,0.0,-0.022371276541274045
28,2,1409976,0,190,47.8,0.22,13.69,9.388,0.21974501471068691,-9.577571564686238e-05,0.08399999999999963,-0.0011401870910340809,0.08832258064516128,-0.00768049155145928,0.0,-0.0221049518205454
28,2,1410018,0,190,47.69,0.22,13.59,9.43,0.21839816933638156,-9.386812603607097e-05,0.08300000000000018,-0.0011309412775430212,0.0876774193548387,-0.007773027594247895,0.0,-0.03462033816862682
28,2,1410059,0,190,47.58,0.22,13.59,9.471,0.21687152664269088,-9.28848891656422e-05,0.08300000000000018,-0.0011190950501884576,0.0876774193548387,-0.007773027594247895,0.0,-0.03777122218852489
28,2,1410101,0,190,47.58,0.22,13.49,9.513,0.215263157894734,-9.291527948035494e-05,0.08399999999999963,-0.00110613427952804,0.08703225806451613,-0.00768049155145928,-0.11904761904761968,-0.03809990815548197
28,2,1410143,0,190,47.47,0.21,13.49,9.555,0.2136711343576304,-9.365606224777601e-05,0.08300000000000018,-0.0011283862921418772,0.08703225806451613,0.0,-0.1204819277108432,-0.03698350118354954
28,2,1410184,0,190,47.25,0.21,13.49,9.596,0.21219352729649937,-9.448015702755974e-05,0.08500000000000085,-0.0011115312591477506,0.08703225806451613,-0.007590132827324356,0.0,-0.025690825529295427
28,2,1410228,0,190,47.25,0.21,13.39,9.64,0.21148741418764028,-9.468184274105517e-05,0.0860000000000003,-0.0011009516597797074,0.08638709677419355,-0.014253563390847577,0.0,-0.026912579730417708
28,2,1410270,0,190,47.03,0.21,13.3,9.682,0.20987904543968344,-9.381714617660463e-05,0.08399999999999963,-0.0011168707878167268,0.08580645161290323,-0.006912442396313352,0.0,-0.04121328165133299
28,2,1410312,0,190,46.92,0.21,13.3,9.724,0.20802549852892832,-9.19513335654436e-05,0.08300000000000018,-0.0011078473923547398,0.08580645161290323,-0.007773027594248062,0.0,-0.04643615324324373
28,2,1410353,0,190,46.92,0.21,13.2,9.765,0.2060248447204942,-8.965105534266905e-05,0.08300000000000018,-0.0010801331968996247,0.08516129032258064,-0.007773027594248062,-0.12048192771084287,-0.04879931625816711
28,2,1410395,0,190,46.7,0.2,13.2,9.807,0.20397515527950044,-8.771887734421213e-05,0.08399999999999963,-0.0010442723493358634,0.08516129032258064,0.0,-0.11904761904761935,-0.04821837201699844
28,2,1410437,0,190,46.59,0.2,13.2,9.849,0.20197450147106635,-8.683192787618487e-05,0.08300000000000018,-0.001046167805737165,0.08516129032258064,-0.007773027594247895,0.0,-0.039701138650711724
28,2,1410478,0,190,46.48,0.2,13.1,9.89,0.20067996077149136,-8.729016623743036e-05,0.08300000000000018,-0.0010516887498485561,0.08451612903225807,-0.007773027594247895,0.0,-0.03198147280196237
28,2,1410520,0,190,46.37,0.2,13.1,9.932,0.19932003922850347,-8.898595267687703e-05,0.08399999999999963,-0.001059356579486636,0.08451612903225807,-0.00768049155145928,0.0,-0.03160074098289193
28,2,1410562,0,190,46.26,0.2,13.0,9.974,0.19802549852892845,-9.155902609071731e-05,0.0860000000000003,-0.001064639838264151,0.08387096774193549,-0.0075018754688671455,0.0,-0.0383162152094081
28,2,1410606,0,190,46.26,0.2,13.0,10.018,0.19602484472049436,-9.460888557032731e-05,0.08499999999999908,-0.0011130457125920982,0.08387096774193549,-0.007590132827324678,-0.1176470588235308,-0.04107455339115044
28,2,1410647,0,190,46.04,0.19,12.9,10.059,0.1945341614906807,-9.784236639473498e-05,0.08300000000000018,-0.0011788236915028284,0.0832258064516129,-0.007773027594248062,-0.1204819277108432,-0.04580597643926418
28,2,1410689,0,190,45.93,0.19,12.9,10.101,0.19222294867603543,-0.00010109928880548047,0.0840000000000014,-0.0012035629619699855,0.0832258064516129,-0.007680491551459118,0.0,-0.046233596413392454
28,2,1410731,0,190,45.82,0.19,12.8,10.143,0.19065053939195567,-0.00010426886720384054,0.08199999999999896,-0.0012715715512663641,0.08258064516129032,-0.00786782061369006,0.0,-0.03875010963251189
28,2,1410771,0,190,45.71,0.19,12.8,10.183,0.1890454396861695,-0.0001071573767161258,0.08199999999999896,-0.001306797277025941,0.08258064516129032,-0.00786782061369023,0.0,-0.03795278227381799
28,2,1410813,0,190,45.71,0.19,12.7,10.225,0.18753841124550263,-0.00010938718783593692,0.08399999999999963,-0.0013022284266183024,0.08193548387096773,-0.007680491551459446,0.0,-0.04389856629150484
28,2,1410855,0,190,45.49,0.19,12.7,10.267,0.1853579601176831,-0.00011039818166734605,0.08300000000000018,-0.001330098574305371,0.08193548387096773,-0.007773027594247895,-0.1204819277108432,-0.05273792128303919
28,2,1410896,0,190,45.38,0.18,12.6,10.308,0.18316116377901037,-0.00010958622090663183,0.08500000000000085,-0.0012892496577250675,0.08129032258064516,-0.007590132827324356,-0.11764705882352834,-0.04415129896352028
28,2,1410940,0,190,45.38,0.18,12.6,10.352,0.18160509970578384,-0.00010655374515888737,0.0860000000000003,-0.0012389970367312443,0.08129032258064516,-0.0075018754688671455,0.0,-0.044208093540220025
28,2,1410982,0,190,45.16,0.18,12.5,10.394,0.17935926773455144,-0.00010137564554912082,0.08399999999999963,-0.0012068529232038246,0.08064516129032258,-0.01536098310291856,0.0,-0.043120222917542084
28,2,1411024,0,190,45.05,0.18,12.4,10.436,0.17798300098071032,-9.473239276864476e-05,0.08300000000000018,-0.0011413541297427053,0.08,-0.007773027594247895,-0.12048192771084287,-0.03198147280196237
28,2,1411065,0,190,44.94,0.17,12.4,10.477,0.17670480549198855,-8.779027868104804e-05,0.08300000000000018,-0.0010577142009764802,0.08,0.0,0.0,-0.03891341764573738
28,2,1411107,0,190,44.83,0.18,12.4,10.519,0.1747531873161141,-8.183944392036402e-05,0.08399999999999963,-0.0009742790942900522,0.08,-0.00768049155145928,0.0,-0.040006849421690735
28,2,1411149,0,190,44.72,0.17,12.3,10.561,0.17334423014056655,-7.785152507409698e-05,0.08300000000000018,-0.0009379701816156241,0.07935483870967742,-0.007773027594247895,-0.12048192771084287,-0.0434428134243408
28,2,1411190,0,190,44.61,0.17,12.3,10.602,0.17114743380189382,-7.616628637645917e-05,0.08300000000000018,-0.0009176661009211928,0.07935483870967742,0.0,0.0,-0.04363974367558414
28,2,1411232,0,190,44.61,0.17,12.3,10.644,0.16972213141549305,-7.64406770489412e-05,0.08399999999999963,-0.0009100080601064469,0.07935483870967742,-0.007680491551459446,0.0,-0.033935771104780195
28,2,1411274,0,190,44.5,0.17,12.2,10.686,0.1682968290290923,-7.787091633923993e-05,0.0860000000000003,-0.0009054757713865077,0.07870967741935483,-0.007501875468867307,0.0,-0.0316260823950668
28,2,1411318,0,190,44.39,0.17,12.2,10.73,0.1670022883295173,-7.958399914601167e-05,0.0860000000000003,-0.0009253953389071092,0.07870967741935483,-0.0075018754688671455,-0.11627906976744155,-0.037555972844142166
28,2,1411360,0,190,44.28,0.16,12.1,10.772,0.16506701536449606,-8.101695240771357e-05,0.08300000000000018,-0.0009761078603338962,0.07806451612903226,-0.007773027594247895,0.0,-0.04643615324324373
28,2,1411401,0,190,44.06,0.17,12.1,10.813,0.16314808761032806,-8.210333434226058e-05,0.08300000000000018,-0.000989196799304342,0.07806451612903226,-0.006995724834823106,0.0,-0.044860711233294694
28,2,1411443,0,190,44.06,0.16,12.01,10.855,0.1613435763321326,-8.318323571179498e-05,0.08399999999999963,-0.0009902766156166113,0.07748387096774194,-0.006912442396313352,-0.11904761904761968,-0.03378010242998771
28,2,1411485,0,190,43.95,0.16,12.01,10.897,0.1603105590062091,-8.4697506880131e-05,0.08399999999999963,-0.0010083036533348974,0.07748387096774194,0.0,0.0,-0.04199162502529574
28,2,1411527,0,190,43.84,0.16,12.01,10.939,0.15781627983000776,-8.68416684069384e-05,0.08399999999999963,-0.0010338293857968903,0.07748387096774194,-0.00768049155145928,-0.11904761904761968,-0.04121328165133299
28,2,1411569,0,190,43.61,0.15,11.91,10.981,0.15684864334749715,-8.93735564344631e-05,0.08399999999999963,-0.001063970909934089,0.07683870967741936,-0.00768049155145928,0.0,-0.03809990815548164
28,2,1411611,0,190,43.61,0.16,11.91,11.023,0.15461588754494732,-9.16731059999627e-05,0.08399999999999963,-0.0010913464999995608,0.07683870967741936,-0.007680491551459446,0.0,-0.0433926430984291
28,2,1411653,0,190,43.5,0.15,11.81,11.065,0.15320366132722912,-9.300637149287639e-05,0.0860000000000003,-0.0010814694359636751,0.07619354838709677,-0.007501875468867307,-0.11627906976744155,-0.03265240958817619
28,2,1411697,0,190,43.39,0.15,11.81,11.109,0.15180778032036416,-9.284977612601253e-05,0.0860000000000003,-0.0010796485596047932,0.07619354838709677,-0.0075018754688671455,0.0,-0.031131924857643982
28,2,1411739,0,190,43.28,0.15,11.71,11.151,0.15052631578947173,-9.112695950982186e-05,0.08300000000000018,-0.0010979151748171285,0.0755483870967742,-0.007773027594247895,0.0,-0.028318570128831367
28,2,1411780,0,190,43.17,0.15,11.71,11.192,0.14945733899967115,-8.826665226295205e-05,0.08300000000000018,-0.0010634536417223116,0.0755483870967742,-0.007773027594248062,0.0,-0.02615233736515199
28,2,1411822,0,190,43.06,0.15,11.61,11.234,0.1483556717881641,-8.506347637314526e-05,0.08399999999999963,-0.0010126604330136385,0.0749032258064516,-0.007680491551459446,0.0,-0.01879699248120262
28,2,1411864,0,190,42.95,0.15,11.61,11.276,0.14787839163125013,-8.239900592458227e-05,0.08399999999999963,-0.000980940546721222,0.0749032258064516,0.0,-0.11904761904761935,-0.019769921698656146
28,2,1411906,0,190,42.84,0.14,11.61,11.318,0.146694998365477,-8.094297546326424e-05,0.08399999999999963,-0.00096360685075315,0.0749032258064516,-0.00768049155145928,0.0,-0.028759787667927264
28,2,1411948,0,190,42.73,0.15,11.51,11.36,0.14546256946714425,-8.096477443674565e-05,0.08300000000000018,-0.0009754792100812708,0.07425806451612903,-0.007773027594247895,0.0,-0.02910629113380538
28,2,1411989,0,190,42.62,0.14,11.51,11.401,0.14427917620137115,-8.231681859931151e-05,0.08300000000000018,-0.0009917688987868835,0.07425806451612903,-0.007773027594247895,0.0,-0.037613677987530084
28,2,1412031,0,190,42.51,0.15,11.41,11.443,0.14234063419417925,-8.45513002123166e-05,0.0860000000000003,-0.000983154653631585,0.07361290322580645,-0.0075018754688671455,0.0,-0.03611151235013684
28,2,1412075,0,190,42.4,0.14,11.41,11.487,0.14117358613925937,-8.708980515109665e-05,0.0860000000000003,-0.001012672152919725,0.07361290322580645,0.0,-0.11627906976744123,-0.03402084584565494
28,2,1412117,0,190,42.29,0.14,11.41,11.529,0.13941484145145291,-8.940001651130558e-05,0.08399999999999963,-0.0010642859108488806,0.07361290322580645,-0.00768049155145928,0.0,-0.04148570183222
28,2,1412159,0,190,42.18,0.14,11.31,11.571,0.1376887871853529,-9.116313874995541e-05,0.08399999999999963,-0.0010852754613089976,0.07296774193548387,-0.01536098310291856,0.0,-0.03992901508429417
28,2,1412201,0,190,42.07,0.14,11.21,11.613,0.13606080418437222,-9.237852970961668e-05,0.08300000000000018,-0.001112994333850801,0.0723225806451613,-0.007773027594247895,-0.1204819277108432,-0.03052418894275961
28,2,1412242,0,190,42.07,0.13,11.21,11.654,0.13515527950310385,-9.331745587371287e-05,0.08300000000000018,-0.0011243066972736466,0.0723225806451613,0.0,-0.1204819277108432,-0.022804523094010255
28,2,1412284,0,190,41.85,0.13,11.21,11.696,0.13416802876756936,-9.431113242391298e-05,0.08399999999999963,-0.0011227515764751594,0.0723225806451613,-0.007680491551459446,0.0,-0.023311384050187654
28,2,1412326,0,190,41.85,0.13,11.11,11.738,0.1331971232428881,-9.549486470448087e-05,0.08399999999999963,-0.0011368436274343011,0.0716774193548387,-0.007680491551459446,0.0,-0.03249583586294889
28,2,1412368,0,190,41.63,0.13,11.11,11.78,0.13143837855508167,-9.667410987543156e-05,0.08399999999999963,-0.0011508822604218093,0.0716774193548387,-0.00768049155145928,0.0,-0.03307959339342087
28,2,1412410,0,190,41.63,0.13,11.01,11.822,0.13041843739784076,-9.738474801378594e-05,0.09500000000000064,-0.001025102610671424,0.07103225806451613,-0.006791171477079709,0.0,-0.028044940727103212
28,2,1412463,0,190,41.52,0.13,11.01,11.875,0.12877410918600685,-9.709821329772162e-05,0.09700000000000131,-0.0010010125082239208,0.07103225806451613,-0.006651147322913073,0.0,-0.018839119313298555
28,2,1412507,0,190,41.3,0.13,10.91,11.919,0.12859104282445077,-9.546709877327686e-05,0.08799999999999919,-0.0010848533951508834,0.07038709677419355,-0.007331378299120258,0.0,-0.01927991916550293
28,2,1412551,0,190,41.3,0.13,10.91,11.963,0.1270774762994426,-9.251324630296942e-05,0.08699999999999974,-0.0010633706471605711,0.07038709677419355,-0.007415647015202053,0.0,-0.026114762167788224
28,2,1412594,0,190,41.19,0.13,10.81,12.006,0.1263190585158532,-8.868956311340349e-05,0.08700000000000152,-0.0010194202656712867,0.06974193548387098,-0.007415647015201902,0.0,-0.017998519537223184
28,2,1412638,0,190,41.08,0.13,10.81,12.05,0.12551160509970416,-8.47845461919512e-05,0.08799999999999919,-0.0009634607521812725,0.06974193548387098,-0.00659824046920839,-0.11363636363636478,-0.01779399090611885
28,2,1412682,0,190,40.97,0.12,10.72,12.094,0.12475318731611476,-8.168804368716387e-05,0.08799999999999919,-0.0009282732237177797,0.06916129032258064,-0.00659824046920839,-0.11363636363636478,-0.025818003506790792
28,2,1412726,0,190,40.86,0.12,10.72,12.138,0.12323962079110659,-8.009642349401247e-05,0.08800000000000097,-0.000910186630613768,0.06916129032258064,0.0,0.0,-0.03588516746411417
28,2,1412770,0,190,40.64,0.12,10.72,12.182,0.12159529257927268,-8.028115529756974e-05,0.0909999999999993,-0.0008822104977754984,0.06916129032258064,-0.007089684509039359,0.0,-0.03685755238550242
28,2,1412817,0,190,40.64,0.12,10.62,12.229,0.1198855835240259,-8.203200157527136e-05,0.08999999999999986,-0.0009114666841696831,0.06851612903225807,-0.007168458781361975,0.0,-0.037993534561039995
28,2,1412860,0,190,40.53,0.12,10.62,12.272,0.11817587446877909,-8.47949076539134e-05,0.08700000000000152,-0.0009746541109645049,0.06851612903225807,-0.007415647015202061,0.0,-0.03855215249518005
28,2,1412904,0,190,40.42,0.12,10.52,12.316,0.11653154625694517,-8.79105438214225e-05,0.08799999999999919,-0.000998983452516174,0.06787096774193548,-0.0073313782991204154,-0.11363636363636463,-0.029532824155249413
28,2,1412948,0,190,40.31,0.11,10.52,12.36,0.11557698594311716,-9.081311115039447e-05,0.08899999999999864,-0.0010203720353977063,0.06787096774193548,-0.007249003262051535,0.0,-0.029017340615828842
28,2,1412993,0,190,40.2,0.12,10.42,12.405,0.11394900294213645,-9.310187159158545e-05,0.08800000000000097,-0.001057975813540732,0.0672258064516129,-0.00733137829912011,0.0,-0.03365627507503873
28,2,1413036,0,190,40.09,0.11,10.42,12.448,0.11261523373651372,-9.450219875047061e-05,0.08700000000000152,-0.0010862321695456203,0.0672258064516129,0.0,-0.11494252873563011,-0.020102730589591795
28,2,1413080,0,190,39.98,0.11,10.42,12.492,0.11220006538084193,-9.481378037384047e-05,0.08799999999999919,-0.0010774293224300154,0.0672258064516129,-0.007331378299120258,0.0,-0.00813545722012518
28,2,1413124,0,190,39.87,0.11,10.32,12.536,0.11189931350114271,-9.393626554061286e-05,0.08799999999999919,-0.0010674575629615196,0.06658064516129032,-0.014662756598240515,0.0,-0.014673541561413043
28,2,1413168,0,190,39.76,0.11,10.22,12.58,0.1109087937234376,-9.196085400581743e-05,0.08500000000000085,-0.0010818924000684294,0.06593548387096775,-0.007590132827324356,0.0,-0.024075534103801012
28,2,1413209,0,190,39.65,0.11,10.22,12.621,0.1098528931023196,-8.92214190510554e-05,0.08499999999999908,-0.0010496637535418398,0.06593548387096775,0.0,0.0,-0.024844720496894453
28,2,1413253,0,190,39.54,0.11,10.22,12.665,0.10879699248120159,-8.62282030590702e-05,0.08799999999999919,-0.0009798659438530794,0.06593548387096775,-0.0073313782991204154,0.0,-0.023254777259354015
28,2,1413297,0,190,39.54,0.11,10.12,12.709,0.10780647270349647,-8.352327480934285e-05,0.08800000000000097,-0.0009491281228334311,0.06529032258064515,-0.007331378299120267,0.0,-0.02102588487027779
28,2,1413341,0,190,39.43,0.11,10.12,12.753,0.10694671461261712,-8.154893548288911e-05,0.08699999999999974,-0.0009373440860102224,0.06529032258064515,-0.007415647015202053,-0.11494252873563246,-0.017510041971495253
28,2,1413384,0,190,39.32,0.1,10.02,12.796,0.10628309905197639,-8.056677807848267e-05,0.08699999999999974,-0.0009260549204423322,0.06464516129032258,-0.007415647015202053,0.0,-0.022620268812961756
28,2,1413428,0,190,39.1,0.11,10.02,12.84,0.10497875122588946,-8.061305188921963e-05,0.08800000000000097,-0.0009160574078320311,0.06464516129032258,0.0,0.11363636363636233,-0.01359624357335991
28,2,1413472,0,190,39.1,0.11,10.02,12.884,0.1050866296175207,-8.149579224682491e-05,0.08699999999999974,-0.0009367332442163811,0.06464516129032258,-0.007415647015202053,-0.11494252873563246,-0.007327163485925948
28,2,1413515,0,190,38.99,0.1,9.92,12.927,0.1043412880026139,-8.287137547767642e-05,0.08699999999999974,-0.0009525445457204214,0.064,-0.007415647015202053,-0.11494252873563246,-0.02618991256251547
28,2,1413559,0,190,38.88,0.1,9.92,12.971,0.10280810722458186,-8.440316408522719e-05,0.08999999999999986,-0.0009378129342803036,0.064,-0.007168458781361975,0.0,-0.026224982746721696
28,2,1413605,0,190,38.77,0.1,9.82,13.017,0.10198103955540895,-8.592398350547903e-05,0.08999999999999986,-0.0009547109278386574,0.06335483870967742,-0.007168458781361975,0.0,-0.019832189168573305
28,2,1413649,0,190,38.66,0.1,9.82,13.061,0.10102321019941027,-8.748837816026089e-05,0.08800000000000097,-0.0009941861154574992,0.06335483870967742,-0.00733137829912011,0.0,-0.02251181312966152
28,2,1413693,0,190,38.55,0.1,9.72,13.105,0.09999999999999871,-8.925593757294514e-05,0.08699999999999974,-0.001025930316930407,0.06270967741935485,-0.007415647015202053,0.0,-0.02352207354969111
28,2,1413736,0,190,38.44,0.1,9.72,13.148,0.09897678980058715,-9.125825329971527e-05,0.08699999999999974,-0.0010489454402266153,0.06270967741935485,0.0,0.0,-0.02277056960241673
28,2,1413780,0,190,38.33,0.1,9.72,13.192,0.09801896044458847,-9.319912829523247e-05,0.08800000000000097,-0.0010590810033549029,0.06270967741935485,-0.007331378299120346,0.0,-0.020282920740586238
28,2,1413824,0,190,38.22,0.1,9.62,13.236,0.09719189277541554,-9.445077691513149e-05,0.08699999999999974,-0.0010856411139670318,0.06206451612903225,-0.007415647015202293,0.0,-0.027129292496608528
28,2,1413867,0,190,38.11,0.1,9.62,13.279,0.09565871199738353,-9.430420007996609e-05,0.08699999999999974,-0.001083956322758234,0.06206451612903225,-0.006674082313681848,-0.11494252873563263,-0.02618991256251547
28,2,1413911,0,190,38.0,0.09,9.53,13.323,0.0949133703824767,-9.236164869604835e-05,0.08800000000000097,-0.0010495641897278107,0.06148387096774193,-0.013929618768328208,-0.1136363636363625,-0.0072439002644951855
28,2,1413955,0,190,38.0,0.09,9.43,13.367,0.09502124877410795,-8.884203272542023e-05,0.08999999999999986,-0.0009871336969491152,0.060838709677419354,-0.007168458781361975,0.11111111111111138,-0.007082924703061894
28,2,1414001,0,190,37.89,0.1,9.43,13.413,0.09427590715920113,-8.459942639619023e-05,0.08899999999999864,-0.000950555352766197,0.060838709677419354,0.0,0.0,-0.019320406536615167
28,2,1414044,0,190,37.78,0.09,9.43,13.456,0.09330173259234922,-8.082128246324594e-05,0.08699999999999974,-0.0009289802581982319,0.060838709677419354,-0.007415647015202053,-0.11494252873563263,-0.030698936246162406
28,2,1414088,0,190,37.67,0.09,9.33,13.5,0.09160509970578501,-7.855895849947814e-05,0.08800000000000097,-0.00089271543749406,0.06019354838709678,-0.00733137829912011,0.0,-0.029792861600641277
28,2,1414132,0,190,37.56,0.09,9.33,13.544,0.09067996077149276,-7.831809251663735e-05,0.08699999999999974,-0.0009002079599613515,0.06019354838709678,0.0,0.0,-0.022019065655142184
28,2,1414175,0,190,37.45,0.09,9.33,13.587,0.08968944099378764,-7.988124588582935e-05,0.08699999999999974,-0.0009181752400670067,0.06019354838709678,-0.007415647015202133,0.0,-0.02919592835161332
28,2,1414219,0,190,37.34,0.09,9.23,13.631,0.08813991500490241,-8.242242071062833e-05,0.08800000000000097,-0.0009366184171662207,0.059548387096774194,-0.007331378299120188,0.0,-0.024592112692798526
28,2,1414263,0,190,37.23,0.09,9.23,13.675,0.08752533507682135,-8.48546712891416e-05,0.08799999999999919,-0.0009642576282857088,0.059548387096774194,-0.007331378299120258,0.0,-0.012853279443668462
28,2,1414307,0,190,37.12,0.09,9.13,13.719,0.0870088264138596,-8.625596339047447e-05,0.08699999999999974,-0.000991447855062928,0.05890322580645162,-0.007415647015202053,0.0,-0.009995002498750629
28,2,1414350,0,190,37.01,0.09,9.13,13.762,0.08665576985943005,-8.61903673560498e-05,0.08900000000000041,-0.0009684310938881955,0.05890322580645162,-0.007249003262051547,-0.11235955056179718,-0.015500402202379072
28,2,1414396,0,190,36.9,0.08,9.03,13.808,0.08562929061784785,-8.480363721593065e-05,0.08999999999999986,-0.0009422626357325643,0.05825806451612903,-0.0071684587813621295,-0.11111111111111123,-0.02371871708256131
28,2,1414440,0,190,36.79,0.08,9.03,13.852,0.08452108532199953,-8.268787563261704e-05,0.08800000000000097,-0.0009396349503706378,0.05825806451612903,0.0,0.0,-0.015490802104074069
28,2,1414484,0,190,36.79,0.08,9.03,13.896,0.08426610003268932,-8.061636663851957e-05,0.08799999999999919,-0.0009160950754377308,0.05825806451612903,-0.007331378299120258,0.11363636363636463,-0.011961722488037983
28,2,1414528,0,190,36.68,0.09,8.93,13.94,0.0834684537430522,-7.928700242352171e-05,0.08799999999999919,-0.0009009886639036641,0.05761290322580645,-0.007331378299120258,0.0,-0.011218758358346417
28,2,1414572,0,190,36.57,0.08,8.93,13.984,0.08327884929715484,-7.915701869937485e-05,0.08800000000000097,-0.0008995115761292499,0.05761290322580645,-0.00733137829912011,-0.11363636363636233,-0.0069095664061339015
28,2,1414616,0,190,36.46,0.08,8.83,14.028,0.08286041189931241,-8.035868579231575e-05,0.08699999999999974,-0.0009236630550840918,0.05696774193548387,-0.007415647015202053,0.11494252873563246,-0.017923369142496145
28,2,1414659,0,190,36.35,0.09,8.83,14.071,0.08171951618175768,-8.265284119788951e-05,0.08699999999999974,-0.0009500326574470087,0.05696774193548387,0.0,0.0,-0.023785099931237032
28,2,1414703,0,190,36.24,0.08,8.83,14.115,0.0807911082052948,-8.54287186427225e-05,0.08800000000000097,-0.0009707808936672905,0.05696774193548387,-0.00733137829912011,-0.11363636363636233,-0.01831406579690278
28,2,1414747,0,190,36.13,0.08,8.73,14.159,0.08010787839163022,-8.781023326139348e-05,0.08999999999999986,-0.0009756692584599291,0.056322580645161296,-0.007168458781361975,0.0,-0.005884275907159148
28,2,1414793,0,190,36.02,0.08,8.73,14.205,0.08026152337365047,-8.889570309692551e-05,0.08899999999999864,-0.0009988281246845717,0.056322580645161296,-0.0072490032620516134,0.0,-0.002828272439770824
28,2,1414836,0,190,35.91,0.08,8.63,14.248,0.07985616214449062,-8.806182922253925e-05,0.08699999999999974,-0.001012204933592408,0.05567741935483871,-0.007415647015202133,0.0,-0.015368255721762895
28,2,1414880,0,190,35.91,0.08,8.63,14.292,0.0789244851258571,-8.519884590685045e-05,0.08800000000000097,-0.0009681687034869262,0.05567741935483871,-0.007331378299120267,0.0,-0.014450652322505487
28,2,1414924,0,190,35.8,0.08,8.53,14.336,0.07858450474011013,-8.07664163540771e-05,0.08800000000000097,-0.0009178001858417752,0.05503225806451612,-0.007331378299120267,0.0,-0.010884424499984906
28,2,1414968,0,190,35.69,0.08,8.53,14.38,0.07796665576985842,-7.564618987245808e-05,0.08699999999999974,-0.0008694964353156126,0.05503225806451612,0.0,-0.11494252873563246,-0.0066508099333791315
28,2,1415011,0,190,35.58,0.07,8.53,14.423,0.07800588427590614,-7.086183217117714e-05,0.08699999999999974,-0.0008145038180595097,0.05503225806451612,-0.007415647015202053,-0.11494252873563246,-0.007590189867472189
28,2,1415055,0,190,35.47,0.07,8.43,14.467,0.07730630925138834,-6.728624852547682e-05,0.08799999999999919,-0.0007646164605167891,0.054387096774193545,-0.007331378299120258,0.11363636363636463,-0.017571101667211427
28,2,1415099,0,190,35.36,0.08,8.43,14.511,0.07645962732919155,-6.543353237713135e-05,0.08699999999999974,-0.0007521095675532361,0.054387096774193545,0.0,0.11494252873563246,-0.010408329669751363
28,2,1415142,0,190,35.25,0.08,8.43,14.554,0.07640078457011998,-6.5373928674072e-05,0.08900000000000041,-0.0007345385244277718,0.054387096774193545,-0.0072490032620513905,0.0,-0.0081542400211567
28,2,1415188,0,190,35.13,0.08,8.33,14.6,0.0757338999673086,-6.676607091292475e-05,0.08999999999999986,-0.0007418452323658317,0.05374193548387097,-0.007168458781361975,-0.11111111111111123,-0.015001271294177405
28,2,1415232,0,190,35.13,0.07,8.33,14.644,0.07505067015364401,-6.89817442599292e-05,0.08800000000000097,-0.0007838834574991868,0.05374193548387097,0.0,0.0,-0.008989865969270906
28,2,1415276,0,190,35.02,0.08,8.33,14.688,0.07494279176201275,-7.129184618219142e-05,0.08699999999999974,-0.0008194465078412831,0.05374193548387097,-0.006674082313681848,0.11494252873563246,-0.005485978815103535
28,2,1415319,0,190,34.91,0.08,8.24,14.731,0.07457338999673001,-7.307965525452076e-05,0.08699999999999974,-0.0008399960374082872,0.05316129032258065,-0.006674082313681848,-0.11494252873563246,-0.017171865195221604
28,2,1415363,0,190,34.8,0.07,8.24,14.775,0.07344883949002848,-7.403111263220197e-05,0.08800000000000097,-0.0008412626435477404,0.05316129032258065,-0.007331378299120188,-0.11363636363636233,-0.02351481470474569
28,2,1415407,0,190,34.69,0.07,8.14,14.819,0.07250408630271236,-7.422528088105552e-05,0.08799999999999919,-0.0008434691009210932,0.052516129032258066,-0.0073313782991203365,0.0,-0.019057029926595033
28,2,1415451,0,190,34.69,0.07,8.14,14.863,0.07177182085648813,-7.406244808888296e-05,0.08799999999999919,-0.0008416187282827687,0.052516129032258066,0.0,0.0,-0.024109186008499293
28,2,1415495,0,190,34.58,0.07,8.14,14.907,0.07038247793396445,-7.404728313463772e-05,0.08800000000000097,-0.0008414463992572375,0.052516129032258066,-0.007331378299120267,0.0,-0.026338078397574405
28,2,1415539,0,190,34.47,0.07,8.04,14.951,0.06945406995750156,-7.453027343768071e-05,0.08999999999999986,-0.0008281141493075647,0.051870967741935475,-0.0071684587813621295,0.0,-0.015146562057317056
28,2,1415585,0,190,34.25,0.07,8.04,14.997,0.06901928734880591,-7.552949385153517e-05,0.08899999999999864,-0.0008486459983318689,0.051870967741935475,0.0,0.0,-0.00977039570102586
28,2,1415628,0,190,34.25,0.07,8.04,15.04,0.06858450474011027,-7.670867552632732e-05,0.08699999999999974,-0.000881708914095719,0.051870967741935475,-0.007415647015201973,0.0,-0.009243498551476086
28,2,1415672,0,190,34.14,0.07,7.94,15.084,0.0682151029748275,-7.752013023297621e-05,0.09800000000000075,-0.0007910217370711797,0.051225806451612906,-0.006583278472679233,-0.10204081632652992,-0.015411198804464307
28,2,1415726,0,190,34.03,0.06,7.94,15.138,0.06707420725727276,-7.74494665594565e-05,0.09800000000000075,-0.0007903006791781215,0.051225806451612906,-0.0065832784726793745,-0.10204081632652992,-0.021615707414053813
28,2,1415770,0,190,33.92,0.06,7.84,15.182,0.0660967636482502,-7.624251542584304e-05,0.08800000000000097,-0.0008663922207482069,0.05058064516129032,-0.007331378299120188,0.1136363636363625,-0.009732830098962615
28,2,1415814,0,190,33.81,0.07,7.84,15.226,0.06621771820856404,-7.40040603853629e-05,0.08799999999999919,-0.0008409552316518588,0.05058064516129032,0.0,0.11363636363636478,-0.004532081191120115
28,2,1415858,0,190,33.7,0.07,7.84,15.27,0.06569794050343164,-7.114322791287186e-05,0.08699999999999974,-0.0008177382518720928,0.05058064516129032,-0.007415647015202053,0.0,-0.012512540722120017
28,2,1415901,0,190,33.7,0.07,7.74,15.313,0.0651291271657396,-6.822833152208662e-05,0.08699999999999974,-0.0007842336956561704,0.049935483870967745,-0.007415647015202053,0.0,-0.019689403418591152
28,2,1415945,0,190,33.59,0.07,7.74,15.357,0.06398496240601421,-6.583270298768707e-05,0.08999999999999986,-0.0007314744776409685,0.049935483870967745,0.0,-0.11111111111111138,-0.015582434346736167
28,2,1415991,0,190,33.48,0.06,7.74,15.403,0.06372670807453334,-6.441685160757515e-05,0.08999999999999986,-0.000715742795639725,0.049935483870967745,-0.007168458781362052,-0.11111111111111138,-0.005557371690094777
28,2,1416035,0,190,33.37,0.06,7.64,15.447,0.06348479895390569,-6.42561348004227e-05,0.08699999999999974,-0.0007385762620738263,0.04929032258064516,-0.007415647015202133,0.0,-0.004997501249375394
28,2,1416078,0,190,33.26,0.06,7.64,15.49,0.06329192546583769,-6.540543006293564e-05,0.08700000000000152,-0.0007517865524475229,0.04929032258064516,0.0,0.0,-0.0034944933548262383
28,2,1416122,0,190,33.15,0.06,7.64,15.534,0.0631807780320358,-6.768915903279904e-05,0.08799999999999919,-0.000769194989009087,0.04929032258064516,-0.0073313782991203365,0.0,-0.0012258908139914546
28,2,1416166,0,190,33.15,0.06,7.54,15.578,0.06318404707420644,-7.07161786623125e-05,0.08699999999999974,-0.0008128296397966979,0.04864516129032258,-0.007415647015202133,0.11494252873563263,-0.008604720196292813
28,2,1416209,0,190,33.04,0.07,7.54,15.621,0.062432167374958325,-7.393123347426833e-05,0.08699999999999974,-0.0008497842928076845,0.04864516129032258,0.0,0.0,-0.01953910262913634
28,2,1416253,0,190,32.93,0.06,7.54,15.665,0.06148414514547158,-7.671415314075603e-05,0.08799999999999919,-0.000871751740235872,0.04864516129032258,-0.007331378299120258,-0.11363636363636478,-0.013521947160391045
28,2,1416297,0,190,32.82,0.06,7.44,15.709,0.061242236024843924,-7.852338057786135e-05,0.08700000000000152,-0.0009025675928489652,0.048,-0.007415647015201902,0.0,-0.0034944933548262383
28,2,1416340,0,190,32.71,0.06,7.44,15.752,0.061180124223601695,-7.90462084076653e-05,0.08900000000000041,-0.0008881596450299431,0.048,-0.007249003262051469,0.11235955056179733,0.0009917318944649407
28,2,1416386,0,190,32.6,0.07,7.34,15.798,0.061330500163451304,-7.828109295618457e-05,0.08999999999999986,-0.0008697899217353855,0.04735483870967742,-0.007168458781362052,0.0,0.006065889361083713
28,2,1416430,0,190,32.6,0.06,7.34,15.842,0.06172605426609923,-7.649150206094558e-05,0.08799999999999919,-0.000869221614328935,0.04735483870967742,0.0,-0.11363636363636478,0.0018945585307141954
28,2,1416474,0,190,32.49,0.06,7.34,15.886,0.06149722131415415,-7.405029112207906e-05,0.08699999999999974,-0.0008511527715181526,0.04735483870967742,-0.007415647015202053,0.0,-0.0060120315781958585
28,2,1416517,0,190,32.38,0.06,7.24,15.929,0.06120300751879619,-7.126846349179328e-05,0.08700000000000152,-0.000819177741284966,0.04670967741935484,-0.007415647015201902,0.0,-0.007515039472744629
28,2,1416561,0,190,32.27,0.06,7.24,15.973,0.06084341288002536,-6.830260721002102e-05,0.08799999999999919,-0.0007761659910229732,0.04670967741935484,0.0,0.0,-0.00891556955630179
28,2,1416605,0,190,32.16,0.06,7.24,16.017,0.06041843739784164,-6.517706786707045e-05,0.08799999999999919,-0.0007406484984894437,0.04670967741935484,-0.0073313782991203365,0.0,-0.010401497815685395
28,2,1416649,0,190,32.05,0.06,7.14,16.061,0.05992808107224505,-6.189700877446924e-05,0.08699999999999974,-0.0007114598709709128,0.04606451612903226,-0.007415647015202133,0.0,-0.001653308684003897
28,2,1416692,0,190,32.05,0.06,7.14,16.104,0.0602745995423333,-5.858922453514204e-05,0.08699999999999974,-0.000673439362472899,0.04606451612903226,0.0,0.0,0.0011648311182754366
28,2,1416736,0,190,31.94,0.06,7.14,16.148,0.060029421379535014,-5.559154757919238e-05,0.08999999999999986,-0.0006176838619910274,0.04606451612903226,-0.007168458781361975,0.0,-0.005811630525589168
28,2,1416782,0,190,31.83,0.06,7.04,16.194,0.05975155279503028,-5.342772035423149e-05,0.08999999999999986,-0.0005936413372692397,0.04541935483870968,-0.007168458781361975,0.0,-0.0003269042170643714
28,2,1416826,0,190,31.72,0.06,7.04,16.238,0.05999999999999922,-5.264955610887512e-05,0.08699999999999974,-0.0006051673115962675,0.04541935483870968,0.0,0.0,0.005711429999285914
28,2,1416869,0,190,31.61,0.06,7.04,16.281,0.06024844720496815,-5.359352085855917e-05,0.08699999999999974,-0.0006160174811328658,0.04541935483870968,0.0,0.0,-0.0003381767762736476
28,2,1416913,0,190,31.61,0.06,7.04,16.325,0.05997057862046341,-5.6165542996337694e-05,0.08800000000000097,-0.0006382448067765577,0.04541935483870968,-0.0065982404692081775,0.0,0.00040863027133058175
28,2,1416957,0,190,31.5,0.06,6.95,16.369,0.06028440666884524,-5.977863302379838e-05,0.08699999999999974,-0.0006871107244114776,0.044838709677419354,-0.006674082313681928,0.0,-0.0024048126312782793
28,2,1417000,0,190,31.39,0.06,6.95,16.412,0.059761359921542204,-6.349050036299353e-05,0.08699999999999974,-0.0007297758662413071,0.044838709677419354,0.0,0.0,-0.0048472004599204215
28,2,1417044,0,190,31.17,0.06,6.95,16.456,0.059862700228832166,-6.628592256762733e-05,0.08900000000000219,-0.0007447856468272551,0.044838709677419354,-0.007249003262051324,0.0,-0.0004775005417793371
28,2,1417089,0,190,31.17,0.06,6.85,16.501,0.05971886237332384,-6.739535253561347e-05,0.08800000000000097,-0.000765856278813781,0.04419354838709677,-0.007331378299120188,0.0,-0.0056836755921423135
28,2,1417132,0,190,31.06,0.06,6.85,16.544,0.05936253677672364,-6.653466083816984e-05,0.08899999999999864,-0.0007475804588558524,0.04419354838709677,-0.007249003262051535,0.0,-0.01002751137736874
28,2,1417178,0,190,30.95,0.06,6.75,16.59,0.05882641386073804,-6.397690034408043e-05,0.08999999999999986,-0.0007108544482675614,0.043548387096774194,0.0,0.0,-0.013548363662779958
28,2,1417222,0,190,30.84,0.06,6.85,16.634,0.05814318404707344,-6.0441419278356e-05,0.08800000000000097,-0.0006868343099813106,0.04419354838709677,0.0,-0.11363636363636233,-0.016828137537519286
28,2,1417266,0,190,30.84,0.05,6.75,16.678,0.057345537757436324,-5.687281919251141e-05,0.08699999999999974,-0.0006537105654311675,0.043548387096774194,-0.014831294030404106,0.0,-0.019276076247590257
28,2,1417309,0,190,30.73,0.06,6.65,16.721,0.056466165413533095,-5.4198544952522634e-05,0.08699999999999974,-0.0006229717810634803,0.04290322580645162,0.0,0.11494252873563246,-0.027204442891335934
28,2,1417353,0,190,30.62,0.06,6.75,16.765,0.054978751225890105,-5.3105109158416044e-05,0.08800000000000097,-0.0006034671495274485,0.043548387096774194,0.0,-0.11363636363636233,-0.024109186008498883
28,2,1417397,0,190,30.62,0.05,6.65,16.809,0.05434455704478517,-5.3856204199811405e-05,0.08800000000000097,-0.0006120023204523956,0.04290322580645162,-0.00733137829912011,0.0,-0.014599245148443922
28,2,1417441,0,190,30.51,0.06,6.65,16.853,0.053694017652827025,-5.6209732674433964e-05,0.08699999999999974,-0.0006460888813153348,0.04290322580645162,0.0,0.0,-0.014767052563943405
28,2,1417484,0,190,30.4,0.05,6.65,16.896,0.0530598234717221,-5.948932183959599e-05,0.08699999999999974,-0.0006837853085011053,0.04290322580645162,-0.007415647015202133,-0.11494252873563246,-0.014015548616669022
28,2,1417528,0,190,30.29,0.05,6.55,16.94,0.052474664923176824,-6.279642036883981e-05,0.08999999999999986,-0.0006977380040982212,0.04225806451612903,-0.007168458781362052,0.0,-0.012095456031382667
28,2,1417574,0,190,30.18,0.05,6.55,16.986,0.05197123242889766,-6.527827224676663e-05,0.08999999999999986,-0.0007253141360751859,0.04225806451612903,0.0,0.0,-0.009916094584286652
28,2,1417618,0,190,30.18,0.05,6.55,17.03,0.05158221641059103,-6.635598530800913e-05,0.08699999999999974,-0.0007627124748047049,0.04225806451612903,-0.007415647015202133,0.0,-0.007252013091198701
28,2,1417661,0,190,29.96,0.05,6.45,17.073,0.051340307289963374,-6.585524086997907e-05,0.08699999999999974,-0.000756956791608957,0.04161290322580645,-0.007415647015202133,0.0,-0.00349449335482631
28,2,1417705,0,190,29.96,0.05,6.45,17.117,0.05127819548872114,-6.402235371841147e-05,0.08800000000000097,-0.0007275267468001223,0.04161290322580645,0.0,0.0,-0.009249903414662895
28,2,1417749,0,190,29.85,0.05,6.45,17.161,0.05052631578947303,-6.143049432934067e-05,0.08699999999999974,-0.000706097635969435,0.04161290322580645,-0.007415647015202133,0.11494252873563246,-0.008416844209474137
28,2,1417792,0,190,29.74,0.06,6.35,17.204,0.05054593004249689,-5.879818239629575e-05,0.08699999999999974,-0.0006758411769689186,0.040967741935483866,-0.007415647015202133,0.0,0.003269042170643931
28,2,1417836,0,190,29.63,0.05,6.35,17.248,0.05081072245831905,-5.67621260288913e-05,0.08800000000000097,-0.0006450241594192122,0.040967741935483866,0.0,-0.11363636363636233,-0.0010772979880530724
28,2,1417880,0,190,29.63,0.05,6.35,17.292,0.05045112781954822,-5.5671481395394016e-05,0.08699999999999974,-0.0006399020850045308,0.040967741935483866,0.0,0.0,0.0013527071050941119
28,2,1417923,0,190,29.52,0.05,6.35,17.335,0.05092840797646224,-5.549200300404067e-05,0.08899999999999864,-0.0006235056517308037,0.040967741935483866,-0.007249003262051535,0.0,0.0040771200105785095
28,2,1417969,0,190,29.41,0.05,6.25,17.381,0.0508139915004897,-5.5880380210257206e-05,0.08999999999999986,-0.0006208931134473033,0.04032258064516129,-0.007168458781361975,0.0,-0.002905815262794661
28,2,1418013,0,190,29.41,0.05,6.25,17.425,0.05066688460281072,-5.639362326381736e-05,0.08800000000000097,-0.0006408366279979175,0.04032258064516129,0.0,0.0,-0.003714820648459017
28,2,1418057,0,190,29.3,0.05,6.25,17.469,0.050487087283425304,-5.671310574526967e-05,0.08699999999999974,-0.0006518747786812625,0.04032258064516129,-0.007415647015202053,0.0,-0.004509023683646933
28,2,1418100,0,190,29.19,0.05,6.15,17.512,0.05027459954233344,-5.6764968010673654e-05,0.08699999999999974,-0.0006524708966744117,0.03967741935483871,-0.007415647015202053,0.0,-0.005260527630921316
28,2,1418144,0,190,29.08,0.05,6.15,17.556,0.05002942137953515,-5.668918742306861e-05,0.08800000000000097,-0.0006441953116257726,0.03967741935483871,0.0,0.0,-0.005943713037534301
28,2,1418188,0,190,28.97,0.05,6.15,17.6,0.049751552795030414,-5.6696111107406465e-05,0.08699999999999974,-0.0006516794380161682,0.03967741935483871,0.0,0.0,-0.0067635355254702404
28,2,1418231,0,190,28.97,0.05,6.15,17.643,0.04944099378881924,-5.6915467198322746e-05,0.08699999999999974,-0.0006542007723945163,0.03967741935483871,-0.007415647015202133,0.0,0.002855714999643037
28,2,1418275,0,190,28.86,0.05,6.05,17.687,0.04999999999999936,-5.733904499443998e-05,0.08800000000000097,-0.0006515800567549927,0.03903225806451613,-0.007331378299120188,0.0,0.006352343308864883
28,2,1418319,0,190,28.75,0.05,6.05,17.731,0.04999999999999936,-5.787045695051862e-05,0.08999999999999986,-0.0006430050772279857,0.03903225806451613,0.0,0.0,0.0
28,2,1418365,0,190,28.75,0.05,6.05,17.777,0.04999999999999936,-5.840654414435953e-05,0.08899999999999864,-0.0006562533049928138,0.03903225806451613,-0.007249003262051535,0.0,0.0
28,2,1418408,0,190,28.53,0.05,5.95,17.82,0.04999999999999936,-5.88672236106893e-05,0.08699999999999974,-0.0006766347541458561,0.03838709677419355,-0.007415647015202053,0.0,0.006425358749196752
28,2,1418452,0,190,28.53,0.05,5.95,17.864,0.05055900621117947,-5.914825644638899e-05,0.08899999999999864,-0.0006645871510830325,0.03838709677419355,0.0,0.0,0.00279154162886442
28,2,1418497,0,190,28.42,0.05,5.95,17.909,0.05024844720496829,-5.904312357884667e-05,0.08800000000000097,-0.0006709445861232502,0.03838709677419355,0.0,0.0,-0.006686677167226247
28,2,1418540,0,190,28.31,0.05,5.95,17.952,0.04997057862046356,-5.82297390865838e-05,0.08699999999999974,-0.0006693073458228043,0.03838709677419355,-0.007415647015202133,0.0,-0.006012031578195699
28,2,1418584,0,190,28.2,0.05,5.85,17.996,0.04972540045766526,-5.6395482929571195e-05,0.08799999999999741,-0.0006408577605633279,0.03774193548387097,-0.007331378299120485,0.0,-0.005200748907842881
28,2,1418628,0,190,28.09,0.05,5.85,18.04,0.0495129127165734,-5.346792891621366e-05,0.08699999999999974,-0.0006145738955886645,0.03774193548387097,0.0,0.0,-0.004509023683646933
28,2,1418671,0,190,28.09,0.05,5.85,18.083,0.04933311539718798,-4.981607745413186e-05,0.08699999999999974,-0.0005725985914268047,0.03774193548387097,-0.007415647015202133,0.0,-0.0037575197363723116
28,2,1418715,0,190,27.98,0.05,5.75,18.127,0.04918600849950901,-4.6277209256414765e-05,0.08999999999999986,-0.0005141912139601649,0.037096774193548385,-0.007168458781362052,0.0,-0.002905815262794584
28,2,1418761,0,190,27.87,0.05,5.75,18.173,0.04907159202353647,-4.39405260777237e-05,0.08999999999999986,-0.0004882280675302641,0.037096774193548385,0.0,0.0,0.004031818677127581
28,2,1418805,0,190,27.87,0.05,5.75,18.217,0.04954887218045049,-4.373650739999402e-05,0.0870000000000033,-0.0005027184758619812,0.037096774193548385,0.0,0.0,0.007778065854290547
28,2,1418848,0,190,27.65,0.05,5.75,18.26,0.04974828375285977,-4.600375618684183e-05,0.08699999999999974,-0.0005287788067453099,0.037096774193548385,0.0,-0.11494252873563254,-0.004659324473101746
28,2,1418892,0,190,27.65,0.04,5.75,18.304,0.04914351095129064,-5.025757277883525e-05,0.08799999999999741,-0.0005711087815776901,0.037096774193548385,-0.006598240469208365,0.0,-0.006278046895895997
28,2,1418936,0,190,27.54,0.05,5.66,18.348,0.04919581562602094,-5.529658180154051e-05,0.08699999999999974,-0.0006355928942705824,0.036516129032258066,-0.006674082313681848,0.11494252873563254,-0.007665340262199676
28,2,1418979,0,190,27.54,0.05,5.66,18.391,0.04847662634847927,-5.960598209715062e-05,0.08699999999999974,-0.0006851262310017334,0.036516129032258066,0.0,0.0,-0.008604720196292813
28,2,1419023,0,190,27.43,0.05,5.66,18.435,0.04844720496894347,-6.188358494778345e-05,0.08800000000000097,-0.0007032225562248043,0.036516129032258066,-0.007331378299120188,0.0,-0.009064162382239968
28,2,1419067,0,190,27.32,0.05,5.56,18.479,0.04767898005884214,-6.148953523975731e-05,0.08800000000000097,-0.0006987447186335981,0.03587096774193548,-0.007331378299120188,0.0,-0.009249903414662895
28,2,1419111,0,190,27.21,0.05,5.56,18.523,0.047633213468453124,-5.865864017084732e-05,0.08999999999999986,-0.0006517626685649712,0.03587096774193548,-0.007168458781361975,0.0,-0.0026515564273001157
28,2,1419157,0,190,27.1,0.05,5.46,18.569,0.04744033998038513,-5.438515117065368e-05,0.08899999999999864,-0.000611069114277017,0.035225806451612905,0.0,0.0,-0.005619814068635166
28,2,1419200,0,190,27.1,0.05,5.56,18.612,0.0471330500163446,-5.001290348295395e-05,0.08699999999999974,-0.000574860959574185,0.03587096774193548,0.0,-0.11494252873563254,-0.014428875787669996
28,2,1419244,0,190,26.99,0.04,5.46,18.656,0.046185027786857846,-4.6705627727960494e-05,0.08800000000000097,-0.0005307457696359088,0.035225806451612905,-0.00733137829912011,-0.11363636363636241,-0.012221759933430203
28,2,1419288,0,190,26.88,0.04,5.46,18.7,0.04605753514220273,-4.503050597315372e-05,0.08699999999999974,-0.0005175920226799293,0.035225806451612905,0.0,0.11494252873563254,-0.00349449335482631
28,2,1419331,0,190,26.77,0.05,5.46,18.743,0.04588100686498796,-4.481999445310425e-05,0.08699999999999974,-0.0005151723500356826,0.035225806451612905,0.0,0.0,-0.014616751774488512
28,2,1419375,0,190,26.77,0.04,5.46,18.787,0.044785877737822236,-4.5345917075036544e-05,0.08800000000000097,-0.0005152945122163187,0.035225806451612905,-0.007331378299120188,0.0,-0.018722696068233364
28,2,1419419,0,190,26.66,0.05,5.36,18.831,0.044233409610983404,-4.571294495950618e-05,0.08699999999999974,-0.0005254361489598426,0.03458064516129032,-0.007415647015202133,0.0,-0.012512540722120017
28,2,1419462,0,190,26.55,0.04,5.36,18.874,0.0436972866949978,-4.528627683996511e-05,0.08699999999999974,-0.0005205319177007499,0.03458064516129032,0.0,0.0,-0.011761036774845475
28,2,1419506,0,190,26.55,0.05,5.36,18.918,0.04321019941157185,-4.395578899393549e-05,0.08999999999999986,-0.0004883976554881729,0.03458064516129032,-0.007168458781362052,0.0,-0.016127274708510247
28,2,1419552,0,190,26.43,0.04,5.26,18.964,0.04224583197123188,-4.213329546535416e-05,0.08999999999999986,-0.0004681477273928247,0.03393548387096774,0.0,-0.11111111111111131,-0.010497257636845723
28,2,1419596,0,190,26.32,0.04,5.36,19.008,0.04226544622425574,-4.0522563257212596e-05,0.08699999999999974,-0.0004657765891633645,0.03458064516129032,0.0,0.0,0.0017660342760950065
28,2,1419639,0,190,26.32,0.04,5.26,19.051,0.04239947695325214,-3.979906063801941e-05,0.08699999999999974,-0.0004574604671036727,0.03393548387096774,-0.007415647015202133,0.11494252873563254,-0.0016533086840037374
28,2,1419683,0,190,26.21,0.05,5.26,19.095,0.04212160836874741,-4.0345337361205046e-05,0.08800000000000097,-0.0004584697427409614,0.03393548387096774,0.0,0.0,-0.004643525810573732
28,2,1419727,0,190,26.1,0.04,5.26,19.139,0.04199084668192165,-4.213230060277073e-05,0.08800000000000097,-0.0004787761432132985,0.03393548387096774,0.0,-0.11363636363636241,-0.005200748907842593
28,2,1419771,0,190,26.1,0.04,5.26,19.183,0.04166394246485726,-4.476522677463723e-05,0.08800000000000097,-0.0005086957588026903,0.03393548387096774,-0.00733137829912011,0.0,0.000594371303753509
28,2,1419815,0,190,25.99,0.04,5.16,19.227,0.04204315135665196,-4.764909947236706e-05,0.08699999999999974,-0.0005476907985329563,0.03329032258064516,-0.007415647015202053,0.0,0.00041332717100089444
28,2,1419858,0,190,25.88,0.04,5.16,19.27,0.04169990192873434,-5.0180389682767056e-05,0.08699999999999974,-0.000576786088307669,0.03329032258064516,0.0,0.0,0.0006012031578195698
28,2,1419902,0,190,25.77,0.04,5.16,19.314,0.04209545603138226,-5.188021865852566e-05,0.09100000000000108,-0.0005701122929508246,0.03329032258064516,0.0,0.0,0.0011136297504392135
28,2,1419949,0,190,25.66,0.04,5.16,19.361,0.04180124223602431,-5.245535768762277e-05,0.09100000000000108,-0.0005764325020617819,0.03329032258064516,-0.007089684509039297,0.10989010989010861,0.0020117182588577616
28,2,1419993,0,190,25.55,0.05,5.06,19.405,0.04227852239293832,-5.182708451505924e-05,0.08699999999999974,-0.0005957136151156252,0.03264516129032258,-0.007415647015202133,0.0,0.0034193429600987437
28,2,1420036,0,190,25.55,0.04,5.06,19.448,0.042098725073552896,-5.0144388179955254e-05,0.08699999999999974,-0.0005763722779305218,0.03264516129032258,0.0,-0.11494252873563254,-0.005260527630921396
28,2,1420080,0,190,25.44,0.04,5.06,19.492,0.04182085648904816,-4.7761354880893944e-05,0.08800000000000097,-0.0005427426691010616,0.03264516129032258,0.0,0.11363636363636241,-0.007429641296917955
28,2,1420124,0,190,25.44,0.05,5.06,19.536,0.04144491663942411,-4.517513728679745e-05,0.08799999999999741,-0.0005133538328045315,0.03264516129032258,-0.007331378299120406,0.0,0.0005943713037534541
28,2,1420168,0,190,25.33,0.04,4.96,19.58,0.04187316116377846,-4.294199701902279e-05,0.08699999999999974,-0.0004935861726324474,0.032,-0.007415647015202053,-0.11494252873563254,0.0026678390128243613
28,2,1420211,0,190,25.22,0.04,4.96,19.623,0.04167701863353983,-4.15646433664616e-05,0.0870000000000033,-0.0004777545214535635,0.032,0.0,0.0,-0.005260527630921021
28,2,1420255,0,190,25.22,0.04,4.96,19.667,0.041415495259888316,-4.133757833301033e-05,0.08799999999999741,-0.0004697452083296766,0.032,0.0,0.0,-0.006686677167226438
28,2,1420299,0,190,25.11,0.04,4.96,19.711,0.04108859104282392,-4.2204078512535934e-05,0.08999999999999986,-0.00046893420569484446,0.032,0.0,0.0,-0.007990991972685182
28,2,1420345,0,190,25.0,0.04,4.96,19.757,0.04069630598234665,-4.373657664501529e-05,0.08900000000000219,-0.0004914222094945418,0.032,-0.007249003262051246,0.0,-0.00955001083558877
28,2,1420388,0,190,24.89,0.04,4.86,19.8,0.0402386400784565,-4.5294228473644616e-05,0.08699999999999974,-0.0005206233157890202,0.031354838709677424,-0.007415647015202053,0.0,-0.011272559209117175
28,2,1420432,0,190,24.89,0.04,4.86,19.844,0.03971559333115346,-4.628019793875371e-05,0.08800000000000097,-0.0005259113402131045,0.031354838709677424,0.0,0.0,-0.002377485215013878
28,2,1420476,0,190,24.78,0.04,4.86,19.888,0.040029421379535274,-4.636131508968777e-05,0.08799999999999741,-0.0005268331260191947,0.031354838709677424,0.0,0.0,0.0004086302713304406
28,2,1420520,0,190,24.67,0.04,4.86,19.932,0.03975155279503054,-4.5570380146298106e-05,0.08699999999999974,-0.0005237974729459568,0.031354838709677424,-0.007415647015202173,0.0,-0.0067635355254702404
28,2,1420563,0,190,24.56,0.04,4.76,19.975,0.039440993788819365,-4.428470829239295e-05,0.08699999999999974,-0.000509019635544748,0.030709677419354837,-0.007415647015202173,0.0,0.002855714999643037
28,2,1420607,0,190,24.56,0.04,4.76,20.019,0.03999999999999948,-4.3087193792373136e-05,0.08799999999999741,-0.0004896272021860728,0.030709677419354837,0.0,0.0,0.006352343308865139
28,2,1420651,0,190,24.45,0.04,4.76,20.063,0.03999999999999948,-4.252787230383603e-05,0.0870000000000033,-0.0004888261184348784,0.030709677419354837,0.0,0.0,0.0
28,2,1420694,0,190,24.34,0.04,4.76,20.106,0.03999999999999948,-4.2874203975356906e-05,0.08900000000000219,-0.0004817326289365826,0.030709677419354837,0.0,0.0,0.0
28,2,1420740,0,190,24.34,0.04,4.76,20.152,0.03999999999999948,-4.39905130550935e-05,0.08999999999999986,-0.0004887834783899285,0.030709677419354837,-0.007168458781361975,0.0,0.0
28,2,1420784,0,190,24.23,0.04,4.66,20.196,0.03999999999999948,-4.5419446683903075e-05,0.08799999999999741,-0.0005161300759534592,0.03006451612903226,-0.007331378299120406,0.0,0.0
28,2,1420828,0,190,24.12,0.04,4.66,20.24,0.03999999999999948,-4.6597881262677275e-05,0.08699999999999974,-0.0005356078306054875,0.03006451612903226,0.0,0.0,0.0
28,2,1420871,0,190,24.12,0.04,4.66,20.283,0.03999999999999948,-4.707301616192794e-05,0.0870000000000033,-0.0005410691512865076,0.03006451612903226,0.0,0.0,0.0
28,2,1420915,0,190,24.01,0.04,4.66,20.327,0.03999999999999948,-4.663749965880726e-05,0.08799999999999741,-0.0005299715870319162,0.03006451612903226,-0.007331378299120485,0.0,0.0
28,2,1420959,0,190,24.01,0.04,4.56,20.371,0.03999999999999948,-4.537213190843215e-05,0.08699999999999974,-0.0005215187575681871,0.029419354838709676,-0.007415647015202133,0.0,0.0
28,2,1421002,0,190,23.9,0.04,4.56,20.414,0.03999999999999948,-4.359296725987605e-05,0.08699999999999974,-0.000501068589193979,0.029419354838709676,0.0,0.0,0.0
28,2,1421046,0,190,23.79,0.04,4.56,20.458,0.03999999999999948,-4.1705290353567295e-05,0.08799999999999741,-0.0004739237540178241,0.029419354838709676,0.0,0.0,0.0
28,2,1421090,0,190,23.79,0.04,4.56,20.502,0.03999999999999948,-4.0030300994030374e-05,0.08999999999999986,-0.00044478112215589374,0.029419354838709676,0.0,0.0,0.0
28,2,1421136,0,190,23.68,0.04,4.56,20.548,0.03999999999999948,-3.8717647182629375e-05,0.08900000000000219,-0.00043502974362503847,0.029419354838709676,-0.007249003262051285,0.0,0.0
28,2,1421179,0,190,23.57,0.04,4.46,20.591,0.03999999999999948,-3.779093903465203e-05,0.0870000000000033,-0.000434378609593685,0.028774193548387096,-0.00741564701520179,0.0,0.0
28,2,1421223,0,190,23.57,0.04,4.46,20.635,0.03999999999999948,-3.724620802228262e-05,0.08799999999999741,-0.00042325236388958767,0.028774193548387096,0.0,0.0,0.0
28,2,1421267,0,190,23.46,0.04,4.46,20.679,0.03999999999999948,-3.708605615202298e-05,0.08899999999999864,-0.0004166972601350961,0.028774193548387096,0.0,0.0,0.0
28,2,1421312,0,190,23.35,0.04,4.46,20.724,0.03999999999999948,-3.726962868908767e-05,0.08800000000000097,-0.00042351850783053707,0.028774193548387096,0.0,0.0,0.0
28,2,1421355,0,190,23.35,0.04,4.46,20.767,0.03999999999999948,-3.7664080004549125e-05,0.08699999999999974,-0.00043292045982240503,0.028774193548387096,-0.006674082313681888,0.0,0.0
28,2,1421399,0,190,23.24,0.04,4.37,20.811,0.03999999999999948,-3.806803832577188e-05,0.08800000000000097,-0.0004325913446110393,0.028193548387096774,-0.0065982404692081385,0.0,0.0
28,2,1421443,0,190,23.13,0.04,4.37,20.855,0.03999999999999948,-3.8278696742773734e-05,0.08699999999999974,-0.0004399850200318833,0.028193548387096774,0.0,0.0,0.0
28,2,1421486,0,190,23.13,0.04,4.37,20.898,0.03999999999999948,-3.813332663495039e-05,0.08899999999999864,-0.00042846434421293234,0.028193548387096774,0.0,0.0,0.0
28,2,1421532,0,190,23.02,0.04,4.37,20.944,0.03999999999999948,-3.752095994651761e-05,0.08999999999999986,-0.0004168995549613074,0.028193548387096774,0.0,0.0,0.0
28,2,1421576,0,190,22.91,0.04,4.37,20.988,0.03999999999999948,-3.6422933213574814e-05,0.08800000000000097,-0.0004138969683360729,0.028193548387096774,-0.007331378299120188,0.0,0.0
28,2,1421620,0,190,22.91,0.04,4.27,21.032,0.03999999999999948,-3.499565277081462e-05,0.08699999999999974,-0.0004022488824231578,0.02754838709677419,-0.007415647015202133,0.0,0.0
28,2,1421663,0,190,22.8,0.04,4.27,21.075,0.03999999999999948,-3.3607249752305004e-05,0.08699999999999974,-0.00038629022703798966,0.02754838709677419,0.0,0.0,0.0
28,2,1421707,0,190,22.69,0.04,4.27,21.119,0.03999999999999948,-3.272941128316731e-05,0.08800000000000097,-0.0003719251282178063,0.02754838709677419,0.0,0.0,0.0
28,2,1421751,0,190,22.69,0.04,4.27,21.163,0.03999999999999948,-3.2709781406483174e-05,0.08699999999999974,-0.0003759744989250951,0.02754838709677419,0.0,0.0,0.0
28,2,1421794,0,190,22.69,0.04,4.27,21.206,0.03999999999999948,-3.358134365747034e-05,0.08699999999999974,-0.00038599245583299357,0.02754838709677419,0.0,0.0,0.0
28,2,1421838,0,190,22.58,0.04,4.27,21.25,0.03999999999999948,-3.505713878803807e-05,0.08800000000000097,-0.00039837657713679184,0.02754838709677419,-0.00733137829912011,0.0,0.0
28,2,1421882,0,190,22.47,0.04,4.17,21.294,0.03999999999999948,-3.671145022728961e-05,0.08999999999999986,-0.00040790500252544076,0.026903225806451613,-0.007168458781361975,0.0,0.0
28,2,1421928,0,190,22.47,0.04,4.17,21.34,0.03999999999999948,-3.820126300832261e-05,0.08899999999999864,-0.0004292276742508224,0.026903225806451613,0.0,0.0,0.0
28,2,1421971,0,190,22.36,0.04,4.17,21.383,0.03999999999999948,-3.937316535789126e-05,0.08699999999999974,-0.00045256511905622277,0.026903225806451613,0.0,0.0,0.0
28,2,1422015,0,190,22.25,0.04,4.17,21.427,0.03999999999999948,-4.023008819982099e-05,0.08800000000000097,-0.0004571600931797789,0.026903225806451613,0.0,0.0,0.0
28,2,1422059,0,190,22.14,0.04,4.17,21.471,0.03999999999999948,-4.085262457211503e-05,0.08699999999999974,-0.0004695703973806339,0.026903225806451613,-0.007415647015202093,0.0,0.0
28,2,1422102,0,190,22.14,0.04,4.07,21.514,0.03999999999999948,-4.135475715226544e-05,0.08699999999999974,-0.0004753420362329375,0.026258064516129033,-0.007415647015202093,0.0,0.006425358749196752
28,2,1422146,0,190,22.03,0.04,4.07,21.558,0.040559006211179596,-4.1852319876563014e-05,0.08800000000000097,-0.0004755945440518472,0.026258064516129033,0.0,0.0,0.002823263692828872
28,2,1422190,0,190,21.92,0.04,4.07,21.602,0.040248447204968424,-4.2388444194044084e-05,0.08699999999999974,-0.0004872234964832668,0.026258064516129033,0.0,0.0,-0.0067635355254702404
28,2,1422233,0,190,21.92,0.04,4.07,21.645,0.03997057862046369,-4.28424381788517e-05,0.08699999999999974,-0.0004924418181477221,0.026258064516129033,0.0,0.0,-0.0060120315781958585
28,2,1422277,0,190,21.81,0.04,4.07,21.689,0.039725400457665386,-4.2925267167045255e-05,0.08999999999999986,-0.00047694741296717025,0.026258064516129033,-0.007168458781362013,0.0,-0.005085176709890599
28,2,1422323,0,190,21.81,0.04,3.97,21.735,0.039512912716573534,-4.2313826622926595e-05,0.08999999999999986,-0.00047015362914362956,0.025612903225806453,-0.007168458781362013,0.0,-0.004358722894191953
28,2,1422367,0,190,21.7,0.04,3.97,21.779,0.03933311539718811,-4.084542017950943e-05,0.08699999999999974,-0.00046948758827022473,0.025612903225806453,0.0,0.0,-0.0037575197363723914
28,2,1422410,0,190,21.7,0.04,3.97,21.822,0.03918600849950914,-3.86370697589693e-05,0.08699999999999974,-0.0004441042501030967,0.025612903225806453,0.0,0.0,-0.0030060157890978495
28,2,1422454,0,190,21.59,0.04,3.97,21.866,0.0390715920235366,-3.60656919450002e-05,0.08800000000000097,-0.00040983740846590685,0.025612903225806453,-0.007331378299120149,0.0,-0.0022288923890754417
28,2,1422498,0,190,21.48,0.04,3.87,21.91,0.038989865969270496,-3.3645068342634144e-05,0.08699999999999974,-0.0003867249234785545,0.024967741935483873,0.0,0.0,-0.0015030078945490045
28,2,1422541,0,190,21.48,0.04,3.97,21.953,0.038940830336710835,-3.1868433900246184e-05,0.08699999999999974,-0.00036630383793386526,0.025612903225806453,0.0,-0.11494252873563254,0.005673854801922291
28,2,1422585,0,190,21.37,0.03,3.87,21.997,0.039483491337037734,-3.1067037828467646e-05,0.08800000000000097,-0.00035303452077803756,0.024967741935483873,-0.007331378299120149,0.0,0.002823263692828872
28,2,1422629,0,190,21.37,0.04,3.87,22.041,0.03918927754167978,-3.13144306984281e-05,0.08800000000000097,-0.0003558458033912245,0.024967741935483873,0.0,0.11363636363636241,0.00040863027133050293
28,2,1422673,0,190,21.15,0.04,3.87,22.085,0.03951945080091482,-3.2396714288030815e-05,0.08899999999999864,-0.000364008025708217,0.024967741935483873,0.0,0.0,-0.00161615567986892
28,2,1422718,0,190,21.15,0.04,3.87,22.13,0.03904543968617145,-3.3869558611821395e-05,0.08999999999999986,-0.0003763284290202383,0.024967741935483873,0.0,0.0,-0.009443899604082552
28,2,1422763,0,190,21.15,0.04,3.87,22.175,0.03866949983654739,-3.521210679559816e-05,0.08900000000000219,-0.00039564164938873367,0.024967741935483873,-0.007249003262051324,0.0,-0.007346162181222226
28,2,1422807,0,190,21.04,0.04,3.77,22.219,0.03839163125204265,-3.6029680667345685e-05,0.08800000000000097,-0.00040942818940165103,0.02432258064516129,-0.007331378299120188,0.0,0.0011515944010222906
28,2,1422851,0,190,20.93,0.04,3.77,22.263,0.03877084014383735,-3.6185347573221005e-05,0.08699999999999974,-0.0004159235353243806,0.02432258064516129,0.0,0.0,-0.00015030078945489246
28,2,1422894,0,190,20.93,0.04,3.77,22.306,0.03837855508336008,-3.576036198352339e-05,0.08699999999999974,-0.00041103864348877585,0.02432258064516129,0.0,0.0,-0.007515039472744703
28,2,1422938,0,190,20.82,0.04,3.77,22.35,0.038117031709708565,-3.488084061877883e-05,0.08799999999999741,-0.00039637318884977105,0.02432258064516129,0.0,0.0,0.0018945585307141547
28,2,1422982,0,190,20.71,0.04,3.77,22.394,0.03854527623406292,-3.3575573581379634e-05,0.08699999999999974,-0.0003859261331193073,0.02432258064516129,0.0,-0.11494252873563254,0.0013527071050939525
28,2,1423025,0,190,20.71,0.03,3.77,22.437,0.03823471722785174,-3.180746796778955e-05,0.0870000000000033,-0.0003656030800895212,0.02432258064516129,-0.00741564701520179,0.0,-0.015631282103308417
28,2,1423069,0,190,20.6,0.04,3.67,22.481,0.037185354691075034,-2.965724571603445e-05,0.08999999999999986,-0.0003295249524003833,0.02367741935483871,-0.007168458781362013,0.0,-0.015655079728305994
28,2,1423115,0,190,20.6,0.03,3.67,22.527,0.0368257600523042,-2.7481921480556614e-05,0.08999999999999986,-0.0003053546831172962,0.02367741935483871,0.0,0.0,-0.0003269042170644485
28,2,1423159,0,190,20.49,0.04,3.67,22.571,0.037155933311539234,-2.5871028696836886e-05,0.08699999999999974,-0.00029736814594065475,0.02367741935483871,0.0,0.11494252873563254,-0.0009018047367293548
28,2,1423202,0,190,20.49,0.04,3.67,22.614,0.03674730304020875,-2.5387440179710728e-05,0.08699999999999974,-0.0002918096572380552,0.02367741935483871,0.0,0.0,-0.007515039472744703
28,2,1423246,0,190,20.38,0.04,3.67,22.658,0.03650212487741045,-2.6260267763940082e-05,0.08800000000000097,-0.000298412133681134,0.02367741935483871,0.0,-0.11363636363636241,0.002637522660405866
28,2,1423290,0,190,20.27,0.03,3.67,22.702,0.03697940503432447,-2.82415678264778e-05,0.08699999999999974,-0.00032461572214342394,0.02367741935483871,0.0,0.0,0.002855714999643037
28,2,1423333,0,190,20.27,0.04,3.67,22.745,0.03675057208237939,-3.0723507609302645e-05,0.08699999999999974,-0.00035314376562416936,0.02367741935483871,-0.007415647015202093,0.11494252873563254,-0.0030060157890979293
28,2,1423377,0,190,20.16,0.04,3.57,22.789,0.03671788166067295,-3.303166551186854e-05,0.08799999999999741,-0.0003753598353621535,0.02303225806451613,-0.007331378299120445,-0.113636363636367,0.0014859282593836353
28,2,1423421,0,190,20.16,0.03,3.57,22.833,0.036881333769205146,-3.4691721170915456e-05,0.08699999999999974,-0.0003987554157576501,0.02303225806451613,0.0,0.0,0.006012031578195779
28,2,1423464,0,190,20.05,0.04,3.57,22.876,0.03724092840797598,-3.550471796465526e-05,0.08900000000000219,-0.00039892941533319537,0.02303225806451613,0.0,0.11235955056179502,0.006427891908569331
28,2,1423510,0,190,20.05,0.04,3.57,22.922,0.03745341614906783,-3.543832299929184e-05,0.08999999999999986,-0.0003937591444365766,0.02303225806451613,0.0,0.0,0.003087428716719303
28,2,1423554,0,190,19.94,0.04,3.57,22.966,0.037518796992480716,-3.449650994803122e-05,0.08800000000000097,-0.0003920057948639868,0.02303225806451613,0.0,-0.11363636363636241,-0.006538084341287731
28,2,1423598,0,190,19.94,0.03,3.57,23.01,0.036878064727034504,-3.2723585202649284e-05,0.08699999999999974,-0.00037613316324884344,0.02303225806451613,-0.007415647015202093,0.0,-0.006425358749196752
28,2,1423641,0,190,19.83,0.04,3.47,23.053,0.0369597907813006,-3.034046154898107e-05,0.08699999999999974,-0.000348740937344611,0.022387096774193548,-0.007415647015202093,0.11494252873563254,0.0037575197363723914
28,2,1423685,0,190,19.72,0.04,3.47,23.097,0.0372049689440989,-2.7853632422575547e-05,0.09399999999999764,-0.0002963152385380452,0.022387096774193548,0.0,-0.10638297872340695,0.006955408873710751
28,2,1423735,0,190,19.72,0.03,3.47,23.147,0.037613599215429394,-2.5972423062562645e-05,0.09399999999999764,-0.0002763023730059925,0.022387096774193548,0.0,0.0,0.0008346490648451986
28,2,1423779,0,190,19.61,0.04,3.47,23.191,0.03728342595619435,-2.532756532470515e-05,0.08800000000000097,-0.0002878132423261917,0.022387096774193548,0.0,0.11363636363636241,0.00033433385836128475
28,2,1423823,0,190,19.61,0.04,3.47,23.235,0.03764302059496519,-2.6159277330525476e-05,0.08699999999999974,-0.0003006813486267305,0.022387096774193548,0.0,0.0,0.00976955131456817
28,2,1423866,0,190,19.5,0.04,3.47,23.278,0.038133376920561776,-2.8183619296676455e-05,0.08900000000000219,-0.0003166698797379299,0.022387096774193548,0.0,0.0,0.00863174056293603
28,2,1423912,0,190,19.39,0.04,3.47,23.324,0.03841124550506651,-3.072906547438503e-05,0.08999999999999986,-0.0003414340608265009,0.022387096774193548,-0.007168458781362013,-0.11111111111111131,0.003813882532418026
28,2,1423956,0,190,19.39,0.03,3.37,23.368,0.0384766263484794,-3.305385022787499e-05,0.08899999999999864,-0.0003713915755941067,0.021741935483870968,-0.007249003262051574,0.0,0.0029384648724891014
28,2,1424001,0,190,19.39,0.04,3.37,23.413,0.03867276887871804,-3.463647822377114e-05,0.08900000000000219,-0.00038917391262663245,0.021741935483870968,0.0,0.11235955056179502,0.0058769297449778116
28,2,1424045,0,190,19.28,0.04,3.37,23.457,0.038999673095782436,-3.527007533209847e-05,0.08699999999999974,-0.0004054031647367652,0.021741935483870968,0.0,0.0,-0.0013527071050941119
28,2,1424088,0,190,19.17,0.04,3.37,23.5,0.03855508336057485,-3.496381451150876e-05,0.08699999999999974,-0.0004018829254196421,0.021741935483870968,0.0,0.0,-0.002667839012824441
28,2,1424132,0,190,19.17,0.04,3.37,23.544,0.03876757110166671,-3.3810185469295815e-05,0.08800000000000097,-0.0003842066530601755,0.021741935483870968,0.0,0.0,0.00594371303753438
28,2,1424176,0,190,19.06,0.04,3.37,23.588,0.03907813010787788,-3.1971663079854996e-05,0.08800000000000097,-0.0003633143531801664,0.021741935483870968,-0.007331378299120149,0.0,0.004272043745727799
28,2,1424220,0,190,19.06,0.04,3.27,23.632,0.03914351095129076,-2.9784890681925358e-05,0.08699999999999974,-0.0003423550653094879,0.021096774193548388,-0.007415647015202093,0.0,-0.001315131907730329
28,2,1424263,0,190,18.95,0.04,3.27,23.675,0.038963713631905345,-2.7827081843655232e-05,0.08899999999999864,-0.0003126638409399512,0.021096774193548388,0.0,0.0,0.0033425037924562726
28,2,1424309,0,190,18.95,0.04,3.27,23.721,0.039440993788819365,-2.6789481944070827e-05,0.08999999999999986,-0.0002976609104896763,0.021096774193548388,0.0,-0.11111111111111131,0.002034070683956286
28,2,1424353,0,190,18.84,0.03,3.27,23.765,0.03914677999346141,-2.716489419125345e-05,0.08800000000000097,-0.00030869197944605854,0.021096774193548388,0.0,0.0,-0.005200748907842593
28,2,1424397,0,190,18.73,0.04,3.27,23.809,0.03898332788492921,-2.8933773500427584e-05,0.08800000000000097,-0.0003287928806866735,0.021096774193548388,0.0,0.11363636363636241,-0.006129454069957386
28,2,1424441,0,190,18.73,0.04,3.27,23.853,0.038607388035305154,-3.147171458057407e-05,0.08799999999999741,-0.0003576331202338068,0.021096774193548388,0.0,0.0,-0.010958720912954488
28,2,1424485,0,190,18.62,0.04,3.27,23.897,0.038018960444589245,-3.377552792556271e-05,0.08699999999999974,-0.00038822445891451506,0.021096774193548388,-0.007415647015202093,0.0,-0.005598704407194804
28,2,1424528,0,190,18.62,0.04,3.17,23.94,0.03812030075187921,-3.4907728132459684e-05,0.0870000000000033,-0.0004012382543960731,0.020451612903225808,-0.00741564701520179,0.0,0.000263026381546071
28,2,1424572,0,190,18.51,0.04,3.17,23.984,0.038041843739783754,-3.44192751383332e-05,0.08799999999999741,-0.0003911281265719797,0.020451612903225808,0.0,0.0,-0.003454783203067011
28,2,1424616,0,190,18.51,0.04,3.17,24.028,0.03781627983000932,-3.252477303158008e-05,0.08799999999999741,-0.0003695996935406936,0.020451612903225808,0.0,-0.113636363636367,-0.006426639721834282
28,2,1424660,0,190,18.4,0.03,3.17,24.072,0.037476299444262354,-2.9959843122902453e-05,0.08999999999999986,-0.00033288714581002776,0.020451612903225808,-0.006451612903225816,0.0,-0.01467436707711288
28,2,1424706,0,190,18.4,0.04,3.08,24.118,0.03649558679306916,-2.7621790016109316e-05,0.08900000000000219,-0.0003103571911922319,0.019870967741935485,0.0,0.0,-0.01910002167117785
28,2,1424749,0,190,18.29,0.03,3.17,24.161,0.03577639751552748,-2.6179010704442173e-05,0.08699999999999974,-0.0003009081690165776,0.020451612903225808,0.006674082313681888,0.0,-0.01352707105094056
28,2,1424793,0,190,18.29,0.04,3.17,24.205,0.03531873161163734,-2.582882047732271e-05,0.08799999999999741,-0.00029350932360594853,0.020451612903225808,-0.006598240469208405,0.113636363636367,-0.011330202977800357
28,2,1424837,0,190,18.18,0.04,3.08,24.249,0.03477933965348108,-2.6303155645988508e-05,0.08800000000000097,-0.00029889949597713885,0.019870967741935485,-0.0065982404692081385,-0.11363636363636241,-0.006835269993164683
28,2,1424881,0,190,18.18,0.03,3.08,24.293,0.03471722785223884,-2.7079891575397142e-05,0.08800000000000097,-0.0003077260406295096,0.019870967741935485,0.0,0.0,-0.0019688549436832964
28,2,1424925,0,190,18.18,0.04,3.08,24.337,0.03460608041843695,-2.7643238509758472e-05,0.08699999999999974,-0.0003177383736753857,0.019870967741935485,0.0,0.0,-0.00916834815674852
28,2,1424968,0,190,18.07,0.03,3.08,24.38,0.03391958156260172,-2.764826199507375e-05,0.08699999999999974,-0.00031779611488590615,0.019870967741935485,-0.007415647015202133,-0.11494252873563254,-0.005598704407194804
28,2,1425012,0,190,17.96,0.03,2.98,24.424,0.034118993135011,-2.694944000784538e-05,0.08800000000000097,-0.00030624363645278505,0.0192258064516129,0.0,0.0,-0.0016345210853219328
28,2,1425056,0,190,17.96,0.03,3.08,24.468,0.03377574370709339,-2.5548923103400068e-05,0.09799999999999898,-0.0002607032969734728,0.019870967741935485,0.006583278472679494,0.0,0.0023683876950583794
28,2,1425110,0,190,17.96,0.03,3.08,24.522,0.03435109512912672,-2.3559883963688576e-05,0.09799999999999898,-0.0002404069792213145,0.019870967741935485,-0.006583278472679494,0.1020408163265317,0.003035539158455101
28,2,1425154,0,190,17.85,0.04,2.98,24.566,0.034073226544621985,-2.124410192539061e-05,0.08800000000000097,-0.0002414102491521634,0.0192258064516129,-0.007331378299120188,0.11363636363636241,0.0005943713037534301
28,2,1425198,0,190,17.73,0.04,2.98,24.61,0.034403399803857024,-1.9072950763474596e-05,0.08699999999999974,-0.0002192293191203983,0.0192258064516129,0.0,0.0,-0.0018411846708224927
28,2,1425241,0,190,17.62,0.04,2.98,24.653,0.03391304347826043,-1.768123951795797e-05,0.08699999999999974,-0.00020323263813744853,0.0192258064516129,0.0,-0.11494252873563254,-0.003907820525827284
28,2,1425285,0,190,17.62,0.03,2.98,24.697,0.03406341941811005,-1.76496733417002e-05,0.08800000000000097,-0.00020056446979204552,0.0192258064516129,0.0,-0.11363636363636241,0.00471782222354295
28,2,1425329,0,190,17.62,0.03,2.98,24.741,0.03432821183393221,-1.9211229813430374e-05,0.08800000000000097,-0.00021830942969807004,0.0192258064516129,0.0,0.0,-0.008915569556301609
28,2,1425373,0,190,17.51,0.03,2.98,24.785,0.0332788492971555,-2.206802538388386e-05,0.08800000000000097,-0.0002507730157259502,0.0192258064516129,0.0,0.11363636363636241,-0.00594371303753438
28,2,1425417,0,190,17.4,0.04,2.98,24.829,0.03380516508662918,-2.5456682227767756e-05,0.08800000000000097,-0.00028928047986099403,0.0192258064516129,0.0,0.0,0.0033804867900976534
28,2,1425461,0,190,17.4,0.03,2.98,24.873,0.0335763321346841,-2.8459928600666372e-05,0.08999999999999986,-0.00031622142889629353,0.0192258064516129,-0.007168458781362013,0.0,-0.007264538156986614
28,2,1425507,0,190,17.4,0.04,2.88,24.919,0.03315135665250039,-3.0409964710768734e-05,0.08999999999999986,-0.0003378884967863198,0.01858064516129032,-0.007168458781362013,0.0,-0.01162326105117849
28,2,1425551,0,190,17.29,0.03,2.88,24.963,0.032530238640078035,-3.115057340358662e-05,0.08699999999999974,-0.00035805256785731855,0.01858064516129032,0.0,-0.11494252873563254,-0.01653308684003849
28,2,1425594,0,190,17.18,0.03,2.88,25.006,0.03171297809741704,-3.0995834158813465e-05,0.08699999999999974,-0.0003562739558484317,0.01858064516129032,0.0,0.0,-0.010671356051297525
28,2,1425638,0,190,17.18,0.03,2.88,25.05,0.03160183066361515,-3.042362081473904e-05,0.08800000000000097,-0.0003457229638038489,0.01858064516129032,0.0,0.0,-0.00048292668429964224
28,2,1425682,0,190,17.18,0.03,2.88,25.094,0.031670480549198674,-2.9725900516178073e-05,0.08699999999999974,-0.00034167701742733516,0.01858064516129032,0.0,0.0,0.004020546117918394
28,2,1425725,0,190,17.07,0.03,2.88,25.137,0.03195161817587405,-2.8860981432179854e-05,0.08699999999999974,-0.00033173541876068893,0.01858064516129032,0.0,0.0,-0.0010896807235480303
28,2,1425769,0,190,16.96,0.03,2.88,25.181,0.031575678326249995,-2.7604107837274848e-05,0.08800000000000097,-0.00031368304360539256,0.01858064516129032,-0.007331378299120149,0.11363636363636241,-0.009658533685993398
28,2,1425813,0,190,16.96,0.04,2.78,25.225,0.031101667211506624,-2.587839655019053e-05,0.08699999999999974,-0.00029745283391023684,0.01793548387096774,-0.007415647015202093,0.0,-0.012024063156391557
28,2,1425856,0,190,16.96,0.03,2.78,25.268,0.030529584831643933,-2.400880177263476e-05,0.08899999999999864,-0.0002697618176700576,0.01793548387096774,0.0,-0.1123595505617995,-0.003820004334235707
28,2,1425902,0,190,16.85,0.03,2.78,25.314,0.03076168682575965,-2.2681535759509597e-05,0.08999999999999986,-0.00025201706399455146,0.01793548387096774,0.0,0.0,-0.0017798118484617404
28,2,1425946,0,190,16.85,0.03,2.78,25.358,0.030369401765282376,-2.2594583428987126e-05,0.08800000000000097,-0.00025675662987485086,0.01793548387096774,0.0,0.0,0.0005943713037534301
28,2,1425990,0,190,16.74,0.03,2.78,25.402,0.030813991500489954,-2.4001276225078526e-05,0.08699999999999974,-0.0002758767382192942,0.01793548387096774,0.0,0.0,0.0034193429600988235
28,2,1426033,0,190,16.74,0.03,2.78,25.445,0.030666884602810973,-2.6425390216799904e-05,0.08699999999999974,-0.00030374011743448254,0.01793548387096774,0.0,0.0,-0.0037575197363723914
28,2,1426077,0,190,16.63,0.03,2.78,25.489,0.030487087283425557,-2.8736406019700846e-05,0.08800000000000097,-0.00032655006840568785,0.01793548387096774,0.0,0.0,-0.0044577847781508044
28,2,1426121,0,190,16.63,0.03,2.78,25.533,0.030274599542333698,-2.958906008907469e-05,0.08699999999999974,-0.0003401041389548825,0.01793548387096774,-0.007415647015202093,0.0,-0.005260527630921316
28,2,1426164,0,190,16.63,0.03,2.68,25.576,0.030029421379535404,-2.803793153498413e-05,0.08699999999999974,-0.00032227507511476105,0.01729032258064516,-0.007415647015202093,0.0,-0.006012031578195779
28,2,1426208,0,190,16.52,0.03,2.68,25.62,0.029751552795030667,-2.402505180085024e-05,0.08800000000000097,-0.00027301195228238606,0.01729032258064516,0.0,0.0,-0.006686677167226247
28,2,1426252,0,190,16.41,0.03,2.68,25.664,0.029440993788819488,-1.8488444532754665e-05,0.08999999999999986,-0.00020542716147505216,0.01729032258064516,0.0,0.0,0.0027605244996549315
28,2,1426298,0,190,16.41,0.03,2.68,25.71,0.02999999999999961,-1.3040613790658906e-05,0.08899999999999864,-0.00014652375045684388,0.01729032258064516,0.0,0.0,0.006280968664945296
28,2,1426341,0,190,16.41,0.03,2.68,25.753,0.02999999999999961,-9.38165830517157e-06,0.08699999999999974,-0.00010783515293300688,0.01729032258064516,0.0,0.0,0.0
28,2,1426385,0,190,16.3,0.03,2.68,25.797,0.02999999999999961,-8.70495606274746e-06,0.08800000000000097,-9.891995525849278e-05,0.01729032258064516,0.0,0.0,0.0
28,2,1426429,0,190,16.3,0.03,2.68,25.841,0.02999999999999961,-1.1311269209760777e-05,0.08699999999999974,-0.00013001458861794035,0.01729032258064516,0.0,0.0,0.0
28,2,1426472,0,190,16.19,0.03,2.68,25.884,0.02999999999999961,-1.6544020988042975e-05,0.08699999999999974,-0.00019016116078210372,0.01729032258064516,0.0,0.0,0.0
28,2,1426516,0,190,16.19,0.03,2.68,25.928,0.02999999999999961,-2.3050568015086536e-05,0.08899999999999864,-0.00025899514623693135,0.01729032258064516,0.0,0.0,0.0
28,2,1426561,0,190,16.19,0.03,2.68,25.973,0.02999999999999961,-2.9270064941042672e-05,0.08899999999999864,-0.0003288771341690238,0.01729032258064516,-0.007249003262051574,0.0,-0.006280968664945296
28,2,1426605,0,190,16.19,0.03,2.58,26.017,0.029440993788819488,-3.395432260116893e-05,0.08699999999999974,-0.00039027957012837967,0.01664516129032258,-0.007415647015202093,0.0,-0.002855714999643037
28,2,1426648,0,190,16.08,0.03,2.58,26.06,0.029751552795030667,-3.6494000066959574e-05,0.08900000000000219,-0.0004100449445725694,0.01664516129032258,0.0,0.0,0.006611545963100019
28,2,1426694,0,190,15.97,0.03,2.58,26.106,0.030029421379535404,-3.691452552032937e-05,0.08999999999999986,-0.00041016139467032694,0.01664516129032258,0.0,0.0,0.005811630525589245
28,2,1426738,0,190,15.86,0.03,2.58,26.15,0.030274599542333698,-3.560299912025977e-05,0.08799999999999741,-0.00040457953545750924,0.01664516129032258,0.0,0.0,0.0052007489078428025
28,2,1426782,0,190,15.86,0.03,2.58,26.194,0.030487087283425557,-3.29864449296311e-05,0.08699999999999974,-0.00037915453942104823,0.01664516129032258,0.0,0.0,0.0045090236836468536
28,2,1426825,0,190,15.86,0.03,2.58,26.237,0.030666884602810973,-2.9369704477901327e-05,0.08699999999999974,-0.0003375828100908208,0.01664516129032258,-0.007415647015202093,0.0,0.0037575197363723914
28,2,1426869,0,190,15.75,0.03,2.48,26.281,0.030813991500489954,-2.4978063363885194e-05,0.08800000000000097,-0.0002838416291350559,0.016,-0.007331378299120149,0.0,0.0029718565187672294
28,2,1426913,0,190,15.75,0.03,2.48,26.325,0.030928407976462492,-2.0091609809748777e-05,0.08699999999999974,-0.0002309380437902165,0.016,0.007415647015202093,0.0,0.0022545118418234667
28,2,1426956,0,190,15.64,0.03,2.58,26.368,0.031010134030728595,-1.514088285707249e-05,0.08699999999999974,-0.00017403313628819005,0.01664516129032258,0.0,0.0,0.0015030078945490045
28,2,1427000,0,190,15.64,0.03,2.48,26.412,0.031059169663288255,-1.0726487358121428e-05,0.08800000000000097,-0.00012189190179683307,0.016,-0.007331378299120149,0.11363636363636241,0.0007429641296917876
28,2,1427044,0,190,15.53,0.04,2.48,26.456,0.031075514874141473,-7.5802846752646144e-06,0.08999999999999986,-8.422538528071807e-05,0.016,0.0,0.0,0.0
28,2,1427090,0,190,15.53,0.03,2.48,26.502,0.031059169663288255,-6.4516896324318115e-06,0.08900000000000219,-7.249089474642306e-05,0.016,0.0,-0.11235955056179502,-0.000734616218122207
28,2,1427133,0,190,15.53,0.03,2.48,26.545,0.031010134030728595,-7.887243905823738e-06,0.08699999999999974,-9.065797592900875e-05,0.016,0.0,0.0,-0.0015030078945490045
28,2,1427177,0,190,15.42,0.03,2.48,26.589,0.030928407976462492,-1.1945021935932942e-05,0.08799999999999741,-0.0001357388856356056,0.016,0.0,0.0,-0.008581235697940672
28,2,1427221,0,190,15.42,0.03,2.48,26.633,0.030254985289309838,-1.797450816279733e-05,0.08699999999999974,-0.00020660354210111937,0.016,0.0,0.0,-0.005861730788740886
28,2,1427264,0,190,15.42,0.03,2.48,26.676,0.030418437397842037,-2.460841561680871e-05,0.08699999999999974,-0.0002828553519173423,0.016,0.0,0.0,0.0030060157890978495
28,2,1427308,0,190,15.31,0.03,2.48,26.72,0.03051650866296135,-3.0046892304829597e-05,0.08800000000000097,-0.00034144195800942347,0.016,0.0,0.0,0.0014859282593835752
28,2,1427352,0,190,15.2,0.03,2.48,26.764,0.030549199084667793,-3.259528076709861e-05,0.08800000000000097,-0.0003704009178079347,0.016,-0.007331378299120169,0.0,0.0
28,2,1427396,0,190,15.2,0.03,2.38,26.808,0.03051650866296135,-3.1278504348842604e-05,0.08699999999999974,-0.0003595230384924448,0.015354838709677418,-0.007415647015202113,0.0,-0.0015030078945489247
28,2,1427439,0,190,15.2,0.03,2.38,26.851,0.030418437397842037,-2.626818318559643e-05,0.08899999999999864,-0.0002951481256808633,0.015354838709677418,0.0,0.0,-0.0029384648724889452
28,2,1427485,0,190,15.09,0.03,2.38,26.897,0.030254985289309838,-1.8908550161532033e-05,0.08999999999999986,-0.0002100950017948007,0.015354838709677418,0.0,0.0,0.005666339762449515
28,2,1427529,0,190,15.09,0.03,2.38,26.941,0.030928407976462492,-1.1313159594532607e-05,0.08800000000000097,-0.00012855863175605093,0.015354838709677418,0.0,0.0,0.008581235697940325
28,2,1427573,0,190,14.98,0.03,2.38,26.985,0.031010134030728595,-5.700831284030539e-06,0.08699999999999974,-6.55267963681673e-05,0.015354838709677418,0.0,0.0,0.0015030078945490045
28,2,1427616,0,190,14.98,0.03,2.38,27.028,0.031059169663288255,-3.7190844507595245e-06,0.08699999999999974,-4.2748097135167075e-05,0.015354838709677418,0.0,0.11494252873563254,0.0007515039472744624
28,2,1427660,0,190,14.98,0.04,2.38,27.072,0.031075514874141473,-5.960278657445528e-06,0.08800000000000097,-6.773043928915298e-05,0.015354838709677418,0.0,0.0,0.0
28,2,1427704,0,190,14.87,0.03,2.38,27.116,0.031059169663288255,-1.1787007845828424e-05,0.08800000000000097,-0.00013394327097532153,0.015354838709677418,0.0,-0.11363636363636241,-0.007095307438556749
28,2,1427748,0,190,14.87,0.03,2.38,27.16,0.030451127819548472,-1.9504009400547416e-05,0.08800000000000097,-0.00022163647046076365,0.015354838709677418,0.0,0.0,-0.004309191952212526
28,2,1427792,0,190,14.87,0.03,2.38,27.204,0.03067996077149355,-2.6844396439649198e-05,0.08699999999999974,-0.00030855628091550893,0.015354838709677418,0.0,0.0,0.0045090236836468536
28,2,1427835,0,190,14.76,0.03,2.38,27.247,0.030843412880025747,-3.165675894430287e-05,0.08899999999999864,-0.0003556939207225096,0.015354838709677418,-0.007249003262051574,0.0,0.0029384648724890233
28,2,1427881,0,190,14.76,0.03,2.28,27.293,0.030941484145145068,-3.258747718459354e-05,0.09100000000000108,-0.00035810414488563906,0.014709677419354838,-0.007089684509039258,0.0,0.0014369416134699061
28,2,1427926,0,190,14.65,0.03,2.28,27.338,0.03097417456685151,-2.950530511351257e-05,0.08900000000000219,-0.00033152028217429036,0.014709677419354838,0.0,0.0,0.0
28,2,1427970,0,190,14.65,0.03,2.28,27.382,0.030941484145145068,-2.349131289308115e-05,0.08699999999999974,-0.00027001509072507147,0.014709677419354838,0.0,0.0,-0.0015030078945490045
28,2,1428013,0,190,14.54,0.03,2.28,27.425,0.030843412880025747,-1.641179765814238e-05,0.08699999999999974,-0.0001886413523924417,0.014709677419354838,0.0,0.0,-0.0030060157890979293
28,2,1428057,0,190,14.54,0.03,2.28,27.469,0.03067996077149355,-1.0278915270517163e-05,0.08800000000000097,-0.00011680585534678467,0.014709677419354838,0.0,0.0,-0.0044577847781508044
28,2,1428101,0,190,14.43,0.03,2.28,27.513,0.030451127819548472,-6.658939663098718e-06,0.08699999999999974,-7.653953635745675e-05,0.014709677419354838,0.0,0.0,0.004358722894192041
28,2,1428144,0,190,14.43,0.03,2.28,27.556,0.031059169663288255,-6.3101002830516786e-06,0.08699999999999974,-7.252988831093904e-05,0.014709677419354838,0.0,0.11494252873563254,0.007176862696471295
28,2,1428188,0,190,14.43,0.04,2.28,27.6,0.031075514874141473,-9.105215039619363e-06,0.08799999999999741,-0.00010346835272295034,0.014709677419354838,0.0,0.0,-0.006352343308865218
28,2,1428232,0,190,14.32,0.03,2.28,27.644,0.030500163452108132,-1.4185790052368752e-05,0.08999999999999986,-0.00015761988947076417,0.014709677419354838,-0.007168458781361994,-0.11111111111111131,-0.0034869783153535774
28,2,1428278,0,190,14.32,0.03,2.18,27.69,0.03076168682575965,-2.0234200097145826e-05,0.09000000000000341,-0.00022482444552383399,0.01406451612903226,0.0,0.0,0.005085176709890398
28,2,1428322,0,190,14.21,0.03,2.28,27.734,0.030957829355998286,-2.576315074908564e-05,0.08699999999999974,-0.0002961281695297209,0.014709677419354838,0.007415647015202073,0.0,0.0037575197363723914
28,2,1428365,0,190,14.32,0.03,2.28,27.777,0.03108859104282405,-2.9394951363325816e-05,0.08699999999999974,-0.0003378730041761598,0.014709677419354838,-0.007415647015202073,0.0,0.0022545118418234667
28,2,1428409,0,190,14.21,0.03,2.18,27.821,0.031153971886236927,-3.0147864457692462e-05,0.08799999999999741,-0.0003425893688374244,0.01406451612903226,-0.007331378299120426,0.0,0.0007429641296918177
28,2,1428453,0,190,14.1,0.03,2.18,27.865,0.031153971886236927,-2.769408751543123e-05,0.08699999999999974,-0.0003183228450049576,0.01406451612903226,0.0,0.0,-0.0007515039472744624
28,2,1428496,0,190,14.1,0.03,2.18,27.908,0.03108859104282405,-2.2483507306529038e-05,0.0870000000000033,-0.00025843111846584124,0.01406451612903226,0.0,0.0,-0.0022545118418233747
28,2,1428540,0,190,14.1,0.03,2.18,27.952,0.030957829355998286,-1.56617658727618e-05,0.08799999999999741,-0.00017797461219048024,0.01406451612903226,0.0,0.0,-0.003714820648459167
28,2,1428584,0,190,13.99,0.03,2.18,27.996,0.03076168682575965,-8.817192162005938e-06,0.08699999999999974,-0.00010134703634489613,0.01406451612903226,0.0,0.0,-0.005260527630921316
28,2,1428627,0,190,13.99,0.03,2.18,28.039,0.030500163452108132,-3.6364277206084596e-06,0.08900000000000219,-4.085873843380191e-05,0.01406451612903226,-0.007249003262051305,0.11235955056179502,0.0035261578469866716
28,2,1428673,0,190,13.99,0.04,2.08,28.085,0.031075514874141473,-1.5093626859807862e-06,0.08999999999999986,-1.677069651089765e-05,0.013419354838709678,0.0,0.0,0.006211180124223596
28,2,1428717,0,190,13.88,0.03,2.18,28.129,0.031059169663288255,-3.109092705428029e-06,0.08799999999999741,-3.533059892531955e-05,0.01406451612903226,0.007331378299120465,-0.113636363636367,-0.0007429641296918177
28,2,1428761,0,190,13.88,0.03,2.18,28.173,0.031010134030728595,-8.05381749492895e-06,0.08699999999999974,-9.257261488424107e-05,0.01406451612903226,0.0,0.0,-0.0015030078945490045
28,2,1428804,0,190,13.77,0.03,2.18,28.216,0.030928407976462492,-1.4849988583200525e-05,0.0870000000000033,-0.00017068952394482716,0.01406451612903226,0.0,0.0,-0.0022545118418233747
28,2,1428848,0,190,13.77,0.03,2.18,28.26,0.030813991500489954,-2.1271040029817724e-05,0.08799999999999741,-0.0002417163639752085,0.01406451612903226,0.0,0.0,-0.0029718565187673495
28,2,1428892,0,190,13.77,0.03,2.18,28.304,0.030666884602810973,-2.5121632591162957e-05,0.08799999999999741,-0.00028547309762686016,0.01406451612903226,-0.007331378299120465,0.0,-0.003714820648459167
28,2,1428936,0,190,13.66,0.03,2.08,28.348,0.030487087283425557,-2.5106936159664085e-05,0.08699999999999974,-0.00028858547309958805,0.013419354838709678,-0.007415647015202113,0.0,-0.005103394987395572
28,2,1428979,0,190,13.66,0.03,2.08,28.391,0.03022288923890756,-2.1424852199054546e-05,0.08900000000000219,-0.00024072867639386537,0.013419354838709678,0.0,0.0,-0.005750226998261709
28,2,1429025,0,190,13.66,0.03,2.08,28.437,0.029975317080580252,-1.5797822189346887e-05,0.09000000000000341,-0.0001755313576594032,0.013419354838709678,0.0,0.0,-0.00512553525520709
28,2,1429069,0,190,13.55,0.03,2.08,28.481,0.029761591065938904,-1.0911252853857079e-05,0.08799999999999741,-0.000123991509702925,0.013419354838709678,0.0,0.0,-0.004277109410248716
28,2,1429113,0,190,13.55,0.03,2.08,28.525,0.029598931452478376,-9.477802517387168e-06,0.08699999999999974,-0.00010894025882054248,0.013419354838709678,0.0,0.0,-0.002954397336153826
28,2,1429156,0,190,13.44,0.03,2.08,28.568,0.029504558497693522,-1.326707139978156e-05,0.08699999999999974,-0.00015249507356070803,0.013419354838709678,0.0,0.0,-0.001186655096542233
28,2,1429200,0,190,13.44,0.03,2.08,28.612,0.029495692459079202,-2.2417244789810996e-05,0.08799999999999741,-0.00025474141806604154,0.013419354838709678,0.0,0.0,0.0009658533685994023
28,2,1429244,0,190,13.44,0.03,2.08,28.656,0.029589553594130267,-3.524791774319658e-05,0.0870000000000033,-0.00040514847980684186,0.013419354838709678,0.0,0.0,0.003536433347843252
28,2,1429287,0,190,13.33,0.03,2.08,28.699,0.029803362160341577,-4.866623125630864e-05,0.08699999999999974,-0.0005593819684633194,0.013419354838709678,0.0,0.0,0.006491779552617552
28,2,1429331,0,190,13.33,0.03,2.08,28.743,0.030154338415207992,-5.9095589702487405e-05,0.08899999999999864,-0.000663995389915599,0.013419354838709678,-0.0072490032620515935,0.0,0.00962180287508768
28,2,1429376,0,190,13.33,0.03,1.98,28.788,0.030659702616224367,0.0,0.0,0.0,0.012774193548387096,0.0,0.0,0.0
