MS,MPT,t (ms),PWMi,PWMe,Pressure (Psi),LW raw(V),Displacement (mm),t_rel(s),LW (V),delta d (m),delta t (s),vel (m/s),strain,strain rate (1/s),dv/dt raw,dv/dt
2,2,31981,74,249,38.55,0.07,8.63,0.0,0.06596932053453794,0.0,0.0,0.0,0.0,0.0,0.0,0.0
2,2,32001,74,249,37.89,0.06,8.33,0.02,0.06210427253905516,-0.0005083094382952389,0.039,-0.013033575340903563,0.05374193548387097,-0.08105872622001659,-0.25641025641025667,-0.18784038234839157
2,2,32020,74,249,37.01,0.06,8.14,0.039,0.05864354562295067,-0.0004963336647130712,0.038000000000000006,-0.013061412229291346,0.052516129032258066,-0.08319185059422754,-0.2631578947368419,-0.17159777607808438
2,2,32039,74,249,36.13,0.05,7.84,0.058,0.05558355704808795,-0.0004744272936642364,0.039,-0.012164802401647088,0.05058064516129032,-0.08271298593879242,-0.2564102564102563,-0.14673901401590211
2,2,32059,74,249,35.47,0.05,7.64,0.078,0.052920724076330486,-0.00044289589491961135,0.039,-0.011356304997938752,0.04929032258064516,-0.06617038875103387,0.0,-0.12646392509092758
2,2,32078,74,249,34.69,0.05,7.44,0.097,0.050651463969541774,-0.0004024103418544094,0.03900000000000001,-0.010318213893702802,0.048,-0.06617038875103386,0.0,-0.10637256632679959
2,2,32098,45,228,34.03,0.05,7.24,0.117,0.0487721939895853,-0.0003540035141357185,0.03900000000000001,-0.00907701318296714,0.04670967741935484,-0.06617038875103386,0.0,-0.08646493772351878
2,2,32117,45,228,33.59,0.05,7.04,0.136,0.04727933139832454,-0.00029905420885487197,0.041999999999999996,-0.007120338306068381,0.04541935483870968,-0.04454685099846397,0.0,-0.061973822189579045
2,2,32140,45,228,33.37,0.05,6.95,0.159,0.04616929345762298,-0.0002392575871484821,0.04199999999999998,-0.005696609217821005,0.044838709677419354,-0.029185867895545482,-0.23809523809523825,-0.04382938021381946
2,2,32159,45,228,33.26,0.04,6.85,0.178,0.045438497429344124,-0.00017658148638899097,0.038000000000000006,-0.0046468812207629195,0.04419354838709677,-0.033955857385398955,0.0,-0.02857718111242497
2,2,32178,45,228,33.15,0.05,6.75,0.197,0.04508336057535083,-0.00011320797934150839,0.038000000000000006,-0.0029791573510923254,0.043548387096774194,-0.03395585738539877,0.2631578947368421,0.0079458058501617
2,2,32197,45,228,32.93,0.05,6.65,0.216,0.04574043805165027,-5.1459583210831106e-05,0.03899999999999998,-0.0013194764925854136,0.04290322580645162,-0.016542597187758388,0.0,0.03445067518294018
2,2,32217,210,27,32.82,0.05,6.65,0.236,0.0464269369074855,6.29031391206869e-06,0.03900000000000001,0.00016129010030945358,0.04290322580645162,-0.016542597187758554,-0.2564102564102564,0.05029295647144552
2,2,32236,210,27,32.82,0.04,6.55,0.255,0.047701863354036644,5.7722562283109905e-05,0.039000000000000035,0.0014800656995669194,0.04225806451612903,-0.01654259718775854,-0.2564102564102562,0.057333970377447904
2,2,32256,210,27,33.04,0.04,6.55,0.275,0.04866296175220597,0.00010069122444550782,0.03899999999999998,0.0025818262678335355,0.04225806451612903,0.0,0.2564102564102566,0.054735500959756635
2,2,32275,210,27,33.04,0.05,6.55,0.294,0.04983654789146715,0.00013335257831920445,0.03799999999999998,0.0035092783768211717,0.04225806451612903,0.0,0.2631578947368423,0.06649919994494169
2,2,32294,210,27,34.58,0.05,6.55,0.313,0.05118993135011375,0.00015429752873380754,0.039000000000000035,0.003956346890610446,0.04225806451612903,0.01654259718775854,0.0,0.07317625166595308
2,2,32314,210,27,36.46,0.05,6.65,0.333,0.052690421706439325,0.0001626776993928889,0.04099999999999998,0.003967748765680219,0.04290322580645162,0.09284028324154209,0.24390243902439024,0.07598529728350471
2,2,32335,61,238,38.66,0.06,7.14,0.354,0.054305328538737443,0.00015831281551904032,0.04099999999999998,0.003861288183391229,0.04606451612903226,0.10857592446892202,0.24390243902439024,0.08076926143566669
2,2,32355,61,238,38.88,0.06,7.34,0.374,0.05600196142530166,0.00014176620622815596,0.038000000000000034,0.003730689637583048,0.04735483870967742,0.016977928692699554,0.0,0.06684330964711445
2,2,32373,61,238,38.66,0.06,7.24,0.392,0.056845374305327795,0.00011437775827013663,0.03799999999999998,0.0030099410071088603,0.04670967741935484,0.0,0.0,0.058670704220504744
2,2,32393,61,238,38.66,0.06,7.34,0.412,0.05823144818568084,7.824910149829112e-05,0.03899999999999998,0.0020063872179049017,0.04735483870967742,0.016542597187758388,0.0,0.06982338790119039
2,2,32412,61,238,38.55,0.06,7.34,0.431,0.05956848643347422,3.618160140252069e-05,0.039000000000000035,0.0009277333692954015,0.04735483870967742,0.0,0.0,0.06647052413642696
2,2,32432,61,238,38.44,0.06,7.34,0.451,0.06082379862700149,-8.428752167386477e-06,0.03899999999999998,-0.00021612185044580723,0.04735483870967742,0.0,0.0,0.03830646851241769
2,2,32451,39,234,38.33,0.06,7.34,0.47,0.06106243870545851,-5.173457202900078e-05,0.03899999999999998,-0.0013265274879230976,0.04735483870967742,0.0,0.0,0.013159990276694821
2,2,32471,39,234,38.33,0.06,7.34,0.49,0.06133703824779259,-8.961371868783541e-05,0.039000000000000035,-0.0022977876586624444,0.04735483870967742,0.0,0.0,-0.00016764318823841553
2,2,32490,39,234,38.22,0.06,7.34,0.509,0.06105590062111721,-0.00011787483645268005,0.041000000000000036,-0.002874996011040974,0.04735483870967742,0.0,0.0,-0.006059687926071448
2,2,32512,39,234,38.22,0.06,7.34,0.531,0.06108859104282366,-0.00013248674063286446,0.041000000000000036,-0.00323138391787474,0.04735483870967742,0.0,0.0,-0.012757237739098141
2,2,32531,39,234,38.11,0.06,7.34,0.55,0.060532853873814185,-0.0001298252342993136,0.03799999999999992,-0.00341645353419247,0.04735483870967742,0.0,0.0,-0.03570138160045398
2,2,32550,39,234,38.0,0.06,7.34,0.569,0.05973193854200641,-0.00010692868370579057,0.03799999999999992,-0.0028139127290997576,0.04735483870967742,0.0,0.0,-0.06899399528569648
2,2,32569,65,223,38.0,0.06,7.34,0.588,0.057911082052957724,-6.175076293940673e-05,0.038000000000000034,-0.0016250200773528071,0.04735483870967742,0.0,0.0,-0.10632989797147198
2,2,32588,65,223,38.0,0.06,7.34,0.607,0.05569140241909047,6.604450043728782e-06,0.039000000000000035,0.00016934487291612248,0.04735483870967742,0.0,0.0,-0.10980628829598924
2,2,32608,65,223,37.89,0.06,7.34,0.627,0.05362863680941414,9.768291765118775e-05,0.039000000000000035,0.0025046901961842992,0.04735483870967742,0.0,0.0,-0.11785316133142038
2,2,32627,65,223,37.89,0.06,7.34,0.646,0.05109512912716507,0.00020953689762598149,0.039000000000000035,0.005372740964768751,0.04735483870967742,0.0,0.0,-0.08650388513088612
2,2,32647,65,223,37.78,0.06,7.34,0.666,0.05025498528930958,0.0003386583718351801,0.039000000000000035,0.00868354799577384,0.04735483870967742,0.0,-0.25641025641025605,0.007879229847193253
2,2,32666,65,223,37.78,0.05,7.34,0.685,0.05140241909120561,0.00048001020745068066,0.040999999999999925,0.011707566035382477,0.04735483870967742,0.0,0.0,0.11003117549972363
2,2,32688,244,45,37.67,0.06,7.34,0.707,0.05476626348479824,0.0006271723021574181,0.040999999999999925,0.015296885418473639,0.04735483870967742,-0.01573564122737995,0.0,0.2221354021320508
2,2,32707,244,45,37.67,0.05,7.24,0.726,0.060509970578619676,0.0007726135408964723,0.039000000000000035,0.01981060361273004,0.04670967741935484,-0.016542597187758364,-0.25641025641025605,0.3580858500766919
2,2,32727,244,45,37.67,0.05,7.24,0.746,0.06873161163778924,0.0009080902124806407,0.039000000000000035,0.02328436442258051,0.04670967741935484,0.016542597187758364,0.25641025641025605,0.5146645878911255
2,2,32746,244,45,40.31,0.06,7.34,0.765,0.08058188950637359,0.0010251572300701106,0.038000000000000034,0.026977821843950256,0.04735483870967742,0.15280135823429528,0.7894736842105256,0.7019837924330173
2,2,32765,244,45,43.72,0.08,8.14,0.784,0.09540699575024392,0.0011157609191787615,0.039000000000000035,0.028609254337916935,0.052516129032258066,0.2795698924731179,1.0256410256410249,0.8484421756732852
2,2,32785,244,45,47.58,0.1,9.03,0.804,0.11367113435763174,0.0011728644952749168,0.038999999999999924,0.0300734485967928,0.05825806451612903,0.3275434243176183,1.0256410256410275,0.9777788953990222
2,2,32804,236,61,51.43,0.12,10.12,0.823,0.1335403726708057,0.0011910449501515857,0.038999999999999924,0.030539614106450976,0.06529032258064515,0.3440860215053771,1.5384615384615414,1.0513742550355705
2,2,32824,236,61,54.63,0.16,11.11,0.843,0.1546747303040189,0.0011669976466600254,0.039000000000000035,0.029923016581026265,0.0716774193548387,0.3126550868486352,1.538461538461537,1.086076395000865
2,2,32843,236,61,57.27,0.18,12.01,0.862,0.17589735207583948,0.0010998935846759147,0.039000000000000035,0.02820239960707471,0.07748387096774194,0.27956989247311814,1.0256410256410249,1.0621034190828096
2,2,32863,236,61,59.58,0.2,12.8,0.882,0.19609676364824852,0.0009915510285711485,0.041000000000000036,0.024184171428564577,0.08258064516129032,0.2486231313926039,0.9756097560975603,0.8992257951346959
2,2,32884,236,61,61.68,0.22,13.59,0.903,0.21276560967636204,0.0008464032678796638,0.041000000000000036,0.020643982143406417,0.0876774193548387,0.20298977183320216,0.9756097560975596,0.7591353782122219
2,2,32904,236,61,63.33,0.24,14.09,0.923,0.22722131415494964,0.0006712640368287079,0.038999999999999924,0.017211898380223314,0.09090322580645162,0.16542597187758518,1.0256410256410278,0.6084609517103728
2,2,32923,21,255,64.76,0.26,14.59,0.942,0.23649558679306654,0.00047490980549180686,0.038999999999999924,0.012177174499789943,0.09412903225806452,0.11414392059553338,0.5128205128205143,0.3272395034408735
2,2,32943,21,255,64.32,0.26,14.78,0.962,0.23998365478914369,0.0002675132377773917,0.038000000000000034,0.007039822046773459,0.09535483870967741,0.03225806451612881,0.0,0.06288604807212474
2,2,32961,21,255,63.33,0.26,14.78,0.98,0.23888525661980728,5.997419829001771e-05,0.03700000000000003,0.0016209242781085854,0.09535483870967741,-0.0505666957279857,-0.5405405405405406,-0.16424728095208527
2,2,32980,21,255,61.24,0.24,14.49,0.999,0.23390650539391653,-0.00013679696585158752,0.038999999999999924,-0.0035076145090150715,0.09348387096774194,-0.09760132340777497,-0.7692307692307707,-0.36286368094148014
2,2,33000,21,255,58.48,0.23,14.19,1.019,0.22473357306308958,-0.0003125855672115918,0.039000000000000035,-0.008015014543886962,0.0915483870967742,-0.1654259718775847,-0.7692307692307685,-0.5611855726272111
2,2,33019,21,255,55.95,0.21,13.49,1.038,0.21202026806145527,-0.0004585118811018845,0.039000000000000146,-0.011756714900048275,0.08703225806451613,-0.2133995037220837,-1.025641025641022,-0.6923663674235632
2,2,33039,3,223,53.53,0.19,12.9,1.058,0.19773128473357052,-0.0005675551715217395,0.040999999999999925,-0.013842809061505866,0.0832258064516129,-0.1872541306058224,-0.9756097560975623,-0.7480525279263832
2,2,33060,3,223,51.76,0.17,12.3,1.079,0.1813501144164736,-0.0006349269508574391,0.040999999999999925,-0.015486023191644884,0.07935483870967742,-0.15578284815106216,-0.731707317073172,-0.8134333713392619
2,2,33080,3,223,50.44,0.16,11.91,1.099,0.16438051650866084,-0.0006582744294862479,0.039000000000000146,-0.016878831525288344,0.07683870967741936,-0.11414392059553345,-0.7692307692307663,-0.8610992363852633
2,2,33099,3,223,49.34,0.14,11.61,1.118,0.14776724419744822,-0.0006377122900775518,0.038999999999999924,-0.01635159718147572,0.0749032258064516,-0.09925558312655118,-0.7692307692307707,-0.7819716515368604
2,2,33119,3,223,48.35,0.13,11.31,1.138,0.13388362209872334,-0.0005756955410912514,0.038999999999999924,-0.014761424130544938,0.07296774193548387,-0.09925558312655082,-0.25641025641025716,-0.5899363794100568
2,2,33138,3,223,47.47,0.13,11.01,1.157,0.12475972540045605,-0.00047675603120968013,0.039000000000000146,-0.012224513620760984,0.07103225806451613,-0.09760132340777478,-0.25641025641025567,-0.3623607513767639
2,2,33158,238,69,46.59,0.12,10.72,1.177,0.1197515527950295,-0.0003471302732772674,0.038999999999999924,-0.008900776237878669,0.06916129032258064,-0.06451612903225816,-0.5128205128205139,-0.15431555477321943
2,2,33177,238,69,46.59,0.11,10.62,1.196,0.1187414187643005,-0.0001943083747691645,0.038999999999999924,-0.004982266019722177,0.06851612903225807,-0.01654259718775841,-0.2564102564102568,0.037216787788869284
2,2,33197,238,69,46.59,0.11,10.62,1.216,0.1212030075187954,-2.653505160615488e-05,0.038000000000000034,-0.0006982908317409172,0.06851612903225807,-0.016977928692699738,0.0,0.23390857005212934
2,2,33215,238,69,47.25,0.11,10.52,1.234,0.12762994442628142,0.00014770528902830016,0.040999999999999925,0.0036025680250804984,0.06787096774193548,0.01573564122737995,0.24390243902439057,0.3713950836795023
2,2,33238,238,69,49.56,0.12,10.72,1.257,0.13643020594965496,0.00032018670774738747,0.04200000000000004,0.007623493041604457,0.06916129032258064,0.12135176651305699,0.714285714285714,0.4826507261943613
2,2,33257,238,69,52.2,0.14,11.31,1.276,0.14790127492644461,0.0004833904326141081,0.038000000000000034,0.012720800858265992,0.07296774193548387,0.20203735144312399,1.0526315789473677,0.6555289826396572
2,2,33276,233,26,54.96,0.16,11.91,1.295,0.16134030728996196,0.0006308730149673956,0.038000000000000034,0.016601921446510397,0.07683870967741936,0.219015280135823,1.315789473684209,0.7617728531855849
2,2,33295,233,26,57.27,0.19,12.6,1.314,0.17684864334749686,0.0007575279501621424,0.038000000000000034,0.019934946056898464,0.08129032258064516,0.219015280135823,1.315789473684209,0.8331756163864918
2,2,33314,233,26,59.14,0.21,13.2,1.333,0.19300098071264868,0.0008597247533326229,0.038999999999999924,0.02204422444442627,0.08516129032258064,0.18031430934656775,0.7692307692307707,0.8432452368379045
2,2,33334,233,26,60.9,0.22,13.69,1.353,0.20973520758417508,0.0009353234127224112,0.039000000000000146,0.023982651608266865,0.08832258064516128,0.14722911497105007,0.5128205128205113,0.8929514421505109
2,2,33353,233,26,62.45,0.23,14.09,1.372,0.22782608695651874,0.0009835767929742313,0.038999999999999924,0.025219917768570084,0.09090322580645162,0.13234077750206835,0.7692307692307707,0.9074525779331178
2,2,33373,233,26,63.66,0.25,14.49,1.392,0.2451258581235666,0.001004945304670226,0.038999999999999924,0.02576782832487764,0.09348387096774194,0.11414392059553338,0.7692307692307707,0.8619374523264607
2,2,33392,242,26,64.76,0.26,14.78,1.411,0.26144164759725064,0.0010008547105490723,0.04100000000000015,0.024411090501196796,0.09535483870967741,0.10857592446892174,0.48780487804877914,0.7663910571763325
2,2,33414,242,26,66.08,0.27,15.18,1.433,0.27654789146779635,0.000973428905726271,0.040999999999999925,0.023742168432348117,0.09793548387096775,0.1258851298190406,0.7317073170731714,0.6746186781906967
2,2,33433,242,26,67.29,0.29,15.58,1.452,0.28910101340306915,0.0009252260266448858,0.038999999999999924,0.023723744272945834,0.10051612903225807,0.13068651778329216,0.76923076923077,0.6035992992514669
2,2,33453,242,26,68.39,0.3,15.97,1.472,0.3000882641386035,0.0008590002542171806,0.039000000000000146,0.022025647544030188,0.10303225806451613,0.09760132340777478,0.5128205128205113,0.5494505494505397
2,2,33472,242,26,69.49,0.31,16.17,1.491,0.3105295848316403,0.0007775050689828938,0.038000000000000034,0.020460659710076132,0.1043225806451613,0.10186757215619696,0.5263157894736842,0.5114330448546909
2,2,33491,242,26,70.38,0.32,16.57,1.51,0.3195227198430818,0.0006833475572413618,0.038999999999999924,0.01752173223695803,0.10690322580645162,0.11579818031430958,0.5128205128205143,0.4631981291020143
2,2,33511,225,0,71.37,0.33,16.87,1.53,0.3285943118666188,0.00057889784431352,0.038999999999999924,0.014843534469577466,0.10883870967741936,0.08271298593879241,0.5128205128205143,0.46344959388437174
2,2,33530,225,0,71.92,0.34,17.07,1.549,0.33759725400457224,0.00046625288796048634,0.038999999999999924,0.01195520225539711,0.11012903225806452,0.04797353184449939,0.25641025641025716,0.42757395160140693
2,2,33550,225,0,72.14,0.34,17.16,1.569,0.34526969597907364,0.00034724995287409397,0.038000000000000034,0.009138156654581411,0.11070967741935483,0.03225806451612918,0.26315789473684065,0.35288449957846085
2,2,33568,225,0,72.36,0.35,17.26,1.587,0.35100686498855377,0.00022352200744010987,0.04100000000000015,0.00545175627902705,0.11135483870967743,0.031471282454760066,0.24390243902438824,0.2423077843069991
2,2,33591,225,0,72.58,0.35,17.36,1.61,0.35520431513566064,9.658442173700976e-05,0.040999999999999925,0.002355717603341706,0.112,0.03147128245476024,0.0,0.14439598465941972
2,2,33609,225,0,72.69,0.35,17.46,1.628,0.35692710035958997,-3.206054691001725e-05,0.03799999999999981,-0.000843698602895195,0.11264516129032259,0.016977928692699838,0.26315789473684364,0.01823781421517188
2,2,33629,40,234,72.91,0.36,17.46,1.648,0.35589735207583717,-0.00016081721557842954,0.039000000000000146,-0.004123518348164845,0.11264516129032259,0.0,0.25641025641025567,-0.11919430683732343
2,2,33648,40,234,72.69,0.36,17.46,1.667,0.35227852239293433,-0.00028790415878034994,0.039000000000000146,-0.007382157917444843,0.11264516129032259,0.0,-0.25641025641025567,-0.24526198439241514
2,2,33668,40,234,71.81,0.35,17.46,1.687,0.34633213468453294,-0.00041129079866454176,0.038999999999999924,-0.01054591791447545,0.11264516129032259,-0.016542597187758766,-0.25641025641025716,-0.3785383190417491
2,2,33687,40,234,70.05,0.35,17.36,1.706,0.33751552795030615,-0.0005286740134672101,0.038999999999999924,-0.013555743935056696,0.112,-0.049627791563275944,-0.2564102564102557,-0.5148322310793653
2,2,33707,40,234,67.95,0.34,17.16,1.726,0.32625367767243774,-0.0006375006415213633,0.039000000000000146,-0.016346170295419512,0.11070967741935483,-0.09760132340777478,-0.7692307692307656,-0.6133226041692766
2,2,33726,40,234,65.97,0.32,16.77,1.745,0.31359594638770427,-0.0007350354428152173,0.038000000000000034,-0.019343037968821492,0.10819354838709677,-0.1341256366723254,-1.0526315789473684,-0.7258994167340449
2,2,33745,64,243,63.99,0.3,16.37,1.764,0.298669499836544,-0.000818467832539767,0.040999999999999925,-0.019962630061945572,0.10561290322580646,-0.14004720692368222,-0.9756097560975623,-0.7546703450035372
2,2,33767,64,243,62.12,0.28,15.88,1.786,0.2826544622425593,-0.0008850459757567836,0.040999999999999925,-0.021586487213580127,0.10245161290322581,-0.1715184893784428,-0.9756097560975623,-0.8130347076599143
2,2,33786,64,243,59.91,0.26,15.28,1.805,0.2653350768224876,-0.0009322246017073823,0.038999999999999924,-0.023903194915573953,0.09858064516129032,-0.18196856906534395,-1.0256410256410287,-0.9175111692274078
2,2,33806,64,243,58.04,0.24,14.78,1.825,0.24687152664269046,-0.0009578132376323119,0.039000000000000146,-0.024559313785443803,0.09535483870967741,-0.1637717121588084,-1.025641025641022,-0.9577455344045582
2,2,33825,64,243,56.28,0.22,14.29,1.844,0.22798300098070967,-0.000960113864063878,0.039000000000000146,-0.02461830420676601,0.09219354838709677,-0.1637717121588084,-0.7692307692307663,-0.9379636381924551
2,2,33845,31,234,54.63,0.21,13.79,1.864,0.21029094475318458,-0.0009380402462583301,0.038999999999999924,-0.024052314006623898,0.08896774193548386,-0.1488833746898264,-0.7692307692307707,-0.8859942498386334
2,2,33864,31,234,53.09,0.19,13.39,1.883,0.19342922523700304,-0.0008912142383409662,0.038999999999999924,-0.022851647136947897,0.08638709677419355,-0.1306865177832918,-0.7692307692307707,-0.8393056219143084
2,2,33884,31,234,51.87,0.18,13.0,1.903,0.17755802549852662,-0.0008200362990568646,0.038000000000000034,-0.021579902606759575,0.08387096774193549,-0.13412563667232613,-0.5263157894736835,-0.7683109375268735
2,2,33902,31,234,50.66,0.17,12.6,1.921,0.16423340961098182,-0.0007257280230375933,0.038000000000000034,-0.019098105869410333,0.08129032258064516,-0.13582342954159607,-0.7894736842105256,-0.6473563772130463
2,2,33922,31,234,49.67,0.15,12.2,1.941,0.15295848316443084,-0.0006103440135383309,0.038999999999999924,-0.015649846500982875,0.07870967741935483,-0.11414392059553338,-0.5128205128205143,-0.5265672542560352
2,2,33941,31,234,48.68,0.15,11.91,1.96,0.14369728669499648,-0.0004767496902542376,0.040999999999999925,-0.011628041225713134,0.07683870967741936,-0.10857592446892232,-0.48780487804878114,-0.3930823878359692
2,2,33963,227,18,47.69,0.13,11.51,1.982,0.13684210526315613,-0.000328561593347656,0.040999999999999925,-0.008013697398723332,0.07425806451612903,-0.07867820613690042,-0.48780487804878114,-0.2557028839330532
2,2,33982,227,18,47.69,0.13,11.41,2.001,0.13321346845374132,-0.00017004807097099572,0.038000000000000034,-0.004474949236078831,0.07361290322580645,-0.016977928692699373,0.0,-0.11080332409972207
2,2,34001,227,18,47.8,0.13,11.41,2.02,0.13263157894736669,-5.990894108999001e-06,0.039000000000000146,-0.00015361266946151226,0.07361290322580645,-0.016542597187758315,0.0,0.02682291011810371
2,2,34021,227,18,47.91,0.13,11.31,2.04,0.13425956194834737,0.00015848840521626072,0.039000000000000146,0.004063805261955388,0.07296774193548387,-0.016542597187758315,0.0,0.1528067660790753
2,2,34040,227,18,48.9,0.13,11.31,2.059,0.13859104282445064,0.00031813065821291,0.039000000000000146,0.008157196364433558,0.07296774193548387,0.03308519437551663,0.25641025641025567,0.3015900956404343
2,2,34060,227,18,50.77,0.14,11.51,2.079,0.14602157567832436,0.00046776013468049273,0.0389999999999997,0.011993849607192212,0.07425806451612903,0.09925558312655174,0.5128205128205164,0.4171800739306432
2,2,34079,234,68,52.65,0.15,11.91,2.098,0.1548610657077456,0.0006025122421716311,0.0389999999999997,0.015449031850554762,0.07683870967741936,0.13068651778329327,0.5128205128205164,0.517682165279416
2,2,34099,234,68,54.63,0.16,12.3,2.118,0.16621118012422142,0.0007180528869048377,0.039000000000000146,0.01841161248473936,0.07935483870967742,0.16377171215880804,0.7692307692307663,0.6355353266108312
2,2,34118,234,68,56.61,0.18,12.9,2.137,0.1796469434455681,0.0008107734664125363,0.04400000000000004,0.01842666969119399,0.0832258064516129,0.17448680351906132,0.9090909090909085,0.626467354156133
2,2,34143,234,68,59.03,0.2,13.49,2.162,0.1937757437070913,0.0008779472203647511,0.04400000000000004,0.01995334591738069,0.08703225806451613,0.15982404692082094,0.9090909090909085,0.6905108621355671
2,2,34162,234,68,60.68,0.22,13.99,2.181,0.2100294213795331,0.0009178373173489919,0.039000000000000146,0.023534290188435603,0.09025806451612903,0.1488833746898259,0.7692307692307663,0.8123150686079611
2,2,34182,237,35,62.23,0.23,14.39,2.201,0.2254560313828019,0.0009297534914793069,0.039000000000000146,0.023839833114853933,0.09283870967741936,0.1306865177832914,0.5128205128205107,0.7897670597899289
2,2,34201,237,35,63.66,0.24,14.78,2.22,0.24083033671134044,0.0009140603882826906,0.039000000000000146,0.023437445853402235,0.09535483870967741,0.1306865177832914,0.7692307692307663,0.791778778048787
2,2,34221,237,35,64.98,0.26,15.18,2.24,0.2563354037267047,0.0008721450772577218,0.0389999999999997,0.022362694288659703,0.09793548387096775,0.1323407775020691,0.7692307692307758,0.7800437548721268
2,2,34240,237,35,66.19,0.27,15.58,2.259,0.27125204315135315,0.0008063524581393899,0.03799999999999981,0.02121980152998405,0.10051612903225807,0.11884550084889703,0.5263157894736873,0.7506753152905098
2,2,34259,237,35,67.29,0.28,15.88,2.278,0.28486106570774394,0.0007198960333151767,0.039000000000000146,0.018458872649107026,0.10245161290322581,0.09760132340777478,0.7692307692307656,0.6833974568528224
2,2,34279,237,35,68.28,0.3,16.17,2.298,0.2979045439686133,0.0006167490047430047,0.039000000000000146,0.01581407704469237,0.1043225806451613,0.09760132340777442,0.7692307692307656,0.6519643590581703
2,2,34298,238,0,69.16,0.31,16.47,2.317,0.3102876757110127,0.0005015178522097763,0.040999999999999925,0.012232142736823834,0.10625806451612903,0.07867820613690042,0.4878048780487818,0.5796569897702832
2,2,34320,238,0,70.16,0.32,16.67,2.339,0.3216704805491949,0.0003792979165333463,0.040999999999999925,0.009251168695935293,0.10754838709677421,0.06294256490952048,0.4878048780487818,0.5121233624889312
2,2,34339,238,0,70.93,0.33,16.87,2.358,0.3312847335730588,0.00025550838900065286,0.03799999999999981,0.006723904973701424,0.10883870967741936,0.06791171477079788,0.26315789473684364,0.43701932175977354
2,2,34358,238,0,71.59,0.33,17.07,2.377,0.3382772147760662,0.00013570291553811843,0.03799999999999981,0.0035711293562662922,0.11012903225806452,0.0662139219015283,0.26315789473684364,0.30290256533782595
2,2,34377,238,0,72.25,0.34,17.26,2.396,0.34279503105589615,2.5352181375232874e-05,0.039000000000000146,0.0006500559326982764,0.11135483870967743,0.06451612903225815,0.5128205128205099,0.1370483063846878
2,2,34397,238,0,72.91,0.35,17.46,2.416,0.34362209872506905,-7.040319541152584e-05,0.039000000000000146,-0.001805210138757066,0.11264516129032259,0.04962779156327495,0.2564102564102543,-0.05942951023042437
2,2,34416,61,246,73.46,0.35,17.56,2.435,0.3404772801569096,-0.00014702691182100834,0.039000000000000146,-0.003769920815923277,0.11329032258064516,0.03308519437551663,0.0,-0.2240551210802882
2,2,34436,61,246,73.24,0.35,17.66,2.455,0.3348839490029378,-0.00020087923336209102,0.039000000000000146,-0.0051507495733869296,0.11393548387096775,0.016542597187758672,0.0,-0.36152253543557217
2,2,34455,61,246,72.03,0.35,17.66,2.474,0.3263779012749222,-0.00022950973185761114,0.039000000000000146,-0.005884864919425904,0.11393548387096775,-0.049627791563275306,-0.2564102564102543,-0.48616524589063786
2,2,34475,61,246,69.38,0.34,17.36,2.494,0.3159235044132028,-0.00023192408686317735,0.040999999999999925,-0.00565668504544336,0.112,-0.10857592446892267,-0.7317073170731714,-0.5127612243758871
2,2,34496,61,246,66.08,0.32,16.97,2.515,0.3053546910755109,-0.00020879111886345215,0.03999999999999959,-0.005219777971586357,0.10948387096774193,-0.15967741935484006,-1.250000000000014,-0.5219843085975796
2,2,34515,61,246,63.33,0.29,16.37,2.534,0.29504413206929986,-0.00016255295806613646,0.0389999999999997,-0.004168024565798402,0.10561290322580646,-0.21339950372208577,-1.2820512820512915,-0.49907377138498055
2,2,34535,245,11,60.68,0.27,15.68,2.554,0.2858908139914968,-9.740480001720186e-05,0.039000000000000146,-0.0024975589748000384,0.10116129032258064,-0.1637717121588084,-0.7692307692307656,-0.40318186771275233
2,2,34554,245,11,60.57,0.26,15.38,2.573,0.27932003922850246,-1.91224056469963e-05,0.039000000000000146,-0.0004903180935127238,0.09922580645161291,-0.04962779156327495,-0.5128205128205113,-0.2804670539224275
2,2,34574,245,11,60.68,0.25,15.38,2.593,0.2749525988885221,6.526592900195993e-05,0.039000000000000146,0.0016734853590246075,0.09922580645161291,0.0,-0.25641025641025567,-0.11190182814896751
2,2,34593,245,11,60.79,0.25,15.38,2.612,0.2749558679306927,0.00014794498859703608,0.03799999999999981,0.003893289173606232,0.09922580645161291,0.0,0.26315789473684364,0.11174962578069846
2,2,34612,245,11,62.45,0.26,15.38,2.631,0.2791990846681886,0.0002208793285536821,0.03799999999999981,0.005812613909307453,0.09922580645161291,0.03395585738539894,0.5263157894736873,0.33886202921491115
2,2,34631,245,11,64.54,0.27,15.58,2.65,0.28783262504085927,0.0002764319156294803,0.039000000000000146,0.007087997836653316,0.10051612903225807,0.11414392059553274,0.7692307692307656,0.5297524748325575
2,2,34651,255,62,66.41,0.29,16.07,2.67,0.2998594311866584,0.00030797904532814255,0.04200000000000026,0.007332834412574777,0.1036774193548387,0.15207373271889313,0.952380952380946,0.6454023256899895
2,2,34673,255,62,68.94,0.31,16.57,2.692,0.314939522719839,0.00031046437831354015,0.040999999999999925,0.007572301910086359,0.10690322580645162,0.1573564122738005,0.9756097560975636,0.733700635469896
2,2,34692,255,62,71.26,0.33,17.07,2.711,0.3299411572409241,0.00028083862628873745,0.03799999999999981,0.0073904901654931274,0.11012903225806452,0.16808149405772552,1.052631578947373,0.7443953132258511
2,2,34711,255,62,73.46,0.35,17.56,2.73,0.3432265446224212,0.00021834089613151518,0.039000000000000146,0.005598484516192676,0.11329032258064516,0.16377171215880804,1.0256410256410213,0.5864996940511729
2,2,34731,255,62,75.44,0.37,18.06,2.75,0.3528146453089199,0.0001245923889769287,0.039000000000000146,0.003194676640434058,0.11651612903225805,0.14722911497105007,0.769230769230767,0.3827293987476991
2,2,34750,32,252,77.09,0.38,18.45,2.769,0.3581529911735815,3.4912550747705495e-06,0.03799999999999981,9.187513354659387e-05,0.11903225806451613,0.10016977928692762,0.5263157894736873,0.14891347361538648
2,2,34769,32,252,76.87,0.39,18.65,2.788,0.3584733573063046,-0.0001390829112393419,0.0389999999999997,-0.0035662284933164865,0.12032258064516128,0.01654259718775886,0.0,-0.10880042916656216
2,2,34789,32,252,74.56,0.38,18.55,2.808,0.3539097744360856,-0.0002957268019936734,0.039000000000000146,-0.007582738512658264,0.11967741935483872,-0.0810587262200161,-0.5128205128205113,-0.3693179436886473
2,2,34808,32,252,71.48,0.37,18.16,2.827,0.3440699575024473,-0.0004580877196736566,0.039000000000000146,-0.011745838965991151,0.11716129032258064,-0.18031430934656673,-1.0256410256410213,-0.6028449049043911
2,2,34828,32,252,67.73,0.34,17.46,2.847,0.3303988231448143,-0.0006174964108583971,0.040999999999999925,-0.01506088806971703,0.11264516129032259,-0.21872541306058266,-1.463414634146344,-0.7719723486871918
2,2,34849,32,252,64.1,0.31,16.77,2.868,0.3124190912062725,-0.0007655957022598478,0.040999999999999925,-0.01867306590877681,0.10819354838709677,-0.2486231313926049,-1.707317073170735,-0.9345473971248276
2,2,34869,56,229,60.57,0.27,15.88,2.888,0.2920823798626964,-0.0008949067342607898,0.039000000000000146,-0.022946326519507343,0.10245161290322581,-0.2795698924731173,-1.5384615384615326,-1.1017510331011287
2,2,34888,56,229,58.04,0.25,15.08,2.907,0.2694508009153283,-0.0009992872324134918,0.039000000000000146,-0.025622749549063798,0.09729032258064516,-0.22994210090984202,-1.025641025641022,-1.2208615183443348
2,2,34908,56,229,55.84,0.23,14.49,2.927,0.24446878064726718,-0.001074254105771919,0.039000000000000146,-0.02754497707107474,0.09348387096774194,-0.18031430934656673,-1.025641025641022,-1.2670472167039462
2,2,34927,56,229,54.08,0.21,13.99,2.946,0.22003595946387422,-0.0011171617476626494,0.039000000000000146,-0.028645173016990905,0.09025806451612903,-0.16542597187758423,-1.025641025641022,-1.2226217718208363
2,2,34947,56,229,52.54,0.19,13.49,2.966,0.1967865315462544,-0.0011272437311309921,0.0389999999999997,-0.028903685413615404,0.08703225806451613,-0.1637717121588099,-0.769230769230775,-1.143997116537156
2,2,34966,56,229,51.1,0.18,13.0,2.985,0.17542007191892547,-0.0011055362708578542,0.03699999999999992,-0.02987935867183396,0.08387096774193549,-0.15518744551002667,-0.8108108108108125,-1.0842617707606153
2,2,34984,51,249,49.78,0.16,12.6,3.003,0.1566688460281117,-0.0010547062194992147,0.038000000000000256,-0.027755426828926514,0.08129032258064516,-0.15280135823429455,-0.789473684210521,-0.9225581115259367
2,2,35004,51,249,48.35,0.15,12.1,3.023,0.14036286368093964,-0.000978805912956382,0.0389999999999997,-0.025097587511702296,0.07806451612903226,-0.16377171215881026,-0.769230769230775,-0.7365403475243247
2,2,35023,51,249,46.81,0.13,11.61,3.042,0.12794377247466326,-0.0008829741195848353,0.040999999999999925,-0.021535954136215535,0.0749032258064516,-0.15578284815106253,-0.731707317073172,-0.5426610003268979
2,2,35045,51,249,45.05,0.12,11.11,3.064,0.11811376266753687,-0.0007730987643221194,0.04100000000000037,-0.018856067422490547,0.0716774193548387,-0.1557828481510605,-0.7317073170731642,-0.43677592709237695
2,2,35064,51,249,43.72,0.1,10.62,3.083,0.11003595946387565,-0.000655454688124049,0.039000000000000146,-0.01680653046471914,0.06851612903225807,-0.14722911497104973,-0.7692307692307663,-0.3654621503591694
2,2,35084,220,43,42.4,0.09,10.22,3.103,0.10386073880352921,-0.0005363295804011105,0.0389999999999997,-0.013752040523105503,0.06593548387096775,-0.09925558312655174,0.0,-0.2522191767043014
2,2,35103,220,43,42.4,0.1,10.02,3.122,0.10019941157240797,-0.0004216535078237449,0.0389999999999997,-0.010811628405737132,0.06464516129032258,-0.033085194375517366,0.0,-0.15146562057317114
2,2,35123,220,43,42.62,0.09,10.02,3.142,0.09795357960117558,-0.0003166510632946693,0.039000000000000146,-0.008119258033196618,0.06464516129032258,-0.016542597187758315,-0.25641025641025567,-0.07124835500121394
2,2,35142,220,43,42.84,0.09,9.92,3.161,0.09742072572736062,-0.00022553810753101898,0.039000000000000146,-0.005783028398231234,0.064,-0.016542597187758315,0.0,-0.014082027812004802
2,2,35162,220,43,44.28,0.09,9.92,3.181,0.09740438051650739,-0.00015128559971371835,0.039000000000000146,-0.0038791179413773793,0.064,0.016542597187758315,0.25641025641025567,0.05498696574211367
2,2,35181,220,43,45.93,0.1,10.02,3.2,0.09956521739130306,-9.547063327151584e-05,0.039000000000000146,-0.002447964955679884,0.06464516129032258,0.08271298593879194,0.512820512820511,0.09765215714872322
2,2,35201,70,244,47.69,0.11,10.42,3.22,0.10121281464530761,-5.8230075524475566e-05,0.040999999999999925,-0.0014202457444994067,0.0672258064516129,0.09441384736428038,0.24390243902439057,0.09392516285411193
2,2,35222,70,244,47.69,0.11,10.62,3.241,0.10341614906832164,-3.832536911250806e-05,0.03999999999999959,-0.0009581342278127112,0.06851612903225807,0.03225806451612951,0.0,0.0637463223275576
2,2,35241,70,244,47.58,0.11,10.62,3.26,0.10376266753840989,-3.331764770923939e-05,0.0389999999999997,-0.000854298659211273,0.06851612903225807,0.0,0.2564102564102582,0.018189285923839952
2,2,35261,70,244,47.25,0.12,10.62,3.28,0.10412553121935139,-3.984084304691926e-05,0.039000000000000146,-0.0010215600781261311,0.06851612903225807,0.0,0.0,-0.03101398982405768
2,2,35280,70,244,46.59,0.11,10.62,3.299,0.10255312193527164,-5.3949294344061374e-05,0.038000000000000256,-0.001419718272212132,0.06851612903225807,-0.01697792869269964,-0.5263157894736804,-0.1392784019545407
2,2,35299,15,255,45.71,0.1,10.52,3.318,0.09883295194507881,-7.150819734301806e-05,0.038000000000000256,-0.0018817946669215152,0.06787096774193548,-0.03395585738539891,-0.2631578947368402,-0.20311075170764045
2,2,35318,15,255,44.61,0.1,10.42,3.337,0.09483491337038125,-8.859100038947965e-05,0.039000000000000146,-0.0022715641125507515,0.0672258064516129,-0.06617038875103362,-0.25641025641025567,-0.2534765006160843
2,2,35338,15,255,43.39,0.09,10.12,3.357,0.08894736842105148,-0.0001018469786911087,0.0389999999999997,-0.0026114609920797303,0.06529032258064515,-0.09925558312655139,-0.2564102564102586,-0.30494295940520044
2,2,35357,15,255,42.29,0.09,9.82,3.376,0.08294213795357852,-0.00010880417036778489,0.0389999999999997,-0.0027898505222509157,0.06335483870967742,-0.0976013234077757,-0.5128205128205164,-0.2895197860872906
2,2,35377,15,255,41.08,0.07,9.53,3.396,0.07765609676364724,-0.00010807785718099794,0.040999999999999925,-0.0026360452970975155,0.06148387096774193,-0.10857592446892232,-0.48780487804878114,-0.21990288552770862
2,2,35398,15,255,39.98,0.07,9.13,3.417,0.07392611964694248,-9.94631346225816e-05,0.040999999999999925,-0.002425930112745897,0.05890322580645162,-0.11014948859166016,-0.2439024390243909,-0.10915411540516042
2,2,35418,229,63,38.99,0.06,8.83,3.437,0.07318077803203567,-8.390155131137789e-05,0.039000000000000146,-0.002151321828496861,0.05696774193548387,-0.08271298593879212,0.0,-0.02062011215329267
2,2,35437,229,63,38.99,0.07,8.63,3.456,0.07312193527296407,-6.332536763502539e-05,0.039000000000000146,-0.0016237273752570552,0.05567741935483871,-0.03308519437551681,0.0,0.03059488185346253
2,2,35457,229,63,39.21,0.06,8.63,3.476,0.07437397842432071,-4.0397246200418735e-05,0.039000000000000146,-0.0010358268256517587,0.05567741935483871,0.0,-0.25641025641025567,0.10033444816053359
2,2,35476,229,63,39.65,0.06,8.63,3.495,0.07703497875122489,-1.817619311630736e-05,0.03799999999999981,-0.000478320871481775,0.05567741935483871,0.016977928692699654,0.26315789473684364,0.1568279967653674
2,2,35495,229,63,42.07,0.07,8.73,3.514,0.08033344230140464,2.4977823349914275e-07,0.03799999999999981,6.57311140787221e-06,0.056322580645161296,0.10186757215619738,0.526315789473687,0.16104334061698714
2,2,35514,229,63,44.72,0.08,9.23,3.533,0.08315462569467037,1.2119051935568947e-05,0.038000000000000256,0.0003189224193570754,0.059548387096774194,0.18505942275042317,0.789473684210521,0.1679255346604464
2,2,35533,46,255,47.36,0.1,9.82,3.552,0.08671461261850165,1.5295891177567355e-05,0.039000000000000146,0.00039220233788634095,0.06335483870967742,0.1637717121588084,0.7692307692307663,0.1585904560732912
2,2,35553,46,255,47.36,0.11,10.22,3.572,0.08933965348152875,8.478167776896584e-06,0.040999999999999925,0.0002067845799243073,0.06593548387096775,0.06294256490952013,0.24390243902439057,0.12127349125730402
2,2,35574,46,255,47.25,0.11,10.22,3.593,0.0916868257600511,-8.707316652429853e-06,0.040999999999999925,-0.00021237357688853338,0.06593548387096775,-0.015735641227380286,0.0,0.07973273586936495
2,2,35594,46,255,46.59,0.11,10.12,3.613,0.09260869565217271,-3.57232216398895e-05,0.039000000000000146,-0.0009159800420484454,0.06529032258064515,-0.03308519437551699,-0.512820512820511,0.017937821141482655
2,2,35613,46,255,45.16,0.09,10.02,3.632,0.09238640078456893,-7.123712990924247e-05,0.039000000000000146,-0.001826593074595954,0.06464516129032258,-0.03308519437551663,-0.512820512820511,-0.06219562283635413
2,2,35633,46,255,43.84,0.09,9.92,3.652,0.09018306636155489,-0.00011330586548267086,0.0389999999999997,-0.002905278602119788,0.064,-0.08105872622001721,-0.2564102564102582,-0.12548092639625813
2,2,35652,50,236,42.51,0.08,9.53,3.671,0.0874926446551149,-0.0001595965425731709,0.0389999999999997,-0.004092219040337746,0.06148387096774193,-0.0976013234077757,-0.2564102564102582,-0.18625158213258802
2,2,35672,50,236,41.63,0.08,9.33,3.691,0.08291925465838401,-0.00020761420428756593,0.039000000000000146,-0.005323441135578593,0.06019354838709678,-0.06617038875103344,-0.25641025641025533,-0.26764235002220776
2,2,35691,50,236,40.97,0.07,9.13,3.71,0.07705459300424876,-0.0002549115343017192,0.038000000000000256,-0.0067081982710978285,0.05890322580645162,-0.06791171477079765,-0.2631578947368402,-0.31804339223343725
2,2,35710,50,236,40.31,0.07,8.93,3.729,0.07083360575351332,-0.00029926369036298794,0.039000000000000146,-0.007673427958025303,0.05761290322580645,-0.06617038875103362,-0.25641025641025567,-0.3033503491169343
2,2,35730,50,236,39.65,0.06,8.73,3.749,0.06522392938868828,-0.000338799165621058,0.040999999999999925,-0.008263394283440455,0.056322580645161296,-0.0629425649095203,-0.2439024390243909,-0.2471714811950317
2,2,35751,50,236,38.99,0.06,8.53,3.77,0.06069957502451703,-0.00037208422172387934,0.040999999999999925,-0.009075224920094634,0.05503225806451612,-0.0629425649095203,0.0,-0.19470734099298956
2,2,35771,34,255,38.44,0.06,8.33,3.79,0.05724092840797572,-0.00039816319899293974,0.03799999999999981,-0.010477978920866887,0.05374193548387097,-0.04923599320882847,-0.26315789473684326,-0.16267786170230933
2,2,35789,34,255,37.67,0.05,8.24,3.808,0.05451781627982931,-0.00041656003447818437,0.03799999999999981,-0.01096210617047859,0.05316129032258065,-0.0662139219015283,-0.26315789473684326,-0.11794360041981287
2,2,35809,34,255,36.9,0.05,7.94,3.828,0.05275907159202285,-0.0004272478862789493,0.039000000000000146,-0.010955074007152505,0.051225806451612906,-0.08271298593879212,0.0,-0.10586667337239257
2,2,35828,34,255,36.13,0.05,7.74,3.847,0.050389016018305983,-0.00043059412356973416,0.039000000000000146,-0.011040874963326475,0.049935483870967745,-0.0661703887510338,0.0,-0.10435788467824897
2,2,35848,34,255,35.36,0.05,7.54,3.867,0.04868911408957113,-0.0004272876069068632,0.039000000000000146,-0.010956092484791322,0.04864516129032258,-0.0661703887510338,0.0,-0.08893471136033916
2,2,35867,34,255,34.69,0.05,7.34,3.886,0.04692056227525274,-0.00041825479418583543,0.039000000000000146,-0.010724481902200869,0.04735483870967742,-0.06617038875103362,0.0,-0.0747688619542155
2,2,35887,45,250,34.03,0.05,7.14,3.906,0.04577312847335671,-0.0004045710135649294,0.0389999999999997,-0.010373615732434166,0.04606451612903226,-0.06451612903225852,0.0,-0.04836505980670732
2,2,35906,45,250,33.59,0.05,6.95,3.925,0.04503432494279117,-0.00038737303695997305,0.0389999999999997,-0.009932641973332719,0.044838709677419354,-0.04797353184450002,-0.25641025641025844,-0.047191557489040185
2,2,35926,45,250,33.15,0.04,6.85,3.945,0.04393265773128416,-0.0003677786307280417,0.04100000000000037,-0.008970210505561913,0.04419354838709677,-0.0472069236821395,-0.2439024390243881,-0.060198215581369924
2,2,35947,45,250,32.49,0.04,6.65,3.966,0.04256619810395498,-0.00034681796954200107,0.040000000000000036,-0.008670449238550018,0.04290322580645162,-0.04838709677419339,0.0,-0.045357960117684656
2,2,35966,45,250,32.16,0.04,6.55,3.985,0.04211833932657677,-0.00032538062762093125,0.0389999999999997,-0.008343093015921378,0.04225806451612903,-0.04962779156327605,0.0,-0.02003336099445898
2,2,35986,12,249,31.61,0.04,6.35,4.005,0.04178489702517109,-0.0003041803644960996,0.039000000000000146,-0.007799496525540987,0.040967741935483866,-0.049627791563275306,0.0,-0.0347859615594165
2,2,36005,12,249,31.28,0.04,6.25,4.024,0.04076168682575952,-0.0002837383684376542,0.0389999999999997,-0.007275342780452727,0.04032258064516129,-0.03308519437551701,0.0,-0.054148749800923636
2,2,36025,12,249,30.84,0.04,6.15,4.044,0.03967309578293508,-0.0002643842874132121,0.0389999999999997,-0.006779084292646516,0.03967741935483871,-0.033085194375517185,0.0,-0.055825181683304956
2,2,36044,12,249,30.4,0.04,6.05,4.063,0.038584504740110645,-0.00024627327103464224,0.03900000000000059,-0.006314699257298424,0.03903225806451613,-0.04962779156327474,0.0,-0.05414874980092205
2,2,36064,12,249,30.07,0.04,5.85,4.083,0.03756129454069909,-0.00022941619228104493,0.03900000000000059,-0.005882466468744653,0.03774193548387097,-0.04962779156327474,0.0,-0.04911945415377766
2,2,36083,12,249,29.74,0.04,5.75,4.102,0.03666884602811329,-0.00021371925564756555,0.038000000000000256,-0.005624190938093792,0.037096774193548385,-0.0322580645161288,-0.26315789473684037,-0.05652001858192286
2,2,36102,34,255,29.41,0.03,5.66,4.121,0.03541353383458601,-0.00019902867662521207,0.04099999999999948,-0.004854357966468648,0.036516129032258066,-0.029897718332022396,0.0,-0.03364721453687223
2,2,36124,34,255,28.97,0.04,5.56,4.143,0.035289310232101544,-0.00018517622478261052,0.04099999999999948,-0.004516493287380801,0.03587096774193548,-0.031471282454760406,0.24390243902439337,-0.02088997679777391
2,2,36143,34,255,28.64,0.04,5.46,4.162,0.03455704478587729,-0.000172021863782728,0.038000000000000256,-0.004526891152177022,0.035225806451612905,-0.03395585738539873,-0.26315789473684037,-0.03897042377109764
2,2,36162,34,255,28.31,0.03,5.36,4.181,0.03380843412879982,-0.0001594900899299958,0.0389999999999997,-0.004089489485384539,0.03458064516129032,-0.033085194375517366,-0.25641025641025844,-0.03797118213594166
2,2,36182,34,255,27.87,0.03,5.26,4.201,0.033076168682575575,-0.00014759682986326705,0.0389999999999997,-0.0037845340990581584,0.03393548387096774,-0.033085194375517185,0.0,-0.03629475025356016
2,2,36201,78,244,27.65,0.03,5.16,4.22,0.03239293886891099,-0.0001364641588704023,0.038000000000000256,-0.0035911620755368786,0.03329032258064516,-0.03395585738539873,0.0,-0.03380877823850186
2,2,36220,78,244,27.43,0.03,5.06,4.239,0.031791435109512496,-0.00012632083685145545,0.03900000000000059,-0.003238995816703937,0.03264516129032258,-0.033085194375516436,0.0,-0.027912590841651843
2,2,36240,78,244,27.21,0.03,4.96,4.259,0.03130434782608655,-0.00011748775195798444,0.0389999999999997,-0.0030125064604611626,0.032,-0.016542597187758506,0.0,-0.021206863312126296
2,2,36259,78,244,27.1,0.03,4.96,4.278,0.030964367440339577,-0.00011034870542563003,0.0389999999999997,-0.0028294539852725866,0.032,-0.016542597187758506,0.0,-0.012824703900218793
2,2,36279,78,244,26.99,0.03,4.86,4.298,0.03080418437397802,-0.0001053083258339056,0.04100000000000037,-0.0025684957520464547,0.031354838709677424,-0.03147128245475981,0.2439024390243881,-0.0026311802836890973
2,2,36300,78,244,26.88,0.04,4.76,4.319,0.030856489048708323,-0.00010273999550189128,0.04100000000000037,-0.002505853548826594,0.030709677419354837,-0.015735641227380033,0.0,-0.013474832361922429
2,2,36320,34,253,26.66,0.03,4.76,4.339,0.030251716247139196,-0.00010292744585526758,0.038000000000000256,-0.0027086169961912337,0.030709677419354837,0.0,-0.26315789473684037,-0.01066740076736442
2,2,36338,34,253,26.55,0.03,4.76,4.357,0.030451127819548472,-0.00010600425928882907,0.03799999999999937,-0.0027895857707587062,0.030709677419354837,-0.01697792869269967,0.0,0.01780767708745546
2,2,36358,34,253,26.32,0.03,4.66,4.377,0.030928407976462492,-0.00011189586640208038,0.0389999999999997,-0.0028691247795405443,0.03006451612903226,-0.033085194375517185,0.0,0.009304196947217552
2,2,36377,34,253,25.99,0.03,4.56,4.396,0.030813991500489954,-0.0001202685736886524,0.03900000000000059,-0.0030838095817602713,0.029419354838709676,-0.016542597187758305,0.0,-0.006705727529526029
2,2,36397,34,253,25.77,0.03,4.56,4.416,0.030666884602810973,-0.00013048984337589076,0.0389999999999997,-0.0033458934198946607,0.029419354838709676,-0.016542597187758593,0.0,-0.008382159411907682
2,2,36416,34,253,25.55,0.03,4.46,4.435,0.030487087283425557,-0.0001416038905973478,0.03799999999999937,-0.0037264181736144774,0.028774193548387096,-0.016977928692699762,0.0,-0.010323291065191623
2,2,36435,39,221,25.33,0.03,4.46,4.454,0.030274599542333698,-0.00015232673275826869,0.03900000000000059,-0.003905813660468369,0.028774193548387096,-0.014888337468982405,0.0,-0.011735023176670417
2,2,36455,39,221,25.33,0.03,4.37,4.474,0.030029421379535404,-0.00016106472533127382,0.03900000000000059,-0.004129864752083882,0.028193548387096774,-0.014888337468982405,0.0,-0.013411455059051879
2,2,36474,39,221,25.33,0.03,4.37,4.493,0.029751552795030667,-0.00016595998889072926,0.04099999999999948,-0.004047804607091009,0.028193548387096774,0.0,0.0,-0.01435189245648594
2,2,36496,39,221,25.44,0.03,4.37,4.515,0.029440993788819488,-0.00016496488038047374,0.04099999999999948,-0.004023533667816484,0.028193548387096774,0.0,0.0,0.006059687926071869
2,2,36515,39,221,25.44,0.03,4.37,4.534,0.02999999999999961,-0.0001559457368254824,0.038000000000000256,-0.004103835179617931,0.028193548387096774,-0.016977928692699457,0.0,0.01471068976789787
2,2,36534,39,221,25.33,0.03,4.27,4.553,0.02999999999999961,-0.0001368134665689027,0.038000000000000256,-0.003600354383392152,0.02754838709677419,-0.016977928692699457,0.0,-0.01471068976789787
2,2,36553,20,233,25.44,0.03,4.27,4.572,0.029440993788819488,-0.00010567540549835197,0.0389999999999997,-0.002709625782009046,0.02754838709677419,0.0,0.0,-0.03503742634177399
2,2,36573,20,233,25.44,0.03,4.27,4.592,0.028633540372670435,-6.099974928042551e-05,0.0389999999999997,-0.001564096135395538,0.02754838709677419,0.0,0.0,-0.04065347314775206
2,2,36592,20,233,25.44,0.03,4.27,4.611,0.02785550833605717,-1.7812575982540935e-06,0.03900000000000059,-4.567327175010427e-05,0.02754838709677419,0.0,0.0,-0.04719155748903911
2,2,36612,20,233,25.33,0.03,4.27,4.631,0.026793069630597882,7.230518110512252e-05,0.03900000000000059,0.0018539790026954213,0.02754838709677419,0.0,0.0,-0.048365059806706044
2,2,36631,20,233,25.44,0.03,4.27,4.65,0.025969271003595605,0.00016077820016522536,0.0389999999999997,0.004122517952954528,0.02754838709677419,0.0,0.0,-0.024392083888651238
2,2,36651,20,233,25.44,0.03,4.27,4.67,0.02584177835894049,0.00026226680916559,0.04099999999999948,0.006396751443063251,0.02754838709677419,0.0,0.0,0.03396614548034985
2,2,36672,229,47,25.33,0.03,4.27,4.691,0.02736188296828993,0.0003744859742298159,0.040000000000000036,0.009362149355745388,0.02754838709677419,-0.016129032258064405,0.0,0.10362863680941349
2,2,36691,229,47,25.33,0.03,4.17,4.71,0.029986923831317035,0.0004942839220492159,0.03900000000000059,0.012673946719210473,0.026903225806451613,-0.016542597187758128,0.0,0.1848266150325596
2,2,36711,229,47,25.44,0.03,4.17,4.73,0.034570120954559865,0.0006177689333048057,0.038000000000000256,0.01625707719223162,0.026903225806451613,0.016977928692699273,0.0,0.29060064348513726
2,2,36729,229,47,27.87,0.03,4.27,4.748,0.041029748283752325,0.0007405149902623993,0.03799999999999937,0.019487236585852937,0.02754838709677419,0.08319185059422893,0.26315789473684653,0.3716384783468982
2,2,36749,229,47,31.61,0.04,4.66,4.768,0.04869238313174176,0.0008578344448821813,0.0389999999999997,0.021995754996979176,0.03006451612903226,0.18031430934656886,0.5128205128205169,0.44232655216636657
2,2,36768,229,47,35.58,0.05,5.36,4.787,0.05828048381824049,0.0009650938155977871,0.03900000000000059,0.024745995271737757,0.03458064516129032,0.26302729528535573,0.512820512820505,0.5212864938265249
2,2,36788,221,15,39.32,0.06,6.25,4.807,0.06902255639097654,0.0010580393212785682,0.0389999999999997,0.02712921336611734,0.04032258064516129,0.27791563275434467,0.769230769230775,0.5964744637513483
2,2,36807,221,15,42.51,0.08,7.04,4.826,0.0815429879045429,0.0011330953424493364,0.0389999999999997,0.02905372672947039,0.04541935483870968,0.26302729528536184,1.0256410256410338,0.6797093067115917
2,2,36827,221,15,45.27,0.1,7.84,4.846,0.09553121935272842,0.0011876032555538912,0.04100000000000037,0.028965933062289766,0.05058064516129032,0.25019669551534,0.9756097560975521,0.7097808147090797
2,2,36848,221,15,47.69,0.12,8.63,4.867,0.11064400130761542,0.0012199785720699613,0.04099999999999948,0.02975557492853602,0.05567741935483871,0.21872541306058502,0.7317073170731799,0.755467672362241
2,2,36868,221,15,49.56,0.13,9.23,4.887,0.1265053939195799,0.0012297774957739432,0.0389999999999997,0.03153275630189622,0.059548387096774194,0.19685690653432744,0.769230769230775,0.8364556877142646
2,2,36887,233,0,50.99,0.15,9.82,4.906,0.1432657731284715,0.001217676328048073,0.03900000000000059,0.03122246994995012,0.06335483870967742,0.18031430934656467,0.7692307692307576,0.8489451052379884
2,2,36907,233,0,52.65,0.16,10.32,4.926,0.15961425302386195,0.001185376281172056,0.038000000000000256,0.031194112662422318,0.06658064516129032,0.1680814940577239,0.5263157894736812,0.83799315221691
2,2,36925,233,0,54.19,0.17,10.81,4.944,0.1751095129127143,0.0011354512093569387,0.03699999999999992,0.03068787052316057,0.06974193548387098,0.17262423714036662,0.8108108108108125,0.8168187802054987
2,2,36944,233,0,55.73,0.19,11.31,4.963,0.18983654789146534,0.0010711566984986352,0.0389999999999997,0.027465556371760087,0.07296774193548387,0.18196856906534462,0.769230769230775,0.7233803572476308
2,2,36964,233,0,57.16,0.2,11.91,4.983,0.20332134684537168,0.000996217042338726,0.0389999999999997,0.025544026726634195,0.07683870967741936,0.16377171215881026,0.769230769230775,0.6563230819523694
2,2,36983,233,0,58.48,0.22,12.3,5.002,0.21543314808760755,0.0009146036193394096,0.03900000000000059,0.0234513748548563,0.07935483870967742,0.14722911497104804,0.7692307692307576,0.5825600791275672
2,2,37003,224,57,59.58,0.23,12.8,5.022,0.22604118993134714,0.0008303156143818419,0.03900000000000059,0.021290143958508447,0.08258064516129032,0.14888337468982385,0.5128205128205048,0.5395596013444831
2,2,37022,224,57,60.57,0.24,13.2,5.041,0.2364759725400427,0.0007471725882392181,0.04099999999999948,0.018223721664371403,0.08516129032258064,0.1085759244689235,0.4878048780487864,0.48955899823790744
2,2,37044,224,57,61.24,0.25,13.49,5.063,0.2461131088591011,0.0006686278903357401,0.04099999999999948,0.016307997325262162,0.08703225806451613,0.07710464201416292,0.4878048780487871,0.4582240330412452
2,2,37063,224,57,62.01,0.26,13.69,5.082,0.25526315789473353,0.0005976116976550525,0.03900000000000059,0.015323376862949833,0.08832258064516128,0.06617038875103287,0.2564102564102528,0.4424103737604745
2,2,37083,224,57,62.45,0.26,13.89,5.102,0.26336711343575986,0.0005364117517083571,0.03900000000000059,0.013754147479701256,0.08961290322580645,0.06617038875103322,0.2564102564102528,0.4118993135011324
2,2,37102,224,57,63.0,0.27,14.09,5.121,0.27132723112127793,0.0004865979514890526,0.0389999999999997,0.012476870551001445,0.09090322580645162,0.06617038875103437,0.5128205128205172,0.39102773656549356
2,2,37122,233,62,63.44,0.28,14.29,5.141,0.278617195161814,0.00044899372899028834,0.0389999999999997,0.01151265971769979,0.09219354838709677,0.06617038875103437,0.2564102564102586,0.3574990989178614
2,2,37141,233,62,64.1,0.28,14.49,5.16,0.2852696959790744,0.0004236932681124337,0.038000000000000256,0.011149822845063969,0.09348387096774194,0.06621392190152753,0.2631578947368391,0.3579601176855117
2,2,37160,233,62,64.65,0.29,14.68,5.179,0.2922196796338635,0.000410120076386141,0.038000000000000256,0.010792633589108902,0.09470967741935483,0.06621392190152753,0.5263157894736796,0.36062696787735316
2,2,37179,233,62,65.42,0.3,14.88,5.198,0.29897352075841394,0.0004071197456780062,0.03799999999999937,0.010713677517842447,0.096,0.08488964346349909,0.5263157894736934,0.3757677947729735
2,2,37198,233,62,65.97,0.31,15.18,5.217,0.3064988558352363,0.0004130780474671827,0.041999999999999815,0.009835191606361536,0.09793548387096775,0.07680491551459347,0.23809523809523936,0.365743551425143
2,2,37221,233,62,66.63,0.31,15.38,5.24,0.3143347499182699,0.0004260547794861722,0.0420000000000007,0.010144161416337264,0.09922580645161291,0.06144393241167328,0.2380952380952343,0.38286710565231746
2,2,37240,247,10,67.29,0.32,15.58,5.259,0.3225792742726339,0.0004439239865668032,0.0389999999999997,0.011382666322225812,0.10051612903225807,0.06617038875103402,0.5128205128205172,0.43578846782507796
2,2,37260,247,10,68.06,0.33,15.78,5.279,0.3313305001634478,0.0004645120266578022,0.0389999999999997,0.011910564786097583,0.10180645161290322,0.08105872622001703,0.5128205128205172,0.4786213024199257
2,2,37279,247,10,69.16,0.34,16.07,5.298,0.34124550506701085,0.00048572584021204436,0.0389999999999997,0.012454508723385849,0.1036774193548387,0.1141439205955344,0.5128205128205158,0.4953856212437432
2,2,37299,247,10,70.27,0.35,16.47,5.318,0.3506505393919536,0.0005056643744632901,0.0389999999999997,0.012965753191366511,0.10625806451612903,0.0992555831265521,0.5128205128205158,0.5004149168908892
2,2,37318,247,10,71.48,0.36,16.67,5.337,0.3607616868257554,0.0005227068351950344,0.03900000000000059,0.013402739363975038,0.10754838709677421,0.09925558312654947,0.5128205128205056,0.5168439493382132
2,2,37338,247,10,72.58,0.37,17.07,5.357,0.37080745341614424,0.0005355729935658395,0.03900000000000059,0.013732640860662344,0.11012903225806452,0.11414392059553144,0.5128205128205056,0.4937091893613485
2,2,37357,243,82,73.68,0.38,17.36,5.376,0.38001634521084826,0.0005433532990505441,0.0389999999999997,0.013932135873090981,0.112,0.09760132340777589,0.5128205128205172,0.48197416618468975
2,2,37377,243,82,74.45,0.39,17.66,5.396,0.389604445897347,0.0005455095487045369,0.04099999999999948,0.013305110944013264,0.11393548387096775,0.09441384736428139,0.4878048780487871,0.4581443003053776
2,2,37398,243,82,75.33,0.4,17.96,5.417,0.3988002615233685,0.0005418498033410337,0.04400000000000048,0.012314768257750632,0.11587096774193549,0.0733137829912014,0.4545454545454487,0.42475259294480266
2,2,37421,243,82,76.21,0.41,18.16,5.44,0.4082935599869185,0.0005324837653457806,0.041999999999999815,0.012678184889185309,0.11716129032258064,0.06144393241167424,0.4761904761904774,0.4200719189277499
2,2,37440,243,82,76.87,0.42,18.36,5.459,0.4164432821183339,0.0005177665507448346,0.03799999999999937,0.013625435545916928,0.1184516129032258,0.06621392190152944,0.5263157894736934,0.4264379484179568
2,2,37459,255,50,77.42,0.43,18.55,5.478,0.4244982020268006,0.0004982392555777224,0.03900000000000059,0.012775365527633715,0.11967741935483872,0.06451612903225741,0.2564102564102528,0.4060318019127968
2,2,37479,255,50,78.19,0.43,18.75,5.498,0.43227852239293324,0.00047457371219238097,0.03900000000000059,0.012168556722881379,0.12096774193548387,0.06617038875103251,0.2564102564102528,0.38817780236543553
2,2,37498,255,50,78.97,0.44,18.95,5.517,0.4396371363190528,0.00044752660361256955,0.0389999999999997,0.011475041118271101,0.12225806451612903,0.06617038875103402,0.2564102564102586,0.34928458269419144
2,2,37518,255,50,79.96,0.44,19.15,5.537,0.4459006211180066,0.0004179053080845492,0.0389999999999997,0.010715520720116728,0.12354838709677418,0.06617038875103473,0.2564102564102586,0.31332511881710773
2,2,37537,255,50,80.84,0.45,19.35,5.556,0.45185681595291993,0.000386545185450764,0.0389999999999997,0.009911415011558126,0.12483870967741936,0.06617038875103473,0.5128205128205172,0.2954711192697446
2,2,37557,255,50,81.72,0.46,19.55,5.576,0.45742399476952655,0.0003542959439319908,0.04100000000000037,0.008641364486146039,0.12612903225806452,0.0613690007867808,0.24390243902438827,0.2608855117645572
2,2,37578,252,22,82.6,0.46,19.74,5.597,0.4625531219352669,0.0003220134195289397,0.04100000000000037,0.00785398584216919,0.1273548387096774,0.06136900078678147,0.2439024390243869,0.23911847487222362
2,2,37598,252,22,83.26,0.47,19.94,5.617,0.4672278522392878,0.0002905525879923552,0.0389999999999997,0.007450066358778395,0.12864516129032258,0.04962779156327623,0.25641025641025716,0.2141641729742416
2,2,37617,252,22,83.81,0.47,20.04,5.636,0.47090552468126223,0.0002607578391748149,0.0389999999999997,0.006686098440379921,0.12929032258064516,0.049627791563275514,0.2564102564102586,0.18658686850906236
2,2,37637,252,22,84.36,0.48,20.24,5.656,0.4745047401111412,0.00023344728070653532,0.0389999999999997,0.005985827710424029,0.1305806451612903,0.04962779156327623,0.2564102564102586,0.1838207559031347
2,2,37656,252,22,84.91,0.48,20.34,5.675,0.47807453416148443,0.00020938883135001164,0.03900000000000059,0.005368944393589961,0.13122580645161291,0.03308519437551697,0.0,0.18440750706196551
2,2,37676,252,22,85.35,0.48,20.44,5.695,0.48169663288655795,0.00018926691889472024,0.03900000000000059,0.0048529979203773685,0.1318709677419355,0.04962779156327438,0.0,0.1668887938910789
2,2,37695,248,49,85.9,0.48,20.64,5.714,0.4845831971232366,0.00017363968476260893,0.03799999999999937,0.004569465388489785,0.13316129032258064,0.05093378607809901,0.2631578947368467,0.1502899124240826
2,2,37714,248,49,86.23,0.49,20.74,5.733,0.487407649558673,0.0001628878233108999,0.0389999999999997,0.004176610854125671,0.13380645161290322,0.016542597187758506,0.2564102564102586,0.12388831610799478
2,2,37734,248,49,86.56,0.49,20.74,5.753,0.48941484145144837,0.00015715766825593035,0.051000000000000156,0.0030815229069790172,0.13380645161290322,0.025300442757748575,0.0,0.07653404611272299
2,2,37765,248,49,87.0,0.49,20.94,5.784,0.4913108859104219,0.00015630278944555443,0.052999999999999936,0.0029491092348217854,0.1350967741935484,0.024345709068777033,0.0,0.07284412836849999
2,2,37787,248,49,87.34,0.49,20.94,5.806,0.49327558025497886,0.00015982981724847178,0.04400000000000048,0.003632495846556137,0.1350967741935484,0.013196480938415881,0.0,0.07518796992480939
2,2,37809,231,40,87.56,0.49,21.03,5.828,0.49461915658711353,0.00016685517879615118,0.04300000000000015,0.0038803529952593165,0.1356774193548387,0.02850712678169483,0.2325581395348831,0.06598903730509305
2,2,37830,231,40,87.67,0.5,21.13,5.849,0.4961131088590979,0.00017607992101591918,0.04300000000000015,0.004094881884091129,0.13632258064516128,0.015003750937734291,0.2325581395348831,0.05770239552369297
2,2,37852,231,40,87.56,0.5,21.13,5.871,0.49710035959463234,0.00018578987860902175,0.04300000000000015,0.0043206948513725835,0.13632258064516128,0.0,0.0,0.05283684438598656
2,2,37873,231,40,87.56,0.5,21.13,5.892,0.4983850931676953,0.00019388799376222465,0.04299999999999926,0.004509023110749488,0.13632258064516128,0.0,0.0,0.052152626257250194
2,2,37895,231,40,87.45,0.5,21.13,5.914,0.49934292252369405,0.00019796428386379005,0.04299999999999926,0.004603820554971941,0.13632258064516128,0.0,0.0,0.035427294221401104
2,2,37916,247,8,87.34,0.5,21.13,5.935,0.4999084668192155,0.00019540642996470226,0.04400000000000048,0.004441055226470457,0.13632258064516128,0.01466275659824022,0.0,0.015305061071650904
2,2,37939,247,8,87.34,0.5,21.23,5.958,0.5000163452108467,0.0001835502036410901,0.04600000000000026,0.003990221818284545,0.13696774193548386,0.014025245441795066,0.0,0.025086345352983035
2,2,37962,247,8,87.45,0.5,21.23,5.981,0.5010624387054528,0.00015986451800354827,0.04499999999999993,0.0035525448445233006,0.13696774193548386,0.0,0.0,0.04729214340198297
2,2,37984,247,8,87.67,0.5,21.23,6.003,0.5021444916639359,0.00012216156491351172,0.04300000000000015,0.0028409666258956117,0.13696774193548386,0.0,0.0,0.04394200871237787
2,2,38005,247,8,87.89,0.5,21.23,6.024,0.502951945080085,6.881869332015711e-05,0.04300000000000015,0.0016004347283757412,0.13696774193548386,0.015003750937734291,0.0,0.037708021317195285
2,2,38027,231,35,88.0,0.5,21.33,6.046,0.5037659365805753,-1.0046360352156114e-06,0.04300000000000015,-2.336362872594437e-05,0.13761290322580644,0.030007501875469227,0.0,0.025087998053777642
2,2,38048,231,35,88.11,0.5,21.43,6.067,0.5040307289963974,-8.717417019504125e-05,0.04300000000000015,-0.0020273062836056034,0.13825806451612904,0.0,0.0,0.022123052829241412
2,2,38070,231,35,88.11,0.5,21.33,6.089,0.5047172278522327,-0.00018843317860019226,0.04300000000000015,-0.0043821669441905025,0.13761290322580644,0.0,0.0,0.025392094999887763
2,2,38091,231,35,88.0,0.5,21.43,6.11,0.5051225890813926,-0.00030231986000096,0.04299999999999926,-0.007030694418627097,0.13825806451612904,0.015003750937735247,0.0,-0.02197100435618939
2,2,38113,231,35,88.0,0.5,21.43,6.132,0.5037724746649166,-0.00042516722637360617,0.04299999999999926,-0.00988760991566543,0.13825806451612904,0.0,0.0,-0.11464454868212333
2,2,38134,53,237,87.89,0.5,21.43,6.153,0.5001928734880614,-0.0005521981667218227,0.04300000000000015,-0.012841817830740019,0.13825806451612904,0.0,0.0,-0.2530846833970632
2,2,38156,53,237,87.45,0.5,21.43,6.175,0.49288983327884284,-0.0006777214954422312,0.04500000000000082,-0.015060477676493754,0.13825806451612904,-0.028673835125447952,-0.22222222222221838,-0.3996948893973927
2,2,38179,53,237,84.03,0.49,21.23,6.198,0.4822066034651784,-0.0007954253866678406,0.04499999999999993,-0.01767611970372982,0.13696774193548386,-0.08458781362007223,-0.44444444444444553,-0.5539936798517963
2,2,38201,53,237,80.18,0.48,20.84,6.22,0.46796011768551204,-0.0008987532021883026,0.04299999999999926,-0.020901237260193443,0.1344516129032258,-0.1485371342835735,-0.4651162790697759,-0.7287683313440356
2,2,38222,53,237,76.43,0.47,20.24,6.241,0.4508695652173854,-0.0009813350568523376,0.04300000000000015,-0.022821745508193818,0.1305806451612903,-0.19354838709677333,-0.6976744186046481,-0.8443251708644577
2,2,38244,16,245,72.8,0.45,19.55,6.263,0.43165413533834024,-0.0010374390938266416,0.04300000000000015,-0.02412649055410786,0.12612903225806452,-0.20855213803450728,-0.9302325581395312,-0.9394314907592384
2,2,38265,16,245,69.27,0.43,18.85,6.284,0.410474011114738,-0.0010624017021776276,0.04300000000000015,-0.024707016329712183,0.12161290322580647,-0.22355588897224254,-1.1627906976744142,-0.993864844112285
2,2,38287,16,245,65.97,0.4,18.06,6.306,0.38891794704151184,-0.0010529967589084919,0.04300000000000015,-0.024488296718802052,0.11651612903225805,-0.23855963990997683,-1.6279069767441805,-1.0213856177349165
2,2,38308,16,245,62.89,0.36,17.26,6.327,0.36655442955213646,-0.0010077097865716915,0.041999999999999815,-0.02399309015646895,0.11135483870967743,-0.24423963133640644,-1.666666666666674,-1.0264014072448133
2,2,38329,16,245,60.13,0.33,16.47,6.348,0.34580908793722986,-0.0009268923862070686,0.041999999999999815,-0.022068866338263635,0.10625806451612903,-0.24270353302611491,-1.4285714285714348,-0.9611762325067246
2,2,38350,222,76,57.6,0.3,15.68,6.369,0.3261850277868542,-0.000812784398548299,0.04600000000000026,-0.017669226055397703,0.10116129032258064,-0.15287517531556682,-0.8695652173913001,-0.8018391915516417
2,2,38375,222,76,57.71,0.29,15.38,6.394,0.30892448512585413,-0.000669405086179685,0.04600000000000026,-0.014552284482166982,0.09922580645161291,-0.0420757363253852,-0.4347826086956489,-0.6734937532867958
2,2,38396,222,76,57.93,0.28,15.38,6.415,0.2952043151356614,-0.000502328491052138,0.04300000000000015,-0.01168205793144503,0.09922580645161291,-0.015003750937734614,-0.23255813953488183,-0.5509476421082955
2,2,38418,222,76,57.93,0.28,15.28,6.437,0.28523373651519734,-0.0003183689215607828,0.04300000000000015,-0.007403928408390272,0.09858064516129032,-0.015003750937734614,0.0,-0.36096307502831404
2,2,38439,222,76,58.04,0.28,15.28,6.458,0.27968290290944386,-0.00012520723991717376,0.04300000000000015,-0.002911796277143566,0.09858064516129032,0.0,0.0,-0.12908915362217221
2,2,38461,234,25,58.7,0.28,15.28,6.48,0.2796829029094439,6.901317389940509e-05,0.041999999999999815,0.0016431708071286998,0.09858064516129032,0.0,0.23809523809523803,0.11457214464733227
2,2,38481,234,25,59.91,0.29,15.28,6.5,0.2844949329846318,0.00025609741087174065,0.041999999999999815,0.006097557401708137,0.09858064516129032,0.030721966205837455,0.23809523809523803,0.3237908435685442
2,2,38503,234,25,61.46,0.29,15.48,6.522,0.2932821183393227,0.0004281990746719249,0.04300000000000015,0.009958118015626126,0.09987096774193549,0.09002250562640639,0.4651162790697662,0.491648737617545
2,2,38524,234,25,63.0,0.31,15.88,6.543,0.3056358287021863,0.0005781948611907026,0.04300000000000015,0.013446392120713968,0.10245161290322581,0.10352588147036725,0.4651162790697662,0.6160243885750685
2,2,38546,234,25,64.43,0.31,16.17,6.565,0.31977116704805075,0.000700020726533376,0.04699999999999971,0.014894058011348518,0.1043225806451613,0.08098833218943065,0.42553191489362,0.6409409277124297
2,2,38571,255,50,65.86,0.33,16.47,6.59,0.3357600523046703,0.0007889577476834972,0.045999999999999375,0.017151255384424087,0.10625806451612903,0.09817671809256796,0.8695652173913158,0.7031283312250386
2,2,38592,255,50,67.84,0.35,16.87,6.611,0.3521150702844021,0.0008418569584636693,0.04100000000000037,0.02053309654789419,0.10883870967741936,0.15578284815106117,0.9756097560975517,0.8257122126631359
2,2,38612,255,50,70.27,0.37,17.46,6.631,0.3696142530238592,0.0008572933407347598,0.041999999999999815,0.020411746207970562,0.11264516129032259,0.16743471582181332,0.9523809523809574,0.8442690577375044
2,2,38634,255,50,72.8,0.39,17.96,6.653,0.3875743707093771,0.0008356396023715504,0.043999999999999595,0.01899180914480814,0.11587096774193549,0.15982404692082255,0.909090909090917,0.8120597937531554
2,2,38656,255,50,75.0,0.41,18.55,6.675,0.4053448839489977,0.0007790513803951989,0.04300000000000015,0.01811747396267898,0.11967741935483872,0.16354088522130475,0.6976744186046481,0.8345180443525264
2,2,38677,255,8,77.09,0.42,19.05,6.696,0.42345864661653587,0.0006913583718831901,0.04300000000000015,0.016078101671702042,0.12290322580645162,0.13503375843960927,0.4651162790697662,0.7517276507750519
2,2,38699,255,8,78.75,0.43,19.45,6.718,0.43766917293232505,0.0005778609258755126,0.04300000000000015,0.01343862618315141,0.12548387096774194,0.1035258814703666,0.6976744186046494,0.5640998350273968
2,2,38720,255,8,80.29,0.45,19.74,6.739,0.447714939522714,0.00044503801466648697,0.04300000000000015,0.010349721271313615,0.1273548387096774,0.08852213053263264,0.6976744186046494,0.3650683838007516
2,2,38742,255,8,81.61,0.46,20.04,6.761,0.4533671134357574,0.00030017903501376606,0.04499999999999993,0.0066706452225281454,0.12929032258064516,0.07168458781362037,0.4444444444444443,0.16926373905778783
2,2,38765,255,8,82.82,0.47,20.24,6.784,0.45533180778031446,0.00015095771530826597,0.04499999999999993,0.0033546158957392493,0.1305806451612903,0.05734767025089642,0.22222222222222154,-0.022374777523518758
2,2,38787,53,255,83.81,0.47,20.44,6.806,0.4523602484471991,4.971484467187537e-06,0.04300000000000015,0.00011561591784157023,0.1318709677419355,0.04501125281320352,0.0,-0.22708439450496423
2,2,38808,53,255,83.7,0.47,20.54,6.827,0.44556717881660096,-0.0001307253649537543,0.04300000000000015,-0.0030401247663663688,0.13251612903225807,-0.015003750937734291,-0.23255813953488183,-0.37016200764803153
2,2,38830,53,255,79.52,0.46,20.34,6.849,0.43644328211833366,-0.0002500610210187588,0.04300000000000015,-0.00581537258183158,0.13122580645161291,-0.12003000750187562,-0.6976744186046481,-0.47636786607569737
2,2,38851,53,255,74.89,0.44,19.74,6.87,0.4250833605753459,-0.0003483193219959162,0.04300000000000015,-0.00810044934874221,0.1273548387096774,-0.2235558889722422,-0.9302325581395324,-0.5564213871382118
2,2,38873,53,255,69.94,0.42,18.85,6.892,0.4125171624713905,-0.0004224061909817394,0.04300000000000015,-0.009823399790272976,0.12161290322580647,-0.28207051762940594,-1.6279069767441805,-0.5748192523776481
2,2,38894,227,20,65.2,0.37,17.86,6.913,0.40036613272310695,-0.0004709740238890419,0.04299999999999926,-0.010952884276489534,0.1152258064516129,-0.22355588897224715,-1.3953488372093263,-0.5712461132609111
2,2,38916,227,20,65.42,0.36,17.36,6.935,0.3879535796011717,-0.0004943839257927536,0.04300000000000015,-0.011497300599831438,0.112,-0.07501875468867178,-0.2325581395348831,-0.5521640298927231
2,2,38937,227,20,65.31,0.36,17.36,6.956,0.3766230794377198,-0.0004945093867536095,0.04500000000000082,-0.010989097483413344,0.112,0.0,-0.22222222222221838,-0.42410373760486614
2,2,38961,227,20,65.31,0.35,17.36,6.98,0.3688689114089524,-0.0004744105042623836,0.04499999999999993,-0.010542455650275208,0.112,0.0,-0.22222222222222276,-0.29181649776615004
2,2,38982,227,20,65.42,0.35,17.36,7.001,0.36349133703824305,-0.00043792659413511713,0.04299999999999926,-0.010184339398491272,0.112,0.0,0.0,-0.17424755011897997
2,2,39004,237,28,65.64,0.35,17.36,7.023,0.3613762667538364,-0.0003892419220829169,0.04299999999999926,-0.009052137722858688,0.112,0.0,0.23255813953488794,-0.0545854018261028
2,2,39025,237,28,66.41,0.36,17.36,7.044,0.36114416475972067,-0.0003324754390371396,0.04300000000000015,-0.007731986954352056,0.112,0.0,0.2325581395348831,0.022655222484927667
2,2,39047,237,28,67.51,0.36,17.36,7.066,0.3623504413206883,-0.00027133560737396676,0.04300000000000015,-0.006310130404045717,0.112,0.030007501875468582,0.2325581395348831,0.07921725446072189
2,2,39068,237,28,68.72,0.37,17.56,7.087,0.3645505067015317,-0.00020886988325241162,0.04300000000000015,-0.004857439145404905,0.11329032258064516,0.06001500375093781,0.4651162790697662,0.09335776245467077
2,2,39090,237,28,69.83,0.38,17.76,7.109,0.36636482510623913,-0.00014732681659560142,0.04300000000000015,-0.003426205037106998,0.11458064516129034,0.06001500375093781,0.2325581395348831,0.08803606589780692
2,2,39111,15,232,70.82,0.38,17.96,7.13,0.36833605753513743,-8.813673408318223e-05,0.04300000000000015,-0.0020496914903065564,0.11587096774193549,0.04501125281320255,0.2325581395348831,-0.003497114880225068
2,2,39133,15,232,70.82,0.39,18.06,7.152,0.36621444916638946,-3.200395693154334e-05,0.04499999999999993,-0.0007111990429231865,0.11651612903225805,0.014336917562723641,0.22222222222222276,-0.11477970288038807
2,2,39156,15,232,70.05,0.39,18.06,7.175,0.36317097090552,2.091006346817892e-05,0.04499999999999993,0.0004646680770706434,0.11651612903225805,-0.0286738351254479,-0.44444444444444553,-0.14885038683665466
2,2,39178,15,232,67.95,0.37,17.86,7.197,0.35951618175874,7.0745514559178e-05,0.04300000000000015,0.0016452445246320406,0.1152258064516129,-0.07501875468867178,-0.6976744186046494,-0.17850490736446642
2,2,39199,15,232,65.97,0.36,17.56,7.218,0.3554952598888479,0.00011768588801009372,0.04300000000000015,0.0027368811165137978,0.11329032258064516,-0.10502625656414068,-0.6976744186046481,-0.17835285889141134
2,2,39221,242,59,63.99,0.34,17.16,7.24,0.3518470088264093,0.00016172529152073522,0.04300000000000015,0.0037610532911798757,0.11070967741935483,-0.07351837959489835,-0.6976744186046481,-0.1575982423196474
2,2,39242,242,59,63.88,0.33,17.07,7.261,0.34871853546910303,0.00020249841422575088,0.04300000000000015,0.004709265447110469,0.11012903225806452,-0.013503375843960861,-0.2325581395348831,-0.10977899754441585
2,2,39264,242,59,63.88,0.33,17.07,7.283,0.3471265119319994,0.0002391979644804927,0.04300000000000015,0.005562743360011438,0.11012903225806452,0.0,0.0,-0.035655366930977796
2,2,39285,242,59,63.77,0.33,17.07,7.304,0.347185354691071,0.00027058901901330044,0.04299999999999926,0.006292767884030351,0.11012903225806452,0.0,0.23255813953488794,0.0567901046853754
2,2,39307,242,59,64.98,0.34,17.07,7.326,0.3495684864334705,0.0002951150249629926,0.04300000000000015,0.0068631401154184086,0.11012903225806452,0.0,0.2325581395348831,0.16831765966990003
2,2,39328,246,38,66.63,0.34,17.07,7.347,0.3544230140568767,0.0003110784104449422,0.04300000000000015,0.007234381638254445,0.11012903225806452,0.05851462865716438,0.46511627906976494,0.2534648045796944
2,2,39350,246,38,68.5,0.36,17.46,7.369,0.3604674730303974,0.00031686993455740266,0.045999999999999375,0.006888476838204499,0.11264516129032259,0.11079943899018377,0.6521739130434865,0.33578748383245494
2,2,39374,246,38,70.71,0.37,17.86,7.393,0.3698692383131694,0.00031121472569140354,0.04600000000000026,0.006765537515030473,0.1152258064516129,0.11220196353436114,0.6521739130434752,0.4714527339141709
2,2,39396,246,38,72.47,0.39,18.26,7.415,0.3821542987904494,0.0002934003874246969,0.041999999999999815,0.006985723510111862,0.11780645161290323,0.10599078341013907,0.7142857142857181,0.5927863136101074
2,2,39416,246,38,74.01,0.4,18.55,7.435,0.3947662634847938,0.0002634550520472807,0.041999999999999815,0.006272739334459093,0.11967741935483872,0.09062980030722018,0.4761904761904774,0.6088980214511405
2,2,39438,231,23,75.44,0.41,18.85,7.457,0.40772801569139716,0.00022225071493178205,0.04300000000000015,0.0051686212774832855,0.12161290322580647,0.07501875468867178,0.46511627906976494,0.5320936314496978
2,2,39459,231,23,76.32,0.42,19.05,7.478,0.4176462896371309,0.00017151745989763255,0.04300000000000015,0.003988778137154232,0.12290322580645162,0.060015003750937164,0.4651162790697662,0.3868113154473579
2,2,39481,231,23,76.87,0.43,19.25,7.5,0.4243609022556336,0.00011376475794505935,0.04300000000000015,0.0026456920452339293,0.12419354838709677,0.045011252813203194,0.2325581395348831,0.21606088020860664
2,2,39502,231,23,77.31,0.43,19.35,7.521,0.426936907486101,5.211543745781455e-05,0.04300000000000015,0.0012119869176235901,0.12483870967741936,0.030007501875468905,0.0,0.05602986232010668
2,2,39524,231,23,77.53,0.43,19.45,7.543,0.4267701863353982,-9.934155243680465e-06,0.04300000000000015,-0.00023102686613210303,0.12548387096774194,0.015003750937734291,0.0,-0.07229904893680057
2,2,39545,54,243,77.97,0.43,19.45,7.564,0.4238280483818186,-6.880773596425626e-05,0.04499999999999993,-0.0015290607992056971,0.12548387096774194,0.01433691756272395,0.22222222222222276,-0.2048599760270217
2,2,39569,54,243,77.09,0.44,19.55,7.588,0.41755148741418224,-0.00012117093336661355,0.04499999999999993,-0.002692687408146972,0.12612903225806452,0.0,0.0,-0.32537866405142757
2,2,39590,54,243,75.22,0.43,19.45,7.609,0.4091860084995044,-0.00016425144661908318,0.04300000000000015,-0.003819801084164712,0.12548387096774194,-0.09002250562640639,-0.6976744186046494,-0.43394634209385335
2,2,39612,54,243,71.92,0.41,18.95,7.631,0.3988917947041465,-0.00019612406711262055,0.04300000000000015,-0.004561024816572555,0.12225806451612903,-0.15003750937734386,-0.9302325581395312,-0.4729467754320024
2,2,39633,54,243,68.5,0.39,18.45,7.652,0.3888492971559282,-0.00021592591869694288,0.04300000000000015,-0.005021532992952143,0.11903225806451613,-0.1785446361590387,-1.1627906976744142,-0.47697605996790987
2,2,39655,220,77,65.42,0.36,17.76,7.674,0.3783818241255263,-0.00022397088466069804,0.04300000000000015,-0.005208625224667378,0.11458064516129034,-0.14853713428357013,-0.9302325581395324,-0.46549640025239225
2,2,39676,220,77,65.2,0.35,17.46,7.695,0.36883295194507526,-0.00022174272532130246,0.04299999999999926,-0.005156807565611774,0.11264516129032259,-0.045011252813204124,-0.46511627906977454,-0.4117472650280929
2,2,39698,220,77,65.09,0.34,17.46,7.717,0.3606766917293186,-0.0002117630171539311,0.04300000000000015,-0.004924721329161171,0.11264516129032259,0.0,0.0,-0.32219071439974367
2,2,39719,220,77,65.09,0.35,17.46,7.738,0.35497875122588624,-0.00019734834595134032,0.04300000000000015,-0.004589496417473015,0.11264516129032259,-0.015003750937734614,0.0,-0.2235112553882129
2,2,39741,220,77,65.09,0.34,17.36,7.76,0.3510657077476254,-0.00018228556404715235,0.04499999999999993,-0.004050790312158947,0.112,-0.014336917562724259,-0.22222222222222154,-0.12364243943191239
2,2,39764,236,70,64.98,0.34,17.36,7.783,0.3494148414514502,-0.000170461250809943,0.04499999999999993,-0.003788027795776517,0.112,0.0,0.0,-0.031092223311902818
2,2,39786,236,70,65.42,0.34,17.36,7.805,0.3496665576985898,-0.00016548264274707946,0.043999999999999595,-0.00376096915334275,0.112,0.0,0.2272727272727283,0.06850129275758507
2,2,39808,236,70,66.41,0.35,17.36,7.827,0.3524288983327839,-0.0001703250763692985,0.04300000000000015,-0.003961048287658091,0.112,0.015003750937734614,0.46511627906976494,0.14832328546340234
2,2,39829,236,70,67.62,0.36,17.46,7.848,0.3560444589735161,-0.00018703742874743413,0.04300000000000015,-0.004349707645289151,0.11264516129032259,0.045011252813203194,0.2325581395348831,0.14224134654127482
2,2,39851,236,70,68.72,0.36,17.66,7.87,0.35854527623405874,-0.00021653242814016237,0.04300000000000015,-0.005035637863724689,0.11393548387096775,0.060015003750937164,0.2325581395348831,0.09084896264928939
2,2,39872,35,237,69.83,0.37,17.86,7.891,0.35995096436743557,-0.000258482307716406,0.04300000000000015,-0.006011216458521049,0.1152258064516129,0.030007501875468582,0.2325581395348831,-0.014596653413107603
2,2,39894,35,237,69.71,0.37,17.86,7.913,0.3579176201372951,-0.0003113312935466581,0.04300000000000015,-0.00724026264061993,0.1152258064516129,0.0,0.0,-0.1546332970951086
2,2,39915,35,237,68.39,0.37,17.86,7.934,0.3533017325923459,-0.0003724249129127593,0.04300000000000015,-0.008661044486343208,0.1152258064516129,-0.030007501875468582,-0.2325581395348831,-0.25483324083717573
2,2,39937,35,237,66.85,0.36,17.66,7.956,0.3469597907812965,-0.0004382435260537854,0.04499999999999993,-0.009738745023417468,0.11393548387096775,-0.07168458781362005,-0.44444444444444553,-0.31215720460571367
2,2,39960,35,237,64.32,0.35,17.36,7.979,0.3392546583850888,-0.0005047161179317996,0.04499999999999904,-0.011215913731818008,0.112,-0.11326164874552205,-0.6666666666666803,-0.4073952998438158
2,2,39982,23,233,62.23,0.33,16.87,8.001,0.3286270022883252,-0.0005675822801546566,0.04300000000000015,-0.013199587910573364,0.10883870967741936,-0.13353338334583614,-0.9302325581395312,-0.5767958825273406
2,2,40003,23,233,60.35,0.31,16.47,8.022,0.31445243543641305,-0.000622766658807981,0.04300000000000104,-0.014482945553673628,0.10625806451612903,-0.1350337584396068,-0.9302325581395132,-0.7273238708499979
2,2,40025,23,233,58.7,0.29,15.97,8.044,0.29735207584177453,-0.0006667311389883004,0.04299999999999926,-0.015505375325309578,0.10303225806451613,-0.13353338334583859,-0.9302325581395504,-0.8279799600112546
2,2,40046,23,233,57.16,0.27,15.58,8.065,0.2788492971559297,-0.0006967747714556651,0.04299999999999926,-0.016204064452457607,0.10051612903225807,-0.11852963240810399,-0.6976744186046625,-0.8960216517025665
2,2,40068,23,233,55.73,0.26,15.18,8.087,0.25882314481856483,-0.0007112581415792647,0.04300000000000104,-0.01654088701347087,0.09793548387096775,-0.1350337584396068,-0.697674418604635,-0.9624668344267806
2,2,40089,55,255,54.52,0.24,14.68,8.108,0.23746322327557715,-0.0007097357153241877,0.04300000000000104,-0.016505481751724897,0.09470967741935483,-0.1335333833458334,-0.6976744186046343,-0.9414081209089121
2,2,40111,55,255,52.98,0.23,14.29,8.13,0.21834259561948063,-0.00069298566822774,0.04299999999999926,-0.016115945772738414,0.09219354838709677,-0.13353338334583892,-0.4651162790697752,-0.8041083497419002
2,2,40132,55,255,51.21,0.22,13.79,8.151,0.20288656423667603,-0.0006629318778444943,0.04499999999999993,-0.014731819507655453,0.08896774193548386,-0.17060931899641593,-0.8888888888888905,-0.6131996658312375
2,2,40156,55,255,49.23,0.19,13.1,8.175,0.190748610657075,-0.000622457972191599,0.04499999999999993,-0.013832399382035555,0.08451612903225807,-0.1849462365591399,-1.1111111111111127,-0.44858523119392224
2,2,40177,55,255,47.47,0.17,12.5,8.196,0.18270022883294956,-0.0005751198372155582,0.04299999999999926,-0.013374879935245769,0.08064516129032258,-0.17854463615904273,-0.9302325581395511,-0.30250043713936103
2,2,40199,245,30,45.93,0.15,11.91,8.218,0.1777410918600827,-0.0005247721206672509,0.04300000000000104,-0.012204002806214842,0.07683870967741936,-0.1335333833458334,-0.4651162790697566,-0.1690779020351628
2,2,40220,245,30,46.15,0.15,11.61,8.239,0.1754298790454374,-0.00047513649435596326,0.04299999999999926,-0.01104968591525515,0.0749032258064516,-0.04501125281320445,0.0,-0.0771646000745034
2,2,40242,245,30,46.26,0.15,11.61,8.261,0.1744230140568791,-0.00042935322282629154,0.04299999999999926,-0.009984958670379044,0.0749032258064516,0.0,0.0,-0.014520629176581664
2,2,40263,245,30,48.46,0.15,11.61,8.282,0.17480549199084439,-0.0003895693904681821,0.04300000000000104,-0.00905975326670169,0.0749032258064516,0.08852213053263114,0.4651162790697566,0.01809376829333036
2,2,40285,245,30,51.76,0.17,12.2,8.304,0.17520104609349232,-0.0003566227849126342,0.04299999999999926,-0.008293553137503263,0.07870967741935483,0.20855213803451256,1.1627906976744389,0.014900750359215448
2,2,40306,28,255,55.4,0.2,13.0,8.325,0.17544622425629064,-0.00032987652578913364,0.04299999999999926,-0.0076715471113753325,0.08387096774193549,0.19354838709677763,0.9302325581395504,0.0033450664071707228
2,2,40328,28,255,55.4,0.21,13.49,8.347,0.17534488394900066,-0.0003072440656397735,0.04499999999999993,-0.006827645903106088,0.08703225806451613,0.07025089605734766,0.0,-0.01728960081362785
2,2,40351,28,255,54.63,0.2,13.49,8.37,0.1746681922196774,-0.00028541759178567005,0.04499999999999993,-0.006342613150792677,0.08703225806451613,-0.041577060931899765,-0.22222222222222215,-0.06588936108386831
2,2,40373,28,255,52.87,0.2,13.2,8.392,0.1723798627002266,-0.000260279780299971,0.04300000000000104,-0.006053018146510807,0.08516129032258064,-0.08852213053263114,-0.4651162790697566,-0.18329443426563763
2,2,40394,28,255,50.77,0.18,12.9,8.413,0.16678653154625478,-0.0002274478835474696,0.04300000000000104,-0.005289485663894514,0.0832258064516129,-0.1200300075018725,-0.6976744186046343,-0.3259919262260682
2,2,40416,69,242,48.79,0.17,12.4,8.435,0.15836220987250532,-0.0001828785099082886,0.04299999999999926,-0.004252988602518412,0.08,-0.14853713428357318,-0.6976744186046632,-0.4302211545040578
2,2,40437,69,242,47.14,0.15,11.91,8.456,0.1482870219025806,-0.00012345458261233587,0.04299999999999926,-0.0028710368049380927,0.07683870967741936,-0.13353338334583892,-0.6976744186046632,-0.436379117662713
2,2,40459,69,242,45.71,0.14,11.51,8.478,0.139597907813009,-4.748119153102337e-05,0.04300000000000104,-0.0011042137565354007,0.07425806451612903,-0.12003000750187282,-0.6976744186046343,-0.3700099591749714
2,2,40480,69,242,44.39,0.12,11.11,8.499,0.13237659365805646,4.4969372907958774e-05,0.04300000000000104,0.0010457993699525044,0.0716774193548387,-0.13353338334583306,-0.6976744186046346,-0.3005998312261842
2,2,40502,69,242,43.28,0.11,10.62,8.521,0.12667211507028275,0.0001519045956755516,0.04299999999999926,0.003532665015710563,0.06851612903225807,-0.13353338334583859,-0.2325581395348876,-0.1877038399841875
2,2,40523,255,32,42.18,0.11,10.22,8.542,0.12430532853873653,0.00026947062143700153,0.04499999999999993,0.005988236031933377,0.06593548387096775,-0.07168458781362037,-0.22222222222222246,0.005375758236169595
2,2,40547,255,32,42.51,0.1,10.12,8.566,0.12691402419091039,0.0003922198678475368,0.04499999999999993,0.00871599706327861,0.06529032258064515,-0.014336917562724259,-0.22222222222222246,0.2118339326577284
2,2,40568,255,32,43.17,0.1,10.12,8.587,0.1338378555083343,0.0005135601568716162,0.04299999999999926,0.011943259462130814,0.06529032258064515,0.060015003750938725,0.4651162790697752,0.39106867269285667
2,2,40590,255,32,47.58,0.12,10.52,8.609,0.14372997711670293,0.0006263351925386544,0.04300000000000104,0.014565934710200913,0.06787096774193548,0.2235558889722376,1.1627906976743903,0.5432691942190973
2,2,40611,255,32,52.2,0.15,11.61,8.63,0.15719843085975604,0.0007234679457158641,0.04299999999999926,0.01682483594688085,0.0749032258064516,0.37209302325582067,1.6279069767442143,0.6680249663592782
2,2,40633,211,26,56.94,0.19,13.0,8.652,0.1724550506701514,0.0007985895945415624,0.04299999999999926,0.018571851035850608,0.08387096774193549,0.34208552138035114,1.6279069767442143,0.7673126192630249
2,2,40654,211,26,59.58,0.22,13.89,8.673,0.19019287348806554,0.00084658143277791,0.04300000000000104,0.01968794029716022,0.08961290322580645,0.20855213803450362,0.9302325581395127,0.8431087830800146
2,2,40676,211,26,61.13,0.23,14.39,8.695,0.2087087283425929,0.0008639765273996307,0.04299999999999926,0.020092477381387107,0.09283870967741936,0.13353338334583859,0.4651162790697752,0.8851501858792619
2,2,40697,211,26,62.01,0.24,14.78,8.716,0.22825433148087315,0.0008491964748557095,0.04299999999999926,0.019748755229202886,0.09535483870967741,0.08852213053263447,0.4651162790697752,0.8839337980948362
2,2,40719,211,26,62.67,0.25,14.98,8.738,0.2467178816606702,0.000802626296624167,0.04300000000000104,0.01866572782846855,0.09664516129032258,0.06001500375093657,0.4651162790697566,0.8177166880801293
2,2,40740,223,53,63.44,0.26,15.18,8.759,0.26341614906831956,0.000726548834459237,0.04499999999999993,0.016145529654649736,0.09793548387096775,0.07168458781362037,0.44444444444444553,0.707783952635204
2,2,40764,223,53,64.21,0.27,15.48,8.783,0.27856815952925434,0.0006249666707629533,0.04499999999999993,0.013888148239176763,0.09987096774193549,0.08602150537634401,0.44444444444444553,0.580436598743229
2,2,40785,223,53,65.09,0.28,15.78,8.804,0.2895357960117648,0.0005033377464011934,0.04300000000000104,0.011705528986073983,0.10180645161290322,0.07351837959489683,0.46511627906975533,0.419425712917262
2,2,40807,223,53,65.97,0.29,15.97,8.826,0.29660346518469705,0.0003682454404471933,0.04299999999999926,0.008563847452260458,0.10303225806451613,0.0735183795949002,0.46511627906977454,0.24114887826239184
2,2,40828,223,53,66.74,0.3,16.27,8.847,0.2999051977770475,0.00022701891371260352,0.04299999999999926,0.0052795096212234285,0.10496774193548387,0.07501875468867332,0.4651162790697759,0.10035199221511781
2,2,40850,0,230,67.51,0.31,16.47,8.869,0.30091860084994704,8.73170280121922e-05,0.04300000000000104,0.0020306285584230257,0.10625806451612903,0.03000750187546796,0.2325581395348783,-0.006918205523922464
2,2,40871,0,230,67.29,0.31,16.47,8.89,0.2996077149395188,-4.331049179334201e-05,0.041999999999999815,-0.0010312021855557667,0.10625806451612903,0.0,0.0,-0.10733355126947677
2,2,40892,0,230,66.63,0.31,16.47,8.911,0.29641059169662903,-0.00015786838553994364,0.041999999999999815,-0.003758771084284389,0.10625806451612903,0.0,-0.23809523809523936,-0.21404442783978359
2,2,40913,0,230,65.2,0.3,16.47,8.932,0.29061784897024795,-0.0002503476982858146,0.04300000000000104,-0.005822039495018803,0.10625806451612903,-0.03000750187546796,-0.4651162790697566,-0.33253001056735565
2,2,40935,0,230,63.55,0.29,16.27,8.954,0.2821118012422324,-0.0003161205056621661,0.04499999999999993,-0.007024900125825924,0.10496774193548387,-0.08458781362007162,-0.4444444444444443,-0.4209073408158034
2,2,40958,30,238,61.79,0.28,15.88,8.977,0.2716770186335368,-0.00035227109259868607,0.04499999999999993,-0.007828246502193036,0.10245161290322581,-0.09892473118279588,-0.6666666666666671,-0.5016163597399248
2,2,40980,30,238,60.13,0.26,15.58,8.999,0.2595390650539358,-0.000357835958671096,0.04299999999999926,-0.008321766480723306,0.10051612903225807,-0.12003000750187777,-0.6976744186046637,-0.5916966328865674
2,2,41001,30,238,58.37,0.25,15.08,9.02,0.24623406341941487,-0.00033392656826191215,0.04299999999999926,-0.007765734145625997,0.09729032258064516,-0.13503375843961238,-0.6976744186046632,-0.5880474695332898
2,2,41023,30,238,56.83,0.23,14.68,9.042,0.2342530238640048,-0.00028371398465251653,0.04300000000000104,-0.00659799964308162,0.09470967741935483,-0.11852963240809909,-0.6976744186046343,-0.5235028927221794
2,2,41044,30,238,55.29,0.22,14.29,9.063,0.2237234390323606,-0.00021226342895677776,0.04300000000000104,-0.004936358812948201,0.09219354838709677,-0.11852963240809909,-0.6976744186046343,-0.4328059785459443
2,2,41066,237,38,53.86,0.2,13.89,9.085,0.21564236678652873,-0.00012621858379117511,0.04399999999999871,-0.002868604177072246,0.08961290322580645,-0.07331378299120468,-0.4545454545454677,-0.2643466373443529
2,2,41088,237,38,54.08,0.2,13.79,9.107,0.21209218698920942,-3.3348958071309556e-05,0.047999999999998266,-0.0006947699598189742,0.08896774193548386,-0.013440860215054458,0.0,-0.06585757872943383
2,2,41114,237,38,53.97,0.2,13.79,9.133,0.21248120300751602,5.80126079160479e-05,0.04800000000000004,0.0012085959982509969,0.08896774193548386,-0.01344086021505367,0.0,0.12088645526860456
2,2,41136,237,38,54.3,0.2,13.69,9.155,0.21789473684210245,0.00013960290643102625,0.045000000000001705,0.0031022868095782435,0.08832258064516128,0.0,0.22222222222221338,0.3176782536050116
2,2,41159,237,38,56.83,0.21,13.79,9.178,0.2267767244197421,0.0002038829521080423,0.04499999999999993,0.004530732269067614,0.08896774193548386,0.08602150537634431,0.4444444444444449,0.4504013657331676
2,2,41181,242,75,59.03,0.22,14.29,9.2,0.23816279830009496,0.0002446593327863624,0.04299999999999926,0.00568975192526434,0.09219354838709677,0.16354088522130844,0.6976744186046632,0.5791526338596757
2,2,41202,242,75,61.35,0.24,14.88,9.221,0.2516802876757077,0.00025761532455095446,0.04300000000000104,0.005991054059324378,0.096,0.16354088522130167,1.162790697674391,0.6161764370481095
2,2,41224,242,75,63.66,0.27,15.38,9.243,0.2646583850931643,0.00024069797499005752,0.04299999999999926,0.005597627325350271,0.09922580645161291,0.1635408852213081,0.9302325581395517,0.583942160760854
2,2,41245,242,75,65.75,0.28,15.97,9.264,0.276789800588424,0.00019431749615349858,0.04299999999999926,0.004519011538453533,0.10303225806451613,0.1485371342835735,0.6976744186046625,0.5041927366444442
2,2,41267,242,75,67.62,0.3,16.37,9.286,0.28633867276887504,0.0001213320912469964,0.04300000000000104,0.002821676540627755,0.10561290322580646,0.1350337584396068,0.930232558139512,0.37768840706415757
2,2,41288,56,247,69.27,0.32,16.87,9.307,0.2930304020921832,2.6812327813681592e-05,0.04300000000000104,0.0006235425072949057,0.10883870967741936,0.10502625656413819,0.4651162790697566,0.19218926993924873
2,2,41310,56,247,69.16,0.32,17.07,9.329,0.29460281137626293,-8.239847286026781e-05,0.04299999999999926,-0.001916243554889982,0.11012903225806452,0.015003750937734277,0.0,-0.03633958505971728
2,2,41331,56,247,67.62,0.32,16.97,9.35,0.29146779993461536,-0.0001982897959040084,0.04499999999999993,-0.004406439908977972,0.10948387096774193,-0.0573476702508958,-0.44444444444444553,-0.23958446841741768
2,2,41355,56,247,64.76,0.3,16.67,9.374,0.28382151029747915,-0.00031239873634694606,0.04499999999999993,-0.0069421941410432566,0.10754838709677421,-0.12903225806451618,-0.8888888888888898,-0.448149358904502
2,2,41376,56,247,61.9,0.28,16.07,9.395,0.2713010787839128,-0.00041656426286641236,0.04299999999999926,-0.009687540996893477,0.1036774193548387,-0.17854463615904304,-0.9302325581395504,-0.6759314869580454
2,2,41398,13,255,59.14,0.26,15.48,9.417,0.2547564563582837,-0.0005036462697861683,0.04300000000000104,-0.011712703948515259,0.09987096774193549,-0.19354838709676964,-1.162790697674391,-0.81011426442747
2,2,41419,13,255,56.39,0.23,14.78,9.438,0.23646616541353074,-0.0005681390820622721,0.04300000000000104,-0.013212536792145544,0.09535483870967741,-0.20855213803450362,-1.162790697674391,-0.8585417030949144
2,2,41441,13,255,53.75,0.21,14.09,9.46,0.2178391631252015,-0.0006066215124245656,0.04299999999999926,-0.014107477033129675,0.09090322580645162,-0.20855213803451192,-0.9302325581395511,-0.8319332203106385
2,2,41462,13,255,51.21,0.19,13.39,9.481,0.2006930369401739,-0.000618003553154054,0.04299999999999926,-0.01437217565474569,0.08638709677419355,-0.20855213803451256,-0.9302325581395504,-0.7734705824216793
2,2,41484,13,255,49.01,0.17,12.7,9.503,0.18457992808106985,-0.0006035506631058372,0.04299999999999926,-0.01403606193269413,0.08193548387096773,-0.2070517629407388,-0.9302325581395511,-0.6750952203562516
2,2,41505,232,63,47.03,0.15,12.01,9.524,0.17166394246485558,-0.0005666884817978666,0.04299999999999926,-0.013178801902276193,0.07748387096774194,-0.14853713428357318,-0.6976744186046632,-0.520766020207244
2,2,41527,232,63,47.14,0.14,11.71,9.546,0.16218698921215874,-0.0005126124065652018,0.045000000000001705,-0.011391386812559608,0.0755483870967742,-0.043010752688170464,-0.22222222222221338,-0.3455740801278379
2,2,41550,232,63,47.25,0.14,11.71,9.569,0.1561131088591023,-0.000447746267578637,0.04499999999999993,-0.00994991705730306,0.0755483870967742,-0.014336917562724259,0.0,-0.1896044458973502
2,2,41572,232,63,47.8,0.14,11.61,9.591,0.153654789146778,-0.000379109776326505,0.04299999999999926,-0.008816506426197943,0.0749032258064516,0.015003750937734602,0.23255813953488727,-0.06652120696078002
2,2,41593,232,63,50.22,0.15,11.81,9.612,0.1532526969597888,-0.00031366264083376906,0.04300000000000104,-0.007294480019389802,0.07619354838709677,0.11852963240809941,0.6976744186046343,0.018093768293331005
2,2,41615,36,221,52.54,0.17,12.4,9.634,0.15443282118339124,-0.0002576926682013756,0.04299999999999926,-0.005992852748869302,0.08,0.11852963240810399,0.4651162790697759,0.09290161703551138
2,2,41636,36,221,52.76,0.17,12.6,9.655,0.15724746649231572,-0.00021630600662103384,0.04299999999999926,-0.005030372247000874,0.08129032258064516,0.030007501875469203,0.0,0.10217657389175791
2,2,41658,36,221,52.54,0.17,12.6,9.677,0.15882641386073676,-0.00019306135402396763,0.04300000000000104,-0.004489798930789836,0.08129032258064516,0.0,0.0,0.06462060104761166
2,2,41679,36,221,52.42,0.17,12.6,9.698,0.1600261523373631,-0.0001897695181765382,0.04300000000000104,-0.004413244608756596,0.08129032258064516,0.0,0.0,0.03215825205075206
2,2,41701,36,221,52.31,0.17,12.6,9.72,0.16020921869891913,-0.00020645983492311793,0.04299999999999926,-0.004801391509840034,0.08129032258064516,0.0,-0.23255813953488794,-0.04371393600279812
2,2,41722,0,255,52.2,0.16,12.6,9.741,0.1581464530892428,-0.0002414995712876049,0.03999999999999915,-0.006037489282190251,0.08129032258064516,-0.016129032258064762,-0.25000000000000555,-0.15511605099705947
2,2,41741,0,255,51.43,0.16,12.5,9.76,0.15400457665903688,-0.0002918422712102817,0.040000000000000924,-0.007296056780256874,0.08064516129032258,-0.032258064516128095,-0.24999999999999445,-0.2696959790781203
2,2,41762,0,255,49.89,0.15,12.4,9.781,0.14735861392611774,-0.0003533742999296674,0.04300000000000104,-0.008218006975108346,0.08,-0.07351837959489683,-0.465116279069756,-0.33602712544757934
2,2,41784,0,255,48.13,0.14,12.01,9.803,0.13955541026479062,-0.0004213240484828162,0.04299999999999926,-0.009798233685647058,0.07748387096774194,-0.11852963240810431,-0.4651162790697752,-0.40475303526764517
2,2,41805,0,255,46.37,0.13,11.61,9.824,0.1299542334096093,-0.0004906953435604465,0.04299999999999926,-0.011411519617684997,0.0749032258064516,-0.13503375843961238,-0.4651162790697759,-0.44831492279739016
2,2,41827,14,255,44.72,0.12,11.11,9.846,0.12027786858450318,-0.0005566865901160174,0.04300000000000104,-0.012946199770139628,0.0716774193548387,-0.14853713428356705,-0.6976744186046343,-0.43622706918964116
2,2,41848,14,255,43.17,0.1,10.62,9.867,0.11119646943445427,-0.0006150609494017374,0.04299999999999926,-0.014303743009342977,0.06851612903225807,-0.1485371342835735,-0.4651162790697752,-0.43843177204893113
2,2,41870,14,255,41.85,0.1,10.12,9.889,0.10142530238639946,-0.0006624402646650758,0.04299999999999926,-0.015405587550350866,0.06529032258064515,-0.13503375843961204,-0.23255813953488794,-0.42816850011783963
2,2,41891,14,255,40.53,0.09,9.72,9.91,0.09278522392938748,-0.0006965051679972003,0.04300000000000104,-0.01619779460458566,0.06270967741935485,-0.11852963240809894,-0.46511627906975633,-0.3874195093395631
2,2,41913,14,255,39.32,0.08,9.33,9.932,0.08476626348479785,-0.0007160939646615567,0.04299999999999926,-0.016653348015385327,0.06019354838709678,-0.11852963240810431,-0.2325581395348876,-0.3494073910762768
2,2,41934,24,255,38.11,0.08,8.93,9.953,0.07776070611310784,-0.0007212018200603794,0.04499999999999993,-0.016026707112452902,0.05761290322580645,-0.1290322580645165,-0.22222222222222246,-0.3001707166466856
2,2,41958,24,255,37.01,0.07,8.43,9.977,0.07125858123569702,-0.0007128885696827485,0.04499999999999993,-0.015841968215172215,0.054387096774193545,-0.11326164874551982,-0.22222222222222246,-0.2573825869020343
2,2,41979,24,255,36.02,0.07,8.14,9.998,0.06617848970251632,-0.000693108276082155,0.04299999999999926,-0.016118797118189927,0.052516129032258066,-0.10352588147036923,-0.23255813953488794,-0.20283266305298198
2,2,42001,24,255,35.02,0.06,7.74,10.02,0.06253677672441894,-0.0006644772149709244,0.04300000000000104,-0.015452958487695545,0.049935483870967745,-0.09002250562640453,-0.2325581395348783,-0.1695340474543225
2,2,42022,24,255,34.25,0.06,7.54,10.041,0.05888852566198027,-0.0006299997176345045,0.04300000000000104,-0.01465115622405789,0.04864516129032258,-0.07501875468867039,-0.232558139534878,-0.13699567422093697
2,2,42044,22,241,33.37,0.05,7.24,10.063,0.05664596273291851,-0.0005927729836103053,0.04299999999999926,-0.013785418223495709,0.04670967741935484,-0.08852213053263462,-0.2325581395348876,-0.0937378836373039
2,2,42065,22,241,32.82,0.05,6.95,10.084,0.054857796665576275,-0.0005556922455157603,0.041999999999999815,-0.013230767750375303,0.044838709677419354,-0.07526881720430145,0.23809523809523903,-0.09775992776973383
2,2,42086,22,241,32.38,0.06,6.75,10.105,0.05254004576658971,-0.000521176670884918,0.041999999999999815,-0.012408968354402864,0.043548387096774194,-0.04608294930875585,0.0,-0.09168884945282378
2,2,42107,22,241,31.94,0.05,6.65,10.126,0.05100686498855769,-0.0004909346430045369,0.04299999999999926,-0.011417084721035939,0.04290322580645162,-0.045011252813204124,-0.2325581395348876,-0.06948615218531697
2,2,42129,22,241,31.61,0.05,6.45,10.148,0.04955214122262113,-0.00046578479176913936,0.04600000000000115,-0.010125756342807124,0.04161290322580645,-0.04207573632538484,0.0,-0.065451909547022
2,2,42153,11,245,31.17,0.05,6.35,10.172,0.047996077149394606,-0.00044554607461829045,0.04499999999999993,-0.00990102388040647,0.040967741935483866,-0.043010752688172005,0.0,-0.05608223457193655
2,2,42174,11,245,30.84,0.05,6.15,10.193,0.04702844066688399,-0.00042900616956580606,0.041999999999999815,-0.010214432608709714,0.03967741935483871,-0.04608294930875585,0.0,-0.05043665063279284
2,2,42195,11,245,30.4,0.05,6.05,10.214,0.045877737822817316,-0.0004139728169659698,0.04300000000000104,-0.009627274813161855,0.03903225806451613,-0.030007501875468124,-0.23255813953487817,-0.04249754821837038
2,2,42217,11,245,30.07,0.04,5.95,10.236,0.04520104609349402,-0.00039740808390690673,0.04299999999999926,-0.009242048462951478,0.03838709677419355,-0.030007501875469363,0.0,-0.039152481811201414
2,2,42238,11,245,29.63,0.05,5.85,10.257,0.044194181104935684,-0.00037564098868621797,0.04299999999999926,-0.008735836946191266,0.03774193548387097,-0.043510877719430664,0.0,-0.039988748412994254
2,2,42260,28,233,29.3,0.04,5.66,10.279,0.043481529911735296,-0.00034464934407803314,0.04300000000000104,-0.008015101025070345,0.036516129032258066,-0.028507126781694724,-0.23255813953487817,-0.04576659038901441
2,2,42281,28,233,29.08,0.04,5.66,10.3,0.04222621771820802,-0.0003003970159070546,0.04299999999999926,-0.006985977114117668,0.036516129032258066,-0.015003750937734763,0.0,-0.05724625010453365
2,2,42303,28,233,28.97,0.04,5.56,10.322,0.04101994115724039,-0.00023920825942475688,0.04299999999999926,-0.005562982777320023,0.03587096774193548,-0.030007501875469363,0.0,-0.04622273580817567
2,2,42324,28,233,28.97,0.04,5.46,10.343,0.0402386400784565,-0.00015815655139874796,0.045000000000001705,-0.003514590031083155,0.035225806451612905,-0.014336917562723385,0.0,-0.08666594021284654
2,2,42348,28,233,28.86,0.04,5.46,10.367,0.03711997384766215,-5.544143327594764e-05,0.045999999999999375,-0.001205248549477139,0.035225806451612905,-0.014025245441795488,0.0,-0.1350967210085708
2,2,42370,52,253,28.86,0.04,5.36,10.389,0.034024190912062324,6.927641529304029e-05,0.04299999999999926,0.0016110794254195694,0.03458064516129032,-0.015003750937734763,0.0,-0.1248317963766854
2,2,42391,52,253,28.64,0.04,5.36,10.41,0.03175220660346477,0.00021461378528310783,0.04300000000000104,0.004991018262397736,0.03458064516129032,-0.015003750937734142,0.0,-0.07017037031405361
2,2,42413,52,253,28.2,0.04,5.26,10.432,0.031006864988557946,0.0003773094558060128,0.04299999999999926,0.008774638507116728,0.03393548387096774,-0.030007501875469363,0.0,0.01490075035921448
2,2,42434,52,253,27.76,0.04,5.16,10.453,0.03239293886891098,0.0005522045894408114,0.04299999999999926,0.012841967196298161,0.03329032258064516,-0.030007501875469363,0.0,0.11783756661623787
2,2,42456,52,253,27.32,0.04,5.06,10.475,0.03607388035305609,0.0007323831928081788,0.041999999999999815,0.017437695066861478,0.03264516129032258,-0.030721966205837288,0.0,0.2662712682326913
2,2,42476,255,19,26.99,0.04,4.96,10.495,0.04357633213468397,0.000909486551417194,0.041999999999999815,0.021654441700409473,0.032,-0.01536098310291856,0.0,0.44085368701255856
2,2,42498,255,19,27.1,0.04,4.96,10.517,0.054589735207583465,0.0010742001967882758,0.04300000000000104,0.024981399925308137,0.032,-0.01500375093773398,0.0,0.5909363905212763
2,2,42519,255,19,29.41,0.04,4.86,10.538,0.06898659692709946,0.0012168916833178746,0.04300000000000104,0.0282998065887871,0.031354838709677424,0.09002250562640438,0.23255813953487817,0.745341614906805
2,2,42541,255,19,34.91,0.05,5.56,10.56,0.08663942464857685,0.0013283534634631984,0.04499999999999993,0.02951896585473779,0.03587096774193548,0.32688172043010794,1.1111111111111127,0.8471904398677754
2,2,42564,255,19,42.29,0.09,7.14,10.583,0.1071101667211493,0.001400580856813553,0.04499999999999993,0.031124019040301227,0.04606451612903226,0.4688172043010761,1.5555555555555578,0.9440993788819761
2,2,42586,229,39,48.46,0.12,8.83,10.605,0.1291238966982657,0.00142749734699256,0.04299999999999926,0.03319761272075778,0.05696774193548387,0.4771192798199632,1.3953488372093263,1.0316488896660294
2,2,42607,229,39,52.2,0.15,10.32,10.626,0.1514710689767878,0.001405536755202398,0.04299999999999926,0.032686901283777256,0.06658064516129032,0.387096774193555,1.3953488372093263,1.0075492066870966
2,2,42629,229,39,55.29,0.18,11.41,10.648,0.17244851258581012,0.001334008657574529,0.04300000000000104,0.031023457152895274,0.07361290322580645,0.29707426856713476,1.3953488372092686,0.9389753453400602
2,2,42650,229,39,57.82,0.21,12.3,10.669,0.19184700882641137,0.0012152054313000153,0.04300000000000104,0.02826059142558107,0.07935483870967742,0.2535633908477059,1.162790697674391,0.8152078882747512
2,2,42672,229,39,59.91,0.23,13.1,10.691,0.20750245178162527,0.0010542460122703722,0.04299999999999926,0.024517349122567218,0.08451612903225807,0.2235558889722465,0.9302325581395511,0.6457498650569826
2,2,42693,57,252,61.68,0.25,13.79,10.712,0.21961425302386114,0.0008586834141296169,0.04299999999999926,0.019969381723944923,0.08896774193548386,0.13353338334583859,0.4651162790697752,0.4653443517793494
2,2,42715,57,252,61.35,0.25,13.99,10.734,0.22751225890813695,0.000637926494330948,0.04300000000000104,0.014835499868161222,0.09025806451612903,0.030007501875468284,0.0,0.25452914389106357
2,2,42736,57,252,60.13,0.25,13.99,10.755,0.23055900621117714,0.00040254166295398085,0.04499999999999993,0.008945370287866255,0.09025806451612903,-0.04301075268817216,-0.22222222222222276,0.014165849406123789
2,2,42760,57,252,57.71,0.24,13.69,10.779,0.22814972213141252,0.0001635077931616049,0.04499999999999993,0.003633506514702337,0.08832258064516128,-0.11326164874551982,-0.6666666666666677,-0.23340961098397905
2,2,42781,57,252,55.29,0.22,13.2,10.8,0.2200555737168981,-6.850311925336072e-05,0.04299999999999926,-0.0015930957965898116,0.08516129032258064,-0.1485371342835735,-0.9302325581395504,-0.4293088636657384
2,2,42803,44,224,52.87,0.2,12.7,10.822,0.20968944099378609,-0.0002837564458163424,0.04299999999999926,-0.006598987112008077,0.08193548387096773,-0.16504126031508157,-0.9302325581395511,-0.5327778495784482
2,2,42824,44,224,50.99,0.18,12.1,10.843,0.19714612618502522,-0.0004739504047112284,0.04300000000000104,-0.01102210243514458,0.07806451612903226,-0.14853713428356705,-0.6976744186046343,-0.6287964603115243
2,2,42846,44,224,49.78,0.17,11.71,10.865,0.1826511932003899,-0.0006325518106365653,0.04299999999999926,-0.014710507224106424,0.0755483870967742,-0.1035258814703694,-0.6976744186046632,-0.6780601655807897
2,2,42867,44,224,48.57,0.15,11.41,10.886,0.16798953906505176,-0.0007549693854958157,0.04299999999999926,-0.017557427569670433,0.07361290322580645,-0.09002250562640825,-0.4651162790697759,-0.6622471243832556
2,2,42889,44,224,47.69,0.15,11.11,10.908,0.1541745668519104,-0.0008385805455304016,0.04300000000000104,-0.019501873151869333,0.0716774193548387,-0.09002250562640421,-0.23255813953487767,-0.6302409208055293
2,2,42910,68,230,46.7,0.14,10.81,10.929,0.14088917947041335,-0.0008826398835625806,0.04300000000000104,-0.020526508920059517,0.06974193548387098,-0.08852213053263114,-0.465116279069756,-0.5774801006560675
2,2,42932,68,230,45.82,0.13,10.52,10.951,0.1293429225236989,-0.0008881026004602042,0.04499999999999993,-0.019735613343560124,0.06787096774193548,-0.08458781362007192,-0.44444444444444553,-0.4862881842286826
2,2,42955,68,230,44.83,0.12,10.22,10.974,0.11900621118012267,-0.0008573950557322138,0.04499999999999993,-0.019053223460715894,0.06593548387096775,-0.08602150537634401,-0.44444444444444525,-0.431876793432853
2,2,42977,68,230,43.95,0.11,9.92,10.996,0.10990846681922053,-0.0007941595923540792,0.04299999999999926,-0.01846882772916495,0.064,-0.07501875468867332,-0.2325581395348876,-0.4204140279921253
2,2,42998,68,230,43.17,0.11,9.72,11.017,0.10092840797646159,-0.0007029938251691714,0.04299999999999926,-0.016348693608585662,0.06270967741935485,-0.058514628657165425,-0.2325581395348876,-0.4360750207166061
2,2,43020,44,249,42.4,0.1,9.53,11.039,0.0911572409284068,-0.0005891968960902413,0.04300000000000104,-0.013702253397447142,0.06148387096774193,-0.07351837959489715,-0.46511627906975633,-0.3923610847137924
2,2,43041,44,249,41.52,0.09,9.23,11.06,0.08405688133376811,-0.00045852747099116975,0.04300000000000104,-0.010663429557933923,0.059548387096774194,-0.10502625656413835,-0.2325581395348783,-0.2608391555227713
2,2,43063,44,249,40.42,0.09,8.83,11.082,0.07994115724092736,-0.00031697127144255256,0.04299999999999926,-0.007371424917268791,0.05696774193548387,-0.10502625656414301,-0.2325581395348876,-0.12924120209522832
2,2,43084,44,249,39.32,0.08,8.53,11.103,0.07849950964367339,-0.00017051117485019062,0.04299999999999926,-0.003965376159306827,0.05503225806451612,-0.08852213053263462,-0.4651162790697752,0.012391950553836923
2,2,43106,44,249,38.33,0.07,8.24,11.125,0.08047401111474234,-2.4892163261624134e-05,0.04300000000000104,-0.0005788875177121753,0.05316129032258065,-0.0885221305326308,-0.232558139534878,0.16755741730463064
2,2,43127,254,9,37.45,0.07,7.94,11.146,0.08570447858777268,0.00011462243704878894,0.04499999999999993,0.0025471652677508693,0.051225806451612906,-0.04301075268817216,0.0,0.2522974101921443
2,2,43151,254,9,37.56,0.07,7.94,11.17,0.09182739457338882,0.00024349849284480385,0.04499999999999993,0.005411077618773428,0.051225806451612906,-0.014336917562724105,0.0,0.3153536013947876
2,2,43172,254,9,38.44,0.07,7.84,11.191,0.0998953906505381,0.00035816625692061346,0.04299999999999926,0.008329447835363248,0.05058064516129032,0.058514628657165266,0.2325581395348876,0.3770041889354341
2,2,43194,254,9,43.17,0.08,8.33,11.213,0.1080385746976122,0.0004562154236859044,0.04299999999999926,0.010609661015951448,0.05374193548387097,0.26706676669167734,0.9302325581395507,0.3774603343545938
2,2,43215,254,9,48.35,0.11,9.62,11.234,0.11612618502778535,0.0005365133709565555,0.04300000000000104,0.012477055138524245,0.06206451612903225,0.4021005251312731,1.8604651162790249,0.3652964565103218
2,2,43237,72,241,53.53,0.16,11.01,11.256,0.12374632232755642,0.0005992088916052936,0.04299999999999926,0.013935090502448927,0.07103225806451613,0.3135783945986553,1.3953488372093266,0.3526764332469206
2,2,43258,72,241,53.97,0.17,11.71,11.277,0.13129127165740268,0.0006455960142118702,0.04299999999999926,0.015013860795625146,0.0755483870967742,0.10502625656414286,0.23255813953488794,0.36103909926484706
2,2,43280,72,241,53.53,0.17,11.71,11.299,0.13927100359594458,0.0006778389963492852,0.04300000000000104,0.015763697589517883,0.0755483870967742,0.0,0.23255813953487767,0.39160084234852616
2,2,43301,72,241,52.65,0.18,11.71,11.32,0.1481301078783897,0.0006985924163299142,0.04300000000000104,0.016246335263485984,0.0755483870967742,-0.015003750937734303,-0.2325581395348783,0.39509795722874985
2,2,43323,72,241,51.32,0.16,11.61,11.342,0.15626021575678123,0.0007105762880450577,0.04499999999999993,0.015790584178779085,0.0749032258064516,-0.04301075268817216,-0.6666666666666677,0.35211216446913957
2,2,43346,236,78,50.0,0.15,11.41,11.365,0.16397515527950096,0.0007161757910170294,0.04499999999999993,0.015915017578156235,0.07361290322580645,-0.04301075268817185,0.0,0.326758926301257
2,2,43368,236,78,49.89,0.16,11.31,11.387,0.17096436744033777,0.0007171279824915385,0.04299999999999926,0.01667739494166397,0.07296774193548387,-0.015003750937734602,0.0,0.3204421569596403
2,2,43389,236,78,49.78,0.15,11.31,11.408,0.17775416802876526,0.0007143392290071517,0.04299999999999926,0.01661254020946893,0.07296774193548387,0.0,0.0,0.3016641705375685
2,2,43411,236,78,51.54,0.16,11.31,11.43,0.183935926773453,0.0007078532382040539,0.04300000000000104,0.016461703214047368,0.07296774193548387,0.045011252813201945,0.4651162790697566,0.2841025718999113
2,2,43432,236,78,53.86,0.17,11.61,11.451,0.18997057862046174,0.0006969650748129546,0.04300000000000104,0.016208490111928785,0.0749032258064516,0.13353338334583306,0.9302325581395127,0.32994518652545196
2,2,43454,228,81,56.28,0.2,12.2,11.473,0.19812356979404777,0.0006804548382854048,0.04299999999999926,0.015824531122916662,0.07870967741935483,0.19354838709677763,1.1627906976744384,0.47842052046192607
2,2,43475,228,81,58.26,0.22,12.9,11.494,0.2105426610003242,0.0006568988286988037,0.04299999999999926,0.015276716946484071,0.0832258064516129,0.17854463615904304,0.6976744186046632,0.6336620114492523
2,2,43497,228,81,60.02,0.23,13.39,11.516,0.22537103628636515,0.0006250085933196754,0.041999999999999815,0.01488115698380186,0.08638709677419355,0.15207373271889474,0.47619047619047805,0.7444076028580695
2,2,43517,228,81,61.35,0.24,13.89,11.536,0.24180778032036299,0.0005839499299052964,0.041999999999999815,0.013903569759649974,0.08961290322580645,0.1382488479262677,0.7142857142857174,0.8167935366366172
2,2,43539,228,81,62.56,0.26,14.29,11.558,0.2596763648251029,0.0005336024743460257,0.0470000000000006,0.011353244135021678,0.09219354838709677,0.09608785175017037,0.638297872340418,0.6958886578147315
2,2,43564,232,36,63.66,0.27,14.59,11.583,0.2745145472376558,0.0004747318609924811,0.06099999999999994,0.00778248952446691,0.09412903225806452,0.10470650449497634,0.4918032786885246,0.4436250998129619
2,2,43600,232,36,65.42,0.29,15.28,11.619,0.2867374959136936,0.00040905742826228495,0.05799999999999983,0.007052714280384244,0.09858064516129032,0.09899888765294813,0.5172413793103459,0.37982888255120245
2,2,43622,232,36,66.3,0.3,15.48,11.641,0.29654462242562546,0.00033920831728147683,0.04300000000000104,0.00788856551817369,0.09987096774193549,0.09002250562640453,0.4651162790697566,0.3583782509864003
2,2,43643,232,36,67.18,0.31,15.88,11.662,0.30214776070610916,0.00026857055066496294,0.04299999999999926,0.006245826759650408,0.10245161290322581,0.08852213053263447,0.4651162790697759,0.1884640823494528
2,2,43665,32,238,67.84,0.32,16.07,11.684,0.3046485779666518,0.0002010380093174984,0.04299999999999926,0.0046753025422674845,0.1036774193548387,0.043510877719430664,0.23255813953488794,0.01854991371249307
2,2,43686,32,238,67.73,0.32,16.17,11.705,0.30294540699574635,0.00014069053014485,0.04300000000000104,0.0032718727940662003,0.1043225806451613,0.015003750937734303,0.0,-0.10643393113724235
2,2,43708,32,238,66.85,0.32,16.17,11.727,0.30007191892775026,9.143120953658013e-05,0.04299999999999926,0.002126307198525156,0.1043225806451613,-0.030007501875469526,-0.23255813953488794,-0.18276226460995892
2,2,43729,32,238,64.87,0.31,15.97,11.748,0.29508662961751825,5.662110561131328e-05,0.04299999999999926,0.0013167698979375407,0.10303225806451613,-0.058514628657165585,-0.6976744186046637,-0.2696579669598663
2,2,43751,32,238,62.67,0.29,15.78,11.77,0.2884766263484762,3.875183155359174e-05,0.0470000000000006,0.0008245070543317287,0.10180645161290322,-0.10844200411804934,-0.8510638297872228,-0.28308514116001593
2,2,43776,225,37,60.46,0.27,15.18,11.795,0.28178162798299733,3.919406461084485e-05,0.04600000000000115,0.0008520448828444319,0.09793548387096775,-0.11220196353435896,-0.43478260869564045,-0.26017311710276786
2,2,43797,225,37,60.46,0.27,14.98,11.816,0.2765086629617486,5.805207198690887e-05,0.04299999999999926,0.00135004818574209,0.09664516129032258,-0.030007501875469526,-0.23255813953488794,-0.1981191603883331
2,2,43819,225,37,60.35,0.26,14.98,11.838,0.27326250408629915,9.414127484252433e-05,0.04299999999999926,0.0021893319730819987,0.09664516129032258,0.0,-0.23255813953488794,-0.07678447889187091
2,2,43840,225,37,60.24,0.26,14.98,11.859,0.2732069303693982,0.00014508986632159272,0.04300000000000104,0.003374182937711377,0.09664516129032258,0.0,0.0,0.07845701209545271
2,2,43862,225,37,60.24,0.26,14.98,11.881,0.2766361556064037,0.00020755037371409735,0.04299999999999926,0.004826752877072115,0.09664516129032258,0.0,0.0,0.24016056318754556
2,2,43883,255,36,60.68,0.26,14.98,11.902,0.2835338345864625,0.00027749576124226573,0.04299999999999926,0.006453389796331872,0.09664516129032258,0.0,0.4651162790697759,0.37586382538753565
2,2,43905,255,36,62.56,0.28,14.98,11.924,0.29279830009806745,0.00035056729506025697,0.04300000000000104,0.008152727792098802,0.09664516129032258,0.09002250562640453,0.6976744186046336,0.5065494879767484
2,2,43926,255,36,65.42,0.29,15.58,11.945,0.3053154625694632,0.00042243628857249505,0.04300000000000104,0.009824099734243833,0.10051612903225807,0.19354838709676964,0.930232558139512,0.649475052646759
2,2,43948,255,36,68.5,0.32,16.27,11.967,0.32072572736187877,0.0004891386997633163,0.04499999999999993,0.010869748883629267,0.10496774193548387,0.2136200716845881,1.3333333333333355,0.7087283425956115
2,2,43971,255,36,71.59,0.35,17.07,11.99,0.33720823798626565,0.0005473427524030932,0.04499999999999993,0.012163172275624313,0.11012903225806452,0.19928315412186415,1.1111111111111127,0.7393120482365252
2,2,43993,226,38,73.9,0.37,17.66,12.012,0.35399476953252235,0.0005945183377298449,0.04299999999999926,0.013826007854182677,0.11393548387096775,0.14853713428357318,0.9302325581395517,0.7474702935295786
2,2,44014,226,38,75.33,0.39,18.06,12.033,0.369349460608037,0.0006289931180949608,0.04299999999999926,0.0146277469324412,0.11651612903225805,0.10502625656414252,0.6976744186046637,0.7141716779309277
2,2,44036,226,38,75.88,0.4,18.36,12.055,0.3847041516835517,0.0006499001075102023,0.04300000000000104,0.01511395598860899,0.1184516129032258,0.05851462865716317,0.46511627906975533,0.6795046260747687
2,2,44057,226,38,76.21,0.41,18.45,12.076,0.39856815952925273,0.0006570392671849277,0.04400000000000048,0.014932710617839103,0.11903225806451613,0.027859237536657047,0.2272727272727237,0.5821866920264963
2,2,44080,226,38,76.54,0.41,18.55,12.099,0.41032036613271783,0.000650686871144103,0.04399999999999871,0.01478833798054823,0.11967741935483872,0.04398826979472275,0.0,0.4918422538559935
2,2,44101,240,27,76.76,0.41,18.75,12.12,0.4202092186989158,0.0006313895336572734,0.04299999999999926,0.014683477526913588,0.12096774193548387,0.030007501875469203,0.4651162790697759,0.4014079688604738
2,2,44123,240,27,77.31,0.43,18.75,12.142,0.4275809087937179,0.0005997759428136859,0.04300000000000104,0.013948277739852825,0.12096774193548387,0.03000750187546796,0.4651162790697566,0.32409132031290194
2,2,44144,240,27,77.86,0.43,18.95,12.163,0.43414514547237093,0.0005564110191647167,0.05200000000000138,0.0107002119070135,0.12225806451612903,0.06203473945409254,0.0,0.20475519903436673
2,2,44175,240,27,78.86,0.43,19.25,12.194,0.43822817914350526,0.0005017070693600339,0.0519999999999996,0.009648212872308418,0.12419354838709677,0.04962779156327605,0.19230769230769396,0.15131893278346345
2,2,44196,240,27,79.41,0.44,19.35,12.215,0.44201372997711097,0.00043589669243519324,0.04299999999999926,0.01013713238221397,0.12483870967741936,0.045011252813204124,0.23255813953488794,0.17599610755909126
2,2,44218,233,36,80.07,0.44,19.55,12.237,0.44579601176854605,0.00035906421109236676,0.04299999999999926,0.008350330490520301,0.12612903225806452,0.045011252813203805,0.23255813953488794,0.1647445205531521
2,2,44239,233,36,80.51,0.45,19.65,12.258,0.4490977443608964,0.0002712267390905296,0.04400000000000048,0.006164244070239242,0.1267741935483871,0.01466275659824022,0.227272727272725,0.1686528574400365
2,2,44262,233,36,80.73,0.45,19.65,12.281,0.45321673749590774,0.00017245207583557588,0.04400000000000048,0.003919365359899409,0.1267741935483871,0.02785923753665673,0.0,0.19019881720110268
2,2,44283,233,36,81.17,0.45,19.84,12.302,0.457466492317745,6.299754442969529e-05,0.04299999999999926,0.0014650591727836365,0.128,0.043510877719430664,0.23255813953488794,0.16755741730463852
2,2,44305,233,36,81.5,0.46,19.94,12.324,0.4604217064400071,-5.654857553018644e-05,0.04300000000000104,-0.0013150831518647691,0.12864516129032258,0.01500375093773398,0.2325581395348783,0.09024076875707374
2,2,44326,62,218,81.72,0.46,19.94,12.345,0.46134684537429926,-0.00018514258064875833,0.04300000000000104,-0.004305641410436136,0.12864516129032258,0.01500375093773398,0.0,-0.03922850604772442
2,2,44348,62,218,81.5,0.46,20.04,12.367,0.4587348806799549,-0.00032119646342156115,0.045999999999999375,-0.006982531813512294,0.12929032258064516,0.014025245441795337,-0.21739130434782925,-0.16224398425174302
2,2,44372,62,218,80.07,0.45,20.04,12.391,0.4538836220987192,-0.0004625397613637006,0.045999999999999375,-0.010055212203558844,0.12929032258064516,-0.028050490883590674,-0.21739130434782925,-0.3035234589308829
2,2,44394,62,218,77.86,0.45,19.84,12.413,0.44477280156913446,-0.0006064415098553831,0.041999999999999815,-0.014439083567985374,0.128,-0.05990783410138272,-0.23809523809523936,-0.547019723221093
2,2,44414,62,218,75.88,0.44,19.65,12.433,0.4309087937234334,-0.0007496942588290168,0.041999999999999815,-0.017849863305452858,0.1267741935483871,-0.09062980030722018,-0.4761904761904787,-0.72806239200485
2,2,44436,67,250,73.9,0.43,19.25,12.455,0.4141941811049309,-0.0008887540640004552,0.04300000000000104,-0.020668699162800785,0.12419354838709677,-0.13503375843960647,-0.4651162790697566,-0.8521556672266788
2,2,44457,67,250,71.15,0.42,18.75,12.476,0.3942661000326853,-0.0010199229514858885,0.04299999999999926,-0.023719138406648976,0.12096774193548387,-0.1635408852213081,-0.9302325581395504,-0.9745546880345514
2,2,44479,67,250,67.73,0.39,18.16,12.498,0.3722883295194459,-0.0011395546858680703,0.04299999999999926,-0.026501271764374185,0.11716129032258064,-0.20855213803451225,-1.6279069767442143,-1.0875267035130858
2,2,44500,67,250,64.21,0.35,17.36,12.519,0.3475024517816234,-0.0012442614755011406,0.04300000000000104,-0.02893631338374676,0.112,-0.2535633908477059,-1.627906976744147,-1.2010308886472543
2,2,44522,67,250,61.01,0.32,16.47,12.541,0.3206440013076127,-0.001331099042855687,0.04400000000000048,-0.030252250973992555,0.10625806451612903,-0.24633431085043728,-1.5909090909090724,-1.2299771167047757
2,2,44544,1,242,57.93,0.28,15.68,12.563,0.2933834586466127,-0.001397710628806399,0.045999999999999375,-0.03038501366970474,0.10116129032258064,-0.25105189340813805,-1.5217391304348034,-1.1880125644925175
2,2,44568,1,242,55.07,0.25,14.68,12.587,0.26599542334095766,-0.0014424168775708885,0.045999999999999375,-0.03135688864284583,0.09470967741935483,-0.2370266479663427,-1.3043478260869747,-1.174723197407508
2,2,44590,1,242,52.98,0.22,13.99,12.609,0.23934619156586806,-0.001464247226511052,0.041999999999999815,-0.034863029202644245,0.09025806451612903,-0.19815668202765044,-1.1904761904761954,-1.264807982689633
2,2,44610,1,242,50.88,0.2,13.39,12.629,0.2128734880679933,-0.0014629176327150724,0.041999999999999815,-0.034831372207501876,0.08638709677419355,-0.19815668202765077,-0.7142857142857174,-1.214293497719443
2,2,44632,1,242,49.12,0.19,12.7,12.651,0.18834586466165168,-0.0014387670053479873,0.04300000000000104,-0.033459697798789594,0.08193548387096773,-0.19354838709676964,-0.6976744186046343,-1.0754388499053098
2,2,44653,18,251,47.47,0.17,12.1,12.672,0.16662961752206387,-0.001392668742218726,0.04300000000000104,-0.032387645167876566,0.07806451612903226,-0.17854463615903535,-0.9302325581395127,-0.945513429681347
2,2,44675,18,251,45.82,0.15,11.51,12.694,0.14768878718535278,-0.0013259337889173235,0.04299999999999926,-0.030835669509705725,0.07425806451612903,-0.1635408852213081,-0.9302325581395511,-0.7970380957449269
2,2,44696,18,251,44.17,0.13,11.01,12.715,0.1323569794050326,-0.0012402186368008596,0.04299999999999926,-0.028842293879090253,0.07103225806451613,-0.1635408852213081,-0.6976744186046632,-0.652516022107851
2,2,44718,18,251,42.62,0.12,10.42,12.737,0.11963059823471567,-0.0011374471097556071,0.04299999999999926,-0.026452258366409923,0.0672258064516129,-0.1635408852213081,-0.46511627906977554,-0.5649361016292023
2,2,44739,18,251,41.3,0.11,9.92,12.758,0.10806472703497733,-0.0010197497289982903,0.04299999999999926,-0.023715109976704833,0.064,-0.14853713428357335,-0.4651162790697752,-0.48039715061161703
2,2,44761,21,238,39.87,0.1,9.43,12.78,0.09897352075841649,-0.0008894196977135263,0.045000000000001705,-0.019764882171410945,0.060838709677419354,-0.14193548387096244,-0.4444444444444277,-0.3994043078711065
2,2,44784,21,238,38.66,0.09,8.93,12.803,0.09009153318077685,-0.0007488808993362354,0.04499999999999993,-0.01664179776302748,0.05761290322580645,-0.11469534050179221,-0.44444444444444525,-0.3722349351639928
2,2,44806,21,238,37.78,0.08,8.63,12.825,0.08222294867603684,-0.0006006612770765365,0.04299999999999926,-0.013968866908756901,0.05567741935483871,-0.0900225056264081,-0.2325581395348876,-0.32751241095661426
2,2,44827,21,238,37.01,0.08,8.33,12.846,0.07600849950964268,-0.0004473645434602638,0.04300000000000104,-0.010403826592098906,0.05374193548387097,-0.08852213053263129,0.0,-0.2387161026935297
2,2,44849,21,238,36.35,0.08,8.04,12.868,0.07195815626021482,-0.00029163391050065536,0.04299999999999926,-0.006782183965131637,0.051870967741935475,-0.07351837959490003,-0.2325581395348876,-0.12049841489466903
2,2,44870,220,72,35.69,0.07,7.84,12.889,0.070827067669172,-0.00013610301169507277,0.04299999999999926,-0.0031651863184901188,0.05058064516129032,-0.045011252813203805,-0.2325581395348876,-0.00266084827843133
2,2,44892,220,72,35.91,0.07,7.74,12.911,0.07184373978424227,1.666859390338793e-05,0.04300000000000104,0.00038764171868343084,0.049935483870967745,-0.01500375093773398,0.0,0.07701255160144775
2,2,44913,220,72,36.02,0.07,7.74,12.932,0.07413860738803434,0.00016427477249795518,0.04300000000000104,0.0038203435464639816,0.049935483870967745,-0.015003750937734142,0.0,0.13418277746945265
2,2,44935,220,72,36.79,0.07,7.64,12.954,0.07761359921542887,0.00030455240300193687,0.04299999999999926,0.007082614023300979,0.04929032258064516,0.015003750937734602,0.2325581395348876,0.2307335578582462
2,2,44956,220,72,39.32,0.08,7.84,12.975,0.08406015037593875,0.00043567201345020835,0.04499999999999993,0.009681600298893533,0.05058064516129032,0.11326164874551982,0.22222222222222246,0.3266862809196866
2,2,44980,218,21,42.18,0.08,8.43,12.999,0.09231448185681475,0.0005562157789248161,0.04499999999999993,0.012360350642773712,0.054387096774193545,0.15627240143369198,0.44444444444444525,0.399767534778972
2,2,45001,218,21,44.5,0.1,8.93,13.02,0.10204968944099246,0.0006652261254884344,0.04299999999999926,0.015470375011359205,0.05761290322580645,0.17854463615904273,0.9302325581395507,0.47811642351581884
2,2,45023,218,21,46.59,0.12,9.62,13.042,0.1128734880679946,0.0007622087875257506,0.04300000000000104,0.017725785756412375,0.06206451612903225,0.17854463615903535,0.6976744186046343,0.5181051719287914
2,2,45044,218,21,48.46,0.13,10.12,13.063,0.12432821183393103,0.0008470799450578727,0.04300000000000104,0.019699533605996564,0.06529032258064515,0.13503375843960663,0.4651162790697566,0.5432691942190973
2,2,45066,218,21,50.11,0.14,10.52,13.085,0.13623406341941635,0.0009200570185959496,0.04299999999999926,0.021396674851068963,0.06787096774193548,0.1485371342835735,0.4651162790697752,0.566532610596261
2,2,45087,222,59,51.54,0.15,11.11,13.106,0.14868911408956983,0.000981503692624802,0.04299999999999926,0.022825667270344626,0.0716774193548387,0.1485371342835735,0.4651162790697752,0.5848544515991715
2,2,45109,222,59,52.98,0.16,11.51,13.128,0.1613828048381803,0.0010317486586593318,0.04299999999999926,0.023994154852543012,0.07425806451612903,0.12003000750187777,0.6976744186046632,0.5872112029314965
2,2,45130,222,59,54.19,0.18,11.91,13.149,0.17393919581562375,0.0010709029205807036,0.04299999999999926,0.024904719083272603,0.07683870967741936,0.11852963240810431,0.9302325581395511,0.5655442955214154
2,2,45152,222,59,55.4,0.2,12.3,13.171,0.18570120954560074,0.0010987022416566817,0.045000000000001705,0.024415605370147555,0.07935483870967742,0.09892473118279166,0.444444444444428,0.533217100722795
2,2,45175,222,59,56.5,0.2,12.6,13.194,0.19793396534815044,0.0011143997194445277,0.04499999999999993,0.02476443820987843,0.08129032258064516,0.10035842293906827,0.22222222222222215,0.5490537939050463
2,2,45197,237,58,57.49,0.21,13.0,13.216,0.21040863027132778,0.0011167286861157154,0.04299999999999926,0.02597043456083104,0.08387096774193549,0.10502625656414318,0.4651162790697752,0.5797608277518889
2,2,45218,237,58,58.7,0.22,13.3,13.237,0.22286368094148123,0.0011039484939238057,0.04300000000000104,0.025673220788925095,0.08580645161290323,0.11852963240809877,0.4651162790697566,0.6319894782456404
2,2,45240,237,58,60.13,0.23,13.79,13.259,0.23758417783589098,0.0010739761054484056,0.04299999999999926,0.02497618849880056,0.08896774193548386,0.13353338334583859,0.4651162790697752,0.7378152154907022
2,2,45261,237,58,61.57,0.24,14.19,13.28,0.2545897352075809,0.0010245959950041233,0.04299999999999926,0.023827813837305603,0.0915483870967742,0.13353338334583892,0.6976744186046632,0.8186289789184832
2,2,45283,237,58,63.11,0.26,14.68,13.302,0.27278522392938515,0.0009537310186980364,0.04300000000000104,0.02217979113251194,0.09470967741935483,0.13353338334583306,0.9302325581395132,0.843564928499174
2,2,45304,253,39,64.32,0.28,15.08,13.323,0.29086302713304624,0.0008597487180832371,0.04300000000000104,0.019994156234493403,0.09729032258064516,0.1350337584396068,0.6976744186046336,0.8107224583196819
2,2,45326,253,39,66.08,0.29,15.58,13.345,0.3076462896371323,0.0007417715693708527,0.04299999999999926,0.01725050161327594,0.10051612903225807,0.16354088522130844,0.6976744186046625,0.7261835073021305
2,2,45347,253,39,68.17,0.31,16.17,13.366,0.3220889179470373,0.00059995626831385,0.04499999999999993,0.013332361518085577,0.1043225806451613,0.17060931899641593,1.1111111111111138,0.5771675565725847
2,2,45371,253,39,70.49,0.34,16.77,13.39,0.3336188296828986,0.0004357068569978537,0.04499999999999993,0.00968237459995232,0.10819354838709677,0.17060931899641593,0.8888888888888898,0.4455341251679883
2,2,45392,253,39,72.36,0.35,17.36,13.411,0.34213795357959675,0.0002517904841648857,0.04299999999999926,0.005855592654997442,0.112,0.14853713428357385,0.6976744186046625,0.2850148627382418
2,2,45414,58,251,74.12,0.37,17.76,13.433,0.34587446878064276,5.233378731187699e-05,0.04300000000000104,0.0012170648212064122,0.11458064516129034,0.09002250562640453,0.697674418604635,0.06986627336794657
2,2,45435,58,251,73.9,0.38,17.96,13.454,0.34514220333441853,-0.00015730803256849412,0.04300000000000104,-0.0036583263388021005,0.11587096774193549,0.03000750187546796,0.0,-0.15440522438552925
2,2,45457,58,251,71.81,0.37,17.96,13.476,0.33923504413206484,-0.00037080040446416974,0.04299999999999926,-0.008623265220097119,0.11587096774193549,-0.06001500375093905,-0.6976744186046637,-0.38901601830663723
2,2,45478,58,251,68.06,0.35,17.56,13.497,0.3284145145472334,-0.0005811710886197084,0.04299999999999926,-0.013515606712086473,0.11329032258064516,-0.17854463615904304,-1.1627906976744384,-0.5969423052069032
2,2,45500,58,251,64.54,0.32,16.77,13.519,0.31356652500816845,-0.0007812055963432965,0.04299999999999926,-0.01816757200798395,0.10819354838709677,-0.2520630157539426,-1.3953488372093263,-0.7743828732599994
2,2,45521,66,238,61.13,0.29,15.88,13.54,0.295116050997054,-0.0009638513815304765,0.04299999999999926,-0.022415148407685884,0.10245161290322581,-0.25356339084771634,-1.3953488372093263,-0.9217938678850834
2,2,45543,66,238,58.15,0.26,15.08,13.562,0.27392938868911054,-0.0011225886397880308,0.045000000000001705,-0.02494641421751085,0.09729032258064516,-0.21362007168457967,-1.3333333333332822,-1.001053358032711
2,2,45566,66,238,55.62,0.23,14.39,13.585,0.2500686498855803,-0.001251736786881459,0.04499999999999993,-0.02781637304181024,0.09283870967741936,-0.19928315412186415,-1.1111111111111132,-1.0970179070865442
2,2,45588,66,238,53.2,0.21,13.69,13.607,0.22456358287021613,-0.001346681680868759,0.04299999999999926,-0.0313181786248554,0.08832258064516128,-0.19354838709677763,-0.9302325581395511,-1.1570888799349297
2,2,45609,66,238,51.21,0.19,13.1,13.628,0.2003138280483792,-0.0014040241471488138,0.04300000000000104,-0.032651724352297205,0.08451612903225807,-0.17854463615903535,-0.930232558139512,-1.1171761557584154
2,2,45631,48,243,49.45,0.17,12.5,13.65,0.1765250081726031,-0.0014216613600841353,0.04299999999999926,-0.033061892094980457,0.08064516129032258,-0.17854463615904273,-0.9302325581395511,-1.0324851562678223
2,2,45652,48,243,47.91,0.15,11.91,13.671,0.1559169663288636,-0.0013988177853309941,0.04299999999999926,-0.03253064617048879,0.07683870967741936,-0.17854463615904273,-0.6976744186046632,-0.8869747675559001
2,2,45674,48,243,46.26,0.14,11.31,13.693,0.13838509316770006,-0.0013360424189103987,0.04400000000000048,-0.030364600429781455,0.07296774193548387,-0.14662756598240315,-0.4545454545454493,-0.7491307319682423
2,2,45696,48,243,44.72,0.13,10.91,13.715,0.12295521412226057,-0.0012351855123286003,0.04300000000000104,-0.028725244472757455,0.07038709677419355,-0.1335333833458334,-0.6976744186046346,-0.6799607714939268
2,2,45717,48,243,43.39,0.11,10.42,13.736,0.10914677999346051,-0.0010993622619222823,0.04299999999999926,-0.02556656423075119,0.0672258064516129,-0.1485371342835735,-0.6976744186046632,-0.6057611166439884
2,2,45739,21,254,42.07,0.1,9.92,13.758,0.09690748610656952,-0.0009329040268803172,0.04299999999999926,-0.021695442485589144,0.064,-0.13353338334583875,-0.46511627906977554,-0.5377954491892043
2,2,45760,21,254,40.75,0.09,9.53,13.779,0.08602157567832512,-0.000741290425250499,0.045000000000001705,-0.016473120561121577,0.06148387096774193,-0.12759856630823904,-0.4444444444444277,-0.43042388580143853
2,2,45784,21,254,39.21,0.08,9.03,13.803,0.07753841124550405,-0.0005310494684221911,0.04499999999999993,-0.011801099298270933,0.05825806451612903,-0.12903225806451618,-0.22222222222222246,-0.3239984018016018
2,2,45805,21,254,37.89,0.08,8.63,13.824,0.07144164759725306,-0.00030960927888946797,0.04299999999999926,-0.007200215788127286,0.05567741935483871,-0.11852963240810382,-0.2325581395348876,-0.21127135330743502
2,2,45827,21,254,36.68,0.07,8.24,13.846,0.0684537430532845,-8.508510173198402e-05,0.04300000000000104,-0.001978723296092604,0.05316129032258065,-0.11852963240809926,-0.232558139534878,-0.05291286862251461
2,2,45848,241,21,35.47,0.07,7.84,13.867,0.06916639424648488,0.00013401006697477414,0.04299999999999926,0.0031165131854599174,0.05058064516129032,-0.07501875468867349,-0.23255813953488794,0.1097029733078909
2,2,45870,241,21,35.8,0.06,7.74,13.889,0.07317097090552373,0.00033913373872194617,0.04299999999999926,0.007886831133068652,0.049935483870967745,-0.030007501875469363,-0.23255813953488794,0.26403217345689933
2,2,45891,241,21,35.8,0.06,7.64,13.91,0.08051977770513136,0.0005221504684843321,0.04300000000000104,0.01214303415079813,0.04929032258064516,0.0,0.2325581395348783,0.4192736644442092
2,2,45913,241,21,39.21,0.07,7.74,13.932,0.09119973847662516,0.0006758105284133809,0.04299999999999926,0.015716523916590522,0.049935483870967745,0.1485371342835735,0.6976744186046632,0.5601465747280252
2,2,45934,241,21,43.28,0.09,8.63,13.953,0.10460608041843603,0.0007942291226209886,0.04299999999999926,0.01847044471211633,0.05567741935483871,0.297074268567147,0.9302325581395507,0.6641477302964213
2,2,45956,221,0,47.47,0.11,9.72,13.975,0.11975809087937078,0.0008733128766269758,0.04499999999999993,0.019406952813932826,0.06270967741935485,0.3125448028673841,1.1111111111111132,0.7021176128727539
2,2,45979,221,0,51.21,0.14,10.81,13.998,0.1362013729977099,0.0009110772347226454,0.04499999999999993,0.020246160771614376,0.06974193548387098,0.2709677419354839,1.111111111111113,0.7369873960262895
2,2,46001,221,0,53.64,0.16,11.61,14.02,0.15292252370055376,0.0009078074840647954,0.04300000000000104,0.021111801954994732,0.0749032258064516,0.20855213803450331,0.930232558139512,0.7736226308947005
2,2,46022,221,0,55.51,0.18,12.2,14.041,0.16946714612618283,0.0008660364175133708,0.04300000000000104,0.020140381802636043,0.07870967741935483,0.17854463615903565,0.9302325581395127,0.7556048868378957
2,2,46044,221,0,57.16,0.2,12.8,14.063,0.18541353383458406,0.0007903371041930676,0.04299999999999926,0.01837993265565305,0.08258064516129032,0.15003750937734697,0.6976744186046632,0.6855105407603975
2,2,46065,15,224,58.48,0.21,13.2,14.084,0.1989440993788794,0.0006869526699955113,0.04299999999999926,0.01597564348826798,0.08516129032258064,0.08852213053263479,0.4651162790697752,0.5526201753118926
2,2,46087,15,224,58.26,0.22,13.39,14.106,0.20917620137299503,0.0005633022183570535,0.04300000000000104,0.013100051589698602,0.08638709677419355,0.015003750937734303,0.2325581395348783,0.34043653116612305
2,2,46108,15,224,57.82,0.22,13.3,14.127,0.21358287021902306,0.0004274122472586068,0.04299999999999926,0.009939819703688702,0.08580645161290323,0.0,0.0,0.11114743380189561
2,2,46130,15,224,57.6,0.22,13.39,14.149,0.21395554102647646,0.0002873265707228629,0.04299999999999926,0.006682013272624834,0.08638709677419355,0.01350337584396114,0.0,-0.12004226947550965
2,2,46151,15,224,57.05,0.22,13.39,14.17,0.20842105263157623,0.0001505454736411327,0.045000000000001705,0.003345454969802822,0.08638709677419355,-0.012903225806451046,-0.222222222222214,-0.3200755511968161
2,2,46175,51,255,56.06,0.21,13.3,14.194,0.1995521412226192,2.353821926070765e-05,0.04499999999999993,0.0005230715391268375,0.08580645161290323,-0.027240143369175813,-0.4444444444444449,-0.4311503396171535
2,2,46196,51,255,54.63,0.2,13.2,14.215,0.18901928734880435,-8.863533584957572e-05,0.04299999999999926,-0.0020612868802227266,0.08516129032258064,-0.09002250562640857,-0.4651162790697752,-0.4759877448930747
2,2,46218,51,255,52.65,0.19,12.7,14.237,0.17908466819221733,-0.00018256652659093752,0.04299999999999926,-0.004245733176533504,0.08193548387096773,-0.15003750937734697,-0.6976744186046632,-0.4482388985608633
2,2,46239,51,255,50.55,0.17,12.2,14.258,0.16974501471068756,-0.0002565840040269087,0.04299999999999926,-0.0059670698610910025,0.07870967741935483,-0.14853713428357318,-0.9302325581395511,-0.3931213270790742
2,2,46261,51,255,48.46,0.15,11.71,14.28,0.16218045112781743,-0.00031067562515850613,0.04300000000000104,-0.007225014538569736,0.0755483870967742,-0.16354088522130136,-0.9302325581395127,-0.3018162190106092
2,2,46282,239,40,46.59,0.13,11.11,14.301,0.15676691729323106,-0.00034625167674003874,0.04300000000000104,-0.008052364575349543,0.0716774193548387,-0.1200300075018725,-0.6976744186046343,-0.21172749872658597
2,2,46304,239,40,46.7,0.12,10.91,14.323,0.153076168682574,-0.0003657725119804649,0.04299999999999926,-0.008506337487917934,0.07038709677419355,-0.030007501875469203,0.0,-0.1270364992359567
2,2,46325,239,40,46.7,0.13,10.91,14.344,0.151304347826085,-0.00037228203173076936,0.04299999999999926,-0.008657721668157576,0.07038709677419355,0.0,0.0,-0.05268479591293775
2,2,46347,239,40,48.13,0.12,10.91,14.366,0.15081072245831773,-0.0003689037151634782,0.04499999999999993,-0.008197860336966196,0.07038709677419355,0.057347670250896106,0.4444444444444449,0.005375758236169595
2,2,46370,239,40,51.1,0.15,11.31,14.389,0.15154625694671264,-0.00035836417027395305,0.04499999999999993,-0.00796364822831008,0.07296774193548387,0.15770609318996437,1.1111111111111132,0.0596418582688608
2,2,46392,11,241,54.08,0.17,12.01,14.411,0.15349460608041646,-0.00034260775847115354,0.04300000000000104,-0.007967622290026634,0.07748387096774194,0.13353338334583306,0.6976744186046343,0.08522316914632076
2,2,46413,11,241,53.86,0.18,12.2,14.432,0.15521085322000452,-0.00032255382910497234,0.04300000000000104,-0.007501251839650338,0.07870967741935483,0.04351087771942887,0.23255813953487767,0.08704775082295821
2,2,46435,11,241,53.64,0.18,12.3,14.454,0.15723765936580375,-0.0002980266612571878,0.04299999999999926,-0.006930852587376579,0.07935483870967742,0.0,0.0,0.06712940085299189
2,2,46456,11,241,52.87,0.18,12.2,14.475,0.15809741745668313,-0.0002678614429929667,0.04299999999999926,-0.006229335883557472,0.07870967741935483,-0.030007501875469526,-0.23255813953488727,-0.015052798832267284
2,2,46478,11,241,51.54,0.17,12.1,14.497,0.15659038901601627,-0.00023016385761932235,0.04300000000000104,-0.005352647851612018,0.07806451612903226,-0.028507126781694564,-0.465116279069756,-0.13509506830777135
2,2,46499,67,247,50.22,0.16,12.01,14.518,0.15228832951944882,-0.00018268141953886108,0.04299999999999926,-0.004248405105554982,0.07748387096774194,-0.0735183795949002,-0.4651162790697759,-0.25787421029824414
2,2,46521,67,247,49.01,0.15,11.61,14.54,0.14550179797319196,-0.00012323334280844555,0.04299999999999926,-0.002865891693219713,0.0749032258064516,-0.10502625656414286,-0.4651162790697752,-0.34902726989364297
2,2,46542,67,247,47.69,0.14,11.31,14.561,0.13728015691402243,-5.0141543301560174e-05,0.045000000000001705,-0.0011142565178124061,0.07296774193548387,-0.100358422939064,-0.4444444444444274,-0.34920634920633153
2,2,46566,67,247,46.37,0.13,10.91,14.585,0.12978751225890645,3.739262628662843e-05,0.04499999999999993,0.0008309472508139664,0.07038709677419355,-0.11326164874552014,-0.44444444444444553,-0.3226907849333449
2,2,46587,67,247,45.16,0.12,10.52,14.606,0.12275907159202193,0.00013901342247527992,0.04299999999999926,0.0032328702901228443,0.06787096774193548,-0.08852213053263479,-0.46511627906977554,-0.23559910899594885
2,2,46609,245,14,43.95,0.11,10.32,14.628,0.11965675057208082,0.0002530717637202411,0.04299999999999926,0.005885389853959196,0.06658064516129032,-0.060015003750938725,-0.2325581395348876,-0.03170210663159433
2,2,46630,245,14,44.17,0.11,10.12,14.649,0.1213958810068634,0.00037663919800542625,0.04299999999999926,0.008759051116405412,0.06529032258064515,-0.030007501875469526,-0.2325581395348876,0.17356333199023896
2,2,46652,245,14,44.06,0.1,10.12,14.671,0.12711997384766097,0.000505672360367381,0.04300000000000104,0.011759822334124856,0.06529032258064515,0.015003750937734303,0.0,0.3642321171989493
2,2,46673,245,14,46.59,0.11,10.22,14.692,0.1370578620464186,0.0006353062404952166,0.04300000000000104,0.014774563732446542,0.06593548387096775,0.11852963240809941,0.6976744186046343,0.5698016527668807
2,2,46695,245,14,50.33,0.13,10.91,14.714,0.15162144491663743,0.0007602374254595112,0.04299999999999926,0.017679940126965683,0.07038709677419355,0.23855963990998144,1.1627906976744387,0.739563772930814
2,2,46716,242,69,54.08,0.16,11.81,14.735,0.16885910428244305,0.00087514588366985,0.04299999999999926,0.02035222985278756,0.07619354838709677,0.2835708927231856,1.3953488372093263,0.8380151592327675
2,2,46738,242,69,57.49,0.19,12.8,14.757,0.1876560967636458,0.0009750989723444689,0.04499999999999993,0.021668866052099344,0.08258064516129032,0.2695340501792118,1.3333333333333355,0.8755947840615929
2,2,46761,242,69,60.46,0.22,13.69,14.78,0.20826086956521467,0.0010558866772626522,0.04499999999999993,0.02346414838361453,0.08832258064516128,0.2422939068100363,1.3333333333333355,0.9275362318840478
2,2,46783,242,69,63.22,0.25,14.49,14.802,0.2293952271984279,0.001114252137742735,0.04300000000000104,0.02591284041262112,0.09348387096774194,0.22355588897223794,1.162790697674391,0.9972859347559633
2,2,46804,242,69,65.31,0.27,15.18,14.823,0.2511441647597221,0.0011480022176403358,0.04300000000000104,0.026697725991635075,0.09793548387096775,0.19354838709676933,0.930232558139512,1.0053445038277824
2,2,46826,234,60,67.18,0.29,15.78,14.845,0.2726250408630236,0.0011560037709993267,0.04400000000000048,0.026272812977257136,0.10180645161290322,0.14516129032257913,0.6818181818181737,0.9487651936164311
2,2,46848,234,60,68.5,0.3,16.17,14.867,0.29288983327884555,0.0011380880180192178,0.04299999999999926,0.026467163209749706,0.1043225806451613,0.1035258814703694,0.6976744186046637,0.9246827888730961
2,2,46869,234,60,69.38,0.32,16.47,14.888,0.31238640078456603,0.001094895858372471,0.04299999999999926,0.025462694380755577,0.10625806451612903,0.09002250562640793,0.6976744186046637,0.8704014839930996
2,2,46891,234,60,70.27,0.33,16.77,14.91,0.3303170970905482,0.0010277002978178657,0.04299999999999926,0.023900006925997287,0.10819354838709677,0.07501875468867332,0.23255813953488794,0.8057808829454866
2,2,46912,234,60,71.04,0.33,16.97,14.931,0.34703497875122136,0.0009382388011545899,0.04299999999999926,0.02181950700359549,0.10948387096774193,0.0735183795949002,0.23255813953488794,0.708621908664485
2,2,46934,255,33,71.7,0.34,17.26,14.953,0.3607878391631205,0.0008285797056863835,0.04300000000000104,0.01926929548107822,0.11135483870967743,0.07351837959489747,0.6976744186046336,0.6081938922128145
2,2,46955,255,33,72.69,0.36,17.46,14.974,0.373187316116373,0.0007010350569863846,0.04499999999999993,0.015578556821919682,0.11264516129032259,0.08602150537634401,0.6666666666666671,0.49624060150375343
2,2,46979,255,33,74.23,0.37,17.86,14.998,0.3831186662307894,0.0005581198283350162,0.04499999999999993,0.012402662851889268,0.1152258064516129,0.11469534050179221,0.6666666666666683,0.38545639460970854
2,2,47000,255,33,75.77,0.39,18.26,15.019,0.39053285387380987,0.00040254677019691345,0.04300000000000104,0.009361552795276831,0.11780645161290323,0.10352588147036544,0.697674418604635,0.2759679785915652
2,2,47022,255,33,77.2,0.4,18.55,15.041,0.394985289310227,0.0002372391330108421,0.04299999999999926,0.005517189139787121,0.11967741935483872,0.10352588147036906,0.46511627906977454,0.14391387974486408
2,2,47043,0,235,78.41,0.41,18.95,15.062,0.3967211507028389,6.534157885989345e-05,0.04299999999999926,0.001519571601392897,0.12225806451612903,0.07501875468867332,0.46511627906977454,0.018321841002910476
2,2,47065,0,235,78.08,0.42,19.05,15.084,0.3957731284733521,-0.00010978711027973276,0.04300000000000104,-0.0025531886111565144,0.12290322580645162,0.015003750937734303,0.2325581395348783,-0.12369143282878088
2,2,47086,0,235,76.32,0.42,19.05,15.105,0.3914024190912012,-0.0002846086164110773,0.04300000000000104,-0.0066188050328155916,0.12290322580645162,-0.045011252813202264,-0.46511627906975533,-0.2638041007473065
2,2,47108,0,235,73.46,0.4,18.75,15.127,0.38442955214121766,-0.0004554669657841615,0.04299999999999926,-0.010592255018236496,0.12096774193548387,-0.11852963240810399,-1.1627906976744384,-0.39669446619582627
2,2,47129,0,235,70.6,0.37,18.26,15.148,0.374344557044781,-0.000618669634704986,0.04299999999999926,-0.014387665923372015,0.11780645161290323,-0.14853713428357318,-0.9302325581395517,-0.559006211180127
2,2,47151,65,224,67.84,0.36,17.76,15.17,0.3603922850604726,-0.0007705753629480796,0.04499999999999993,-0.017123896954401797,0.11458064516129034,-0.15770609318996467,-0.8888888888888898,-0.6888961534270369
2,2,47174,65,224,65.42,0.33,17.16,15.193,0.34334423014056437,-0.0009076767245905764,0.04499999999999993,-0.02017059387979062,0.11070967741935483,-0.15627240143369198,-1.1111111111111127,-0.811957429806392
2,2,47196,65,224,63.44,0.31,16.67,15.215,0.323854200719185,-0.0010266705210818935,0.04300000000000104,-0.0238760586298109,0.10754838709677421,-0.14853713428356705,-0.9302325581395132,-0.9588176710735025
2,2,47217,65,224,61.79,0.29,16.17,15.236,0.30211507028440276,-0.0011245162776771683,0.04299999999999926,-0.026151541341329944,0.1043225806451613,-0.13353338334583922,-0.6976744186046625,-1.0234382721211552
2,2,47239,65,224,60.24,0.28,15.78,15.258,0.2798463550179761,-0.0011984896813310596,0.04299999999999926,-0.027871853054211165,0.10180645161290322,-0.11852963240810399,-0.6976744186046625,-1.0397834829743782
2,2,47260,53,255,58.81,0.26,15.38,15.279,0.25740438051650527,-0.0012462413003801523,0.04300000000000104,-0.02898235582279354,0.09922580645161291,-0.13503375843960647,-0.9302325581395132,-1.038034925534222
2,2,47282,53,255,57.05,0.24,14.88,15.301,0.23521085322000349,-0.0012658701132701484,0.04299999999999926,-0.02943883984349233,0.096,-0.1485371342835735,-0.9302325581395511,-0.9949291834236781
2,2,47303,53,255,54.85,0.22,14.39,15.322,0.21462242562928785,-0.0012560164366167098,0.04299999999999926,-0.029209684572482124,0.09283870967741936,-0.17854463615904304,-0.9302325581395504,-0.9089457719120895
2,2,47325,53,255,52.65,0.2,13.69,15.344,0.1961261850277843,-0.001215971368372923,0.04300000000000104,-0.02827840391564869,0.08832258064516128,-0.20855213803450362,-0.9302325581395127,-0.8292723720321735
2,2,47346,53,255,50.55,0.18,13.0,15.365,0.17896371363190353,-0.001145792276321851,0.04499999999999993,-0.02546205058493006,0.08387096774193549,-0.19928315412186384,-0.8888888888888905,-0.7590715920235284
2,2,47370,53,234,48.35,0.16,12.3,15.389,0.1619679633867256,-0.0010464085454083686,0.04499999999999993,-0.02325352323129712,0.07935483870967742,-0.1849462365591402,-0.8888888888888898,-0.7203516036467899
2,2,47391,53,234,46.81,0.14,11.71,15.41,0.14654789146779804,-0.0009197001957204627,0.04300000000000104,-0.021388376644661408,0.0755483870967742,-0.14853713428356738,-0.6976744186046343,-0.6970662247124128
2,2,47413,53,234,45.71,0.13,11.31,15.432,0.13199411572409112,-0.0007685340223692662,0.04299999999999926,-0.017872884241146032,0.07296774193548387,-0.12003000750187745,-0.4651162790697759,-0.656089161224601
2,2,47434,53,234,44.5,0.12,10.91,15.453,0.11833605753514068,-0.00059674611281139,0.04299999999999926,-0.013877816577009308,0.07038709677419355,-0.11852963240810431,-0.46511627906977554,-0.5633395926621428
2,2,47456,53,234,43.5,0.11,10.52,15.475,0.10777051323961939,-0.00040906412340161857,0.04300000000000104,-0.009513119148874621,0.06787096774193548,-0.10352588147036511,-0.465116279069756,-0.40543725339636816
2,2,47477,222,55,42.62,0.1,10.22,15.496,0.10090225563909642,-0.00021096666565271783,0.04300000000000104,-0.004906201526807273,0.06593548387096775,-0.06001500375093625,-0.232558139534878,-0.2224469160768371
2,2,47499,222,55,42.84,0.1,10.12,15.518,0.09820529584831517,-8.481027874072566e-06,0.04299999999999926,-0.000197233206373784,0.06529032258064515,-0.030007501875469526,0.0,-0.015432920014900424
2,2,47520,222,55,42.84,0.1,10.02,15.539,0.10023864007845572,0.00019207492194899344,0.04299999999999926,0.004466858649976669,0.06464516129032258,-0.015003750937734602,0.0,0.19431794856200238
2,2,47542,222,55,43.39,0.1,10.02,15.561,0.10656096763648112,0.00038439526377626976,0.04600000000000115,0.008356418777744786,0.06464516129032258,0.014025245441794796,0.0,0.3563966627343272
2,2,47566,222,55,45.49,0.1,10.12,15.585,0.11663288656423518,0.0005625154856161121,0.045999999999999375,0.012228597513393906,0.06529032258064515,0.07012622720897699,0.21739130434782894,0.5055644783035094
2,2,47588,243,79,47.58,0.11,10.52,15.607,0.12981693363844224,0.0007211450446784298,0.04299999999999926,0.01677081499252191,0.06787096774193548,0.1485371342835735,0.6976744186046632,0.6684811117784369
2,2,47609,243,79,50.33,0.13,11.11,15.628,0.14537757437070747,0.000855973311530315,0.04300000000000104,0.01990635608209987,0.0716774193548387,0.20855213803450395,0.9302325581395123,0.7726343158198555
2,2,47631,243,79,53.53,0.15,11.91,15.65,0.16304020921869683,0.0009639154444329066,0.04800000000000004,0.020081571759018868,0.07683870967741936,0.2540322580645161,1.249999999999999,0.7610057753078245
2,2,47657,243,79,57.49,0.19,13.0,15.676,0.18190585158548309,0.0010432656314770875,0.04800000000000004,0.021734700655772637,0.08387096774193549,0.2661290322580641,1.249999999999999,0.7981911299988989
2,2,47679,243,79,60.35,0.21,13.89,15.698,0.201353383458644,0.0010937326464959582,0.04299999999999926,0.025435642941766905,0.08961290322580645,0.2520630157539426,1.1627906976744384,0.9021035906246943
2,2,47700,223,55,62.89,0.24,14.68,15.719,0.22069630598234427,0.0011163469917753943,0.04299999999999926,0.02596155794826543,0.09470967741935483,0.20855213803451225,1.1627906976744389,0.879752465085873
2,2,47722,223,55,64.54,0.26,15.28,15.741,0.2391827394573359,0.0011132477221555935,0.04400000000000048,0.02530108459444503,0.09858064516129032,0.1319648093841629,0.6818181818181749,0.8227584772207007
2,2,47744,223,55,65.53,0.27,15.58,15.763,0.2568976789800555,0.0010873759048822577,0.04499999999999993,0.02416390899738354,0.10051612903225807,0.07168458781362005,0.44444444444444553,0.7589263012603893
2,2,47767,223,55,66.41,0.28,15.78,15.786,0.27333442301405336,0.0010421156685731302,0.04499999999999993,0.023158125968291816,0.10180645161290322,0.08458781362007192,0.4444444444444443,0.7025534851621729
2,2,47789,223,55,67.07,0.29,16.17,15.808,0.28851258581235323,0.0009809296557229548,0.04300000000000104,0.022812317574951887,0.1043225806451613,0.07351837959489715,0.46511627906975533,0.6431650410150516
2,2,47810,235,3,67.73,0.3,16.27,15.829,0.30099051977770125,0.0009070329785478161,0.04300000000000104,0.021093790198785912,0.10496774193548387,0.045011252813201945,0.4651162790697566,0.5252514501622931
2,2,47832,235,3,68.39,0.31,16.47,15.851,0.3110983981693324,0.0008231406018776291,0.04299999999999926,0.019142804694828913,0.10625806451612903,0.07501875468867332,0.23255813953488794,0.4566775888153154
2,2,47853,235,3,69.27,0.31,16.77,15.872,0.3206276560967595,0.0007313105116448675,0.04299999999999926,0.017007221201043723,0.10819354838709677,0.07501875468867332,0.23255813953488794,0.4317416392345884
2,2,47875,235,3,70.16,0.32,16.97,15.894,0.32966328865641936,0.0006328916261990542,0.04299999999999926,0.014718409911606166,0.10948387096774193,0.058514628657165266,0.4651162790697759,0.4347826086956535
2,2,47896,235,3,70.93,0.33,17.16,15.915,0.33932330827067225,0.0005285729333752514,0.041999999999999815,0.012585069842267945,0.11070967741935483,0.05990783410138305,0.4761904761904787,0.4365727984557626
2,2,47917,240,29,71.7,0.34,17.36,15.936,0.3479993461915613,0.0004185199114637328,0.04200000000000159,0.009964759796755165,0.112,0.061443932411671974,0.47619047619045723,0.4159466990457292
2,2,47938,240,29,72.47,0.35,17.56,15.957,0.35679306963059354,0.0003025762975009698,0.04299999999999926,0.007036658081418024,0.11329032258064516,0.06001500375093905,0.46511627906977454,0.3739632194743706
2,2,47960,240,29,73.24,0.36,17.76,15.979,0.36407976462895897,0.00018050363799837043,0.045999999999999375,0.00392399213039941,0.11458064516129034,0.07012622720897699,0.4347826086956585,0.2637264238099983
2,2,47984,240,29,74.12,0.37,18.06,16.003,0.3689244851258533,5.2227968810129254e-05,0.045999999999999375,0.0011353906263071732,0.11651612903225805,0.07012622720897699,0.21739130434782925,0.16366530693463335
2,2,48006,240,29,74.78,0.37,18.26,16.025,0.371608368747952,-8.193699260478837e-05,0.04299999999999926,-0.0019055114559253436,0.11780645161290323,0.045011252813204124,0.23255813953488794,0.03717585166151109
2,2,48027,63,238,75.44,0.38,18.36,16.046,0.37052304674729825,-0.0002211170867695529,0.043000000000002814,-0.0051422578318497305,0.1184516129032258,0.028507126781693384,0.4651162790697374,-0.11905395440065224
2,2,48049,63,238,75.22,0.39,18.45,16.068,0.3664890487087236,-0.00036377517788593395,0.04299999999999926,-0.008459887857812563,0.11903225806451613,0.013503375843961463,0.0,-0.25582155591202727
2,2,48070,63,238,73.46,0.38,18.45,16.089,0.35952271984308126,-0.0005076889819556847,0.04299999999999926,-0.01180672051059752,0.11903225806451613,-0.043510877719430664,-0.6976744186046637,-0.41053087724366916
2,2,48092,63,238,70.93,0.36,18.16,16.111,0.34883622098724615,-0.0006500085972983491,0.043000000000002814,-0.015116479006937363,0.11716129032258064,-0.1185296324080942,-0.9302325581394736,-0.5663805621231605
2,2,48113,63,238,68.06,0.34,17.66,16.132,0.33516835567178377,-0.0007873826530542161,0.04299999999999926,-0.018311224489633245,0.11393548387096775,-0.1635408852213081,-0.9302325581395504,-0.7115868538890213
2,2,48135,4,246,65.42,0.32,17.07,16.154,0.31823798627001876,-0.0009161338040895117,0.04199999999999804,-0.02181270962117987,0.11012903225806452,-0.18279569892473993,-1.190476190476247,-0.8542318529242635
2,2,48155,4,246,62.78,0.29,16.47,16.174,0.2992906178489664,-0.0010324602700976886,0.045000000000001705,-0.022943561557725544,0.10625806451612903,-0.1849462365591329,-1.1111111111110687,-0.9019650575714192
2,2,48180,4,246,59.91,0.27,15.78,16.199,0.27764955867930335,-0.0011326410084626418,0.045999999999999375,-0.024622630618753416,0.10180645161290322,-0.1949509116409564,-0.8695652173913158,-0.9620933240473596
2,2,48201,4,246,57.49,0.25,15.08,16.22,0.25503432494278844,-0.0012132268692011934,0.04299999999999926,-0.028214578353516612,0.09729032258064516,-0.19354838709677732,-1.1627906976744389,-1.0540000152048523
2,2,48223,4,246,55.18,0.22,14.49,16.242,0.23232755802549548,-0.0012712066339645124,0.04200000000000159,-0.03026682461820153,0.09348387096774194,-0.18279569892472414,-0.9523809523809165,-1.082364295832694
2,2,48243,2,255,53.2,0.21,13.89,16.262,0.20957502451781357,-0.0013041432347119777,0.04199999999999804,-0.03105102939790568,0.08961290322580645,-0.1827956989247396,-0.7142857142857476,-1.0611933560609947
2,2,48265,2,255,51.21,0.19,13.3,16.284,0.18775743707093578,-0.0013102802270910754,0.04299999999999926,-0.03047163318816507,0.08580645161290323,-0.19354838709677763,-0.9302325581395504,-0.9744786637980238
2,2,48286,2,255,49.23,0.17,12.6,16.305,0.16767244197449926,-0.0012886209512787872,0.043000000000002814,-0.029967929099504718,0.08129032258064516,-0.19354838709676164,-0.9302325581394741,-0.8703254597565021
2,2,48308,2,255,47.36,0.15,12.01,16.327,0.15033344230140375,-0.0012389829394372782,0.04299999999999926,-0.028813556731099987,0.07748387096774194,-0.17854463615904273,-0.9302325581395511,-0.7819852969126583
2,2,48329,2,255,45.71,0.13,11.41,16.348,0.13404707420725553,-0.001162029077943279,0.04299999999999926,-0.027023932045193,0.07361290322580645,-0.16504126031508157,-0.6976744186046632,-0.7197214471973697
2,2,48351,43,241,44.06,0.12,10.91,16.37,0.11938542007191738,-0.001059275833979088,0.045000000000001705,-0.023539462977312173,0.07038709677419355,-0.15627240143368581,-0.6666666666666414,-0.6049907377138193
2,2,48374,43,241,42.62,0.1,10.32,16.393,0.10682249101013264,-0.000933077874688994,0.04499999999999815,-0.020735063881978495,0.06658064516129032,-0.14193548387097363,-0.44444444444446246,-0.5234099742109047
2,2,48396,43,241,41.41,0.1,9.92,16.415,0.09583197123242763,-0.0007865876252540715,0.04299999999999926,-0.018292735471025234,0.064,-0.10502625656414301,-0.23255813953488794,-0.45591734645005005
2,2,48417,43,241,40.42,0.09,9.62,16.436,0.08721804511278082,-0.0006236878060070446,0.04299999999999926,-0.014504367581559426,0.06206451612903225,-0.1035258814703694,-0.46511627906977554,-0.3419570158966687
2,2,48439,43,241,39.43,0.08,9.23,16.458,0.08112781954887113,-0.0004488948610368819,0.04299999999999926,-0.01043941537295092,0.059548387096774194,-0.10352588147036923,-0.4651162790697752,-0.2574180648790845
2,2,48460,217,43,38.66,0.07,8.93,16.479,0.07614906832298038,-0.0002672314798714659,0.043000000000002814,-0.0062146855784057774,0.05761290322580645,-0.060015003750933764,-0.2325581395348684,-0.15341690931067667
2,2,48482,217,43,38.88,0.07,8.83,16.501,0.0745308924485116,-8.406740601060036e-05,0.04299999999999926,-0.001955055953734926,0.05696774193548387,-0.030007501875469203,0.2325581395348876,-0.014292556467001973
2,2,48503,217,43,38.88,0.08,8.73,16.522,0.0755344883948993,9.507009903145125e-05,0.04299999999999926,0.0022109325356151834,0.056322580645161296,-0.015003750937734602,0.0,0.08818811437086219
2,2,48525,217,43,39.43,0.07,8.73,16.544,0.07832298136645861,0.0002647113751868844,0.043000000000002814,0.0061560784927178385,0.056322580645161296,0.015003750937733361,0.0,0.18268624037341663
2,2,48546,217,43,41.3,0.08,8.83,16.565,0.08338999673095673,0.00041967624184385957,0.04499999999999815,0.009326138707641707,0.05696774193548387,0.07168458781362289,0.44444444444446246,0.25215211942901433
2,2,48570,218,14,43.5,0.09,9.23,16.589,0.08966982674076379,0.0005553097350473682,0.04499999999999815,0.012340216334386466,0.059548387096774194,0.12759856630824912,0.4444444444444628,0.34441175402274793
2,2,48591,218,14,45.6,0.1,9.72,16.61,0.09888852566197975,0.0006677055349890324,0.043000000000002814,0.015528035697418343,0.06270967741935485,0.13353338334582757,0.46511627906973707,0.460554824878135
2,2,48613,218,14,47.47,0.11,10.12,16.632,0.10947368421052489,0.0007538996905909042,0.04299999999999926,0.017532550943974816,0.06529032258064515,0.13503375843961204,0.4651162790697752,0.5409884671233209
2,2,48634,218,14,49.12,0.12,10.62,16.653,0.12215102974828215,0.0008120190163330925,0.04299999999999926,0.01888416317053736,0.06851612903225807,0.1485371342835735,0.46511627906977554,0.6081938922128404
2,2,48656,218,14,50.66,0.13,11.11,16.675,0.13562602157567658,0.0008413728561989941,0.043000000000002814,0.019566810609277653,0.0716774193548387,0.1185296324080942,0.6976744186046054,0.6404281685000677
2,2,48677,232,39,51.98,0.15,11.41,16.696,0.14968944099378687,0.0008424821141876979,0.04299999999999926,0.019592607306690987,0.07361290322580645,0.10502625656414286,0.6976744186046632,0.6419486532306525
2,2,48699,232,39,53.53,0.16,11.81,16.718,0.16322981366459416,0.0008170438291650512,0.04299999999999926,0.019001019282908496,0.07619354838709677,0.1485371342835735,0.4651162790697759,0.6127553464044367
2,2,48720,232,39,55.29,0.17,12.4,16.739,0.1760379208891772,0.0007678322436022053,0.04299999999999926,0.017856563804702758,0.08,0.1635408852213081,0.6976744186046632,0.582573724503374
2,2,48742,232,39,57.05,0.19,12.9,16.761,0.1882804838182388,0.0006985386599792935,0.04499999999999815,0.015523081332873827,0.0832258064516129,0.14193548387097363,0.666666666666694,0.4717591079147274
2,2,48765,232,39,58.59,0.2,13.39,16.784,0.19726708074533905,0.0006135540102301605,0.045000000000001705,0.013634533560669716,0.08638709677419355,0.14193548387096244,0.6666666666666414,0.3515310014165671
2,2,48787,69,230,60.24,0.22,13.89,16.806,0.20409937888198493,0.0005177017395504535,0.043000000000002814,0.012039575338381852,0.08961290322580645,0.10502625656413417,0.4651162790697368,0.281061602438836
2,2,48808,69,230,60.02,0.22,14.09,16.827,0.2093527296502098,0.0004159347354026597,0.04299999999999926,0.009672900823317834,0.09090322580645162,0.030007501875469526,0.0,0.18854010658598033
2,2,48830,69,230,59.69,0.22,14.09,16.849,0.21220660346518194,0.00031301726744808176,0.04299999999999926,0.007279471336002027,0.09090322580645162,0.0,0.0,0.07959737564335473
2,2,48851,69,230,59.03,0.22,14.09,16.87,0.21277541680287398,0.00021321883273583885,0.04299999999999926,0.00495857750548471,0.09090322580645162,-0.015003750937734924,0.0,-0.02326341637714064
2,2,48873,69,230,57.93,0.22,13.99,16.892,0.2112062765609649,0.00012004910184229977,0.04299999999999926,0.0027918395777279496,0.09025806451612903,-0.030007501875469526,-0.23255813953488794,-0.1445220736370753
2,2,48894,2,225,56.61,0.21,13.89,16.913,0.20656096763647985,3.6060867118479223e-05,0.04299999999999926,0.0008386248167088335,0.08961290322580645,-0.060015003750938725,-0.4651162790697752,-0.22123052829242063
2,2,48916,2,225,55.51,0.2,13.59,16.935,0.201693363844391,-3.725822760484121e-05,0.04299999999999926,-0.0008664704094149268,0.0876774193548387,-0.07501875468867332,-0.4651162790697752,-0.252628537977909
2,2,48937,2,225,54.63,0.19,13.39,16.956,0.19569794050342995,-9.94928929692982e-05,0.043000000000002814,-0.0023137882085881786,0.08638709677419355,-0.05851462865716043,-0.4651162790697374,-0.2661608520796224
2,2,48959,2,225,53.86,0.18,13.2,16.978,0.19024844720496648,-0.00015120390383929915,0.045999999999999375,-0.003287041387810896,0.08516129032258064,-0.054698457223002116,-0.21739130434782925,-0.20687351649445018
2,2,48983,2,225,53.09,0.18,13.0,17.002,0.18618175874468537,-0.0001937363665112084,0.04499999999999815,-0.004305252589138141,0.08387096774193549,-0.04301075268817386,0.0,-0.161708619374528
2,2,49004,233,52,52.31,0.18,12.9,17.023,0.18297155933311302,-0.00022895068561953557,0.043000000000002814,-0.005324434549291176,0.0832258064516129,-0.030007501875467045,-0.23255813953486806,-0.10612983419113173
2,2,49026,233,52,52.42,0.17,12.8,17.045,0.1816181758744664,-0.0002589028256761896,0.04299999999999926,-0.0060209959459580015,0.08258064516129032,-0.030007501875469526,-0.23255813953488727,-0.04918768103271326
2,2,49047,233,52,52.31,0.17,12.7,17.066,0.18085648904870638,-0.00028550638561856625,0.04299999999999926,-0.006639683386478399,0.08193548387096773,-0.015003750937734924,0.0,-0.011327611242464068
2,2,49069,233,52,52.31,0.17,12.7,17.088,0.18113108859104046,-0.0003102120649835332,0.043000000000002814,-0.00721423406938402,0.08193548387096773,0.0,0.0,0.014748701886160459
2,2,49090,233,52,53.97,0.17,12.7,17.109,0.18149068322981132,-0.00033374029573751327,0.04299999999999926,-0.00776140222645393,0.08193548387096773,0.04501125281320445,0.4651162790697752,0.018321841002911766
2,2,49112,53,237,56.06,0.19,13.0,17.131,0.18191892775416565,-0.00035590002116302346,0.04199999999999804,-0.00847381002769143,0.08387096774193549,0.07680491551459671,0.4761904761904982,0.0009340120487549484
2,2,49132,53,237,55.95,0.19,13.2,17.151,0.18152991173585903,-0.00037552020877383894,0.04199999999999804,-0.008940957351758488,0.08516129032258064,0.030721966205838423,0.23809523809524943,-0.05907626208378254
2,2,49154,53,237,55.73,0.2,13.2,17.173,0.1794377247466469,-0.000390509944706837,0.045999999999999375,-0.008489346624061788,0.08516129032258064,0.0,0.0,-0.12834543826484898
2,2,49178,53,237,54.85,0.19,13.2,17.197,0.17562602157567606,-0.0003980482234718341,0.04600000000000293,-0.008653222249387147,0.08516129032258064,-0.014025245441794254,-0.4347826086956249,-0.21632531233564328
2,2,49200,53,237,53.75,0.18,13.1,17.219,0.16948676037920668,-0.0003948880244328219,0.04299999999999926,-0.009183442428670434,0.08451612903225807,-0.045011252813204124,-0.4651162790697752,-0.3263720474087155
2,2,49221,53,255,52.54,0.17,12.9,17.24,0.16159202353710153,-0.0003777440321128207,0.04299999999999926,-0.008784744932856447,0.0832258064516129,-0.07501875468867365,-0.4651162790697752,-0.40125592038742136
2,2,49243,53,255,50.99,0.16,12.6,17.262,0.15223275580254786,-0.0003437216899098381,0.043000000000002814,-0.007993527672321293,0.08129032258064516,-0.12003000750186753,-0.4651162790697374,-0.4518880619141029
2,2,49264,53,255,49.23,0.15,12.1,17.283,0.14216083687479383,-0.00029073830094130136,0.04299999999999926,-0.006761355835844334,0.07806451612903226,-0.1485371342835735,-0.6976744186046632,-0.4568296372883692
2,2,49286,53,255,47.47,0.13,11.61,17.305,0.13258908139914832,-0.00021788538914274368,0.04199999999999804,-0.005187747360541758,0.0749032258064516,-0.15207373271890118,-0.7142857142857476,-0.4298790454397006
2,2,49306,53,255,45.71,0.12,11.11,17.325,0.12410591696632725,-0.00012568627087151008,0.04200000000000159,-0.0029925302588453646,0.0716774193548387,-0.152073732718888,-0.47619047619045823,-0.3655878827503357
2,2,49328,232,40,44.17,0.11,10.62,17.347,0.11723439032363364,-1.6213897388837494e-05,0.04299999999999926,-0.00037706738113576214,0.06851612903225807,-0.1035258814703694,-0.4651162790697752,-0.22951717007382022
2,2,49349,232,40,44.39,0.1,10.42,17.368,0.11423667865315315,0.00010694958779367702,0.045999999999999375,0.0023249910389930104,0.0672258064516129,-0.028050490883590976,-0.21739130434782894,-0.048324971218215454
2,2,49374,232,40,44.39,0.1,10.42,17.393,0.11501144164759576,0.00023891081917545344,0.04600000000000293,0.005193713460335613,0.0672258064516129,0.0,0.0,0.14923888170330132
2,2,49395,232,40,45.71,0.1,10.42,17.414,0.12110166721150545,0.00037380079158096715,0.04299999999999926,0.008693041664673804,0.0672258064516129,0.045011252813204124,0.2325581395348876,0.34157689471403624
2,2,49417,232,40,48.35,0.11,10.72,17.436,0.12969924812029907,0.0005052120482803683,0.04299999999999926,0.011749117401869232,0.06916129032258064,0.13353338334583892,0.6976744186046632,0.4845784836205806
2,2,49438,239,42,51.1,0.13,11.31,17.457,0.14193854200719005,0.0006266903280688769,0.04299999999999926,0.014574193676020643,0.07296774193548387,0.19354838709677763,1.1627906976744387,0.6246151273025871
2,2,49460,239,42,53.75,0.16,12.01,17.479,0.15655769859430985,0.00073222830798586,0.04299999999999926,0.017028565301997037,0.07748387096774194,0.22355588897224685,1.1627906976744384,0.7254232649368648
2,2,49481,239,42,56.5,0.18,12.8,17.5,0.1731317423994747,0.0008167105476144645,0.04200000000000159,0.019445489228915085,0.08258064516129032,0.22734254992318642,0.9523809523809165,0.8241099643518311
2,2,49502,239,42,59.03,0.2,13.49,17.521,0.19117031709708807,0.000876267169202082,0.04200000000000159,0.020863504028620212,0.08703225806451613,0.2135176651305603,0.9523809523809165,0.8724450878749224
2,2,49523,239,42,61.24,0.22,14.19,17.542,0.20977443609022284,0.0009085079077742134,0.04299999999999926,0.02112809087847044,0.0915483870967742,0.17854463615904273,0.9302325581395504,0.8430327588435226
2,2,49545,224,29,63.33,0.24,14.68,17.564,0.2274207257273589,0.0009126249848008055,0.045999999999999375,0.019839673582626477,0.09470967741935483,0.13884992987377473,0.8695652173913163,0.7625396193697855
2,2,49569,224,29,64.65,0.26,15.18,17.588,0.2448512585812325,0.0008893693827181419,0.045999999999999375,0.019334117015612044,0.09793548387096775,0.1122019635343636,0.6521739130434877,0.7415040436630335
2,2,49591,224,29,65.53,0.27,15.48,17.61,0.261529911735858,0.0008409178753772348,0.04299999999999926,0.01955622965993603,0.09987096774193549,0.09002250562640793,0.23255813953488794,0.7457977603259954
2,2,49612,224,29,66.3,0.27,15.78,17.631,0.27692056227524975,0.0007706561857266721,0.04299999999999926,0.017922236877364776,0.10180645161290322,0.07351837959489986,0.46511627906977454,0.6611827850718837
2,2,49634,224,29,66.85,0.29,15.97,17.653,0.2899607714939485,0.0006829066281634581,0.04299999999999926,0.015881549492173717,0.10303225806451613,0.058514628657165585,0.46511627906977454,0.5618951321681384
2,2,49655,233,18,67.4,0.29,16.17,17.674,0.3010820529584793,0.0005826271574125954,0.043000000000002814,0.013549468777036215,0.1043225806451613,0.06001500375093409,0.2325581395348687,0.4589583159110763
2,2,49677,233,18,68.06,0.3,16.37,17.696,0.30969597907812607,0.0004751041157485538,0.04299999999999926,0.011048932924385163,0.10561290322580646,0.060015003750938725,0.4651162790697759,0.3468985912708973
2,2,49698,233,18,68.83,0.31,16.57,17.717,0.3159986923831276,0.0003656547641380854,0.04299999999999926,0.008503599166002133,0.10690322580645162,0.060015003750938406,0.4651162790697759,0.23324235766362408
2,2,49720,233,18,69.6,0.32,16.77,17.739,0.31972540045766173,0.0002593496190641105,0.043000000000002814,0.00603138648986264,0.10819354838709677,0.060015003750933445,0.2325581395348687,0.12179082691561087
2,2,49741,233,18,70.27,0.32,16.97,17.76,0.3212356979404992,0.00016076014397285477,0.04499999999999815,0.0035724476438413638,0.10948387096774193,0.05591397849462592,0.44444444444446307,0.027314663470270475
2,2,49765,42,236,70.93,0.34,17.16,17.784,0.32095456031382386,7.373533893822071e-05,0.04499999999999815,0.001638563087516083,0.11070967741935483,0.02724014336917689,0.44444444444446307,-0.041407867494824065
2,2,49786,42,236,70.71,0.34,17.16,17.805,0.3193723439032322,1.211403978945924e-06,0.043000000000002814,2.817218555688011e-05,0.11070967741935483,0.015003750937733684,-0.2325581395348687,-0.10392513133185802
2,2,49808,42,236,69.6,0.33,17.26,17.827,0.31648577966655367,-5.4938655100361444e-05,0.04299999999999926,-0.0012776431418688927,0.11135483870967743,-0.028507126781696063,-0.4651162790697759,-0.1639082539513596
2,2,49829,42,236,67.51,0.32,16.97,17.848,0.31232428898332387,-9.400512507935233e-05,0.04299999999999926,-0.002186165699519859,0.10948387096774193,-0.0735183795949002,-0.4651162790697759,-0.2305054851486665
2,2,49851,42,236,65.31,0.31,16.77,17.87,0.3065740438051612,-0.00011647851020476452,0.04299999999999926,-0.002708802562901547,0.10819354838709677,-0.10502625656414252,-0.6976744186046637,-0.24449394466956192
2,2,49872,230,38,63.11,0.29,16.27,17.891,0.3018110493625329,-0.00012401072166749573,0.04299999999999926,-0.0028839702713371594,0.10496774193548387,-0.10502625656414286,-0.6976744186046625,-0.22609607943012391
2,2,49894,230,38,63.11,0.28,16.07,17.913,0.296851912389666,-0.00011929254563616354,0.043000000000002814,-0.002774245247352459,0.1036774193548387,-0.030007501875467045,-0.23255813953486743,-0.215756783262487
2,2,49915,230,38,63.0,0.28,16.07,17.934,0.29253350768224534,-0.00010584821831134405,0.04299999999999926,-0.0024615864723568806,0.1036774193548387,0.0,0.0,-0.1657328356279997
2,2,49937,230,38,62.89,0.28,16.07,17.956,0.28972540045766215,-8.775880169008232e-05,0.04499999999999815,-0.0019501955931130203,0.1036774193548387,0.0,0.0,-0.09051614543605678
2,2,49960,230,38,62.89,0.28,16.07,17.979,0.28846028113762295,-6.933543052204882e-05,0.045000000000001705,-0.00154078734493436,0.1036774193548387,0.0,0.0,-0.03980966910028531
2,2,49982,230,21,63.77,0.28,16.07,18.001,0.28793396534814925,-5.476880394055428e-05,0.04299999999999926,-0.001273693114896633,0.1036774193548387,0.0,0.0,0.029725476481902074
2,2,50003,230,21,64.54,0.28,16.07,18.022,0.2897384766263447,-4.7782492360592954e-05,0.04400000000000048,-0.0010859657354680098,0.1036774193548387,0.0,0.2272727272727237,0.1196915212933494
2,2,50026,230,21,65.53,0.29,16.07,18.045,0.2932003922850567,-5.1316464914435754e-05,0.045000000000001705,-0.001140365886987418,0.1036774193548387,0.028673835125447078,0.44444444444442677,0.14950419527077813
2,2,50048,230,21,66.3,0.3,16.27,18.067,0.29646616541353,-6.726523378634398e-05,0.04299999999999926,-0.0015643077624731426,0.10496774193548387,0.060015003750938725,0.4651162790697759,0.15121220645141806
2,2,50069,230,21,66.96,0.31,16.47,18.088,0.29970251716246754,-9.629230451107417e-05,0.04299999999999926,-0.0022393559188622287,0.10625806451612903,0.045011252813204124,0.23255813953488794,0.12049841489466968
2,2,50091,0,227,67.73,0.31,16.57,18.11,0.3016475972540007,-0.00013773827137123363,0.04299999999999926,-0.0032032156132845583,0.10690322580645162,0.03000750187546985,0.0,0.018093768293330464
2,2,50112,0,227,67.51,0.31,16.67,18.131,0.30048054919908074,-0.00018963304894803557,0.04299999999999926,-0.004410070905768345,0.10754838709677421,0.015003750937734924,0.0,-0.10255669507439169
2,2,50134,0,227,67.29,0.31,16.67,18.153,0.29723765936580193,-0.00024881369353716744,0.04299999999999926,-0.005786364965980738,0.10754838709677421,-0.015003750937734924,-0.23255813953488794,-0.20100808137634316
2,2,50155,0,227,65.75,0.3,16.57,18.174,0.29183720169989813,-0.0003111394811707253,0.045000000000001705,-0.006914210692682523,0.10690322580645162,-0.043010752688170464,-0.444444444444428,-0.2821546620173474
2,2,50179,0,227,63.99,0.29,16.37,18.198,0.2845406995750208,-0.00037178701578161543,0.045000000000001705,-0.008261933684035586,0.10561290322580646,-0.057347670250893844,-0.44444444444442677,-0.3606116741127996
2,2,50200,28,238,62.56,0.28,16.17,18.219,0.27560967636482153,-0.0004256013005974602,0.04299999999999926,-0.009897704665057384,0.1043225806451613,-0.0735183795949002,-0.46511627906977454,-0.460326752168593
2,2,50222,28,238,61.01,0.27,15.88,18.241,0.26474664923177166,-0.00046747447601650904,0.04299999999999926,-0.010871499442244583,0.10245161290322581,-0.11852963240810399,-0.6976744186046637,-0.5238830139048348
2,2,50243,28,238,59.36,0.25,15.38,18.262,0.253082706766914,-0.0004927224034917099,0.04299999999999926,-0.011458660546319032,0.09922580645161291,-0.13503375843961238,-0.6976744186046637,-0.534830503964667
2,2,50265,28,238,57.71,0.24,14.98,18.284,0.24174893756129137,-0.0004974304455226246,0.04299999999999926,-0.01156814989587519,0.09664516129032258,-0.11852963240810431,-0.6976744186046632,-0.5184092688749203
2,2,50286,28,238,56.17,0.22,14.59,18.305,0.23079110820529283,-0.00047874377986958016,0.043000000000002814,-0.01113357627603602,0.09412903225806452,-0.13353338334582757,-0.6976744186046054,-0.4658765214349965
2,2,50308,217,62,54.74,0.21,14.09,18.327,0.2217162471395852,-0.0004350842693781001,0.04400000000000048,-0.009888278849502167,0.09090322580645162,-0.08797653958944195,-0.227272727272725,-0.38842164700287307
2,2,50330,217,62,54.74,0.21,13.99,18.349,0.21370055573716623,-0.00036628437798028914,0.04399999999999693,-0.008324644954098062,0.09025806451612903,-0.014662756598241719,-0.2272727272727427,-0.36464679485276463
2,2,50352,217,62,54.74,0.2,13.99,18.371,0.20567178816606468,-0.0002736371652413911,0.04499999999999815,-0.0060808258942533855,0.09025806451612903,-0.014336917562724516,-0.22222222222223093,-0.2988630997784402
2,2,50375,217,62,54.85,0.2,13.89,18.394,0.20025171624713697,-0.0001598678960727522,0.045000000000001705,-0.003552619912727692,0.08961290322580645,-0.014336917562723385,0.0,-0.19868511859357588
2,2,50397,217,62,54.74,0.2,13.89,18.416,0.19673095782935343,-2.903564915687973e-05,0.043000000000002814,-0.0006752476548111123,0.08961290322580645,0.0,0.0,-0.09214137467023813
2,2,50418,217,65,55.18,0.2,13.89,18.437,0.19628963713631647,0.00011362741981879765,0.04299999999999926,0.0026424981353209208,0.08961290322580645,0.0,0.23255813953488727,0.04226947550879309
2,2,50440,217,65,56.06,0.21,13.89,18.459,0.1985485452762315,0.00026193389172352076,0.04299999999999926,0.0060914858540354715,0.08961290322580645,0.0,0.23255813953488727,0.21598485597208486
2,2,50461,217,65,56.83,0.21,13.89,18.48,0.20557698594311596,0.0004090124185247532,0.04299999999999926,0.009511916709878145,0.08961290322580645,0.015003750937734602,0.0,0.38825577594137095
2,2,50483,217,65,57.49,0.21,13.99,18.502,0.21524354364171017,0.0005476285637453379,0.04299999999999926,0.012735547994077846,0.09025806451612903,0.045011252813204124,0.23255813953488794,0.5140758873929046
2,2,50504,217,65,58.15,0.22,14.19,18.523,0.22768224910101048,0.0006705480025345966,0.043000000000002814,0.015594139593826809,0.0915483870967742,0.045011252813200404,0.2325581395348687,0.6236268122276899
2,2,50526,255,86,58.7,0.22,14.29,18.545,0.24205949656750259,0.0007709293858414715,0.04299999999999926,0.017928590368406622,0.09219354838709677,0.060015003750938725,0.23255813953488794,0.7058850361495275
2,2,50547,255,86,60.35,0.23,14.59,18.566,0.25803530565543964,0.0008427269588998456,0.05299999999999727,0.015900508658488473,0.09412903225806452,0.14485696895922856,0.9433962264151432,0.6430144269616034
2,2,50579,255,86,64.65,0.27,15.48,18.598,0.2761392611964658,0.0008810753336240485,0.053000000000000824,0.016624062898566695,0.09987096774193549,0.20450395617772057,1.132075471698095,0.6893361377191749
2,2,50600,255,86,67.84,0.29,16.27,18.619,0.2945701209545565,0.000882622849154794,0.04299999999999926,0.020526112771042073,0.10496774193548387,0.23855963990998144,1.1627906976744384,0.8959456274660403
2,2,50622,255,86,70.93,0.32,17.07,18.641,0.3146649231775049,0.0008457790413736355,0.04299999999999926,0.01966928003194535,0.11012903225806452,0.20855213803451225,1.1627906976744395,0.9185248257144423
2,2,50643,228,22,73.46,0.34,17.66,18.662,0.3340666884602768,0.0007708483054789888,0.043000000000002814,0.017926704778579963,0.11393548387096775,0.1635408852212946,1.1627906976743423,0.8417403468225004
2,2,50665,228,22,75.0,0.37,18.16,18.684,0.3508597580908748,0.000660034857039875,0.045000000000001705,0.014667441267552223,0.11716129032258064,0.100358422939064,0.6666666666666408,0.69979296066249
2,2,50688,228,22,75.66,0.37,18.36,18.707,0.36555737169009006,0.0005173194041159448,0.04400000000000048,0.011757259184453162,0.1184516129032258,0.042521994134896955,0.227272727272725,0.5813694314838342
2,2,50709,228,22,76.1,0.38,18.45,18.728,0.37644001307616376,0.0003482210060791928,0.04299999999999926,0.00809816293207439,0.11903225806451613,0.043510877719430664,0.4651162790697759,0.379741061450392
2,2,50731,228,22,76.54,0.39,18.65,18.75,0.38188623733245664,0.00015946578755275098,0.04299999999999926,0.0037085066872733423,0.12032258064516128,0.06001500375093905,0.23255813953488794,0.13266229273892627
2,2,50752,42,247,76.87,0.39,18.85,18.771,0.3821444916639375,-4.1412528682968744e-05,0.045000000000001705,-0.0009202784151770483,0.12161290322580647,0.028673835125447387,0.0,-0.12858232537865796
2,2,50776,42,247,76.54,0.39,18.85,18.795,0.3761000326904168,-0.0002465146642329472,0.04499999999999815,-0.005478103649621274,0.12161290322580647,-0.014336917562724824,-0.22222222222223154,-0.4119719588827258
2,2,50797,42,247,74.01,0.38,18.75,18.816,0.3636057535142156,-0.00044803383953643914,0.04299999999999926,-0.010419391617126671,0.12096774193548387,-0.07351837959490051,-0.4651162790697759,-0.6490949314641533
2,2,50819,42,247,70.49,0.37,18.36,18.838,0.3481889506374587,-0.0006387005914004256,0.043000000000002814,-0.01485350212559032,0.1184516129032258,-0.1785446361590283,-1.1627906976743423,-0.8133833065980782
2,2,50840,42,247,66.96,0.33,17.56,18.859,0.32863027133049594,-0.000812181948098182,0.04299999999999926,-0.018887952281353395,0.11329032258064516,-0.2235558889722465,-1.6279069767442143,-0.9641393676304048
2,2,50862,28,249,63.55,0.3,16.87,18.881,0.306730957829352,-0.0009634018922921897,0.04299999999999926,-0.02240469516958619,0.10883870967741936,-0.22355588897224685,-1.1627906976744384,-1.0750587287227216
2,2,50883,28,249,60.46,0.28,16.07,18.902,0.2824027459954197,-0.0010887544844319043,0.04299999999999926,-0.02531987173097495,0.1036774193548387,-0.23855963990998177,-1.1627906976744384,-1.1205972464021579
2,2,50905,28,249,57.49,0.25,15.28,18.924,0.25854527623406004,-0.001186191032035234,0.04299999999999926,-0.02758583795430824,0.09858064516129032,-0.2220555138784734,-1.395348837209327,-1.1381588450398048
2,2,50926,28,249,54.96,0.22,14.59,18.945,0.23346191565870894,-0.0012551762547211443,0.04299999999999926,-0.029190145458631765,0.09412903225806452,-0.22355588897224715,-1.1627906976744384,-1.1276675003991312
2,2,50948,28,249,52.65,0.2,13.79,18.967,0.21005557371689823,-0.0012965224642026935,0.045999999999999375,-0.028185270960928502,0.08896774193548386,-0.20897615708275172,-0.8695652173913163,-0.9916568358514434
2,2,50972,8,229,50.22,0.18,13.1,18.991,0.18784570120954316,-0.001312123072739018,0.04600000000000293,-0.028524414624759447,0.08451612903225807,-0.1809256661991468,-0.8695652173912491,-0.9297582330115699
2,2,50994,8,229,48.68,0.16,12.5,19.013,0.1672866949983633,-0.0013046162940431305,0.04299999999999926,-0.030339913814957046,0.08064516129032258,-0.15003750937734697,-0.6976744186046632,-0.8812729498164056
2,2,51015,8,229,47.47,0.15,12.1,19.034,0.14995096436743838,-0.001277016356535233,0.04299999999999926,-0.02969805480314546,0.07806451612903226,-0.11852963240810399,-0.6976744186046632,-0.7489907782601124
2,2,51037,8,229,46.37,0.13,11.71,19.056,0.13508009153317901,-0.0012323523176334366,0.04200000000000159,-0.029341721848414045,0.0755483870967742,-0.12135176651305217,-0.7142857142856872,-0.620184000373573
2,2,51057,8,229,45.38,0.12,11.31,19.076,0.12390323635174733,-0.0011733528208457997,0.04199999999999804,-0.027936971924901296,0.07296774193548387,-0.10752688172043513,-0.47619047619049854,-0.5142514671772769
2,2,51079,48,243,44.5,0.11,11.01,19.098,0.1134815299117344,-0.00110220870094534,0.04299999999999926,-0.025632760487101374,0.07103225806451613,-0.08852213053263479,-0.2325581395348876,-0.4575898796536354
2,2,51100,48,243,43.5,0.11,10.72,19.119,0.10422687152664134,-0.0010204352459753459,0.04299999999999926,-0.023731052231985194,0.06916129032258064,-0.1035258814703694,-0.2325581395348876,-0.3880277032317922
2,2,51122,48,243,42.4,0.1,10.32,19.141,0.09679633867276762,-0.0009288438587897367,0.04299999999999926,-0.021601019971854714,0.06658064516129032,-0.10502625656414286,-0.2325581395348876,-0.3234071021841779
2,2,51143,48,243,41.3,0.1,10.02,19.162,0.09032036613272193,-0.0008276204208224467,0.04600000000000293,-0.017991748278747697,0.06464516129032258,-0.09817671809256054,-0.4347826086956246,-0.28184828801680684
2,2,51168,48,243,40.42,0.08,9.62,19.187,0.08383131742399368,-0.0007164962133540093,0.045999999999999375,-0.01557600463813085,0.06206451612903225,-0.11079943899018377,-0.43478260869565816,-0.2670665321147861
2,2,51189,17,243,39.32,0.08,9.23,19.208,0.07803530565544194,-0.0005949879895465405,0.04199999999999804,-0.01416638070348972,0.059548387096774194,-0.10599078341014305,0.0,-0.27164183751304655
2,2,51210,17,243,38.44,0.08,8.93,19.229,0.07242236024844625,-0.00046267753364062614,0.04200000000000159,-0.011016131753347824,0.05761290322580645,-0.09216589861750797,-0.23809523809522895,-0.25669764473293705
2,2,51231,17,243,37.56,0.07,8.63,19.25,0.06725400457665817,-0.0003194980383160519,0.04299999999999926,-0.00743018693758273,0.05567741935483871,-0.07501875468867349,-0.2325581395348876,-0.2190258254331487
2,2,51253,17,243,36.79,0.07,8.43,19.272,0.06300424975482102,-0.00016599456229093512,0.04299999999999926,-0.00386033865792879,0.054387096774193545,-0.07351837959490003,-0.23255813953488794,-0.18131780411595294
2,2,51274,17,243,36.02,0.06,8.14,19.293,0.05945733899967233,-3.528119001943608e-06,0.043000000000002814,-8.204927911496226e-05,0.052516129032258066,-0.08852213053262731,-0.2325581395348687,-0.12346336011919641
2,2,51296,222,0,35.25,0.06,7.84,19.315,0.05769532526969523,0.00016560267524845252,0.04299999999999926,0.003851225005778032,0.05058064516129032,-0.045011252813204124,0.0,-0.01832184100291209
2,2,51317,222,0,35.58,0.06,7.84,19.336,0.05866949983654712,0.00033814167445424736,0.04299999999999926,0.007863759871029144,0.05058064516129032,-0.015003750937734602,0.0,0.14178520112211837
2,2,51339,222,0,35.58,0.06,7.74,19.358,0.06379208891794622,0.0005099667254001794,0.043000000000002814,0.011859691288375489,0.049935483870967745,-0.015003750937733361,0.0,0.31185141823210805
2,2,51360,222,0,36.9,0.06,7.74,19.379,0.07207911082052865,0.0006762904576061857,0.04499999999999815,0.015028676835693632,0.049935483870967745,0.043010752688173545,0.22222222222223154,0.4477861319966709
2,2,51384,222,0,39.76,0.07,8.04,19.403,0.08394246485779558,0.0008319549805736735,0.04499999999999815,0.018487888457193503,0.051870967741935475,0.12759856630824898,0.4444444444444628,0.5626384802586331
2,2,51405,242,21,42.51,0.08,8.63,19.424,0.09739784243216609,0.0009717920489024099,0.043000000000002814,0.022599815090752238,0.05567741935483871,0.20855213803449518,0.6976744186046054,0.6693934026167018
2,2,51427,242,21,45.82,0.1,9.43,19.446,0.11272638117031564,0.001091009258398529,0.04299999999999926,0.025372308334849946,0.060838709677419354,0.2685671417854508,0.9302325581395507,0.756517177676247
2,2,51448,242,21,49.45,0.12,10.42,19.467,0.12992808107224416,0.0011855567492206908,0.04299999999999926,0.02757108719117933,0.0672258064516129,0.29707426856714686,1.1627906976744384,0.8471380676159589
2,2,51470,242,21,52.98,0.15,11.41,19.489,0.14915331807780124,0.0012524302044818949,0.043000000000002814,0.02912628382515844,0.07361290322580645,0.2970742685671225,1.3953488372092109,0.9230102556694348
2,2,51491,242,21,56.28,0.18,12.4,19.51,0.16961752206603245,0.0012898751597911601,0.04299999999999926,0.02999709673932982,0.08,0.28357089272318586,1.3953488372093263,0.9486304233789781
2,2,51513,223,38,59.03,0.21,13.3,19.532,0.1899444262830966,0.0012974729640204093,0.04299999999999926,0.03017378986094027,0.08580645161290323,0.23855963990998144,1.1627906976744389,0.9427005329299016
2,2,51534,223,38,61.01,0.23,13.99,19.553,0.21015364498201752,0.0012761069011501184,0.04299999999999926,0.029676904677910242,0.09025806451612903,0.17854463615904273,0.6976744186046632,0.9369226909538789
2,2,51556,223,38,62.23,0.24,14.49,19.575,0.2302321019941127,0.0012278243565275436,0.045999999999999375,0.02669183383755566,0.09348387096774194,0.11079943899018377,0.4347826086956579,0.8380829199653209
2,2,51580,223,38,63.33,0.25,14.78,19.599,0.24870545930042176,0.0011556241278145656,0.045999999999999375,0.025122263648143073,0.09535483870967741,0.09677419354838843,0.4347826086956585,0.7673010503574633
2,2,51602,223,38,64.21,0.26,15.18,19.621,0.26552795031055554,0.001063204571500874,0.04299999999999926,0.02472568770932308,0.09793548387096775,0.10502625656414318,0.4651162790697759,0.742984863574511
2,2,51623,236,44,64.98,0.27,15.48,19.642,0.2806538084341252,0.0009547074956331212,0.043000000000002814,0.022202499898443227,0.09987096774193549,0.07501875468866713,0.6976744186046049,0.6377673202216378
2,2,51645,236,44,65.86,0.29,15.68,19.664,0.29295194508008776,0.0008344859401151545,0.04299999999999926,0.019406649770120205,0.10116129032258064,0.07351837959489986,0.9302325581395504,0.5349065282011926
2,2,51666,236,44,66.85,0.31,15.97,19.685,0.30365478914677607,0.0007069138799633432,0.04299999999999926,0.016439857673566403,0.10303225806451613,0.08852213053263479,0.4651162790697759,0.4829059504169949
2,2,51688,236,44,67.95,0.31,16.27,19.707,0.3137169009480182,0.000576244945499937,0.04900000000000304,0.011760100928569413,0.10496774193548387,0.07899934167214792,0.20408163265304874,0.40135832037944424
2,2,51715,236,44,69.05,0.32,16.57,19.734,0.32332134684537006,0.0004465173124368249,0.047999999999998266,0.009302444009100855,0.10690322580645162,0.08064516129032559,0.41666666666668206,0.3862237114525524
2,2,51736,224,15,69.83,0.33,16.87,19.755,0.33225563909774003,0.0003214944455378017,0.04299999999999926,0.007476615012507145,0.10883870967741936,0.07501875468867332,0.4651162790697759,0.3728228559264718
2,2,51758,224,15,70.49,0.34,17.07,19.777,0.3393527296502081,0.0002046274107299766,0.045000000000001705,0.004547275793999307,0.11012903225806452,0.05591397849462151,0.222222222222214,0.2833169881224658
2,2,51781,224,15,70.93,0.34,17.26,19.8,0.3450049035632515,9.902411407123068e-05,0.04499999999999815,0.002200535868249661,0.11135483870967743,0.0415770609319014,0.22222222222223031,0.189895027423637
2,2,51803,224,15,71.26,0.35,17.36,19.822,0.3478980058842714,7.413283158957284e-06,0.04299999999999926,0.00017240193392924213,0.112,0.030007501875469526,0.23255813953488663,0.061579631586550505
2,2,51824,224,15,71.59,0.35,17.46,19.843,0.3476528277214731,-6.790485253609191e-05,0.04299999999999926,-0.0015791826171184437,0.11264516129032259,0.015003750937734924,0.0,-0.07222302470027582
2,2,51846,16,238,71.92,0.35,17.46,19.865,0.3447924158221596,-0.00012512431108714495,0.04299999999999926,-0.0029098676997010952,0.11264516129032259,0.015003750937734277,0.23255813953488794,-0.1946980697446368
2,2,51867,16,238,71.7,0.36,17.56,19.886,0.33928081072245386,-0.00016301347252554877,0.043000000000002814,-0.0037910109889660024,0.11329032258064516,0.015003750937733039,0.2325581395348687,-0.26464036734908936
2,2,51889,16,238,70.49,0.36,17.56,19.908,0.333412880026148,-0.00018100217011489405,0.04299999999999926,-0.004209352793369701,0.11329032258064516,-0.030007501875469203,-0.46511627906977454,-0.2610672282323611
2,2,51910,16,238,68.28,0.34,17.36,19.929,0.32805491990846253,-0.00017926302329900778,0.04299999999999926,-0.004168907518581648,0.112,-0.08852213053263479,-0.9302325581395504,-0.25840637995393106
2,2,51932,16,238,65.75,0.32,16.97,19.951,0.32230140568812915,-0.00015876964101192926,0.043000000000002814,-0.0036923172328353227,0.10948387096774193,-0.13353338334582787,-0.9302325581394748,-0.2516402229030426
2,2,51953,248,10,63.33,0.3,16.47,19.972,0.317234390323631,-0.00012131230802617665,0.04100000000000037,-0.002958836781126233,0.10625806451612903,-0.1101494885916588,-0.48780487804877654,-0.21767036892336322
2,2,51973,248,10,63.33,0.3,16.27,19.992,0.3133769205622712,-6.945471575244255e-05,0.04100000000000037,-0.0016940174573766321,0.10496774193548387,-0.03147128245475956,-0.24390243902438827,-0.1459109066409356
2,2,51994,248,10,63.33,0.29,16.27,20.013,0.3112520431513526,-6.423891676991645e-06,0.04299999999999926,-0.00014939282969748268,0.10496774193548387,0.0,-0.23255813953488794,-0.06735747356257318
2,2,52016,248,10,63.22,0.29,16.27,20.035,0.3104805491990806,6.406266069970457e-05,0.04299999999999926,0.0014898293185978061,0.10496774193548387,-0.015003750937734602,0.23255813953488794,0.032994518652545914
2,2,52037,248,10,64.76,0.3,16.17,20.056,0.312670807453412,0.00013801754321666237,0.04299999999999926,0.0032097103073642965,0.1043225806451613,0.030007501875469203,0.4651162790697759,0.1409489345203265
2,2,52059,235,19,66.96,0.31,16.47,20.078,0.3165413533834545,0.0002114292186420812,0.04299999999999926,0.00491695857307174,0.10625806451612903,0.12003000750187713,0.6976744186046637,0.22252294031337383
2,2,52080,235,19,68.83,0.33,16.97,20.099,0.32223929388688693,0.0002805069465335031,0.04299999999999926,0.00652341736124437,0.10948387096774193,0.11852963240810431,0.6976744186046637,0.344161718755941
2,2,52102,235,19,70.38,0.34,17.26,20.121,0.3313403072899597,0.00034189935697144947,0.04299999999999926,0.007951147836545474,0.11135483870967743,0.08852213053263479,0.46511627906977454,0.47188243612063707
2,2,52123,235,19,71.59,0.35,17.56,20.142,0.342530238640074,0.000392865819148156,0.043000000000002814,0.009136414398793728,0.11329032258064516,0.07501875468866745,0.4651162790697361,0.542737024563388
2,2,52145,235,19,72.58,0.36,17.76,20.164,0.35467799934618693,0.00043138809569752824,0.045000000000001705,0.009586402126611375,0.11458064516129034,0.057347670250894156,0.444444444444428,0.5393919581562329
2,2,52168,244,33,73.46,0.37,17.96,20.187,0.3668028767571054,0.00045621913837558384,0.04499999999999815,0.01013820307501339,0.11587096774193549,0.07168458781362289,0.44444444444446307,0.5151284007119383
2,2,52190,244,33,74.45,0.38,18.26,20.209,0.3778587773782232,0.0004668733301527368,0.04299999999999926,0.010857519305877786,0.11780645161290323,0.07351837959489986,0.4651162790697759,0.5054851486653968
2,2,52211,244,33,75.22,0.39,18.45,20.23,0.38853873814971707,0.0004635668486526221,0.04299999999999926,0.010780624387270466,0.11903225806451613,0.05851462865716494,0.4651162790697759,0.4701338786805271
2,2,52233,244,33,76.21,0.4,18.65,20.252,0.3980745341614855,0.0004471187784733033,0.04299999999999926,0.010398111127286301,0.12032258064516128,0.06001500375093905,0.23255813953488794,0.41205136197419917
2,2,52254,244,33,76.98,0.4,18.85,20.273,0.4062569467146073,0.0004188242159877831,0.043000000000002814,0.009740098046226876,0.12161290322580647,0.06001500375093409,0.23255813953486743,0.36598067463904765
2,2,52276,238,26,77.75,0.41,19.05,20.295,0.4138117031709656,0.0003803104602507297,0.04299999999999926,0.008844429308156657,0.12290322580645162,0.04501125281320348,0.46511627906977454,0.3089624972441238
2,2,52297,238,26,78.3,0.42,19.15,20.316,0.4195423340961044,0.0003333866612096479,0.04299999999999926,0.007753178167666363,0.12354838709677418,0.045011252813204124,0.23255813953488794,0.22678029755886137
2,2,52319,238,26,78.75,0.42,19.35,20.338,0.4235632559659965,0.00027989620403220884,0.043000000000002814,0.0065092140472602445,0.12483870967741936,0.04501125281320073,0.2325581395348687,0.13844013471493494
2,2,52340,238,26,79.19,0.43,19.45,20.359,0.425495259888847,0.0002215798981354773,0.04299999999999926,0.005153020886871654,0.12548387096774194,0.030007501875469203,0.23255813953488794,0.04622273580817503
2,2,52362,238,26,79.52,0.43,19.55,20.381,0.42555083360574797,0.0001599569472828435,0.04499999999999815,0.0035545988285077793,0.12612903225806452,0.02867383512544903,0.0,-0.03378010242998864
2,2,52385,41,226,79.85,0.43,19.65,20.404,0.4239751552794976,9.62299162326019e-05,0.04499999999999815,0.0021384425829467967,0.1267741935483871,0.014336917562724516,0.0,-0.1001053358032779
2,2,52407,41,226,79.63,0.43,19.65,20.426,0.42104609349460065,3.1219582069489606e-05,0.04299999999999926,0.0007260367923137243,0.1267741935483871,0.0,0.0,-0.1474870188616129
2,2,52428,41,226,78.19,0.43,19.65,20.447,0.41763321346844834,-3.466444689598091e-05,0.043000000000002814,-0.0008061499278134569,0.1267741935483871,-0.030007501875466722,-0.2325581395348687,-0.15622980606216283
2,2,52450,41,226,75.77,0.42,19.45,20.469,0.4143282118339272,-0.00010141152449686075,0.04299999999999926,-0.0023584075464386624,0.12548387096774194,-0.07501875468867365,-0.4651162790697759,-0.14315363737959783
2,2,52471,41,226,73.46,0.41,19.15,20.49,0.41147760706112574,-0.0001693512442606888,0.04299999999999926,-0.003938401029318412,0.12354838709677418,-0.12003000750187777,-0.6976744186046625,-0.1528847396550005
2,2,52493,240,62,71.15,0.39,18.65,20.512,0.4077541680287623,-0.00023904620359894223,0.043000000000002814,-0.00555921403718434,0.12032258064516128,-0.09002250562640017,-0.6976744186046049,-0.18808396116680606
2,2,52514,240,62,70.93,0.38,18.55,20.533,0.40338999673095255,-0.0003111403378362745,0.04299999999999926,-0.007235821810146042,0.11967741935483872,-0.030007501875469203,-0.23255813953488794,-0.23544706052289668
2,2,52536,240,62,70.82,0.38,18.45,20.555,0.3976299444262779,-0.0003861758866334313,0.04299999999999926,-0.008980834572870649,0.11903225806451613,-0.015003750937734924,0.0,-0.3156526300584626
2,2,52557,240,62,70.82,0.38,18.45,20.576,0.3898169336384389,-0.0004644014145594362,0.045000000000001705,-0.010320031434653746,0.11903225806451613,0.0,0.0,-0.3859649122806824
2,2,52581,240,62,70.93,0.38,18.45,20.6,0.38026152337364655,-0.0005455992710970854,0.04499999999999815,-0.012124428246602396,0.11903225806451613,0.0,0.0,-0.46747303040210597
2,2,52602,23,255,71.7,0.38,18.45,20.621,0.368780647270345,-0.0006289608123392938,0.04299999999999926,-0.014626995635797783,0.11903225806451613,0.0,0.0,-0.5692694831112173
2,2,52624,23,255,71.59,0.38,18.45,20.643,0.3557829355998646,-0.0007130314106567362,0.043000000000002814,-0.016582125829225337,0.11903225806451613,-0.013503375843960348,-0.2325581395348687,-0.6165565582307165
2,2,52645,23,255,69.6,0.37,18.36,20.664,0.34226871526642244,-0.0007957362054299146,0.04299999999999926,-0.018505493149533217,0.1184516129032258,-0.10352588147036906,-0.6976744186046637,-0.6497791495928934
2,2,52667,23,255,66.41,0.35,17.76,20.686,0.3278424321673707,-0.0008744838037697242,0.04299999999999926,-0.02033683264580789,0.11458064516129034,-0.19354838709677732,-1.1627906976744384,-0.6876392193831419
2,2,52688,23,255,63.0,0.32,17.07,20.707,0.31270022883294785,-0.0009463316110844424,0.04299999999999926,-0.022007711885685084,0.11012903225806452,-0.23855963990998177,-1.3953488372093263,-0.7365988277062745
2,2,52710,45,216,59.58,0.29,16.17,20.729,0.29616868257600143,-0.0010081870052904983,0.04299999999999926,-0.02344620942536083,0.1043225806451613,-0.23855963990998144,-1.3953488372093263,-0.8168804214783706
2,2,52731,45,216,57.49,0.26,15.48,20.75,0.2775743707093785,-0.0010570165421402234,0.04299999999999926,-0.024581780049773058,0.09987096774193549,-0.19354838709677763,-1.1627906976744384,-0.8952614093373016
2,2,52753,45,216,55.84,0.24,14.88,20.772,0.2576724419744981,-0.0010900413036624634,0.045000000000001705,-0.024223140081387158,0.096,-0.14193548387096244,-0.8888888888888554,-0.8891794704151229
2,2,52776,45,216,54.3,0.22,14.49,20.795,0.23756129454069647,-0.0011049071772911017,0.045000000000001705,-0.02455349282869022,0.09348387096774194,-0.11326164874551535,-0.6666666666666414,-0.8857651374813397
2,2,52798,45,216,53.09,0.21,14.09,20.817,0.21781301078783633,-0.0010998291599926696,0.04299999999999926,-0.02557742232541136,0.09090322580645162,-0.12003000750187777,-0.4651162790697752,-0.896021651702566
2,2,52819,80,242,52.09,0.2,13.69,20.838,0.1990323635174868,-0.0010737145737025014,0.04299999999999926,-0.024970106365174882,0.08832258064516128,-0.11852963240810399,-0.4651162790697752,-0.8491907220021777
2,2,52841,80,242,50.66,0.19,13.3,20.86,0.1812978097417433,-0.0010262700198143176,0.04299999999999926,-0.023866744646845007,0.08580645161290323,-0.13353338334583859,-0.6976744186046632,-0.7777279396671701
2,2,52862,80,242,49.23,0.17,12.8,20.881,0.16559006211179905,-0.0009580923560750669,0.04299999999999926,-0.022281217583141475,0.08258064516129032,-0.15003750937734697,-0.6976744186046632,-0.6946334491435896
2,2,52884,80,242,47.69,0.16,12.3,20.903,0.15142857142856947,-0.0008707376195054746,0.04299999999999926,-0.020249712081523014,0.07935483870967742,-0.1485371342835735,-0.6976744186046632,-0.6484107133354133
2,2,52905,80,242,46.37,0.14,11.81,20.924,0.13770840143837676,-0.000766756203237037,0.043000000000002814,-0.017831539610162483,0.07619354838709677,-0.13353338334582787,-0.6976744186046054,-0.6233987395181092
2,2,52927,21,244,45.16,0.13,11.41,20.946,0.12462242562928902,-0.0006496793710226534,0.04299999999999926,-0.015108822581922431,0.07361290322580645,-0.13503375843961204,-0.4651162790697759,-0.5679770710902657
2,2,52948,21,244,43.84,0.12,10.91,20.967,0.11328538738149575,-0.0005239418920528571,0.04499999999999815,-0.011643153156730637,0.07038709677419355,-0.14193548387097363,-0.4444444444444628,-0.4390686862082871
2,2,52972,21,244,42.51,0.11,10.42,20.991,0.10486433474991691,-0.0003947280301461866,0.04600000000000293,-0.008581044133612206,0.0672258064516129,-0.12482468443196977,-0.4347826086956243,-0.286965049675206
2,2,52994,21,244,41.41,0.1,10.02,21.013,0.10008499509643544,-0.0002677332075754446,0.04299999999999926,-0.006226353664545331,0.06464516129032258,-0.10502625656414252,-0.46511627906977554,-0.1554695636969072
2,2,53015,21,244,40.31,0.09,9.72,21.034,0.09817914351095001,-0.0001488415200030495,0.04299999999999926,-0.0034614306977453968,0.06270967741935485,-0.10352588147036923,-0.46511627906977554,-0.019462204550811185
2,2,53037,252,49,39.32,0.08,9.33,21.056,0.09924812030075057,-4.372974283932685e-05,0.043000000000002814,-0.001016970763705209,0.06019354838709678,-0.08852213053262747,-0.2325581395348684,0.10825851281387629
2,2,53058,252,49,39.54,0.08,9.13,21.077,0.102834259561947,4.257920441580154e-05,0.04299999999999926,0.0009902140561814483,0.05890322580645162,-0.030007501875469363,0.0,0.21469244395113296
2,2,53080,252,49,39.65,0.08,9.13,21.099,0.10847989539064913,0.00010617719525748903,0.04299999999999926,0.0024692370990114154,0.05890322580645162,0.030007501875469363,0.2325581395348876,0.29185704402563667
2,2,53101,252,49,43.72,0.09,9.33,21.12,0.11538411245504916,0.00014469749836575651,0.04299999999999926,0.003365058101529279,0.06019354838709678,0.20855213803451192,0.9302325581395507,0.31876962375605433
2,2,53123,252,49,48.35,0.12,10.52,21.142,0.12218698921215923,0.0001576491504887798,0.04299999999999926,0.0036662593136926164,0.06787096774193548,0.35708927231808557,1.3953488372093263,0.2896523411663654
2,2,53144,5,251,53.09,0.15,11.71,21.163,0.12783916312520266,0.00014660042545797225,0.045000000000001705,0.00325778723239926,0.0755483870967742,0.2551971326164781,1.1111111111110694,0.2457593258508472
2,2,53168,5,251,52.87,0.17,12.3,21.187,0.13324615887544777,0.00011516566007118456,0.04499999999999815,0.002559236890470873,0.07935483870967742,0.08458781362007527,0.44444444444446307,0.21009044350006056
2,2,53189,5,251,52.76,0.17,12.3,21.208,0.137293233082705,6.877748794950201e-05,0.04299999999999926,0.0015994764639419346,0.07935483870967742,-0.030007501875469526,-0.23255813953488794,0.1509081095053105
2,2,53211,5,251,50.99,0.16,12.1,21.23,0.139735207584176,1.4262319496971543e-05,0.043000000000002814,0.0003316818487667584,0.07806451612903226,-0.05851462865716043,-0.4651162790697374,0.06979024913141745
2,2,53232,5,251,49.34,0.15,11.91,21.251,0.14029421379535614,-4.0731479747281086e-05,0.04299999999999926,-0.0009472437150530648,0.07683870967741936,-0.08852213053263479,-0.4651162790697752,-0.03801211826330167
2,2,53254,73,230,47.58,0.14,11.51,21.273,0.13810068649885407,-8.838518222262337e-05,0.04299999999999926,-0.0020554693540145324,0.07425806451612903,-0.12003000750187777,-0.4651162790697752,-0.1667971749393716
2,2,53275,73,230,46.37,0.13,11.11,21.294,0.1331219352729633,-0.00012137044770680916,0.04299999999999926,-0.002822568551321192,0.0716774193548387,-0.10502625656414252,-0.4651162790697759,-0.2906406562412113
2,2,53297,73,230,45.38,0.12,10.81,21.316,0.1256031382804822,-0.00013345630676109543,0.04299999999999926,-0.003103635040955761,0.06974193548387098,-0.07351837959489986,-0.6976744186046632,-0.4096185864053472
2,2,53318,73,230,44.5,0.1,10.62,21.337,0.11550833605753366,-0.00012001282006483649,0.043000000000002814,-0.002790995815461131,0.06851612903225807,-0.058514628657160755,-0.4651162790697368,-0.49058439830614176
2,2,53340,73,230,43.72,0.1,10.42,21.359,0.10450800915331672,-7.837698654291359e-05,0.04299999999999926,-0.0018227206172770915,0.0672258064516129,-0.07501875468867365,0.0,-0.46640869109072225
2,2,53361,211,0,43.06,0.1,10.12,21.38,0.09545276234063295,-8.060718833675651e-06,0.04499999999999815,-0.0001791270851927996,0.06529032258064515,-0.04301075268817386,-0.22222222222223154,-0.3083069993825232
2,2,53385,211,0,43.17,0.09,10.12,21.404,0.09063419418110374,8.920712422759714e-05,0.045000000000001705,0.001982380538390972,0.06529032258064515,0.0,-0.222222222222214,-0.12088191493225238
2,2,53406,211,0,43.17,0.09,10.12,21.425,0.09001307616868139,0.00020960237866459152,0.04299999999999926,0.0048744739224324445,0.06529032258064515,-0.015003750937734602,0.0,0.07207097622722174
2,2,53428,211,0,43.17,0.09,10.02,21.447,0.09373324615887423,0.00034747969404298295,0.04299999999999926,0.008080923117278812,0.06464516129032258,-0.015003750937734602,0.0,0.246850696001887
2,2,53449,211,0,43.95,0.09,10.02,21.468,0.10062765609676234,0.0004957799958770704,0.04299999999999926,0.011529767345978579,0.06464516129032258,0.015003750937734602,0.23255813953488794,0.41129111960893316
2,2,53471,242,30,45.27,0.1,10.12,21.49,0.11141876430205805,0.0006465444909998599,0.04299999999999926,0.015035918395345836,0.06529032258064515,0.060015003750938725,0.46511627906977554,0.5990709838296472
2,2,53492,242,30,47.58,0.11,10.42,21.511,0.12638770840143673,0.0007915000705919244,0.043000000000002814,0.018406978385857503,0.0672258064516129,0.14853713428356125,0.6976744186046054,0.7774238427209984
2,2,53514,242,30,50.88,0.13,11.11,21.533,0.14484798953906317,0.0009226721581078685,0.04299999999999926,0.021457492049020567,0.0716774193548387,0.2520630157539429,1.1627906976744387,0.9353261819868208
2,2,53535,242,30,54.19,0.16,12.1,21.554,0.16660673422686934,0.0010329740732226166,0.04299999999999926,0.02402265286564266,0.07806451612903226,0.268567141785451,1.3953488372093263,1.0415320404144888
2,2,53557,242,30,57.27,0.19,12.9,21.576,0.18963386727688541,0.0011167202936223574,0.045000000000001705,0.024816006524940336,0.0832258064516129,0.25663082437275014,1.3333333333332829,1.0575714648940662
2,2,53580,255,10,60.35,0.22,13.89,21.599,0.21419745014710412,0.0011700169731706058,0.04499999999999815,0.026000377181570083,0.08961290322580645,0.25519713261649796,1.1111111111111565,1.10697032436166
2,2,53602,255,10,63.11,0.24,14.68,21.621,0.23944753187315806,0.0011909961965323266,0.04299999999999926,0.027697585965868535,0.09470967741935483,0.23855963990998177,1.1627906976744389,1.14963850475532
2,2,53623,255,10,65.86,0.27,15.48,21.642,0.263631905851582,0.0011798775957797022,0.043000000000002814,0.027439013855340116,0.09987096774193549,0.23855963990996207,1.1627906976743423,1.079544158677702
2,2,53645,255,10,68.5,0.29,16.27,21.664,0.2858679306963023,0.0011388585429020549,0.04299999999999926,0.0264850823930715,0.10496774193548387,0.2235558889722465,1.1627906976744384,0.9756190273459225
2,2,53666,255,10,70.82,0.32,16.97,21.685,0.305583524027456,0.0010718499378470697,0.04399999999999693,0.024360225860162375,0.10948387096774193,0.18914956011731504,1.1363636363637166,0.8378406490535109
2,2,53689,207,5,72.91,0.34,17.56,21.708,0.3227329192546542,0.0009840879482750822,0.04400000000000048,0.022365635188069805,0.11329032258064516,0.115835777126099,0.6818181818181737,0.7074504442925315
2,2,53710,207,5,73.57,0.35,17.76,21.729,0.3367113435763277,0.0008816627515332627,0.043000000000002814,0.02050378491937686,0.11458064516129034,0.045011252813200404,0.4651162790697361,0.570333822422544
2,2,53732,207,5,73.46,0.36,17.86,21.751,0.3472572736188252,0.0007710125085026292,0.04299999999999926,0.017930523453549823,0.1152258064516129,0.015003750937734277,0.23255813953488794,0.42558367607593584
2,2,53753,207,5,73.24,0.36,17.86,21.772,0.35501144164759263,0.0006584326708076347,0.04499999999999815,0.01463183712905915,0.1152258064516129,0.014336917562724824,0.0,0.3051832479750175
2,2,53777,207,5,73.02,0.36,17.96,21.796,0.3609905197777004,0.0005496459021980478,0.045000000000001705,0.012214353382178376,0.11587096774193549,0.014336917562723693,0.0,0.25033598488974695
2,2,53798,236,79,72.8,0.36,17.96,21.817,0.36627656096763167,0.00044946702539667527,0.04299999999999926,0.010452721520853093,0.11587096774193549,0.0,0.0,0.22320715844211256
2,2,53820,236,79,72.8,0.36,17.96,21.839,0.3705884275907111,0.0003615831410749841,0.04299999999999926,0.008408910257557915,0.11587096774193549,0.015003750937734277,0.0,0.18587925830755028
2,2,53841,236,79,73.24,0.36,18.06,21.86,0.3742693690748562,0.000288454404212839,0.043000000000002814,0.006708241958437677,0.11651612903225805,0.030007501875466722,0.2325581395348687,0.16603693257409224
2,2,53863,236,79,73.9,0.37,18.16,21.882,0.3777280156913975,0.00023132788920963776,0.04299999999999926,0.005379718353712599,0.11716129032258064,0.045011252813204124,0.4651162790697759,0.166721150702846
2,2,53884,236,79,74.56,0.38,18.36,21.903,0.38143837855507845,0.00019034663120033103,0.04299999999999926,0.00442666584186824,0.1184516129032258,0.043510877719430664,0.23255813953488794,0.19097288215483163
2,2,53906,246,42,75.22,0.38,18.45,21.925,0.38593984962405514,0.00016472901532507933,0.043000000000002814,0.003830907333141129,0.11903225806451613,0.04351087771942707,0.2325581395348687,0.2418330963911093
2,2,53927,246,42,75.88,0.39,18.65,21.946,0.39183720169989683,0.00015299044223036874,0.04299999999999926,0.0035579172611714272,0.12032258064516128,0.06001500375093905,0.4651162790697759,0.2933775287561683
2,2,53949,246,42,76.98,0.4,18.85,21.968,0.39855508336057016,0.0001531791866072112,0.04499999999999815,0.0034039819246048327,0.12161290322580647,0.07168458781362289,0.44444444444446185,0.30474737568560034
2,2,53972,246,42,77.97,0.41,19.15,21.991,0.4055508336057483,0.00016310086080370922,0.045000000000001705,0.0036244635734156232,0.12354838709677418,0.07168458781361722,0.44444444444442677,0.31746031746030184
2,2,53994,246,42,78.86,0.42,19.35,22.013,0.4128407976462843,0.0001805104568237148,0.04400000000000048,0.00410251038235711,0.12483870967741936,0.058651026392961506,0.227272727272725,0.33061903771284984
2,2,54016,246,64,79.74,0.42,19.55,22.035,0.42009807126511384,0.00020325730384927355,0.04299999999999926,0.004726914043006443,0.12612903225806452,0.045011252813203805,0.23255813953488794,0.329184944160198
2,2,54037,246,64,80.4,0.43,19.65,22.056,0.42699575024517256,0.00022937574160009433,0.04299999999999926,0.005334319572095308,0.1267741935483871,0.043510877719430664,0.23255813953488794,0.291857044025637
2,2,54059,246,64,81.17,0.43,19.84,22.078,0.432647924158216,0.00025712158853944447,0.04299999999999926,0.005979571826498812,0.128,0.058514628657165266,0.23255813953488794,0.24654659905578202
2,2,54080,246,64,81.83,0.44,20.04,22.099,0.437597254004571,0.00028496040772959576,0.04299999999999926,0.006626986226269783,0.12929032258064516,0.045011252813203805,0.23255813953488794,0.2264762006127564
2,2,54102,246,64,82.27,0.44,20.14,22.121,0.44238640078456437,0.0003115178046882967,0.04299999999999926,0.007244600109030281,0.12993548387096773,0.04501125281320445,0.23255813953488794,0.20640580216973206
2,2,54123,241,44,82.82,0.45,20.34,22.142,0.4464727034978693,0.0003355048951282917,0.043000000000002814,0.007802439421587669,0.13122580645161291,0.04501125281320073,0.2325581395348687,0.1740955016459105
2,2,54145,241,44,83.37,0.45,20.44,22.164,0.449872507355339,0.00035563400038397575,0.045000000000001705,0.007902977786310272,0.1318709677419355,0.02867383512544677,0.0,0.14863245069194025
2,2,54168,241,44,83.7,0.45,20.54,22.187,0.4531611637790069,0.00037054050539865813,0.04499999999999815,0.008234233453303852,0.13251612903225807,0.014336917562724516,0.22222222222223154,0.1447822454687489
2,2,54190,241,44,84.03,0.46,20.54,22.209,0.45638770840143245,0.0003787263280219264,0.04299999999999926,0.008807589023765883,0.13251612903225807,0.015003750937734602,0.23255813953488794,0.15052798832267542
2,2,54211,241,44,84.36,0.46,20.64,22.23,0.4596338672768818,0.00037853823283822053,0.04299999999999926,0.00880321471716807,0.13316129032258064,0.030007501875469203,0.0,0.1541011274394268
2,2,54233,255,28,84.69,0.46,20.74,22.252,0.4630140568813277,0.00036819012657489126,0.04299999999999926,0.008562561083137153,0.13380645161290322,0.030007501875469203,0.0,0.1427735161969666
2,2,54254,255,28,85.13,0.46,20.84,22.273,0.4657731284733513,0.00034583292105570606,0.043000000000002814,0.008042626071062405,0.1344516129032258,0.030007501875467368,0.23255813953486743,0.14330568585264103
2,2,54276,255,28,85.68,0.47,20.94,22.295,0.46917620137299165,0.00030966950877127174,0.04299999999999926,0.007201616483052955,0.1350967741935484,0.028507126781696063,0.23255813953488663,0.14923557630172418
2,2,54297,255,28,86.45,0.47,21.03,22.316,0.4721902582543253,0.0002581067832557871,0.04299999999999926,0.0060024833315300355,0.1356774193548387,0.04351087771943002,0.0,0.1678615142507422
2,2,54319,255,28,87.12,0.47,21.23,22.338,0.47639424648577344,0.0001899319346638002,0.043000000000002814,0.0044170217363671575,0.13696774193548386,0.045011252813200085,0.2325581395348687,0.1870196218554336
2,2,54340,210,49,87.67,0.48,21.33,22.359,0.4802321019941095,0.00010449674940185361,0.04499999999999815,0.0023221499867079535,0.13761290322580644,0.014336917562724516,0.22222222222223154,0.16250771857179577
2,2,54364,210,49,87.78,0.48,21.33,22.383,0.48370709382150395,1.8916734118405998e-06,0.04499999999999815,4.203718692979283e-05,0.13761290322580644,0.014336917562725133,0.0,0.11688641894591856
2,2,54385,210,49,87.45,0.48,21.43,22.404,0.4854919908466756,-0.00011690893296932713,0.04299999999999926,-0.0027188123946355613,0.13825806451612904,0.015003750937735247,0.0,0.028128967514844568
2,2,54407,210,49,87.12,0.48,21.43,22.426,0.48491663942464225,-0.00024994791737401555,0.04299999999999926,-0.005812742264512089,0.13825806451612904,-0.015003750937735247,0.0,-0.07397158214038581
2,2,54428,210,49,86.89,0.48,21.33,22.447,0.48231121281463907,-0.0003942483613115115,0.043000000000002814,-0.009168566542127575,0.13761290322580644,-0.015003750937734006,0.0,-0.20465724472960387
2,2,54450,47,243,86.67,0.48,21.33,22.469,0.4761163779012687,-0.0005458508599236893,0.04299999999999926,-0.012694206044737179,0.13761290322580644,0.0,0.0,-0.359366566061264
2,2,54471,47,243,85.24,0.48,21.33,22.49,0.466858450474005,-0.0006999327129363522,0.04299999999999926,-0.01627750495200847,0.13761290322580644,-0.030007501875469203,-0.23255813953488794,-0.521298189862931
2,2,54493,47,243,83.04,0.47,21.13,22.512,0.45370055573716306,-0.0008510099793657347,0.043000000000002814,-0.019790929752690208,0.13632258064516128,-0.10352588147036051,-0.4651162790697361,-0.6786683594729456
2,2,54514,47,243,78.86,0.46,20.64,22.533,0.4376757110166664,-0.0009932144244883822,0.04299999999999926,-0.02309800987182324,0.13316129032258064,-0.1485371342835735,-0.9302325581395504,-0.8196933182298531
2,2,54536,47,243,74.56,0.43,20.14,22.555,0.41845374305328,-0.0011206272320603823,0.04299999999999926,-0.026061098420009338,0.12993548387096773,-0.20855213803451225,-1.3953488372093263,-0.9485543991424505
2,2,54557,72,238,70.6,0.4,19.25,22.576,0.39688787185354174,-0.0012276424403036862,0.045000000000001705,-0.02728094311785866,0.12419354838709677,-0.2551971326164778,-1.3333333333332829,-1.0266971777268743
2,2,54581,72,238,66.74,0.37,18.36,22.6,0.3722523700555689,-0.0013093281568873892,0.04499999999999815,-0.029096181264165397,0.1184516129032258,-0.24229390681004587,-1.333333333333388,-1.1508481348298607
2,2,54602,72,238,63.77,0.34,17.56,22.621,0.34509970578620014,-0.001361754244217483,0.04299999999999926,-0.031668703353895496,0.11329032258064516,-0.2235558889722465,-1.3953488372093263,-1.2826048944403525
2,2,54624,72,238,61.13,0.31,16.87,22.643,0.3171003595946347,-0.0013822608728933723,0.043000000000002814,-0.0321456016951926,0.10883870967741936,-0.20855213803449468,-1.3953488372092109,-1.329359799904104
2,2,54645,72,238,58.7,0.28,16.17,22.664,0.28793723439031993,-0.0013696507363103016,0.04299999999999926,-0.03185234270489128,0.1043225806451613,-0.20855213803451225,-1.1627906976744384,-1.3626584155028685
2,2,54667,5,255,56.5,0.26,15.48,22.686,0.25850604772801233,-0.0013242956447496556,0.04299999999999926,-0.03079757313371345,0.09987096774193549,-0.20855213803451256,-1.1627906976744389,-1.3088332560420326
2,2,54688,5,255,54.3,0.23,14.78,22.707,0.2316574043805135,-0.0012481536328998253,0.04299999999999926,-0.02902682867208946,0.09535483870967741,-0.20855213803451225,-1.1627906976744389,-1.1643872066414822
2,2,54710,5,255,52.09,0.21,14.09,22.729,0.20843739784242946,-0.0011446957107091862,0.04299999999999926,-0.026620830481609438,0.09090322580645162,-0.20855213803451192,-0.9302325581395511,-0.992268335145248
2,2,54731,5,255,50.0,0.19,13.39,22.75,0.18898986596926856,-0.0010187434661147225,0.04299999999999926,-0.023691708514296278,0.08638709677419355,-0.20855213803451256,-0.9302325581395504,-0.8012194287538895
2,2,54753,5,255,47.91,0.17,12.7,22.772,0.1739849624060128,-0.0008762215404412181,0.045000000000001705,-0.019471589787581886,0.08193548387096773,-0.21218637992830733,-1.1111111111110687,-0.5816715702298934
2,2,54776,230,22,45.93,0.14,11.91,22.795,0.16281464530892237,-0.0007238337590602964,0.045000000000001705,-0.016085194645783753,0.07683870967741936,-0.1419354838709621,-0.6666666666666414,-0.44626057898366894
2,2,54798,230,22,46.26,0.14,11.71,22.817,0.15390323635174694,-0.0005686789721164729,0.04299999999999926,-0.013225092374801923,0.0755483870967742,-0.030007501875469526,0.0,-0.33367037411526945
2,2,54819,230,22,46.37,0.14,11.71,22.838,0.14846681922196603,-0.0004178316425381805,0.04299999999999926,-0.00971701494274855,0.0755483870967742,-0.015003750937734924,-0.23255813953488794,-0.20024783901107754
2,2,54841,230,22,46.92,0.13,11.61,22.86,0.14529257927427075,-0.0002779201792871273,0.04299999999999926,-0.006463259983421676,0.0749032258064516,0.0,0.0,-0.09153318077803259
2,2,54862,230,22,48.9,0.14,11.71,22.881,0.1445308924485107,-0.0001547395558024718,0.04299999999999926,-0.003598594320987778,0.0755483870967742,0.08852213053263479,0.6976744186046632,-0.011327611242464068
2,2,54884,55,216,51.43,0.16,12.2,22.903,0.1448054919908448,-5.293223468273389e-05,0.04299999999999926,-0.0012309822019240652,0.07870967741935483,0.1035258814703694,0.4651162790697752,0.05755034705064039
2,2,54905,55,216,51.43,0.16,12.4,22.924,0.1470055573716882,2.4236529070202907e-05,0.043000000000002814,0.0005636402109349144,0.08,0.030007501875467045,0.0,0.1120597246402064
2,2,54927,55,216,51.21,0.16,12.4,22.946,0.149624060150374,7.499480437319939e-05,0.04299999999999926,0.001744065217981411,0.08,0.0,0.0,0.1289371051491224
2,2,54948,55,216,51.21,0.16,12.4,22.967,0.15254985289310036,9.90709822771656e-05,0.045999999999999375,0.0021537170060253684,0.08,0.0,0.0,0.11860937788706162
2,2,54973,55,216,51.1,0.16,12.4,22.992,0.15508009153317875,9.760327010056714e-05,0.04600000000000293,0.0021218102195774114,0.08,0.0,-0.21739130434781245,0.07326918430290663
2,2,54994,57,236,51.1,0.15,12.4,23.013,0.15592023537103428,7.297088362680881e-05,0.04299999999999926,0.0016969972936467456,0.08,0.0,0.0,-0.01885401065859803
2,2,55016,57,236,50.99,0.16,12.4,23.035,0.15426936907485905,2.8568622993494942e-05,0.04299999999999926,0.0006643865812440799,0.08,0.0,0.0,-0.11289599124200818
2,2,55037,57,236,50.22,0.15,12.4,23.056,0.151065707747628,-3.145428282573448e-05,0.04299999999999926,-0.0007314949494356981,0.08,-0.015003750937734602,-0.23255813953488794,-0.1813178041159526
2,2,55059,57,236,49.56,0.15,12.3,23.078,0.14647270349787322,-0.00010247212910734759,0.04199999999999804,-0.002439812597794104,0.07935483870967742,-0.030721966205838752,-0.23809523809524877,-0.2560749700337891
2,2,55079,57,236,48.68,0.14,12.2,23.098,0.14031055900620937,-0.00017966053803137783,0.04200000000000159,-0.004277631857889787,0.07870967741935483,-0.04454685099846228,-0.23809523809522862,-0.31359454536961956
2,2,55101,59,245,48.02,0.14,12.01,23.12,0.1333017325923487,-0.0002582590492181787,0.04299999999999926,-0.006006024400422863,0.07748387096774194,-0.058514628657165266,-0.23255813953488794,-0.29915537073219095
2,2,55122,59,245,47.14,0.13,11.81,23.141,0.12744687806472538,-0.00033380552177200153,0.04299999999999926,-0.0077629191109769135,0.07619354838709677,-0.07501875468867365,-0.4651162790697759,-0.28562305663045495
2,2,55144,59,245,46.26,0.12,11.51,23.163,0.12101994115723935,-0.00040233194274423133,0.0470000000000006,-0.008560254100940983,0.07425806451612903,-0.08236101578586011,-0.4255319148936117,-0.2793987744569494
2,2,55169,59,245,45.16,0.11,11.21,23.188,0.11431513566524859,-0.0004605144216229693,0.045999999999999375,-0.010011183078760338,0.0723225806451613,-0.08415147265077233,-0.4347826086956579,-0.2911579515897493
2,2,55190,59,245,44.28,0.1,10.91,23.209,0.10762667538411107,-0.000505773935043285,0.043000000000002814,-0.01176218453588958,0.07038709677419355,-0.07351837959489411,-0.2325581395348684,-0.2908687289507664
2,2,55212,12,241,43.5,0.1,10.72,23.231,0.10180778032036482,-0.000536328509260743,0.04299999999999926,-0.01247275602931982,0.06916129032258064,-0.0735183795949002,-0.23255813953488794,-0.29778693447471216
2,2,55233,12,241,42.84,0.09,10.42,23.252,0.09482183720169866,-0.0005512013245371072,0.04299999999999926,-0.012818635454351551,0.0672258064516129,-0.07501875468867332,-0.23255813953488794,-0.2780206329777947
2,2,55255,12,241,42.07,0.09,10.22,23.274,0.08985289310231985,-0.0005501918481006492,0.043000000000002814,-0.012795159258153794,0.06593548387096775,-0.07501875468866713,0.0,-0.23156982446001959
2,2,55276,12,241,41.41,0.09,9.92,23.295,0.08486433474991717,-0.000533818111517963,0.04299999999999926,-0.01241437468646447,0.064,-0.07501875468867332,-0.2325581395348876,-0.22563993401096355
2,2,55298,12,241,40.86,0.08,9.72,23.317,0.08015037593984858,-0.0005032379064887103,0.04299999999999926,-0.011703207127644626,0.06270967741935485,-0.058514628657165425,-0.2325581395348876,-0.21978606779841495
2,2,55319,33,242,40.31,0.08,9.53,23.338,0.07541353383458549,-0.000460155576447594,0.04200000000000159,-0.010956085153513727,0.06148387096774193,-0.05990783410138035,-0.23809523809522895,-0.18664674107628385
2,2,55340,33,242,39.76,0.07,9.33,23.359,0.07231121281464437,-0.0004067196290228559,0.04499999999999815,-0.009038213978286058,0.06019354838709678,-0.05734767025089822,-0.22222222222223123,-0.11724964585376832
2,2,55364,33,242,39.21,0.07,9.13,23.383,0.07013729977116613,-0.00034541472298154827,0.045999999999999375,-0.007509015716990282,0.05890322580645162,-0.0561009817671818,0.0,-0.09039612263172075
2,2,55386,33,242,38.77,0.07,8.93,23.405,0.06815299117358527,-0.00027894991864378226,0.04299999999999926,-0.006487207410320629,0.05761290322580645,-0.060015003750938725,0.0,-0.05960300143685792
2,2,55407,33,242,38.22,0.07,8.73,23.426,0.06757437070938128,-0.00021014394030160056,0.04299999999999926,-0.0048870683791070735,0.056322580645161296,-0.045011252813203964,-0.23255813953488794,-0.020906665044816534
2,2,55429,217,1,37.78,0.06,8.63,23.448,0.06725400457665817,-0.0001418081262977342,0.04200000000000159,-0.003376383959469734,0.05567741935483871,-0.03072196620583632,0.0,0.0057597409673246685
2,2,55449,217,1,38.0,0.07,8.53,23.468,0.06781627983000893,-7.66288700610147e-05,0.04199999999999804,-0.001824496906214721,0.05503225806451612,-0.015360983102919541,0.0,0.02786469278787116
2,2,55471,217,1,37.89,0.06,8.53,23.49,0.0684243216737487,-1.7053266663907607e-05,0.04299999999999926,-0.00039658759683506743,0.05503225806451612,0.0,-0.23255813953488794,0.04310574211058497
2,2,55492,217,1,38.33,0.06,8.53,23.511,0.06966982674076405,3.4816323430776566e-05,0.043000000000002814,0.0008096819402505648,0.05503225806451612,0.0,0.2325581395348687,0.07351543672122132
2,2,55514,217,1,40.2,0.07,8.53,23.533,0.07158548545276143,7.731158412415518e-05,0.04299999999999926,0.001797943816840849,0.05503225806451612,0.060015003750938885,0.46511627906977554,0.08446292678105832
2,2,55535,68,239,42.4,0.08,8.93,23.554,0.0733017325923495,0.00010926362986729999,0.04299999999999926,0.0025410146480767874,0.05761290322580645,0.09002250562640841,0.2325581395348876,0.08818811437086155
2,2,55557,68,239,42.73,0.08,9.13,23.576,0.07537757437070841,0.00013003759928194826,0.045000000000001705,0.0028897244284876297,0.05890322580645162,0.028673835125447078,0.0,0.09262286150157543
2,2,55580,68,239,42.51,0.08,9.13,23.599,0.07746976135992055,0.00013953281358130277,0.04499999999999815,0.0031007291906957443,0.05890322580645162,0.0,0.22222222222223123,0.08572155025244499
2,2,55602,68,239,42.4,0.09,9.13,23.621,0.07923504413206828,0.00013815021523169157,0.04299999999999926,0.00321279570306265,0.05890322580645162,0.0,0.0,0.07450375179607273
2,2,55623,68,239,42.4,0.08,9.13,23.642,0.08067342268715162,0.00012673430047711065,0.043000000000002814,0.002947309313420985,0.05890322580645162,0.0,-0.2325581395348684,0.05929890449074677
2,2,55645,61,226,42.07,0.08,9.13,23.664,0.08178489702517056,0.00010649985580117339,0.0470000000000006,0.002265954378748341,0.05890322580645162,0.0,0.0,0.02114444297607973
2,2,55670,61,226,41.74,0.08,9.13,23.689,0.08166721150702738,7.895361420161428e-05,0.046999999999997044,0.0016798641319493456,0.05890322580645162,0.0,0.0,-0.0007650949761080846
2,2,55692,61,226,41.41,0.08,9.13,23.711,0.08174893756129348,4.5818540613485226e-05,0.04299999999999926,0.0010655474561275817,0.05890322580645162,0.0,0.0,-0.025544143472938832
2,2,55713,61,226,41.41,0.08,9.13,23.732,0.08056881333769103,8.96538508464495e-06,0.043000000000002814,0.00020849732754986893,0.05890322580645162,-0.015003750937733684,0.0,-0.05899480754464054
2,2,55735,61,226,41.19,0.08,9.03,23.754,0.07921216083687377,-2.964670981814521e-05,0.04299999999999926,-0.000689458367863854,0.05825806451612903,-0.015003750937734924,0.0,-0.0672054250895191
2,2,55756,57,234,41.08,0.08,9.03,23.775,0.07767898005884176,-6.802120700704783e-05,0.04499999999999815,-0.0015115823779344583,0.05825806451612903,0.0,0.0,-0.0637099996367748
2,2,55780,57,234,40.75,0.08,9.03,23.799,0.07634521085321902,-0.00010416953348637569,0.045000000000001705,-0.002314878521919372,0.05825806451612903,0.0,-0.2222222222222137,-0.06581671570229589
2,2,55801,57,234,40.53,0.07,9.03,23.82,0.07471722785223833,-0.00013615513289518333,0.04299999999999926,-0.0031663984394229225,0.05825806451612903,0.0,-0.2325581395348876,-0.08104183613736105
2,2,55823,57,234,40.31,0.07,9.03,23.842,0.07286041189931255,-0.00016214111002993547,0.04299999999999926,-0.0037707234890683315,0.05825806451612903,-0.015003750937734602,0.0,-0.056181910793160955
2,2,55844,57,234,40.09,0.07,8.93,23.863,0.07230140568813245,-0.00018044554092427312,0.043000000000002814,-0.004196407928471193,0.05761290322580645,-0.015003750937733361,0.0,-0.060743364984751996
2,2,55866,35,239,39.98,0.07,8.93,23.885,0.07024844720496805,-0.00018960652204511418,0.04299999999999926,-0.0044094540010492424,0.05761290322580645,-0.015003750937734602,0.0,-0.08172605426610044
2,2,55887,35,239,39.76,0.07,8.83,23.906,0.0687871853546902,-0.00018845650532222003,0.04299999999999926,-0.004382709426098216,0.05696774193548387,-0.015003750937734602,0.0,-0.07290724282901424
2,2,55909,35,239,39.54,0.07,8.83,23.928,0.06711343576332049,-0.00017620293581983938,0.04200000000000159,-0.004195307995710302,0.05696774193548387,-0.015360983102917912,0.0,-0.09573623499742666
2,2,55929,35,239,39.32,0.07,8.73,23.948,0.06476626348479812,-0.00015250981888888227,0.04199999999999804,-0.0036311861640211758,0.056322580645161296,-0.03072196620583859,-0.23809523809524943,-0.1313843615249351
2,2,55951,35,239,38.99,0.06,8.63,23.97,0.06159529257927347,-0.00011757262252852385,0.045999999999999375,-0.002555926576707075,0.05567741935483871,-0.028050490883591128,-0.21739130434782925,-0.1408530778742699
2,2,55975,44,244,38.77,0.06,8.53,23.994,0.058287021902581795,-7.21771353288716e-05,0.045999999999999375,-0.001569068159323317,0.05503225806451612,-0.014025245441795639,0.0,-0.13332006765496002
2,2,55997,44,244,38.44,0.06,8.53,24.016,0.055462569467145395,-1.7732001445452284e-05,0.04200000000000159,-0.0004221905106059908,0.05503225806451612,-0.015360983102917912,0.0,-0.08312707233922931
2,2,56017,44,244,38.22,0.06,8.43,24.036,0.05479568486433403,4.373511879158976e-05,0.04200000000000159,0.0010413123521806691,0.054387096774193545,-0.030721966205835824,0.0,-0.004981397593361947
2,2,56039,44,244,37.78,0.06,8.33,24.058,0.055253350768224185,0.0001096265460117678,0.04299999999999926,0.0025494545584132484,0.05374193548387097,-0.02850712678169574,-0.2325581395348876,0.06963820065837041
2,2,56060,44,244,37.45,0.05,8.24,24.079,0.05779012749264391,0.00017687518372199308,0.04299999999999926,0.004113376365627816,0.05316129032258065,-0.028507126781695903,0.0,0.12931722633175521
2,2,56082,242,41,37.23,0.06,8.14,24.101,0.060813991500489564,0.00024209932257791955,0.04299999999999926,0.005630216804137761,0.052516129032258066,-0.015003750937734763,0.0,0.16915392627169604
2,2,56103,242,41,37.23,0.05,8.14,24.122,0.06506374632232671,0.0003018084181545113,0.04299999999999926,0.007018800422198058,0.052516129032258066,-0.015003750937734924,-0.2325581395348876,0.22237089184031972
2,2,56125,242,41,37.23,0.05,8.04,24.144,0.07037593984962315,0.0003526488670440582,0.04299999999999926,0.008201136442885216,0.051870967741935475,0.0,0.2325581395348876,0.280985578202332
2,2,56146,242,41,40.09,0.06,8.14,24.165,0.07714612618502678,0.0003916697732062744,0.043000000000002814,0.009108599376889506,0.052516129032258066,0.13353338334582787,0.6976744186046054,0.3117753939955812
2,2,56168,242,41,44.39,0.08,8.93,24.187,0.08378228179143402,0.0004165797687645725,0.045999999999999375,0.009056081929664743,0.05761290322580645,0.2776998597475492,0.8695652173913163,0.2699091774805634
2,2,56192,17,228,48.9,0.1,10.12,24.211,0.08956194834913253,0.0004259602388090951,0.04499999999999815,0.009465783084646946,0.06529032258064515,0.22795698924732105,0.8888888888889253,0.2652282881115906
2,2,56213,17,228,48.79,0.12,10.52,24.232,0.0957175547564551,0.00041940259071427375,0.043000000000002814,0.009753548621261541,0.06787096774193548,0.060015003750933764,0.4651162790697368,0.2767282209568193
2,2,56235,17,228,48.35,0.12,10.52,24.254,0.10146126185027654,0.0003975503558314131,0.04299999999999926,0.009245357112358603,0.06787096774193548,0.0,0.0,0.2724708637113527
2,2,56256,17,228,48.24,0.12,10.52,24.275,0.10743380189604307,0.00036204711926688483,0.04299999999999926,0.008419700448067233,0.06787096774193548,0.0,-0.2325581395348876,0.2900324623489982
2,2,56278,17,228,48.02,0.11,10.52,24.297,0.11393265773128325,0.00031540922249462434,0.043000000000002814,0.007335098197548923,0.06787096774193548,0.0,0.0,0.28022533583704223
2,2,56299,223,53,47.91,0.12,10.52,24.318,0.11948349133703667,0.0002608504902992994,0.04299999999999926,0.0060662904720768344,0.06787096774193548,0.0,0.2325581395348876,0.24380972654082253
2,2,56321,223,53,47.8,0.12,10.52,24.34,0.12441647597253844,0.0002020846267489933,0.04299999999999926,0.0046996424825348085,0.06787096774193548,0.0,0.0,0.1765282772147775
2,2,56342,223,53,47.69,0.12,10.52,24.361,0.12707420725727198,0.00014312393464479634,0.04299999999999926,0.0033284635963906697,0.06787096774193548,0.0,-0.2325581395348876,0.07838098785892972
2,2,56364,223,53,47.47,0.11,10.52,24.383,0.12778685845047236,8.808493317573962e-05,0.04499999999999815,0.001957442959460961,0.06787096774193548,0.0,0.0,-0.009008027314664336
2,2,56387,223,53,48.79,0.12,10.52,24.406,0.1266688460281121,4.1004355665110735e-05,0.045999999999999375,0.0008913990361980715,0.06787096774193548,0.05469845722300242,0.43478260869565816,-0.04669045013289435
2,2,56410,66,241,50.33,0.13,10.91,24.429,0.12563909774435925,5.66375745099279e-06,0.04400000000000048,0.00012872176024983473,0.07038709677419355,0.07184750733137771,0.227272727272725,-0.05832268418080624
2,2,56431,66,241,50.33,0.13,11.01,24.45,0.1241026479241566,-1.4581504061736083e-05,0.043000000000002814,-0.0003391047456217472,0.07103225806451613,0.030007501875466722,0.2325581395348687,-0.04211742703573519
2,2,56453,66,241,50.11,0.14,11.11,24.472,0.12382804838182251,-1.697177923097115e-05,0.04299999999999926,-0.00039469254025514984,0.0716774193548387,0.0,0.23255813953488794,-0.0174855744011186
2,2,56474,66,241,49.67,0.14,11.01,24.493,0.12335076822490851,4.91121299026176e-07,0.04299999999999926,1.1421425558748476e-05,0.07103225806451613,-0.015003750937734602,-0.23255813953488794,-0.01550894425142731
2,2,56496,66,241,48.79,0.13,11.01,24.515,0.12316116377901115,3.889086109698603e-05,0.043000000000002814,0.0009044386301624066,0.07103225806451613,-0.015003750937733361,-0.4651162790697374,-0.013228217155628027
2,2,56517,217,7,47.69,0.12,10.91,24.536,0.12278195488721647,9.82703603760271e-05,0.04299999999999926,0.002285357218047181,0.07038709677419355,-0.015003750937734602,-0.23255813953488794,0.03253837323338718
2,2,56539,217,7,47.69,0.12,10.91,24.558,0.12456031382804678,0.00017754857399108025,0.04299999999999926,0.004129036604443798,0.07038709677419355,0.0,0.0,0.10650995537377299
2,2,56560,217,7,47.47,0.12,10.91,24.579,0.12736188296828863,0.00027449522469745344,0.045000000000001705,0.006099893882165401,0.07038709677419355,0.0,0.0,0.12821909847080792
2,2,56584,217,7,47.47,0.12,10.91,24.603,0.13033017325923335,0.0003857750294395981,0.04499999999999815,0.008572778431991421,0.07038709677419355,0.0,0.22222222222223154,0.15858486796702378
2,2,56605,217,7,48.57,0.13,10.91,24.624,0.1344982020268044,0.0005070680149938891,0.04299999999999926,0.01179227941846274,0.07038709677419355,0.015003750937734602,0.23255813953488794,0.2435056295947156
2,2,56627,234,31,49.89,0.13,11.01,24.646,0.14080091533180594,0.0006332661985161359,0.04400000000000048,0.014392413602639294,0.07103225806451613,0.05865102639296119,0.4545454545454493,0.36256649528959867
2,2,56649,234,31,51.54,0.15,11.31,24.668,0.15045112781954692,0.00075873918141715,0.04400000000000048,0.017244072304935038,0.07296774193548387,0.11730205278592239,0.6818181818181743,0.5005349341733658
2,2,56671,234,31,53.64,0.16,11.81,24.69,0.16282445243543428,0.0008776527012391906,0.04299999999999926,0.02041052793579548,0.07619354838709677,0.1635408852213081,0.6976744186046632,0.6697735237993895
2,2,56692,234,31,55.95,0.18,12.4,24.711,0.17925138934292018,0.0009843166164593758,0.04299999999999926,0.022891084103706806,0.08,0.19354838709677763,0.9302325581395511,0.8342899716429636
2,2,56714,234,31,57.93,0.2,13.1,24.733,0.1986989212160811,0.0010735342684503948,0.043000000000002814,0.02496591321977499,0.08451612903225807,0.17854463615902796,0.9302325581394741,0.9290161703550364
2,2,56735,255,53,59.8,0.22,13.59,24.754,0.21919908466818935,0.0011409247823469233,0.04299999999999926,0.02653313447318472,0.0876774193548387,0.17854463615904273,0.6976744186046632,0.9769114393668739
2,2,56757,255,53,62.12,0.23,14.29,24.776,0.24070611310885595,0.0011831929355152243,0.04499999999999815,0.026293176344783842,0.09219354838709677,0.2136200716845965,0.666666666666694,1.0006174857433723
2,2,56780,255,53,65.09,0.25,15.08,24.799,0.26422687152663926,0.0011983259192901521,0.045000000000001705,0.026629464873113483,0.09729032258064516,0.2408602150537544,1.3333333333332822,1.0606952163015695
2,2,56802,255,53,67.84,0.29,15.97,24.821,0.2884373978424284,0.0011857014432558994,0.04299999999999926,0.02757445216874232,0.10303225806451613,0.23855963990998208,1.3953488372093263,1.1120825319111776
2,2,56823,255,53,70.38,0.31,16.67,24.842,0.3120464203988191,0.0011460975624359158,0.04399999999999693,0.02604767187354536,0.10754838709677421,0.18914956011731537,1.1363636363637166,1.0640732265446844
2,2,56846,255,15,72.58,0.34,17.26,24.865,0.33525661981039123,0.001081602220260038,0.04400000000000048,0.02458186864227332,0.11135483870967743,0.17448680351905924,1.1363636363636236,0.9863591785788351
2,2,56867,255,15,74.56,0.36,17.86,24.886,0.3554462242562883,0.0009954293637506452,0.043000000000002814,0.02314952008722279,0.1152258064516129,0.1650412603150676,0.9302325581394736,0.8715418475409277
2,2,56889,255,15,76.21,0.38,18.36,24.908,0.37273291925465357,0.0008916568213524237,0.04299999999999926,0.02073620514773114,0.1184516129032258,0.13353338334583892,0.6976744186046637,0.714779871823139
2,2,56910,255,15,77.75,0.39,18.75,24.929,0.38618175874468275,0.0007749074255177959,0.04299999999999926,0.01802110291901882,0.12096774193548387,0.10352588147036972,0.4651162790697759,0.5492751089047192
2,2,56932,255,15,79.08,0.4,19.05,24.951,0.3963517489375561,0.0006499988277234934,0.043000000000002814,0.015116251807522114,0.12290322580645162,0.10502625656413417,0.6976744186046049,0.3852908307168028
2,2,56953,50,220,80.18,0.42,19.45,24.972,0.40274926446550635,0.0005215895336004799,0.0519999999999996,0.01003056795385546,0.12548387096774194,0.062034739454094656,0.5769230769230808,0.18199763623104573
2,2,56984,50,220,79.63,0.43,19.55,25.003,0.4058156260215704,0.00039384938589683927,0.05299999999999727,0.007431120488619991,0.12612903225806452,0.0,0.0,0.06587428374052644
2,2,57006,50,220,77.97,0.42,19.45,25.025,0.4062406015037541,0.0002701823273179222,0.04299999999999926,0.006283309937626206,0.12548387096774194,-0.045011252813204124,-0.4651162790697759,-0.03208222781422715
2,2,57027,50,220,75.55,0.41,19.25,25.046,0.40443609022555865,0.00015302734123901374,0.04400000000000048,0.003477894119068456,0.12419354838709677,-0.05865102639296119,-0.4545454545454487,-0.08009153318077573
2,2,57050,50,220,73.46,0.4,19.05,25.069,0.4027165740437999,4.3758653114984726e-05,0.04400000000000048,0.0009945148435223693,0.12290322580645162,-0.08797653958944195,-0.6818181818181737,-0.10609527771998901
2,2,57071,255,64,71.59,0.38,18.65,25.09,0.3997678980058791,-5.7302589850987574e-05,0.04299999999999926,-0.0013326183686276408,0.12032258064516128,-0.09002250562640825,-0.6976744186046637,-0.14627063107718657
2,2,57093,255,64,71.26,0.37,18.45,25.112,0.396426936907481,-0.00015076557405458856,0.04299999999999926,-0.003506176140804445,0.11903225806451613,-0.030007501875469203,-0.23255813953488794,-0.16223572074777456
2,2,57114,255,64,71.26,0.37,18.45,25.133,0.3927917620137249,-0.0002379509709533103,0.043000000000002814,-0.005533743510541738,0.11903225806451613,0.0,0.0,-0.1908208336817634
2,2,57136,255,64,71.15,0.37,18.45,25.155,0.3882216410591646,-0.0003206045674705571,0.04400000000000048,-0.007286467442512581,0.11903225806451613,0.0,0.0,-0.22786709857647558
2,2,57158,255,64,72.8,0.37,18.45,25.177,0.38276560967635986,-0.0004005815160473283,0.045999999999999375,-0.008708293827115951,0.11903225806451613,0.014025245441795639,0.21739130434782925,-0.28433560271188457
2,2,57182,39,235,74.78,0.38,18.55,25.201,0.3751422033344181,-0.00047954259667759303,0.045000000000001705,-0.010656502148390553,0.11967741935483872,0.043010752688170464,0.444444444444428,-0.34143329337835643
2,2,57203,39,235,74.34,0.39,18.75,25.222,0.36740111147433324,-0.0005587004027840834,0.04299999999999926,-0.012993032622885883,0.12096774193548387,0.015003750937734277,0.0,-0.35404486950439873
2,2,57225,39,235,72.91,0.38,18.65,25.244,0.35991827394572923,-0.000638644102735789,0.04299999999999926,-0.01485218843571628,0.12032258064516128,-0.058514628657165585,-0.4651162790697759,-0.3931973513155998
2,2,57246,39,235,70.6,0.37,18.36,25.265,0.35049362536776274,-0.0007192580013358949,0.04299999999999926,-0.01672693026362575,0.1184516129032258,-0.08852213053263479,-0.6976744186046637,-0.4999353793989554
2,2,57268,39,235,68.17,0.35,18.06,25.287,0.3384210526315745,-0.0007997340294500823,0.04299999999999926,-0.018598465801165025,0.11651612903225805,-0.13503375843961174,-0.9302325581395504,-0.6055330439344097
2,2,57289,29,246,65.86,0.33,17.46,25.308,0.3244557044785836,-0.0008786648433268489,0.04299999999999926,-0.02043406612388056,0.11264516129032259,-0.1635408852213081,-0.9302325581395504,-0.7302127918380407
2,2,57311,29,246,63.44,0.31,16.97,25.33,0.3070219025825393,-0.0009541951552457135,0.04299999999999926,-0.02219058500571465,0.10948387096774193,-0.17854463615904304,-1.1627906976744384,-0.873974623109851
2,2,57332,29,246,60.9,0.28,16.27,25.351,0.28687479568486063,-0.0010242051524358864,0.043000000000002814,-0.023818724475251615,0.10496774193548387,-0.19354838709676134,-1.1627906976743423,-0.9746307122709945
2,2,57354,29,246,58.48,0.26,15.68,25.373,0.2651127819548838,-0.0010865006843244682,0.04299999999999926,-0.025267457774988067,0.10116129032258064,-0.19354838709677763,-1.1627906976744389,-1.036438416567207
2,2,57375,29,246,56.28,0.23,14.98,25.394,0.2423079437724715,-0.0011389889030965338,0.045999999999999375,-0.024760628328185853,0.09664516129032258,-0.1949509116409564,-0.8695652173913163,-1.0131898744972083
2,2,57400,0,255,53.97,0.22,14.29,25.419,0.21850604772801285,-0.0011798237839981062,0.045000000000001705,-0.026218306311068033,0.09219354838709677,-0.1849462365591329,-0.6666666666666414,-1.0264792415821633
2,2,57420,0,255,51.98,0.2,13.69,25.439,0.1961163779012724,-0.001207512263679158,0.04199999999999804,-0.028750291992362245,0.08832258064516128,-0.19815668202765882,-1.1904761904762458,-1.0217313470010774
2,2,57442,0,255,50.0,0.17,13.0,25.461,0.1755933311539696,-0.0012209777850748953,0.04299999999999926,-0.028394832211044566,0.08387096774193549,-0.19354838709677732,-1.1627906976744389,-0.9208055528102405
2,2,57463,0,255,48.13,0.15,12.4,25.482,0.15652173913043274,-0.0012195832263565513,0.043000000000002814,-0.028362400612941197,0.08,-0.1785446361590283,-0.6976744186046054,-0.8247109178405426
2,2,57485,0,255,46.26,0.14,11.81,25.504,0.14013076168682395,-0.001203119137823716,0.04299999999999926,-0.027979514833110158,0.07619354838709677,-0.17854463615904273,-0.6976744186046632,-0.7264115800117105
2,2,57506,18,252,44.72,0.12,11.21,25.525,0.12528604118992973,-0.0011717658009611166,0.04299999999999926,-0.027250367464212482,0.0723225806451613,-0.1635408852213081,-0.6976744186046635,-0.6484107133354146
2,2,57528,18,252,43.17,0.11,10.72,25.547,0.1122491010134016,-0.001126038927258195,0.043000000000002814,-0.026186951796700494,0.06916129032258064,-0.14853713428356125,-0.4651162790697368,-0.5597664535453465
2,2,57549,18,252,41.74,0.1,10.22,25.568,0.10121608368747825,-0.0010667289298752056,0.04299999999999926,-0.024807649531981953,0.06593548387096775,-0.15003750937734664,-0.46511627906977554,-0.4845024593840534
2,2,57571,18,252,40.42,0.09,9.72,25.59,0.09141549525988767,-0.0009948427401974306,0.045999999999999375,-0.021627016091248785,0.06270967741935485,-0.13884992987377473,-0.43478260869565816,-0.3743053285387383
2,2,57595,18,252,39.1,0.08,9.23,25.614,0.08399803857469652,-0.000911555372044564,0.045999999999999375,-0.019816421131403833,0.059548387096774194,-0.1248246844319794,-0.21739130434782894,-0.3099194110038804
2,2,57617,77,231,37.89,0.08,8.83,25.636,0.07715920235370936,-0.0008181763829628306,0.04299999999999926,-0.019027357743321968,0.05696774193548387,-0.10502625656414301,-0.2325581395348876,-0.2729270091305121
2,2,57638,77,231,37.12,0.07,8.53,25.657,0.0722621771820847,-0.0007161345526102459,0.04299999999999926,-0.016654291921168796,0.05503225806451612,-0.07501875468867349,-0.2325581395348876,-0.19865133004401875
2,2,57660,77,231,36.57,0.07,8.33,25.679,0.0686171951618167,-0.0006069824583540057,0.04299999999999926,-0.014115871124512003,0.05374193548387097,-0.058514628657165106,0.0,-0.17896105278362787
2,2,57681,77,231,36.13,0.07,8.14,25.7,0.06456685191238884,-0.0004924205063926843,0.043000000000002814,-0.01145163968355005,0.052516129032258066,-0.04351087771942723,-0.2325581395348687,-0.19743494225957708
2,2,57703,77,231,35.8,0.06,8.04,25.722,0.060127492644654335,-0.0003743366828249854,0.04299999999999926,-0.008705504251743997,0.051870967741935475,-0.045011252813204124,-0.23255813953488794,-0.18922432471472003
2,2,57724,59,248,35.36,0.06,7.84,25.743,0.05643020594965602,-0.00025485384104348706,0.04299999999999926,-0.005926833512639336,0.05058064516129032,-0.060015003750938566,0.0,-0.1516683518705771
2,2,57746,59,248,34.8,0.06,7.64,25.765,0.05360575351421963,-0.00013637165939150276,0.043000000000002814,-0.003171433939337066,0.04929032258064516,-0.045011252813200404,0.0,-0.08431087830799808
2,2,57767,59,248,34.25,0.06,7.54,25.786,0.05280483818241186,-2.158692423323938e-05,0.04499999999999815,-0.00047970942740533924,0.04864516129032258,-0.04301075268817386,0.0,0.0017434891576771274
2,2,57791,59,248,33.48,0.06,7.34,25.81,0.0536842105263151,8.65251935937783e-05,0.04499999999999815,0.0019227820798618188,0.04735483870967742,-0.057347670250898375,-0.22222222222223123,0.06806872253096716
2,2,57812,59,248,32.93,0.05,7.14,25.831,0.05586793069630526,0.0001847840380065966,0.043000000000002814,0.0042973032094554536,0.04606451612903226,-0.05851462865716043,-0.2325581395348684,0.1223990208078238
2,2,57834,238,38,32.27,0.05,6.95,25.853,0.05894736842105187,0.0002699402465486216,0.04400000000000048,0.0061350056033776966,0.044838709677419354,-0.042521994134896955,0.0,0.170807453416145
2,2,57856,238,38,32.49,0.05,6.85,25.875,0.06338345864661572,0.00033887735576434075,0.04299999999999926,0.007880868738705735,0.04419354838709677,-0.015003750937734763,0.0,0.2146164197146059
2,2,57877,238,38,33.04,0.05,6.85,25.896,0.06817587446877976,0.00038886750489067803,0.04299999999999926,0.009043430346294993,0.04419354838709677,0.028507126781696063,0.2325581395348876,0.24114887826239087
2,2,57899,238,38,36.46,0.06,7.04,25.918,0.07375286041189835,0.0004178572507333165,0.04299999999999926,0.009717610482170317,0.04541935483870968,0.1485371342835735,0.6976744186046632,0.2745995423340971
2,2,57920,238,38,40.86,0.08,7.84,25.939,0.07998365478914574,0.0004247473282600431,0.04299999999999926,0.009877844843256987,0.05058064516129032,0.2835708927231856,0.9302325581395511,0.280985578202332
2,2,57942,63,226,45.05,0.1,8.93,25.961,0.08583524027459842,0.00040962314039439464,0.04299999999999926,0.009526119544055854,0.05761290322580645,0.2385596399099816,0.6976744186046632,0.27254688794787896
2,2,57963,63,226,45.49,0.11,9.43,25.982,0.09170317097090433,0.0003738953245104977,0.045000000000001705,0.008308784989121857,0.060838709677419354,0.08602150537634076,0.2222222222222137,0.2699502379136113
2,2,57987,63,226,45.27,0.11,9.53,26.006,0.09798300098071139,0.00032032375240082975,0.045000000000001705,0.007118305608907058,0.06148387096774193,0.014336917562723385,0.0,0.2653009334931398
2,2,58008,63,226,45.05,0.11,9.53,26.027,0.10364171297809607,0.0002529196499736841,0.04299999999999926,0.005881852324969498,0.06148387096774193,-0.015003750937734602,0.0,0.2587104769000367
2,2,58030,63,226,44.83,0.11,9.43,26.049,0.10910755148741277,0.0001767404192556139,0.04299999999999926,0.004110242308270161,0.060838709677419354,0.0,0.0,0.21849365577746305
2,2,58051,38,227,44.72,0.11,9.53,26.07,0.11303694017652682,9.760306097054183e-05,0.04299999999999926,0.002269838627221942,0.06148387096774193,0.0,0.0,0.14976774595741174
2,2,58073,38,227,44.61,0.11,9.43,26.092,0.11554756456358137,2.174396029629122e-05,0.04299999999999926,0.0005056734952625953,0.060838709677419354,0.0,0.0,0.04827539019439386
2,2,58094,38,227,44.5,0.11,9.53,26.113,0.11511278195488572,-4.4550747292609214e-05,0.043000000000002814,-0.0010360638905257279,0.06148387096774193,0.015003750937733361,0.0,-0.07001832184099745
2,2,58116,38,227,44.39,0.11,9.53,26.135,0.11253677672441828,-9.532439716004682e-05,0.04299999999999926,-0.0022168464455825224,0.06148387096774193,0.0,0.0,-0.16390825395136024
2,2,58137,38,227,44.28,0.11,9.53,26.156,0.10806472703497735,-0.00012532143901394655,0.04299999999999926,-0.0029144520700918304,0.06148387096774193,0.0,0.0,-0.23042946091213964
2,2,58159,49,255,44.17,0.11,9.53,26.178,0.10262830990519645,-0.00013033468587669893,0.043000000000002814,-0.0030310392064346607,0.06148387096774193,-0.015003750937733361,0.0,-0.2716345971095374
2,2,58180,49,255,43.72,0.11,9.43,26.199,0.09638443935926648,-0.00010750988819712859,0.04499999999999815,-0.0023891086266029558,0.060838709677419354,-0.02867383512544903,-0.22222222222223123,-0.26094221059896855
2,2,58204,49,255,42.62,0.1,9.33,26.223,0.09088591042824334,-5.558715913779366e-05,0.04499999999999815,-0.0012352702030621321,0.06019354838709678,-0.043010752688173705,-0.22222222222223123,-0.22244015836693826
2,2,58225,49,255,41.3,0.1,9.13,26.244,0.08637463223275467,2.4942808324750487e-05,0.04299999999999926,0.0005800653098779283,0.05890322580645162,-0.07501875468867349,-0.23255813953488794,-0.15752221808312603
2,2,58247,49,255,40.09,0.09,8.83,26.266,0.08411245505066904,0.00013178935395875157,0.04299999999999926,0.0030648686967152056,0.05696774193548387,-0.09002250562640841,-0.46511627906977554,-0.05907083178117198
2,2,58268,231,11,38.99,0.08,8.53,26.287,0.08383458646616432,0.00026093706276592775,0.043000000000002814,0.006068303785253737,0.05503225806451612,-0.06001500375093393,-0.4651162790697368,0.05876673483506087
2,2,58290,231,11,39.21,0.07,8.43,26.309,0.08663942464857682,0.0004068550443321399,0.04299999999999926,0.009461745217026673,0.054387096774193545,-0.015003750937734602,0.0,0.2181895588313565
2,2,58311,231,11,39.1,0.08,8.43,26.33,0.09321673749591249,0.0005628369932824615,0.04299999999999926,0.013089232401917936,0.054387096774193545,0.0,0.2325581395348876,0.38795167899526534
2,2,58333,231,11,40.64,0.08,8.43,26.352,0.10332134684537295,0.0007214529948068904,0.043000000000002814,0.01677797662341496,0.054387096774193545,0.06001500375093393,0.2325581395348684,0.5325497768688235
2,2,58354,231,11,43.72,0.09,8.83,26.373,0.1161163779012734,0.0008750776032217544,0.04299999999999926,0.020350641935389987,0.05696774193548387,0.16504126031508157,0.6976744186046632,0.6706858146377096
2,2,58376,244,41,46.7,0.11,9.53,26.395,0.13216083687479396,0.001016444011135304,0.06199999999999761,0.01639425824411844,0.06148387096774193,0.2580645161290422,0.9677419354839082,0.5548935452235222
2,2,58416,244,41,53.09,0.15,11.31,26.435,0.15051977770513045,0.0011391641840311007,0.06099999999999994,0.018674822689034455,0.07296774193548387,0.2929666842940248,1.1475409836065584,0.63826708610442
2,2,58437,244,41,56.5,0.18,12.3,26.456,0.17109512912716354,0.0012381540751075786,0.043000000000002814,0.02879428081645343,0.07935483870967742,0.28357089272316216,1.3953488372092109,0.9967537651002358
2,2,58459,244,41,59.47,0.21,13.2,26.478,0.1933801896044434,0.0013099151136088522,0.04299999999999926,0.030463142176950574,0.08516129032258064,0.268567141785451,1.1627906976744389,1.0759710195610397
2,2,58480,237,18,62.01,0.23,14.09,26.499,0.21736188296828746,0.0013526466078334868,0.04299999999999926,0.03145689785659326,0.09090322580645162,0.23705926481620798,1.1627906976744389,1.1198370040368917
2,2,58502,237,18,63.99,0.26,14.78,26.521,0.2415331807780289,0.0013661911154789267,0.043000000000002814,0.03177188640648459,0.09535483870967741,0.19354838709676164,1.162790697674343,1.118088446596688
2,2,58523,237,18,65.64,0.28,15.38,26.542,0.2654396861719482,0.0013518379566595674,0.04299999999999926,0.031438092015339314,0.09922580645161291,0.15003750937734697,0.6976744186046625,1.0734622197556623
2,2,58545,237,18,67.07,0.29,15.78,26.564,0.2876920562275216,0.0013120247864385152,0.04299999999999926,0.030512204335779947,0.10180645161290322,0.11852963240810399,0.46511627906977454,0.9924203836183018
2,2,58566,237,18,68.28,0.3,16.17,26.585,0.30811376266753443,0.0012499833483160395,0.04299999999999926,0.029069380193396766,0.1043225806451613,0.11852963240810431,0.6976744186046637,0.8901677854900176
2,2,58588,255,61,69.27,0.32,16.57,26.607,0.3259692710035917,0.001169374363353164,0.045999999999999375,0.02542118181202565,0.10690322580645162,0.112201963534363,0.6521739130434877,0.7167019628466246
2,2,58612,255,61,70.82,0.33,16.97,26.631,0.3410820529584787,0.0010739495861335727,0.045999999999999375,0.023346730133338853,0.10948387096774193,0.11079943899018377,0.6521739130434865,0.6017880239350751
2,2,58634,255,61,72.36,0.35,17.36,26.653,0.35365152010460477,0.0009672687231073773,0.04299999999999926,0.02249462146761381,0.112,0.11852963240810463,0.9302325581395504,0.5606027201471858
2,2,58655,255,61,73.9,0.37,17.76,26.674,0.3651879699248073,0.0008524877930761007,0.043000000000002814,0.019825297513396394,0.11458064516129034,0.12003000750186753,0.6976744186046061,0.5037365912252426
2,2,58677,255,61,75.33,0.38,18.16,26.696,0.3753121935272916,0.0007322256413713539,0.04299999999999926,0.017028503287706196,0.11716129032258064,0.11852963240810399,0.4651162790697759,0.43151356652500966
2,2,58698,211,71,76.65,0.39,18.55,26.717,0.3837430532853824,0.000608507791452972,0.04299999999999926,0.01415134398727866,0.11967741935483872,0.08852213053263479,0.4651162790697759,0.36073500231874145
2,2,58720,211,71,77.09,0.4,18.75,26.739,0.39082379862699723,0.00048278195650999935,0.043000000000002814,0.011227487360696925,0.12096774193548387,0.045011252813200404,0.2325581395348687,0.3334423014056619
2,2,58741,211,71,76.98,0.4,18.85,26.76,0.3980810722458268,0.0003559969158207501,0.04199999999999804,0.008476117043351588,0.12161290322580647,0.015360983102919541,0.0,0.34628496707608714
2,2,58762,211,71,76.65,0.4,18.85,26.781,0.4053677672441922,0.000228734829867534,0.04199999999999804,0.005446067377798683,0.12161290322580647,0.0,0.2380952380952481,0.3309516026090178
2,2,58783,211,71,76.43,0.41,18.85,26.802,0.4119810395554049,0.00010138482183549158,0.04100000000000037,0.002472800532572943,0.12161290322580647,0.0,0.2439024390243869,0.2838485396949364
2,2,58803,235,42,76.21,0.41,18.85,26.822,0.4170055573716847,-2.5658097187154284e-05,0.04100000000000037,-0.000625807248467172,0.12161290322580647,0.0,0.0,0.20921869892121187
2,2,58824,235,42,76.1,0.41,18.85,26.843,0.42055900621117465,-0.00015178943916547638,0.04299999999999926,-0.003529986957336721,0.12161290322580647,0.0,0.0,0.11662117883181075
2,2,58846,235,42,76.21,0.41,18.85,26.865,0.4220202680614525,-0.0002760119174869509,0.04400000000000048,-0.006272998124703361,0.12161290322580647,0.014662756598239905,0.0,0.008469791078487563
2,2,58868,235,42,76.54,0.41,18.95,26.887,0.4209316770186281,-0.00039679943886242696,0.04400000000000048,-0.00901816906505506,0.12225806451612903,0.014662756598239905,0.0,-0.11902285357662619
2,2,58890,235,42,76.98,0.41,18.95,26.909,0.4167832625040809,-0.0005120342317890483,0.04299999999999926,-0.011907772832303654,0.12225806451612903,0.030007501875469203,0.23255813953488794,-0.25992686468446363
2,2,58911,27,247,77.31,0.42,19.15,26.93,0.40975482183719636,-0.000619037635154946,0.043000000000002814,-0.014396224073369896,0.12354838709677418,0.015003750937733684,0.2325581395348687,-0.4206421007016709
2,2,58933,27,247,77.09,0.42,19.05,26.952,0.39869565217390784,-0.0007147053907999598,0.04299999999999926,-0.01662105559999935,0.12290322580645162,-0.015003750937734277,-0.23255813953488794,-0.6043926803865096
2,2,58954,27,247,74.56,0.41,19.05,26.973,0.3837659365805769,-0.0007957445756783201,0.04199999999999804,-0.01894629942091327,0.12290322580645162,-0.061443932411677504,-0.7142857142857469,-0.7985024673485211
2,2,58975,27,247,71.26,0.39,18.65,26.994,0.3651585485452715,-0.000858992953844691,0.045000000000001705,-0.019088732307659076,0.12032258064516128,-0.17060931899640952,-1.1111111111110687,-0.9044350005447951
2,2,58999,27,247,67.73,0.36,17.86,27.018,0.3430663615560596,-0.0009017852046673233,0.045999999999999375,-0.01960402618842034,0.1152258064516129,-0.22159887798036754,-1.3043478260869743,-1.0057279304120434
2,2,59021,10,252,63.88,0.33,17.07,27.04,0.31889506374631815,-0.0009223179904955572,0.04299999999999926,-0.021449255592920304,0.11012903225806452,-0.23855963990998144,-1.3953488372093263,-1.1276675003991319
2,2,59042,10,252,60.68,0.3,16.27,27.061,0.29457665903889774,-0.0009199609214125637,0.04299999999999926,-0.021394440032850685,0.10496774193548387,-0.23855963990998144,-1.6279069767442143,-1.1185445920159391
2,2,59064,10,252,57.6,0.26,15.48,27.083,0.2707976462896336,-0.0008954648602753164,0.04299999999999926,-0.020824764192449576,0.09987096774193549,-0.2520630157539429,-1.6279069767442136,-1.0774915042915723
2,2,59085,10,252,54.85,0.23,14.59,27.104,0.24824452435436092,-0.0008510313053610049,0.043000000000002814,-0.019791425706068583,0.09412903225806452,-0.25356339084769575,-1.162790697674343,-0.9915080927798998
2,2,59107,10,252,52.31,0.21,13.79,27.126,0.22816279830009512,-0.0007902237583508001,0.04299999999999926,-0.018377296705832876,0.08896774193548386,-0.23855963990998144,-1.1627906976744389,-0.8548165155051467
2,2,59128,236,62,49.89,0.18,13.0,27.147,0.21148741418764025,-0.0007177216160087063,0.04299999999999926,-0.016691200372295784,0.08387096774193549,-0.1635408852213081,-0.9302325581395504,-0.6861187346526106
2,2,59150,236,62,50.11,0.17,12.7,27.169,0.19865969271003336,-0.0006389377567543857,0.043000000000002814,-0.014859017598938231,0.08193548387096773,-0.04501125281320073,-0.23255813953486806,-0.5083740696533655
2,2,59171,236,62,50.11,0.17,12.7,27.19,0.1896273291925441,-0.0005595405859387022,0.04299999999999926,-0.013012571766016553,0.08193548387096773,0.0,0.0,-0.340284482693084
2,2,59193,236,62,50.77,0.17,12.7,27.212,0.184027459954231,-0.0004849362952342311,0.04499999999999815,-0.010776362116316688,0.08193548387096773,0.014336917562724824,0.22222222222223093,-0.2007191892775474
2,2,59216,236,62,53.2,0.18,12.8,27.235,0.18059496567505484,-0.00041977373745924853,0.045000000000001705,-0.009328305276871836,0.08258064516129032,0.09892473118279228,0.6666666666666414,-0.10911336311793424
2,2,59238,0,244,55.62,0.2,13.39,27.257,0.17911735861392378,-0.0003675309719906537,0.04299999999999926,-0.008547231906759534,0.08638709677419355,0.1035258814703694,0.4651162790697759,-0.03770802131719542
2,2,59259,0,244,55.62,0.2,13.49,27.278,0.17897352075841547,-0.0003302301710804212,0.04299999999999926,-0.007679771420475044,0.08703225806451613,0.015003750937734602,0.0,0.008362666017926484
2,2,59281,0,244,55.4,0.2,13.49,27.3,0.1794769532526946,-0.0003083086381866451,0.043000000000002814,-0.00716996832992151,0.08703225806451613,-0.015003750937733361,0.0,-0.013000144446048677
2,2,59302,0,244,54.3,0.2,13.39,27.321,0.17841451454723534,-0.0003006516819694998,0.04299999999999926,-0.006991899580686162,0.08638709677419355,-0.02850712678169574,-0.23255813953488794,-0.07237507317332766
2,2,59324,0,244,52.65,0.19,13.3,27.343,0.17636482510624157,-0.0003047725455861308,0.04299999999999926,-0.007087733618282232,0.08580645161290323,-0.058514628657165266,-0.6976744186046632,-0.13235819579281938
2,2,59345,51,230,51.21,0.17,13.0,27.364,0.1727231121281442,-0.00031710937085134105,0.04299999999999926,-0.007374636531426663,0.08387096774193549,-0.10502625656414318,-0.6976744186046632,-0.22199077065768627
2,2,59367,51,230,50.0,0.16,12.6,27.386,0.16681922196796123,-0.00033340064340885254,0.04299999999999926,-0.007753503335089727,0.08129032258064516,-0.10502625656414286,-0.4651162790697759,-0.32333107794765104
2,2,59388,51,230,49.12,0.15,12.3,27.407,0.15881987577639545,-0.0003490981228463177,0.045000000000001705,-0.00775773606325121,0.07935483870967742,-0.08458781362006827,-0.4444444444444274,-0.383858196215156
2,2,59412,51,230,48.13,0.14,12.01,27.431,0.14954560313827855,-0.00035977879581070303,0.045000000000001705,-0.007995084351348653,0.07748387096774194,-0.0702508960573452,-0.22222222222221338,-0.43470996331406
2,2,59433,51,230,47.36,0.14,11.81,27.452,0.139257927427262,-0.00036152337941066824,0.04299999999999926,-0.008407520451411033,0.07619354838709677,-0.07501875468867365,-0.23255813953488794,-0.4879995742642782
2,2,59455,50,241,46.59,0.13,11.51,27.474,0.12856162144491495,-0.0003512361971492588,0.04299999999999926,-0.008168283654634066,0.07425806451612903,-0.07501875468867332,-0.4651162790697759,-0.4639759155218706
2,2,59476,50,241,45.93,0.12,11.31,27.495,0.11930696305982191,-0.0003268879359784123,0.04299999999999926,-0.007602045022753905,0.07296774193548387,-0.07501875468867332,-0.46511627906977554,-0.42109824612086505
2,2,59498,50,241,45.05,0.11,11.01,27.517,0.11045439686171807,-0.0002876682035527427,0.04400000000000048,-0.006537913717107716,0.07103225806451613,-0.0733137829912014,-0.22727272727272466,-0.385152604832229
2,2,59520,50,241,44.28,0.11,10.81,27.539,0.10236024844720365,-0.00023403941167370412,0.04299999999999926,-0.0054427770156676315,0.06974193548387098,-0.0735183795949002,-0.2325581395348876,-0.3188456479925812
2,2,59541,50,241,43.5,0.1,10.52,27.56,0.09674403399803731,-0.0001676881230353686,0.04299999999999926,-0.003899723791520267,0.06787096774193548,-0.08852213053263479,-0.2325581395348876,-0.22009016474452217
2,2,59563,213,43,42.73,0.1,10.22,27.582,0.09289637136318936,-9.137527963731351e-05,0.043000000000002814,-0.0021250065031931985,0.06593548387096775,-0.060015003750933764,-0.2325581395348687,-0.11836973627191419
2,2,59584,213,43,43.06,0.09,10.12,27.603,0.09165413533834467,-8.69314037143809e-06,0.04499999999999815,-0.00019318089714307662,0.06529032258064515,-0.014336917562724824,-0.22222222222223154,0.023900330536486974
2,2,59608,213,43,42.95,0.09,10.12,27.627,0.09397188623733123,7.625569949665944e-05,0.04499999999999815,0.001694571099925835,0.06529032258064515,0.0,0.0,0.1949802041335275
2,2,59629,213,43,42.95,0.09,10.12,27.648,0.10042824452435305,0.0001592339720305951,0.043000000000002814,0.003703115628618248,0.06529032258064515,0.0,0.0,0.35579342694448224
2,2,59651,213,43,43.95,0.09,10.12,27.67,0.10927100359594497,0.00023626996208148655,0.04299999999999926,0.005494650280964898,0.06529032258064515,0.0,0.23255813953488794,0.48100534450383015
2,2,59672,241,50,45.38,0.1,10.12,27.691,0.12111147433801739,0.0003040468995666057,0.04299999999999926,0.0070708581294560684,0.06529032258064515,0.060015003750938725,0.46511627906977554,0.5682051437998454
2,2,59694,241,50,47.69,0.11,10.52,27.713,0.1337038247793379,0.0003602421192893228,0.043000000000002814,0.008377723704402307,0.06787096774193548,0.1785446361590283,0.6976744186046054,0.571930331389602
2,2,59715,241,50,50.99,0.13,11.31,27.734,0.14570447858777189,0.00040377402287001906,0.04299999999999926,0.009390093555116883,0.07296774193548387,0.2520630157539429,1.1627906976744387,0.5333860434706613
2,2,59737,241,50,54.19,0.16,12.2,27.756,0.15663942464857594,0.0004349161379198989,0.04299999999999926,0.010114328788835033,0.07870967741935483,0.268567141785451,1.1627906976744384,0.4800170294289842
2,2,59758,241,50,57.27,0.18,13.1,27.777,0.16634521085321785,0.00045524659156338565,0.04299999999999926,0.010587130036357988,0.08451612903225807,0.25356339084771634,1.1627906976744384,0.37928491603123193
2,2,59780,53,255,60.02,0.21,13.89,27.799,0.17294867603791864,0.00046742047327430215,0.045999999999999375,0.01016131463639801,0.08961290322580645,0.15287517531557007,0.8695652173913163,0.25924925735889864
2,2,59804,53,255,59.58,0.22,14.19,27.823,0.17827067669172703,0.0004747800536100755,0.045999999999999375,0.01032130551326265,0.0915483870967742,0.04207573632538631,0.21739130434782925,0.19031510723879722
2,2,59826,53,255,58.7,0.22,14.19,27.845,0.1817031709709032,0.00048084780570398775,0.04299999999999926,0.011182507109395256,0.0915483870967742,-0.045011252813204124,-0.4651162790697752,0.12027034218508902
2,2,59847,53,255,56.39,0.2,13.89,27.866,0.18344230140568576,0.0004887719939728364,0.043000000000002814,0.011366790557507079,0.08961290322580645,-0.12003000750186753,-0.6976744186046054,0.05177250507461278
2,2,59869,53,255,53.97,0.19,13.39,27.888,0.18392938868911168,0.0005008075107265349,0.04299999999999926,0.011646686295966128,0.08638709677419355,-0.1485371342835735,-0.6976744186046632,0.014520629176581019
2,2,59890,240,48,51.54,0.17,12.9,27.909,0.18406668846027874,0.0005179120497791167,0.04299999999999926,0.012044466273933154,0.0832258064516129,-0.11852963240810431,-0.6976744186046632,0.030713791556748367
2,2,59912,240,48,51.54,0.16,12.6,27.931,0.18525008172605184,0.0005395201215398533,0.043000000000002814,0.012546979570693442,0.08129032258064516,-0.045011252813200404,-0.2325581395348687,0.09084896264928634
2,2,59933,240,48,51.43,0.16,12.6,27.952,0.1879731938541983,0.0005635290155471982,0.04299999999999926,0.013105325942958324,0.08129032258064516,0.0,0.0,0.1877038399841878
2,2,59955,240,48,52.76,0.16,12.6,27.974,0.19332134684537178,0.0005864979610618307,0.04299999999999926,0.013639487466554436,0.08129032258064516,0.030007501875469526,0.23255813953488794,0.33731953746854576
2,2,59976,240,48,54.85,0.17,12.8,27.995,0.20247793396534552,0.0006040308106560381,0.04499999999999815,0.013422906903468066,0.08258064516129032,0.12759856630824912,0.8888888888889256,0.4689985834150733
2,2,60000,252,54,57.71,0.2,13.49,28.019,0.2144262830990492,0.0006112880888639723,0.04499999999999815,0.013584179752533275,0.08703225806451613,0.199283154121872,1.1111111111111565,0.5934401220442578
2,2,60021,252,54,60.68,0.22,14.19,28.04,0.22918273945733603,0.0006035586490877893,0.043000000000002814,0.014036247653203484,0.0915483870967742,0.22355588897222836,0.9302325581394736,0.734090027900837
2,2,60043,252,54,63.66,0.24,14.98,28.062,0.24599215429878726,0.0005768159228731075,0.04299999999999926,0.013414323787746917,0.09664516129032258,0.23855963990998144,1.1627906976744389,0.7983305077658788
2,2,60064,252,54,66.52,0.27,15.78,28.083,0.2635109512912682,0.0005281894325021668,0.04299999999999926,0.012283475174469205,0.10180645161290322,0.22355588897224685,1.3953488372093263,0.759634171373837
2,2,60086,252,54,68.94,0.3,16.47,28.105,0.2786564236678617,0.00045629762646199625,0.043000000000002814,0.010611572708417822,0.10625806451612903,0.19354838709676164,1.1627906976743423,0.6577616944281317
2,2,60107,1,234,71.26,0.32,17.07,28.126,0.29179470415167974,0.00036141003767161805,0.04299999999999926,0.008404884597014517,0.11012903225806452,0.13353338334583892,0.6976744186046637,0.5057132213749768
2,2,60129,1,234,71.04,0.33,17.36,28.148,0.3004020921869853,0.00024543142098869454,0.04299999999999926,0.00570770746485346,0.112,0.043510877719430664,0.23255813953488794,0.2904886077681595
2,2,60150,1,234,69.94,0.33,17.36,28.169,0.3042857142857104,0.00011172422053310883,0.04299999999999926,0.002598237686816529,0.112,-0.030007501875469526,-0.23255813953488794,0.08727582353254246
2,2,60172,1,234,67.84,0.32,17.16,28.191,0.3041549525988846,-3.5195020144318076e-05,0.04499999999999815,-0.000782111558762656,0.11070967741935483,-0.07025089605735044,-0.6666666666666946,-0.11027568922306136
2,2,60195,1,234,65.64,0.3,16.87,28.214,0.2993233082706728,-0.0001900377714469883,0.045000000000001705,-0.004223061587710691,0.10883870967741936,-0.11326164874551505,-0.8888888888888548,-0.31295630380296974
2,2,60217,58,237,63.44,0.28,16.37,28.236,0.2900719189277504,-0.00034715343849108394,0.043000000000002814,-0.008073335778861889,0.10561290322580646,-0.14853713428356125,-0.6976744186046049,-0.5082980454168399
2,2,60238,58,237,61.46,0.27,15.88,28.257,0.2774664923177473,-0.0005009212545079915,0.04299999999999926,-0.01164933150018605,0.10245161290322581,-0.13353338334583892,-0.6976744186046637,-0.6624751970928362
2,2,60260,58,237,59.69,0.25,15.48,28.279,0.26158548545275895,-0.000646089010130547,0.04299999999999926,-0.015025325816989723,0.09987096774193549,-0.13503375843961238,-0.9302325581395511,-0.7977223138736663
2,2,60281,58,237,57.93,0.23,14.98,28.3,0.24316443282118022,-0.0007780370632153044,0.04299999999999926,-0.018093885191053902,0.09664516129032258,-0.13353338334583892,-0.6976744186046632,-0.8884952522864326
2,2,60303,58,237,56.39,0.22,14.59,28.322,0.223380189604443,-0.0008929595597099329,0.04299999999999926,-0.020766501388603448,0.09412903225806452,-0.11852963240810399,-0.6976744186046632,-0.8843484757485526
2,2,60324,51,255,54.85,0.2,14.19,28.343,0.2051374483639931,-0.0009879657648796307,0.04299999999999926,-0.022975948020456924,0.0915483870967742,-0.13503375843961238,-0.6976744186046632,-0.8486151647771022
2,2,60346,51,255,53.2,0.19,13.69,28.365,0.18688973751902824,-0.001061111550473532,0.04299999999999926,-0.02467701280171047,0.08832258064516128,-0.1485371342835735,-0.4651162790697759,-0.8392376903898532
2,2,60367,51,255,51.32,0.18,13.2,28.386,0.16905022767723005,-0.0011113743463556317,0.043000000000002814,-0.025845915031524627,0.08516129032258064,-0.1635408852212946,-0.6976744186046054,-0.8106429784360172
2,2,60389,51,255,49.34,0.16,12.6,28.408,0.15203208944627722,-0.0011385851918037915,0.045999999999999375,-0.024751851995734934,0.08129032258064516,-0.18092566619916076,-0.8695652173913158,-0.7130811792039627
2,2,60413,51,255,47.25,0.14,11.91,28.432,0.1362484934338482,-0.0011433304632336636,0.045999999999999375,-0.024855010070297372,0.07683870967741936,-0.16690042075736541,-0.8695652173913163,-0.6504234608403447
2,2,60435,13,237,45.6,0.12,11.41,28.454,0.12211261024762177,-0.001126834943319075,0.043000000000002814,-0.026205463798116307,0.07361290322580645,-0.15003750937733457,-0.6976744186046058,-0.6095554171760464
2,2,60456,13,237,44.17,0.11,10.91,28.475,0.1100376104952765,-0.0010908378874426746,0.04299999999999926,-0.025368322963783566,0.07038709677419355,-0.13353338334583892,-0.4651162790697752,-0.5040917549565399
2,2,60478,13,237,43.17,0.1,10.52,28.497,0.10043666478449093,-0.00103747414886611,0.04299999999999926,-0.024127305787584367,0.06787096774193548,-0.1035258814703694,-0.46511627906977554,-0.37941085517053513
2,2,60499,13,237,42.18,0.09,10.22,28.518,0.09372294372294376,-0.0009691718359092771,0.04299999999999926,-0.022538879904867297,0.06593548387096775,-0.09002250562640793,-0.23255813953488794,-0.2355127178180833
2,2,60521,13,237,41.3,0.09,9.92,28.54,0.09030961791831352,0.0,0.0,0.0,0.064,0.0,0.0,0.0
