MS,MPT,t (ms),PWMi,PWMe,Pressure (Psi),LW raw(V),Displacement (mm),t_rel(s),LW (V),delta d (m),delta t (s),vel (m/s),strain,strain rate (1/s),dv/dt raw,dv/dt
2,3,60591,74,249,38.55,0.07,8.93,0.0,0.06974120082815742,0.0,0.0,0.0,0.0,0.0,0.0,0.0
2,3,60610,74,249,37.78,0.07,8.73,0.019,0.06805571240353854,-0.0005010414348023495,0.039,-0.012847216276983322,0.056322580645161296,-0.08271298593879242,-0.25641025641025667,-0.0903939691125052
2,3,60630,74,249,37.12,0.06,8.43,0.039,0.06621583603276972,-0.00048762532089488173,0.03900000000000001,-0.012503213356279016,0.054387096774193545,-0.08105872622001657,0.0,-0.09696295737485702
2,3,60649,74,249,36.24,0.07,8.24,0.058,0.06427415706591912,-0.0004642772250501492,0.039,-0.011904544232055109,0.05316129032258065,-0.0810587262200164,0.0,-0.10083526101832783
2,3,60669,74,249,35.47,0.06,7.94,0.078,0.06228326085305493,-0.0004313890775093787,0.04,-0.010784726937734468,0.051225806451612906,-0.0806451612903226,-0.2500000000000002,-0.09946060804184413
2,3,60689,74,249,34.8,0.06,7.74,0.098,0.06029573274424535,-0.000389744801312375,0.03900000000000001,-0.00999345644390705,0.049935483870967745,-0.06617038875103404,0.0,-0.1004898144486247
2,3,60708,45,228,34.14,0.06,7.54,0.117,0.05836415808955857,-0.0003405162741317245,0.03900000000000001,-0.008731186516198062,0.04864516129032258,-0.06617038875103404,-0.2564102564102562,-0.09627206423545097
2,3,60728,45,228,33.7,0.05,7.34,0.137,0.05654112223906276,-0.0002852415291073598,0.040999999999999995,-0.006957110466033167,0.04735483870967742,-0.04720692368213994,0.0,-0.08499872065201089
2,3,60749,45,228,33.48,0.06,7.24,0.158,0.05487921054282612,-0.00022578418281071056,0.04099999999999998,-0.005506931288066114,0.04670967741935484,-0.031471282454760025,0.24390243902439024,-0.07585643629624204
2,3,60769,45,228,33.26,0.06,7.14,0.178,0.05343100835091684,-0.00016427406148559952,0.03900000000000001,-0.004212155422707679,0.04606451612903226,-0.03308519437551693,-0.2564102564102562,-0.06743870588265961
2,3,60788,45,228,33.15,0.05,7.04,0.197,0.052249101013402396,-0.00010302980053092625,0.03900000000000001,-0.0026417897572032366,0.04541935483870968,-0.016542597187758374,-0.2564102564102562,-0.049165175023316215
2,3,60808,45,228,33.04,0.05,7.04,0.217,0.051513566525007506,-4.4464724431571236e-05,0.03899999999999998,-0.001140121139271058,0.04541935483870968,-0.014888337468982726,0.0,-0.0024308262294532924
2,3,60827,210,27,32.93,0.05,6.95,0.236,0.05215429879045372,9.022329225238935e-06,0.03900000000000001,0.0002313417750061265,0.044838709677419354,-0.014888337468982715,0.0,0.008382159411907439
2,3,60847,210,27,32.93,0.05,6.95,0.256,0.0518404707420719,5.516913382353117e-05,0.039000000000000035,0.0014145931749623363,0.044838709677419354,-0.01654259718775854,0.0,0.03352863764763044
2,3,60866,210,27,33.04,0.05,6.85,0.275,0.053461915658711306,9.19821516512318e-05,0.03899999999999998,0.002358516709005945,0.04419354838709677,-0.016542597187758565,0.0,0.058675115883353356
2,3,60886,210,27,33.04,0.05,6.85,0.295,0.054128800261522676,0.00011787386843696446,0.03899999999999998,0.00302240688299909,0.04419354838709677,0.0,0.0,0.046353341547848835
2,3,60905,210,27,34.58,0.05,6.85,0.314,0.05526969597907741,0.00013179796085069294,0.038000000000000034,0.003468367390807706,0.04419354838709677,0.03225806451612918,0.26315789473684176,0.07166084547753722
2,3,60924,210,27,36.46,0.06,7.04,0.333,0.05685191238966909,0.00013337145817979577,0.04099999999999998,0.003252962394629167,0.04541935483870968,0.09284028324154225,0.24390243902439024,0.07877594303893265
2,3,60946,61,238,38.55,0.06,7.44,0.355,0.05849950964367365,0.00012297015607852036,0.04099999999999998,0.0029992720994761078,0.048,0.07867820613689998,0.24390243902439057,0.09480222294867467
2,3,60965,61,238,38.77,0.07,7.54,0.374,0.06073880353056475,0.00010178298349367587,0.039000000000000035,0.0026098200895814305,0.04864516129032258,0.03308519437551691,0.0,0.11567379988432452
2,3,60985,61,238,38.66,0.06,7.64,0.394,0.06301078783916231,7.18140929351625e-05,0.03899999999999998,0.001841386998337501,0.04929032258064516,0.016542597187758565,0.0,0.09421547178984127
2,3,61004,61,238,38.55,0.07,7.64,0.413,0.06441320693036856,3.582745903303319e-05,0.03899999999999998,0.0009186527957188003,0.04929032258064516,0.0,0.0,0.06311766037166408
2,3,61024,61,238,38.44,0.06,7.64,0.433,0.0654723765936572,-2.764751956224387e-06,0.039000000000000035,-7.089107580062524e-05,0.04929032258064516,0.0,0.0,0.044676909665467814
2,3,61043,61,238,38.33,0.07,7.64,0.452,0.06615560640732181,-4.006415208757197e-05,0.03799999999999998,-0.0010543197917782102,0.04929032258064516,0.0,0.0,0.025206035684175863
2,3,61062,39,234,38.33,0.06,7.64,0.471,0.06643020594965589,-7.189031283197523e-05,0.03799999999999998,-0.0018918503376835598,0.04929032258064516,0.0,0.0,0.0028389050429271897
2,3,61081,39,234,38.22,0.07,7.64,0.49,0.06626348479895304,-9.401822697123752e-05,0.039000000000000035,-0.0024107237684932678,0.04929032258064516,0.0,0.2564102564102564,-0.020703933747411404
2,3,61101,39,234,38.22,0.07,7.64,0.51,0.06562275253350684,-0.00010243953917933268,0.041000000000000036,-0.00249852534583738,0.04929032258064516,0.0,0.0,-0.04361380652054232
2,3,61122,39,234,38.11,0.07,7.64,0.531,0.0644753187316108,-9.363694165971203e-05,0.041000000000000036,-0.002283827845358828,0.04929032258064516,0.0,-0.24390243902439024,-0.06075634473245617
2,3,61142,39,234,38.0,0.06,7.64,0.551,0.06313174239947614,-6.485935374370478e-05,0.038999999999999924,-0.0016630603524026898,0.04929032258064516,0.0,-0.25641025641025716,-0.09463457976043692
2,3,61161,65,223,38.0,0.06,7.64,0.57,0.06078457012095377,-1.4383221118956513e-05,0.03799999999999992,-0.000378505818919909,0.04929032258064516,0.0,0.0,-0.11071729667417844
2,3,61180,65,223,38.0,0.06,7.64,0.589,0.058924485125857365,5.825715488076355e-05,0.039000000000000035,0.0014937732020708588,0.04929032258064516,0.0,0.0,-0.10611813815475014
2,3,61200,65,223,37.89,0.06,7.64,0.609,0.05664596273291851,0.00015208944776363785,0.039000000000000035,0.0038997294298368647,0.04929032258064516,0.0,0.0,-0.10704017569006018
2,3,61219,65,223,37.89,0.06,7.64,0.628,0.054749918273945014,0.0002645937235171285,0.039000000000000035,0.006784454449157136,0.04929032258064516,0.0,0.0,-0.06940427993059478
2,3,61239,65,223,37.78,0.06,7.64,0.648,0.05393919581562531,0.0003916836672306294,0.039000000000000035,0.010043170954631515,0.04929032258064516,0.0,0.0,0.03042723866522456
2,3,61258,65,223,37.78,0.06,7.64,0.667,0.05593658058188877,0.0005277966032944024,0.039000000000000035,0.013533246238317998,0.04929032258064516,0.0,0.0,0.14283199637890515
2,3,61278,244,45,37.67,0.06,7.64,0.687,0.05950964367440262,0.0006661054666448409,0.040999999999999925,0.01624647479621566,0.04929032258064516,0.0,0.0,0.25155678166784645
2,3,61299,244,45,37.67,0.06,7.64,0.708,0.06625040863027046,0.0007988579791859909,0.040999999999999925,0.01948434095575591,0.04929032258064516,0.0,0.0,0.40847080585875667
2,3,61319,244,45,37.56,0.06,7.64,0.728,0.07625694671461161,0.0009178369439139456,0.039000000000000035,0.023534280613178072,0.04929032258064516,0.01654259718775854,0.2564102564102564,0.6184357214105417
2,3,61338,244,45,40.53,0.07,7.74,0.747,0.0903694017652816,0.001014920744172249,0.039000000000000035,0.02602360882492944,0.049935483870967745,0.16377171215880887,0.7692307692307685,0.7819716515368582
2,3,61358,244,45,44.28,0.09,8.63,0.767,0.10675384112454911,0.0010827058000581645,0.039000000000000035,0.027761687180978552,0.05567741935483871,0.3110008271298588,1.0256410256410247,0.903261498227161
2,3,61377,244,45,48.13,0.11,9.62,0.786,0.1255966001961409,0.0011151360429747844,0.038000000000000034,0.02934568534144167,0.06206451612903225,0.33786078098471956,1.0526315789473677,1.009875948452353
2,3,61396,236,61,51.76,0.13,10.62,0.805,0.14512912716573856,0.0011080737948905295,0.038999999999999924,0.02841214858693671,0.06851612903225807,0.34574028122415307,1.5384615384615419,1.0123133921760818
2,3,61416,236,61,54.96,0.17,11.71,0.825,0.16507682249100802,0.001059746666266209,0.038999999999999924,0.02717299144272336,0.0755483870967742,0.3110008271298599,1.5384615384615414,1.0051047350818403
2,3,61435,236,61,57.6,0.19,12.5,0.844,0.18432821183393025,0.0009710170669060911,0.038000000000000034,0.025553080708055006,0.08064516129032258,0.26994906621392184,1.052631578947367,0.9526677104660827
2,3,61454,236,61,59.8,0.21,13.3,0.863,0.2012781954887192,0.0008454410120410198,0.038000000000000034,0.022248447685289975,0.08580645161290323,0.23599320882852273,1.0526315789473677,0.8139054730648015
2,3,61473,236,61,61.68,0.23,13.89,0.882,0.21525661981039274,0.0006891058699496124,0.04200000000000004,0.0164072826178479,0.08961290322580645,0.19815668202764938,0.9523809523809518,0.593019816622292
2,3,61496,21,255,63.55,0.25,14.59,0.905,0.22618502778685548,0.0005102586748065949,0.04200000000000004,0.012149016066823677,0.09412903225806452,0.13671274961597513,0.7142857142857136,0.3993679851803368
2,3,61515,21,255,63.11,0.26,14.78,0.924,0.2320300751879669,0.0003187559942686331,0.038999999999999924,0.008173230622272659,0.09535483870967741,0.03143093465674098,0.0,0.17786942272068004
2,3,61535,21,255,62.01,0.25,14.78,0.944,0.233121935272962,0.00012538266394391506,0.038999999999999924,0.0032149401011260337,0.09535483870967741,-0.04797353184449939,-0.5128205128205143,-0.07091306862473788
2,3,61554,21,255,60.13,0.24,14.49,0.963,0.22926446551160212,-5.890097382669346e-05,0.039000000000000035,-0.0015102813801716258,0.09348387096774194,-0.09760132340777469,-0.7692307692307685,-0.29697990796388607
2,3,61574,21,255,57.49,0.22,14.19,0.983,0.22153971886237042,-0.0002237173200753535,0.039000000000000035,-0.005736341540393674,0.0915483870967742,-0.14888337468982635,-0.7692307692307685,-0.49454740530254654
2,3,61593,21,255,55.18,0.21,13.59,1.002,0.2099771167048028,-0.0003599703947829802,0.039000000000000035,-0.009230010122640511,0.0876774193548387,-0.19685690653432558,-0.7692307692307685,-0.6809666306233714
2,3,61613,3,223,52.87,0.19,13.0,1.022,0.19498202026805891,-0.000460428922957643,0.038000000000000034,-0.01211655060414849,0.08387096774193549,-0.18505942275042425,-1.052631578947367,-0.7976462896371262
2,3,61631,3,223,51.1,0.17,12.5,1.04,0.17966655769859197,-0.0005201512904134997,0.03699999999999992,-0.014058142984148671,0.08064516129032258,-0.17262423714036662,-0.8108108108108125,-0.8447381673926199
2,3,61650,3,223,49.89,0.16,12.01,1.059,0.16372670807453205,-0.0005367274775960719,0.04200000000000004,-0.012779225657049321,0.07748387096774194,-0.12135176651305665,-0.47619047619047616,-0.7205124612774071
2,3,61673,3,223,48.68,0.15,11.71,1.082,0.14940503432494084,-0.0005103313422180076,0.04100000000000015,-0.012447105907756236,0.0755483870967742,-0.09441384736427987,-0.731707317073168,-0.6128258078919359
2,3,61691,3,223,47.8,0.13,11.41,1.1,0.13860084995096258,-0.00044359306728110505,0.038000000000000034,-0.011673501770555386,0.07361290322580645,-0.10186757215619696,-0.5263157894736835,-0.44897713391028404
2,3,61711,238,69,46.92,0.13,11.11,1.12,0.13234390323635004,-0.0003413143697277814,0.038999999999999924,-0.008751650505840565,0.0716774193548387,-0.066170388751034,-0.25641025641025716,-0.2144994593507165
2,3,61730,238,69,46.92,0.12,11.01,1.139,0.13023537103628466,-0.00021005778991013991,0.038999999999999924,-0.005386097177183085,0.07103225806451613,-0.01654259718775841,-0.25641025641025716,-0.007292478688360243
2,3,61750,238,69,47.03,0.12,11.01,1.159,0.132059496567504,-5.7646805288609216e-05,0.038999999999999924,-0.0014781232125284443,0.07103225806451613,0.0,0.0,0.17837235228539422
2,3,61769,238,69,47.36,0.12,11.01,1.178,0.13719189277541502,0.00010738347438217488,0.038999999999999924,0.0027534224200557716,0.07103225806451613,0.01654259718775841,0.25641025641025716,0.34383617907645
2,3,61789,238,69,49.56,0.13,11.11,1.198,0.1454691075514855,0.0002763441837868132,0.039000000000000146,0.007085748302225954,0.0716774193548387,0.09925558312655025,0.7692307692307663,0.5127366912263849
2,3,61808,238,69,52.09,0.15,11.61,1.217,0.1571886237332441,0.00044091889438654697,0.039000000000000146,0.011305612676578085,0.0749032258064516,0.18031430934656673,1.025641025641022,0.6577480490523865
2,3,61828,233,26,54.63,0.17,12.2,1.237,0.17112128146452868,0.0005936202983488598,0.04499999999999993,0.01319156218553024,0.07870967741935483,0.2136200716845884,1.1111111111111132,0.6513384911554174
2,3,61853,233,26,57.6,0.2,13.1,1.262,0.18649885583523784,0.0007281450223589694,0.04499999999999993,0.01618100049686601,0.08451612903225807,0.19928315412186415,1.1111111111111127,0.7163561076604472
2,3,61873,233,26,59.47,0.22,13.59,1.282,0.20335730630924875,0.0008396043445095316,0.038999999999999924,0.021528316525885466,0.0876774193548387,0.14722911497105057,0.7692307692307707,0.8874192169386579
2,3,61892,233,26,61.13,0.23,13.99,1.301,0.22110820529584543,0.0009246233274086766,0.038999999999999924,0.02370829044637637,0.09025806451612903,0.14888337468982676,0.5128205128205136,0.9076202211213552
2,3,61912,233,26,62.56,0.24,14.49,1.321,0.23875449493298154,0.0009813170953391719,0.039000000000000146,0.025161976803568416,0.09348387096774194,0.14722911497105007,0.7692307692307663,0.9124818735802573
2,3,61931,242,26,63.77,0.26,14.88,1.34,0.2566949983654756,0.0010091661092967055,0.037000000000000144,0.027274759710721665,0.096,0.13775065387968552,0.8108108108108084,0.918777554933146
2,3,61949,242,26,65.09,0.27,15.28,1.358,0.27274926446550807,0.0010088195298898217,0.03799999999999981,0.026547882365521754,0.09858064516129032,0.1358234295415965,0.7894736842105294,0.813131226234917
2,3,61969,242,26,66.3,0.29,15.68,1.378,0.2875939849624023,0.0009818573466999947,0.038999999999999924,0.025175829402564017,0.10116129032258064,0.13068651778329216,0.76923076923077,0.7101365453768129
2,3,61988,242,26,67.51,0.3,16.07,1.397,0.3004445897352037,0.0009305397295699595,0.039000000000000146,0.02385999306589631,0.1036774193548387,0.11414392059553345,0.5128205128205113,0.6108917779398223
2,3,62008,242,26,68.72,0.31,16.37,1.417,0.31141876430205545,0.0008575677108915389,0.04200000000000004,0.02041827883075091,0.10561290322580646,0.10752688172043003,0.47619047619047616,0.5029654882547914
2,3,62030,242,26,69.94,0.32,16.77,1.439,0.32156914024190497,0.0007658739342264695,0.04200000000000004,0.01823509367205878,0.10819354838709677,0.09216589861751089,0.47619047619047616,0.45634272015441696
2,3,62050,225,0,70.82,0.33,16.97,1.459,0.330585158548541,0.0006584565102455854,0.038000000000000034,0.0173278029011996,0.10948387096774193,0.08319185059422765,0.5263157894736842,0.47753823919064453
2,3,62068,225,0,71.48,0.34,17.26,1.477,0.3397155933311495,0.0005382634435974118,0.038000000000000034,0.014164827463089773,0.11135483870967743,0.04923599320882891,0.5263157894736827,0.4585261781455856
2,3,62088,225,0,71.7,0.35,17.26,1.497,0.34800915331807325,0.00040812978019238246,0.038999999999999924,0.010464866158779057,0.11135483870967743,0.03308519437551718,0.2564102564102557,0.35967846036495627
2,3,62107,225,0,71.92,0.35,17.46,1.516,0.35374305328538275,0.0002707644240718885,0.038999999999999924,0.006942677540304847,0.11264516129032259,0.04962779156327523,0.0,0.25205153351606047
2,3,62127,225,0,72.14,0.35,17.56,1.536,0.3578391631251996,0.0001287783505825537,0.038999999999999924,0.003302008989296255,0.11329032258064516,0.016542597187758055,0.25641025641025716,0.15758459694386337
2,3,62146,225,0,72.36,0.36,17.56,1.555,0.3598888525661934,-1.5258922538833986e-05,0.038999999999999924,-0.00039125442407266707,0.11329032258064516,0.016542597187758766,0.25641025641025716,0.031181633012297694
2,3,62166,40,234,72.47,0.36,17.66,1.575,0.3590552468126792,-0.00015875135230041692,0.039000000000000146,-0.00407054749488247,0.11393548387096775,0.033085194375517345,0.0,-0.11248857930779965
2,3,62185,40,234,72.36,0.36,17.76,1.594,0.3555017979731892,-0.0002990150832741989,0.040000000000000036,-0.0074753770818549664,0.11458064516129034,0.01612903225806475,0.0,-0.23913043478260543
2,3,62206,40,234,71.59,0.36,17.76,1.615,0.34949002942137497,-0.00043324078212171103,0.040999999999999925,-0.010566848344431995,0.11458064516129034,-0.03147128245476057,-0.2439024390243909,-0.36645165405560237
2,3,62226,40,234,69.49,0.35,17.56,1.635,0.34047728015690953,-0.0005584922375891565,0.038999999999999924,-0.014320313784337374,0.11329032258064516,-0.06617038875103436,-0.5128205128205129,-0.5282436861384158
2,3,62245,40,234,67.51,0.34,17.36,1.654,0.3288885256619768,-0.0006717471206824257,0.038999999999999924,-0.017224285145703257,0.112,-0.11414392059553338,-0.76923076923077,-0.647773279352219
2,3,62265,64,243,65.53,0.32,16.87,1.674,0.31521412226217305,-0.0007699782342780317,0.039000000000000146,-0.019743031648154587,0.10883870967741936,-0.14722911497105007,-1.0256410256410227,-0.7261464698535524
2,3,62284,64,243,63.44,0.3,16.47,1.693,0.30056881333768815,-0.0008502672697785947,0.039000000000000146,-0.02180172486611773,0.10625806451612903,-0.1488833746898259,-0.769230769230767,-0.796640430507693
2,3,62304,64,243,61.35,0.29,15.97,1.713,0.2841451454723729,-0.0009099393818542776,0.038999999999999924,-0.0233317790219046,0.10303225806451613,-0.16377171215880898,-1.025641025641027,-0.8845692827386095
2,3,62323,64,243,59.25,0.26,15.48,1.732,0.26607061131088244,-0.000946705908194895,0.038999999999999924,-0.024274510466535816,0.09987096774193549,-0.16377171215880934,-1.2820512820512844,-0.9516265580338705
2,3,62343,64,243,57.38,0.24,14.98,1.752,0.24703170970905203,-0.0009588034614694383,0.038999999999999924,-0.024584704140242056,0.09664516129032258,-0.16377171215880934,-1.0256410256410278,-0.9603440038222547
2,3,62362,64,243,55.62,0.22,14.49,1.771,0.22861719516181458,-0.0009451193051179451,0.040999999999999925,-0.02305169036873041,0.09348387096774194,-0.15578284815106253,-0.731707317073172,-0.8927674435292796
2,3,62384,31,234,53.97,0.21,13.99,1.793,0.21042824452435163,-0.0009052946407887834,0.04100000000000015,-0.022080357092409273,0.09025806451612903,-0.15735641227379965,-0.731707317073168,-0.8566485141804524
2,3,62403,31,234,52.42,0.19,13.49,1.812,0.1934946060804159,-0.0008397989527917318,0.039000000000000146,-0.021533306481839196,0.08703225806451613,-0.14722911497104973,-0.7692307692307663,-0.824972129319942
2,3,62423,31,234,51.21,0.18,13.1,1.832,0.17825433148087377,-0.0007499699925064452,0.038999999999999924,-0.019229999807857605,0.08451612903225807,-0.13068651778329252,-0.5128205128205136,-0.7285772960830087
2,3,62442,31,234,50.11,0.17,12.7,1.851,0.16508009153317862,-0.0006380155238549303,0.038000000000000034,-0.016789882206708677,0.08193548387096773,-0.11884550084889633,-0.5263157894736835,-0.6023640336539204
2,3,62461,31,234,49.01,0.16,12.4,1.87,0.15536449820202478,-0.0005069746188784681,0.038999999999999924,-0.012999349202012027,0.08,-0.11414392059553338,-0.7692307692307707,-0.42179026160718996
2,3,62481,227,18,48.13,0.14,12.01,1.89,0.14863027133049825,-0.0003606380583711175,0.038999999999999924,-0.009247129701823543,0.07748387096774194,-0.08105872622001657,-0.5128205128205136,-0.28365227449895297
2,3,62500,227,18,48.13,0.14,11.91,1.909,0.14430205949656563,-0.00020342940715056379,0.039000000000000146,-0.005216138644886232,0.07683870967741936,-0.016542597187758315,0.0,-0.117769339737301
2,3,62520,227,18,48.24,0.14,11.91,1.929,0.1440372670807435,-4.025074815694119e-05,0.038999999999999924,-0.0010320704655625967,0.07683870967741936,0.0,0.0,0.04769448705375409
2,3,62539,227,18,48.35,0.14,11.91,1.948,0.14616214449166204,0.00012370048622170593,0.038999999999999924,0.003171807339018107,0.07683870967741936,-0.016542597187758766,0.0,0.16144039027333948
2,3,62559,227,18,49.45,0.14,11.81,1.968,0.15033344230140372,0.00028313532294821006,0.04100000000000015,0.00690573958410266,0.07619354838709677,0.015735641227379863,0.2439024390243889,0.26383562299172725
2,3,62580,227,18,51.43,0.15,12.01,1.989,0.1569794050343229,0.0004328882177698112,0.040999999999999925,0.010558249213897855,0.07748387096774194,0.09284028324154238,0.48780487804878114,0.3926039914207533
2,3,62600,234,68,53.2,0.16,12.4,2.009,0.16643020594965457,0.0005681322969844498,0.038999999999999924,0.0145674947944731,0.08,0.13068651778329216,0.7692307692307707,0.525896681503083
2,3,62619,234,68,55.07,0.18,12.8,2.028,0.1774893756129431,0.0006845822555443295,0.039000000000000146,0.017553391167803255,0.08258064516129032,0.1488833746898259,1.025641025641022,0.6126520314163236
2,3,62639,234,68,57.05,0.2,13.3,2.048,0.1903236351748913,0.0007786715779219371,0.039000000000000146,0.01996593789543421,0.08580645161290323,0.18031430934656673,0.7692307692307663,0.6919472594529691
2,3,62658,234,68,58.81,0.21,13.89,2.067,0.20447531873160898,0.0008476925202116377,0.039000000000000146,0.021735705646452167,0.08961290322580645,0.16377171215880804,0.5128205128205107,0.7460960092538906
2,3,62678,234,68,60.57,0.22,14.29,2.087,0.21942137953579313,0.0008898916542268082,0.0389999999999997,0.02281773472376449,0.09219354838709677,0.1472291149710514,0.769230769230775,0.7486106570774715
2,3,62697,234,68,62.01,0.24,14.78,2.106,0.23367113435763015,0.0009045194826879932,0.03799999999999981,0.023803144281263098,0.09535483870967741,0.13412563667232655,0.7894736842105302,0.7667624438670995
2,3,62716,237,35,63.44,0.25,15.08,2.125,0.24855835240274277,0.0008918379537131731,0.039000000000000146,0.022867639838799227,0.09729032258064516,0.11579818031430929,0.5128205128205113,0.7478562627303927
2,3,62736,237,35,64.65,0.26,15.48,2.145,0.2628375286041156,0.0008530930901146192,0.040999999999999925,0.020807148539380992,0.09987096774193549,0.1258851298190406,0.7317073170731727,0.686179924891756
2,3,62757,237,35,65.97,0.28,15.88,2.166,0.2766917293233047,0.000790460650306267,0.040999999999999925,0.01927952805625045,0.10245161290322581,0.10857592446892232,0.7317073170731714,0.6479082116744602
2,3,62777,237,35,67.07,0.29,16.17,2.186,0.2894017652827684,0.0007069711343763476,0.039000000000000146,0.018127464984008846,0.1043225806451613,0.09760132340777442,0.5128205128205099,0.6414866597932833
2,3,62796,237,35,68.06,0.3,16.47,2.205,0.30170970905524286,0.0006064176659053757,0.039000000000000146,0.0155491709206506,0.10625806451612903,0.09925558312655025,0.5128205128205113,0.6184357214105385
2,3,62816,238,0,68.94,0.31,16.77,2.225,0.3135207584177795,0.0004932473474264611,0.039000000000000146,0.012647367882729726,0.10819354838709677,0.08271298593879194,0.5128205128205113,0.6073712709868223
2,3,62835,238,0,69.83,0.32,16.97,2.244,0.325397188623729,0.0003724341444158412,0.0389999999999997,0.009549593446560103,0.10948387096774193,0.06451612903225852,0.5128205128205172,0.5775307834804387
2,3,62855,238,0,70.6,0.33,17.16,2.264,0.3360444589735164,0.0002493294869801943,0.0389999999999997,0.006393063768722979,0.11070967741935483,0.06451612903225888,0.5128205128205172,0.470322964602137
2,3,62874,238,0,71.37,0.34,17.36,2.283,0.3437397842432122,0.00012948587392582665,0.039000000000000146,0.0033201506134827225,0.112,0.06617038875103362,0.5128205128205099,0.2995783773815762
2,3,62894,238,0,72.03,0.35,17.56,2.303,0.34772801569139794,1.8449135012360784e-05,0.038000000000000256,0.0004855035529568595,0.11329032258064516,0.05093378607809819,0.2631578947368391,0.14082689561432038
2,3,62912,238,0,72.69,0.35,17.66,2.321,0.34909120627655643,-7.848294582337445e-05,0.040999999999999925,-0.0019142181908140146,0.11393548387096775,0.04720692368214019,0.2439024390243909,-0.005182627831509607
2,3,62935,61,246,73.35,0.36,17.86,2.344,0.34751552795030605,-0.00015653380313377242,0.041999999999999815,-0.0037269953127088834,0.1152258064516129,0.04608294930875601,0.23809523809523936,-0.1516991235853594
2,3,62954,61,246,73.13,0.36,17.96,2.363,0.34271984308597137,-0.0002117448243134561,0.038000000000000256,-0.005572232218775123,0.11587096774193549,0.01697792869269964,0.0,-0.31176339016877824
2,3,62973,61,246,71.7,0.36,17.96,2.382,0.3356685191238924,-0.00024127907304130502,0.03799999999999981,-0.00634944929056069,0.11587096774193549,-0.06791171477079862,-0.26315789473684364,-0.4198138366511202
2,3,62992,61,246,69.05,0.35,17.56,2.401,0.3267669172932289,-0.00024370617228904834,0.03799999999999981,-0.006413320323396041,0.11329032258064516,-0.11884550084889703,-0.7894736842105294,-0.4926790660862663
2,3,63011,61,246,66.3,0.33,17.26,2.42,0.31694671461261437,-0.0002192345361541257,0.039000000000000146,-0.005621398362926279,0.11135483870967743,-0.14722911497104937,-1.282051282051277,-0.5041030670321209
2,3,63031,61,246,63.66,0.3,16.67,2.44,0.3071068976789761,-0.00016985354348959093,0.039000000000000146,-0.004355219063835648,0.10754838709677421,-0.1968569065343254,-1.282051282051277,-0.4685627111256324
2,3,63050,245,11,61.01,0.28,16.07,2.459,0.29867276887871463,-9.935166403486662e-05,0.039000000000000146,-0.0025474785649965705,0.1036774193548387,-0.14722911497105043,-0.7692307692307656,-0.3973981777185382
2,3,63070,245,11,60.9,0.27,15.78,2.479,0.29160836874795304,-1.3187716147438522e-05,0.039000000000000146,-0.00033814656788303774,0.10180645161290322,-0.04797353184449947,-0.25641025641025567,-0.30578117534638793
2,3,63089,245,11,60.9,0.27,15.78,2.498,0.28674730304020546,8.179032853881551e-05,0.040999999999999925,0.001994886061922333,0.10180645161290322,0.0,0.0,-0.1365821765442215
2,3,63111,245,11,61.13,0.27,15.78,2.52,0.28600849950963997,0.00017776512553055213,0.040999999999999925,0.004335734769037865,0.10180645161290322,0.0,0.0,0.05971981916615515
2,3,63130,245,11,62.78,0.27,15.78,2.539,0.2891958156260178,0.00026647735259637884,0.039000000000000146,0.006832752630676355,0.10180645161290322,0.031430934656741155,0.25641025641025567,0.2885977485519773
2,3,63150,245,11,64.76,0.28,15.97,2.559,0.2972638117031671,0.000339817798503681,0.0389999999999997,0.008713276884709836,0.10303225806451613,0.1141439205955344,0.7692307692307744,0.5196100619441555
2,3,63169,255,62,66.63,0.3,16.47,2.578,0.3094606080418397,0.0003904344674996203,0.03799999999999981,0.010274591249990058,0.10625806451612903,0.15280135823429633,1.052631578947373,0.709640233306373
2,3,63188,255,62,68.83,0.32,16.87,2.597,0.32423014056880917,0.0004123025792790891,0.039000000000000146,0.01057186100715609,0.10883870967741936,0.14722911497105007,1.0256410256410227,0.8138238573021036
2,3,63208,255,62,71.15,0.34,17.36,2.617,0.3411997384766219,0.0004012073036566548,0.039000000000000146,0.010287366760427007,0.112,0.16377171215880804,1.0256410256410213,0.8358689365554202
2,3,63227,255,62,73.24,0.36,17.86,2.636,0.3568290290944707,0.00035509588198593534,0.039000000000000146,0.00910502261502395,0.1152258064516129,0.1488833746898259,0.7692307692307656,0.7281581881124091
2,3,63247,255,62,75.22,0.37,18.26,2.656,0.36959790781300594,0.0002742668503327863,0.0389999999999997,0.0070324833418663685,0.11780645161290323,0.14722911497105176,0.7692307692307758,0.5424933571386633
2,3,63266,255,62,76.98,0.39,18.75,2.675,0.3779862700228784,0.00016137791540162994,0.040999999999999925,0.003936046717112933,0.12096774193548387,0.1400472069236819,0.9756097560975623,0.28201468676994473
2,3,63288,32,252,78.64,0.41,19.15,2.697,0.38116050997057366,2.1269437800629732e-05,0.04100000000000037,0.0005187667756251107,0.12354838709677418,0.07867820613689923,0.48780487804877515,0.051347881899869434
2,3,63307,32,252,78.3,0.41,19.25,2.716,0.38009153318077304,-0.00013938314997614753,0.039000000000000146,-0.003573926922465308,0.12419354838709677,0.0,-0.2564102564102543,-0.17451655895591428
2,3,63327,32,252,75.88,0.4,19.15,2.736,0.374354364171293,-0.0003125580913962125,0.0389999999999997,-0.008014310035800382,0.12354838709677418,-0.08271298593879288,-0.7692307692307744,-0.43746489970745855
2,3,63346,32,252,72.47,0.38,18.75,2.755,0.3630304020921823,-0.0004894724129842451,0.0389999999999997,-0.012550574691903817,0.12096774193548387,-0.18031430934656878,-1.282051282051293,-0.6860797478646434
2,3,63366,32,252,68.61,0.35,18.06,2.775,0.3475972540045721,-0.0006612082213881898,0.039000000000000146,-0.01695405695867147,0.11651612903225805,-0.22994210090984202,-1.282051282051277,-0.8850722123033193
2,3,63385,32,252,64.87,0.33,17.36,2.794,0.3285125858123527,-0.0008193218605409704,0.039000000000000146,-0.02100825283438378,0.112,-0.2630272952853587,-1.5384615384615326,-1.0492787151825869
2,3,63405,56,229,61.57,0.29,16.47,2.814,0.30667538411245104,-0.0009563827280678794,0.039000000000000146,-0.024522634053022456,0.10625806451612903,-0.2613730355665832,-1.5384615384615326,-1.1505352008784302
2,3,63424,56,229,58.81,0.27,15.78,2.833,0.28364171297809376,-0.001066400934847815,0.03799999999999981,-0.028063182495995268,0.10180645161290322,-0.23599320882852412,-1.3157894736842168,-1.2525593159099004
2,3,63443,56,229,56.72,0.24,15.08,2.852,0.25907813010787506,-0.0011451197946480782,0.040999999999999925,-0.027929751088977568,0.09729032258064516,-0.20298977183320235,-1.2195121951219539,-1.2200703242730246
2,3,63465,56,229,54.85,0.22,14.49,2.874,0.23361882968289985,-0.0011901666345117833,0.040999999999999925,-0.02902845450028745,0.09348387096774194,-0.17151848937844247,-0.731707317073172,-1.2118578524784793
2,3,63484,56,229,52.98,0.21,13.99,2.893,0.2093919581562575,-0.0012010701955405202,0.0389999999999997,-0.030796671680526397,0.09025806451612903,-0.16542597187758612,-0.769230769230775,-1.1688921299905213
2,3,63504,51,249,51.43,0.19,13.49,2.913,0.18803203661326987,-0.001179162765420047,0.039000000000000146,-0.030234942703078017,0.08703225806451613,-0.16377171215880804,-1.0256410256410213,-1.0245513449174608
2,3,63523,51,249,49.89,0.17,13.0,2.932,0.16943445570447638,-0.0011273895859520077,0.039000000000000146,-0.028907425280820603,0.08387096774193549,-0.1637717121588084,-0.7692307692307663,-0.8943764092505363
2,3,63543,51,249,48.13,0.16,12.5,2.952,0.15315135665249882,-0.0010500478912008155,0.039000000000000146,-0.026924304902584913,0.08064516129032258,-0.18031430934656673,-0.7692307692307663,-0.7601780370658962
2,3,63562,51,249,46.59,0.14,11.91,2.971,0.13978751225890632,-0.000952475006973069,0.039000000000000146,-0.024422436076232446,0.07683870967741936,-0.18031430934656673,-0.7692307692307663,-0.6285781342989478
2,3,63582,51,249,45.05,0.13,11.41,2.991,0.12863680941483976,-0.0008407014921616974,0.0389999999999997,-0.021556448516966763,0.07361290322580645,-0.16542597187758612,-0.5128205128205172,-0.4982355554437902
2,3,63601,51,249,43.61,0.12,10.91,3.01,0.12035632559659865,-0.0007210832122020339,0.0389999999999997,-0.018489313133385626,0.07038709677419355,-0.16377171215881026,-0.769230769230775,-0.3821426475888692
2,3,63621,220,43,42.18,0.1,10.42,3.03,0.11373324615887398,-0.0005999265008845018,0.040000000000000036,-0.014998162522112533,0.0672258064516129,-0.09516129032258068,-0.49999999999999933,-0.2859594638770801
2,3,63641,220,43,42.29,0.1,10.32,3.05,0.10891794704151543,-0.00048312304763901357,0.04200000000000026,-0.011502929705690728,0.06658064516129032,-0.0307219662058368,0.0,-0.19754354831176954
2,3,63663,220,43,42.73,0.1,10.22,3.072,0.10543641712977961,-0.0003758145736879843,0.04100000000000037,-0.009166209114340998,0.06593548387096775,-0.01573564122737978,0.0,-0.15045567258549056
2,3,63682,220,43,42.73,0.1,10.22,3.091,0.10274926446551026,-0.0002821096657430271,0.039000000000000146,-0.007233581172898104,0.06593548387096775,0.0,0.0,-0.10100502091348619
2,3,63702,220,43,44.28,0.1,10.22,3.111,0.10149722131415363,-0.0002048744517942307,0.0389999999999997,-0.005253191071646982,0.06593548387096775,0.016542597187758506,0.0,-0.034953604747654604
2,3,63721,70,244,45.93,0.1,10.32,3.13,0.10138607388035174,-0.0001456146305885202,0.03799999999999981,-0.0038319639628558136,0.06658064516129032,0.05093378607809842,0.26315789473684326,0.006538084341288018
2,3,63740,70,244,46.04,0.11,10.52,3.149,0.10174566851912258,-0.00010445955962619635,0.039000000000000146,-0.002678450246825537,0.06787096774193548,0.049627791563275306,0.25641025641025533,0.021290684906245264
2,3,63760,70,244,46.04,0.11,10.62,3.169,0.10221641059169531,-8.025070820119673e-05,0.039000000000000146,-0.0020577104666973443,0.06851612903225807,0.0,0.0,0.002598469417691341
2,3,63779,70,244,45.93,0.11,10.52,3.188,0.10184700882641254,-7.072747163322823e-05,0.039000000000000146,-0.001813524913672512,0.06787096774193548,-0.016542597187758672,0.0,-0.029086093159319287
2,3,63799,70,244,45.49,0.11,10.52,3.208,0.10108205295848186,-7.279410326565028e-05,0.0389999999999997,-0.0018665154683500215,0.06787096774193548,0.0,-0.2564102564102582,-0.0531428906714942
2,3,63818,70,244,44.61,0.1,10.52,3.227,0.09977443609022428,-8.284392268952168e-05,0.040999999999999925,-0.0020205834802322397,0.06787096774193548,-0.01573564122737995,-0.24390243902439057,-0.11704765625622762
2,3,63840,15,255,43.72,0.1,10.42,3.249,0.09628309905197653,-9.711213617045722e-05,0.040999999999999925,-0.002368588687084327,0.0672258064516129,-0.04720692368213985,-0.2439024390243909,-0.1863354037267064
2,3,63859,15,255,42.84,0.09,10.22,3.268,0.09213468453742933,-0.00011202646409492623,0.0389999999999997,-0.0028724734383314635,0.06593548387096775,-0.06617038875103437,-0.2564102564102586,-0.20561437037409513
2,3,63879,15,255,41.85,0.09,10.02,3.288,0.08826413860738688,-0.00012452476318665796,0.039000000000000146,-0.0031929426458117307,0.06464516129032258,-0.08271298593879194,0.0,-0.2048599760270208
2,3,63898,15,255,40.86,0.09,9.72,3.307,0.08414514547237549,-0.00013231102331028843,0.039000000000000146,-0.0033925903412894342,0.06270967741935485,-0.0976013234077746,-0.25641025641025533,-0.1801326057618932
2,3,63918,15,255,39.87,0.08,9.43,3.327,0.08123896698267302,-0.0001340259978324916,0.039000000000000146,-0.0034365640469869512,0.060838709677419354,-0.09760132340777478,-0.5128205128205107,-0.1402335269612127
2,3,63937,15,255,38.99,0.07,9.13,3.346,0.07867603792088818,-0.00012931641682797235,0.03699999999999992,-0.0034950382926479087,0.05890322580645162,-0.10462074978204025,-0.27027027027027073,-0.08888260604507651
2,3,63955,229,63,38.11,0.07,8.83,3.364,0.0779503105590052,-0.00011879678188654274,0.03799999999999981,-0.003126231102277456,0.05696774193548387,-0.08488964346349791,0.0,-0.011011510469537772
2,3,63975,229,63,38.22,0.07,8.63,3.384,0.07825760052304574,-0.0001039093339759809,0.039000000000000146,-0.002664341896820013,0.05567741935483871,-0.03308519437551681,0.0,0.008130694629550498
2,3,63994,229,63,38.33,0.07,8.63,3.403,0.07826740764955767,-8.669978348373952e-05,0.040999999999999925,-0.0021146288654570653,0.05567741935483871,0.0,0.0,0.031255232460791205
2,3,64016,229,63,39.43,0.07,8.63,3.425,0.07953906505393818,-6.953721270541813e-05,0.040999999999999925,-0.0016960295781809332,0.05567741935483871,0.031471282454760066,0.24390243902439057,0.05198574378682591
2,3,64035,229,63,41.85,0.08,8.83,3.444,0.08039882314481753,-5.481429364596657e-05,0.039000000000000146,-0.0014054947088709324,0.05696774193548387,0.13234077750206724,0.5128205128205107,0.06471027065992609
2,3,64055,46,255,44.5,0.09,9.43,3.464,0.0820627656096753,-4.46667542551733e-05,0.039000000000000146,-0.0011453013911582855,0.060838709677419354,0.14722911497105007,0.25641025641025533,0.06303383877754477
2,3,64074,46,255,44.72,0.09,9.72,3.483,0.08285714285714178,-4.074741086167677e-05,0.039000000000000146,-0.0010448054067096568,0.06270967741935485,0.04797353184449965,0.25641025641025567,0.03528889112413068
2,3,64094,46,255,44.61,0.1,9.72,3.503,0.08343903236351641,-4.407964257754493e-05,0.0389999999999997,-0.0011302472455780837,0.06270967741935485,0.0,0.0,0.026906731712223398
2,3,64113,46,255,44.06,0.09,9.72,3.522,0.08390650539391849,-5.499987997452393e-05,0.0389999999999997,-0.0014102533326801115,0.06270967741935485,-0.016542597187759037,-0.2564102564102586,0.0004191079705951528
2,3,64133,46,255,43.06,0.09,9.62,3.542,0.08345537757436962,-7.318308862422462e-05,0.039000000000000146,-0.0018764894519031885,0.06206451612903225,-0.031430934656741336,-0.25641025641025533,-0.039479970830084296
2,3,64152,46,255,41.96,0.08,9.53,3.561,0.0823667865315452,-9.773395390575246e-05,0.039000000000000146,-0.0025059988180962077,0.06148387096774193,-0.047973531844499116,-0.5128205128205107,-0.07929522803664506
2,3,64172,50,236,40.86,0.07,9.33,3.581,0.08036286368094045,-0.00012732123439170451,0.040999999999999925,-0.0031053959607732864,0.06019354838709678,-0.06294256490951997,0.0,-0.11848284550187642
2,3,64193,50,236,40.2,0.08,9.13,3.602,0.07750898986596827,-0.00016033246689697655,0.040000000000000036,-0.00400831167242441,0.05890322580645162,-0.06451612903225813,0.0,-0.16230794377247226
2,3,64212,50,236,39.43,0.07,8.93,3.621,0.07387054593004155,-0.00019502912102387882,0.039000000000000146,-0.005000746692919951,0.05761290322580645,-0.049627791563275306,-0.25641025641025533,-0.2050276192152585
2,3,64232,50,236,38.99,0.07,8.83,3.641,0.06951291271657316,-0.0002296871172422481,0.039000000000000146,-0.005889413262621724,0.05696774193548387,-0.049627791563275125,-0.25641025641025567,-0.2170979287684059
2,3,64251,50,236,38.44,0.06,8.63,3.66,0.06540372670807369,-0.0002627132070087974,0.039000000000000146,-0.006736236077148626,0.05567741935483871,-0.04962779156327548,-0.25641025641025567,-0.19304113125623157
2,3,64271,50,236,38.0,0.06,8.53,3.68,0.0619843085975801,-0.00029273287251990434,0.0389999999999997,-0.0075059710902540145,0.05503225806451612,-0.04962779156327587,0.0,-0.16864904736758235
2,3,64290,34,255,37.56,0.06,8.33,3.699,0.05882641386073803,-0.0003186492894657853,0.0389999999999997,-0.008170494601686864,0.05374193548387097,-0.047973531844499664,0.0,-0.1287499685669014
2,3,64310,34,255,36.9,0.06,8.24,3.719,0.05696305982347098,-0.0003396753223659843,0.038000000000000256,-0.008938824272789,0.05316129032258065,-0.04923599320882844,0.0,-0.0834466027769632
2,3,64328,34,255,36.24,0.06,8.04,3.737,0.05565544295521341,-0.00035534173297503544,0.038000000000000256,-0.00935109823618508,0.051870967741935475,-0.06791171477079765,-0.2631578947368402,-0.07363947626503164
2,3,64348,34,255,35.58,0.05,7.84,3.757,0.05416475972539976,-0.0003654851192399633,0.0389999999999997,-0.009371413313845285,0.05058064516129032,-0.06617038875103419,-0.2564102564102582,-0.07778643934250323
2,3,64367,34,255,34.91,0.05,7.64,3.776,0.052621771820855805,-0.0003702189790298629,0.040999999999999925,-0.00902973119585033,0.04929032258064516,-0.06294256490952013,0.0,-0.08252338162479289
2,3,64389,34,255,34.25,0.05,7.44,3.798,0.05078130107878326,-0.00036989120710906765,0.04100000000000037,-0.009021736758757667,0.048,-0.06294256490951945,0.0,-0.05979955190202315
2,3,64408,45,250,33.59,0.05,7.24,3.817,0.05016999019287283,-0.00036503161969295926,0.039000000000000146,-0.009359785120332254,0.04670967741935484,-0.049627791563275306,0.0,-0.03478596155941632
2,3,64428,45,250,33.04,0.05,7.14,3.837,0.04942464857796602,-0.0003562936802188075,0.0389999999999997,-0.009135735390225903,0.04606451612903226,-0.04797353184450002,0.0,-0.02564940780043723
2,3,64447,45,250,32.6,0.05,6.95,3.856,0.04916966328865579,-0.0003443950677977767,0.03799999999999981,-0.009063028099941538,0.044838709677419354,-0.0662139219015283,0.0,-0.007828495724436979
2,3,64466,45,250,32.16,0.05,6.75,3.875,0.04912716574043741,-0.0003300617171990581,0.039000000000000146,-0.00846312095382197,0.043548387096774194,-0.049627791563275125,0.0,-0.018189285923839386
2,3,64486,45,250,31.72,0.05,6.65,3.895,0.04846028113762605,-0.00031397946045821446,0.039000000000000146,-0.008050755396364443,0.04290322580645162,-0.03308519437551681,0.0,-0.01190266636490861
2,3,64505,45,250,31.28,0.05,6.55,3.914,0.048662961752205976,-0.00029675668410899104,0.039000000000000146,-0.007609145746384357,0.04225806451612903,-0.03308519437551699,-0.2564102564102555,0.011232093611956016
2,3,64525,12,249,30.95,0.04,6.45,3.934,0.04889833278849234,-0.00027890055200495477,0.0389999999999997,-0.0071512962052553055,0.04161290322580645,-0.033085194375517366,0.0,0.014584957376719146
2,3,64544,12,249,30.51,0.05,6.35,3.953,0.04923177508989802,-0.00026080806054430195,0.040999999999999925,-0.00636117220839762,0.040967741935483866,-0.047206923682140016,0.24390243902439074,-0.0017541201891259144
2,3,64566,12,249,30.18,0.05,6.15,3.975,0.048826413860738174,-0.00024277139402863136,0.04100000000000037,-0.005921253512893395,0.03967741935483871,-0.0472069236821395,0.0,-0.023361691609723578
2,3,64585,12,249,29.85,0.05,6.05,3.994,0.04827394573389934,-0.00022499521003134325,0.039000000000000146,-0.0057691079495216,0.03903225806451613,-0.03308519437551681,0.0,-0.0312654546064153
2,3,64605,12,249,29.52,0.05,5.95,4.014,0.04760706113108797,-0.00020762229486892103,0.039000000000000146,-0.00532364858638257,0.03838709677419355,-0.03308519437551681,0.0,-0.03629475025355974
2,3,64624,12,249,29.3,0.05,5.85,4.033,0.04685845047401051,-0.00019076371095420796,0.0389999999999997,-0.004891377203954088,0.03774193548387097,-0.033085194375517366,0.0,-0.03964761401832316
2,3,64644,34,255,28.97,0.05,5.75,4.053,0.04606080418437338,-0.00017452973284149033,0.0389999999999997,-0.004475121354910043,0.037096774193548385,-0.031430934656741336,-0.25641025641025844,-0.04132404590070484
2,3,64663,34,255,28.64,0.04,5.66,4.072,0.04524681268388303,-0.00015905806943344026,0.03699999999999992,-0.00429886674144434,0.036516129032258066,-0.03312990409764609,0.0,-0.04355777811155332
2,3,64681,34,255,28.31,0.05,5.56,4.09,0.04444916639424591,-0.00014453599803074545,0.038000000000000256,-0.003803578895545907,0.03587096774193548,-0.03395585738539873,0.0,-0.04069097228196266
2,3,64701,34,255,27.98,0.04,5.46,4.11,0.04370055573716844,-0.00013121328653962027,0.0389999999999997,-0.0033644432446056738,0.035225806451612905,-0.033085194375517185,-0.25641025641025844,-0.03629475025356016
2,3,64720,34,255,27.65,0.04,5.36,4.129,0.04303367113435708,-0.00011940335194674834,0.04099999999999948,-0.0029122768767499965,0.03458064516129032,-0.03147128245476058,0.0,-0.05174654557921851
2,3,64742,78,244,27.32,0.04,5.26,4.151,0.04157894736842051,-0.00010947108620905154,0.04100000000000037,-0.002670026492903672,0.03393548387096774,-0.015735641227379946,0.0,-0.054537191334644956
2,3,64761,78,244,27.21,0.04,5.26,4.17,0.04079764628963661,-0.00010180712645916845,0.03900000000000059,-0.002610439139978639,0.03393548387096774,-0.016542597187758128,0.0,-0.03629475025355898
2,3,64781,78,244,27.1,0.04,5.16,4.19,0.040163452108531686,-9.67898153404212e-05,0.0389999999999997,-0.002481790136933896,0.03329032258064516,-0.033085194375517185,0.0,-0.027912590841652655
2,3,64800,78,244,26.88,0.04,5.06,4.209,0.03970905524681217,-9.473737810259131e-05,0.0389999999999997,-0.0024291635410921032,0.03264516129032258,-0.016542597187758683,0.0,-0.017853999547363473
2,3,64820,78,244,26.88,0.04,5.06,4.229,0.039467146126184516,-9.585383873939345e-05,0.03900000000000059,-0.0024577907369074873,0.03264516129032258,0.0,0.0,0.008214516223669257
2,3,64839,78,244,26.66,0.04,5.06,4.248,0.040029421379535274,-0.00010017301356456443,0.0389999999999997,-0.0025685388093478257,0.03264516129032258,-0.016542597187758506,0.0,0.013662919841409453
2,3,64859,34,253,26.66,0.04,4.96,4.268,0.03999999999999948,-0.00010750549387688402,0.0389999999999997,-0.002756551125048329,0.032,-0.016542597187758506,0.0,-0.015842281288505317
2,3,64878,34,253,26.43,0.04,4.96,4.287,0.03941157240928357,-0.00011739360163730427,0.03900000000000059,-0.003010092349674423,0.032,-0.016542597187758128,0.0,-0.007041013906002321
2,3,64898,34,253,26.32,0.04,4.86,4.307,0.039725400457665386,-0.00012907886584453631,0.04100000000000037,-0.0031482650205984183,0.031354838709677424,-0.01573564122737978,0.0,0.0024717148119502872
2,3,64919,34,253,26.1,0.04,4.86,4.328,0.039512912716573534,-0.00014148594791062852,0.04099999999999948,-0.0034508767783080563,0.031354838709677424,-0.015735641227380373,0.0,-0.009567928304323904
2,3,64939,34,253,25.88,0.04,4.76,4.348,0.03933311539718811,-0.0001532263740495381,0.0389999999999997,-0.0039288813858856225,0.030709677419354837,-0.033085194375517275,0.0,-0.008382159411907682
2,3,64958,39,221,25.66,0.04,4.66,4.367,0.03918600849950914,-0.0001626248916877726,0.038000000000000256,-0.004279602412836092,0.03006451612903226,-0.016977928692699273,0.0,0.007828495724436887
2,3,64977,39,221,25.66,0.04,4.66,4.386,0.039630598234716714,-0.0001677707129892152,0.0389999999999997,-0.004301813153569653,0.03006451612903226,0.0,0.0,0.0013411455059052007
2,3,64997,39,221,25.66,0.04,4.66,4.406,0.03923831317423944,-0.00016659527452466617,0.0389999999999997,-0.0042716737057607035,0.03006451612903226,0.0,0.0,-0.018440750706196864
2,3,65016,39,221,25.66,0.04,4.66,4.425,0.03891140895717504,-0.0001569770668927468,0.038000000000000256,-0.004130975444545941,0.03006451612903226,0.0,-0.26315789473684037,-0.015484936597787163
2,3,65035,39,221,25.66,0.03,4.66,4.444,0.03864988558352352,-0.00013687202406382858,0.038000000000000256,-0.0036018953701007278,0.03006451612903226,0.0,0.0,-0.026754529343954267
2,3,65054,39,221,25.66,0.04,4.66,4.463,0.03789473684210477,-0.00010446473503138697,0.0389999999999997,-0.0026785829495227635,0.03006451612903226,-0.016542597187758683,0.25641025641025844,-0.043419585753681496
2,3,65074,20,233,25.66,0.04,4.56,4.483,0.03695652173912996,-5.833185187004108e-05,0.0389999999999997,-0.0014956885094882444,0.029419354838709676,-0.016542597187758683,0.0,-0.045682768794896744
2,3,65093,20,233,25.66,0.04,4.56,4.502,0.036113108859103814,2.3945796219306813e-06,0.04100000000000037,5.840438102269901e-05,0.029419354838709676,0.0,0.0,-0.04648418501183936
2,3,65115,20,233,25.66,0.04,4.56,4.524,0.03505067015364453,7.787873627165176e-05,0.04499999999999993,0.0017306385838144864,0.029419354838709676,0.0,0.0,-0.040463477534415156
2,3,65138,20,233,25.66,0.04,4.56,4.547,0.034292252370055135,0.00016746363404106113,0.041999999999999815,0.003987229381930044,0.029419354838709676,0.0,0.0,-0.004670060243777188
2,3,65157,20,233,25.66,0.04,4.56,4.566,0.034854527623405886,0.00026960064984541977,0.038000000000000256,0.007094753943300472,0.029419354838709676,0.0,-0.26315789473684037,0.051788510177043154
2,3,65176,229,47,25.66,0.03,4.56,4.585,0.03626021575678279,0.00038184044524643303,0.03900000000000059,0.009790780647344288,0.029419354838709676,0.0,0.0,0.11726641017258531
2,3,65196,229,47,25.55,0.04,4.56,4.605,0.03942791762013678,0.0005008967790365988,0.0389999999999997,0.012843507154784684,0.029419354838709676,-0.016542597187758593,0.25641025641025844,0.192873488067995
2,3,65215,229,47,25.66,0.04,4.46,4.624,0.043782281791434535,0.0006227894107388581,0.03799999999999937,0.016389195019443907,0.028774193548387096,0.0,0.0,0.28199790093081784
2,3,65234,229,47,27.87,0.04,4.56,4.643,0.05014383785550768,0.0007430641061969902,0.03900000000000059,0.019052925799922536,0.029419354838709676,0.08271298593879117,0.25641025641025256,0.3372980947351565
2,3,65254,229,47,31.61,0.05,4.96,4.663,0.05693690748610584,0.0008570766841558566,0.03900000000000059,0.02197632523476522,0.032,0.18196856906534056,0.512820512820505,0.4145816045129429
2,3,65273,229,47,35.47,0.06,5.66,4.682,0.0663125204315127,0.0009603156973253393,0.04099999999999948,0.023422334081106132,0.036516129032258066,0.2659323367427257,0.48780487804878675,0.501518908618311
2,3,65295,221,15,39.65,0.07,6.65,4.704,0.07749918273945633,0.0010487283248997912,0.04099999999999948,0.025578739631702548,0.04290322580645162,0.29583005507474797,0.7317073170731799,0.583882824771366
2,3,65314,221,15,42.84,0.09,7.54,4.723,0.0902517162471384,0.0011190106315635314,0.03900000000000059,0.02869258029650037,0.04864516129032258,0.26302729528535584,1.02564102564101,0.6870017853999353
2,3,65334,221,15,45.49,0.11,8.24,4.743,0.10429225237005421,0.0011688287653236714,0.0389999999999997,0.02996996834163283,0.05316129032258065,0.22994210090984463,0.769230769230775,0.7450901501244716
2,3,65353,221,15,47.58,0.12,8.93,4.762,0.11931023210199257,0.0011969502958690556,0.0389999999999997,0.03069103322741192,0.05761290322580645,0.22828784119106843,0.7692307692307755,0.786414196025176
2,3,65373,221,15,49.34,0.14,9.62,4.782,0.13496240601503584,0.0012032801084955781,0.03900000000000059,0.030853336115270767,0.06206451612903225,0.19685690653432278,0.7692307692307576,0.7861627312428007
2,3,65392,221,15,50.99,0.15,10.12,4.801,0.14997057862046226,0.0011888084391345384,0.0389999999999997,0.0304822676701166,0.06529032258064515,0.1654259718775863,0.769230769230775,0.7936228531194162
2,3,65412,233,0,52.2,0.17,10.62,4.821,0.16591369728669284,0.0011554874242321897,0.0389999999999997,0.029627882672620474,0.06851612903225807,0.14722911497105176,0.769230769230775,0.7936228531194162
2,3,65431,233,0,53.64,0.18,11.01,4.84,0.18092186989211925,0.0011060566827237092,0.03699999999999992,0.02989342385739761,0.07103225806451613,0.1551874455100263,0.8108108108108125,0.7891644504916733
2,3,65449,233,0,55.18,0.2,11.51,4.858,0.19511278195488468,0.0010438384843457183,0.04100000000000037,0.02545947522794412,0.07425806451612903,0.1573564122737988,0.7317073170731642,0.6479082116744532
2,3,65472,233,0,56.5,0.21,12.01,4.881,0.20748610657077207,0.0009725199844409716,0.0420000000000007,0.02315523772478465,0.07748387096774194,0.16743471582180977,0.476190476190468,0.5776086178178196
2,3,65491,233,0,57.93,0.22,12.6,4.9,0.2193723439032335,0.0008959355583162054,0.03799999999999937,0.023577251534637376,0.08129032258064516,0.16808149405772782,0.5263157894736934,0.5864489599284262
2,3,65510,224,57,59.14,0.23,13.0,4.919,0.2297711670480519,0.000817858530732634,0.03799999999999937,0.021522592914017043,0.08387096774193549,0.11884550084889879,0.5263157894736927,0.5293267493676991
2,3,65529,224,57,60.13,0.24,13.3,4.938,0.23948676037920574,0.0007418098335934023,0.03900000000000059,0.019020764963933103,0.08580645161290323,0.11414392059553144,0.5128205128205048,0.48784167777301435
2,3,65549,224,57,60.9,0.25,13.69,4.958,0.24879699248119974,0.0006708910006364004,0.03900000000000059,0.01720233334965103,0.08832258064516128,0.0976013234077733,0.5128205128205056,0.4518822138959329
2,3,65568,224,57,61.46,0.26,13.89,4.977,0.2571101667211474,0.0006076490227780944,0.0389999999999997,0.015580744173797413,0.08961290322580645,0.06617038875103473,0.5128205128205172,0.4230475855189796
2,3,65588,224,57,62.12,0.27,14.09,4.997,0.2652958483164398,0.0005539797854238557,0.0389999999999997,0.014204609882663076,0.09090322580645162,0.06617038875103437,0.2564102564102586,0.4021760085833285
2,3,65607,224,57,62.56,0.27,14.29,5.016,0.2727950310558971,0.0005110747832095814,0.0389999999999997,0.013104481620758598,0.09219354838709677,0.08271298593879288,0.2564102564102586,0.3901056990301839
2,3,65627,233,62,63.11,0.28,14.59,5.036,0.2805099705786169,0.00047941280369401794,0.0389999999999997,0.0122926359921544,0.09412903225806452,0.06451612903225852,0.2564102564102586,0.3733413802063678
2,3,65646,233,62,63.66,0.28,14.68,5.055,0.2873553448839453,0.00045879482766748934,0.04100000000000037,0.011190117747987444,0.09470967741935483,0.06136900078678147,0.48780487804877515,0.35672426027953386
2,3,65668,233,62,64.43,0.3,14.98,5.077,0.2951356652500779,0.0004484171997560189,0.04100000000000037,0.010937004872097924,0.09664516129032258,0.07867820613689958,0.48780487804877515,0.3894944147218425
2,3,65687,233,62,65.2,0.3,15.18,5.096,0.303324615887541,0.0004469756434301395,0.0389999999999997,0.01146091393410623,0.09793548387096775,0.08271298593879324,0.2564102564102586,0.4455955943370113
2,3,65707,233,62,65.86,0.31,15.48,5.116,0.3125138934292212,0.0004527910470075085,0.0389999999999997,0.01161002684634646,0.09987096774193549,0.08271298593879288,0.5128205128205172,0.47543608184340325
2,3,65726,247,10,66.41,0.32,15.68,5.135,0.3218666230794336,0.00046394718435171,0.038000000000000256,0.012209136430308075,0.10116129032258064,0.06791171477079747,0.5263157894736812,0.4982708487465692
2,3,65745,247,10,67.18,0.33,15.88,5.154,0.33144818568159096,0.0004784306229809978,0.03900000000000059,0.01226745187130745,0.10245161290322581,0.08105872622001553,0.5128205128205056,0.5132396207910918
2,3,65765,247,10,68.28,0.34,16.17,5.174,0.34188296829028647,0.0004942636361792339,0.0389999999999997,0.0126734265686984,0.1043225806451613,0.1141439205955344,0.5128205128205158,0.5363743807679715
2,3,65784,247,10,69.6,0.35,16.57,5.193,0.3523667865315417,0.0005096215537081967,0.0389999999999997,0.013067219325851299,0.10690322580645162,0.11579818031431025,0.5128205128205158,0.5557371690094779
2,3,65804,247,10,70.82,0.36,16.87,5.213,0.36355671788165594,0.0005229268404885197,0.03900000000000059,0.013408380525346455,0.10883870967741936,0.0976013234077733,0.5128205128205056,0.5490314414799388
2,3,65823,247,10,71.92,0.37,17.16,5.232,0.3737790127492596,0.0005329139667314102,0.04099999999999948,0.012997901627595536,0.11070967741935483,0.10857592446892317,0.7317073170731806,0.4910739202194249
2,3,65845,243,82,73.13,0.39,17.56,5.254,0.3836907486106521,0.0005386621187021064,0.04099999999999948,0.013138100456149103,0.11329032258064516,0.11014948859166152,0.7317073170731806,0.46994474521404134
2,3,65864,243,82,74.01,0.4,17.86,5.273,0.39304674730303507,0.0005395965169404704,0.03900000000000059,0.013835808126678518,0.1152258064516129,0.08271298593879099,0.5128205128205041,0.48239327415527355
2,3,65884,243,82,74.89,0.41,18.06,5.293,0.40250408630270806,0.0005354628457618737,0.040000000000000036,0.013386571144046832,0.11651612903225805,0.06451612903225831,0.2499999999999986,0.4561131088590988
2,3,65904,243,82,75.55,0.41,18.26,5.313,0.41129127165739904,0.0005262824408442732,0.040000000000000036,0.013157061021106817,0.11780645161290323,0.06290322580645187,0.25,0.43126838836220444
2,3,65924,243,82,76.21,0.42,18.45,5.333,0.41975482183719626,0.0005122977059493117,0.03900000000000059,0.013135838614084716,0.11903225806451613,0.0645161290322567,0.5128205128205056,0.4067861962598677
2,3,65943,243,82,76.87,0.43,18.65,5.352,0.4271559333115341,0.0004939171095426822,0.0389999999999997,0.012664541270325281,0.12032258064516128,0.06617038875103473,0.2564102564102586,0.37082673238279334
2,3,65963,255,50,77.42,0.43,18.85,5.372,0.4342170644001251,0.0004716671467474107,0.0389999999999997,0.012094029403779854,0.12161290322580647,0.06617038875103473,0.2564102564102586,0.349619869070669
2,3,65982,255,50,78.08,0.44,19.05,5.391,0.4407911082052901,0.00044615567328160213,0.038000000000000256,0.011740938770568398,0.12290322580645162,0.06791171477079709,0.2631578947368406,0.31546256946713974
2,3,66001,255,50,78.97,0.44,19.25,5.41,0.4462046420398765,0.00041804793842995023,0.04100000000000037,0.010196291181218207,0.12419354838709677,0.06294256490951945,0.24390243902438827,0.2549852893102255
2,3,66023,255,50,79.96,0.45,19.45,5.432,0.45124550506700944,0.00038805400704554317,0.04099999999999948,0.009464731879159709,0.12548387096774194,0.06294256490952081,0.4878048780487871,0.23481290713528202
2,3,66042,255,50,80.84,0.46,19.65,5.451,0.4558319712324229,0.0003569242786497,0.0389999999999997,0.009151904580761608,0.1267741935483871,0.06451612903225852,0.2564102564102586,0.24542962758065529
2,3,66062,252,22,81.72,0.46,19.84,5.471,0.4608172605426549,0.0003254485557148179,0.03900000000000059,0.00834483476191828,0.128,0.06451612903225705,0.25641025641025134,0.25196771192194034
2,3,66081,252,22,82.38,0.47,20.04,5.49,0.46565871199737874,0.0002944536133618385,0.0389999999999997,0.007550092650303609,0.12929032258064516,0.06617038875103402,0.25641025641025716,0.24584873555125292
2,3,66101,252,22,83.04,0.47,20.24,5.51,0.4704053612291537,0.00026479448919652525,0.0389999999999997,0.006789602287090443,0.1305806451612903,0.04962779156327623,0.0,0.21994786296845575
2,3,66120,252,22,83.7,0.47,20.34,5.529,0.47423667865314845,0.00023733570394183446,0.03900000000000059,0.006085530870303356,0.13122580645161291,0.0496277915632751,0.2564102564102528,0.18943680270910723
2,3,66140,252,22,84.25,0.48,20.54,5.549,0.477793396534809,0.00021292017466463165,0.0389999999999997,0.00545949165806752,0.13251612903225807,0.049627791563275514,0.2564102564102586,0.16395503809691345
2,3,66159,252,22,84.69,0.48,20.64,5.568,0.480630925138928,0.00019232540362667548,0.0389999999999997,0.00493142060581223,0.13316129032258064,0.03308519437551701,0.0,0.13000729247868792
2,3,66179,248,49,85.24,0.48,20.74,5.588,0.4828636809414778,0.00017620835304994032,0.0420000000000007,0.0041954369773794615,0.13380645161290322,0.030721966205836473,0.2380952380952343,0.12126589766340985
2,3,66201,248,49,85.57,0.49,20.84,5.61,0.4857240928407913,0.00016504209796062953,0.041999999999999815,0.003929573760967387,0.1344516129032258,0.030721966205837784,0.23809523809523936,0.11247061753763339
2,3,66221,248,49,86.01,0.49,20.94,5.63,0.4875874468780584,0.00015904876928454214,0.0389999999999997,0.0040781735713985474,0.1350967741935484,0.016542597187759217,0.0,0.07460121876597776
2,3,66240,248,49,86.34,0.49,20.94,5.649,0.48863354037266443,0.00015813434377445645,0.038000000000000256,0.004161430099327773,0.1350967741935484,0.032258064516128254,0.0,0.062025773816692234
2,3,66259,248,49,86.67,0.49,21.13,5.668,0.4899444262830927,0.0001618314641780536,0.0389999999999997,0.004149524722514227,0.13632258064516128,0.0314309346567408,0.0,0.05632811124801985
2,3,66279,231,40,86.89,0.49,21.13,5.688,0.4908303367113372,0.00016925674951891168,0.0389999999999997,0.0043399166543311015,0.13632258064516128,0.016542597187758506,0.0,0.05431639298916027
2,3,66298,231,40,87.0,0.49,21.23,5.707,0.49206276560966994,0.00017908911950763695,0.03900000000000059,0.004592028705323955,0.13696774193548386,0.016542597187758128,0.0,0.0552384305244687
2,3,66318,231,40,87.0,0.49,21.23,5.727,0.4929846355017915,0.0001895755370660268,0.03900000000000059,0.004860911206821127,0.13696774193548386,0.0,0.0,0.03679767981827529
2,3,66337,231,40,86.89,0.49,21.23,5.746,0.4934978751225827,0.00019856998552348414,0.0389999999999997,0.005091538090345786,0.13696774193548386,0.016542597187758506,0.2564102564102586,0.0364623934418
2,3,66357,231,40,86.89,0.5,21.33,5.766,0.4944066688460217,0.00020361000734597567,0.04999999999999982,0.0040722001469195275,0.13761290322580644,0.01290322580645158,0.2000000000000009,0.03177508989865807
2,3,66387,247,8,86.78,0.5,21.33,5.796,0.4950866296175156,0.0002020326009169544,0.0519999999999996,0.003885242325326076,0.13761290322580644,0.0,-0.19230769230769396,0.020494379762112047
2,3,66409,247,8,86.78,0.49,21.33,5.818,0.4954723765936515,0.0001911279911576429,0.04499999999999993,0.004247288692392071,0.13761290322580644,0.0,-0.22222222222222276,0.04162580363953345
2,3,66432,247,8,86.89,0.49,21.33,5.841,0.4969597907812946,0.00016832609871941884,0.04400000000000048,0.003825593152714023,0.13761290322580644,0.01466275659824085,0.227272727272725,0.0594371303753468
2,3,66453,247,8,87.12,0.5,21.43,5.862,0.4980876103301668,0.00013140655188555072,0.04300000000000015,0.0030559663229197736,0.13825806451612904,0.030007501875469227,0.2325581395348831,0.07009434607752803
2,3,66475,247,8,87.34,0.5,21.53,5.884,0.4999738476626283,7.871905816225321e-05,0.04300000000000015,0.0018306757712151847,0.13890322580645162,0.015003750937734291,0.0,0.09092498688581563
2,3,66496,231,35,87.56,0.5,21.53,5.905,0.5019973847662569,9.39759345473945e-06,0.04299999999999926,0.00021854868499394446,0.13890322580645162,0.0,0.0,0.0843869025445324
2,3,66518,231,35,87.67,0.5,21.53,5.927,0.5036024844720431,-7.645008689081933e-05,0.04300000000000015,-0.0017779089974609085,0.13890322580645162,0.0,0.0,0.0665212069607793
2,3,66539,231,35,87.56,0.5,21.53,5.948,0.5048577966655704,-0.00017759659602029743,0.04400000000000048,-0.0040362862731885335,0.13890322580645162,0.0,0.0,0.03239323605456368
2,3,66562,231,35,87.56,0.5,21.53,5.971,0.505027786858444,-0.0002916111478347965,0.045999999999999375,-0.006339372779017401,0.13890322580645162,0.0,0.0,-0.03006097474309666
2,3,66585,231,35,87.56,0.5,21.53,5.994,0.503474991827388,-0.00041485476786420607,0.04499999999999993,-0.009218994841426817,0.13890322580645162,0.01433691756272395,0.0,-0.08681123097599301
2,3,66607,53,237,87.45,0.5,21.63,6.016,0.5011212814645243,-0.0005425681889482519,0.04300000000000015,-0.012617864859261628,0.1395483870967742,0.015003750937734291,0.0,-0.1968267483673752
2,3,66628,53,237,87.12,0.5,21.63,6.037,0.4950114416475908,-0.0006690602606274005,0.04300000000000015,-0.015559540944823213,0.1395483870967742,-0.030007501875468582,-0.2325581395348831,-0.3975307327976067
2,3,66650,53,237,84.25,0.49,21.43,6.059,0.48402745995422713,-0.0007879954816182603,0.04300000000000015,-0.018325476316703667,0.13825806451612904,-0.09002250562640639,-0.2325581395348831,-0.5960300143685721
2,3,66671,53,237,80.29,0.49,21.03,6.08,0.4693821510297421,-0.0008927672464198402,0.04300000000000015,-0.02076202898650784,0.1356774193548387,-0.14853713428357046,-0.4651162790697662,-0.7171366231554505
2,3,66693,53,237,76.43,0.47,20.44,6.102,0.45319058515854266,-0.0009769307754560045,0.04300000000000015,-0.022719320359441887,0.1318709677419355,-0.19354838709677397,-0.9302325581395312,-0.8063130526011548
2,3,66714,16,245,73.02,0.45,19.74,6.123,0.43471068976789234,-0.0010346596387003294,0.04299999999999926,-0.02406185206279877,0.1273548387096774,-0.19354838709677796,-0.9302325581395504,-0.9090217961486157
2,3,66736,16,245,69.27,0.43,19.15,6.145,0.41410264792415286,-0.0010611847682891237,0.04300000000000015,-0.024678715541607443,0.12354838709677418,-0.20705176294073419,-1.1627906976744142,-0.9710575731543049
2,3,66757,16,245,65.97,0.4,18.36,6.166,0.3929552141222571,-0.001053175438235428,0.04600000000000026,-0.022895118222509173,0.1184516129032258,-0.22300140252454276,-1.304347826086949,-0.9405602854015771
2,3,66782,16,245,63.0,0.37,17.56,6.191,0.37083687479568006,-0.001009026786398689,0.045999999999999375,-0.021935364921710925,0.11329032258064516,-0.2510518934081377,-1.3043478260869743,-0.9421948064869179
2,3,66803,16,245,59.91,0.34,16.57,6.212,0.34961425302385946,-0.0009290268789106264,0.04300000000000015,-0.02160527625373542,0.10690322580645162,-0.25206301575393736,-1.6279069767441805,-0.9446011388430484
2,3,66825,222,76,57.49,0.3,15.88,6.234,0.33021902582542884,-0.0008153878496805902,0.04300000000000015,-0.018962508132106683,0.10245161290322581,-0.14853713428357046,-1.1627906976744156,-0.851699521807539
2,3,66846,222,76,57.71,0.29,15.58,6.255,0.31299117358613515,-0.0006721401699983609,0.04300000000000015,-0.015631166744147874,0.10051612903225807,-0.06001500375093748,-0.2325581395348831,-0.7235226590236842
2,3,66868,222,76,57.71,0.29,15.48,6.277,0.2991075514874103,-0.0005049046566732099,0.04300000000000015,-0.011741968759842049,0.09987096774193549,-0.015003750937734291,0.0,-0.5631115199525505
2,3,66889,222,76,57.82,0.29,15.48,6.298,0.2887773782281754,-0.0003205693184695768,0.04300000000000015,-0.007455100429525016,0.09987096774193549,0.0,-0.23255813953488183,-0.36126717197442026
2,3,66911,222,76,57.82,0.28,15.48,6.32,0.2835730630925102,-0.00012690384559343215,0.04300000000000015,-0.002951252223103063,0.09987096774193549,0.0,-0.23255813953488183,-0.14277351619696238
2,3,66932,234,25,58.48,0.28,15.48,6.341,0.282638117031706,6.785701059630256e-05,0.04300000000000015,0.001578070013867496,0.09987096774193549,0.0,0.23255813953488183,0.07184290351764056
2,3,66954,234,25,59.69,0.29,15.48,6.363,0.28666230794376873,0.00025543577203694136,0.04300000000000015,0.005940366791556755,0.09987096774193549,0.030007501875468582,0.23255813953488183,0.2952781346693285
2,3,66975,234,25,61.35,0.29,15.68,6.384,0.29533507682248716,0.0004279210376322347,0.04499999999999993,0.009509356391827452,0.10116129032258064,0.08458781362007162,0.44444444444444553,0.45962732919254135
2,3,66999,234,25,63.0,0.31,16.07,6.408,0.30734553775743306,0.000578147536689908,0.04499999999999993,0.012847723037553532,0.1036774193548387,0.11326164874551982,0.6666666666666683,0.6007773055827902
2,3,67020,234,25,64.43,0.32,16.47,6.429,0.3223700555737127,0.0007000341929401443,0.04299999999999926,0.01627986495209666,0.10625806451612903,0.09002250562640857,0.4651162790697759,0.7251191679907579
2,3,67042,255,50,65.75,0.33,16.67,6.451,0.3385256619810351,0.000788868384986678,0.04300000000000015,0.01834577639503896,0.10754838709677421,0.09002250562640639,0.6976744186046481,0.7438971544128145
2,3,67063,255,50,67.62,0.35,17.07,6.472,0.3543576332134638,0.0008415262928315527,0.04300000000000015,0.019570378903059297,0.11012903225806452,0.14853713428357013,0.9302325581395312,0.7599382683199283
2,3,67085,255,50,70.16,0.37,17.66,6.494,0.37120300751879215,0.0008566206127394551,0.04299999999999926,0.019921409598592323,0.11393548387096775,0.17854463615904304,0.9302325581395517,0.7991667743676726
2,3,67106,255,50,72.58,0.39,18.26,6.515,0.38872180451127314,0.0008345675200621479,0.04300000000000015,0.019408546978189417,0.11780645161290323,0.16354088522130475,0.9302325581395312,0.8363426260291651
2,3,67128,255,50,74.89,0.41,18.75,6.537,0.4071657404380464,0.0007775656632584607,0.04300000000000015,0.01808292240135949,0.12096774193548387,0.1335333833458355,0.9302325581395312,0.8375590138135901
2,3,67149,255,8,76.87,0.43,19.15,6.558,0.42473684210525764,0.0006894828203140228,0.04300000000000015,0.01603448419334931,0.12354838709677418,0.12003000750187497,0.6976744186046494,0.7444293240684994
2,3,67171,255,8,78.64,0.44,19.55,6.58,0.43917620137299196,0.0005756507599746108,0.04600000000000026,0.012514146955969729,0.12612903225806452,0.11079943899018194,0.43478260869565005,0.5344173287661389
2,3,67195,255,8,80.29,0.45,19.94,6.604,0.44932003922850017,0.00044257443990917625,0.04600000000000026,0.009621183476286385,0.12864516129032258,0.09677419354838626,0.43478260869565005,0.34268089884445924
2,3,67217,255,8,81.61,0.46,20.24,6.626,0.4549395227198372,0.000297566868279393,0.041999999999999815,0.0070849254352236745,0.1305806451612903,0.07680491551459347,0.23809523809523936,0.17668394588956873
2,3,67237,255,8,82.71,0.46,20.44,6.646,0.456740764955862,0.00014832591931338257,0.041999999999999815,0.003531569507461505,0.1318709677419355,0.06144393241167491,0.23809523809523803,-0.013387506032160303
2,3,67259,53,255,83.7,0.47,20.64,6.668,0.45437724746648644,2.474773158805732e-06,0.04300000000000015,5.755286415827264e-05,0.13316129032258064,0.045011252813202875,0.23255813953488183,-0.20108410561286524
2,3,67280,53,255,83.59,0.47,20.74,6.689,0.4480941484145088,-0.00013290632565716008,0.04300000000000015,-0.003090844782724642,0.13380645161290322,-0.015003750937734291,-0.23255813953488183,-0.36894561986360785
2,3,67302,53,255,79.41,0.46,20.54,6.711,0.43851258581235125,-0.0002517229631014679,0.04300000000000015,-0.005854022397708536,0.13251612903225807,-0.12003000750187497,-0.46511627906976494,-0.49917513703367883
2,3,67323,53,255,74.89,0.45,19.94,6.732,0.4266296175220605,-0.00034924456212671016,0.04299999999999926,-0.008121966561086422,0.12864516129032258,-0.22355588897224685,-0.9302325581395517,-0.5692694831112186
2,3,67345,53,255,69.94,0.42,19.05,6.754,0.4140339980385693,-0.0004223758882534554,0.043999999999999595,-0.009599452005760439,0.12290322580645162,-0.2756598240469236,-1.5909090909091057,-0.5970459746203438
2,3,67367,227,20,65.09,0.38,18.06,6.776,0.40035959463876564,-0.00046978569884604225,0.04600000000000026,-0.010212732583609555,0.11651612903225805,-0.208976157082748,-1.304347826086949,-0.5624173856190454
2,3,67391,227,20,65.09,0.36,17.56,6.8,0.38816279830009304,-0.000491871565823022,0.04499999999999993,-0.010930479240511616,0.11329032258064516,-0.07168458781362005,-0.44444444444444553,-0.5111329047255773
2,3,67412,227,20,65.42,0.36,17.56,6.821,0.3773586139261147,-0.0004905639196021631,0.04300000000000015,-0.011408463246561895,0.11329032258064516,0.0,-0.2325581395348831,-0.4453499775728434
2,3,67434,227,20,65.2,0.35,17.56,6.843,0.3690127492644607,-0.0004689982529269088,0.04400000000000048,-0.010659051202884174,0.11329032258064516,0.0,-0.227272727272725,-0.31828583315996706
2,3,67456,227,20,65.31,0.35,17.56,6.865,0.363354037267076,-0.0004311034666250464,0.04300000000000015,-0.010025662014535927,0.11329032258064516,0.0,0.0,-0.2018443479781328
2,3,67477,237,28,65.53,0.35,17.56,6.886,0.36033344230140096,-0.00038116141447895304,0.04300000000000015,-0.00886421894137097,0.11329032258064516,-0.015003750937733968,0.0,-0.07876110904156187
2,3,67499,237,28,66.3,0.35,17.46,6.908,0.3599673095782888,-0.00032338898994456147,0.04300000000000015,-0.007520674184757217,0.11264516129032259,0.015003750937734614,0.2325581395348831,0.020602568098710177
2,3,67520,237,28,67.4,0.36,17.66,6.929,0.3612193527296455,-0.0002615845224408986,0.04299999999999926,-0.006083360986997746,0.11393548387096775,0.045011252813204124,0.4651162790697759,0.0847670237271662
2,3,67542,237,28,68.5,0.37,17.76,6.951,0.3636122915985569,-0.00019886898449268032,0.04300000000000015,-0.004624860104480922,0.11458064516129034,0.045011252813203194,0.2325581395348831,0.13897230437063104
2,3,67563,237,28,69.71,0.37,17.96,6.972,0.36719516181758266,-0.00013754089545111724,0.04500000000000082,-0.0030564643433581055,0.11587096774193549,0.05734767025089467,0.44444444444443676,0.13352221132541103
2,3,67587,15,232,70.82,0.39,18.16,6.996,0.3696207911082005,-7.905142100811701e-05,0.04499999999999993,-0.0017566982446248253,0.11716129032258064,0.04301075268817216,0.44444444444444553,0.05186880244088355
2,3,67608,15,232,70.71,0.39,18.26,7.017,0.3695292579274224,-2.409276593164833e-05,0.04299999999999926,-0.0005602968821313661,0.11780645161290323,0.015003750937734924,0.0,-0.056257935029687844
2,3,67630,15,232,69.94,0.39,18.26,7.039,0.367201699901924,2.7220602862609413e-05,0.04299999999999926,0.0006330372758746484,0.11780645161290323,-0.03000750187546985,-0.23255813953488794,-0.10681405231987924
2,3,67651,15,232,68.06,0.38,18.06,7.06,0.3649362536776677,7.511026185640546e-05,0.04300000000000015,0.0017467502757303535,0.11651612903225805,-0.06001500375093781,-0.4651162790697662,-0.1322061473197648
2,3,67673,15,232,66.08,0.37,17.86,7.082,0.36151683556717407,0.00011987195579454734,0.04300000000000015,0.0027877199021987655,0.1152258064516129,-0.09002250562640575,-0.6976744186046494,-0.1484753339364574
2,3,67694,242,59,64.21,0.35,17.46,7.103,0.3585518143184,0.00016163572381067582,0.04300000000000015,0.0037589703211784943,0.11264516129032259,-0.07501875468867178,-0.6976744186046481,-0.12467974790362842
2,3,67716,242,59,64.1,0.34,17.36,7.125,0.356155606407318,0.00020018512311655457,0.04300000000000015,0.004655467979454741,0.112,-0.015003750937734614,-0.23255813953488183,-0.08332256323315687
2,3,67737,242,59,63.99,0.34,17.36,7.146,0.35496894409937424,0.0002348615098290381,0.04300000000000015,0.005461895577419471,0.112,-0.015003750937734291,0.0,-0.012163877844256335
2,3,67759,242,59,63.99,0.34,17.26,7.168,0.355632559660015,0.0002645648785282191,0.04499999999999993,0.005879219522849323,0.11135483870967743,-0.01433691756272395,0.0,0.060731538992409115
2,3,67782,242,59,65.09,0.34,17.26,7.191,0.35770186335403265,0.000287848256836007,0.04499999999999993,0.006396627929689054,0.11135483870967743,0.01433691756272395,0.22222222222222154,0.12574915549743704
2,3,67804,246,38,66.85,0.35,17.36,7.213,0.36129127165739966,0.0003030901736225573,0.04300000000000015,0.007048608688896657,0.112,0.06001500375093748,0.46511627906976494,0.2519443198491619
2,3,67825,246,38,68.61,0.36,17.66,7.234,0.36853546910754664,0.00030871980074935126,0.04300000000000015,0.007179530249984888,0.11393548387096775,0.10502625656414036,0.6976744186046494,0.3719105650881441
2,3,67847,246,38,70.49,0.38,18.06,7.256,0.3772834259561899,0.0003034624012795497,0.04300000000000015,0.007057265146036015,0.11651612903225805,0.11852963240810155,0.6976744186046494,0.4518120376776047
2,3,67868,246,38,72.25,0.39,18.45,7.277,0.3879633867276837,0.00028656991100995554,0.04300000000000015,0.006664416535115222,0.11903225806451613,0.10352588147036758,0.6976744186046481,0.523426868485664
2,3,67890,246,38,73.9,0.41,18.75,7.299,0.39979078130107354,0.0002580039378740189,0.04300000000000015,0.006000091578465534,0.12096774193548387,0.09002250562640639,0.6976744186046481,0.564327907736978
2,3,67911,231,23,75.22,0.42,19.05,7.32,0.41222948676037385,0.00021854576157140926,0.04299999999999926,0.0050824595714282095,0.12290322580645162,0.07501875468867332,0.4651162790697759,0.5268479591293737
2,3,67933,231,23,76.1,0.43,19.25,7.342,0.4224452435436362,0.00016981805007787188,0.04300000000000015,0.003949256978555147,0.12419354838709677,0.06001500375093748,0.2325581395348831,0.3865072185012504
2,3,67954,231,23,76.76,0.43,19.45,7.363,0.4288492971559277,0.00011421365632297409,0.04600000000000026,0.002482905572238553,0.12548387096774194,0.0420757363253855,0.0,0.1948633398240354
2,3,67979,231,23,77.09,0.43,19.55,7.388,0.4314089571755419,5.473652226243431e-05,0.045999999999999375,0.0011899243970094576,0.12612903225806452,0.028050490883590674,0.21739130434782925,0.0459087226573069
2,3,68000,231,23,77.53,0.44,19.65,7.409,0.43096109839816377,-5.23210623244097e-06,0.04300000000000015,-0.00012167688912653376,0.1267741935483871,0.015003750937734291,0.2325581395348831,-0.07929327869724684
2,3,68022,54,243,77.86,0.44,19.65,7.431,0.42799934619156027,-6.222223252654401e-05,0.04300000000000015,-0.0014470286634079954,0.1267741935483871,0.013503375843960538,-0.2325581395348831,-0.19697879684043026
2,3,68043,54,243,77.64,0.43,19.74,7.452,0.42249101013402524,-0.00011299304382623987,0.04300000000000015,-0.0026277452052613833,0.1273548387096774,0.0,-0.2325581395348831,-0.3074420125135823
2,3,68065,54,243,75.33,0.43,19.65,7.474,0.4147793396534762,-0.00015485037153032267,0.04300000000000015,-0.003601171430937724,0.1267741935483871,-0.07351837959489803,-0.2325581395348831,-0.39319735131559297
2,3,68086,54,243,72.14,0.42,19.25,7.495,0.4055835240274547,-0.00018593037366026978,0.04300000000000015,-0.004323962178145794,0.12419354838709677,-0.13503375843960927,-0.6976744186046481,-0.45774192812667847
2,3,68108,54,243,68.83,0.4,18.75,7.517,0.39509643674402894,-0.00020541475307224745,0.04300000000000015,-0.004777087280749924,0.12096774193548387,-0.19354838709677333,-1.1627906976744142,-0.4793328113002349
2,3,68129,220,77,65.64,0.37,17.96,7.538,0.3849722131415445,-0.00021364588177931766,0.04299999999999926,-0.004968508878588868,0.11587096774193549,-0.1635408852213081,-1.1627906976744395,-0.4442096140249551
2,3,68151,220,77,65.42,0.35,17.66,7.56,0.3759954233409562,-0.00021212010037117323,0.04300000000000015,-0.004933025590027267,0.11393548387096775,-0.045011252813203194,-0.4651162790697662,-0.36681694124086156
2,3,68172,220,77,65.31,0.35,17.66,7.581,0.3691990846681874,-0.00020335408595843063,0.04500000000000082,-0.004518979687965043,0.11393548387096775,0.0,0.22222222222221838,-0.2692964294794882
2,3,68196,220,77,65.31,0.36,17.66,7.605,0.363877084014379,-0.00019063845628542353,0.04499999999999993,-0.004236410139676085,0.11393548387096775,0.0,0.22222222222222276,-0.20631288365841946
2,3,68217,220,77,65.31,0.36,17.66,7.626,0.35991500490355854,-0.00017770852982049236,0.04299999999999926,-0.004132756507453382,0.11393548387096775,0.0,-0.23255813953488794,-0.12057443913119592
2,3,68239,236,70,65.31,0.35,17.66,7.648,0.3586923831317377,-0.00016837028630976291,0.04299999999999926,-0.003915588053715484,0.11393548387096775,0.0,-0.23255813953488794,-0.013760386811315386
2,3,68260,236,70,65.53,0.35,17.66,7.669,0.359323308270672,-0.00016612039778964415,0.04300000000000015,-0.003863265064875432,0.11393548387096775,0.0,0.0,0.04538646920638416
2,3,68282,236,70,66.63,0.35,17.66,7.691,0.3606440013076122,-0.00017379583781392682,0.04300000000000015,-0.004041763670091307,0.11393548387096775,0.0,0.2325581395348831,0.07214700046374681
2,3,68303,236,70,67.62,0.36,17.66,7.712,0.3624256292906131,-0.0001932838019008365,0.04300000000000015,-0.00449497213722874,0.11393548387096775,0.030007501875468582,0.4651162790697662,0.0890243809726519
2,3,68325,236,70,68.83,0.37,17.86,7.734,0.36447204968943625,-0.00022531751393250232,0.04300000000000015,-0.00523994218447678,0.1152258064516129,0.060015003750937164,0.4651162790697662,0.05557371690094795
2,3,68346,35,237,69.83,0.38,18.06,7.755,0.3648152991173539,-0.0002693775125179876,0.04300000000000015,-0.006264593314371783,0.11651612903225805,0.030007501875468582,0.2325581395348831,-0.04417008142195659
2,3,68368,35,237,69.71,0.38,18.06,7.777,0.3625727361882921,-0.00032371008843457363,0.04499999999999993,-0.0071935575207683145,0.11651612903225805,0.014336917562724259,-0.22222222222222276,-0.17747266717518279
2,3,68391,35,237,68.5,0.37,18.16,7.8,0.3568290290944707,-0.00038546399903839303,0.04499999999999993,-0.008565866645297637,0.11716129032258064,-0.0286738351254479,-0.44444444444444553,-0.2939958592132479
2,3,68413,35,237,66.41,0.36,17.86,7.822,0.349342922523696,-0.0004509342044274085,0.04300000000000015,-0.010486841963428068,0.1152258064516129,-0.07501875468867178,-0.4651162790697662,-0.3722906862707779
2,3,68434,35,237,64.32,0.35,17.66,7.843,0.34082052958482717,-0.0005158893166262893,0.04300000000000015,-0.011997425968053197,0.11393548387096775,-0.10502625656414068,-0.6976744186046481,-0.4357709237704908
2,3,68456,23,233,62.34,0.33,17.16,7.865,0.3306047728015648,-0.000575950157098557,0.04300000000000015,-0.013394189699966396,0.11070967741935483,-0.14853713428357013,-0.9302325581395312,-0.562275253350758
2,3,68477,23,233,60.46,0.31,16.67,7.886,0.3166426936907445,-0.0006269819792307664,0.04300000000000015,-0.014580976261180564,0.10754838709677421,-0.14853713428357013,-0.9302325581395324,-0.6960779096375803
2,3,68499,23,233,58.7,0.29,16.17,7.908,0.30067342268714875,-0.0006654631159360616,0.04300000000000015,-0.015475886417117658,0.1043225806451613,-0.13353338334583648,-0.6976744186046481,-0.8082136585143211
2,3,68520,23,233,57.27,0.28,15.78,7.929,0.28188950637462856,-0.0006887974475066798,0.04299999999999926,-0.016018545290853295,0.10180645161290322,-0.11852963240810399,-0.6976744186046625,-0.9087176992025094
2,3,68542,23,233,55.84,0.26,15.38,7.951,0.2615985616214415,-0.0006955454297655574,0.04300000000000015,-0.01617547511082686,0.09922580645161291,-0.12003000750187497,-0.6976744186046494,-0.9541801926454004
2,3,68563,55,255,54.63,0.25,14.98,7.972,0.2408597580908762,-0.0006855562237383097,0.04500000000000082,-0.015234582749739939,0.09664516129032258,-0.12759856630824157,-0.6666666666666545,-0.8646979768260964
2,3,68587,55,255,52.87,0.23,14.49,7.996,0.22268715266426647,-0.0006599900849624057,0.04600000000000026,-0.014347610542660911,0.09348387096774194,-0.13884992987377207,-0.6521739130434745,-0.7154938385661557
2,3,68609,55,255,51.1,0.22,13.99,8.018,0.20794704151683285,-0.000621225490252991,0.04299999999999926,-0.01444710442448841,0.09025806451612903,-0.16504126031508157,-0.6976744186046632,-0.6015797836350251
2,3,68630,55,255,49.23,0.2,13.39,8.039,0.19681922196796084,-0.0005726507672124299,0.04299999999999926,-0.013317459702614878,0.08638709677419355,-0.17854463615904273,-0.9302325581395511,-0.4373674327375586
2,3,68652,55,255,47.58,0.18,12.8,8.061,0.18914024190911816,-0.0005183469444576758,0.04300000000000104,-0.01205458010366659,0.08258064516129032,-0.19354838709676964,-0.9302325581395127,-0.2677573610466921
2,3,68673,245,30,45.93,0.16,12.1,8.082,0.1853056554429528,-0.0004626784245297166,0.04299999999999926,-0.010759963361156385,0.07806451612903226,-0.13353338334583859,-0.4651162790697752,-0.12095456031382841
2,3,68695,245,30,46.26,0.16,11.91,8.104,0.18393919581562362,-0.0004098211593998222,0.04299999999999926,-0.009530724637205331,0.07683870967741936,-0.02850712678169574,-0.23255813953488794,-0.038164166736356094
2,3,68716,245,30,46.37,0.15,11.91,8.125,0.18366459627328952,-0.00036327286246514665,0.04800000000000004,-0.007568184634690549,0.07683870967741936,0.0,0.0,0.0007491554974391184
2,3,68743,245,30,49.23,0.16,11.91,8.152,0.1839751552795007,-0.0003254029307341071,0.04800000000000004,-0.0067792277236272255,0.07683870967741936,0.10618279569892429,0.6249999999999994,0.0443363844393595
2,3,68764,245,30,52.76,0.18,12.7,8.173,0.18579274272637877,-0.0002971065195418223,0.04600000000000115,-0.006458837381343802,0.08193548387096773,0.24964936886394856,1.086956521739103,0.056852907315545896
2,3,68789,28,255,56.72,0.21,13.69,8.198,0.18659038901601588,-0.00027762341252835475,0.045999999999999375,-0.006035291576703446,0.08832258064516128,0.1949509116409567,0.8695652173913163,0.027147263243173715
2,3,68810,28,255,56.72,0.22,14.09,8.219,0.18704151683556475,-0.00026456530964153303,0.04299999999999926,-0.0061526816195706414,0.09090322580645162,0.06001500375093905,0.23255813953488794,0.006842181287395218
2,3,68832,28,255,55.84,0.22,14.09,8.241,0.18688460281137387,-0.0002541653765391736,0.04300000000000104,-0.005910822710213197,0.09090322580645162,-0.030007501875468284,-0.2325581395348783,-0.054281304879993664
2,3,68853,28,255,54.19,0.21,13.89,8.262,0.18470742072572496,-0.0002417271762042592,0.04300000000000104,-0.005621562237308218,0.08961290322580645,-0.09002250562640453,-0.465116279069756,-0.16740536883157783
2,3,68875,28,255,51.98,0.2,13.49,8.284,0.17968617195161585,-0.00022221657487353676,0.04299999999999926,-0.005167827322640478,0.08703225806451613,-0.13353338334583859,-0.6976744186046632,-0.30166417053756917
2,3,68896,69,242,49.89,0.18,13.0,8.305,0.1717358613926097,-0.0001909186957708595,0.04299999999999926,-0.004439969669089832,0.08387096774193549,-0.1485371342835735,-0.9302325581395511,-0.3974547085610912
2,3,68918,69,242,48.13,0.16,12.5,8.327,0.16259561948348922,-0.0001440754089756311,0.04300000000000104,-0.003350590906409945,0.08064516129032258,-0.14853713428356738,-0.6976744186046343,-0.41539642838135205
2,3,68939,69,242,46.7,0.15,12.01,8.348,0.15387381497221114,-7.942499158443361e-05,0.04299999999999926,-0.0018470928275449994,0.07748387096774194,-0.1485371342835735,-0.4651162790697752,-0.3940336179173936
2,3,68961,69,242,45.27,0.14,11.51,8.37,0.14565217391304158,3.4194575279737904e-06,0.04499999999999993,7.598794506608435e-05,0.07425806451612903,-0.1290322580645165,-0.6666666666666677,-0.32145581344665636
2,3,68984,69,242,43.95,0.12,11.11,8.393,0.13940830336711163,0.00010279595967215548,0.04499999999999993,0.0022843546593812364,0.0716774193548387,-0.11326164874551982,-0.44444444444444553,-0.20551378446115046
2,3,69006,255,32,42.84,0.12,10.72,8.415,0.13640405361228983,0.00021504383075976284,0.04299999999999926,0.0050010193199945705,0.06916129032258064,-0.08852213053263479,0.0,-0.026304385838205758
2,3,69027,255,32,43.06,0.12,10.52,8.436,0.1382772147760688,0.0003347733939276285,0.04300000000000104,0.007785427765758614,0.06787096774193548,-0.030007501875468284,-0.232558139534878,0.18519504017880195
2,3,69049,255,32,43.72,0.11,10.52,8.458,0.1443674403399785,0.00045532594316871134,0.04299999999999926,0.010588975422528353,0.06787096774193548,0.04351087771943099,0.23255813953488794,0.37099827424983234
2,3,69070,255,32,47.36,0.13,10.81,8.479,0.15423014056881132,0.000569371778729245,0.04299999999999926,0.013241204156494296,0.06974193548387098,0.22355588897224715,1.1627906976744387,0.5273801287850587
2,3,69092,255,32,51.98,0.16,12.01,8.501,0.16704478587773564,0.000669575834629807,0.04300000000000104,0.015571531037902113,0.07748387096774194,0.3735933983495784,1.627906976744147,0.6570774762994201
2,3,69113,211,26,56.72,0.2,13.3,8.522,0.18248447204968707,0.0007492512068758028,0.04300000000000104,0.017424446671529877,0.08580645161290323,0.3270817704426027,1.3953488372092686,0.7620669469426575
2,3,69135,211,26,59.47,0.22,14.19,8.544,0.1998136645962707,0.0008029255935819357,0.04299999999999926,0.018672688222836034,0.0915483870967742,0.20705176294073846,0.9302325581395504,0.8363426260291811
2,3,69156,211,26,61.01,0.24,14.68,8.565,0.21844720496894124,0.0008267655426892855,0.04499999999999993,0.018372567615317484,0.09470967741935483,0.11326164874551982,0.6666666666666677,0.830990519777695
2,3,69180,211,26,62.01,0.25,14.98,8.589,0.23720823798626692,0.0008188327691929676,0.04499999999999993,0.018196283759843754,0.09664516129032258,0.08602150537634431,0.44444444444444553,0.8298281936725778
2,3,69201,211,26,62.67,0.26,15.28,8.61,0.2557894736842072,0.0007791750879369718,0.04299999999999926,0.01812035088225547,0.09858064516129032,0.07501875468867365,0.4651162790697759,0.810950531029296
2,3,69223,223,53,63.44,0.27,15.48,8.632,0.27207911082052605,0.0007097731178372619,0.04300000000000104,0.016506351577610344,0.09987096774193549,0.06001500375093625,0.4651162790697566,0.7224583197122993
2,3,69244,223,53,64.1,0.28,15.68,8.653,0.2868551814318368,0.0006143708509326391,0.04300000000000104,0.014287694207735447,0.10116129032258064,0.07351837959489683,0.46511627906975533,0.6246911515390882
2,3,69266,223,53,64.98,0.29,15.97,8.675,0.2989408303367075,0.0004982167211762612,0.04299999999999926,0.01158643537619232,0.10303225806451613,0.08852213053263479,0.46511627906977454,0.4397241840698811
2,3,69287,223,53,65.86,0.3,16.27,8.696,0.30576332134684137,0.0003677366288782959,0.04299999999999926,0.008552014625076796,0.10496774193548387,0.07501875468867332,0.4651162790697759,0.24502611432524818
2,3,69309,223,53,66.63,0.31,16.47,8.718,0.309476953252693,0.0002301552434628782,0.04300000000000104,0.005352447522392387,0.10625806451612903,0.06001500375093657,0.4651162790697566,0.10156837999954121
2,3,69330,0,230,67.4,0.32,16.67,8.739,0.31013076168682174,9.307910966410659e-05,0.04299999999999926,0.002164630457304842,0.10754838709677421,0.045011252813204124,0.23255813953488794,-0.020602568098710604
2,3,69352,0,230,67.18,0.32,16.77,8.761,0.30859104282444844,-3.594466421667874e-05,0.045999999999999375,-0.0007814057438408528,0.10819354838709677,0.014025245441795035,-0.21739130434782925,-0.12472106542348389
2,3,69376,0,230,66.63,0.31,16.77,8.785,0.30439359267734156,-0.00014987764266364677,0.04499999999999993,-0.003330614281414378,0.10819354838709677,-0.0286738351254479,-0.22222222222222276,-0.22963205114234564
2,3,69397,0,230,64.98,0.31,16.57,8.806,0.2982576005230429,-0.00024262679756099104,0.04299999999999926,-0.0056424836642091905,0.10690322580645162,-0.045011252813204124,-0.23255813953488794,-0.3332142286961094
2,3,69419,0,230,63.33,0.3,16.47,8.828,0.2900653808434091,-0.0003094445509774957,0.04300000000000104,-0.007196384906453215,0.10625806451612903,-0.06001500375093625,-0.4651162790697566,-0.4438294928423017
2,3,69440,30,238,61.79,0.29,16.17,8.849,0.27917293233082346,-0.000347265539574634,0.04300000000000104,-0.008075942780805248,0.1043225806451613,-0.0885221305326308,-0.6976744186046336,-0.5431931699825704
2,3,69462,30,238,60.13,0.27,15.88,8.871,0.266708074534158,-0.0003549531524679423,0.04299999999999926,-0.008254724475998801,0.10245161290322581,-0.11852963240810399,-0.9302325581395504,-0.5908603662847755
2,3,69483,30,238,58.48,0.25,15.38,8.892,0.25376593658057855,-0.0003334307896988573,0.04299999999999926,-0.007754204411601466,0.09922580645161291,-0.13503375843961238,-0.6976744186046637,-0.588351566479396
2,3,69505,30,238,56.83,0.24,14.98,8.914,0.24140895717554442,-0.0002856772838346995,0.04300000000000104,-0.006643657763597502,0.09664516129032258,-0.1335333833458334,-0.6976744186046343,-0.5371872552969686
2,3,69526,30,238,55.4,0.22,14.49,8.935,0.23066688460280835,-0.00021657363537399023,0.04300000000000104,-0.005036596171488023,0.09348387096774194,-0.11852963240809909,-0.6976744186046343,-0.4258877730220238
2,3,69548,237,38,53.97,0.21,14.19,8.957,0.22309578293559695,-0.00013259935848214965,0.04299999999999926,-0.0030837060112128356,0.0915483870967742,-0.060015003750938725,-0.23255813953488794,-0.2631959068551068
2,3,69569,237,38,54.08,0.21,14.09,8.978,0.21934946060803895,-4.1390450186263195e-05,0.045999999999999375,-0.00089979239535356,0.09090322580645162,-0.028050490883590976,0.0,-0.06083261082763547
2,3,69594,237,38,54.08,0.21,13.99,9.003,0.22029748283752576,4.8814681795001035e-05,0.045999999999999375,0.00106118873467395,0.09025806451612903,-0.014025245441795639,0.0,0.1283454382648508
2,3,69615,237,38,54.52,0.21,13.99,9.024,0.225253350768222,0.00012980234358245645,0.04299999999999926,0.0030186591530804345,0.09025806451612903,0.015003750937734924,0.0,0.3215064962710116
2,3,69637,237,38,56.39,0.21,14.09,9.046,0.23412226217717902,0.0001940352475162719,0.04300000000000104,0.004512447616657377,0.09090322580645162,0.07501875468867054,0.4651162790697566,0.4688414666595526
2,3,69658,242,75,58.7,0.23,14.49,9.067,0.24541353383458325,0.00023527434903980194,0.04300000000000104,0.005471496489297588,0.09348387096774194,0.13353338334583306,0.9302325581395127,0.5736028645932113
2,3,69680,242,75,61.01,0.25,14.98,9.089,0.2587871853546877,0.00024911429940436316,0.04299999999999926,0.005793355800101568,0.09664516129032258,0.1635408852213081,0.9302325581395511,0.5961060386051106
2,3,69701,242,75,63.33,0.27,15.58,9.11,0.27104609349460257,0.00023337881938140904,0.04299999999999926,0.005427414404218908,0.10051612903225807,0.17854463615904304,0.9302325581395504,0.5501113755065143
2,3,69723,242,75,65.42,0.29,16.17,9.132,0.2824419745014674,0.0001883314744254534,0.04300000000000104,0.004379801730824392,0.1043225806451613,0.16354088522130167,0.930232558139512,0.4826018534708674
2,3,69744,242,75,67.29,0.31,16.67,9.153,0.29179797319385037,0.00011667313759373954,0.04300000000000104,0.0027133287812496913,0.10754838709677421,0.13503375843960647,0.697674418604635,0.34811497905531047
2,3,69766,56,247,69.05,0.32,17.07,9.175,0.2974109186008461,2.33183961244805e-05,0.04499999999999993,0.000518186580544012,0.11012903225806452,0.07025089605734736,0.44444444444444553,0.1484871599288071
2,3,69789,56,247,68.72,0.33,17.16,9.198,0.2984798953906467,-8.503344840650939e-05,0.04499999999999993,-0.0018896321868113227,0.11070967741935483,0.012903225806451556,0.0,-0.056009589190367026
2,3,69811,56,247,66.96,0.32,17.16,9.22,0.2948904870872796,-0.00020049453109326622,0.04299999999999926,-0.0046626635137969686,0.11070967741935483,-0.043510877719430345,-0.6976744186046637,-0.26996206390597516
2,3,69832,56,247,64.43,0.3,16.87,9.241,0.28687152664268994,-0.0003146947192158169,0.04299999999999926,-0.007318481842228426,0.10883870967741936,-0.13353338334583859,-0.9302325581395504,-0.4836661927822612
2,3,69854,56,247,61.57,0.28,16.27,9.263,0.27409284079764273,-0.00041952861419968635,0.04300000000000104,-0.00975647939999247,0.10496774193548387,-0.17854463615903565,-0.930232558139512,-0.6925047705208159
2,3,69875,13,255,58.92,0.26,15.68,9.284,0.25709382151029414,-0.0005078693431208113,0.04299999999999926,-0.01181091495629814,0.10116129032258064,-0.19354838709677763,-1.1627906976744389,-0.8350502140082299
2,3,69897,13,255,56.28,0.23,14.98,9.306,0.23818568159528947,-0.0005741793325537561,0.04299999999999926,-0.01335300773380851,0.09664516129032258,-0.20855213803451225,-0.9302325581395511,-0.8823372891277768
2,3,69918,13,255,53.64,0.22,14.29,9.327,0.2191533180778004,-0.0006149602475710835,0.04300000000000104,-0.014301401106303924,0.09219354838709677,-0.20855213803450362,-0.9302325581395127,-0.8660681025110474
2,3,69940,13,255,51.1,0.19,13.59,9.349,0.20094475318731353,-0.0006290020501478875,0.04299999999999926,-0.014627954654602286,0.0876774193548387,-0.20855213803451225,-1.1627906976744384,-0.8041843739784283
2,3,69961,13,255,48.9,0.17,12.9,9.37,0.18457338999672857,-0.0006174120493579806,0.04499999999999993,-0.013720267763510702,0.0832258064516129,-0.19928315412186415,-0.8888888888888905,-0.6628164614434561
2,3,69985,232,63,46.7,0.15,12.2,9.394,0.17111801242235805,-0.0005834268060440202,0.04499999999999993,-0.012965040134311582,0.07870967741935483,-0.14193548387096772,-0.6666666666666677,-0.5278413424866453
2,3,70006,232,63,46.81,0.14,11.91,9.415,0.16082052958482956,-0.0005320314532069546,0.04299999999999926,-0.012372824493185202,0.07683870967741936,-0.043510877719430345,-0.23255813953488727,-0.3731269528725774
2,3,70028,232,63,46.92,0.14,11.91,9.437,0.1550735534488375,-0.00046943080273655194,0.04300000000000104,-0.010916995412477688,0.07683870967741936,0.0,0.0,-0.17751659228961583
2,3,70049,232,63,47.58,0.14,11.91,9.458,0.1531873161163759,-0.00040243183740251,0.04300000000000104,-0.009358879939593029,0.07683870967741936,0.01500375093773398,0.23255813953487767,-0.04219345127226446
2,3,70071,232,63,49.56,0.15,12.01,9.48,0.15325923504413008,-0.00033780476615656596,0.04299999999999926,-0.007855924794338878,0.07748387096774194,0.08852213053263447,0.4651162790697752,0.03786006979024919
2,3,70092,36,221,51.98,0.16,12.5,9.501,0.1548152991173566,-0.000281688222075168,0.04299999999999926,-0.006550888885469135,0.08064516129032258,0.10352588147036906,0.4651162790697759,0.09510631989478269
2,3,70114,36,221,52.09,0.17,12.7,9.523,0.15734880679960567,-0.0002390941753662954,0.04300000000000104,-0.0055603296596811545,0.08193548387096773,0.01500375093773398,0.2325581395348783,0.10704212502945612
2,3,70135,36,221,51.87,0.17,12.6,9.544,0.1594181104936233,-0.0002135519238263459,0.04300000000000104,-0.0049663238099149016,0.08129032258064516,0.0,0.0,0.10536959182587051
2,3,70157,36,221,51.76,0.17,12.7,9.566,0.1618796992481182,-0.00020691127939988262,0.04499999999999993,-0.00459802843110851,0.08193548387096773,0.01433691756272395,0.0,0.059787149031999214
2,3,70180,36,221,51.65,0.17,12.7,9.589,0.16210853220006327,-0.000219306722863573,0.04499999999999993,-0.00487348273030163,0.08193548387096773,-0.01433691756272395,0.0,-0.022592713668227928
2,3,70202,0,255,51.54,0.17,12.6,9.611,0.16086302713304795,-0.00024926986429036366,0.04299999999999926,-0.005796973588148091,0.08129032258064516,-0.015003750937734602,0.0,-0.1223229965713072
2,3,70223,0,255,50.77,0.17,12.6,9.632,0.15684864334749715,-0.00029396746577386247,0.04299999999999926,-0.006836452692415524,0.08129032258064516,-0.015003750937734602,-0.23255813953488794,-0.22776861263370896
2,3,70245,0,255,49.12,0.16,12.5,9.654,0.15106897678979864,-0.0003495352127075648,0.04300000000000104,-0.008128725876919917,0.08064516129032258,-0.0885221305326308,-0.6976744186046343,-0.3125356363608603
2,3,70266,0,255,47.47,0.14,12.01,9.675,0.14340961098397983,-0.0004114722577279526,0.04299999999999926,-0.009569122272743247,0.07748387096774194,-0.13353338334583892,-0.6976744186046632,-0.38164166736355704
2,3,70288,0,255,45.82,0.13,11.61,9.697,0.13465838509316597,-0.0004750584870678534,0.04299999999999926,-0.01104787179227585,0.0749032258064516,-0.12003000750187745,-0.4651162790697759,-0.4263439184412008
2,3,70309,14,255,44.28,0.12,11.21,9.718,0.12507682249100852,-0.0005357566665179085,0.04300000000000104,-0.012459457360881294,0.0723225806451613,-0.13353338334583306,-0.46511627906975633,-0.45013950447400974
2,3,70331,14,255,42.84,0.11,10.72,9.74,0.11530238640078308,-0.000589566007390669,0.04299999999999926,-0.013710837381178585,0.06916129032258064,-0.13353338334583892,-0.4651162790697752,-0.4435253958962135
2,3,70352,14,255,41.41,0.1,10.32,9.761,0.10600523046747166,-0.0006333015600997456,0.04100000000000037,-0.015446379514627804,0.06658064516129032,-0.14162077104641868,-0.4878048780487762,-0.4467425190760474
2,3,70372,14,255,40.2,0.09,9.82,9.781,0.09698594311866497,-0.0006647832813121415,0.04100000000000037,-0.01621422637346672,0.06335483870967742,-0.1400472069236809,-0.24390243902438827,-0.42441735303262584
2,3,70393,14,255,39.21,0.09,9.43,9.802,0.08860411899313385,-0.0006829279524887202,0.04299999999999926,-0.015882045406714698,0.060838709677419354,-0.1035258814703694,-0.2325581395348876,-0.35366474832176686
2,3,70415,24,255,38.11,0.08,9.13,9.824,0.08177835894082926,-0.0006877454758198578,0.04300000000000104,-0.015994080833019564,0.05890322580645162,-0.10502625656413835,-0.232558139534878,-0.2931494560465765
2,3,70436,24,255,37.01,0.08,8.73,9.845,0.07599869238313076,-0.0006802478897250079,0.04300000000000104,-0.015819718365697476,0.056322580645161296,-0.12003000750187265,-0.232558139534878,-0.23537103628635878
2,3,70458,24,255,36.02,0.07,8.33,9.867,0.07165740438051559,-0.000662284320841616,0.04299999999999926,-0.01540196094980529,0.05374193548387097,-0.10352588147036972,-0.2325581395348876,-0.18032948904110696
2,3,70479,24,255,35.13,0.07,8.04,9.888,0.06824452435436329,-0.000636318141640249,0.04299999999999926,-0.014798096317215346,0.051870967741935475,-0.08852213053263462,-0.23255813953488794,-0.1577502907927054
2,3,70501,24,255,34.25,0.06,7.74,9.91,0.06487414187642937,-0.0006051644975164808,0.04299999999999926,-0.014073592965499794,0.049935483870967745,-0.09002250562640793,-0.23255813953488794,-0.14391387974486314
2,3,70522,22,241,33.48,0.06,7.44,9.931,0.06205622752533428,-0.0005717076389104809,0.04299999999999926,-0.013295526486290482,0.048,-0.07501875468867349,0.0,-0.12011829371203589
2,3,70544,22,241,32.93,0.06,7.24,9.953,0.059709055246811915,-0.000538618138906111,0.04300000000000104,-0.012526003230374373,0.04670967741935484,-0.06001500375093625,0.0,-0.10088416187080088
2,3,70565,22,241,32.49,0.06,7.04,9.974,0.05771820856488974,-0.0005080898821881145,0.04499999999999993,-0.011290886270847008,0.04541935483870968,-0.055913978494623866,0.0,-0.08383277033162537
2,3,70589,22,241,32.05,0.06,6.85,9.998,0.05593658058188878,-0.00048161557639581786,0.04499999999999993,-0.010702568364351525,0.04419354838709677,-0.041577060931899765,0.0,-0.07852965747702513
2,3,70610,22,241,31.72,0.06,6.75,10.019,0.054184373978423614,-0.0004598174177556622,0.04300000000000104,-0.010693428319898864,0.043548387096774194,-0.03000750187546796,-0.232558139534878,-0.06477264952066494
2,3,70632,11,245,31.28,0.05,6.65,10.041,0.05315135665250012,-0.0004423463955624198,0.04299999999999926,-0.010287125478195987,0.04290322580645162,-0.045011252813204124,-0.2325581395348876,-0.04926370526923998
2,3,70653,11,245,30.95,0.05,6.45,10.062,0.05206603465184633,-0.0004278595765842992,0.04299999999999926,-0.009950222711262943,0.04161290322580645,-0.04501125281320428,0.0,-0.036415609296243684
2,3,70675,11,245,30.62,0.05,6.35,10.084,0.05158548545276167,-0.000414079806628779,0.04300000000000104,-0.009629762944855094,0.040967741935483866,-0.030007501875468124,0.0,-0.026988603966943712
2,3,70696,11,245,30.18,0.05,6.25,10.105,0.05090552468126772,-0.0003979370847587864,0.04300000000000104,-0.009254350808343647,0.04032258064516129,-0.045011252813202104,0.0,-0.021742931646608156
2,3,70718,11,245,29.74,0.05,6.05,10.127,0.050650539391957496,-0.0003757858823050446,0.04299999999999926,-0.008739206565233746,0.03903225806451613,-0.045011252813203964,0.0,-0.008438690254453048
2,3,70739,28,233,29.41,0.05,5.95,10.148,0.05054266100032625,-0.00034368809968368376,0.04299999999999926,-0.007992746504271852,0.03838709677419355,-0.030007501875469363,0.0,-0.021058713517869337
2,3,70761,28,233,29.19,0.05,5.85,10.17,0.04974501471068913,-0.00029774721508032443,0.04600000000000115,-0.0064727655452242825,0.03774193548387097,-0.014025245441794947,0.0,-0.02935031340165036
2,3,70785,28,233,29.08,0.05,5.85,10.194,0.0491925465838503,-0.00023447543332557875,0.04499999999999993,-0.005210565185012869,0.03774193548387097,-0.014336917562724105,0.0,-0.030801641785623203
2,3,70806,28,233,29.08,0.05,5.75,10.215,0.04835894083033609,-0.00015117203461779293,0.04299999999999926,-0.0035156287120417565,0.037096774193548385,-0.028507126781695903,0.0,-0.06332818902666211
2,3,70828,28,233,28.97,0.05,5.66,10.237,0.046469434455703874,-4.628742540077724e-05,0.04299999999999926,-0.001076451753506466,0.036516129032258066,-0.01350337584396114,0.0,-0.09077293841276632
2,3,70849,52,253,28.97,0.05,5.66,10.258,0.0444557044785872,8.02560435057389e-05,0.04299999999999926,0.0018664196164125647,0.036516129032258066,0.0,0.0,-0.11114743380189658
2,3,70871,52,253,28.64,0.05,5.66,10.28,0.041690094802222404,0.0002268177363091084,0.04300000000000104,0.0052748310769558816,0.036516129032258066,-0.015003750937734142,0.0,-0.09655078038878452
2,3,70892,52,253,28.31,0.05,5.56,10.301,0.04030402092186937,0.0003898985211949162,0.04300000000000104,0.009067407469648995,0.03587096774193548,-0.030007501875468124,0.0,-0.019082083368177096
2,3,70914,52,253,27.87,0.05,5.46,10.323,0.04086956521739077,0.0005641362498527505,0.04299999999999926,0.013119447670994423,0.035225806451612905,-0.030007501875469363,0.0,0.09571451378699551
2,3,70935,52,253,27.43,0.05,5.36,10.344,0.044419745014710105,0.0007424609758913752,0.04299999999999926,0.017266534323055534,0.03458064516129032,-0.030007501875469526,-0.23255813953488777,0.23605525441510855
2,3,70957,255,19,27.1,0.04,5.26,10.366,0.05101994115724026,0.0009164237826504546,0.04499999999999993,0.020364972947787913,0.03393548387096774,-0.028673835125448053,0.0,0.3859649122806975
2,3,70980,255,19,27.1,0.05,5.16,10.389,0.061788166067341464,0.0010766974106869985,0.04499999999999993,0.02392660912637778,0.03329032258064516,-0.01433691756272395,0.22222222222222263,0.5683774654026305
2,3,71002,255,19,29.74,0.05,5.16,10.411,0.07659692710035859,0.0012137258083058074,0.04300000000000104,0.02822618158850647,0.03329032258064516,0.13353338334583323,0.232558139534878,0.7725582915833279
2,3,71023,255,19,35.58,0.06,6.05,10.432,0.09500817260542536,0.0013184747907160092,0.04300000000000104,0.03066220443525529,0.03903225806451613,0.3420855213803369,0.9302325581395123,0.9104662566425837
2,3,71045,255,19,42.18,0.09,7.44,10.454,0.11574697613599064,0.0013832112918007037,0.04299999999999926,0.03216770446048203,0.048,0.4621155288822286,1.3953488372093263,0.9905958019416633
2,3,71066,229,39,48.35,0.12,9.13,10.475,0.13760379208891615,0.0014022216477308528,0.04299999999999926,0.032609805761183185,0.05890322580645162,0.4771192798199632,1.6279069767442143,1.0029877524955002
2,3,71088,229,39,52.31,0.16,10.62,10.497,0.1588754494932964,0.0013723780958306158,0.04300000000000104,0.03191576967047867,0.06851612903225807,0.38709677419353894,1.627906976744147,0.9579053802351831
2,3,71109,229,39,55.4,0.19,11.71,10.518,0.17879372343903002,0.0012934805664562051,0.04299999999999926,0.030080943405958776,0.0755483870967742,0.2970742685671467,1.3953488372093263,0.8778518591727072
2,3,71131,229,39,57.93,0.22,12.6,10.54,0.19662307943772217,0.001168333243312281,0.04299999999999926,0.02717054054214654,0.08129032258064516,0.2520630157539429,1.1627906976744384,0.7643476740384872
2,3,71152,229,39,60.02,0.24,13.39,10.561,0.2116606734226844,0.001002552380298285,0.045000000000001705,0.02227894178440549,0.08638709677419355,0.21362007168457997,0.8888888888888554,0.5914060513602553
2,3,71176,57,252,61.79,0.26,14.09,10.585,0.22323635174893466,0.0008041346302401599,0.04499999999999993,0.01786965844978136,0.09090322580645162,0.12903225806451618,0.44444444444444553,0.403327158475895
2,3,71197,57,252,61.13,0.26,14.29,10.606,0.22981039555409966,0.0005828397918318125,0.058999999999999275,0.009878640539522367,0.09219354838709677,0.0,-0.16949152542373105,0.14256348313672915
2,3,71235,57,252,58.37,0.25,14.09,10.644,0.23164759725400158,0.0003494583196841372,0.0600000000000005,0.0058243053280689055,0.09090322580645162,-0.0645161290322576,-0.49999999999999584,-0.022066034651846703
2,3,71257,57,252,55.84,0.23,13.69,10.666,0.22848643347498884,0.00011504211762918004,0.04299999999999926,0.0026753980843995818,0.08832258064516128,-0.1485371342835735,-0.9302325581395511,-0.25559348320244596
2,3,71278,44,224,53.42,0.21,13.1,10.687,0.2206570774762966,-0.00010982441690491029,0.04299999999999926,-0.002554056207090981,0.08451612903225807,-0.1635408852213081,-0.9302325581395511,-0.4345545359860735
2,3,71300,44,224,51.65,0.19,12.6,10.709,0.209800588427588,-0.00031564827752255374,0.04300000000000104,-0.007340657616803398,0.08129032258064516,-0.15003750937734078,-0.6976744186046343,-0.5731467191740512
2,3,71321,44,224,50.33,0.18,12.1,10.73,0.1960117685518118,-0.0004945025735014053,0.04300000000000104,-0.011500059848869613,0.07806451612903226,-0.11852963240809909,-0.465116279069756,-0.6500832465389734
2,3,71343,44,224,49.12,0.17,11.81,10.752,0.18184700882641147,-0.0006403325977335577,0.04299999999999926,-0.014891455761245785,0.07619354838709677,-0.08852213053263479,-0.4651162790697752,-0.6592821791587187
2,3,71364,44,224,48.13,0.16,11.51,10.773,0.16766263484798738,-0.0007490967534379074,0.04299999999999926,-0.017420854731114425,0.07425806451612903,-0.09002250562640793,-0.4651162790697759,-0.6488668587545727
2,3,71386,68,230,47.25,0.15,11.21,10.795,0.15394573389996533,-0.0008187631000678301,0.04499999999999993,-0.01819473555706292,0.0723225806451613,-0.08602150537634401,-0.4444444444444449,-0.5738258690203708
2,3,71409,68,230,46.26,0.14,10.91,10.818,0.14184047074207073,-0.0008491919450485614,0.04499999999999993,-0.018870932112190285,0.07038709677419355,-0.08458781362007192,-0.4444444444444449,-0.49464240310921664
2,3,71431,68,230,45.27,0.13,10.62,10.84,0.1316868257600506,-0.0008419375929386739,0.04300000000000104,-0.019579944021829155,0.06851612903225807,-0.07351837959489715,-0.2325581395348783,-0.4644320609410108
2,3,71452,68,230,44.39,0.13,10.42,10.861,0.12186989212160679,-0.0008000000201917245,0.04299999999999926,-0.018604651632366007,0.0672258064516129,-0.07501875468867365,-0.23255813953488794,-0.4538646920638325
2,3,71474,68,230,43.61,0.12,10.12,10.883,0.11217064400130615,-0.000727551812263945,0.04299999999999926,-0.016919809587533897,0.06529032258064515,-0.07501875468867332,-0.46511627906977554,-0.44352539589621315
2,3,71495,44,249,42.84,0.11,9.92,10.904,0.10279830009806995,-0.0006296585272533619,0.04300000000000104,-0.01464322156403132,0.064,-0.07501875468867039,-0.465116279069756,-0.4012559203874041
2,3,71517,44,249,41.85,0.1,9.62,10.926,0.09491663942464736,-0.0005120028223214259,0.04299999999999926,-0.01190704237956825,0.06206451612903225,-0.08852213053263462,-0.2325581395348876,-0.31588070276804425
2,3,71538,44,249,40.86,0.1,9.33,10.947,0.08921542987904428,-0.00038061543230331196,0.04299999999999926,-0.008851521681472524,0.06019354838709678,-0.08852213053263462,-0.23255813953488794,-0.1747036955381387
2,3,71560,44,249,39.76,0.09,9.03,10.969,0.08740438051650752,-0.00024161079163059185,0.04300000000000104,-0.005618855619315954,0.05825806451612903,-0.10502625656413851,-0.46511627906975633,-0.008970859910139265
2,3,71581,44,249,38.77,0.08,8.63,10.99,0.08882968290290828,-0.00010092300800481268,0.04499999999999993,-0.0022427335112180633,0.05567741935483871,-0.10035842293906812,-0.22222222222222246,0.1207366241691172
2,3,71605,254,9,37.78,0.08,8.33,11.014,0.09283752860411779,3.59600146661343e-05,0.04499999999999993,0.0007991114370252079,0.05374193548387097,-0.05591397849462371,-0.22222222222222246,0.208564890487085
2,3,71626,254,9,37.89,0.07,8.24,11.035,0.09821510297482709,0.00016425992730774653,0.04300000000000104,0.0038199983094823853,0.05316129032258065,-0.013503375843960583,-0.232558139534878,0.2739913484418733
2,3,71648,254,9,38.33,0.07,8.24,11.057,0.10461915658711862,0.000280154164755384,0.04299999999999926,0.0065152131338462515,0.05316129032258065,0.043510877719430345,0.4651162790697752,0.2999916373339835
2,3,71669,254,9,42.62,0.09,8.53,11.078,0.11111474338018816,0.0003809789606514755,0.04299999999999926,0.008859975829104234,0.05503225806451612,0.22205551387847355,1.1627906976744384,0.32295095676501756
2,3,71691,254,9,47.69,0.12,9.72,11.1,0.11850604772801414,0.0004653540801346079,0.04300000000000104,0.0108221879101069,0.06270967741935485,0.3870967741935391,1.3953488372092686,0.33557098002842095
2,3,71712,72,241,52.76,0.15,11.11,11.121,0.1255442955214106,0.0005331928167800104,0.04300000000000104,0.012399832948372037,0.0716774193548387,0.31357839459864184,1.162790697674391,0.32181059321710614
2,3,71734,72,241,53.09,0.17,11.81,11.143,0.13234390323635004,0.0005855721679330212,0.04299999999999926,0.013617957393791427,0.07619354838709677,0.10502625656414286,0.6976744186046632,0.3110911758668669
2,3,71755,72,241,52.65,0.18,11.81,11.164,0.13892121608368566,0.0006244634378175054,0.04299999999999926,0.014522405530639909,0.07619354838709677,0.0,0.0,0.3328341075134769
2,3,71777,72,241,51.76,0.17,11.81,11.186,0.1466557698594293,0.0006523558627266919,0.04499999999999993,0.014496796949482065,0.07619354838709677,-0.02867383512544821,-0.4444444444444449,0.33445933674766354
2,3,71800,72,241,50.44,0.16,11.61,11.209,0.1539718862373305,0.0006718323365617245,0.04499999999999993,0.014929607479149457,0.0749032258064516,-0.057347670250896106,-0.44444444444444553,0.323562529512181
2,3,71822,236,78,49.23,0.15,11.41,11.231,0.16121608368747742,0.0006851668306829879,0.04300000000000104,0.01593411234146445,0.07361290322580645,-0.03000750187546796,-0.2325581395348783,0.3418049674236018
2,3,71843,236,78,49.12,0.15,11.41,11.252,0.16866949983654572,0.0006940063082306498,0.04299999999999926,0.016139681586759574,0.07361290322580645,-0.015003750937734602,0.0,0.32333107794765165
2,3,71865,236,78,49.01,0.15,11.31,11.274,0.1751193200392262,0.0006991812278747762,0.04299999999999926,0.016260028555227634,0.07296774193548387,-0.015003750937734602,0.23255813953488794,0.28090955396580414
2,3,71886,236,78,50.55,0.16,11.31,11.295,0.1807486106570751,0.000700664758436222,0.04300000000000104,0.016294529265958257,0.07296774193548387,0.045011252813201945,0.4651162790697566,0.27520773622629957
2,3,71908,236,78,52.98,0.17,11.61,11.317,0.18695325269695737,0.0006976763960966785,0.04299999999999926,0.016225032467364894,0.0749032258064516,0.1485371342835735,0.6976744186046632,0.3301732592350462
2,3,71929,228,81,55.4,0.19,12.3,11.338,0.19494606080418184,0.0006889040104710222,0.04299999999999926,0.016021023499326374,0.07935483870967742,0.20855213803451256,0.9302325581395504,0.44306925047705376
2,3,71951,228,81,57.49,0.21,13.0,11.36,0.20600523046747035,0.000672802529755673,0.04300000000000104,0.01564657045943388,0.08387096774193549,0.17854463615903535,0.9302325581395127,0.5757315432159557
2,3,71972,228,81,59.25,0.23,13.49,11.381,0.21970251716246852,0.0006479205274253736,0.04100000000000037,0.015802939693301654,0.08703225806451613,0.1557828481510605,0.7317073170731642,0.7289166713177261
2,3,71992,228,81,60.79,0.24,13.99,11.401,0.2358908139914974,0.0006132087626002516,0.04100000000000037,0.01495631128293283,0.09025806451612903,0.14162077104641901,0.7317073170731642,0.7960516349197324
2,3,72013,228,81,61.9,0.26,14.39,11.422,0.25234063419417785,0.0005682744874272653,0.04300000000000104,0.01321568575412213,0.09283870967741936,0.11852963240809909,0.697674418604635,0.7583417593528545
2,3,72035,232,36,63.0,0.27,14.78,11.444,0.2684995096436709,0.0005135573878739681,0.04299999999999926,0.011943195066836672,0.09535483870967741,0.10352588147036906,0.4651162790697759,0.6987387579160272
2,3,72056,232,36,64.1,0.28,15.08,11.465,0.2823864007845665,0.0004504139166923711,0.04299999999999926,0.010474742248659973,0.09729032258064516,0.09002250562640857,0.46511627906977454,0.57595961592556
2,3,72078,232,36,65.09,0.29,15.38,11.487,0.2932657731284696,0.00038110546255419207,0.04299999999999926,0.008862917733818573,0.09922580645161291,0.09002250562640825,0.46511627906977454,0.4269521123334133
2,3,72099,232,36,65.97,0.3,15.68,11.508,0.30074534161490296,0.00030869267996681593,0.04299999999999926,0.007178899534112122,0.10116129032258064,0.08852213053263447,0.4651162790697759,0.28068148125622544
2,3,72121,232,36,66.85,0.31,15.97,11.53,0.30533507682248706,0.00023684418371787964,0.04300000000000104,0.005508004272508696,0.10303225806451613,0.07351837959489715,0.4651162790697566,0.14589050989454808
2,3,72142,32,238,67.62,0.32,16.17,11.551,0.3070186335403687,0.00016957352739751564,0.04300000000000104,0.003943570404593292,0.1043225806451613,0.06001500375093657,0.2325581395348783,0.019082083368175965
2,3,72164,32,238,67.4,0.32,16.37,11.573,0.30615560640731865,0.00011092452101012462,0.04499999999999993,0.002464989355780551,0.10561290322580646,0.01433691756272395,0.0,-0.09102466310704106
2,3,72187,32,238,66.63,0.32,16.27,11.596,0.30292252370055184,6.463137436550959e-05,0.04499999999999993,0.0014362527636779933,0.10496774193548387,-0.02867383512544821,-0.22222222222222276,-0.18480985071373862
2,3,72209,32,238,64.32,0.31,16.17,11.618,0.2978391631252004,3.378580741793336e-05,0.04299999999999926,0.000785716451579859,0.1043225806451613,-0.058514628657165266,-0.4651162790697759,-0.26813748222933637
2,3,72230,32,238,62.23,0.3,15.88,11.639,0.2913926119646906,2.0546355776332348e-05,0.04299999999999926,0.00047782222735657446,0.10245161290322581,-0.11852963240810399,-0.6976744186046625,-0.2747515908071503
2,3,72252,225,37,60.35,0.28,15.38,11.661,0.28602484472049317,2.592374799163899e-05,0.04300000000000104,0.0006028778602706596,0.09922580645161291,-0.10502625656413851,-0.6976744186046336,-0.22275101302294334
2,3,72273,225,37,60.24,0.27,15.18,11.682,0.2818143184047038,4.9669266170065286e-05,0.04400000000000048,0.0011288469584105623,0.09793548387096775,-0.029325513196480753,-0.227272727272725,-0.13863710660048909
2,3,72296,225,37,60.13,0.27,15.18,11.705,0.2799248120300716,9.028075836805982e-05,0.04400000000000048,0.0020518354174558825,0.09793548387096775,0.0,0.0,-0.014487800528990057
2,3,72317,225,37,60.13,0.27,15.18,11.726,0.2811768551814282,0.00014512587516057174,0.04299999999999926,0.003375020352571494,0.09793548387096775,0.0,0.0,0.13015349293354742
2,3,72339,225,37,60.02,0.27,15.18,11.748,0.285521412226214,0.00021066791155265995,0.04299999999999926,0.004899253757038688,0.09793548387096775,0.0,0.0,0.2606110828132011
2,3,72360,255,36,60.46,0.27,15.18,11.769,0.29238313174239566,0.0002827690467270632,0.04300000000000104,0.006576024342489683,0.09793548387096775,0.0,0.2325581395348783,0.3982909751628673
2,3,72382,255,36,62.34,0.28,15.18,11.791,0.30264792415821773,0.0003570387405605988,0.045999999999999375,0.007761711751317471,0.09793548387096775,0.09817671809256796,0.6521739130434865,0.4888639367795676
2,3,72406,255,36,65.53,0.3,15.88,11.815,0.31487087283425547,0.0004291900672190323,0.04499999999999993,0.009537557049311843,0.10245161290322581,0.1849462365591399,1.1111111111111127,0.5988158802804033
2,3,72427,255,36,68.61,0.33,16.47,11.836,0.32959463877083583,0.0004953638204281638,0.04400000000000048,0.01125826864609451,0.10625806451612903,0.2023460410557163,1.3636363636363487,0.6847157419239629
2,3,72450,255,36,71.37,0.36,17.26,11.859,0.34499836547891016,0.0005523818423075291,0.04400000000000048,0.012554132779716431,0.11135483870967743,0.20381231671554031,1.1363636363636236,0.7186692026508794
2,3,72471,226,38,73.9,0.38,17.86,11.88,0.3612160836874749,0.0005979000135383039,0.04299999999999926,0.013904651477635213,0.1152258064516129,0.15003750937734697,0.9302325581395517,0.7206337380356891
2,3,72493,226,38,75.22,0.4,18.26,11.902,0.37598561621444426,0.0006304475175629989,0.04299999999999926,0.014661570175883947,0.11780645161290323,0.10352588147036972,0.6976744186046625,0.6663524331556926
2,3,72514,226,38,75.66,0.41,18.55,11.923,0.38986923831316916,0.0006493584526028862,0.04300000000000104,0.015101359362857454,0.11967741935483872,0.058514628657162525,0.23255813953487703,0.6244630788295094
2,3,72536,226,38,76.1,0.41,18.65,11.945,0.4028375286041138,0.0006546191934356997,0.04299999999999926,0.015223702172923511,0.12032258064516128,0.030007501875469203,0.0,0.555204999353797
2,3,72557,226,38,76.32,0.41,18.75,11.966,0.413743053285382,0.0006466658786922998,0.04299999999999926,0.015038741364937463,0.12096774193548387,0.03000750187546985,0.23255813953488794,0.46580049719850686
2,3,72579,240,27,76.65,0.42,18.85,11.988,0.42286694998364927,0.0006261693826589863,0.04499999999999993,0.013914875170199717,0.12161290322580647,0.04301075268817216,0.22222222222222276,0.35211216446913957
2,3,72602,240,27,77.2,0.42,19.05,12.011,0.4295881006864933,0.000593841048245352,0.04600000000000115,0.012909588005333416,0.12290322580645162,0.04207573632538408,0.21739130434782084,0.24610202254216773
2,3,72625,240,27,77.86,0.43,19.15,12.034,0.43418764302058926,0.0005502838849388141,0.04400000000000048,0.012506451930427456,0.12354838709677418,0.04398826979472097,0.227272727272725,0.1884899997028084
2,3,72646,240,27,78.41,0.43,19.35,12.055,0.43788166067341694,0.0004959037752558473,0.04299999999999926,0.011532645936182693,0.12483870967741936,0.06001500375093905,0.23255813953488794,0.1553175152238557
2,3,72668,240,27,79.08,0.44,19.55,12.077,0.44086629617521494,0.0004308855990810976,0.04300000000000104,0.010020595327467144,0.12612903225806452,0.045011252813201945,0.2325581395348783,0.1501478671400406
2,3,72689,233,36,79.63,0.44,19.65,12.098,0.44433801896043884,0.0003552310912930956,0.04299999999999926,0.008261188169607017,0.1267741935483871,0.043510877719430664,0.23255813953488794,0.17470369553813742
2,3,72711,233,36,80.07,0.45,19.84,12.12,0.4483785550833547,0.00026884896887473177,0.04299999999999926,0.006252301601738055,0.128,0.043510877719430664,0.23255813953488794,0.21111930483438093
2,3,72732,233,36,80.51,0.45,19.94,12.141,0.45341614906831706,0.00017168331303245665,0.04300000000000104,0.003992635186801221,0.12864516129032258,0.01500375093773398,0.0,0.22928909736423203
2,3,72754,233,36,80.73,0.45,19.94,12.163,0.45823798627001694,6.386310990680144e-05,0.04299999999999926,0.00148518860248378,0.12864516129032258,0.015003750937734602,0.23255813953488794,0.1991074754631781
2,3,72775,233,36,81.17,0.46,20.04,12.184,0.4619777705132336,-5.414604748739649e-05,0.0519999999999996,-0.0010412701439884019,0.12929032258064516,0.024813895781637757,0.19230769230769396,0.10228330022380282
2,3,72806,62,218,81.5,0.46,20.14,12.215,0.46355671788165465,-0.00018140791808158595,0.053000000000000824,-0.003422790907199682,0.12993548387096773,0.024345709068776103,0.0,-0.0031456820887313546
2,3,72828,62,218,81.28,0.46,20.24,12.237,0.4618110493625308,-0.00031641841117863477,0.04400000000000048,-0.007191327526787075,0.1305806451612903,0.01466275659824022,0.0,-0.15862284168919985
2,3,72850,62,218,80.07,0.46,20.24,12.259,0.4565773128473298,-0.00045706141674675747,0.04299999999999926,-0.01062933527318059,0.1305806451612903,-0.030007501875469203,-0.23255813953488794,-0.3260679504626092
2,3,72871,62,218,77.97,0.45,20.04,12.28,0.44779012749263886,-0.0006006279779012651,0.04299999999999926,-0.013968092509331988,0.12929032258064516,-0.07501875468867365,-0.23255813953488794,-0.5035845427522304
2,3,72893,62,218,75.88,0.45,19.74,12.302,0.43492317750898424,-0.0007439010312643007,0.04300000000000104,-0.017300023982890295,0.1273548387096774,-0.07351837959489683,-0.2325581395348783,-0.6700776207454687
2,3,72914,67,250,73.9,0.44,19.55,12.323,0.418976789800583,-0.0008832993784036774,0.04400000000000048,-0.02007498587281063,0.12612903225806452,-0.10117302052785751,-0.6818181818181749,-0.8030699277838683
2,3,72937,67,250,71.15,0.42,19.05,12.346,0.39958810068649364,-0.0010150669974321005,0.04400000000000048,-0.02306970448709294,0.12290322580645162,-0.17448680351905987,-1.1363636363636236,-0.945793337097663
2,3,72958,67,250,67.73,0.39,18.36,12.367,0.3773618829682854,-0.0011354877895001678,0.04299999999999926,-0.026406692779074124,0.1184516129032258,-0.22355588897224715,-1.3953488372093263,-1.0841816371059143
2,3,72980,67,250,64.21,0.36,17.56,12.389,0.3529682902909401,-0.001241101770808939,0.04699999999999882,-0.02640642065551,0.11329032258064516,-0.24571036376115893,-1.489361702127697,-1.0876868396708816
2,3,73005,67,250,60.68,0.32,16.57,12.414,0.3262406015037552,-0.0013288977817393253,0.04600000000000115,-0.02888908221172374,0.10690322580645162,-0.24964936886394887,-1.7391304347825642,-1.1764998507610722
2,3,73026,1,242,57.6,0.28,15.78,12.435,0.29884929715592945,-0.0013964613716528262,0.04300000000000104,-0.03247584585239052,0.10180645161290322,-0.2535633908477059,-1.3953488372092686,-1.2960611843055108
2,3,73048,1,242,55.07,0.26,14.88,12.457,0.2705099705786169,-0.001442064587806927,0.041999999999999815,-0.034334871138260316,0.096,-0.22887864823348789,-1.190476190476196,-1.330733666464287
2,3,73068,1,242,52.76,0.23,14.29,12.477,0.24295848316442964,-0.0014646949297548062,0.041999999999999815,-0.034873688803686013,0.09219354838709677,-0.19815668202765077,-1.190476190476196,-1.2859010881240243
2,3,73090,1,242,50.88,0.21,13.59,12.499,0.21650212487740814,-0.001464030675595046,0.04299999999999926,-0.03404722501383886,0.0876774193548387,-0.20855213803451225,-0.9302325581395511,-1.1979138949497146
2,3,73111,1,242,49.01,0.19,12.9,12.52,0.1914481856815928,-0.0014403765717857552,0.04299999999999926,-0.03349712957641349,0.0832258064516129,-0.19354838709677732,-0.9302325581395504,-1.0793160859682118
2,3,73133,18,251,47.47,0.17,12.3,12.542,0.17009153318077583,-0.0013945765160222248,0.04300000000000104,-0.03243201200051607,0.07935483870967742,-0.16354088522130136,-0.9302325581395127,-0.9081855295467857
2,3,73154,18,251,45.82,0.15,11.81,12.563,0.15239620791108008,-0.0013279189653946802,0.04300000000000104,-0.0308818364045267,0.07619354838709677,-0.17854463615903565,-0.6976744186046343,-0.7597101956103326
2,3,73176,18,251,44.17,0.14,11.11,12.585,0.13742399476953074,-0.001242047596826131,0.045999999999999375,-0.027001034713611913,0.0716774193548387,-0.16690042075736541,-0.6521739130434872,-0.6014326932643522
2,3,73200,18,251,42.51,0.12,10.62,12.609,0.12473030402092025,-0.0011388852738391311,0.045999999999999375,-0.024758375518242316,0.06851612903225807,-0.13884992987377473,-0.6521739130434874,-0.5141634805349864
2,3,73222,18,251,40.97,0.11,10.12,12.631,0.11377247466492169,-0.0010205745476773807,0.04299999999999926,-0.023734291806451122,0.06529032258064515,-0.15003750937734714,-0.4651162790697752,-0.4849586048032134
2,3,73243,21,238,39.65,0.1,9.62,12.652,0.10387708401438243,-0.0008894336178470983,0.04299999999999926,-0.020684502740630547,0.06206451612903225,-0.14853713428357318,-0.2325581395348876,-0.44200491116568125
2,3,73265,21,238,38.66,0.1,9.13,12.674,0.09476626348479772,-0.0007479234374741655,0.04300000000000104,-0.017393568313352266,0.05890322580645162,-0.11852963240809894,-0.2325581395348783,-0.38681131544735026
2,3,73286,21,238,37.78,0.09,8.83,12.695,0.08724419745014597,-0.000598619678451307,0.04300000000000104,-0.01392138787096029,0.05696774193548387,-0.0900225056264047,-0.2325581395348783,-0.3232550537111111
2,3,73308,21,238,37.01,0.09,8.53,12.717,0.0808662961752196,-0.0004441826424148854,0.04299999999999926,-0.010329828893369605,0.05503225806451612,-0.08852213053263462,0.0,-0.23719561796300764
2,3,73329,21,238,36.24,0.09,8.24,12.738,0.07704478587773682,-0.000287318749670618,0.04299999999999926,-0.006681831387688906,0.05316129032258065,-0.07351837959490003,-0.2325581395348876,-0.1217148026790947
2,3,73351,220,72,35.58,0.08,8.04,12.76,0.07563255966001863,-0.00013072864631170588,0.04300000000000104,-0.0030402010770163427,0.051870967741935475,-0.045011252813202264,-0.465116279069756,-0.015356895778373549
2,3,73372,220,72,35.8,0.07,7.94,12.781,0.07638443935926674,2.2960783960431996e-05,0.04300000000000104,0.0005339717200100335,0.051225806451612906,-0.01500375093773382,-0.232558139534878,0.06431650410150509
2,3,73394,220,72,35.8,0.07,7.94,12.803,0.07839816933638341,0.00017127993809975094,0.04499999999999993,0.003806220846661138,0.051225806451612906,-0.014336917562724105,0.0,0.14710689767897853
2,3,73417,220,72,37.23,0.07,7.84,12.826,0.08300424975482076,0.0003120107516645714,0.04499999999999993,0.006933572259212708,0.05058064516129032,0.014336917562723796,0.22222222222222246,0.23791362464131136
2,3,73439,220,72,39.43,0.08,8.04,12.848,0.0891042824452424,0.0004432821232661404,0.04299999999999926,0.010308886587584836,0.051870967741935475,0.11852963240810416,0.4651162790697752,0.3246234899686029
2,3,73460,218,21,42.07,0.09,8.63,12.869,0.09696305982347045,0.000563652205921942,0.04299999999999926,0.013108190835394226,0.05567741935483871,0.17854463615904304,0.46511627906977554,0.41106304689935286
2,3,73482,218,21,44.39,0.1,9.23,12.891,0.10677999346191427,0.0006721600505245622,0.04300000000000104,0.015631629081966185,0.059548387096774194,0.1785446361590355,0.6976744186046343,0.48001702942896435
2,3,73503,218,21,46.48,0.12,9.82,12.912,0.11760379208891641,0.0007683297942183476,0.04299999999999926,0.017868134749264204,0.06335483870967742,0.1635408852213081,0.9302325581395511,0.5241871108509417
2,3,73525,218,21,48.35,0.14,10.32,12.934,0.12932003922850438,0.0008521167840537416,0.04299999999999926,0.01981666939659898,0.06658064516129032,0.1485371342835735,0.6976744186046632,0.5615150109855046
2,3,73546,218,21,50.0,0.15,10.81,12.955,0.1417489375612927,0.0009237954642754787,0.04300000000000104,0.02148361544826643,0.06974193548387098,0.14853713428356738,0.465116279069756,0.6099424496529264
2,3,73568,222,59,51.43,0.16,11.31,12.977,0.15554756456358085,0.0009838000890148705,0.04299999999999926,0.022879071837555522,0.07296774193548387,0.13503375843961204,0.4651162790697759,0.6332058660300929
2,3,73589,222,59,52.76,0.17,11.71,12.998,0.16897678980058622,0.0010325382279581898,0.045999999999999375,0.022446483216482693,0.0755483870967742,0.12482468443197911,0.6521739130434872,0.5676762795457457
2,3,73614,222,59,54.19,0.19,12.2,13.023,0.1816606734226848,0.001070202291428563,0.04600000000000115,0.02326526720496818,0.07870967741935483,0.1107994389901795,0.652173913043462,0.5445797859487838
2,3,73635,222,59,55.29,0.2,12.5,13.044,0.1940274599542309,0.0010966059422044658,0.04300000000000104,0.025502463772196265,0.08064516129032258,0.10502625656413851,0.465116279069756,0.5632635684255939
2,3,73657,222,59,56.39,0.21,12.9,13.066,0.20588100686498592,0.0011110706416934412,0.04299999999999926,0.025838852132406054,0.0832258064516129,0.10502625656414286,0.4651162790697752,0.5542927085154775
2,3,73678,237,58,57.38,0.22,13.2,13.087,0.21786204642039603,0.0011123829356645932,0.04299999999999926,0.02586937059685145,0.08516129032258064,0.1035258814703694,0.23255813953488794,0.5873632514045484
2,3,73700,237,58,58.59,0.22,13.59,13.109,0.23113762667538107,0.0010988356963041995,0.04300000000000104,0.025554318518701696,0.0876774193548387,0.11852963240809909,0.465116279069756,0.6335099629761723
2,3,73721,237,58,59.91,0.24,13.99,13.13,0.2451029748283721,0.0010683570490774717,0.04299999999999926,0.024845512769243957,0.09025806451612903,0.12003000750187777,0.6976744186046632,0.6992709275717123
2,3,73743,237,58,61.46,0.25,14.39,13.152,0.2612062765609642,0.0010187202278090588,0.04299999999999926,0.02369116808858317,0.09283870967741936,0.13353338334583892,0.6976744186046637,0.7934649566281768
2,3,73764,237,58,62.89,0.27,14.88,13.173,0.2792219679633831,0.0009478174109189581,0.04300000000000104,0.022042265370207797,0.096,0.13353338334583306,0.697674418604635,0.852003618753629
2,3,73786,253,39,64.21,0.28,15.28,13.195,0.2978424321673711,0.0008539718071662463,0.04499999999999993,0.018977151270361058,0.09858064516129032,0.12903225806451618,0.6666666666666671,0.795539573571602
2,3,73809,253,39,66.08,0.3,15.78,13.218,0.31502124877410514,0.0007362556448652455,0.04499999999999993,0.016361236552561036,0.10180645161290322,0.15627240143369228,0.8888888888888898,0.7089462787403212
2,3,73831,253,39,68.17,0.32,16.37,13.24,0.3297450147106855,0.000594777840585433,0.04299999999999926,0.013832042804312633,0.10561290322580646,0.17854463615904273,0.9302325581395517,0.602187977527237
2,3,73852,253,39,70.27,0.34,16.97,13.261,0.3409153318077759,0.0004309047178952099,0.04299999999999926,0.010021039951051565,0.10948387096774193,0.1785446361590424,0.9302325581395504,0.43463056022259977
2,3,73874,253,39,72.25,0.36,17.56,13.283,0.348434128800257,0.00024738127018049383,0.04300000000000104,0.005753052794895066,0.11329032258064516,0.1485371342835677,0.930232558139512,0.26981001543290895
2,3,73895,58,251,74.01,0.38,17.96,13.304,0.35251716247139125,4.8329946268832915e-05,0.04300000000000104,0.0011239522388100406,0.11587096774193549,0.10502625656413883,0.4651162790697566,0.07108266115237283
2,3,73917,58,251,73.79,0.38,18.26,13.326,0.3514906832298091,-0.00016088154217908722,0.04299999999999926,-0.003741431213467209,0.11780645161290323,0.030007501875469203,0.0,-0.16999019287348727
2,3,73938,58,251,71.59,0.38,18.16,13.347,0.34520758417783143,-0.00037389424455404454,0.04299999999999926,-0.008695214989629092,0.11716129032258064,-0.07501875468867332,-0.4651162790697759,-0.39540205417487373
2,3,73960,58,251,67.95,0.36,17.76,13.369,0.3344883949002898,-0.0005837070604045209,0.04300000000000104,-0.01357458280010481,0.11458064516129034,-0.17854463615903565,-1.1627906976743903,-0.6063693105361772
2,3,73981,58,251,64.54,0.33,16.97,13.39,0.3191337038247752,-0.0007830803337451293,0.045999999999999375,-0.017023485516198696,0.10948387096774193,-0.237026647966343,-1.5217391304348034,-0.7273618829682893
2,3,74006,66,238,60.57,0.29,16.07,13.415,0.30102974828374895,-0.0009649470550401897,0.04699999999999882,-0.020530788405110936,0.1036774193548387,-0.23198352779684842,-1.489361702127697,-0.8600363072343307
2,3,74028,66,238,57.71,0.26,15.28,13.437,0.27871199738476266,-0.0011227880169917678,0.04300000000000104,-0.026111349232366063,0.09858064516129032,-0.23705926481619818,-1.395348837209268,-1.0803804252795397
2,3,74049,66,238,55.29,0.23,14.49,13.458,0.25457338999672763,-0.0012509392728896902,0.04300000000000104,-0.029091610997433955,0.09348387096774194,-0.20855213803450362,-0.9302325581395127,-1.141123790264294
2,3,74071,66,238,53.2,0.22,13.89,13.48,0.22964367440339684,-0.0013448170647058185,0.04299999999999926,-0.03127481545827539,0.08961290322580645,-0.17854463615904273,-0.6976744186046632,-1.1646913035875879
2,3,74092,66,238,51.32,0.2,13.3,13.501,0.2044916639424622,-0.0014010616992731074,0.04299999999999926,-0.032582830215654224,0.08580645161290323,-0.17854463615904304,-1.1627906976744384,-1.1262990641416537
2,3,74114,48,243,49.45,0.17,12.7,13.523,0.18121281464530656,-0.001417613432138383,0.04300000000000104,-0.032967754235775554,0.08193548387096773,-0.18004501125280906,-0.9302325581395127,-1.0221458601001623
2,3,74135,48,243,47.69,0.16,12.1,13.544,0.16053939195815417,-0.0013937386126374757,0.04300000000000104,-0.03241252587528935,0.07806451612903226,-0.16354088522130136,-0.6976744186046343,-0.9033960026456095
2,3,74157,48,243,46.26,0.14,11.61,13.566,0.14236678653154441,-0.0013300238758264821,0.04299999999999926,-0.03093078780991872,0.0749032258064516,-0.1485371342835735,-0.6976744186046632,-0.7765115518827432
2,3,74178,48,243,44.72,0.13,11.11,13.587,0.1271493952271968,-0.001228351865978306,0.04499999999999993,-0.027296708132851285,0.0716774193548387,-0.14193548387096772,-0.44444444444444553,-0.6337583088155097
2,3,74202,48,243,43.17,0.12,10.62,13.611,0.11384766263484652,-0.0010918655105091376,0.04499999999999993,-0.024263678011314207,0.06851612903225807,-0.14193548387096802,-0.6666666666666677,-0.5497802477207451
2,3,74223,21,254,41.96,0.1,10.12,13.632,0.1024092840797633,-0.00092492043827421,0.04299999999999926,-0.021509777634284324,0.06529032258064515,-0.13503375843961204,-0.4651162790697752,-0.5146840812851161
2,3,74245,21,254,40.64,0.1,9.72,13.654,0.09171624713958691,-0.0007330179242535255,0.04300000000000104,-0.01704692847101181,0.06270967741935485,-0.11852963240809894,-0.2325581395348783,-0.4433733474231423
2,3,74266,21,254,39.21,0.09,9.33,13.675,0.08334423014056772,-0.0005227050074795425,0.04299999999999926,-0.012155930406501198,0.06019354838709678,-0.13353338334583892,-0.46511627906977554,-0.3365592951032805
2,3,74288,21,254,37.89,0.08,8.83,13.697,0.0772441974501461,-0.00030142522589173557,0.04299999999999926,-0.007009888974226529,0.05696774193548387,-0.13503375843961238,-0.2325581395348876,-0.19386180314284265
2,3,74309,21,254,36.68,0.08,8.43,13.718,0.07500817260542562,-7.730361455146984e-05,0.04300000000000104,-0.0017977584779411157,0.054387096774193545,-0.11852963240809941,-0.232558139534878,-0.013380265628682015
2,3,74331,241,21,35.47,0.07,8.04,13.74,0.07666884602811276,0.00014114582634719143,0.04299999999999926,0.0032824610778417174,0.051870967741935475,-0.07351837959489986,-0.2325581395348876,0.13737579540357545
2,3,74352,241,21,35.8,0.07,7.94,13.761,0.08091533180777927,0.0003453924450929744,0.04299999999999926,0.008032382444022799,0.051225806451612906,-0.015003750937734438,0.0,0.3050852611812661
2,3,74374,241,21,35.8,0.07,7.94,13.783,0.08978751225890698,0.000527329397897951,0.04499999999999993,0.01171843106439893,0.051225806451612906,0.014336917562723796,0.22222222222222246,0.43260324724855126
2,3,74397,241,21,39.1,0.08,8.04,13.806,0.10038247793396404,0.0006797545471590744,0.04499999999999993,0.01510565660353501,0.051870967741935475,0.14193548387096788,0.6666666666666677,0.5399004758272429
2,3,74419,241,21,43.61,0.1,8.93,13.828,0.11408303367113287,0.0007968489021809173,0.04300000000000104,0.01853136981816042,0.05761290322580645,0.29707426856713476,0.9302325581395123,0.6736507598622187
2,3,74440,221,0,47.69,0.12,10.02,13.849,0.12934946060804015,0.0008745990464285445,0.04300000000000104,0.02033951270764008,0.06464516129032258,0.31207801950486874,1.1627906976743903,0.7229144651314569
2,3,74462,221,0,51.1,0.15,11.01,13.871,0.14516835567178626,0.0009111080227959701,0.04299999999999926,0.021188558669674087,0.07103225806451613,0.268567141785451,1.1627906976744389,0.758265735116359
2,3,74483,221,0,53.53,0.17,11.81,13.892,0.16195488721804302,0.0009067488074241083,0.04299999999999926,0.02108718156800288,0.07619354838709677,0.22355588897224685,0.9302325581395511,0.7797045698168614
2,3,74505,221,0,55.51,0.19,12.5,13.914,0.17869565217391073,0.0008641345726061776,0.04300000000000104,0.02009615285130597,0.08064516129032258,0.17854463615903565,0.930232558139512,0.7467860754008102
2,3,74526,221,0,57.16,0.21,13.0,13.935,0.19406668846027864,0.0007879047379395256,0.04300000000000104,0.018323365998593178,0.08387096774193549,0.14853713428356738,0.6976744186046343,0.6740308810448519
2,3,74548,15,224,58.48,0.22,13.49,13.957,0.20767898005884006,0.0006843488015936945,0.04299999999999926,0.01591508840915596,0.08703225806451613,0.08852213053263447,0.4651162790697759,0.5247192805066273
2,3,74569,15,224,58.15,0.23,13.59,13.978,0.21662961752206322,0.0005609072574911274,0.04299999999999926,0.01304435482537528,0.0876774193548387,0.015003750937734602,0.0,0.3155766058219377
2,3,74591,15,224,57.82,0.22,13.59,14.0,0.22124877410918314,0.00042559948229721733,0.04499999999999993,0.00945776627327151,0.0876774193548387,0.0,0.0,0.10395554102647812
2,3,74614,15,224,57.6,0.23,13.59,14.023,0.22130761686825473,0.0002864323632423886,0.04499999999999993,0.0063651636276086465,0.0876774193548387,0.0,0.0,-0.10860484544694946
2,3,74636,15,224,56.94,0.22,13.59,14.045,0.21636155606407043,0.00015084112343765986,0.04300000000000104,0.0035079331032013077,0.0876774193548387,-0.01500375093773398,-0.2325581395348783,-0.307594060986631
2,3,74657,51,255,55.95,0.22,13.49,14.066,0.20808107224582928,2.5206844933197914e-05,0.04299999999999926,0.0005862056961208917,0.08703225806451613,-0.030007501875469203,-0.23255813953488794,-0.42383511863582257
2,3,74679,51,255,54.52,0.21,13.39,14.088,0.19813664596273037,-8.551384834281884e-05,0.04299999999999926,-0.001988694147507449,0.08638709677419355,-0.07351837959489986,-0.4651162790697752,-0.44861901974349644
2,3,74700,51,255,52.65,0.2,13.0,14.109,0.18879045439685926,-0.00017802053159391917,0.04300000000000104,-0.0041400123626491835,0.08387096774193549,-0.1335333833458334,-0.6976744186046343,-0.4208701734112689
2,3,74722,51,255,50.55,0.18,12.5,14.131,0.18003922850604537,-0.00025074456638928135,0.04299999999999926,-0.005831268985797341,0.08064516129032258,-0.1635408852213081,-0.9302325581395511,-0.3657526019294966
2,3,74743,51,255,48.46,0.16,11.91,14.152,0.17306309251389118,-0.00030376113713019315,0.04299999999999926,-0.007064212491399962,0.07683870967741936,-0.17854463615904273,-0.9302325581395504,-0.2744474938610427
2,3,74765,239,40,46.59,0.14,11.31,14.174,0.16823798627002073,-0.00033854380051599617,0.04300000000000104,-0.007873111639906697,0.07296774193548387,-0.10502625656413851,-0.465116279069756,-0.18435877357700947
2,3,74786,239,40,46.7,0.14,11.21,14.195,0.16513566525007958,-0.0003575848450575876,0.04600000000000115,-0.007773583588208231,0.0723225806451613,-0.014025245441794796,0.0,-0.09316770186335101
2,3,74811,239,40,46.7,0.14,11.21,14.22,0.16395227198430648,-0.00036392351851407233,0.045999999999999375,-0.00791138083726255,0.0723225806451613,0.0,0.0,-0.031126966755262296
2,3,74832,239,40,48.13,0.14,11.21,14.241,0.16370382477933754,-0.0003606399023171125,0.04299999999999926,-0.008386974472491133,0.0723225806451613,0.045011252813203805,0.4651162790697752,0.022047028592714984
2,3,74854,239,40,51.1,0.16,11.51,14.263,0.1649002942137932,-0.0003503803215341836,0.04300000000000104,-0.008148379570562213,0.07425806451612903,0.16354088522130136,0.930232558139512,0.055649741137471745
2,3,74875,11,241,54.08,0.18,12.3,14.284,0.16609676364824888,-0.0003349782538550361,0.04299999999999926,-0.007790191950117252,0.07935483870967742,0.1635408852213081,0.6976744186046632,0.056029862320108474
2,3,74897,11,241,54.08,0.19,12.6,14.306,0.16730957829355783,-0.0003152223811849915,0.04299999999999926,-0.0073307530508138815,0.08129032258064516,0.045011252813203805,0.23255813953488794,0.04417008142195814
2,3,74918,11,241,53.75,0.19,12.6,14.327,0.16799607714939305,-0.00029080172932086334,0.04300000000000104,-0.006762830914438519,0.08129032258064516,0.0,0.0,0.0063100116317074
2,3,74940,11,241,52.87,0.19,12.6,14.349,0.16758090879372126,-0.00026043023845025105,0.04299999999999926,-0.0060565171732617565,0.08129032258064516,-0.030007501875469203,-0.23255813953488794,-0.07283121859248769
2,3,74961,11,241,51.54,0.18,12.4,14.37,0.16486433474991613,-0.0002221259638825881,0.04299999999999926,-0.005165720090292835,0.08,-0.060015003750938725,-0.4651162790697752,-0.20283266305298261
2,3,74983,67,247,50.33,0.17,12.2,14.392,0.15885910428244315,-0.00017359959948151272,0.04499999999999993,-0.0038577688773669553,0.07870967741935483,-0.07025089605734766,-0.4444444444444449,-0.31375540300025045
2,3,75006,67,247,48.9,0.16,11.91,14.415,0.15074534161490488,-0.00011269569403117074,0.04499999999999993,-0.002504348756248243,0.07683870967741936,-0.09892473118279588,-0.44444444444444553,-0.3524027459954189
2,3,75028,67,247,47.69,0.15,11.51,14.437,0.14300098071264933,-3.7826996723898885e-05,0.04300000000000104,-0.0008796975982301854,0.07425806451612903,-0.10502625656413851,-0.6976744186046343,-0.35548932999839034
2,3,75049,67,247,46.37,0.13,11.21,14.458,0.13545930042497373,5.165381944911829e-05,0.04300000000000104,0.0012012516150957451,0.0723225806451613,-0.09002250562640421,-0.6976744186046343,-0.3182374541003552
2,3,75071,67,247,45.27,0.12,10.91,14.48,0.12931677018633372,0.00015519145575015436,0.04299999999999926,0.003609103622096675,0.07038709677419355,-0.10352588147036972,-0.46511627906977554,-0.20587363251404645
2,3,75092,245,14,44.06,0.11,10.52,14.501,0.12660673422686988,0.00027090683595324804,0.04299999999999926,0.00630015897565704,0.06787096774193548,-0.0735183795949002,-0.2325581395348876,-0.024935949580726972
2,3,75114,245,14,44.28,0.11,10.42,14.523,0.12824452435436248,0.0003956327883252566,0.04400000000000048,0.00899165428011937,0.0672258064516129,-0.01466275659824022,0.0,0.1862611073137342
2,3,75136,245,14,44.17,0.11,10.42,14.545,0.13480222294867428,0.0005251024995579048,0.04300000000000104,0.012211686036230048,0.0672258064516129,0.01500375093773398,0.232558139534878,0.40376472019278287
2,3,75157,245,14,46.92,0.12,10.52,14.566,0.14560640732265256,0.0006542668695678096,0.04400000000000048,0.01486970158108642,0.06787096774193548,0.1304985337243389,0.6818181818181747,0.5842669915896322
2,3,75180,245,14,50.66,0.14,11.31,14.589,0.16050997057861838,0.0007776990035948312,0.045999999999999375,0.016906500078148735,0.07296774193548387,0.2496493688639588,1.3043478260869743,0.7135750529442699
2,3,75203,242,69,54.74,0.18,12.3,14.612,0.17843085975808853,0.0008900313324715636,0.04499999999999993,0.019778474054923667,0.07935483870967742,0.2709677419354842,1.5555555555555576,0.8504594820384201
2,3,75225,242,69,58.15,0.21,13.2,14.634,0.19878064727034722,0.0009863668451712063,0.04299999999999926,0.02293876384119124,0.08516129032258064,0.268567141785451,1.1627906976744389,0.9877829051901792
2,3,75246,242,69,61.01,0.23,14.09,14.655,0.2209055246812655,0.001062612904737417,0.04299999999999926,0.024711928017149658,0.09090322580645162,0.2520630157539429,1.1627906976744389,1.0536198940222186
2,3,75268,242,69,63.44,0.26,14.88,14.677,0.24408630271330184,0.0011157027991864138,0.04800000000000004,0.0232438083163836,0.096,0.20026881720430084,1.041666666666666,0.9410755148741293
2,3,75294,242,69,65.97,0.28,15.58,14.703,0.26607714939522376,0.0011436917030634567,0.04800000000000004,0.02382691048048866,0.10051612903225807,0.1733870967741935,0.8333333333333321,0.9028685845047273
2,3,75316,234,60,67.62,0.3,16.17,14.725,0.2874239947695288,0.0011457345386236694,0.04300000000000104,0.02664498927031725,0.1043225806451613,0.14853713428356738,0.930232558139512,0.9680926279297474
2,3,75337,234,60,68.94,0.32,16.57,14.746,0.3077051323962039,0.0011219696087737515,0.04300000000000104,0.02609231648310987,0.10690322580645162,0.10502625656413851,0.697674418604635,0.9079574568372056
2,3,75359,234,60,69.83,0.33,16.87,14.768,0.3264661654135296,0.0010733420953665594,0.04299999999999926,0.024961444078292507,0.10883870967741936,0.08852213053263447,0.4651162790697759,0.8396876924363512
2,3,75380,234,60,70.6,0.34,17.16,14.789,0.3438117031709664,0.0010014049516302458,0.04099999999999859,0.024424511015372685,0.11070967741935483,0.0771046420141646,0.4878048780487963,0.7937393855795541
2,3,75400,234,60,71.37,0.35,17.36,14.809,0.3590094802222902,0.0009081315876120861,0.04100000000000037,0.022149550917367755,0.112,0.06294256490951945,0.48780487804877515,0.6818743571548033
2,3,75421,255,33,71.92,0.36,17.56,14.83,0.37176855181431356,0.0007957662826689962,0.04400000000000048,0.018085597333386078,0.11329032258064516,0.058651026392961506,0.45454545454545,0.5491990846681796
2,3,75444,255,33,72.91,0.37,17.76,14.853,0.38317423994769034,0.0006667264611922903,0.04400000000000048,0.015152874118006431,0.11458064516129034,0.0733137829912014,0.45454545454545,0.47089066539866314
2,3,75465,255,33,74.23,0.38,18.06,14.874,0.39248774109185497,0.0005235580613449394,0.04300000000000104,0.012175768868486668,0.11651612903225805,0.10352588147036479,0.4651162790697566,0.36316777788757776
2,3,75487,255,33,75.77,0.39,18.45,14.896,0.39879045439685656,0.0003689334428895599,0.04299999999999926,0.00857984750905968,0.11903225806451613,0.11852963240810463,0.6976744186046625,0.23879212693006546
2,3,75508,255,33,77.09,0.41,18.85,14.917,0.4027558025498476,0.00020567290590730992,0.04299999999999926,0.0047830908350538015,0.12161290322580647,0.10502625656414252,0.6976744186046625,0.10255669507438911
2,3,75530,0,235,78.41,0.42,19.15,14.939,0.4032003922850552,3.6767888703970185e-05,0.04300000000000104,0.0008550671791620767,0.12354838709677418,0.07501875468867023,0.2325581395348783,-0.03945657875730443
2,3,75551,0,235,78.08,0.42,19.35,14.96,0.4010591696632835,-0.00013461298245516672,0.041999999999999815,-0.003205071010837317,0.12483870967741936,0.015360983102918892,0.0,-0.15963822599977942
2,3,75572,0,235,76.21,0.42,19.25,14.981,0.3964955867930645,-0.0003051457432258928,0.041999999999999815,-0.007265374838711766,0.12419354838709677,-0.06144393241167491,-0.4761904761904774,-0.2894659007767858
2,3,75593,0,235,73.35,0.4,18.95,15.002,0.3889016018306585,-0.0004714013391709919,0.045999999999999375,-0.010247855199369528,0.12225806451612903,-0.1122019635343633,-0.8695652173913158,-0.394985573574769
2,3,75618,0,235,70.27,0.38,18.45,15.027,0.3783262504086254,-0.0006299158557750922,0.045999999999999375,-0.013693822951632625,0.11903225806451613,-0.15287517531557007,-0.869565217391317,-0.5214122262177184
2,3,75639,65,224,67.51,0.36,17.86,15.048,0.3649166394246438,-0.0007772677457036856,0.04300000000000104,-0.018075994086131787,0.1152258064516129,-0.16354088522130136,-0.930232558139512,-0.6839140317933111
2,3,75661,65,224,65.31,0.34,17.36,15.07,0.3489179470415123,-0.0009101501788292766,0.04299999999999926,-0.02116628322858819,0.112,-0.14853713428357318,-0.9302325581395504,-0.8093540220622353
2,3,75682,65,224,63.44,0.32,16.87,15.091,0.3301144164759683,-0.0010254324651616463,0.04299999999999926,-0.023847266631666603,0.10883870967741936,-0.13353338334583892,-0.9302325581395517,-0.922326037540771
2,3,75704,65,224,61.68,0.3,16.47,15.113,0.3092579274272598,-0.0011202121867918428,0.04300000000000104,-0.026051446204460833,0.10625806451612903,-0.1350337584396068,-0.930232558139512,-0.9988064194864957
2,3,75725,65,224,60.13,0.28,15.97,15.134,0.28716574043804793,-0.0011918658793821386,0.04300000000000104,-0.02771781114842116,0.10303225806451613,-0.13353338334583306,-0.6976744186046336,-1.014771509157083
2,3,75747,53,255,58.81,0.27,15.58,15.156,0.2656227525335042,-0.0012381085518811208,0.04299999999999926,-0.028793222136770744,0.10051612903225807,-0.11852963240810399,-0.6976744186046637,-0.9924203836183018
2,3,75768,53,255,57.05,0.25,15.18,15.177,0.2444916639424617,-0.0012570704629620657,0.04299999999999926,-0.029234196813071798,0.09793548387096775,-0.1485371342835735,-0.9302325581395511,-0.9626949071363984
2,3,75790,53,255,54.85,0.23,14.59,15.199,0.22422687152663978,-0.001247394116162047,0.04499999999999993,-0.027719869248045533,0.09412903225806452,-0.19928315412186445,-0.8888888888888905,-0.8464639860520768
2,3,75813,53,255,52.54,0.21,13.79,15.222,0.2064007845701183,-0.0012083469509055415,0.04499999999999993,-0.02685215446456763,0.08896774193548386,-0.19928315412186415,-0.8888888888888905,-0.787403290835776
2,3,75835,53,255,50.33,0.19,13.2,15.244,0.18879372343902992,-0.001139938026644071,0.04300000000000104,-0.026510186666140544,0.08516129032258064,-0.19354838709676933,-0.930232558139512,-0.7997749682598521
2,3,75856,53,234,48.35,0.17,12.5,15.265,0.17201046093494382,-0.0010430226076133967,0.04300000000000104,-0.02425633971193887,0.08064516129032258,-0.19354838709676933,-0.9302325581395127,-0.7626751408348701
2,3,75878,53,234,46.92,0.15,11.91,15.287,0.15599869238312972,-0.000919378141877619,0.04299999999999926,-0.021380887020410112,0.07683870967741936,-0.1485371342835735,-0.6976744186046632,-0.7100663691584906
2,3,75899,53,234,45.71,0.14,11.51,15.308,0.14147760706112925,-0.0007717379259060309,0.04299999999999926,-0.017947393625721956,0.07425806451612903,-0.12003000750187777,-0.4651162790697752,-0.6400480473174874
2,3,75921,53,234,44.5,0.13,11.11,15.33,0.12847662634847823,-0.0006037729802039671,0.04300000000000104,-0.014041232097766337,0.0716774193548387,-0.10502625656413819,-0.4651162790697566,-0.5384796673179211
2,3,75942,53,234,43.61,0.12,10.81,15.351,0.11832298136645808,-0.00042001680961892165,0.04299999999999926,-0.009767832781835555,0.06974193548387098,-0.1035258814703694,-0.46511627906977554,-0.4122034104472529
2,3,75964,222,55,42.62,0.11,10.42,15.373,0.11075187969924666,-0.00022573118697410166,0.04299999999999926,-0.005249562487769896,0.0672258064516129,-0.0735183795949002,-0.2325581395348876,-0.24707876871146636
2,3,75985,222,55,42.84,0.11,10.32,15.394,0.10769859431186521,-2.6714352458558465e-05,0.04499999999999993,-0.0005936522768568558,0.06658064516129032,-0.01433691756272395,0.0,-0.0345792016272557
2,3,76009,222,55,42.84,0.11,10.32,15.418,0.10919581562602015,0.00017094301243426814,0.0470000000000006,0.0036370853709418293,0.06658064516129032,-0.013726835964309968,-0.2127659574468057,0.15183657571309972
2,3,76032,222,55,43.5,0.1,10.22,15.441,0.11483491337038099,0.0003611436616738697,0.04400000000000048,0.008207810492587857,0.06593548387096775,0.0,0.0,0.33894023596539913
2,3,76053,222,55,45.27,0.11,10.32,15.462,0.12410918600849788,0.000538095461541408,0.04299999999999926,0.012513847942823658,0.06658064516129032,0.07501875468867332,0.4651162790697752,0.5018359853121198
2,3,76075,243,79,47.36,0.12,10.72,15.484,0.13641386073880177,0.0006966268799818316,0.04300000000000104,0.016200625115856158,0.06916129032258064,0.14853713428356738,0.6976744186046346,0.6264397089791993
2,3,76096,243,79,50.11,0.14,11.31,15.505,0.1510460934946041,0.0008324786366097748,0.04299999999999926,0.019359968293250908,0.07296774193548387,0.2070517629407388,0.9302325581395511,0.716072283844092
2,3,76118,243,79,53.31,0.16,12.1,15.527,0.1672049689440972,0.0009425401297648044,0.04299999999999926,0.02191953790150746,0.07806451612903226,0.25356339084771634,1.1627906976744384,0.7871549449964685
2,3,76139,243,79,56.5,0.19,13.0,15.548,0.18489375612945166,0.0010250000521622837,0.04300000000000104,0.023837210515401372,0.08387096774193549,0.2685671417854399,1.1627906976743903,0.8568691698913301
2,3,76161,243,79,59.47,0.21,13.89,15.57,0.20405034324942528,0.0010793877378058206,0.04299999999999926,0.025102040414089283,0.08961290322580645,0.2520630157539426,1.1627906976744384,0.888951397705592
2,3,76182,223,55,62.12,0.24,14.68,15.591,0.22311866623079146,0.0011064949563036476,0.04499999999999993,0.024588776806747762,0.09470967741935483,0.19928315412186415,1.1111111111111132,0.8295376121462978
2,3,76206,223,55,63.99,0.26,15.28,15.615,0.24137953579600863,0.0011081847509084178,0.04499999999999993,0.024626327797964878,0.09858064516129032,0.1433691756272404,0.6666666666666683,0.7962660273872997
2,3,76227,223,55,65.09,0.27,15.68,15.636,0.2589506374632199,0.0010871109084797687,0.04299999999999926,0.02528164903441366,0.10116129032258064,0.1035258814703694,0.4651162790697759,0.7901959144575336
2,3,76249,223,55,65.75,0.28,15.97,15.658,0.275357960117682,0.0010463849010852063,0.04300000000000104,0.0243345325833763,0.10303225806451613,0.07351837959489715,0.46511627906975533,0.7033002121075946
2,3,76270,223,55,66.63,0.29,16.17,15.679,0.2891925465838472,0.000989233699287748,0.04300000000000104,0.023005434867156376,0.1043225806451613,0.06001500375093657,0.46511627906975533,0.6043166561499571
2,3,76292,235,3,67.29,0.3,16.37,15.701,0.30134357633213077,0.0009186906426300077,0.04299999999999926,0.0213648986658145,0.10561290322580646,0.07501875468867365,0.4651162790697759,0.5336901404167675
2,3,76313,235,3,68.06,0.31,16.67,15.722,0.3121412226217678,0.0008373536094956933,0.04299999999999926,0.019473339755714133,0.10754838709677421,0.07501875468867332,0.4651162790697759,0.49218090727324015
2,3,76335,235,3,68.94,0.32,16.87,15.744,0.32250735534487973,0.0007472326489338208,0.04300000000000104,0.017377503463576808,0.10883870967741936,0.0735183795948965,0.4651162790697566,0.46184723689910645
2,3,76356,235,3,69.83,0.33,17.16,15.765,0.33200065380842986,0.0006496960280603404,0.04300000000000104,0.015109209954891272,0.11070967741935483,0.07351837959489683,0.2325581395348783,0.44725058348599916
2,3,76378,235,3,70.6,0.33,17.36,15.787,0.34173913043477816,0.0005455116062276808,0.04499999999999993,0.012122480138392927,0.112,0.057347670250896106,0.22222222222222276,0.4142239657113732
2,3,76401,240,29,71.37,0.34,17.56,15.81,0.3506407322654416,0.00043497064320244407,0.04499999999999993,0.009666014293387662,0.11329032258064516,0.05734767025089642,0.4444444444444443,0.40078457012094953
2,3,76423,240,29,72.25,0.35,17.76,15.832,0.35977443609022086,0.00031807371319252553,0.04299999999999926,0.007397063097500721,0.11458064516129034,0.06001500375093905,0.46511627906977454,0.40467701103111897
2,3,76444,240,29,73.02,0.36,17.96,15.853,0.36804184373977944,0.00019475316288841072,0.04299999999999926,0.004529143322986374,0.11587096774193549,0.060015003750938406,0.4651162790697759,0.32165854474406663
2,3,76466,240,29,73.79,0.37,18.16,15.875,0.3736057535142155,6.510355496016019e-05,0.04300000000000104,0.0015140361618641539,0.11716129032258064,0.07351837959489683,0.4651162790697566,0.18945239742429254
2,3,76487,240,29,74.56,0.38,18.45,15.896,0.3761882968290242,-7.040882374447932e-05,0.04299999999999926,-0.0016374145056855937,0.11903225806451613,0.058514628657165585,0.4651162790697759,0.046602856990808815
2,3,76509,63,238,75.22,0.39,18.55,15.918,0.37560967636482023,-0.00021078346779079737,0.04299999999999926,-0.004901941111413977,0.11967741935483872,0.030007501875469203,0.23255813953488794,-0.1023286223648104
2,3,76530,63,238,75.0,0.39,18.65,15.939,0.37178816606733744,-0.0003543899267613142,0.04300000000000104,-0.008241626203751294,0.12032258064516128,0.015003750937733658,-0.2325581395348783,-0.2527805864509504
2,3,76552,63,238,73.13,0.38,18.65,15.961,0.3647401111474291,-0.0004989492790821935,0.04299999999999926,-0.011603471606562839,0.12032258064516128,-0.05851462865716494,-0.4651162790697759,-0.4001915810760488
2,3,76573,63,238,70.82,0.37,18.26,15.982,0.35457992808106764,-0.0006415922868463611,0.04499999999999993,-0.014257606374363602,0.11780645161290323,-0.11326164874551982,-0.6666666666666683,-0.5160001452907584
2,3,76597,63,238,67.95,0.35,17.86,16.006,0.341520104609345,-0.000778983159106378,0.045000000000001705,-0.017310736869029966,0.1152258064516129,-0.14336917562723478,-0.8888888888888548,-0.6704442265082654
2,3,76618,4,246,65.09,0.33,17.26,16.027,0.32440993788819456,-0.0009074899619527023,0.04299999999999926,-0.02110441771983065,0.11135483870967743,-0.1785446361590424,-1.1627906976744384,-0.861050502900328
2,3,76640,4,246,62.45,0.3,16.67,16.049,0.30449493298463154,-0.0010233792061828523,0.04299999999999926,-0.02379951642285744,0.10754838709677421,-0.19354838709677763,-1.3953488372093263,-0.9740225183788638
2,3,76661,4,246,59.91,0.27,15.97,16.07,0.28252696959790413,-0.0011230132962312123,0.04299999999999926,-0.026116588284447247,0.10303225806451613,-0.19354838709677763,-1.1627906976744384,-1.0635030447706775
2,3,76683,4,246,57.6,0.25,15.38,16.092,0.2587643020594932,-0.0012030341104985584,0.04299999999999926,-0.027977537453455326,0.09922580645161291,-0.19354838709677763,-0.9302325581395511,-1.1062286656986293
2,3,76704,4,246,55.18,0.23,14.68,16.113,0.23495913697286389,-0.0012605221119451127,0.043000000000002814,-0.029314467719651866,0.09470967741935483,-0.19354838709676164,-0.9302325581394741,-1.0999186540668295
2,3,76726,2,255,53.2,0.21,14.09,16.135,0.21146779993461642,-0.0012931263343951632,0.04299999999999926,-0.030072705451050823,0.09090322580645162,-0.17854463615904273,-0.9302325581395511,-1.0552924272258035
2,3,76747,2,255,51.32,0.19,13.49,16.156,0.1895815626021551,-0.0012991651558199476,0.04299999999999926,-0.03021314315860395,0.08703225806451613,-0.17854463615904304,-0.9302325581395504,-0.9578293559986971
2,3,76769,2,255,49.34,0.17,12.9,16.178,0.17028113762667316,-0.0012777003390332276,0.043000000000002814,-0.029713961372863813,0.0832258064516129,-0.17854463615902796,-0.9302325581394741,-0.8559568790529754
2,3,76790,2,255,47.47,0.15,12.3,16.199,0.15277541680287476,-0.0012285873246768518,0.045999999999999375,-0.026708420101671054,0.07935483870967742,-0.18092566619916106,-0.8695652173913163,-0.7082450928834375
2,3,76815,2,255,45.6,0.13,11.61,16.224,0.13770186335403548,-0.0011525037009583788,0.045999999999999375,-0.02505442828170423,0.0749032258064516,-0.16690042075736572,-0.6521739130434872,-0.6211180124223604
2,3,76836,43,241,44.06,0.12,11.11,16.245,0.12420398823144657,-0.0010509561479349703,0.04299999999999926,-0.02444084064965089,0.0716774193548387,-0.14853713428357318,-0.46511627906977554,-0.579380706569257
2,3,76858,43,241,42.62,0.11,10.62,16.267,0.11278849297155785,-0.000926264951749916,0.04299999999999926,-0.0215410453895333,0.06851612903225807,-0.13353338334583859,-0.4651162790697752,-0.5070056333959287
2,3,76879,43,241,41.52,0.1,10.22,16.288,0.10240274599542201,-0.0007815247030136962,0.04299999999999926,-0.018174993093342084,0.06593548387096775,-0.12003000750187745,-0.2325581395348876,-0.45340854664467184
2,3,76901,43,241,40.53,0.1,9.82,16.31,0.0932919254658373,-0.0006205396184687189,0.04299999999999926,-0.01443115391787743,0.06335483870967742,-0.10352588147036955,-0.23255813953488794,-0.3452260580673135
2,3,76922,43,241,39.65,0.09,9.53,16.331,0.08755802549852779,-0.0004477316952868158,0.043000000000002814,-0.010412365006669453,0.06148387096774193,-0.08852213053262747,-0.2325581395348687,-0.2087625535020402
2,3,76944,217,43,38.77,0.09,9.23,16.353,0.08431513566524898,-0.00026801987976389973,0.04200000000000159,-0.006381425708664038,0.059548387096774194,-0.061443932411671814,0.0,-0.11036909042792754
2,3,76964,217,43,38.99,0.09,9.13,16.373,0.08292252370055465,-8.666920328611561e-05,0.04199999999999804,-0.002063552459193325,0.05890322580645162,-0.030721966205838752,-0.2380952380952491,-0.005837575304721732
2,3,76986,217,43,38.99,0.08,9.03,16.395,0.08406995750245068,9.088925677419546e-05,0.045999999999999375,0.0019758534081347106,0.05825806451612903,-0.014025245441795639,-0.21739130434782894,0.08620322071719928
2,3,77010,217,43,39.65,0.08,9.03,16.419,0.08688787185354577,0.0002592638233911657,0.045999999999999375,0.00563617007372107,0.05825806451612903,0.014025245441795639,0.0,0.16885313472717728
2,3,77032,217,43,41.3,0.08,9.13,16.441,0.09183720169990073,0.00041332573332867283,0.04299999999999926,0.009612226356480928,0.05890322580645162,0.060015003750938885,0.2325581395348876,0.2672251913910169
2,3,77053,218,14,43.5,0.09,9.43,16.462,0.0983785550833593,0.000548439511124748,0.043000000000002814,0.01275440723545842,0.060838709677419354,0.1185296324080942,0.46511627906973707,0.3474307609265561
2,3,77075,218,14,45.38,0.1,9.92,16.484,0.10677672441974362,0.0006606854800603603,0.04299999999999926,0.015364778606055155,0.064,0.13353338334583875,0.6976744186046632,0.4384317720489308
2,3,77096,218,14,47.36,0.12,10.32,16.505,0.117231121281463,0.0007470576683741648,0.04299999999999926,0.01737343414823669,0.06658064516129032,0.13353338334583892,0.9302325581395511,0.516964808380914
2,3,77118,218,14,49.01,0.14,10.81,16.527,0.12900621118012254,0.0008056209275260588,0.04299999999999926,0.018735370407583087,0.06974193548387098,0.1485371342835735,0.4651162790697759,0.5945095296380515
2,3,77139,218,14,50.44,0.14,11.31,16.548,0.14279503105589877,0.0008356142200975629,0.04299999999999926,0.01943288883947854,0.07296774193548387,0.12003000750187713,0.23255813953488727,0.6500832465389996
2,3,77161,232,39,51.87,0.15,11.61,16.57,0.15695979078129904,0.0008374915307447743,0.043000000000002814,0.019476547226621385,0.0749032258064516,0.1185296324080942,0.6976744186046054,0.6504633677215778
2,3,77182,232,39,53.31,0.17,12.1,16.591,0.17076495586792845,0.0008128961272211833,0.04499999999999815,0.018064358382693702,0.07806451612903226,0.15627240143369814,0.666666666666694,0.6092768152264891
2,3,77206,232,39,55.29,0.18,12.7,16.615,0.18437724746648992,0.0007645670539867346,0.045999999999999375,0.016621022912755325,0.08193548387096773,0.15427769985974962,0.6521739130434872,0.5406000824367168
2,3,77228,232,39,57.05,0.2,13.2,16.637,0.19563255966001708,0.0006961791660272603,0.043000000000002814,0.0161902131634236,0.08516129032258064,0.13353338334582787,0.6976744186046054,0.4855667986953861
2,3,77249,232,39,58.7,0.21,13.59,16.658,0.2052566198103929,0.0006121211189923521,0.04400000000000048,0.013911843613462394,0.0876774193548387,0.14516129032257913,0.4545454545454493,0.384409640702537
2,3,77272,69,230,60.13,0.22,14.19,16.681,0.2125465838509289,0.0005172206928673582,0.04400000000000048,0.011755015746985285,0.0915483870967742,0.10263929618768217,0.45454545454545,0.27088472168563027
2,3,77293,69,230,59.91,0.23,14.29,16.702,0.21717554756456076,0.00041643349078294636,0.04299999999999926,0.009684499785650082,0.09219354838709677,0.015003750937734602,0.23255813953488794,0.1545572728585881
2,3,77315,69,230,59.69,0.23,14.29,16.724,0.21919254658384807,0.0003145180491264483,0.04299999999999926,0.007314373235498924,0.09219354838709677,0.0,0.0,0.05595383808358159
2,3,77336,69,230,58.92,0.23,14.29,16.745,0.21958156260215472,0.000215725648185904,0.04299999999999926,0.005016875539207156,0.09219354838709677,-0.015003750937734602,-0.23255813953488794,-0.02136281046397559
2,3,77358,69,230,57.71,0.22,14.19,16.767,0.21827394573389713,0.00012353454931624875,0.04299999999999926,0.0028728964957267645,0.0915483870967742,-0.030007501875469203,-0.4651162790697759,-0.12209492386172718
2,3,77379,2,225,56.5,0.21,14.09,16.788,0.21433148087610054,4.045519025170208e-05,0.045000000000001705,0.0008990042278155676,0.09090322580645162,-0.043010752688170464,-0.222222222222214,-0.19803131015944653
2,3,77403,2,225,55.4,0.21,13.89,16.812,0.2093625367767217,-3.207392547857246e-05,0.04499999999999815,-0.0007127538995238618,0.08961290322580645,-0.0716845878136232,-0.22222222222223093,-0.219606988485714
2,3,77424,2,225,54.52,0.2,13.59,16.833,0.20444916639424382,-9.368859954415143e-05,0.04299999999999926,-0.0021788046405616986,0.0876774193548387,-0.060015003750938725,-0.23255813953488727,-0.23453476968457598
2,3,77446,2,225,53.75,0.2,13.49,16.855,0.1992775416802851,-0.00014499808075650478,0.043000000000002814,-0.003372048389685937,0.08703225806451613,-0.043510877719426744,-0.2325581395348687,-0.2061017052236088
2,3,77467,2,225,53.09,0.19,13.3,16.876,0.19558679306962806,-0.00018738943451424638,0.04299999999999926,-0.004357893825912782,0.08580645161290323,-0.058514628657165266,-0.4651162790697759,-0.14946364901130613
2,3,77489,233,52,52.31,0.18,13.1,16.898,0.19285060477279906,-0.00022275519499560304,0.04299999999999926,-0.005180353371990858,0.08451612903225807,-0.045011252813204124,-0.23255813953488794,-0.10278476778397042
2,3,77510,233,52,52.42,0.18,13.0,16.919,0.1911670480549174,-0.0002531705922183978,0.04299999999999926,-0.005887688191125631,0.08387096774193549,-0.015003750937734602,0.0,-0.05002394763450578
2,3,77532,233,52,52.31,0.18,13.0,16.941,0.19069957502451534,-0.0002805527905609537,0.04299999999999926,-0.00652448350141764,0.08387096774193549,0.0,0.0,0.003877236062857634
2,3,77553,233,52,52.31,0.18,13.0,16.962,0.19133376920562029,-0.00030633817073539226,0.043000000000002814,-0.0071241435054737725,0.08387096774193549,0.0,0.2325581395348687,0.03299451865254383
2,3,77575,233,52,53.97,0.19,13.0,16.984,0.19211833932657482,-0.0003312141655092553,0.04299999999999926,-0.007702655011843279,0.08387096774193549,0.030007501875469203,0.4651162790697759,0.01862593794901802
2,3,77596,53,237,56.06,0.2,13.2,17.005,0.19213468453742805,-0.00035493898618758023,0.04499999999999815,-0.007887533026390996,0.08516129032258064,0.07025089605735044,0.22222222222223154,-0.024336202825905946
2,3,77620,53,237,56.06,0.2,13.49,17.029,0.1910232101994091,-0.00037627551426353277,0.045000000000001705,-0.008361678094744855,0.08703225806451613,0.04157706093189812,0.0,-0.0748247430169592
2,3,77641,53,237,55.84,0.2,13.49,17.05,0.18876757110166476,-0.0003930545912166803,0.04299999999999926,-0.0091408044468997,0.08703225806451613,-0.015003750937734602,0.0,-0.1449021948197091
2,3,77663,53,237,54.96,0.2,13.39,17.072,0.18479241582216172,-0.00040236832802294486,0.04299999999999926,-0.009357402977277949,0.08638709677419355,-0.02850712678169574,-0.23255813953488794,-0.23103765480435215
2,3,77684,53,237,53.75,0.19,13.3,17.093,0.17883295194507778,-0.00040087774675235364,0.04299999999999926,-0.009322738296566524,0.08580645161290323,-0.043510877719430664,-0.4651162790697759,-0.3100268365554957
2,3,77706,53,255,52.65,0.18,13.1,17.115,0.17146126185027563,-0.00038520413189272953,0.04299999999999926,-0.008958235625412468,0.08451612903225807,-0.06001500375093905,-0.4651162790697752,-0.3979108539802513
2,3,77727,53,255,51.1,0.17,12.9,17.136,0.16172278522392727,-0.00035236232584892943,0.043000000000002814,-0.008194472694160614,0.0832258064516129,-0.10502625656413417,-0.4651162790697368,-0.45728578270749076
2,3,77749,53,255,49.34,0.16,12.4,17.158,0.15179797319385224,-0.00030018760526612096,0.04299999999999926,-0.006981107099212235,0.08,-0.14853713428357318,-0.6976744186046632,-0.4637478428122906
2,3,77770,53,255,47.58,0.14,11.91,17.179,0.14178162798299912,-0.00022770587001416586,0.04299999999999926,-0.005295485349166739,0.07683870967741936,-0.1485371342835735,-0.6976744186046632,-0.42109824612086566
2,3,77792,53,255,45.82,0.13,11.41,17.201,0.13369074861065533,-0.0001354003906682788,0.045000000000001705,-0.0030088975704060817,0.07361290322580645,-0.15770609318995815,-0.444444444444428,-0.305183247974994
2,3,77815,232,40,44.06,0.12,10.81,17.224,0.12804838182412387,-2.533816848979953e-05,0.04499999999999815,-0.0005630704108844571,0.06974193548387098,-0.11326164874552429,-0.4444444444444628,-0.17783589408303863
2,3,77837,232,40,44.28,0.11,10.62,17.246,0.12568813337691892,9.886517461121613e-05,0.04299999999999926,0.002299190107237624,0.06851612903225807,-0.028507126781696063,-0.2325581395348876,-0.022807270957981907
2,3,77858,232,40,44.28,0.11,10.62,17.267,0.12706766917293066,0.00023224314768913068,0.043000000000002814,0.0054010034346305925,0.06851612903225807,0.0,0.0,0.15303678812804355
2,3,77880,232,40,45.6,0.11,10.62,17.289,0.13226871526642522,0.00036881943909156155,0.04299999999999926,0.00857719625794344,0.06851612903225807,0.043510877719430664,0.46511627906977554,0.34492196112120727
2,3,77901,232,40,48.13,0.13,10.91,17.31,0.14189931350114232,0.0005020554462131539,0.04399999999999693,0.01141035105029975,0.07038709677419355,0.1304985337243491,0.6818181818182296,0.49852893102323836
2,3,77924,239,42,50.77,0.14,11.51,17.333,0.15420398823144618,0.0006253554736933147,0.04400000000000048,0.014212624402120632,0.07425806451612903,0.18914956011729978,0.9090909090908993,0.6119052572141672
2,3,77945,239,42,53.53,0.17,12.2,17.354,0.16882314481856597,0.0007325752692695211,0.043000000000002814,0.017036634169057516,0.07870967741935483,0.2235558889722287,1.1627906976743423,0.7239027802062732
2,3,77967,239,42,56.28,0.19,13.0,17.376,0.18533180778031796,0.0008184810481925151,0.04299999999999926,0.01903444298122161,0.08387096774193549,0.22355588897224685,1.1627906976744384,0.8003831621520976
2,3,77988,239,42,58.81,0.22,13.69,17.397,0.20323962079110558,0.0008791147412818905,0.04499999999999815,0.019535883139598368,0.08832258064516128,0.199283154121872,0.8888888888889256,0.8070175438596713
2,3,78012,239,42,61.35,0.23,14.39,17.421,0.22164759725400168,0.000912035559051338,0.045000000000001705,0.020267456867806743,0.09283870967741936,0.1849462365591329,0.6666666666666414,0.8078166430568754
2,3,78033,224,29,63.33,0.25,14.98,17.442,0.23959136972866635,0.0009164251766522647,0.04299999999999926,0.021312213410518147,0.09664516129032258,0.1635408852213081,0.9302325581395511,0.8208336817777544
2,3,78055,224,29,64.54,0.27,15.48,17.464,0.2569434455704445,0.0008930606354887054,0.04299999999999926,0.020768851988109783,0.09987096774193549,0.12003000750187745,0.6976744186046637,0.7686050312839781
2,3,78076,224,29,65.53,0.28,15.78,17.485,0.27264138607387683,0.0008441729302753167,0.043000000000002814,0.01963192861105259,0.10180645161290322,0.0735183795948938,0.4651162790697361,0.7001832184099744
2,3,78098,224,29,66.19,0.29,15.97,17.507,0.2870513239620754,0.0007732186119274989,0.04299999999999926,0.017981828184360747,0.10303225806451613,0.058514628657165585,0.23255813953488663,0.6285683876019703
2,3,78119,224,29,66.74,0.29,16.17,17.528,0.2996698267407611,0.0006845956447939124,0.04299999999999926,0.01592082894869591,0.1043225806451613,0.06001500375093905,0.23255813953488794,0.5560412659555894
2,3,78141,233,18,67.4,0.3,16.37,17.55,0.3109610983981653,0.0005833331527699048,0.043000000000002814,0.013565887273717828,0.10561290322580646,0.060015003750933764,0.4651162790697374,0.43516272987825005
2,3,78162,233,18,68.06,0.31,16.57,17.571,0.31838182412552707,0.00047477886308712415,0.04299999999999926,0.011041368909003077,0.10690322580645162,0.060015003750938406,0.4651162790697759,0.2936816257022745
2,3,78184,233,18,68.72,0.32,16.77,17.593,0.3235894083033629,0.00036430039686032956,0.045999999999999375,0.007919573844789881,0.10819354838709677,0.05610098176718135,0.4347826086956585,0.18470088264138781
2,3,78208,233,18,69.6,0.33,16.97,17.617,0.3268780647270308,0.0002570094851858329,0.045000000000001705,0.005711321893018292,0.10948387096774193,0.05591397849462151,0.222222222222214,0.11223711452543818
2,3,78229,233,18,70.27,0.33,17.16,17.638,0.3286400784570078,0.00015751327908071743,0.04299999999999926,0.0036630995135051195,0.11070967741935483,0.058514628657165585,0.23255813953488794,0.010871465823304042
2,3,78251,42,236,70.82,0.34,17.36,17.66,0.32734553775743286,6.969480786795046e-05,0.04299999999999926,0.0016208094853012013,0.112,0.04501125281320445,0.23255813953488794,-0.08590738727506368
2,3,78272,42,236,70.71,0.34,17.46,17.681,0.32494606080418015,-3.474647937991904e-06,0.04299999999999926,-8.080576599981311e-05,0.11264516129032259,0.015003750937734924,0.0,-0.13737579540357642
2,3,78294,42,236,69.49,0.34,17.46,17.703,0.3214383785550792,-6.008544300595986e-05,0.04299999999999926,-0.0013973358838595556,0.11264516129032259,-0.030007501875469526,-0.23255813953488794,-0.17523586519382367
2,3,78315,42,236,67.51,0.33,17.26,17.724,0.31741091860084586,-9.939165138386485e-05,0.04299999999999926,-0.002311433753113176,0.11135483870967743,-0.07351837959490051,-0.6976744186046637,-0.20594965675057203
2,3,78337,42,236,65.31,0.31,16.97,17.746,0.31258254331480473,-0.00012185183466130667,0.04299999999999926,-0.0028337635967746223,0.10948387096774193,-0.11852963240810431,-0.9302325581395517,-0.23673947254384795
2,3,78358,230,38,63.11,0.29,16.47,17.767,0.3072311212814606,-0.00012909464106265035,0.043000000000002814,-0.0030022009549451603,0.10625806451612903,-0.10502625656413385,-0.4651162790697374,-0.25460516812757994
2,3,78380,230,38,63.11,0.29,16.27,17.789,0.3016345210853181,-0.0001237999012421902,0.045999999999999375,-0.002691302200917215,0.10496774193548387,-0.028050490883590674,0.0,-0.21085322000653878
2,3,78404,230,38,63.0,0.29,16.27,17.813,0.2975318731611599,-0.00010949520559949733,0.045999999999999375,-0.002380330556510844,0.10496774193548387,0.0,-0.21739130434782802,-0.15805108233722337
2,3,78426,230,38,62.89,0.28,16.27,17.835,0.2943641712978059,-9.027954220993451e-05,0.043000000000002814,-0.0020995242374402,0.10496774193548387,0.0,-0.23255813953486743,-0.10384910709533438
2,3,78447,230,38,63.0,0.28,16.27,17.856,0.29306636155606025,-7.049551773620522e-05,0.04299999999999926,-0.0016394306450280567,0.10496774193548387,0.0,0.23255813953488663,-0.035579342694451004
2,3,78469,230,21,63.77,0.29,16.27,17.878,0.29283425956194453,-5.437722363014785e-05,0.04299999999999926,-0.0012645865960499718,0.10496774193548387,0.0,0.23255813953488663,0.04302971787405872
2,3,78490,230,21,64.54,0.29,16.27,17.899,0.29491663942464474,-4.570199697695188e-05,0.04299999999999926,-0.001062837138998899,0.10496774193548387,0.015003750937734924,0.23255813953488794,0.11403635478990824
2,3,78512,230,21,65.53,0.3,16.37,17.921,0.2977378228179105,-4.747299954026474e-05,0.04299999999999926,-0.0011040232451224549,0.10561290322580646,0.030007501875469203,0.23255813953488794,0.14649870378676788
2,3,78533,230,21,66.3,0.3,16.47,17.942,0.30121608368747566,-6.165717389340842e-05,0.04299999999999926,-0.0014338877649630111,0.10625806451612903,0.045011252813204124,0.23255813953488794,0.16793753848726972
2,3,78555,230,21,66.96,0.31,16.67,17.964,0.304959136972863,-8.899987219488636e-05,0.04299999999999926,-0.0020697644696485557,0.10754838709677421,0.045011252813204124,0.23255813953488794,0.1299254202239674
2,3,78576,0,227,67.62,0.31,16.77,17.985,0.30680287675710616,-0.00012893263608359718,0.045000000000001705,-0.0028651696907464955,0.10819354838709677,0.02867383512544677,0.222222222222214,0.023391812865496017
2,3,78600,0,227,67.4,0.32,16.87,18.009,0.30601176855181034,-0.00017958376817320243,0.045000000000001705,-0.003990750403848792,0.10883870967741936,0.014336917562723693,0.0,-0.0955286767643696
2,3,78621,0,227,66.85,0.31,16.87,18.03,0.30250408630270936,-0.00023789278984860117,0.04299999999999926,-0.005532390461595471,0.10883870967741936,-0.015003750937734924,-0.23255813953488794,-0.18701962185544777
2,3,78643,0,227,65.53,0.31,16.77,18.052,0.2979699248120262,-0.0002998206744537768,0.04299999999999926,-0.006972573824506557,0.10819354838709677,-0.030007501875469203,-0.23255813953488794,-0.2706462820347139
2,3,78664,0,227,63.99,0.3,16.67,18.073,0.29086629617521687,-0.0003606391759459324,0.04299999999999926,-0.008386957580138106,0.10754838709677421,-0.060015003750938406,-0.4651162790697759,-0.37183454085162554
2,3,78686,28,238,62.56,0.29,16.37,18.095,0.2819810395554066,-0.0004152756989619313,0.04299999999999926,-0.009657574394463684,0.10561290322580646,-0.09002250562640857,-0.6976744186046625,-0.42839657282741833
2,3,78707,28,238,61.01,0.27,16.07,18.116,0.2724452435436382,-0.0004586856387607376,0.04400000000000048,-0.010424673608198468,0.1036774193548387,-0.10117302052785845,-0.6818181818181737,-0.45499123302325784
2,3,78730,28,238,59.25,0.26,15.68,18.139,0.26196142530238303,-0.0004862223547504936,0.04400000000000048,-0.011050508062511098,0.10116129032258064,-0.1304985337243386,-0.45454545454545,-0.48433831614608464
2,3,78751,28,238,57.71,0.25,15.18,18.16,0.25113435763321024,-0.0004939761818536041,0.04299999999999926,-0.011487818182642153,0.09793548387096775,-0.13503375843961238,-0.6976744186046632,-0.4975026038301041
2,3,78773,28,238,56.17,0.23,14.78,18.182,0.24056881333768892,-0.0004790581802909006,0.04499999999999815,-0.010645737339798228,0.09535483870967741,-0.11326164874552429,-0.666666666666694,-0.4503287203516177
2,3,78796,217,62,54.74,0.22,14.39,18.205,0.23086956521738827,-0.00043981134020373245,0.045000000000001705,-0.00977358533786035,0.09283870967741936,-0.08458781362006827,-0.444444444444428,-0.4108096327775761
2,3,78818,217,62,54.74,0.21,14.19,18.227,0.2220823798626973,-0.00037594071896175765,0.043000000000002814,-0.008742807417714722,0.0915483870967742,-0.030007501875467045,0.0,-0.3792088917946744
2,3,78839,217,62,54.74,0.22,14.19,18.248,0.2145635828702162,-0.00028856273652211507,0.04299999999999926,-0.006710761314467907,0.0915483870967742,0.0,0.0,-0.31344792719919135
2,3,78861,217,62,54.74,0.21,14.19,18.27,0.2086041189931323,-0.00018018037362512197,0.04400000000000048,-0.00409500849148,0.0915483870967742,0.0,-0.227272727272725,-0.20565247109868998
2,3,78883,217,62,54.85,0.21,14.19,18.292,0.20551487414187375,-5.459361338539459e-05,0.04400000000000048,-0.0012407639405771361,0.0915483870967742,-0.01466275659824022,0.0,-0.09279621979850644
2,3,78905,217,65,55.18,0.21,14.09,18.314,0.20452108532199798,8.324688547134328e-05,0.04299999999999926,0.0019359740807289468,0.09090322580645162,-0.015003750937734602,0.0,0.02843306446095082
2,3,78926,217,65,55.95,0.21,14.09,18.335,0.2067374959136946,0.00022743823924109208,0.04299999999999926,0.005289261377699907,0.09090322580645162,0.015003750937734602,0.0,0.17242296844233987
2,3,78948,217,65,56.72,0.21,14.19,18.357,0.21193527296501846,0.00037137384218655534,0.04299999999999926,0.00863660098108283,0.0915483870967742,0.015003750937734602,0.23255813953488794,0.3164888966602564
2,3,78969,217,65,57.49,0.22,14.19,18.378,0.2203465184700854,0.000508039843546685,0.04299999999999926,0.01181488008248125,0.0915483870967742,0.030007501875469526,0.23255813953488794,0.45682963728837045
2,3,78991,217,65,58.04,0.22,14.39,18.4,0.23157894736841805,0.000630354709355732,0.045999999999999375,0.013703363246863925,0.09283870967741936,0.04207573632538631,0.21739130434782925,0.5322853447418167
2,3,79015,255,86,58.59,0.23,14.49,18.424,0.24483164432820864,0.0007315419350839072,0.04600000000000293,0.01590308554530132,0.09348387096774194,0.05469845722299759,0.4347826086956243,0.6012905609960164
2,3,79037,255,86,60.24,0.24,14.78,18.446,0.25923831317423657,0.0008055192612508542,0.04299999999999926,0.01873300607560158,0.09535483870967741,0.13353338334583892,0.9302325581395511,0.7092301025566975
2,3,79058,255,86,63.22,0.27,15.38,18.467,0.2753285387381461,0.0008472801340304734,0.04299999999999926,0.01970418916349972,0.09922580645161291,0.20855213803451256,1.1627906976744384,0.8128511369424605
2,3,79080,255,86,66.41,0.29,16.17,18.489,0.29419091206276177,0.0008532364097609459,0.043000000000002814,0.01984270720374163,0.1043225806451613,0.2385596399099614,0.9302325581394736,0.8934368276605876
2,3,79101,255,86,69.6,0.31,16.97,18.51,0.3137463223275539,0.0008214883282340928,0.04299999999999926,0.01910437972637458,0.10948387096774193,0.22355588897224685,1.1627906976744395,0.9178406075857035
2,3,79123,228,22,72.25,0.34,17.66,18.532,0.33365805818894634,0.0007519912708707785,0.04299999999999926,0.017488169090018407,0.11393548387096775,0.1635408852213081,1.1627906976744384,0.8696412416278372
2,3,79144,228,22,73.9,0.36,18.06,18.553,0.35114089571755025,0.0006465991177915918,0.04299999999999926,0.01503718878585123,0.11651612903225805,0.10502625656414252,0.6976744186046625,0.7613827288139478
2,3,79166,228,22,74.67,0.37,18.36,18.575,0.3663975155279455,0.0005089782641263199,0.04299999999999926,0.011836703816891364,0.1184516129032258,0.07351837959490051,0.4651162790697759,0.5976265233356419
2,3,79187,228,22,75.22,0.38,18.55,18.596,0.3768388362209824,0.0003444000842376802,0.053000000000000824,0.006498114796937262,0.11967741935483872,0.04747413268411392,0.3773584905660322,0.30661148359001716
2,3,79219,228,22,75.88,0.39,18.75,18.628,0.3826479241582167,0.0001594295066840985,0.053999999999998494,0.0029523982719278324,0.12096774193548387,0.035842293906811075,0.1851851851851905,0.10751516472340397
2,3,79241,42,247,76.32,0.39,18.85,18.65,0.38264465511604606,-3.846716389901772e-05,0.04400000000000048,-0.0008742537249776659,0.12161290322580647,0.02932551319648044,0.227272727272725,-0.12437219531040801
2,3,79263,42,247,76.1,0.4,18.95,18.672,0.3771755475645587,-0.00024136917768218425,0.04400000000000048,-0.005485663129140491,0.12225806451612903,0.0,0.0,-0.3881244613509984
2,3,79285,42,247,73.57,0.39,18.85,18.694,0.36556717881660195,-0.00044137442822865937,0.04299999999999926,-0.010264521586713185,0.12161290322580647,-0.07501875468867332,-0.6976744186046637,-0.6208899397127825
2,3,79306,42,247,70.27,0.37,18.45,18.715,0.3504772801569095,-0.0006310665900621757,0.04299999999999926,-0.014675967210748524,0.11903225806451613,-0.17854463615904304,-1.1627906976744384,-0.8111786037388742
2,3,79328,42,247,66.85,0.34,17.66,18.737,0.33068649885583096,-0.000803940598762054,0.04400000000000048,-0.018271377244591935,0.11393548387096775,-0.21700879765395684,-1.5909090909090735,-0.9662248506641867
2,3,79350,28,249,63.44,0.3,16.97,18.759,0.3079633867276848,-0.0009547497084539067,0.04900000000000304,-0.01948468792762954,0.10948387096774193,-0.2093482554311919,-1.2244897959182912,-0.949223102120803
2,3,79377,28,249,59.58,0.28,16.07,18.786,0.2841745668519087,-0.0010797416452999276,0.047999999999998266,-0.02249461761041597,0.1036774193548387,-0.2271505376344166,-1.250000000000045,-1.0022338454832977
2,3,79398,28,249,56.72,0.24,15.28,18.807,0.25985616214448826,-0.0011767618498377298,0.04499999999999815,-0.026150263329728404,0.09858064516129032,-0.22652329749104858,-1.3333333333333885,-1.0861210998511082
2,3,79422,28,249,53.97,0.22,14.49,18.831,0.23529911735861087,-0.0012452166734569037,0.045000000000001705,-0.027671481632374588,0.09348387096774194,-0.21362007168457997,-0.8888888888888548,-1.0888089789691062
2,3,79443,28,249,51.87,0.2,13.79,18.852,0.21085975809087662,-0.001285905530260905,0.04299999999999926,-0.029904779773509933,0.08896774193548386,-0.19354838709677763,-0.9302325581395511,-1.1039479386028312
2,3,79465,8,229,49.78,0.18,13.2,18.874,0.18782935599868994,-0.001300745532382308,0.04299999999999926,-0.03024989610191466,0.08516129032258064,-0.17854463615904273,-0.9302325581395511,-1.0156077757589161
2,3,79486,8,229,48.24,0.16,12.6,18.895,0.16718862373324397,-0.00129242308376981,0.043000000000002814,-0.030056350785342453,0.08129032258064516,-0.15003750937733457,-0.6976744186046054,-0.8808928286336997
2,3,79508,8,229,47.03,0.15,12.2,18.917,0.14995096436743838,-0.001264013209348418,0.04299999999999926,-0.029395656031359064,0.07870967741935483,-0.11852963240810399,-0.6976744186046632,-0.7192653017782097
2,3,79529,8,229,46.04,0.13,11.81,18.938,0.1362602157567815,-0.0012186087473381661,0.04299999999999926,-0.028339738310190397,0.07619354838709677,-0.11852963240810399,-0.4651162790697752,-0.5799128762249426
2,3,79551,8,229,45.05,0.13,11.41,18.96,0.12501471068976627,-0.0011589981676780302,0.043000000000002814,-0.026953445759952427,0.07361290322580645,-0.10502625656413417,-0.2325581395348687,-0.48032112637505076
2,3,79572,48,243,44.17,0.12,11.11,18.981,0.11560640732265295,-0.001087423366973061,0.04299999999999926,-0.025288915511001854,0.0716774193548387,-0.09002250562640793,-0.46511627906977554,-0.41927366444422687
2,3,79594,48,243,43.17,0.11,10.81,19.003,0.10698594311866483,-0.0010054384363050576,0.046999999999997044,-0.021392307155428104,0.06974193548387098,-0.09471516815374653,-0.42553191489364356,-0.31299339931699416
2,3,79619,48,243,42.07,0.1,10.42,19.028,0.10089571755475515,-0.0009138784744305042,0.045999999999999375,-0.019866923357185144,0.0672258064516129,-0.11079943899018407,-0.43478260869565816,-0.2800716346632175
2,3,79640,48,243,40.97,0.09,10.02,19.049,0.094102647924157,-0.000812935432175168,0.043000000000002814,-0.018905475166863136,0.06464516129032258,-0.10502625656413385,-0.2325581395348687,-0.2883599291453893
2,3,79662,48,243,39.98,0.09,9.72,19.071,0.0884962406015026,-0.0007023271090547087,0.04299999999999926,-0.016333188582667926,0.06270967741935485,-0.08852213053263462,0.0,-0.2637280765107928
2,3,79683,17,243,39.1,0.09,9.43,19.092,0.0827623406341931,-0.0005815368782113808,0.04299999999999926,-0.01352411344677653,0.060838709677419354,-0.08852213053263479,-0.2325581395348876,-0.2482951564958917
2,3,79705,17,243,38.22,0.08,9.13,19.114,0.07781954887217944,-0.0004500958061100615,0.043000000000002814,-0.01046734432814028,0.05890322580645162,-0.09002250562640066,-0.2325581395348684,-0.23940032082225948
2,3,79726,17,243,37.45,0.08,8.83,19.135,0.07246812683883527,-0.00030787522189226025,0.04299999999999926,-0.007159888881215478,0.05696774193548387,-0.09002250562640841,-0.2325581395348876,-0.22716041874149578
2,3,79748,17,243,36.68,0.07,8.53,19.157,0.06805165086629529,-0.0001553563161121243,0.04299999999999926,-0.0036129375840029524,0.05503225806451612,-0.07501875468867349,-0.2325581395348876,-0.1764522529782503
2,3,79769,17,243,35.8,0.07,8.33,19.178,0.06488067996077064,6.155581001701549e-06,0.04299999999999926,0.00014315304655120126,0.05374193548387097,-0.07351837959490003,0.0,-0.09335776245467076
2,3,79791,222,0,35.13,0.07,8.04,19.2,0.06403726708074452,0.00017440025465520037,0.04499999999999815,0.0038755612145601674,0.051870967741935475,-0.05591397849462592,0.0,0.023682394391777488
2,3,79814,222,0,35.47,0.07,7.94,19.223,0.06594638770840058,0.0003461362694464594,0.045000000000001705,0.007691917098809917,0.051225806451612906,-0.01433691756272323,-0.222222222222214,0.14565399004757534
2,3,79836,222,0,35.47,0.06,7.94,19.245,0.07059169663288566,0.0005172296896428535,0.04299999999999926,0.012028597433554939,0.051225806451612906,0.0,0.0,0.2900324623489979
2,3,79857,222,0,36.79,0.07,7.94,19.266,0.07841778358940728,0.000682856078525571,0.04299999999999926,0.015880373919199598,0.051225806451612906,0.030007501875469363,0.23255813953488794,0.4258117487855142
2,3,79879,222,0,39.65,0.07,8.14,19.288,0.08890160183066245,0.0008378004037509221,0.043000000000002814,0.01948373031978761,0.052516129032258066,0.13353338334582773,0.4651162790697368,0.5567254840842826
2,3,79900,242,21,42.29,0.09,8.83,19.309,0.102356979405033,0.0009768260211180718,0.04299999999999926,0.022716884212048573,0.05696774193548387,0.20855213803451209,0.6976744186046632,0.6884754859849351
2,3,79922,242,21,45.6,0.1,9.53,19.331,0.11850604772801415,0.0010950724984694097,0.04299999999999926,0.025466802289986712,0.06148387096774193,0.25356339084771606,0.9302325581395511,0.7855584360294097
2,3,79943,242,21,49.23,0.13,10.52,19.352,0.13613599215429703,0.001188435379640726,0.04299999999999926,0.027638032084668522,0.06787096774193548,0.31207801950488145,1.3953488372093263,0.858693751568003
2,3,79965,242,21,52.76,0.16,11.61,19.374,0.15542987904543765,0.0012538816257475105,0.04299999999999926,0.029160037808082143,0.0749032258064516,0.3120780195048816,1.1627906976744384,0.892600561058869
2,3,79986,242,21,56.06,0.18,12.6,19.395,0.17451781627982774,0.0012896632486756072,0.043000000000002814,0.029992168573849367,0.08129032258064516,0.2820705176293891,1.1627906976743423,0.9182207287682601
2,3,80008,223,38,58.81,0.21,13.49,19.417,0.19491337038247541,0.001295407168043729,0.045000000000001705,0.02878682595652622,0.08703225806451613,0.24229390681002674,1.1111111111110694,0.9042170644000846
2,3,80031,223,38,61.01,0.23,14.29,19.44,0.2152075841778331,0.001272078501824854,0.04499999999999815,0.028268411151664584,0.09219354838709677,0.17060931899642268,0.8888888888889256,0.9001489230322431
2,3,80053,223,38,62.23,0.25,14.68,19.462,0.2354200719189247,0.0012218334243030888,0.04299999999999926,0.02841473079774674,0.09470967741935483,0.11852963240810399,0.6976744186046632,0.8707055809392071
2,3,80074,223,38,63.22,0.26,15.08,19.483,0.25264792415821835,0.0011477925188906628,0.04299999999999926,0.0266928492765275,0.09729032258064516,0.09002250562640825,0.4651162790697759,0.7850262663737241
2,3,80096,223,38,63.99,0.27,15.28,19.505,0.26917620137299425,0.0010537732999032787,0.04299999999999926,0.024506355811704576,0.09858064516129032,0.07501875468867365,0.4651162790697759,0.7174407201015728
2,3,80117,236,44,64.76,0.28,15.58,19.526,0.28349787512258545,0.0009440201327067541,0.04299999999999926,0.021953956574576054,0.10051612903225807,0.07501875468867332,0.46511627906977454,0.6347263507606241
2,3,80139,236,44,65.75,0.29,15.78,19.548,0.2964694344557006,0.0008229622257368376,0.04299999999999926,0.019138656412484925,0.10180645161290322,0.08852213053263479,0.46511627906977454,0.5463861879167105
2,3,80160,236,44,66.74,0.3,16.17,19.569,0.3069924812030036,0.0006950185797353043,0.043000000000002814,0.016163222784540902,0.1043225806451613,0.10352588147036083,0.4651162790697374,0.47568364794692786
2,3,80182,236,44,67.73,0.31,16.47,19.591,0.31692383131741986,0.0005644562274569403,0.04299999999999926,0.013126889010626744,0.10625806451612903,0.07501875468867365,0.6976744186046637,0.46040277640511795
2,3,80203,236,44,68.61,0.33,16.67,19.612,0.32678980058842333,0.00043529761491956266,0.04499999999999815,0.009673280331546234,0.10754838709677421,0.07168458781362289,0.44444444444446307,0.42468490065745357
2,3,80227,224,15,69.6,0.33,16.97,19.636,0.3360346518470045,0.00031126600800351054,0.045000000000001705,0.00691702240007775,0.10948387096774193,0.07025089605734458,0.222222222222214,0.3635174893755938
2,3,80248,224,15,70.16,0.34,17.16,19.657,0.34314808761032567,0.0001957543754747384,0.04400000000000048,0.0044489630789712785,0.11070967741935483,0.05718475073313749,0.227272727272725,0.2711076109245367
2,3,80271,224,15,70.6,0.34,17.36,19.68,0.34796338672768423,9.180264198428034e-05,0.04400000000000048,0.002086423681460894,0.112,0.04398826979472129,0.4545454545454487,0.18975303872328594
2,3,80292,224,15,71.04,0.36,17.46,19.701,0.35149722131415034,2.0699533302277472e-06,0.04299999999999926,4.8138449540181e-05,0.11264516129032259,0.030007501875469203,0.46511627906977454,0.09252149585287889
2,3,80314,224,15,71.26,0.36,17.56,19.723,0.35194181104935796,-7.120778959119534e-05,0.04299999999999926,-0.001655995106772013,0.11329032258064516,0.030007501875469203,0.0,-0.051240335418931436
2,3,80335,16,238,71.7,0.36,17.66,19.744,0.34929388689113633,-0.00012627993069155608,0.04299999999999926,-0.0029367425742222847,0.11393548387096775,0.03000750187546985,0.0,-0.1619316238016683
2,3,80357,16,238,71.48,0.36,17.76,19.766,0.34497875122588634,-0.00016196158252784442,0.04299999999999926,-0.0037665484308801677,0.11458064516129034,0.015003750937734924,0.0,-0.24031261166059673
2,3,80378,16,238,70.27,0.36,17.76,19.787,0.33896044458973085,-0.00017772515528830012,0.043000000000002814,-0.004133143146239267,0.11458064516129034,-0.045011252813200404,-0.2325581395348687,-0.28714354136096315
2,3,80400,16,238,67.84,0.35,17.46,19.809,0.3326315789473641,-0.0001737885310476628,0.045000000000001705,-0.0038619673566145825,0.11264516129032259,-0.09892473118279228,-0.6666666666666408,-0.27728742145216895
2,3,80423,16,238,65.2,0.33,17.07,19.832,0.32648251062438277,-0.00015117978325475788,0.04499999999999815,-0.0033595507389947575,0.11012903225806452,-0.12759856630824912,-1.1111111111111565,-0.23834949693074034
2,3,80445,248,10,63.0,0.3,16.57,19.854,0.32190585158548124,-0.00011175632549424464,0.04299999999999926,-0.0025989843138196876,0.10690322580645162,-0.10502625656414252,-0.6976744186046637,-0.18511901594228272
2,3,80466,248,10,62.89,0.3,16.37,19.875,0.31852239293886475,-5.8160454148268314e-05,0.04299999999999926,-0.0013525687011225421,0.10561290322580646,-0.030007501875469203,0.0,-0.13844013471494765
2,3,80488,248,10,62.78,0.3,16.37,19.897,0.3159529257927386,6.296584390394599e-06,0.04299999999999926,0.00014643219512545832,0.10561290322580646,0.0,-0.23255813953488794,-0.07617628499965712
2,3,80509,248,10,62.78,0.29,16.37,19.918,0.31524681268387955,7.781672291695685e-05,0.043000000000002814,0.001809691230626785,0.10561290322580646,0.0,0.0,0.03489512456570808
2,3,80531,248,10,64.76,0.3,16.37,19.94,0.31745341614906414,0.00015234634030610294,0.04299999999999926,0.0035429381466536175,0.10561290322580646,0.045011252813204124,0.6976744186046637,0.14855135817298543
2,3,80552,235,19,66.96,0.32,16.67,19.961,0.3216345210853178,0.00022583199706989988,0.04299999999999926,0.0052519069086024136,0.10754838709677421,0.10502625656414252,0.6976744186046637,0.24380972654082317
2,3,80574,235,19,68.83,0.33,17.07,19.983,0.32793723439031935,0.00029447295504511574,0.043000000000002814,0.006848208256862709,0.11012903225806452,0.1185296324080942,0.6976744186046049,0.3581501782768068
2,3,80595,235,19,70.38,0.35,17.46,20.004,0.3370349787512215,0.0003549439743076768,0.04499999999999815,0.007887643873504253,0.11264516129032259,0.09892473118280008,0.6666666666666934,0.46137081835023663
2,3,80619,235,19,71.7,0.36,17.76,20.028,0.34869892121607915,0.0004045671193204896,0.045999999999999375,0.008794937376532502,0.11458064516129034,0.07012622720897699,0.4347826086956585,0.5383259661440924
2,3,80641,235,19,72.69,0.37,17.96,20.05,0.36179797319384943,0.0004414198425777478,0.043000000000002814,0.010265577734365556,0.11587096774193549,0.07501875468866713,0.4651162790697374,0.607585698320577
2,3,80662,244,33,73.46,0.38,18.26,20.071,0.37482510624386567,0.0004643762175841815,0.04299999999999926,0.010799446920562545,0.11780645161290323,0.07351837959489986,0.23255813953488794,0.546690284862818
2,3,80684,244,33,74.45,0.38,18.45,20.093,0.3853056554429502,0.0004730862470134767,0.04399999999999693,0.010751960159397948,0.11903225806451613,0.05718475073314147,0.45454545454548667,0.46673006627242775
2,3,80706,244,33,75.33,0.4,18.65,20.115,0.39536122915985106,0.0004679033267853008,0.04400000000000048,0.010634166517847628,0.12032258064516128,0.058651026392961506,0.45454545454545,0.44971618770244737
2,3,80728,244,33,76.21,0.4,18.85,20.137,0.4050931677018581,0.0004497723600483212,0.043000000000002814,0.01045982232670446,0.12161290322580647,0.06001500375093409,0.23255813953486743,0.41927366444419223
2,3,80749,244,33,76.98,0.41,19.05,20.158,0.4133899967309525,0.00042009145269844697,0.04299999999999926,0.009769568667405911,0.12290322580645162,0.060015003750938406,0.46511627906977454,0.3484190760014311
2,3,80771,238,26,77.75,0.42,19.25,20.18,0.4200751879699194,0.00038055933761855343,0.04299999999999926,0.008850217153919999,0.12419354838709677,0.045011252813204124,0.4651162790697759,0.28683944441488063
2,3,80792,238,26,78.3,0.43,19.35,20.201,0.42572409284079216,0.00033301932840993585,0.045000000000001705,0.007400429520220516,0.12483870967741936,0.043010752688170464,0.222222222222214,0.19810395554101667
2,3,80816,238,26,78.75,0.43,19.55,20.225,0.42898986596926547,0.0002793091659021485,0.04499999999999815,0.006206870353381333,0.12612903225806452,0.043010752688173545,0.0,0.11550615669609027
2,3,80837,238,26,79.19,0.43,19.65,20.246,0.430921869892116,0.00022112478720375962,0.04299999999999926,0.005142436911715428,0.1267741935483871,0.028507126781695417,0.0,0.05078418999977141
2,3,80859,238,26,79.52,0.43,19.74,20.268,0.4311735861392556,0.00015990490882975905,0.043000000000002814,0.003718718809994153,0.1273548387096774,0.028507126781693707,0.0,-0.021666907410081343
2,3,80880,41,226,79.85,0.43,19.84,20.289,0.42999019287348245,9.67425043774881e-05,0.04299999999999926,0.0022498256831974366,0.128,0.015003750937735247,0.23255813953488794,-0.0819541269756811
2,3,80902,41,226,79.63,0.44,19.84,20.311,0.4276495586793014,3.232883912293971e-05,0.04299999999999926,0.000751833467975355,0.128,0.0,0.23255813953488794,-0.13653952880178133
2,3,80923,41,226,78.19,0.44,19.84,20.332,0.42411899313500595,-3.3064425469127914e-05,0.04299999999999926,-0.0007689401271890344,0.128,-0.043510877719430664,-0.23255813953488794,-0.1449021948197091
2,3,80945,41,226,75.88,0.43,19.55,20.354,0.421418764302054,-9.955982912828532e-05,0.04299999999999926,-0.0023153448634485353,0.12612903225806452,-0.07351837959489986,-0.6976744186046637,-0.13220614731976624
2,3,80966,41,226,73.57,0.41,19.35,20.375,0.4184341288002561,-0.0001676014565229167,0.04299999999999926,-0.0038977082912306877,0.12483870967741936,-0.10502625656414252,-0.6976744186046625,-0.1300774686970199
2,3,80988,240,62,71.26,0.4,18.85,20.397,0.41582543314808224,-0.00023783455185835933,0.045000000000001705,-0.005285212263518896,0.12161290322580647,-0.08602150537634093,-0.44444444444442677,-0.13417601975953772
2,3,81011,240,62,70.93,0.39,18.75,20.42,0.4123962079110767,-0.0003109434608084278,0.045000000000001705,-0.006909854684631467,0.12096774193548387,-0.014336917562723693,-0.222222222222214,-0.18669863063454856
2,3,81033,240,62,70.93,0.39,18.75,20.442,0.40742399476952723,-0.00038746286987619883,0.04299999999999926,-0.009010764415725708,0.12096774193548387,0.0,0.0,-0.29466994077712083
2,3,81054,240,62,70.82,0.39,18.75,20.463,0.3997254004576607,-0.00046758589909368456,0.04299999999999926,-0.010874090676597501,0.12096774193548387,-0.015003750937734924,0.0,-0.4142560648334717
2,3,81076,240,62,70.93,0.39,18.65,20.485,0.38961098398168825,-0.0005509972722343299,0.04299999999999926,-0.012813890051961381,0.12032258064516128,-0.015003750937734924,0.0,-0.5056371971384492
2,3,81097,23,255,71.7,0.39,18.65,20.506,0.37798300098070775,-0.0006367584112287794,0.04400000000000048,-0.01447178207338119,0.12032258064516128,0.0,0.0,-0.5741626794258217
2,3,81120,23,255,71.59,0.39,18.65,20.529,0.3643478260869518,-0.0007232643127946865,0.04400000000000048,-0.016437825290788147,0.12032258064516128,-0.014662756598239905,-0.227272727272725,-0.6221581622039154
2,3,81141,23,255,69.6,0.38,18.55,20.55,0.3506080418437352,-0.0008082811964072115,0.04299999999999926,-0.018797237125749426,0.11967741935483872,-0.10352588147036906,-0.6976744186046637,-0.6629313425119963
2,3,81163,23,255,66.52,0.36,17.96,20.572,0.33584177835893647,-0.0008890608512383303,0.04299999999999926,-0.020675833749728968,0.11587096774193549,-0.20855213803451256,-1.1627906976744384,-0.7053528664938399
2,3,81184,23,255,63.0,0.33,17.16,20.593,0.3202778685845006,-0.0009625146448648394,0.04299999999999926,-0.02238406150848502,0.11070967741935483,-0.23855963990998144,-1.6279069767442143,-0.778336133559382
2,3,81206,45,216,59.58,0.29,16.37,20.615,0.3023733246158836,-0.0010254210415134217,0.045000000000001705,-0.02278713425585295,0.10561290322580646,-0.2265232974910307,-1.5555555555554967,-0.8302640659619652
2,3,81229,45,216,57.05,0.26,15.58,20.638,0.28291598561621073,-0.0010746388474065648,0.045000000000001705,-0.023880863275700534,0.10051612903225807,-0.1849462365591332,-1.1111111111110687,-0.8941920017434429
2,3,81251,45,216,55.51,0.24,15.08,20.66,0.26213468453742717,-0.0011073047959515919,0.04299999999999926,-0.025751274324456067,0.09729032258064516,-0.1485371342835735,-0.6976744186046632,-0.971057573154325
2,3,81272,45,216,54.19,0.23,14.59,20.681,0.24116050997057548,-0.0011210050501082591,0.04299999999999926,-0.02606988488623903,0.09412903225806452,-0.13353338334583859,-0.4651162790697752,-0.9789640937530933
2,3,81294,45,216,52.87,0.22,14.19,20.703,0.22003922850604488,-0.0011139204958875747,0.04299999999999926,-0.02590512781133939,0.0915483870967742,-0.10502625656414286,-0.6976744186046632,-0.9507591020017219
2,3,81315,80,242,51.87,0.2,13.89,20.724,0.20027786858450214,-0.001084951346942045,0.04400000000000048,-0.02465798515777348,0.08961290322580645,-0.11730205278592239,-0.6818181818181743,-0.8655532110909476
2,3,81338,80,242,50.44,0.19,13.39,20.747,0.18195488721804276,-0.0010338263528945043,0.04400000000000048,-0.02349605347487484,0.08638709677419355,-0.1304985337243386,-0.6818181818181743,-0.7651787571695853
2,3,81359,80,242,49.01,0.17,13.0,20.768,0.16661000326904002,-0.0009611970371661034,0.04299999999999926,-0.022353419468979535,0.08387096774193549,-0.1485371342835735,-0.6976744186046632,-0.6888556071675682
2,3,81381,80,242,47.58,0.16,12.4,20.79,0.15233409610983784,-0.0008687104595048147,0.04299999999999926,-0.020202568825693712,0.08,-0.1485371342835735,-0.6976744186046632,-0.6438492591438182
2,3,81402,80,242,46.26,0.14,12.01,20.811,0.1389244851258563,-0.000759047753328213,0.045000000000001705,-0.016867727851737426,0.07748387096774194,-0.14193548387096244,-0.6666666666666414,-0.5724456067705206
2,3,81426,21,244,44.83,0.13,11.41,20.835,0.12657404380516343,-0.0006359120915038865,0.045000000000001705,-0.014131379811196942,0.07361290322580645,-0.12903225806451138,-0.444444444444428,-0.520649449711208
2,3,81447,21,244,43.5,0.12,11.11,20.856,0.11549525988885107,-0.0005039495345918716,0.04299999999999926,-0.01171975661841582,0.0716774193548387,-0.13353338334583892,-0.46511627906977554,-0.4463382926476976
2,3,81469,21,244,42.4,0.11,10.52,20.878,0.10738149722131277,-0.0003685892426329307,0.04299999999999926,-0.008571842851928769,0.06787096774193548,-0.13353338334583859,-0.4651162790697752,-0.29231318944479606
2,3,81490,21,244,41.3,0.1,10.22,20.899,0.10292579274272505,-0.00023579535558658192,0.04299999999999926,-0.005483612920618278,0.06593548387096775,-0.10502625656414252,-0.2325581395348876,-0.10681405231988021
2,3,81512,21,244,40.2,0.1,9.82,20.921,0.102788492971558,-0.0001117312031773281,0.04299999999999926,-0.002598400073891396,0.06335483870967742,-0.10352588147036955,-0.23255813953488794,0.05017599610755891
2,3,81533,252,49,39.21,0.09,9.53,20.942,0.10508336057535005,-2.3471958106444646e-06,0.04299999999999926,-5.458594908475593e-05,0.06148387096774193,-0.058514628657165425,-0.23255813953488794,0.16565681139147218
2,3,81555,252,49,39.43,0.09,9.43,20.964,0.10991173586139118,8.708372521026853e-05,0.04299999999999926,0.0020252029118667447,0.060838709677419354,-0.030007501875469203,-0.2325581395348876,0.26486844005869187
2,3,81576,252,49,39.54,0.08,9.33,20.985,0.1164727034978736,0.00015244584496300285,0.043000000000002814,0.003545252208441695,0.06019354838709678,0.0,0.2325581395348687,0.31382804838179984
2,3,81598,252,49,43.61,0.1,9.43,21.007,0.12340634194180945,0.00019122575384743,0.045999999999999375,0.00415708160537897,0.060838709677419354,0.19495091164095624,1.0869565217391453,0.29890416021149296
2,3,81622,252,49,48.57,0.13,10.72,21.031,0.1302222948676021,0.00020286340433300687,0.04499999999999815,0.004508075651844782,0.06916129032258064,0.3827956989247469,1.333333333333388,0.2886927463586583
2,3,81643,5,251,53.42,0.16,12.1,21.052,0.13639751552794854,0.0001889480649690807,0.043000000000002814,0.0043941410457922865,0.07806451612903226,0.29707426856712216,1.1627906976743423,0.2593946950287546
2,3,81665,5,251,53.64,0.18,12.7,21.074,0.14137626675383927,0.00015321009001537434,0.04299999999999926,0.0035630253491948133,0.08193548387096773,0.09002250562640793,0.4651162790697752,0.19804313615180558
2,3,81686,5,251,52.76,0.18,12.7,21.095,0.14491337038247604,0.00010128771475119968,0.04299999999999926,0.00235552825002794,0.08193548387096773,-0.015003750937734602,-0.23255813953488727,0.12452769943057915
2,3,81708,5,251,51.65,0.17,12.6,21.117,0.14673095782935408,4.028616126334583e-05,0.043000000000002814,0.0009368874712405394,0.08129032258064516,-0.060015003750933445,-0.6976744186046054,0.037327900134560485
2,3,81729,5,251,49.89,0.15,12.3,21.138,0.14651847008826224,-2.1819225566545696e-05,0.04299999999999926,-0.0005074238503847923,0.07935483870967742,-0.10352588147036906,-0.4651162790697759,-0.057094201631480365
2,3,81751,73,230,48.24,0.15,11.91,21.16,0.14427590715920047,-7.686410026935597e-05,0.04299999999999926,-0.0017875372155664487,0.07683870967741936,-0.11852963240810431,-0.4651162790697752,-0.16527669020883903
2,3,81772,73,230,46.92,0.13,11.51,21.181,0.13941157240928229,-0.00011718519984562725,0.04299999999999926,-0.0027252372057123084,0.07425806451612903,-0.10502625656414286,-0.6976744186046632,-0.2815177478580179
2,3,81794,73,230,45.93,0.12,11.21,21.203,0.1321706440013059,-0.00013625243337859062,0.045999999999999375,-0.002962009421273749,0.0723225806451613,-0.08415147265077233,-0.43478260869565816,-0.38688403428230367
2,3,81818,73,230,44.94,0.11,10.91,21.227,0.12161490683229656,-0.00012919065216018488,0.045999999999999375,-0.002808492438264927,0.07038709677419355,-0.06872370266479776,-0.21739130434782894,-0.4636354591582932
2,3,81840,73,230,44.17,0.11,10.72,21.249,0.11084341288002471,-9.315535376758177e-05,0.04299999999999926,-0.002166403575990311,0.06916129032258064,-0.058514628657165585,-0.2325581395348876,-0.43972418406988334
2,3,81861,211,0,43.39,0.1,10.52,21.27,0.1027067669172919,-2.754229431073796e-05,0.043000000000002814,-0.0006405184723427014,0.06787096774193548,-0.045011252813200404,-0.2325581395348684,-0.28410257189989924
2,3,81883,211,0,43.61,0.1,10.42,21.292,0.09862700228832824,6.597553085058471e-05,0.04299999999999926,0.0015343146709438568,0.0672258064516129,-0.015003750937734602,0.0,-0.0955624653139427
2,3,81904,211,0,43.5,0.1,10.42,21.313,0.09859758090879243,0.00018357903289996713,0.04299999999999926,0.00426927983488303,0.0672258064516129,0.0,0.0,0.08393075712537174
2,3,81926,211,0,43.61,0.1,10.42,21.335,0.10223602484471916,0.0003195888067789472,0.043000000000002814,0.0074322978320680525,0.0672258064516129,-0.015003750937733361,0.0,0.26137132517844675
2,3,81947,211,0,44.28,0.1,10.32,21.356,0.10983654789146638,0.0004668844716766909,0.04299999999999926,0.010857778411086021,0.06658064516129032,0.0,0.2325581395348876,0.40825015014786903
2,3,81969,242,30,45.38,0.11,10.42,21.378,0.11979078130107723,0.0006174293579554195,0.04299999999999926,0.014358822278033258,0.0672258064516129,0.060015003750938725,0.4651162790697752,0.578468415730937
2,3,81990,242,30,47.58,0.12,10.72,21.399,0.13471068976789624,0.0007628645021637386,0.04499999999999815,0.01695254449252822,0.06916129032258064,0.14193548387097363,0.6666666666666943,0.7381497221314365
2,3,82014,242,30,50.77,0.14,11.41,21.423,0.1530075187969905,0.0008951274459296457,0.04499999999999815,0.01989172102065961,0.07361290322580645,0.24086021505377342,1.1111111111111571,0.8763212378773263
2,3,82035,242,30,54.41,0.17,12.4,21.444,0.1741451454723743,0.0010070445121955914,0.043000000000002814,0.023419639818500593,0.08,0.28357089272316244,1.3953488372092109,1.022982126701912
2,3,82057,242,30,57.49,0.2,13.3,21.466,0.1969957502451756,0.0010928438592466918,0.04299999999999926,0.025414973470853735,0.08580645161290323,0.25356339084771634,1.1627906976744384,1.0966496118962772
2,3,82078,255,10,60.24,0.22,14.09,21.487,0.22130107878391342,0.0011485433711633792,0.04299999999999926,0.026710310957288347,0.09090322580645162,0.23705926481620798,0.9302325581395504,1.1243224339919604
2,3,82100,255,10,62.89,0.24,14.88,21.509,0.24534161490682907,0.0011721815650888984,0.043000000000002814,0.027260036397414457,0.096,0.23855963990996173,1.162790697674343,1.0922402061776444
2,3,82121,255,10,65.75,0.27,15.68,21.53,0.2682674076495552,0.001163877324273976,0.04299999999999926,0.027066914517999904,0.10116129032258064,0.22355588897224715,1.3953488372093263,1.0278476778396997
2,3,82143,255,10,68.39,0.3,16.37,21.552,0.2895390650539354,0.001125721289783474,0.04299999999999926,0.02617956487868589,0.10561290322580646,0.2220555138784734,1.1627906976744384,0.950607053528668
2,3,82164,255,10,70.71,0.32,17.16,21.573,0.3091435109512872,0.0010615161990405503,0.04299999999999926,0.024686423233501596,0.11070967741935483,0.19354838709677732,1.1627906976744384,0.8387754015980338
2,3,82186,207,5,72.8,0.35,17.66,21.595,0.3256064073226502,0.0009763954159631006,0.04299999999999926,0.022706870138677147,0.11393548387096775,0.13503375843961204,0.9302325581395504,0.6995750245178198
2,3,82207,207,5,73.46,0.36,18.06,21.616,0.33922523700555296,0.000876358771566629,0.045000000000001705,0.019474639368146574,0.11651612903225805,0.05734767025089354,0.222222222222214,0.5362682067487277
2,3,82231,207,5,73.35,0.36,18.06,21.64,0.3497384766263439,0.0007677720234052572,0.045000000000001705,0.017061600520116182,0.11651612903225805,0.0,0.0,0.42490283680212737
2,3,82252,207,5,73.13,0.36,18.06,21.661,0.3583458646616494,0.0006568789483517214,0.04299999999999926,0.015276254612830994,0.11651612903225805,0.015003750937734924,0.0,0.3594425902977889
2,3,82274,207,5,72.91,0.36,18.16,21.683,0.36519450800914854,0.0005493714618375592,0.04299999999999926,0.012776080507850434,0.11716129032258064,0.015003750937734924,0.0,0.29056463200468574
2,3,82295,236,79,72.8,0.36,18.16,21.704,0.3708401438378507,0.00045005310736097217,0.04400000000000048,0.010228479712749256,0.11716129032258064,0.0,0.0,0.23559392552527111
2,3,82318,236,79,72.8,0.36,18.16,21.727,0.3755606407322606,0.0003626170768846322,0.04400000000000048,0.008241297201923369,0.11716129032258064,0.014662756598240534,0.227272727272725,0.18083746916698418
2,3,82339,236,79,73.24,0.37,18.26,21.748,0.3787969924811981,0.00028954489232859614,0.04299999999999926,0.00673360214717677,0.11780645161290323,0.030007501875469203,0.4651162790697759,0.158738605867552
2,3,82361,236,79,73.9,0.38,18.36,21.77,0.3823864007845652,0.00023211844494558064,0.04299999999999926,0.00539810337082755,0.1184516129032258,0.043510877719430664,0.23255813953488794,0.17318321080760615
2,3,82382,236,79,74.45,0.38,18.55,21.791,0.386243870545925,0.00019052750458842382,0.04299999999999926,0.004430872199730863,0.11967741935483872,0.043510877719430664,0.23255813953488794,0.19819518462485805
2,3,82404,246,42,75.11,0.39,18.65,21.813,0.39090879372343396,0.0001640477359499819,0.04499999999999815,0.003645505243333081,0.12032258064516128,0.04301075268817386,0.44444444444446307,0.2511350840870364
2,3,82427,246,42,75.99,0.4,18.85,21.836,0.3975449493298412,0.00015126089442122392,0.045000000000001705,0.003361353209360404,0.12161290322580647,0.057347670250894156,0.44444444444442677,0.30184156042278093
2,3,82449,246,42,76.98,0.41,19.05,21.858,0.4044916639424596,0.00015028880228977216,0.043000000000002814,0.00349508842534331,0.12290322580645162,0.07501875468866713,0.23255813953486743,0.33070542889070453
2,3,82470,246,42,77.97,0.41,19.35,21.879,0.4117652827721424,0.0001590152391969646,0.04299999999999926,0.003698028818534124,0.12483870967741936,0.07501875468867332,0.23255813953488794,0.3383078525433921
2,3,82492,246,42,78.86,0.42,19.55,21.901,0.4190389016018252,0.0001752745778629574,0.04299999999999926,0.004076152973557219,0.12612903225806452,0.05851462865716462,0.4651162790697759,0.33070542889073057
2,3,82513,246,64,79.63,0.43,19.74,21.922,0.4259856162144436,0.0001969925472192351,0.04299999999999926,0.004581222028354383,0.1273548387096774,0.043510877719430664,0.23255813953488794,0.29489801348670086
2,3,82535,246,64,80.4,0.43,19.84,21.944,0.43171951618175314,0.00022227215011094614,0.04299999999999926,0.005169119770022092,0.128,0.04501125281320445,0.23255813953488794,0.2511080532473784
2,3,82556,246,64,81.06,0.44,20.04,21.965,0.43678326250408067,0.00024942518693467266,0.04299999999999926,0.005800585742666906,0.12929032258064516,0.060015003750938406,0.23255813953488794,0.23255813953488536
2,3,82578,246,64,81.72,0.44,20.24,21.987,0.44171951618175304,0.00027695589244808614,0.04299999999999926,0.0064408347080951375,0.1305806451612903,0.04501125281320445,0.23255813953488794,0.21400822582239226
2,3,82599,246,64,82.16,0.45,20.34,22.008,0.4459856162144434,0.00030350760046239954,0.045000000000001705,0.006744613343608623,0.13122580645161291,0.028673835125447387,0.222222222222214,0.17507536958336822
2,3,82623,241,44,82.82,0.45,20.44,22.032,0.4495979078130049,0.00032778643809491825,0.045000000000001705,0.007284143068775685,0.1318709677419355,0.02867383512544677,0.0,0.1588028041117192
2,3,82644,241,44,83.26,0.45,20.54,22.053,0.453131742399471,0.0003484779101946316,0.04299999999999926,0.008104137446386921,0.13251612903225807,0.030007501875469203,0.23255813953488794,0.16368018124178219
2,3,82666,241,44,83.59,0.46,20.64,22.075,0.4566361556064014,0.0003641725064556418,0.04400000000000048,0.008276647873991768,0.13316129032258064,0.02932551319648044,0.227272727272725,0.16048025201342803
2,3,82688,241,44,84.03,0.46,20.74,22.097,0.4601928734880619,0.00037331493201361355,0.04400000000000048,0.008484430273036579,0.13380645161290322,0.02932551319648044,0.0,0.14495230170286813
2,3,82710,241,44,84.25,0.46,20.84,22.119,0.4630140568813277,0.0003741885390225441,0.04399999999999693,0.008504284977785687,0.1344516129032258,0.029325513196483438,0.0,0.12682397693840333
2,3,82732,255,28,84.58,0.46,20.94,22.141,0.4657731284733513,0.0003649425681266152,0.04299999999999926,0.008487036468060965,0.1350967741935484,0.015003750937735247,0.23255813953488663,0.13030554140660247
2,3,82753,255,28,85.02,0.47,20.94,22.162,0.4686171951618115,0.00034366526086806104,0.043000000000002814,0.007992215369024152,0.1350967741935484,0.02850712678169306,0.23255813953486743,0.1304575898796416
2,3,82775,255,28,85.68,0.47,21.13,22.184,0.47138280483817624,0.00030850091481050157,0.04299999999999926,0.007174439879314113,0.13632258064516128,0.04351087771943002,0.0,0.13676760151136133
2,3,82796,255,28,86.23,0.47,21.23,22.205,0.47449820202679993,0.00025780372824323196,0.04499999999999815,0.005728971738738723,0.13696774193548386,0.02867383512544903,0.22222222222223154,0.13715448040391223
2,3,82820,255,28,87.0,0.48,21.33,22.229,0.47755475645635204,0.00019031638496667824,0.045000000000001705,0.004229252999259356,0.13761290322580644,0.028673835125447387,0.222222222222214,0.15175620209944418
2,3,82841,210,49,87.56,0.48,21.43,22.25,0.4813272311212752,0.00010535750666081611,0.04299999999999926,0.0024501745735073938,0.13825806451612904,0.03000750187546985,0.0,0.17120658065791486
2,3,82863,210,49,87.67,0.48,21.53,22.272,0.48491663942464225,2.999773853321841e-06,0.04299999999999926,6.976218263539285e-05,0.13890322580645162,0.015003750937734602,0.0,0.12384348130183975
2,3,82884,210,49,87.34,0.48,21.53,22.293,0.4866525008172542,-0.00011578032497483904,0.043000000000002814,-0.002692565697089104,0.13890322580645162,0.0,0.0,0.030029573428007137
2,3,82906,210,49,87.12,0.48,21.53,22.315,0.48620791108204664,-0.0002489996447394844,0.04299999999999926,-0.005790689412546249,0.13890322580645162,0.0,0.0,-0.07670845465534339
2,3,82927,210,49,86.89,0.48,21.53,22.336,0.4833540372670745,-0.000393629157393093,0.04299999999999926,-0.00915416645100232,0.13890322580645162,0.0,0.0,-0.19979169359191945
2,3,82949,47,243,86.56,0.48,21.53,22.358,0.47761686825759425,-0.0005456318531185538,0.043000000000002814,-0.01268911286322135,0.13890322580645162,0.0,0.0,-0.35564137847143074
2,3,82970,47,243,85.13,0.48,21.53,22.379,0.46806145799280197,-0.0007000861734635996,0.04299999999999926,-0.01628107380147934,0.13890322580645162,-0.03000750187546985,-0.23255813953488794,-0.5114910633509969
2,3,82992,47,243,83.04,0.47,21.33,22.401,0.45562275253350176,-0.0008513957600703393,0.045999999999999375,-0.018508603479790234,0.13761290322580644,-0.11079943899018407,-0.43478260869565727,-0.6006509657887623
2,3,83016,47,243,78.3,0.46,20.74,22.425,0.4404315135665193,-0.0009935762683174864,0.045999999999999375,-0.021599484093858694,0.13380645161290322,-0.15287517531557007,-0.6521739130434865,-0.7349659593217448
2,3,83038,47,243,74.01,0.44,20.24,22.447,0.42181431840470196,-0.0011205992569741881,0.04299999999999926,-0.026060447836609473,0.1305806451612903,-0.20855213803451192,-1.1627906976744395,-0.917764583349176
2,3,83059,72,238,70.16,0.41,19.35,22.468,0.4009676364825054,-0.001226764654384695,0.04299999999999926,-0.02852941056708642,0.12483870967741936,-0.25356339084771573,-1.6279069767442143,-1.038339022480372
2,3,83081,72,238,66.74,0.37,18.55,22.49,0.37716574043804674,-0.0013070695293705655,0.04299999999999926,-0.030396965799316,0.11967741935483872,-0.23855963990998144,-1.627906976744213,-1.1709252909827692
2,3,83102,72,238,63.77,0.34,17.76,22.511,0.35061784897024717,-0.0013575425562903157,0.043000000000002814,-0.03157075712302853,0.11458064516129034,-0.22205551387845535,-1.1627906976743423,-1.2727977679283158
2,3,83124,72,238,61.13,0.32,17.07,22.533,0.3224354364171256,-0.0013755194194197849,0.04299999999999926,-0.03198882370743741,0.11012903225806452,-0.20855213803451225,-1.1627906976744395,-1.3359739084820303
2,3,83145,72,238,58.59,0.29,16.37,22.554,0.29317097090552086,-0.0013598420071402888,0.04299999999999926,-0.031624232724193305,0.10561290322580646,-0.20855213803451225,-1.3953488372093263,-1.3662315546196186
2,3,83167,5,255,56.5,0.26,15.68,22.576,0.263687479568483,-0.0013109710697724833,0.043000000000002814,-0.030487699297032503,0.10116129032258064,-0.20855213803449532,-1.1627906976743423,-1.3108859104281412
2,3,83188,5,255,54.3,0.24,14.98,22.597,0.2368028767571071,-0.0012310066778784617,0.04499999999999815,-0.027355703952855828,0.09664516129032258,-0.199283154121872,-0.8888888888889256,-1.114598089426496
2,3,83212,5,255,52.09,0.22,14.29,22.621,0.21353056554429273,-0.001123613622031879,0.04499999999999815,-0.024969191600709446,0.09219354838709677,-0.2136200716845965,-1.1111111111111565,-0.951581853183711
2,3,83233,5,255,49.78,0.19,13.49,22.642,0.19398169336384186,-0.000993851264184542,0.043000000000002814,-0.02311282009731342,0.08703225806451613,-0.22355588897222836,-1.1627906976743423,-0.807833537331638
2,3,83255,5,255,47.8,0.17,12.8,22.664,0.17879372343903002,-0.0008479109586808988,0.04299999999999926,-0.01971885950420729,0.08258064516129032,-0.20855213803451225,-0.9302325581395511,-0.6119190798026429
2,3,83276,230,22,45.93,0.15,12.1,22.685,0.16766917293232866,-0.000692770319384966,0.04299999999999926,-0.016110937660115763,0.07806451612903226,-0.13353338334583859,-0.6976744186046632,-0.4393440628872499
2,3,83298,230,22,46.37,0.14,11.91,22.707,0.1599019287348786,-0.0005357826078625312,0.04400000000000048,-0.01217687745142103,0.07683870967741936,-0.027859237536656416,-0.22727272727272435,-0.3028321792623785
2,3,83320,230,22,46.37,0.14,11.91,22.729,0.15434455704478386,-0.0003842298320129327,0.0470000000000006,-0.008175102808785698,0.07683870967741936,0.0,0.0,-0.17367655957654982
2,3,83345,230,22,47.36,0.14,11.91,22.754,0.15173913043478066,-0.0002448764860359809,0.045999999999999375,-0.005323401870347483,0.07683870967741936,0.014025245441795337,0.21739130434782863,-0.04654831786460435
2,3,83366,230,22,49.45,0.15,12.01,22.775,0.1522033344230121,-0.00012356391519722186,0.04299999999999926,-0.0028735794231912553,0.07748387096774194,0.08852213053263447,0.6976744186046632,0.06097143769433671
2,3,83388,55,216,51.87,0.17,12.5,22.797,0.1543609022556371,-2.4881816105555288e-05,0.043000000000002814,-0.0005786468861756665,0.08064516129032258,0.1185296324080942,0.4651162790697374,0.10620585842765796
2,3,83409,55,216,51.98,0.17,12.8,22.818,0.15677018633540168,4.805569884689831e-05,0.04499999999999815,0.0010679044188200064,0.08258064516129032,0.04301075268817386,0.0,0.130979622970474
2,3,83433,55,216,51.87,0.17,12.8,22.842,0.16025498528930818,9.37151095180031e-05,0.04499999999999815,0.002082557989289043,0.08258064516129032,0.0,0.0,0.1638879808216241
2,3,83454,55,216,51.76,0.17,12.8,22.863,0.16414514547237447,0.00011213009837580045,0.043000000000002814,0.0026076767064137935,0.08258064516129032,0.0,0.0,0.15303678812804292
2,3,83476,55,216,51.76,0.17,12.8,22.885,0.16683556717881445,0.00010478365107715781,0.04299999999999926,0.002436829094817665,0.08258064516129032,0.0,0.0,0.07936930293377537
2,3,83497,57,236,51.65,0.17,12.8,22.906,0.16755802549852675,7.440807692399786e-05,0.04299999999999926,0.0017304203935813753,0.08258064516129032,0.0,0.0,-0.010567368877198434
2,3,83519,57,236,51.65,0.17,12.8,22.928,0.16638117031709493,2.472831345524362e-05,0.043000000000002814,0.0005750770570986512,0.08258064516129032,-0.015003750937733684,0.0,-0.11107140956536084
2,3,83540,57,236,50.88,0.17,12.7,22.949,0.16278195488721592,-3.98269980330177e-05,0.04299999999999926,-0.000926209256581823,0.08193548387096773,-0.030007501875469526,-0.23255813953488794,-0.1946980697446355
2,3,83562,57,236,49.89,0.16,12.6,22.971,0.15800915331807575,-0.00011442466491410208,0.04399999999999693,-0.002600560566229774,0.08129032258064516,-0.029325513196482807,-0.45454545454548667,-0.260408927456996
2,3,83584,57,236,49.01,0.15,12.5,22.993,0.1513239620791089,-0.00019411731118163365,0.04299999999999926,-0.004514356073991558,0.08064516129032258,-0.045011252813203805,-0.4651162790697752,-0.3176292602081552
2,3,83605,59,245,48.35,0.14,12.3,23.014,0.1443510951291253,-0.00027410918952838157,0.04600000000000293,-0.005958895424529655,0.07935483870967742,-0.06872370266479215,-0.21739130434781184,-0.29698537458957075
2,3,83630,59,245,47.36,0.14,12.01,23.039,0.13766263484798777,-0.00034998508485117874,0.045999999999999375,-0.007608371409808337,0.07748387096774194,-0.06872370266479776,-0.21739130434782925,-0.3025285330528596
2,3,83651,59,245,46.48,0.13,11.81,23.06,0.13043478260869396,-0.00041789353851572563,0.04299999999999926,-0.009718454384086809,0.07619354838709677,-0.07501875468867365,-0.4651162790697759,-0.3418809916601434
2,3,83673,59,245,45.49,0.12,11.51,23.082,0.12296175220660185,-0.0004746794512306778,0.043000000000002814,-0.011039057005363877,0.07425806451612903,-0.09002250562640049,-0.46511627906973707,-0.33344230140566217
2,3,83694,59,245,44.61,0.11,11.21,23.103,0.11609676364824954,-0.0005179651187420937,0.04299999999999926,-0.012045700435862852,0.0723225806451613,-0.09002250562640793,-0.2325581395348876,-0.31854155104647464
2,3,83716,12,241,43.72,0.11,10.91,23.125,0.10926446551160368,-0.0005461825668862926,0.04299999999999926,-0.012701920160146556,0.07038709677419355,-0.0735183795949002,-0.2325581395348876,-0.30941864266328184
2,3,83737,12,241,43.06,0.1,10.72,23.146,0.10279176201372865,-0.0005585632948381658,0.04299999999999926,-0.01298984406600408,0.06916129032258064,-0.058514628657165585,-0.2325581395348876,-0.2850908869747687
2,3,83759,12,241,42.4,0.1,10.52,23.168,0.09700555737168884,-0.0005550938334910143,0.04299999999999926,-0.012909158918395903,0.06787096774193548,-0.07501875468867332,-0.23255813953488794,-0.24555828398093446
2,3,83780,12,241,41.74,0.09,10.22,23.189,0.09223275580254865,-0.0005364464180821766,0.04299999999999926,-0.012475498094934555,0.06593548387096775,-0.07501875468867332,-0.23255813953488794,-0.22480366740917138
2,3,83802,12,241,41.08,0.09,10.02,23.211,0.08733899967309464,-0.0005038933638854904,0.045000000000001705,-0.011197630308566029,0.06464516129032258,-0.057347670250893844,-0.2222222222222137,-0.214376521012666
2,3,83825,33,242,40.42,0.08,9.82,23.234,0.08258581235697832,-0.00045921189893942404,0.045000000000001705,-0.010204708865320147,0.06335483870967742,-0.057347670250893996,-0.2222222222222137,-0.1913479350550191
2,3,83847,33,242,39.87,0.08,9.62,23.256,0.07872834259561845,-0.000404584044318657,0.04299999999999926,-0.009408931263224743,0.06206451612903225,-0.058514628657165425,0.0,-0.14178520112211807
2,3,83868,33,242,39.43,0.08,9.43,23.277,0.07648904870872734,-0.00034249410828058837,0.04299999999999926,-0.0079649792623394,0.060838709677419354,-0.058514628657165106,0.0,-0.08370268441579205
2,3,83890,33,242,38.88,0.08,9.23,23.299,0.07512912716573945,-0.00027562464537094834,0.04299999999999926,-0.006409875473743095,0.059548387096774194,-0.060015003750938885,-0.2325581395348876,-0.04774322053870791
2,3,83911,33,242,38.33,0.07,9.03,23.32,0.07443609022556294,-0.00020675062457925364,0.04299999999999926,-0.004808154059982726,0.05825806451612903,-0.045011252813204124,-0.2325581395348876,-0.022427149775348446
2,3,83933,217,1,37.89,0.07,8.93,23.342,0.07416475972539949,-0.0001386314794766701,0.04299999999999926,-0.003223987894806337,0.05761290322580645,-0.030007501875469203,0.0,0.011707732425097208
2,3,83954,217,1,38.0,0.07,8.83,23.363,0.07493952271984211,-7.390182970942937e-05,0.043000000000002814,-0.0017186472025447566,0.05696774193548387,-0.015003750937733361,0.0,0.053901183697358315
2,3,83976,217,1,38.11,0.07,8.83,23.385,0.07648251062438605,-1.4963614927530956e-05,0.04299999999999926,-0.0003479910448263073,0.05696774193548387,-0.015003750937734602,0.0,0.0831705147601061
2,3,83997,217,1,38.22,0.07,8.73,23.406,0.07851585485452661,3.6115453797330946e-05,0.04499999999999815,0.0008025656399407206,0.056322580645161296,0.0,0.22222222222223123,0.08267044422651094
2,3,84021,217,1,40.42,0.08,8.83,23.43,0.08020268061457889,7.769032812501031e-05,0.045000000000001705,0.001726451736111275,0.05696774193548387,0.07168458781361722,0.4444444444444274,0.08041843739783805
2,3,84042,68,239,42.73,0.09,9.23,23.451,0.08213468453742946,0.00010860593525753615,0.04299999999999926,0.0025257194245939074,0.059548387096774194,0.07501875468867349,0.2325581395348876,0.07534001839786557
2,3,84064,68,239,42.73,0.09,9.33,23.473,0.08344230140568705,0.0001282356951563024,0.04299999999999926,0.00298222546875127,0.06019354838709678,0.030007501875469363,0.0,0.059298904490751994
2,3,84085,68,239,42.62,0.09,9.43,23.494,0.08468453743053175,0.00013648650863641443,0.04299999999999926,0.0031741048520096925,0.060838709677419354,0.015003750937734602,0.0,0.056257935029687844
2,3,84107,68,239,42.51,0.09,9.43,23.516,0.08586139261196359,0.00013377084437696496,0.04299999999999926,0.003110949869231797,0.060838709677419354,0.0,0.0,0.0662171100146728
2,3,84128,68,239,42.4,0.09,9.43,23.537,0.08753187316116263,0.00012095221865627081,0.043000000000002814,0.002812842294331695,0.060838709677419354,0.0,0.0,0.047971293248283316
2,3,84150,61,226,42.07,0.09,9.43,23.559,0.0879241582216399,9.92738558546673e-05,0.04299999999999926,0.002308694322201605,0.060838709677419354,0.0,0.0,0.001520484730531912
2,3,84171,61,226,41.74,0.09,9.43,23.58,0.0875972540045755,7.028075252681987e-05,0.04299999999999926,0.0016344361052749088,0.060838709677419354,-0.015003750937734602,-0.2325581395348876,-0.03193017934117402
2,3,84193,61,226,41.52,0.08,9.33,23.602,0.08655116050996944,3.574349585304937e-05,0.043000000000002814,0.0008312440896057449,0.06019354838709678,-0.015003750937733361,-0.2325581395348684,-0.06538084341287488
2,3,84214,61,226,41.41,0.08,9.33,23.623,0.0847858777378217,-2.4108513593112947e-06,0.04499999999999815,-5.357447465136431e-05,0.06019354838709678,0.0,0.0,-0.09443899604082878
2,3,84238,61,226,41.19,0.08,9.33,23.647,0.08230140568813232,-4.215891767015023e-05,0.04499999999999815,-0.000936864837114488,0.06019354838709678,0.0,0.0,-0.10635283861828751
2,3,84259,57,234,40.97,0.08,9.33,23.668,0.07999999999999896,-8.14335834466604e-05,0.043000000000002814,-0.0018938042662012807,0.06019354838709678,0.0,0.0,-0.08104183613735434
2,3,84281,57,234,40.86,0.08,9.33,23.69,0.07881660673422586,-0.00011817259564472593,0.04299999999999926,-0.002748199898714604,0.06019354838709678,-0.015003750937734763,0.0,-0.06074336498475734
2,3,84302,57,234,40.53,0.08,9.23,23.711,0.07738803530565444,-0.0001503678151459429,0.04299999999999926,-0.0034969259336266392,0.059548387096774194,-0.015003750937734763,0.0,-0.06986627336795011
2,3,84324,57,234,40.31,0.08,9.23,23.733,0.07581235697940406,-0.0001761192901723625,0.043000000000002814,-0.004095797445868628,0.059548387096774194,0.0,-0.2325581395348684,-0.07442772755954001
2,3,84345,57,234,40.2,0.07,9.23,23.754,0.07418764302059401,-0.00019369715231885642,0.04299999999999926,-0.004504584937647901,0.059548387096774194,-0.015003750937734602,-0.2325581395348876,-0.07442772755954648
2,3,84367,35,239,39.87,0.07,9.13,23.776,0.07261196469434361,-0.00020161262548877267,0.04299999999999926,-0.0046886657090413056,0.05890322580645162,-0.030007501875469526,0.0,-0.06986627336794977
2,3,84388,35,239,39.65,0.07,9.03,23.797,0.07118339326577222,-0.00019869724850688186,0.04299999999999926,-0.0046208662443461695,0.05825806451612903,-0.015003750937734924,0.0,-0.06074336498475702
2,3,84410,35,239,39.43,0.07,9.03,23.819,0.0699999999999991,-0.00018418691727159597,0.04499999999999815,-0.004093042606035634,0.05825806451612903,-0.014336917562724516,0.0,-0.07743997675348017
2,3,84433,35,239,39.21,0.07,8.93,23.842,0.06769859431186576,-0.00015780496527568745,0.045000000000001705,-0.003506777006126255,0.05761290322580645,-0.02867383512544677,0.0,-0.11877519886672597
2,3,84455,35,239,38.88,0.07,8.83,23.864,0.06465511605099623,-0.00011983648710864791,0.043000000000002814,-0.0027868950490381413,0.05696774193548387,-0.030007501875466722,0.0,-0.143609782798745
2,3,84476,44,244,38.77,0.07,8.73,23.885,0.06152337365151932,-7.118456447318522e-05,0.04299999999999926,-0.001655454987748522,0.056322580645161296,-0.015003750937734602,-0.23255813953488794,-0.13403072899640506
2,3,84498,44,244,38.44,0.06,8.73,23.907,0.058891794704150915,-1.339822698041715e-05,0.04299999999999926,-0.00031158667396319486,0.056322580645161296,-0.015003750937734763,-0.23255813953488794,-0.07260314588290799
2,3,84519,44,244,38.11,0.06,8.63,23.928,0.05840143837855433,5.133784171268196e-05,0.04299999999999926,0.001193903295643787,0.05567741935483871,-0.030007501875469685,0.0,0.0231873921406144
2,3,84541,44,244,37.78,0.06,8.53,23.95,0.05988885256619732,0.00012026060141353412,0.04299999999999926,0.0027967581724078184,0.05503225806451612,-0.030007501875469526,0.0,0.11137550651147628
2,3,84562,44,244,37.45,0.06,8.43,23.971,0.06319058515854772,0.00019013929511210747,0.04299999999999926,0.004421844072374668,0.054387096774193545,-0.030007501875469203,0.0,0.17097850794833483
2,3,84584,242,41,37.12,0.06,8.33,23.993,0.06724092840797559,0.00025744170373537576,0.04299999999999926,0.005987016365939074,0.05374193548387097,-0.015003750937734602,0.0,0.22723644297802237
2,3,84605,242,41,37.12,0.06,8.33,24.014,0.07296175220660252,0.00031855207732003345,0.045000000000001705,0.007078935051556031,0.05374193548387097,-0.012903225806451046,0.0,0.25527587083649833
2,3,84629,242,41,37.12,0.06,8.24,24.038,0.07872834259561845,0.0003700285357634936,0.045999999999999375,0.008044098603554317,0.05316129032258065,0.014025245441795337,0.21739130434782925,0.2670665321147861
2,3,84651,242,41,40.75,0.07,8.43,24.06,0.08524681268388251,0.00040887821034861813,0.04299999999999926,0.00950879558950291,0.054387096774193545,0.1635408852213081,0.6976744186046632,0.3161087754776236
2,3,84672,242,41,44.72,0.09,9.33,24.081,0.09232101994115603,0.0004328193707517993,0.043000000000002814,0.010065566761669092,0.06019354838709678,0.28357089272316227,0.9302325581394739,0.32439541725899673
2,3,84694,17,228,48.9,0.11,10.32,24.103,0.09919581562602028,0.000440494718050898,0.04299999999999926,0.010244063210486177,0.06658064516129032,0.22205551387847355,0.9302325581395511,0.33078145312725843
2,3,84715,17,228,49.01,0.13,10.81,24.124,0.1065446224256279,0.00043160357954456254,0.04299999999999926,0.010037292547548139,0.06974193548387098,0.0735183795949002,0.46511627906977554,0.3265240958817686
2,3,84737,17,228,48.57,0.13,10.81,24.146,0.11323635174893609,0.00040693499402549805,0.043000000000002814,0.009463604512220265,0.06974193548387098,0.0,0.0,0.30288055832196914
2,3,84758,17,228,48.46,0.13,10.81,24.167,0.11956848643347343,0.00036830419426065044,0.04299999999999926,0.008565213820015273,0.06974193548387098,0.0,0.0,0.28007328736401294
2,3,84780,17,228,48.24,0.13,10.81,24.189,0.12527950310558844,0.0003184126638705784,0.04299999999999926,0.007404945671408928,0.06974193548387098,0.0,0.0,0.2581022830078242
2,3,84801,223,53,48.13,0.13,10.81,24.21,0.13066688460280967,0.000260659964490646,0.045999999999999375,0.005666520967188033,0.06974193548387098,0.0,-0.21739130434782925,0.20260954844578402
2,3,84826,223,53,48.02,0.12,10.81,24.235,0.13459954233409438,0.0001989338011417523,0.045999999999999375,0.004324647850907718,0.06974193548387098,0.0,0.0,0.13438605966712655
2,3,84847,223,53,47.8,0.13,10.81,24.256,0.1368486433474974,0.00013739770038105625,0.04299999999999926,0.0031952953576990374,0.06974193548387098,0.0,0.23255813953488794,0.06013517109254419
2,3,84869,223,53,47.69,0.13,10.81,24.278,0.13718535469107374,8.02874602455681e-05,0.04299999999999926,0.0018671502382690576,0.06974193548387098,0.0,0.0,-0.013152192919102879
2,3,84890,223,53,48.9,0.13,10.81,24.299,0.136283099051976,3.172033475934377e-05,0.043000000000002814,0.0007376822037056208,0.06974193548387098,0.045011252813200085,0.2325581395348687,-0.05937492872727365
2,3,84912,66,241,50.33,0.14,11.11,24.321,0.1346322327558008,-4.484411777998076e-06,0.04299999999999926,-0.00010428864599995706,0.0716774193548387,0.07501875468867332,0.23255813953488794,-0.07404760637691335
2,3,84933,66,241,50.44,0.14,11.31,24.342,0.13309905197776878,-2.49775709665645e-05,0.04299999999999926,-0.0005808737434084868,0.07296774193548387,0.030007501875469526,0.0,-0.0476671963021807
2,3,84955,66,241,50.22,0.14,11.31,24.364,0.13258254331480707,-2.7047593780757494e-05,0.043000000000002814,-0.0006290138088547842,0.07296774193548387,0.0,0.0,-0.033678736781283164
2,3,84976,66,241,49.78,0.14,11.31,24.385,0.1316508662961735,-8.781855008210826e-06,0.04299999999999926,-0.00020422918623746458,0.07296774193548387,-0.015003750937734602,0.0,-0.04082501501478742
2,3,84998,66,241,48.79,0.14,11.21,24.407,0.13082706766917124,3.078686664336772e-05,0.04299999999999926,0.000715973642869029,0.0723225806451613,-0.015003750937734602,-0.23255813953488794,-0.025164022290305694
2,3,85019,217,7,47.69,0.13,11.21,24.428,0.13056881333769038,9.156250678770839e-05,0.045000000000001705,0.0020347223730601094,0.0723225806451613,-0.014336917562723693,-0.222222222222214,0.009807126511931372
2,3,85043,217,7,47.69,0.13,11.11,24.452,0.13126838836220817,0.0001723124739800994,0.04499999999999815,0.003829166088446811,0.0716774193548387,-0.014336917562724824,0.0,0.03959173295557804
2,3,85064,217,7,47.58,0.13,11.11,24.473,0.13235044132069132,0.0002706540487830864,0.04299999999999926,0.006294280204257932,0.0716774193548387,0.0,0.0,0.08552726609243054
2,3,85086,217,7,47.58,0.13,11.11,24.495,0.13494606080418262,0.00038311186643271355,0.04400000000000048,0.008707087873470666,0.0716774193548387,0.0,0.0,0.1511932003922815
2,3,85108,217,7,48.68,0.13,11.11,24.517,0.13900294213795178,0.0005052524811155142,0.04400000000000048,0.011483010934443377,0.0716774193548387,0.014662756598240534,0.227272727272725,0.23960593182560588
2,3,85130,234,31,50.0,0.14,11.21,24.539,0.1454887218045094,0.0006318949727963226,0.04299999999999926,0.014695231925496127,0.0723225806451613,0.060015003750938725,0.4651162790697752,0.3791328675581788
2,3,85151,234,31,51.65,0.15,11.51,24.56,0.1553056554429532,0.0007573882231549653,0.04299999999999926,0.01761367960825531,0.07425806451612903,0.13353338334583859,0.4651162790697752,0.5333100192341338
2,3,85173,234,31,53.86,0.16,12.1,24.582,0.16842105263157675,0.0008759367257526698,0.043000000000002814,0.020370621529130523,0.07806451612903226,0.17854463615902796,0.6976744186046054,0.6642237545328933
2,3,85194,234,31,56.06,0.18,12.7,24.603,0.18386727688786947,0.000981949448133138,0.04299999999999926,0.02283603367751523,0.08193548387096773,0.1800450112528165,0.9302325581395511,0.7695933463588224
2,3,85216,234,31,58.04,0.2,13.3,24.625,0.20151356652500554,0.0010703825066406853,0.045999999999999375,0.023269184926971734,0.08580645161290323,0.18092566619916106,0.8695652173913163,0.8229458333925558
2,3,85240,255,53,60.02,0.22,13.99,24.649,0.22172278522392652,0.0011370472143707637,0.045999999999999375,0.02471841770371259,0.09025806451612903,0.18092566619916076,0.8695652173913158,0.9144790141705879
2,3,85262,255,53,62.23,0.24,14.59,24.671,0.243579601176852,0.0011788593935285814,0.04299999999999926,0.027415334733223294,0.09412903225806452,0.20855213803451256,0.9302325581395511,1.0458654218965044
2,3,85283,255,53,64.98,0.26,15.38,24.692,0.26669499836547544,0.0011940117114293488,0.04299999999999926,0.02776771421928766,0.09922580645161291,0.23705926481620831,1.1627906976744384,1.0953571998753246
2,3,85305,255,53,67.84,0.29,16.17,24.714,0.29067996077149016,0.0011820569022040087,0.04400000000000048,0.026864929595545355,0.1043225806451613,0.21847507331378052,1.3636363636363487,1.081384290766415
2,3,85327,255,53,70.27,0.32,16.87,24.736,0.31427590715919823,0.0011438960515109517,0.04400000000000048,0.025997637534339525,0.10883870967741936,0.18914956011730008,1.136363636363625,1.0485452762340386
2,3,85349,255,15,72.47,0.34,17.46,24.758,0.33681595292578836,0.001081673098359211,0.04299999999999926,0.025155188333935572,0.11264516129032259,0.1635408852213081,0.9302325581395504,0.9838296448907953
2,3,85370,255,15,74.45,0.36,17.96,24.779,0.3565805818895017,0.0009985840867801805,0.04299999999999926,0.023222885739074366,0.11587096774193549,0.1635408852213081,0.6976744186046625,0.8444772193375288
2,3,85392,255,15,76.1,0.37,18.55,24.801,0.3731284733573015,0.0008986163219281132,0.04299999999999926,0.020898053998328572,0.11967741935483872,0.14853713428357318,0.6976744186046637,0.6853584922873457
2,3,85413,255,15,77.64,0.39,18.95,24.822,0.38605099705785706,0.0007862374484682704,0.04600000000000293,0.01709211844496131,0.12225806451612903,0.11220196353435463,0.8695652173912486,0.48232585243824105
2,3,85438,255,15,79.08,0.41,19.35,24.847,0.395315462569462,0.0006660576278082893,0.045999999999999375,0.014479513648006485,0.12483870967741936,0.09817671809256796,0.6521739130434865,0.3307417883081989
2,3,85459,50,220,80.18,0.42,19.65,24.868,0.401265119320034,0.0005424901433125093,0.04299999999999926,0.012616049844477176,0.1267741935483871,0.05851462865716462,0.23255813953488794,0.22138257676547246
2,3,85481,50,220,79.85,0.42,19.74,24.89,0.40483491337037714,0.00041943724710873196,0.043000000000002814,0.00975435458392336,0.1273548387096774,0.013503375843959702,0.0,0.1129720154785238
2,3,85502,50,220,78.19,0.42,19.74,24.911,0.40612291598561084,0.0003000284342446555,0.04299999999999926,0.0069774054475502485,0.1273548387096774,-0.028507126781695417,-0.23255813953488794,0.02364353755977701
2,3,85524,50,220,76.54,0.41,19.55,24.933,0.40585158548544753,0.00018643657762591558,0.04299999999999926,0.00433573436339346,0.12612903225806452,-0.05851462865716462,-0.46511627906977454,-0.016801356272375337
2,3,85545,50,220,74.34,0.4,19.35,24.954,0.4054004576658987,7.979236828194658e-05,0.04299999999999926,0.001855636471673208,0.12483870967741936,-0.09002250562640825,-0.6976744186046625,-0.010263271931092827
2,3,85567,255,64,72.36,0.38,18.95,24.976,0.40541026479241055,-1.9791352749425784e-05,0.04299999999999926,-0.0004602640174285145,0.12225806451612903,-0.07501875468867332,-0.4651162790697759,-0.024327755688515754
2,3,85588,255,64,72.03,0.38,18.85,24.997,0.40435436417129256,-0.00011308618066184195,0.04299999999999926,-0.0026299111781824163,0.12161290322580647,-0.015003750937734277,0.0,-0.07237507317332702
2,3,85610,255,64,71.92,0.38,18.85,25.019,0.40229813664595754,-0.00020152081066678919,0.053999999999998494,-0.003731866864199904,0.12161290322580647,-0.01194743130227053,0.0,-0.09740534912159751
2,3,85642,255,64,72.25,0.38,18.75,25.051,0.39909447531872644,-0.0002868884453029494,0.053000000000000824,-0.005412989534017829,0.12096774193548387,-0.012172854534388313,0.1886792452830161,-0.14285097485304452
2,3,85663,255,64,74.01,0.39,18.75,25.072,0.39472703497874606,-0.000371027176708413,0.043000000000002814,-0.008628538993218342,0.12096774193548387,0.045011252813200404,0.4651162790697374,-0.2065578506427675
2,3,85685,39,235,75.99,0.4,19.05,25.094,0.39021248774108686,-0.00045551521722748587,0.04299999999999926,-0.010593377144825436,0.12290322580645162,0.07501875468867332,0.23255813953488794,-0.25392094999885967
2,3,85706,39,235,75.77,0.4,19.25,25.115,0.3838084341287953,-0.0005414199799437967,0.04400000000000048,-0.012304999544177063,0.12419354838709677,0.014662756598239905,0.0,-0.31353086272994085
2,3,85729,39,235,74.12,0.4,19.15,25.138,0.3764171297809693,-0.0006291306698117332,0.04400000000000048,-0.01429842431390287,0.12354838709677418,-0.05865102639296088,-0.227272727272725,-0.37668281375374396
2,3,85750,39,235,71.81,0.39,18.85,25.159,0.36723439032363037,-0.0007182892848383773,0.04299999999999926,-0.016704401972985804,0.12161290322580647,-0.10502625656414252,-0.6976744186046637,-0.4859469198780587
2,3,85772,39,235,69.16,0.37,18.45,25.181,0.35552141222621314,-0.0008078179942822565,0.043000000000002814,-0.018786464983307063,0.11903225806451613,-0.14853713428356158,-1.1627906976743423,-0.6200536731109375
2,3,85793,29,246,66.63,0.34,17.86,25.202,0.3405720823798583,-0.0008960264030992029,0.04400000000000048,-0.020364236434072567,0.1152258064516129,-0.15982404692081933,-1.1363636363636236,-0.7691164670569518
2,3,85816,29,246,64.1,0.32,17.36,25.225,0.3216802876757069,-0.000980773532912867,0.045999999999999375,-0.021321163758975657,0.112,-0.18092566619916076,-0.869565217391317,-0.8596159586110846
2,3,85839,29,246,61.24,0.3,16.57,25.248,0.30102974828374895,-0.0010596569178648566,0.04499999999999815,-0.02354793150810889,0.10690322580645162,-0.199283154121872,-1.1111111111111565,-0.9642221495768692
2,3,85861,29,246,58.7,0.27,15.97,25.27,0.27829029094474955,-0.001130203601362357,0.04299999999999926,-0.026283804682845965,0.10303225806451613,-0.19354838709677763,-1.1627906976744384,-1.0921641819412085
2,3,85882,29,246,56.5,0.25,15.28,25.291,0.2540666884602778,-0.0011900432299005086,0.04299999999999926,-0.027675423951175095,0.09858064516129032,-0.2070517629407388,-1.1627906976744389,-1.1383869177493835
2,3,85904,0,255,54.3,0.22,14.59,25.313,0.2293396534815269,-0.0012370502853425104,0.04299999999999926,-0.02876861128703562,0.09412903225806452,-0.19354838709677763,-0.9302325581395511,-1.117252179994986
2,3,85925,0,255,52.31,0.21,13.99,25.334,0.20602484472049423,-0.001269449369117245,0.043000000000002814,-0.029522078351561905,0.09025806451612903,-0.19354838709676134,-0.9302325581394741,-1.0604620753095249
2,3,85947,0,255,50.33,0.18,13.3,25.356,0.18373978424321435,-0.0012858832539146103,0.04299999999999926,-0.02990426171894494,0.08580645161290323,-0.19354838709677763,-1.1627906976744384,-0.9874788082440735
2,3,85968,0,255,48.35,0.16,12.7,25.377,0.1635632559659998,-0.0012854475901746128,0.04299999999999926,-0.029894130004061277,0.08193548387096773,-0.1800450112528165,-0.9302325581395504,-0.8853022343523157
2,3,85990,0,255,46.59,0.14,12.1,25.399,0.14567178816606544,-0.0012676986227410224,0.043000000000002814,-0.029481363319556732,0.07806451612903226,-0.17854463615902796,-0.6976744186046054,-0.7836578301161786
2,3,86011,18,252,44.94,0.13,11.51,25.42,0.1298659692710019,-0.001232641204320732,0.04499999999999815,-0.027392026762684058,0.07425806451612903,-0.15627240143369814,-0.44444444444446307,-0.6572227670626021
2,3,86035,18,252,43.39,0.12,11.01,25.444,0.11609676364824956,-0.0011807039944636201,0.045999999999999375,-0.02566747814051383,0.07103225806451613,-0.15287517531557007,-0.6521739130434872,-0.5568742271557916
2,3,86057,18,252,41.85,0.1,10.42,25.466,0.10424975482183585,-0.0011127072530247677,0.060000000000002274,-0.018545120883745426,0.0672258064516129,-0.1494623655913923,-0.499999999999981,-0.3601394791325959
2,3,86095,18,252,39.43,0.09,9.62,25.504,0.09448839490029298,-0.0010298266492789984,0.05999999999999872,-0.017163777487983672,0.06206451612903225,-0.13870967741935766,-0.33333333333334053,-0.30402092186989477
2,3,86117,77,231,38.33,0.08,9.13,25.526,0.08600849950964255,-0.0009335551724528095,0.04299999999999926,-0.021710585405879664,0.05890322580645162,-0.11852963240810382,-0.2325581395348876,-0.35161209393554804
2,3,86138,77,231,37.45,0.08,8.83,25.547,0.07936907486106468,-0.000825665688916132,0.04299999999999926,-0.0192015276492127,0.05696774193548387,-0.07501875468867349,-0.2325581395348876,-0.288511977618466
2,3,86160,77,231,36.9,0.07,8.63,25.569,0.07360248447204873,-0.0007081786044213647,0.04299999999999926,-0.016469269870264577,0.05567741935483871,-0.060015003750938885,-0.2325581395348876,-0.2307335578582462
2,3,86181,77,231,36.57,0.07,8.43,25.59,0.06944753187316026,-0.0005833402061358957,0.04299999999999926,-0.013566051305486179,0.054387096774193545,-0.045011252813204124,0.0,-0.18709564609197465
2,3,86203,77,231,36.02,0.07,8.33,25.612,0.06555737169009396,-0.0004536152781370886,0.04299999999999926,-0.010549192514816196,0.05374193548387097,-0.043510877719430505,0.0,-0.17515984095729775
2,3,86224,59,248,35.69,0.07,8.14,25.633,0.061915658711996585,-0.0003216922706135659,0.043000000000002814,-0.007481215595663834,0.052516129032258066,-0.04351087771942723,0.0,-0.1460425583675961
2,3,86246,59,248,35.02,0.07,8.04,25.655,0.05927754168028691,-0.00019049243755499834,0.045000000000001705,-0.004233165278999803,0.051870967741935475,-0.057347670250893844,-0.222222222222214,-0.06792343176782199
2,3,86269,59,248,34.36,0.06,7.74,25.678,0.05885910428244448,-6.31682597905403e-05,0.04499999999999815,-0.001403739106456509,0.049935483870967745,-0.07168458781362289,-0.22222222222223154,0.024554138970615435
2,3,86291,59,248,33.7,0.06,7.54,25.7,0.06038247793396456,5.6926926318577206e-05,0.04299999999999926,0.001323882007408795,0.04864516129032258,-0.060015003750938885,0.0,0.0748078487421793
2,3,86312,59,248,33.04,0.06,7.34,25.721,0.062075841778358135,0.0001663155005763244,0.04299999999999926,0.0038678023389843545,0.04735483870967742,-0.060015003750938725,0.0,0.12019431794856246
2,3,86334,238,38,32.38,0.06,7.14,25.743,0.06555083360575266,0.00026153040948863815,0.04299999999999926,0.006082102546247504,0.04606451612903226,-0.045011252813203964,0.0,0.15957487246934388
2,3,86355,238,38,32.6,0.06,7.04,25.764,0.0689375612945398,0.0003393108223682439,0.043000000000002814,0.007890949357400505,0.04541935483870968,-0.015003750937733361,0.0,0.19941157240926854
2,3,86377,238,38,32.93,0.06,7.04,25.786,0.07412553121935177,0.00039684859448130895,0.04299999999999926,0.009229037080960832,0.04541935483870968,0.030007501875469363,0.23255813953488794,0.23894417540311957
2,3,86398,238,38,36.57,0.07,7.24,25.807,0.07921216083687377,0.0004320618262907434,0.04299999999999926,0.010047949448622112,0.04670967741935484,0.16504126031508157,0.46511627906977554,0.244189847723455
2,3,86420,238,38,40.75,0.08,8.14,25.829,0.08462569467146015,0.0004438595376501642,0.043000000000002814,0.01032231482907291,0.052516129032258066,0.29857464366089564,0.6976744186046054,0.25635372556769076
2,3,86441,63,226,45.05,0.1,9.23,25.85,0.09023537103628519,0.00043235472246234784,0.045999999999999375,0.009399015705703341,0.059548387096774194,0.22159887798036784,0.6521739130434872,0.2453202950665892
2,3,86466,63,226,45.49,0.11,9.72,25.875,0.0959104282445231,0.0003989864705300885,0.046999999999997044,0.008489073841066248,0.06270967741935485,0.06726149622512452,0.21276595744682178,0.24010071432050367
2,3,86488,63,226,45.16,0.11,9.72,25.897,0.10152010460934816,0.0003465270751943521,0.04299999999999926,0.008058769190566467,0.06270967741935485,0.0,0.0,0.2483711807324186
2,3,86509,63,226,45.05,0.11,9.72,25.918,0.10659038901601692,0.00027897218440553397,0.043000000000002814,0.006487725218732924,0.06270967741935485,0.0,0.2325581395348684,0.22525981282831148
2,3,86531,63,226,44.83,0.12,9.72,25.94,0.11120627656096618,0.00020133160544181727,0.04299999999999926,0.00468213035911211,0.06270967741935485,-0.015003750937735085,0.0,0.193861803142843
2,3,86552,38,227,44.72,0.11,9.62,25.961,0.11492644655115902,0.00011934827130710524,0.04299999999999926,0.0027755411931885414,0.06206451612903225,0.0,0.0,0.12969734751438805
2,3,86574,38,227,44.61,0.12,9.72,25.983,0.11678326250408477,3.9172993989827984e-05,0.043000000000002814,0.0009109998602284981,0.06270967741935485,0.015003750937733845,0.0,0.041509233143522735
2,3,86595,38,227,44.5,0.11,9.72,26.004,0.11671134357633062,-3.2982395502017425e-05,0.04299999999999926,-0.0007670324535353022,0.06270967741935485,0.0,-0.2325581395348876,-0.04971985068839953
2,3,86617,38,227,44.39,0.11,9.72,26.026,0.11464530892448363,-9.119636819622734e-05,0.04299999999999926,-0.0021208457720053235,0.06270967741935485,0.0,0.0,-0.14900750359214546
2,3,86638,38,227,44.28,0.11,9.72,26.047,0.11030402092186847,-0.00013017971007580798,0.04100000000000037,-0.003175114879897727,0.06270967741935485,0.0,0.0,-0.24454030091133944
2,3,86658,49,255,44.17,0.11,9.72,26.067,0.10461915658711862,-0.0001455953278169968,0.04100000000000037,-0.003551105556512085,0.06270967741935485,0.0,0.0,-0.2661478723319378
2,3,86679,49,255,43.72,0.11,9.72,26.088,0.09939195815625892,-0.00013434188076585053,0.04299999999999926,-0.003124229785252392,0.06270967741935485,-0.015003750937735085,0.0,-0.23757573914564079
2,3,86701,49,255,42.73,0.11,9.62,26.11,0.09440339980385624,-9.478504283949363e-05,0.04299999999999926,-0.002204303321848727,0.06206451612903225,-0.043510877719430824,-0.2325581395348876,-0.2070900202984721
2,3,86722,49,255,41.52,0.1,9.43,26.131,0.09048708728342478,-2.6917693919500606e-05,0.04299999999999926,-0.0006259928818488621,0.060838709677419354,-0.07351837959489971,-0.46511627906977554,-0.16033511483461016
2,3,86744,49,255,40.42,0.09,9.13,26.153,0.08750898986596813,6.757102749417853e-05,0.04299999999999926,0.0015714192440506906,0.05890322580645162,-0.10502625656414269,-0.46511627906977554,-0.06712940085299221
2,3,86765,231,11,39.32,0.08,8.73,26.174,0.08760052304674616,0.00018533614354836027,0.043000000000002814,0.004310142873217399,0.056322580645161296,-0.060015003750933764,-0.2325581395348684,0.035503318457921505
2,3,86787,231,11,39.43,0.08,8.73,26.196,0.08903563255965885,0.0003215385285070127,0.04299999999999926,0.007477640197837633,0.056322580645161296,0.0,0.0,0.16976212016390885
2,3,86808,231,11,39.32,0.08,8.73,26.217,0.09490029421379412,0.0004701281931020951,0.04299999999999926,0.010933213793072166,0.056322580645161296,-0.015003750937734763,0.0,0.3246234899686036
2,3,86830,231,11,40.86,0.08,8.63,26.239,0.10299444262830856,0.0006242349261141716,0.043000000000002814,0.014517091304979784,0.05567741935483871,0.045011252813200085,0.46511627906973707,0.4428411777674378
2,3,86851,231,11,43.84,0.1,9.03,26.26,0.11394246485779519,0.000776637154844801,0.04499999999999815,0.017258603440996285,0.05825806451612903,0.18494623655914733,0.8888888888889253,0.5624205441139238
2,3,86875,244,41,47.14,0.12,9.92,26.284,0.1283033671134341,0.0009202669439353226,0.04499999999999815,0.020450376531896897,0.064,0.24229390681004587,0.8888888888889256,0.705749881951275
2,3,86896,244,41,50.44,0.14,10.72,26.305,0.14570120954560126,0.0010487004326728932,0.043000000000002814,0.024388382155181968,0.06916129032258064,0.2685671417854288,1.162790697674343,0.8573253153104534
2,3,86918,244,41,53.86,0.17,11.71,26.327,0.165168355671786,0.0011565816788600056,0.04299999999999926,0.02689724834558199,0.0755483870967742,0.2970742685671467,1.1627906976744384,0.9635311737381916
2,3,86939,244,41,57.05,0.19,12.7,26.348,0.18713305001634278,0.001239935605126698,0.04299999999999926,0.028835711747133008,0.08193548387096773,0.2820705176294121,1.1627906976744384,1.033929616761828
2,3,86961,244,41,59.91,0.22,13.59,26.37,0.20962732919254384,0.001296341117116528,0.04299999999999926,0.030147467839919773,0.0876774193548387,0.2535633908477167,1.1627906976744384,1.0574971300850755
2,3,86982,237,18,62.34,0.24,14.39,26.391,0.23260542661000025,0.001324954692634126,0.04299999999999926,0.030812899828701133,0.09283870967741936,0.22355588897224685,1.1627906976744389,1.0564327907737037
2,3,87004,237,18,64.43,0.27,15.08,26.413,0.2550539391958123,0.0013263938689575187,0.043000000000002814,0.03084636904552167,0.09729032258064516,0.19354838709676134,0.9302325581394748,1.0406957738126104
2,3,87025,237,18,65.97,0.28,15.68,26.434,0.2773553448839454,0.0013025060556304808,0.04299999999999926,0.030290838503034958,0.10116129032258064,0.1485371342835735,0.6976744186046625,1.0087655944715224
2,3,87047,237,18,67.29,0.3,16.07,26.456,0.29843085975808703,0.0012560590041534835,0.04499999999999815,0.027912422314523,0.1036774193548387,0.11326164874552429,0.8888888888889249,0.8854745559551291
2,3,87070,237,18,68.5,0.32,16.47,26.479,0.3172016999019246,0.001190394134677696,0.045000000000001705,0.02645320299283669,0.10625806451612903,0.11469534050178799,0.666666666666642,0.7991718426500611
2,3,87092,255,61,69.6,0.33,16.87,26.501,0.33439359267734114,0.0011090827640707986,0.04299999999999926,0.02579262242025157,0.10883870967741936,0.1035258814703694,0.4651162790697759,0.7553007898918214
2,3,87113,255,61,70.82,0.34,17.16,26.522,0.34967963386727235,0.001015619051520332,0.04400000000000048,0.023082251170916383,0.11070967741935483,0.10117302052785783,0.6818181818181737,0.6455615322892047
2,3,87136,255,61,72.36,0.36,17.56,26.545,0.36279830009806646,0.0009131739774530843,0.04400000000000048,0.020753954033024415,0.11329032258064516,0.1173020527859227,0.6818181818181737,0.5503878272756858
2,3,87157,255,61,73.9,0.37,17.96,26.566,0.3738966982674028,0.0008044240570774121,0.04299999999999926,0.018707536211102927,0.11587096774193549,0.12003000750187745,0.6976744186046637,0.4741631632164372
2,3,87179,255,61,75.33,0.39,18.36,26.588,0.3831873161163729,0.0006914587257260365,0.043000000000002814,0.016080435481999795,0.1184516129032258,0.1185296324080942,0.6976744186046061,0.40954256216878776
2,3,87200,211,71,76.65,0.4,18.75,26.609,0.3915070284406618,0.0005757629214656177,0.04299999999999926,0.013389835382921572,0.12096774193548387,0.08852213053263479,0.46511627906977454,0.3521442635912337
2,3,87222,211,71,76.98,0.41,18.95,26.631,0.3983295194507957,0.00045826705670306113,0.04299999999999926,0.01065737341169928,0.12225806451612903,0.030007501875469203,0.23255813953488663,0.30576947931000614
2,3,87243,211,71,76.76,0.41,18.95,26.652,0.40465511605099186,0.00033945480919977554,0.04499999999999815,0.007543440204439766,0.12225806451612903,0.014336917562724824,0.0,0.27924884675457656
2,3,87267,211,71,76.54,0.41,19.05,26.676,0.4108957175547511,0.0002195182640863358,0.04499999999999815,0.004878183646363218,0.12290322580645162,0.0,0.0,0.25985252987541957
2,3,87288,211,71,76.32,0.41,18.95,26.697,0.41634847989538526,9.854795933016547e-05,0.043000000000002814,0.0022918130076781166,0.12225806451612903,0.0,0.0,0.25597360438505734
2,3,87310,235,42,76.1,0.41,19.05,26.719,0.4219025825433093,-2.3258478898323886e-05,0.04299999999999926,-0.0005408948581005648,0.12290322580645162,0.015003750937734924,0.0,0.20997894128648345
2,3,87331,235,42,75.99,0.41,19.05,26.74,0.4253775743707039,-0.00014539029560923567,0.04299999999999926,-0.0033811696653311203,0.12290322580645162,0.0,0.0,0.09959174984985282
2,3,87353,235,42,76.21,0.41,19.05,26.762,0.4261850277868529,-0.0002668453713696728,0.043000000000002814,-0.006205706310922217,0.12290322580645162,0.015003750937733039,0.2325581395348687,-0.014140507993948002
2,3,87374,235,42,76.54,0.42,19.15,26.783,0.4247695325269641,-0.0003860064925949338,0.04299999999999926,-0.008976895176626521,0.12354838709677418,0.030007501875469203,0.23255813953488794,-0.15037593984962552
2,3,87396,235,42,76.98,0.42,19.25,26.805,0.4197188623733191,-0.0005005967798649529,0.04299999999999926,-0.011641785578254918,0.12419354838709677,0.015003750937734924,0.0,-0.28204991751370423
2,3,87417,27,247,77.31,0.42,19.25,26.826,0.412641386073875,-0.0006077328557985168,0.04299999999999926,-0.014133322227872728,0.12419354838709677,0.015003750937734924,0.0,-0.41608064651010795
2,3,87439,27,247,77.09,0.42,19.35,26.848,0.4018273945733848,-0.0007040841223649075,0.045999999999999375,-0.01530617657315037,0.12483870967741936,-0.014025245441795639,0.0,-0.5479198942535934
2,3,87463,27,247,74.34,0.42,19.15,26.872,0.38743707093821006,-0.0007861326574996852,0.045999999999999375,-0.01708984038042817,0.12354838709677418,-0.07012622720897699,-0.6521739130434865,-0.6992196938470953
2,3,87485,27,247,70.93,0.39,18.85,26.894,0.36966328865641884,-0.0008505121845928443,0.04299999999999926,-0.019779353130066485,0.12161290322580647,-0.1785446361590424,-1.1627906976744384,-0.9008872028402692
2,3,87506,27,247,67.29,0.37,17.96,26.915,0.34869892121607915,-0.0008943889355050985,0.043000000000002814,-0.02079974268616372,0.11587096774193549,-0.23855963990996207,-1.3953488372092109,-1.0375787801150185
2,3,87528,10,252,63.99,0.33,17.26,26.937,0.3250474011114701,-0.0009158356858720431,0.04299999999999926,-0.02129850432260602,0.11135483870967743,-0.22355588897224715,-1.6279069767442143,-1.1053923990968362
2,3,87549,10,252,60.68,0.3,16.47,26.958,0.301167048054916,-0.0009141463282737696,0.04299999999999926,-0.02125921693659966,0.10625806451612903,-0.23705926481620831,-1.3953488372093263,-1.1008309449052411
2,3,87571,10,252,57.6,0.27,15.68,26.98,0.27771167048054557,-0.0008900434147658061,0.043000000000002814,-0.020698684064319718,0.10116129032258064,-0.2535633908476954,-1.3953488372092109,-1.0528596516568665
2,3,87592,10,252,54.85,0.24,14.78,27.001,0.2558940830336678,-0.0008457435311885746,0.04299999999999926,-0.01966845421368812,0.09535483870967741,-0.25356339084771634,-1.1627906976744389,-0.9477181325406581
2,3,87614,10,252,52.31,0.22,13.99,27.023,0.23695979078129797,-0.0007848623062454116,0.04299999999999926,-0.01825261177314942,0.09025806451612903,-0.22205551387847305,-1.1627906976744384,-0.81710849418795
2,3,87635,236,62,50.0,0.19,13.3,27.044,0.22075841778358654,-0.0007121602532878697,0.045000000000001705,-0.015825783406396506,0.08580645161290323,-0.15627240143368581,-0.8888888888888554,-0.6370999963676978
2,3,87659,236,62,50.11,0.18,12.9,27.068,0.2082902909447505,-0.0006331511182118277,0.045999999999999375,-0.013764154743735572,0.0832258064516129,-0.05610098176718195,-0.21739130434782925,-0.4816862572309803
2,3,87681,236,62,50.22,0.18,12.9,27.09,0.19860084995096175,-0.0005536137875480538,0.04299999999999926,-0.012874739245303798,0.0832258064516129,0.0,0.0,-0.3532846271391337
2,3,87702,236,62,50.88,0.18,12.9,27.111,0.193099051977768,-0.00047906364251185,0.04299999999999926,-0.011141014942136238,0.0832258064516129,0.015003750937734924,0.23255813953488794,-0.20891460197511028
2,3,87724,236,62,53.31,0.19,13.0,27.133,0.18961752206603216,-0.0004142460907172989,0.04299999999999926,-0.009633630016681535,0.08387096774193549,0.1035258814703694,0.6976744186046632,-0.10689007655640613
2,3,87745,0,244,55.73,0.21,13.59,27.154,0.18850277868584261,-0.00036271220996078314,0.04299999999999926,-0.00843516767350673,0.0876774193548387,0.10352588147036906,0.4651162790697752,-0.057474322814112855
2,3,87767,0,244,55.62,0.21,13.69,27.176,0.18714612618502535,-0.00032652456972603617,0.04299999999999926,-0.007593594644791669,0.08832258064516128,0.030007501875469203,0.0,-0.0514684081285121
2,3,87788,0,244,55.07,0.21,13.79,27.197,0.18628963713631663,-0.00030612244029600076,0.04400000000000048,-0.006957328188545395,0.08896774193548386,0.0,-0.22727272727272435,-0.045395108324169056
2,3,87811,0,244,54.19,0.2,13.69,27.22,0.1851487414187619,-0.00030035312288477023,0.04400000000000048,-0.006826207338290158,0.08832258064516128,-0.04398826979472066,-0.4545454545454493,-0.09034443817052264
2,3,87832,0,244,52.65,0.19,13.49,27.241,0.1823144818568136,-0.00030665460811163213,0.045000000000001705,-0.0068145468469249,0.08703225806451613,-0.07025089605734489,-0.444444444444428,-0.1445643093240277
2,3,87856,51,230,51.21,0.18,13.2,27.265,0.1786433474991804,-0.00032135845703006006,0.045000000000001705,-0.0071412990451121755,0.08516129032258064,-0.09892473118279196,-0.6666666666666414,-0.2283970796556499
2,3,87877,51,230,49.89,0.16,12.8,27.286,0.17203661327230896,-0.00034007278206894576,0.04299999999999926,-0.007908669350440736,0.08258064516129032,-0.10502625656414286,-0.4651162790697752,-0.3506998030972293
2,3,87899,51,230,49.01,0.16,12.5,27.308,0.1635632559659998,-0.0003581032301780418,0.04299999999999926,-0.008327982097163907,0.08064516129032258,-0.07501875468867332,-0.23255813953488794,-0.41843739784243367
2,3,87920,51,230,48.13,0.15,12.3,27.329,0.15404380516508462,-0.00037087330018409934,0.04299999999999926,-0.008624960469397808,0.07935483870967742,-0.07351837959489986,-0.4651162790697752,-0.46101097029733173
2,3,87942,51,230,47.36,0.14,12.01,27.351,0.14373978424321487,-0.00037431179534512537,0.04299999999999926,-0.0087049254731426,0.07748387096774194,-0.08852213053263479,-0.4651162790697752,-0.4834381200726805
2,3,87963,50,241,46.7,0.13,11.71,27.372,0.1332559660019597,-0.0003651822817206707,0.04299999999999926,-0.00849261120280644,0.0755483870967742,-0.07501875468867365,-0.23255813953488794,-0.44877106821654955
2,3,87985,50,241,45.93,0.13,11.51,27.394,0.12444262830990357,-0.00034133560831592293,0.04299999999999926,-0.007938037402696019,0.07425806451612903,-0.07501875468867332,-0.23255813953488794,-0.3822498612557702
2,3,88006,50,241,45.05,0.12,11.21,27.415,0.11681922196796188,-0.0003018717321894844,0.043000000000002814,-0.007020272841615456,0.0723225806451613,-0.07501875468866713,-0.46511627906973707,-0.33884002219905035
2,3,88028,50,241,44.28,0.11,11.01,27.437,0.10987250735534346,-0.00024720183511217186,0.04299999999999926,-0.005748879886329677,0.07103225806451613,-0.0735183795949002,-0.2325581395348876,-0.3005998312261963
2,3,88049,50,241,43.5,0.11,10.72,27.458,0.10389342922523566,-0.0001790064974331429,0.045999999999999375,-0.003891445596372725,0.06916129032258064,-0.0827489481065931,-0.21739130434782894,-0.2232897934818144
2,3,88074,213,43,42.73,0.1,10.42,27.483,0.09960117685518013,-0.00010009093250673651,0.04600000000000293,-0.002175889837102829,0.0672258064516129,-0.056100981767177316,-0.21739130434781215,-0.10070071208265673
2,3,88095,213,43,42.95,0.1,10.32,27.504,0.09926119646943315,-1.4144485742672685e-05,0.04299999999999926,-0.0003289415288993704,0.06658064516129032,-0.015003750937734602,0.0,0.044094057185430933
2,3,88117,213,43,42.84,0.1,10.32,27.526,0.10149722131415363,7.458107354786848e-05,0.04299999999999926,0.0017344435708806921,0.06658064516129032,-0.015003750937734602,0.0,0.1983472330979128
2,3,88138,213,43,42.95,0.1,10.22,27.547,0.10779012749264326,0.00016165216397178028,0.04400000000000048,0.0036739128175404204,0.06593548387096775,-0.01466275659824022,0.0,0.3462212844363792
2,3,88161,213,43,43.72,0.1,10.22,27.57,0.11673095782935448,0.0002428634592565597,0.04400000000000048,0.0055196240740126605,0.06593548387096775,0.01466275659824022,0.22727272727272466,0.47267377930992344
2,3,88182,241,50,45.27,0.11,10.32,27.591,0.12858777378228012,0.00031464192249005586,0.04299999999999926,0.007317254011396774,0.06658064516129032,0.07501875468867332,0.4651162790697752,0.5460820909706039
2,3,88204,241,50,47.47,0.12,10.72,27.613,0.14021248774109005,0.00037440428753527933,0.04299999999999926,0.008707076454308972,0.06916129032258064,0.1635408852213081,0.46511627906977554,0.5452458243688111
2,3,88225,241,50,50.55,0.13,11.41,27.634,0.1520333442301386,0.00042082422878011804,0.04299999999999926,0.009786609971630821,0.07361290322580645,0.23705926481620831,0.9302325581395511,0.5303450740095956
2,3,88247,241,50,53.86,0.16,12.3,27.656,0.16301732592350227,0.0004539666346549787,0.04499999999999815,0.010088147436777719,0.07935483870967742,0.2709677419354952,1.333333333333388,0.4334749918274069
2,3,88270,241,50,57.27,0.19,13.3,27.679,0.1715397188623711,0.00047525543042240594,0.045000000000001705,0.010561231787164177,0.08580645161290323,0.25663082437275014,1.3333333333332829,0.34593730703568853
2,3,88292,53,255,59.91,0.22,14.09,27.701,0.17858450474010884,0.000487260292284601,0.043000000000002814,0.011331634704292305,0.09090322580645162,0.17854463615902796,0.6976744186046054,0.2936816257022509
2,3,88313,53,255,59.91,0.22,14.49,27.722,0.18416802876756871,0.0004933150354967513,0.04299999999999926,0.011472442685971158,0.09348387096774194,0.045011252813204124,0.0,0.19857530580749186
2,3,88335,53,255,58.92,0.22,14.39,27.744,0.18712324288983084,0.0004970112361300067,0.04299999999999926,0.011558400840232913,0.09283870967741936,-0.045011252813204124,-0.23255813953488794,0.12209492386172784
2,3,88356,53,255,56.72,0.21,14.19,27.765,0.18941811049362292,0.0005016369255319261,0.04299999999999926,0.011665975012370575,0.0915483870967742,-0.10502625656414318,-0.4651162790697752,0.0806617149547279
2,3,88378,53,255,54.19,0.2,13.69,27.787,0.19059169663288408,0.000509644452068871,0.04299999999999926,0.01185219655974139,0.08832258064516128,-0.1635408852213081,-0.9302325581395504,0.04949177797881951
2,3,88399,240,48,51.76,0.17,13.1,27.808,0.19154625694671212,0.0005222297093786796,0.04299999999999926,0.012144876962295085,0.08451612903225807,-0.11852963240810399,-0.6976744186046632,0.07176687928111515
2,3,88421,240,48,51.87,0.17,12.9,27.83,0.19367767244197198,0.0005390873903252462,0.04400000000000048,0.012251986143755462,0.0832258064516129,-0.029325513196480753,0.0,0.14755267615679146
2,3,88443,240,48,51.76,0.17,12.9,27.852,0.19803857469761102,0.0005583781161088214,0.04600000000000293,0.012138654698017086,0.0832258064516129,0.0,0.0,0.22314766121350776
2,3,88467,240,48,52.98,0.17,12.9,27.876,0.203942464857794,0.0005769098894778342,0.04499999999999815,0.01282021976617462,0.0832258064516129,0.02867383512544934,0.44444444444446246,0.3229813664596364
2,3,88488,240,48,55.29,0.19,13.1,27.897,0.21257273618829406,0.0005905051319758403,0.04299999999999926,0.013732677487810475,0.08451612903225807,0.11852963240810399,0.9302325581395504,0.48237378076130993
2,3,88510,252,54,57.82,0.21,13.69,27.919,0.22468453743052996,0.0005945001945602435,0.043000000000002814,0.01382558592000476,0.08832258064516128,0.19354838709676164,0.6976744186046054,0.6446855257455568
2,3,88531,252,54,60.68,0.22,14.39,27.94,0.24029421379535482,0.000584308689312552,0.04299999999999926,0.013588574170059582,0.09283870967741936,0.22355588897224715,1.1627906976744389,0.7486106570774786
2,3,88553,252,54,63.66,0.26,15.18,27.962,0.256874795684861,0.0005559742805160309,0.04299999999999926,0.012929634430605592,0.09793548387096775,0.23705926481620798,1.395348837209327,0.7625230923618491
2,3,88574,252,54,66.41,0.28,15.97,27.983,0.27308270676691376,0.0005066433910563309,0.04299999999999926,0.011782404443170687,0.10303225806451613,0.22355588897224715,1.1627906976744384,0.714703847586614
2,3,88596,252,54,68.94,0.31,16.67,28.005,0.28760706113108486,0.00043490292895078395,0.04299999999999926,0.010114021603506777,0.10754838709677421,0.19354838709677763,1.1627906976744384,0.6319134540091417
2,3,88617,1,234,71.15,0.33,17.26,28.026,0.3002549852893064,0.0003409499139881369,0.04299999999999926,0.007929067767166112,0.11135483870967743,0.11852963240810399,0.6976744186046637,0.46496423059671693
2,3,88639,1,234,70.82,0.34,17.46,28.048,0.30760052304674335,0.00022658488857943128,0.0470000000000006,0.004820955076158051,0.11264516129032259,0.027453671928620235,0.0,0.2379445375696341
2,3,88664,1,234,69.27,0.33,17.46,28.073,0.31143837855507933,9.5045068585474e-05,0.04600000000000293,0.002066197143162347,0.11264516129032259,-0.02805049088358881,-0.4347826086956249,0.07497477152237321
2,3,88685,1,234,67.4,0.32,17.26,28.094,0.31104936253677273,-4.9287626310899666e-05,0.04299999999999926,-0.0011462238676953607,0.11135483870967743,-0.07351837959490051,-0.4651162790697759,-0.13159795342755373
2,3,88707,1,234,65.2,0.31,16.97,28.116,0.3057796665576946,-0.0002012572009262108,0.04299999999999926,-0.004680400021539867,0.10948387096774193,-0.1035258814703694,-0.6976744186046637,-0.34332545215414845
2,3,88728,58,237,63.22,0.29,16.57,28.137,0.2962863680941446,-0.000355333883338627,0.04299999999999926,-0.008263578682293793,0.10690322580645162,-0.13503375843961204,-0.9302325581395504,-0.5272280803120049
2,3,88750,58,237,61.35,0.27,16.07,28.159,0.2831088591042788,-0.0005060000752373152,0.04299999999999926,-0.011767443610170325,0.1036774193548387,-0.13353338334583892,-0.9302325581395504,-0.7047446726016287
2,3,88771,58,237,59.47,0.25,15.68,28.18,0.2659823471722751,-0.0006480878630157321,0.043000000000002814,-0.015071810767806738,0.10116129032258064,-0.13353338334582757,-0.6976744186046061,-0.8171084941878843
2,3,88793,58,237,57.82,0.24,15.18,28.202,0.24797319385419747,-0.0007770462120044694,0.04299999999999926,-0.018070842139639134,0.09793548387096775,-0.13503375843961238,-0.4651162790697752,-0.8770155925709167
2,3,88814,58,237,56.28,0.23,14.78,28.223,0.22827067669172632,-0.000889128097134261,0.04299999999999926,-0.020677397607773866,0.09535483870967741,-0.13353338334583892,-0.6976744186046632,-0.8791028034282193
2,3,88836,51,255,54.74,0.21,14.29,28.245,0.2101717733067847,-0.0009814980049143713,0.045000000000001705,-0.02181106677587409,0.09219354838709677,-0.14193548387096244,-0.6666666666666414,-0.8023891525034723
2,3,88859,51,255,52.98,0.2,13.79,28.268,0.1921631648290687,-0.0010522674385596087,0.04499999999999815,-0.023383720856881153,0.08896774193548386,-0.14193548387097332,-0.666666666666694,-0.7892304322510594
2,3,88881,51,255,50.99,0.18,13.3,28.29,0.17465640385548847,-0.0011004702164232629,0.04299999999999926,-0.025592330614494924,0.08580645161290323,-0.1635408852213081,-0.9302325581395511,-0.793026089444602
2,3,88902,51,255,49.12,0.16,12.7,28.311,0.1580630429829514,-0.0011259911332793973,0.04299999999999926,-0.026185840308823642,0.08193548387096773,-0.1800450112528165,-0.9302325581395504,-0.7409713731889361
2,3,88924,51,255,47.25,0.14,12.1,28.333,0.14279463480836477,-0.0011294619061669327,0.04299999999999926,-0.02626655595737098,0.07806451612903226,-0.1635408852213081,-0.6976744186046632,-0.6697746756817697
2,3,88945,13,237,45.6,0.13,11.61,28.354,0.1292627319286358,-0.0011121381509384297,0.04400000000000048,-0.025275867066782216,0.0749032258064516,-0.14516129032257913,-0.45454545454545,-0.566266996993015
2,3,88968,13,237,44.28,0.12,11.11,28.377,0.11787888694067183,-0.0010757709168031334,0.04400000000000048,-0.024449339018252764,0.0716774193548387,-0.1304985337243386,-0.45454545454544965,-0.4592745338012602
2,3,88989,13,237,43.17,0.11,10.72,28.398,0.10905465244138013,-0.0010224858043763837,0.043000000000002814,-0.02377873963665853,0.06916129032258064,-0.10352588147036083,-0.4651162790697368,-0.34133269565122915
2,3,89011,13,237,42.18,0.1,10.42,28.42,0.10320158102766802,-0.000954681090971933,0.04299999999999926,-0.022201885836556964,0.0672258064516129,-0.09002250562640825,-0.2325581395348876,-0.19356807313808153
2,3,89032,13,237,41.3,0.1,10.12,28.441,0.10073122529644277,0.0,0.0,0.0,0.06529032258064515,0.0,0.0,0.0
