MS,MPT,t (ms),PWMi,PWMe,Pressure (Psi),LW raw(V),Displacement (mm),t_rel(s),LW (V),delta d (m),delta t (s),vel (m/s),strain,strain rate (1/s),dv/dt raw,dv/dt
2,1,3345,74,249,6.28,0.0,0.0,0.0,-0.0006992283079239427,0.0,0.0,0.0,0.0,0.0,0.0,0.0
2,1,3363,74,249,6.28,0.0,0.0,0.018,4.329004329005749e-05,-4.8139031401185364e-05,0.038,-0.0012668166158206675,0.0,0.0,0.0,0.03029338480380258
2,1,3383,74,249,6.28,0.0,0.0,0.038,0.00045192031462055527,-4.58665885080384e-05,0.03900000000000001,-0.0011760663720009844,0.0,0.0,0.0,0.013991432755734706
2,1,3402,74,249,6.28,0.0,0.0,0.057,0.0005889559207637111,-3.9158350379940644e-05,0.039,-0.0010040602661523241,0.0,0.0,0.0,0.0016607682511571844
2,1,3422,74,249,6.17,0.0,0.0,0.077,0.0005166902764156855,-2.7426396743330583e-05,0.039,-0.0007032409421366817,0.0,0.0,0.0,-0.007475362166437736
2,1,3441,74,249,6.28,0.0,0.0,0.096,0.0002974167962726394,-1.0309369273568959e-05,0.03900000000000001,-0.0002643428018863835,0.0,0.0,0.0,-0.013416958497050059
2,1,3461,45,228,6.17,0.0,0.0,0.116,-6.571104969266923e-06,1.2257751707762749e-05,0.03900000000000001,0.00031430132584007043,0.0,0.0,0.0,-0.016164020740679783
2,1,3480,45,228,6.28,0.0,0.0,0.135,-0.00033298001261387227,3.998337202729613e-05,0.03899999999999999,0.0010252146673665676,0.0,0.0,0.0,-0.01571654889732692
2,1,3500,45,228,6.28,0.0,0.0,0.155,-0.0006195165119650167,7.217547751854072e-05,0.04099999999999998,0.0017603775004522136,0.0,0.0,0.0,-0.01148554087104065
2,1,3521,45,228,6.28,0.0,0.0,0.176,-0.0008038871883265387,0.00010772140094750521,0.03900000000000001,0.0027620872037821846,0.0,0.0,0.0,-0.005238002949673367
2,1,3539,45,228,6.28,0.0,0.0,0.194,-0.000823798627002278,0.00014509779408710926,0.038000000000000006,0.003818363002292348,0.0,0.0,0.0,0.017799856412405887
2,1,3559,45,228,6.28,0.0,0.0,0.214,-0.00012749264465511487,0.00018241622647158768,0.03900000000000001,0.004677339140297119,0.0,0.0,0.0,0.04576659038901541
2,1,3578,210,27,6.28,0.0,0.0,0.233,0.0009610983981693235,0.00021750777230202545,0.03900000000000001,0.0055771223667186,0.0,0.0,0.0,0.06420734109521212
2,1,3598,210,27,6.28,0.0,0.0,0.253,0.002376593658058158,0.000248046956607423,0.038000000000000006,0.006527551489669026,0.0,0.0,0.0,0.08138194456392592
2,1,3616,210,27,6.28,0.0,0.0,0.271,0.004053612291598509,0.00027171147064890657,0.03799999999999998,0.007150301859181756,0.0,0.0,0.0,0.09342578413998268
2,1,3636,210,27,10.03,0.0,0.0,0.291,0.005926773455377498,0.000286369164892711,0.03899999999999998,0.007342799099813106,0.0,0.03308519437551698,0.25641025641025655,0.09941241062522403
2,1,3655,210,27,14.43,0.01,0.2,0.31,0.007930696305982244,0.0002902782426145876,0.038000000000000034,0.0076389011214365084,0.0012903225806451613,0.10186757215619685,0.26315789473684187,0.10719017222690444
2,1,3674,210,27,19.17,0.01,0.6,0.329,0.00999999999999987,0.0002822811999792426,0.03999999999999998,0.0070570299994810685,0.003870967741935484,0.15967741935483878,0.0,0.10346518470088135
2,1,3695,61,238,24.01,0.01,1.19,0.35,0.012069303694017496,0.00026196980449724207,0.04099999999999998,0.006389507426762005,0.007677419354838709,0.1400472069236822,0.24390243902439035,0.0993469888932286
2,1,3715,61,238,24.89,0.02,1.49,0.37,0.01407322654462224,0.00022979969825013492,0.039000000000000035,0.00589229995513166,0.00961290322580645,0.04962779156327538,0.25641025641025617,0.09941241062522393
2,1,3734,61,238,24.45,0.02,1.49,0.389,0.015946387708401233,0.00018714011153856557,0.03799999999999998,0.0049247397773306755,0.00961290322580645,0.0,0.0,0.09342578413998268
2,1,3753,61,238,24.23,0.02,1.49,0.408,0.01762340634194158,0.00013625458643131628,0.03899999999999998,0.003493707344392727,0.00961290322580645,0.0,0.0,0.07929522803664577
2,1,3773,61,238,24.01,0.02,1.49,0.428,0.019038901601830416,8.02180924171847e-05,0.038000000000000034,0.0021110024320311746,0.00961290322580645,0.0,0.0,0.06589700796613872
2,1,3791,61,238,23.9,0.02,1.49,0.446,0.020127492644654854,2.2780969377161453e-05,0.038000000000000034,0.0005994991941358272,0.00961290322580645,0.0,0.0,0.04697097434662105
2,1,3811,39,234,23.68,0.02,1.49,0.466,0.020823798627002017,-3.180940134445986e-05,0.03899999999999998,-0.0008156256754989713,0.00961290322580645,0.0,0.0,0.023972975918055736
2,1,3830,39,234,23.57,0.02,1.49,0.485,0.021062438705459027,-7.902012432466332e-05,0.03899999999999998,-0.002026157033965727,0.00961290322580645,0.0,0.0,-0.0011735023176669532
2,1,3850,39,234,23.46,0.02,1.49,0.505,0.020778032036613006,-0.00011427025033546135,0.038000000000000034,-0.0030071118509331905,0.00961290322580645,0.0,0.0,-0.006710139192374409
2,1,3868,39,234,23.35,0.02,1.49,0.523,0.0208074534161488,-0.00013318757519801782,0.041000000000000036,-0.0032484774438540902,0.00961290322580645,0.0,0.0,-0.005342093303247558
2,1,3891,39,234,23.35,0.02,1.49,0.546,0.020559006211179856,-0.00013187751570506047,0.040999999999999925,-0.0032165247732941636,0.00961290322580645,0.0,0.0,-0.03332828359339458
2,1,3909,39,234,23.13,0.02,1.49,0.564,0.019440993788819624,-0.00010719496620926728,0.03799999999999992,-0.0028209201634017762,0.00961290322580645,0.0,0.0,-0.050670153644981446
2,1,3929,65,223,23.13,0.02,1.49,0.584,0.018633540372670565,-5.700735795443235e-05,0.039000000000000035,-0.0014617271270367257,0.00961290322580645,0.0,0.0,-0.05498696574211374
2,1,3948,65,223,23.02,0.02,1.49,0.603,0.017296502124877187,1.9565951630748703e-05,0.039000000000000035,0.0005016910674550945,0.00961290322580645,0.0,0.0,-0.06789549123645136
2,1,3968,65,223,23.02,0.02,1.49,0.623,0.01598561621444896,0.00012195580822479957,0.038000000000000034,0.003209363374336828,0.00961290322580645,0.0,0.0,-0.07011235181775857
2,1,3986,65,223,22.91,0.02,1.49,0.641,0.014632232755802358,0.0002480070023768104,0.03700000000000003,0.006702891956130005,0.00961290322580645,0.0,0.0,-0.039316858538826015
2,1,4005,65,223,22.8,0.02,1.49,0.66,0.014530892448512396,0.00039392456926647703,0.039000000000000035,0.01010062998119171,0.00961290322580645,0.0,0.0,0.035288891124130826
2,1,4025,65,223,22.8,0.02,1.49,0.68,0.016008499509643462,0.0005543223678011155,0.038999999999999924,0.014213394046182477,0.00961290322580645,0.0,0.0,0.12296627857268443
2,1,4044,244,45,22.69,0.02,1.49,0.699,0.01932657731284708,0.000722389697318448,0.040999999999999925,0.017619260910206082,0.00961290322580645,0.0,0.0,0.2115309482614253
2,1,4066,244,45,22.58,0.02,1.49,0.721,0.024681268388361884,0.0008901844053170538,0.041000000000000036,0.02171181476383056,0.00961290322580645,0.0,0.0,0.314067246589428
2,1,4085,244,45,23.46,0.02,1.49,0.74,0.03220333442301364,0.0010490498446686254,0.038000000000000034,0.027606574859700646,0.00961290322580645,0.08319185059422743,0.2631578947368418,0.4840763235319354
2,1,4104,244,45,28.53,0.03,1.98,0.759,0.043076168682575446,0.001190138247173831,0.038000000000000034,0.03131942755720605,0.012774193548387096,0.21901528013582322,0.5263157894736837,0.6293766452745048
2,1,4123,244,45,34.14,0.04,2.78,0.778,0.05611964694344484,0.001305006109620659,0.039000000000000035,0.03346169511847841,0.01793548387096774,0.2961124896608765,0.7692307692307685,0.7452577933127027
2,1,4143,244,45,39.76,0.06,3.77,0.798,0.07214122262177088,0.0013862316527237803,0.038999999999999924,0.03554440135189187,0.02432258064516129,0.36062861869313556,1.0256410256410278,0.8589198749381719
2,1,4162,236,61,44.72,0.08,4.96,0.817,0.08961752206603348,0.0014279950544336382,0.038999999999999924,0.03661525780599079,0.032,0.3771712158808941,1.2820512820512846,0.9319284834158874
2,1,4182,236,61,48.79,0.11,6.05,0.837,0.10848643347499042,0.0014265623063840582,0.038000000000000034,0.037541113325896235,0.03903225806451613,0.3701188455008485,1.3157894736842095,1.0199411572409143
2,1,4200,236,61,52.09,0.13,7.14,0.855,0.12837528604118825,0.001380623255958385,0.03700000000000003,0.037314142052929294,0.04606451612903226,0.3469921534437658,1.08108108108108,1.0699486672026575
2,1,4219,236,61,54.74,0.15,8.04,0.874,0.14807453416148877,0.0012914508626233631,0.039000000000000035,0.033114124682650306,0.051870967741935475,0.27956989247311814,1.0256410256410249,0.9616851493281564
2,1,4239,236,61,56.83,0.17,8.83,0.894,0.16588100686498639,0.0011628679862878215,0.041000000000000036,0.02836263381189806,0.05696774193548387,0.23446105428796213,0.9756097560975603,0.8037059775631964
2,1,4260,236,61,59.03,0.19,9.53,0.915,0.18102647924157986,0.0010010267025228163,0.041000000000000036,0.024415285427385743,0.06148387096774193,0.21872541306058205,0.9756097560975596,0.6559612179972643
2,1,4280,21,255,60.57,0.21,10.22,0.935,0.19277541680287424,0.0008140211751274986,0.038999999999999924,0.020872337823782058,0.06593548387096775,0.14722911497105073,0.5128205128205136,0.4973973395025978
2,1,4299,21,255,59.91,0.21,10.42,0.954,0.20042497548218113,0.0006113679420120058,0.03799999999999992,0.016088630052947552,0.0672258064516129,0.033955857385398844,0.26315789473684287,0.30083790712478786
2,1,4318,21,255,59.58,0.22,10.42,0.973,0.20420725727361616,0.00040339701188066713,0.038000000000000034,0.010615710838964915,0.0672258064516129,0.0,0.0,0.07570413447806996
2,1,4337,21,255,59.25,0.21,10.42,0.992,0.2033017325923478,0.0002006026825888849,0.039000000000000035,0.005143658527920121,0.0672258064516129,0.0,-0.2564102564102564,-0.14056881333768956
2,1,4357,21,255,58.7,0.21,10.42,1.012,0.19872507355344626,1.3003398680064392e-05,0.038999999999999924,0.0003334204789760107,0.0672258064516129,-0.04962779156327559,-0.25641025641025644,-0.3154206586700828
2,1,4376,21,255,55.51,0.2,10.12,1.031,0.1910003269042146,-0.00015044449629416512,0.038999999999999924,-0.0038575511870298823,0.06529032258064515,-0.09925558312655082,-0.7692307692307707,-0.45297189461948695
2,1,4396,3,223,52.87,0.18,9.82,1.051,0.1810591696632863,-0.00028234170980568864,0.039000000000000146,-0.007239531020658656,0.06335483870967742,-0.13068651778329124,-1.025641025641022,-0.5554018826329955
2,1,4415,3,223,51.32,0.16,9.33,1.07,0.16933965348152769,-0.0003772209872933807,0.040000000000000036,-0.00943052468233451,0.06019354838709678,-0.14354838709677423,-0.7499999999999993,-0.6326413860738713
2,1,4436,3,223,49.89,0.15,8.93,1.091,0.15575351422033143,-0.0004317832297087012,0.040000000000000036,-0.010794580742717521,0.05761290322580645,-0.11290322580645153,-0.49999999999999933,-0.6699084668192121
2,1,4455,3,223,48.79,0.14,8.63,1.11,0.14254331480875918,-0.00044498685698281904,0.038000000000000034,-0.01171018044691628,0.05567741935483871,-0.08488964346349741,-0.5263157894736835,-0.6501092548304314
2,1,4474,3,223,47.8,0.13,8.43,1.129,0.13104936253677502,-0.00041799407548839617,0.038999999999999924,-0.010717796807394795,0.054387096774193545,-0.06451612903225816,-0.5128205128205143,-0.5110602593440065
2,1,4494,3,223,46.81,0.12,8.24,1.149,0.12261196469434296,-0.0003539879550175122,0.038999999999999924,-0.00907661423121828,0.05316129032258065,-0.06451612903225834,-0.5128205128205139,-0.35188305211188114
2,1,4513,238,69,46.04,0.11,8.04,1.168,0.11732592350441168,-0.00025788150611630734,0.038000000000000034,-0.006786355424113345,0.051870967741935475,-0.05093378607809848,-0.26315789473684176,-0.17893704512998548
2,1,4532,238,69,46.04,0.11,7.94,1.187,0.11581235697940351,-0.00013594395003153537,0.038000000000000034,-0.0035774723692509275,0.051225806451612906,-0.01697792869269919,0.0,0.02606630993960834
2,1,4551,238,69,46.15,0.11,7.94,1.206,0.1183164432821168,4.628891221164722e-06,0.038999999999999924,0.00011868951849140335,0.051225806451612906,-0.01654259718775859,0.0,0.21374506500364415
2,1,4571,238,69,46.26,0.11,7.84,1.226,0.12414841451454561,0.00015617235674733365,0.039000000000000146,0.004004419403777771,0.05058064516129032,0.0,0.25641025641025533,0.38817780236543853
2,1,4590,238,69,48.57,0.12,7.94,1.245,0.13345537757436896,0.00031101040925039845,0.038999999999999924,0.00797462587821536,0.051225806451612906,0.09760132340777515,0.5128205128205139,0.5365420239562059
2,1,4610,238,69,51.32,0.13,8.43,1.265,0.1450735534488376,0.0004618834975781212,0.040999999999999925,0.011265451160442001,0.054387096774193545,0.18725413060582258,0.975609756097563,0.6059687926071742
2,1,4631,233,26,54.3,0.16,9.13,1.286,0.15830009807126305,0.0006023173937117061,0.039000000000000146,0.015444035736197535,0.05890322580645162,0.21339950372208388,1.282051282051277,0.7077895407414738
2,1,4649,233,26,56.61,0.18,9.72,1.304,0.17267734553775518,0.0007269063347723072,0.038000000000000034,0.019129114072955436,0.06270967741935485,0.20203735144312363,1.0526315789473677,0.7960977959773469
2,1,4669,233,26,58.59,0.2,10.32,1.324,0.18855181431840226,0.000831491497012875,0.038999999999999924,0.021320294795201967,0.06658064516129032,0.18031430934656775,1.0256410256410278,0.8365395093083793
2,1,4688,233,26,60.35,0.22,10.81,1.343,0.2053023864007819,0.0009132281100691788,0.038999999999999924,0.023416105386389247,0.06974193548387098,0.16377171215880934,0.7692307692307707,0.8781988415855589
2,1,4708,233,26,61.68,0.23,11.31,1.363,0.222801569140239,0.0009705482898643946,0.038999999999999924,0.024885853586266576,0.07296774193548387,0.13234077750206763,0.7692307692307707,0.889347113603396
2,1,4727,233,26,63.0,0.25,11.61,1.382,0.23998692383131429,0.0010030382355647287,0.038999999999999924,0.025718929117044376,0.0749032258064516,0.11579818031430958,0.5128205128205136,0.8539744008851461
2,1,4747,242,26,64.1,0.25,12.01,1.402,0.2561065707747596,0.0010112555103919422,0.038000000000000034,0.026611987115577402,0.07748387096774194,0.13412563667232613,0.5263157894736842,0.8234545173001045
2,1,4765,242,26,65.2,0.27,12.4,1.42,0.2712781954887183,0.0009965141581597336,0.038000000000000034,0.026224056793677175,0.08,0.13412563667232577,0.7894736842105263,0.7382013385867323
2,1,4785,242,26,66.3,0.28,12.8,1.44,0.2841582216410555,0.0009606631669299563,0.04100000000000015,0.023430808949511047,0.08258064516129032,0.1258851298190396,0.4878048780487778,0.5964805970387166
2,1,4806,242,26,67.51,0.29,13.2,1.461,0.29573389996730576,0.0009058789170142791,0.04100000000000015,0.02209460773205551,0.08516129032258064,0.1243115656963016,0.4878048780487778,0.5220899544726
2,1,4826,242,26,68.61,0.3,13.59,1.481,0.30556390977443215,0.000834486539496412,0.038999999999999924,0.0213970907563183,0.0876774193548387,0.11414392059553374,0.7692307692307714,0.5094676490557445
2,1,4845,242,26,69.49,0.32,13.89,1.5,0.31560313828047976,0.0007488197559158412,0.038999999999999924,0.019200506561944684,0.08961290322580645,0.09925558312655118,0.7692307692307714,0.498738485008503
2,1,4865,225,0,70.49,0.33,14.19,1.52,0.32501471068976373,0.0006511241388568471,0.038999999999999924,0.01669549073991919,0.0915483870967742,0.09925558312655118,0.5128205128205143,0.4762742977845887
2,1,4884,225,0,70.93,0.34,14.49,1.539,0.3341778358940787,0.0005435047100499552,0.03699999999999992,0.014689316487836659,0.09348387096774194,0.08544027898866613,0.27027027027027106,0.47798697684280367
2,1,4902,225,0,71.15,0.34,14.68,1.557,0.34270022883294743,0.00042791523687110987,0.038000000000000034,0.011260927286081829,0.09470967741935483,0.04923599320882818,0.0,0.38634916811479003
2,1,4922,225,0,71.26,0.34,14.78,1.577,0.3488591042824407,0.0003061835118391443,0.039000000000000146,0.007850859277926748,0.09535483870967741,0.03308519437551699,0.2564102564102543,0.287675711016669
2,1,4941,225,0,71.48,0.35,14.88,1.596,0.35391958156259756,0.00018006425924459003,0.039000000000000146,0.004617032288322804,0.096,0.03308519437551699,0.2564102564102543,0.18340164793253783
2,1,4961,225,0,71.59,0.35,14.98,1.616,0.3560117685518097,5.1308917916220054e-05,0.040999999999999925,0.001251437022346833,0.09664516129032258,0.0314712824547599,0.2439024390243909,0.05692917341072586
2,1,4982,40,234,71.81,0.36,15.08,1.637,0.3562536776724373,-7.826051525155008e-05,0.040999999999999925,-0.0019087930549158592,0.09729032258064516,0.03147128245476024,0.2439024390243909,-0.05214520925856523
2,1,5002,40,234,71.48,0.36,15.18,1.657,0.35387381497220854,-0.00020668739985594975,0.038999999999999924,-0.005299676919383337,0.09793548387096775,0.016542597187758766,0.0,-0.206536407909404
2,1,5021,40,234,70.49,0.36,15.18,1.676,0.3481987577639706,-0.00033183888531827143,0.038000000000000034,-0.008732602245217661,0.09793548387096775,-0.016977928692699738,-0.2631578947368421,-0.36294970836702245
2,1,5040,40,234,69.16,0.35,15.08,1.695,0.3400817260542617,-0.00045139605042979805,0.038000000000000034,-0.011878843432363097,0.09729032258064516,-0.06791171477079821,-0.5263157894736827,-0.4811513910634617
2,1,5059,40,234,67.07,0.34,14.78,1.714,0.329915004903559,-0.0005628794571403226,0.040000000000000036,-0.014071986428508054,0.09535483870967741,-0.11129032258064474,-0.7499999999999987,-0.5612945406995691
2,1,5080,40,234,64.98,0.32,14.39,1.735,0.3176299444262789,-0.0006637079927333023,0.040000000000000036,-0.016592699818332543,0.09283870967741936,-0.11129032258064474,-1.0,-0.6533180778031952
2,1,5099,64,243,63.22,0.3,14.09,1.754,0.3037822817914312,-0.0007512844372947694,0.03699999999999992,-0.020304984791750566,0.09090322580645162,-0.12205754141238076,-0.8108108108108133,-0.798353109565913
2,1,5117,64,243,61.35,0.29,13.69,1.772,0.2880908793723402,-0.0008230990549065815,0.038000000000000034,-0.02166050144491002,0.08832258064516128,-0.1511035653650255,-0.7894736842105249,-0.8514994580272073
2,1,5137,64,243,59.36,0.27,13.2,1.792,0.2714253023863973,-0.0008768422381541097,0.038999999999999924,-0.022483134311643883,0.08516129032258064,-0.16377171215880934,-1.025641025641027,-0.8843178179562521
2,1,5156,64,243,57.6,0.25,12.7,1.811,0.2536024844720464,-0.000910517807197369,0.040999999999999925,-0.02220775139505782,0.08193548387096773,-0.1573564122738005,-0.975609756097563,-0.8929269090010196
2,1,5178,64,243,55.62,0.23,12.2,1.833,0.23481529911735555,-0.0009225494717713332,0.04100000000000015,-0.022501206628569023,0.07870967741935483,-0.15578284815106133,-0.9756097560975576,-0.8996244588140411
2,1,5197,64,243,53.97,0.21,11.71,1.852,0.2167178816606706,-0.0009118743387640969,0.039000000000000146,-0.023381393301643422,0.0755483870967742,-0.14722911497104973,-0.7692307692307663,-0.9046026437330629
2,1,5217,31,234,52.54,0.2,11.31,1.872,0.19953579601176596,-0.0008780191965897348,0.038999999999999924,-0.022513312733070168,0.07296774193548387,-0.1488833746898264,-0.7692307692307707,-0.8518788610321693
2,1,5236,31,234,51.21,0.18,10.81,1.891,0.18349460608041607,-0.0008211571650740641,0.038999999999999924,-0.021055311924976044,0.06974193548387098,-0.13068651778329252,-0.7692307692307707,-0.8027594068783913
2,1,5256,31,234,50.11,0.17,10.52,1.911,0.16822817914350877,-0.0007421436205857876,0.038000000000000034,-0.019530095278573342,0.06787096774193548,-0.10016977928692702,-0.5263157894736835,-0.7568692899296198
2,1,5274,31,234,49.12,0.16,10.22,1.929,0.1547335730630905,-0.0006425308209868703,0.038000000000000034,-0.01690870581544394,0.06593548387096775,-0.1018675721561966,-0.5263157894736842,-0.6637015880662666
2,1,5294,31,234,48.24,0.15,9.92,1.949,0.1430075187969906,-0.0005245603092628475,0.038999999999999924,-0.01345026434007304,0.064,-0.09925558312655135,-0.5128205128205136,-0.5307583339619889
2,1,5313,31,234,47.36,0.14,9.62,1.968,0.13403399803857297,-0.0003911311239880195,0.038000000000000034,-0.010292924315474189,0.06206451612903225,-0.10016977928692684,-0.7894736842105256,-0.3912527313707551
2,1,5332,227,18,46.48,0.12,9.33,1.987,0.1281399150049019,-0.00024574073224616023,0.040999999999999925,-0.005993676396247822,0.06019354838709678,-0.06136900078678197,-0.4878048780487818,-0.20682671684513315
2,1,5354,227,18,46.7,0.12,9.23,2.009,0.12555410264792252,-9.23954766820998e-05,0.040999999999999925,-0.002253548211758536,0.059548387096774194,-0.031471282454760066,0.0,-0.06426458511070883
2,1,5373,227,18,46.7,0.12,9.13,2.028,0.12550506701536285,6.451111159200984e-05,0.038000000000000256,0.0016976608313686685,0.05890322580645162,-0.016977928692699273,0.0,0.07888714922317101
2,1,5392,227,18,46.7,0.12,9.13,2.047,0.12855181431840304,0.00022035075762965838,0.03799999999999981,0.005798704148148933,0.05890322580645162,0.0,0.0,0.23020939075377062
2,1,5411,227,18,48.35,0.12,9.13,2.066,0.1342530238640061,0.0003704384975289461,0.0389999999999997,0.009498423013562794,0.05890322580645162,0.049627791563275694,0.2564102564102586,0.35540355906488386
2,1,5431,227,18,50.33,0.13,9.43,2.086,0.1424125531219334,0.0005102272028603991,0.039000000000000146,0.013082748791292235,0.060838709677419354,0.1306865177832914,0.7692307692307663,0.47392729314925386
2,1,5450,234,68,52.31,0.15,9.92,2.105,0.15273618829682706,0.0006355056903342043,0.039000000000000146,0.016295017700876973,0.064,0.1472291149710499,1.025641025641022,0.5891819850629818
2,1,5470,234,68,54.3,0.17,10.32,2.125,0.16539065053938978,0.0007425850950618482,0.039000000000000146,0.01904064346312424,0.06658064516129032,0.1637717121588084,1.025641025641022,0.696976555100113
2,1,5489,234,68,56.39,0.19,10.91,2.144,0.17991827394573157,0.0008284584155341168,0.03799999999999981,0.02180153725089792,0.07038709677419355,0.18505942275042533,0.7894736842105302,0.8001410849778853
2,1,5508,234,68,58.37,0.2,11.41,2.163,0.19579601176854927,0.0008909214827993672,0.03799999999999981,0.023445302178930833,0.07361290322580645,0.15280135823429597,0.7894736842105302,0.8557148018788323
2,1,5527,234,68,60.24,0.22,11.81,2.182,0.21243543641712703,0.0009286490397095885,0.04100000000000037,0.02264997657828244,0.07619354838709677,0.15578284815106083,0.7317073170731642,0.7923041963338713
2,1,5549,234,68,62.01,0.23,12.4,2.204,0.2282804838182383,0.0009412253874743471,0.040999999999999925,0.022956716767667043,0.08,0.15578284815106253,0.731707317073172,0.7844903882186817
2,1,5568,237,35,63.33,0.25,12.8,2.223,0.24459954233409292,0.0009291337481133085,0.03799999999999981,0.02445088810824508,0.08258064516129032,0.1358234295415965,0.7894736842105302,0.8368747956848576
2,1,5587,237,35,64.65,0.26,13.2,2.242,0.2600817260542627,0.0008937115008614498,0.039000000000000146,0.02291567950926786,0.08516129032258064,0.1306865177832914,0.5128205128205113,0.7755173887896875
2,1,5607,237,35,65.86,0.27,13.59,2.262,0.27484472049689085,0.0008370797849213485,0.039000000000000146,0.021463584228752445,0.0876774193548387,0.11414392059553309,0.7692307692307656,0.7041852121943545
2,1,5626,237,35,66.96,0.29,13.89,2.281,0.28754494932984265,0.0007620557442090608,0.039000000000000146,0.019539890877155332,0.08961290322580645,0.09925558312655061,0.7692307692307656,0.6237164818400406
2,1,5646,237,35,67.95,0.3,14.19,2.301,0.2991696632886525,0.0006720540296016023,0.03799999999999981,0.01768563235793699,0.0915483870967742,0.10186757215619756,0.5263157894736873,0.6250752739973437
2,1,5664,237,35,68.94,0.31,14.49,2.319,0.3112978097417416,0.0005709813923982523,0.03799999999999981,0.015025826115743554,0.09348387096774194,0.08319185059422778,0.5263157894736873,0.6343662359560169
2,1,5684,238,0,69.71,0.32,14.68,2.339,0.32327558025498104,0.00046312489523046987,0.039000000000000146,0.011874997313601747,0.09470967741935483,0.0810587262200161,0.5128205128205113,0.6113108859104199
2,1,5703,238,0,70.49,0.33,14.98,2.358,0.33513893429224806,0.0003530311270126365,0.040999999999999925,0.00861051529299115,0.09664516129032258,0.07867820613690042,0.4878048780487818,0.5094921822052426
2,1,5725,238,0,71.26,0.34,15.18,2.38,0.34416475972539595,0.0002453714974367944,0.040999999999999925,0.005984670669190119,0.09793548387096775,0.06294256490952048,0.4878048780487805,0.37227214377406387
2,1,5744,238,0,71.92,0.35,15.38,2.399,0.35040209218698465,0.00014478778876352117,0.039000000000000146,0.0037125074041928366,0.09922580645161291,0.06617038875103362,0.2564102564102543,0.23696364657462657
2,1,5764,238,0,72.47,0.35,15.58,2.419,0.3534063419418064,5.57130854467065e-05,0.039000000000000146,0.0014285406524796485,0.10051612903225807,0.06617038875103326,0.25641025641025567,0.09807126511931659
2,1,5783,238,0,73.13,0.36,15.78,2.438,0.354226871526638,-1.7833834910492285e-05,0.03699999999999992,-0.0004819955381214141,0.10180645161290322,0.06800348735832618,0.27027027027027106,-0.054248429534471156
2,1,5801,61,246,73.57,0.36,15.97,2.456,0.351399150049031,-7.247759686211097e-05,0.03799999999999981,-0.0019073051805818771,0.10303225806451613,0.032258064516129364,0.26315789473684364,-0.20732609555926218
2,1,5821,61,246,73.24,0.37,15.97,2.476,0.3463484798953861,-0.0001057289581644092,0.039000000000000146,-0.0027109989272925336,0.10303225806451613,0.0,0.25641025641025567,-0.29379468738735925
2,1,5840,61,246,72.03,0.37,15.97,2.495,0.33994115724092394,-0.00011622333157816556,0.039000000000000146,-0.0029800854250811573,0.10303225806451613,-0.031430934656741155,-0.5128205128205113,-0.35548738065899776
2,1,5860,61,246,69.49,0.35,15.78,2.515,0.3324844720496851,-0.00010392946542632586,0.0389999999999997,-0.0026648580878545296,0.10180645161290322,-0.09760132340777554,-1.0256410256410329,-0.3735928449887224
2,1,5879,61,246,66.41,0.33,15.38,2.534,0.3253710362863639,-7.029710108840704e-05,0.040999999999999925,-0.0017145634411806624,0.09922580645161291,-0.17309205350118045,-1.2195121951219532,-0.3539336145241125
2,1,5901,245,11,63.33,0.3,14.68,2.556,0.31797319385419653,-1.831140310661894e-05,0.04100000000000037,-0.00044661958796631164,0.09470967741935483,-0.15578284815106083,-0.9756097560975531,-0.3134293847024709
2,1,5920,245,11,63.11,0.29,14.39,2.575,0.31252043151356246,4.7572443001540065e-05,0.03799999999999981,0.0012519063947773763,0.09283870967741936,-0.04923599320882847,-0.26315789473684364,-0.23932829786135582
2,1,5939,245,11,63.22,0.29,14.39,2.594,0.30887871853546506,0.00012162821853942951,0.03799999999999981,0.0032007425931428976,0.09283870967741936,0.0,0.0,-0.09523236007639088
2,1,5958,245,11,63.22,0.29,14.39,2.613,0.3089016018306596,0.0001971873520523637,0.039000000000000146,0.0050560859500605885,0.09283870967741936,0.0,0.0,0.08843178179562357
2,1,5978,245,11,64.54,0.29,14.39,2.633,0.3123275580254944,0.00026707590929277104,0.039000000000000146,0.006848100238276155,0.09283870967741936,0.016542597187758315,0.5128205128205113,0.2857478143519267
2,1,5997,245,11,66.3,0.31,14.49,2.652,0.3200457665903848,0.0003241252352353836,0.039000000000000146,0.008310903467573908,0.09348387096774194,0.0810587262200161,0.769230769230767,0.4849079219788535
2,1,6017,255,62,68.06,0.32,14.88,2.672,0.33123896698266975,0.00036171333676775317,0.0389999999999997,0.009274700942762972,0.096,0.1306865177832929,0.7692307692307758,0.6590053729641805
2,1,6036,255,62,70.16,0.34,15.28,2.691,0.34574697613598765,0.0003742898639600387,0.03699999999999992,0.010115942269190256,0.09858064516129032,0.15693112467306028,1.081081081081083,0.8335174010231142
2,1,6054,255,62,72.36,0.36,15.78,2.709,0.3620791108205249,0.00035783714248072227,0.038000000000000256,0.009416766907387365,0.10180645161290322,0.15110356536502464,0.7894736842105202,0.8528758968358937
2,1,6074,255,62,74.45,0.37,16.17,2.729,0.3781562602157518,0.00031022386943812207,0.040999999999999925,0.007566435839954211,0.1043225806451613,0.1400472069236829,0.9756097560975636,0.706910436217789
2,1,6095,255,62,76.43,0.4,16.67,2.75,0.3910624387054542,0.00023141689657125397,0.040999999999999925,0.0056443145505184,0.10754838709677421,0.1416207710464202,0.9756097560975623,0.5031135633356942
2,1,6115,255,62,77.97,0.41,17.07,2.77,0.39878391631251525,0.00012352890264575933,0.039000000000000146,0.0031674077601476633,0.11012903225806452,0.1306865177832914,0.7692307692307656,0.2711628569752106
2,1,6134,32,252,79.3,0.43,17.46,2.789,0.40163779012748746,-9.305632055237823e-06,0.039000000000000146,-0.00023860595013430226,0.11264516129032259,0.0810587262200161,0.5128205128205113,0.010645342453122809
2,1,6154,32,252,78.97,0.43,17.56,2.809,0.39919908466818704,-0.00016121782352463045,0.0389999999999997,-0.004133790346785428,0.11329032258064516,0.01654259718775815,-0.2564102564102586,-0.24769281062187232
2,1,6173,32,252,76.54,0.42,17.56,2.828,0.3919777705132345,-0.0003250305884917744,0.0389999999999997,-0.008334117653635304,0.11329032258064516,-0.06617038875103437,-0.7692307692307744,-0.5156704470205593
2,1,6193,32,252,73.02,0.4,17.16,2.848,0.3790879372343854,-0.0004927842198365635,0.038000000000000256,-0.012968005785172635,0.11070967741935483,-0.16808149405772355,-1.3157894736842013,-0.7640955936752483
2,1,6211,32,252,69.16,0.37,16.57,2.866,0.3629421379535749,-0.0006563107953121907,0.038000000000000256,-0.017271336718741745,0.10690322580645162,-0.23429541595925144,-1.578947368421042,-0.9601520964883422
2,1,6231,32,252,65.53,0.34,15.78,2.886,0.34260215756782814,-0.0008078019663973191,0.0389999999999997,-0.02071287093326475,0.10180645161290322,-0.27956989247312053,-1.53846153846155,-1.098062882959904
2,1,6250,56,229,62.12,0.31,14.88,2.905,0.32011768551813896,-0.000940317508871086,0.040999999999999925,-0.0229345733870997,0.096,-0.2659323367427225,-1.707317073170735,-1.1452012852916889
2,1,6272,56,229,59.03,0.27,14.09,2.927,0.295648904870869,-0.0010481925532133402,0.04100000000000037,-0.025565672029593433,0.09090322580645162,-0.23446105428796005,-1.4634146341463283,-1.222063642669742
2,1,6291,56,229,56.94,0.25,13.39,2.946,0.2700130761686791,-0.0011273176404648488,0.03799999999999981,-0.029666253696443535,0.08638709677419355,-0.20203735144312518,-1.052631578947374,-1.346845374305318
2,1,6310,56,229,54.96,0.23,12.9,2.965,0.24446878064726715,-0.0011752840378029515,0.0389999999999997,-0.030135488148793858,0.0832258064516129,-0.18031430934656878,-1.0256410256410338,-1.3014978918869018
2,1,6330,56,229,53.42,0.21,12.3,2.985,0.2192546583850903,-0.0011914029548818394,0.039000000000000146,-0.030548793714918848,0.07935483870967742,-0.16377171215880804,-0.7692307692307663,-1.22580699239736
2,1,6349,56,229,51.98,0.2,11.91,3.004,0.19666230794376993,-0.0011766183109663917,0.038000000000000256,-0.030963639762273256,0.07683870967741936,-0.15110356536502464,-0.789473684210521,-1.1202491354243507
2,1,6368,51,249,50.66,0.18,11.41,3.023,0.1766851912389647,-0.001133337502691406,0.03799999999999981,-0.0298246711234582,0.07361290322580645,-0.15280135823429633,-0.7894736842105302,-0.9918101890882742
2,1,6387,51,249,49.12,0.17,11.01,3.042,0.1589735207584157,-0.0010652041359780196,0.0389999999999997,-0.02731292656353917,0.07103225806451613,-0.14722911497105176,-0.769230769230775,-0.8321807864141924
2,1,6407,51,249,47.58,0.15,10.52,3.062,0.14423014056881145,-0.0009768327561747885,0.039000000000000146,-0.025046993748071407,0.06787096774193548,-0.1637717121588084,-0.7692307692307663,-0.70988508059445
2,1,6426,51,249,46.04,0.14,10.02,3.081,0.13128800261523205,-0.0008735202259306031,0.04100000000000037,-0.02130537136416086,0.06464516129032258,-0.17151848937844044,-0.7317073170731642,-0.5561358326888143
2,1,6448,51,249,44.5,0.12,9.43,3.103,0.12142857142856986,-0.000760943476122236,0.040999999999999925,-0.018559596978591154,0.060838709677419354,-0.15578284815106253,-0.7317073170731724,-0.4337460831293461
2,1,6467,51,249,43.06,0.11,9.03,3.122,0.11350441320692889,-0.0006448505616792346,0.0389999999999997,-0.016534629786647166,0.05825806451612903,-0.1488833746898276,-0.769230769230775,-0.37434723933579617
2,1,6487,220,43,41.74,0.09,8.53,3.142,0.10682902909447392,-0.0005307522562050764,0.04200000000000026,-0.01263695848107317,0.05503225806451612,-0.10752688172042929,-0.47619047619047333,-0.28534068089477793
2,1,6509,220,43,42.18,0.09,8.33,3.164,0.10152010460934814,-0.0004236246149303025,0.04200000000000026,-0.01008630035548333,0.05374193548387097,-0.0307219662058368,0.0,-0.21085322000653411
2,1,6529,220,43,42.18,0.09,8.33,3.184,0.09797319385419943,-0.00032763761163795733,0.03799999999999981,-0.008622042411525236,0.05374193548387097,0.0,0.0,-0.16921594604359735
2,1,6547,220,43,42.29,0.09,8.33,3.202,0.09508989865969147,-0.0002459289082745677,0.03699999999999992,-0.006646727250664007,0.05374193548387097,0.0,0.0,-0.10549287437159169
2,1,6566,220,43,43.95,0.09,8.33,3.221,0.09406995750245055,-0.00018044291018011726,0.039000000000000146,-0.004626741286669656,0.05374193548387097,0.03308519437551663,0.25641025641025567,-0.034366853588820995
2,1,6586,70,244,45.82,0.1,8.53,3.241,0.09374959136972745,-0.00013185250639928547,0.0389999999999997,-0.003380833497417602,0.05503225806451612,0.06617038875103455,0.2564102564102586,-0.006035154776573047
2,1,6605,70,244,46.04,0.1,8.73,3.26,0.0938345864661642,-9.957476375155139e-05,0.0389999999999997,-0.0025531990705526192,0.056322580645161296,0.033085194375517546,0.2564102564102582,-0.007963051441312529
2,1,6625,70,244,45.93,0.11,8.73,3.28,0.09343903236351626,-8.188342121766645e-05,0.04100000000000037,-0.0019971566150650175,0.056322580645161296,0.0,0.0,-0.0049434296239005745
2,1,6646,70,244,45.82,0.1,8.73,3.301,0.09363190585158428,-7.61114123937272e-05,0.040000000000000036,-0.0019027853098431784,0.056322580645161296,0.0,-0.24999999999999967,-0.03595946387708323
2,1,6665,70,244,45.27,0.1,8.73,3.32,0.09200065380843293,-7.892725744151719e-05,0.03799999999999981,-0.002077033090566252,0.056322580645161296,-0.016977928692699654,-0.26315789473684364,-0.08456495930902742
2,1,6684,70,244,44.39,0.09,8.63,3.339,0.09041843739784125,-8.66616677362e-05,0.039000000000000146,-0.00222209404451794,0.05567741935483871,-0.016542597187758495,-0.25641025641025567,-0.14425696347892894
2,1,6704,15,255,43.61,0.09,8.63,3.359,0.08637463223275468,-9.565600369182192e-05,0.039000000000000146,-0.00245271804338004,0.05567741935483871,-0.049627791563275306,-0.25641025641025533,-0.23050938382745775
2,1,6723,15,255,42.73,0.08,8.33,3.378,0.08142857142857036,-0.00010260215932180028,0.039000000000000146,-0.0026308245979948693,0.05374193548387097,-0.08105872622001628,-0.25641025641025533,-0.28063469711066485
2,1,6743,15,255,41.63,0.08,8.14,3.398,0.07542987904543871,-0.00010484364401466184,0.03799999999999981,-0.0027590432635437464,0.052516129032258066,-0.0662139219015283,-0.26315789473684326,-0.3106450336367204
2,1,6761,15,255,40.64,0.07,7.94,3.416,0.06962406015037505,-0.00010061019408117655,0.03699999999999992,-0.002719194434626399,0.051225806451612906,-0.08718395815170031,-0.5405405405405418,-0.27000521279697204
2,1,6780,15,255,39.65,0.06,7.64,3.435,0.06543968617195077,-8.916340673911982e-05,0.039000000000000146,-0.002286241198438961,0.04929032258064516,-0.09925558312655061,-0.25641025641025567,-0.18734126285613417
2,1,6800,15,255,38.66,0.06,7.34,3.455,0.06231775089898579,-7.083844704994834e-05,0.040999999999999925,-0.0017277670012182554,0.04735483870967742,-0.0944138473642802,0.0,-0.1043701512529991
2,1,6821,229,63,37.67,0.06,7.04,3.476,0.061160509970577814,-4.6976353066056296e-05,0.040999999999999925,-0.0011457647089282044,0.04541935483870968,-0.06136900078678214,-0.24390243902439057,-0.007734075379328396
2,1,6841,229,63,37.67,0.05,6.95,3.496,0.06200065380843332,-1.975242406768807e-05,0.039000000000000146,-0.0005064724119919999,0.044838709677419354,-0.014888337468982663,0.0,0.08717445788383918
2,1,6860,229,63,37.78,0.06,6.95,3.515,0.06456031382804756,8.08215250123645e-06,0.039000000000000146,0.00020723467951888256,0.044838709677419354,-0.016542597187758495,0.0,0.1459333953613106
2,1,6880,229,63,38.77,0.05,6.85,3.535,0.06769205622752446,3.3517445601158434e-05,0.03799999999999981,0.0008820380421357526,0.04419354838709677,0.015280135823429707,0.0,0.15872060012731923
2,1,6898,229,63,41.3,0.06,7.04,3.553,0.07059169663288566,5.362446516223418e-05,0.03799999999999981,0.001411170135848275,0.04541935483870968,0.13412563667232674,0.526315789473687,0.17764663374683684
2,1,6918,229,63,44.17,0.07,7.64,3.573,0.07444262830990422,6.58767914064855e-05,0.039000000000000146,0.0016891484976021861,0.04929032258064516,0.19851116625310103,0.7692307692307663,0.17812088750303542
2,1,6937,46,255,46.92,0.09,8.24,3.592,0.07753841124550406,6.841438935172484e-05,0.039000000000000146,0.0017542151115826816,0.05316129032258065,0.14722911497104973,0.7692307692307663,0.16973872809112853
2,1,6957,46,255,46.92,0.1,8.53,3.612,0.08106243870545826,6.021758412236089e-05,0.0389999999999997,0.001544040618522086,0.05503225806451612,0.047973531844499664,0.0,0.14794511362017007
2,1,6976,46,255,46.81,0.09,8.53,3.631,0.08330827067669065,4.117402162538309e-05,0.03699999999999992,0.0011128113952806264,0.05503225806451612,0.0,0.0,0.07934053700643967
2,1,6994,46,255,46.15,0.1,8.53,3.649,0.08399803857469652,1.2039937387901212e-05,0.040000000000000036,0.00030099843469753005,0.05503225806451612,-0.016129032258064405,0.0,0.024354364171297306
2,1,7016,46,255,44.94,0.09,8.43,3.671,0.08428244524354254,-2.5686649420403997e-05,0.040999999999999925,-0.0006265036444000986,0.054387096774193545,-0.0314712824547599,-0.2439024390243909,-0.016424943589088647
2,1,7035,46,255,43.5,0.09,8.33,3.69,0.08332461588754389,-6.995330984557224e-05,0.039000000000000146,-0.0017936746114249225,0.05374193548387097,-0.06451612903225797,-0.5128205128205107,-0.10242998801351004
2,1,7055,50,236,42.18,0.07,8.04,3.71,0.08028767571101564,-0.00011837058536979939,0.039000000000000146,-0.0030351432146102295,0.051870967741935475,-0.0976013234077746,-0.5128205128205107,-0.17074458722055724
2,1,7074,50,236,41.3,0.07,7.74,3.729,0.07666557698594213,-0.00016843082378211794,0.039000000000000146,-0.004318739071336342,0.049935483870967745,-0.08271298593879194,0.0,-0.22221104600966918
2,1,7094,50,236,40.53,0.07,7.54,3.749,0.07162144491663851,-0.00021770534671188813,0.03799999999999981,-0.005729088071365506,0.04864516129032258,-0.05093378607809878,-0.26315789473684364,-0.28647132705906414
2,1,7112,50,236,39.87,0.06,7.44,3.767,0.06577966655769775,-0.0002640044890694098,0.03799999999999981,-0.006947486554458187,0.048,-0.0509337860780986,-0.26315789473684364,-0.3315496980437338
2,1,7132,50,236,39.21,0.06,7.24,3.787,0.059022556390976685,-0.0003054933680603291,0.039000000000000146,-0.007833163283598153,0.04670967741935484,-0.049627791563275306,-0.25641025641025533,-0.29806958868743294
2,1,7151,50,236,38.66,0.05,7.14,3.806,0.05415495259888782,-0.00034076324386091714,0.039000000000000146,-0.008737519073356816,0.04606451612903226,-0.04797353184449947,-0.25641025641025533,-0.2248095154273607
2,1,7171,34,255,38.0,0.05,6.95,3.826,0.050254985289309585,-0.00036886279071321937,0.040999999999999925,-0.008996653432029758,0.044838709677419354,-0.06136900078678214,0.0,-0.19670065938972342
2,1,7192,34,255,37.34,0.05,6.75,3.847,0.046090225563909175,-0.0003892956102182277,0.040999999999999925,-0.009495014883371424,0.043548387096774194,-0.047206923682140016,-0.24390243902439074,-0.1555585676811313
2,1,7212,34,255,36.46,0.04,6.65,3.867,0.043877084014383214,-0.00040199075549831865,0.03799999999999981,-0.01057870409206107,0.04290322580645162,-0.06791171477079844,-0.2631578947368435,-0.1204383957605674
2,1,7230,34,255,35.69,0.04,6.35,3.885,0.041513566525007636,-0.00040725270362895126,0.03699999999999992,-0.011006829827809516,0.040967741935483866,-0.08718395815170031,0.0,-0.12563724234204623
2,1,7249,34,255,35.02,0.04,6.15,3.904,0.03922850604772751,-0.00040569661945238965,0.039000000000000146,-0.010402477421856106,0.03967741935483871,-0.049627791563275125,0.0,-0.11894284205496813
2,1,7269,34,255,34.25,0.04,6.05,3.924,0.03687479568486386,-0.0003981742356176454,0.039000000000000146,-0.010209595785067792,0.03903225806451613,-0.0661703887510338,-0.2564102564102555,-0.11274004409015674
2,1,7288,45,250,33.59,0.03,5.75,3.943,0.034831644328211384,-0.0003856953847613918,0.039000000000000146,-0.00988962525029206,0.037096774193548385,-0.06451612903225779,-0.2564102564102555,-0.0926228615015786
2,1,7308,45,250,32.93,0.03,5.66,3.963,0.03326250408630228,-0.00036935001541977375,0.03799999999999981,-0.009719737247888832,0.036516129032258066,-0.049235993208828654,0.2631578947368435,-0.08955454999053629
2,1,7326,45,250,32.38,0.04,5.46,3.981,0.03142857142857102,-0.0003502351585619303,0.038000000000000256,-0.009216714698998103,0.035225806451612905,-0.05093378607809819,0.0,-0.08533920613891537
2,1,7346,45,250,31.94,0.03,5.36,4.001,0.030019614253023477,-0.00032939070188900123,0.0389999999999997,-0.008445915433051378,0.03458064516129032,-0.04962779156327587,-0.25641025641025844,-0.08113930310726607
2,1,7365,45,250,31.5,0.03,5.16,4.02,0.02826413860738767,-0.00030774698469678794,0.04099999999999948,-0.007506024016994923,0.03329032258064516,-0.047206923682140696,0.0,-0.07805834841610929
2,1,7387,45,250,30.95,0.03,5.06,4.042,0.026819221967963037,-0.00028608617995020503,0.04100000000000037,-0.006977711706102499,0.03264516129032258,-0.031471282454759726,-0.24390243902438802,-0.06051714652484746
2,1,7406,12,249,30.51,0.02,4.96,4.061,0.0257829355998689,-0.0002650183149092697,0.03900000000000059,-0.00679534140792989,0.032,-0.049627791563274654,-0.2564102564102525,-0.06328530355990132
2,1,7426,12,249,30.07,0.02,4.76,4.081,0.024351095129126848,-0.0002449717604668642,0.038000000000000256,-0.006446625275443751,0.030709677419354837,-0.05093378607809809,0.2631578947368403,-0.06933810498786865
2,1,7444,12,249,29.74,0.03,4.66,4.099,0.023148087610329875,-0.00022619720239099817,0.03699999999999992,-0.0061134379024594225,0.03006451612903226,-0.03487358326068009,0.0,-0.05707570924962151
2,1,7463,12,249,29.41,0.02,4.56,4.118,0.022239293886890856,-0.0002087836184343521,0.0389999999999997,-0.005353426113701377,0.029419354838709676,-0.016542597187758683,-0.25641025641025833,-0.037384430977108266
2,1,7483,12,249,28.97,0.02,4.56,4.138,0.021690094802222663,-0.0001926846358905232,0.0389999999999997,-0.004940631689500633,0.029419354838709676,-0.031430934656741336,0.0,-0.040402008365394884
2,1,7502,12,249,28.64,0.02,4.37,4.157,0.020663615560640468,-0.00017775351467497292,0.038000000000000256,-0.004677724070393993,0.028193548387096774,-0.0322580645161288,0.0,-0.05101426334715395
2,1,7521,34,255,28.42,0.02,4.37,4.176,0.0197515527950308,-0.00016378450970698833,0.038000000000000256,-0.0043101186764996635,0.028193548387096774,-0.016977928692699457,0.0,-0.00567781008585525
2,1,7540,34,255,27.98,0.02,4.27,4.195,0.020447858777377967,-0.0001505575533459238,0.04099999999999948,-0.0036721354474616025,0.02754838709677419,-0.031471282454760406,0.0,0.00430556773694585
2,1,7562,34,255,27.65,0.02,4.17,4.217,0.019928081072245578,-0.00013788243204964346,0.04099999999999948,-0.003362986147552322,0.026903225806451613,-0.03147128245476032,0.0,-0.018577727457562386
2,1,7581,34,255,27.32,0.02,4.07,4.236,0.01968617195161792,-0.00012563819266946962,0.03900000000000059,-0.0032214921197299415,0.026258064516129033,-0.033085194375516436,0.0,-0.004442544488311099
2,1,7601,34,255,26.99,0.02,3.97,4.256,0.019754821837201442,-0.00011380356059959418,0.03900000000000059,-0.0029180400153741657,0.025612903225806453,-0.033085194375516436,0.0,0.0035205069530011607
2,1,7620,34,255,26.66,0.02,3.87,4.275,0.019823471722784966,-0.00010247482985425283,0.0389999999999997,-0.002627559739852657,0.024967741935483873,-0.016542597187758593,0.0,-0.0044425444883110215
2,1,7640,78,244,26.32,0.02,3.87,4.295,0.019581562602157314,-9.186896542617972e-05,0.03799999999999937,-0.0024176043533205593,0.024967741935483873,-0.016977928692699852,0.0,-0.011011510469537718
2,1,7658,78,244,26.1,0.02,3.77,4.313,0.01940503432494254,-8.231120740624176e-05,0.03699999999999992,-0.0022246272271957282,0.02432258064516129,-0.03487358326068018,0.0,-0.021999770283522846
2,1,7677,78,244,26.1,0.02,3.67,4.332,0.01876757110166697,-7.420788893394459e-05,0.03900000000000059,-0.0019027663829216273,0.02367741935483871,-0.016542597187758218,0.0,-0.030175773882866862
2,1,7697,78,244,25.88,0.02,3.67,4.352,0.018228179143510714,-6.800637266047094e-05,0.03900000000000059,-0.001743753145140254,0.02367741935483871,0.0,0.0,-0.025146478235722473
2,1,7716,78,244,25.77,0.02,3.67,4.371,0.01778685845047378,-6.414509993491358e-05,0.03799999999999937,-0.0016880289456556487,0.02367741935483871,0.0,-0.2631578947368465,-0.020646582130383246
2,1,7735,78,244,25.77,0.01,3.67,4.39,0.017443609022556164,-6.299764926093277e-05,0.04099999999999948,-0.0015365280307544772,0.02367741935483871,-0.015735641227380203,0.0,-0.014351892456485858
2,1,7757,34,253,25.66,0.02,3.57,4.412,0.017198430859757866,-6.481506534747217e-05,0.04100000000000037,-0.0015808552523773557,0.02303225806451613,-0.015735641227379863,0.24390243902438805,0.004066369529337542
2,1,7776,34,253,25.55,0.02,3.57,4.431,0.017610330173259005,-6.967047427040507e-05,0.038000000000000256,-0.0018334335334317,0.02303225806451613,0.0,0.0,0.016087128576589938
2,1,7795,34,253,25.33,0.02,3.57,4.45,0.017809741745668288,-7.740956211271311e-05,0.0389999999999997,-0.001984860566992659,0.02303225806451613,-0.016542597187758593,-0.2564102564102584,-0.008717445788383982
2,1,7815,34,253,25.11,0.01,3.47,4.47,0.017270349787512032,-8.761024149785567e-05,0.0389999999999997,-0.0022464164486629833,0.022387096774193548,-0.016542597187758593,-0.2564102564102584,-0.023470046353341368
2,1,7834,34,253,25.0,0.01,3.47,4.489,0.01689440993788798,-9.955472915067887e-05,0.03900000000000059,-0.002552685362837881,0.022387096774193548,-0.016542597187758218,0.25641025641025256,-0.015087886941433341
2,1,7854,34,253,24.67,0.02,3.37,4.509,0.016681922196796123,-0.00011221716705197781,0.038000000000000256,-0.0029530833434730803,0.021741935483870968,-0.016977928692699366,0.2631578947368403,-0.006882194043460982
2,1,7872,39,221,24.56,0.02,3.37,4.527,0.016632886564236463,-0.00012426985368307086,0.03699999999999992,-0.0033586446941370573,0.021741935483870968,0.0,0.0,0.0017670498219696802
2,1,7891,39,221,24.56,0.02,3.37,4.546,0.016747303040209,-0.00013411105093261665,0.0389999999999997,-0.0034387448957081453,0.021741935483870968,0.0,0.0,0.010058591294289182
2,1,7911,39,221,24.56,0.02,3.37,4.566,0.017025171624713738,-0.00013991685810960152,0.04099999999999948,-0.0034126062953561778,0.021741935483870968,-0.015735641227380203,0.0,0.01754120189126052
2,1,7932,39,221,24.56,0.02,3.27,4.587,0.017466492317750673,-0.00013971842260618095,0.04100000000000037,-0.0034077664050287727,0.021096774193548388,-0.015735641227379863,0.0,0.003508240378252045
2,1,7952,39,221,24.56,0.02,3.27,4.607,0.017169009480222073,-0.00013150380031545517,0.03900000000000059,-0.0033718923157808507,0.021096774193548388,0.0,-0.25641025641025256,0.0024308262294530764
2,1,7971,39,221,24.56,0.01,3.27,4.626,0.017561294540699345,-0.00011334151716266084,0.03799999999999937,-0.002982671504280598,0.021096774193548388,0.0,-0.2631578947368465,0.009376989384215604
2,1,7990,20,233,24.56,0.01,3.27,4.645,0.01752533507682226,-8.352066491954745e-05,0.03799999999999937,-0.0021979122347249697,0.021096774193548388,0.0,0.2631578947368465,-0.004989590681509196
2,1,8009,20,233,24.56,0.02,3.27,4.664,0.017371690094801998,-4.0700120029008244e-05,0.03900000000000059,-0.0010435928212566058,0.021096774193548388,0.0,0.25641025641025256,-0.041240224306584694
2,1,8029,20,233,24.56,0.02,3.27,4.684,0.015916966328865433,1.5942953463932598e-05,0.03900000000000059,0.0004087936785623681,0.021096774193548388,0.0,0.0,-0.06588377297759268
2,1,8048,20,233,24.56,0.02,3.27,4.703,0.014802222948675845,8.657755422544078e-05,0.0389999999999997,0.0022199372878318317,0.021096774193548388,0.0,0.0,-0.03587564228296478
2,1,8068,20,233,24.56,0.02,3.27,4.723,0.014517816279829817,0.0001706103210803147,0.03799999999999937,0.004489745291587304,0.021096774193548388,0.0,0.0,0.004215343851619884
2,1,8086,20,233,24.56,0.02,3.27,4.741,0.014962406015037398,0.0002666188420243527,0.03699999999999992,0.007205914649306844,0.021096774193548388,0.0,0.0,0.0694450580034097
2,1,8105,229,47,24.56,0.02,3.27,4.76,0.01708728342595597,0.00037234078886780965,0.04100000000000037,0.009081482655312348,0.021096774193548388,0.0,0.0,0.14503384654637344
2,1,8127,229,47,24.45,0.02,3.27,4.782,0.020908793723438762,0.0004847301380427615,0.04100000000000037,0.011822686293725784,0.021096774193548388,-0.014162077104641886,0.0,0.21376346486576525
2,1,8146,229,47,24.56,0.02,3.18,4.801,0.025851585485452425,0.0006000866796759845,0.0389999999999997,0.015386837940409978,0.020516129032258065,0.0,0.0,0.30326652752281874
2,1,8166,229,47,27.54,0.02,3.27,4.821,0.0327361882968286,0.0007142572560845619,0.0389999999999997,0.01831428861755301,0.021096774193548388,0.08105872622001711,0.25641025641025833,0.37677806556524873
2,1,8185,229,47,31.61,0.03,3.67,4.84,0.040545930042497014,0.0008228968170420412,0.038000000000000256,0.021655179395843042,0.02367741935483871,0.1867572156196931,0.5263157894736806,0.4306532922695669
2,1,8204,229,47,35.69,0.04,4.37,4.859,0.049101013403072255,0.000921765956332953,0.038000000000000256,0.02425699885086702,0.028193548387096774,0.26994906621392,0.789473684210521,0.5109168803014302
2,1,8223,221,15,39.65,0.06,5.26,4.878,0.059960771493951494,0.0010070324449226247,0.0389999999999997,0.02582134474160596,0.03393548387096774,0.27791563275434455,0.7692307692307753,0.5953847830278004
2,1,8243,221,15,43.06,0.07,6.05,4.898,0.07232101994115629,0.001075541231974822,0.0389999999999997,0.027577980307046928,0.03903225806451613,0.26302729528536184,0.769230769230775,0.6652081709289911
2,1,8262,221,15,45.71,0.09,6.85,4.917,0.08590389016018195,0.0011250222649446479,0.03900000000000059,0.02884672474217002,0.04419354838709677,0.2299421009098394,1.02564102564101,0.7199436718887321
2,1,8282,221,15,48.02,0.11,7.44,4.937,0.10039882314481727,0.0011542166880283728,0.04100000000000037,0.02815162653727713,0.048,0.2029897718332005,0.7317073170731642,0.7209433977307903
2,1,8303,221,15,50.0,0.12,8.14,4.958,0.11546256946714462,0.0011629155616408608,0.04099999999999948,0.02836379418636282,0.052516129032258066,0.1872541306058246,0.48780487804878675,0.7395211251883681
2,1,8323,221,15,51.54,0.13,8.63,4.978,0.13071918927753998,0.0011519173195224193,0.0389999999999997,0.029536341526216106,0.05567741935483871,0.16377171215881026,0.769230769230775,0.7911920268899633
2,1,8342,233,0,52.87,0.15,9.13,4.997,0.14631905851585295,0.0011229185784893065,0.038000000000000256,0.02955048890761313,0.05890322580645162,0.1528013582342942,0.789473684210521,0.7955816314240822
2,1,8361,233,0,54.3,0.16,9.53,5.016,0.1609512912716553,0.0010783571660417017,0.038000000000000256,0.02837782015899196,0.06148387096774193,0.15110356536502426,0.5263157894736812,0.7477503828220288
2,1,8380,233,0,55.62,0.17,10.02,5.035,0.17473357306309023,0.0010212267392741997,0.038000000000000256,0.026874387875636653,0.06464516129032258,0.15110356536502445,0.789473684210521,0.691402419091193
2,1,8399,233,0,56.94,0.19,10.42,5.054,0.18722458319712082,0.0009548799928173395,0.0389999999999997,0.02448410237993197,0.0672258064516129,0.14722911497105176,0.769230769230775,0.6049404447573755
2,1,8419,233,0,58.15,0.2,10.91,5.074,0.1983262504086277,0.0008828334825586097,0.0389999999999997,0.022636755963041447,0.07038709677419355,0.16377171215881026,0.5128205128205164,0.5543122019094533
2,1,8438,233,0,59.36,0.21,11.41,5.093,0.20884275907158933,0.0008085830173596751,0.03900000000000059,0.020732897881016996,0.07361290322580645,0.13234077750206574,0.5128205128205048,0.508294146738068
2,1,8458,224,57,60.46,0.22,11.71,5.113,0.21814972213141265,0.0007354355827856854,0.04100000000000037,0.017937453238675093,0.0755483870967742,0.10857592446892116,0.48780487804877654,0.44490866615105035
2,1,8479,224,57,61.35,0.23,12.1,5.134,0.22708401438378256,0.0006663622995229961,0.04099999999999948,0.016252739012756208,0.07806451612903226,0.1085759244689235,0.4878048780487864,0.4479385101140976
2,1,8499,224,57,62.01,0.24,12.4,5.154,0.23651520104609042,0.0006038765771781911,0.03799999999999937,0.01589148887311056,0.08,0.08488964346349871,0.5263157894736927,0.45714973933690295
2,1,8517,224,57,62.45,0.25,12.6,5.172,0.24445570447858458,0.0005499415688736082,0.038000000000000256,0.014472146549305382,0.08129032258064516,0.06791171477079747,0.2631578947368406,0.402436296691378
2,1,8537,224,57,63.0,0.25,12.8,5.192,0.2518077803203629,0.0005059105835643773,0.03900000000000059,0.012972066245240247,0.08258064516129032,0.06617038875103322,0.2564102564102528,0.38507640338302973
2,1,8556,233,62,63.55,0.26,13.0,5.211,0.25947368421052297,0.000472502909539779,0.0389999999999997,0.012115459218968786,0.08387096774193549,0.06617038875103437,0.2564102564102586,0.38767487280072804
2,1,8576,233,62,63.99,0.26,13.2,5.231,0.26692710035959116,0.00044981546527620255,0.0389999999999997,0.011533729878877077,0.08516129032258064,0.08105872622001703,0.2564102564102586,0.3776162815064387
2,1,8595,233,62,64.76,0.27,13.49,5.25,0.27420071918927397,0.00043736816257130504,0.038000000000000256,0.011509688488718476,0.08703225806451613,0.06621392190152753,0.5263157894736812,0.40269437896800797
2,1,8614,233,62,65.31,0.28,13.59,5.269,0.28222948676037557,0.00043417852639592345,0.038000000000000256,0.011425750694629488,0.0876774193548387,0.06791171477079747,0.5263157894736796,0.42944890831196264
2,1,8633,233,62,65.97,0.29,13.89,5.288,0.29051977770512866,0.00043885948249036135,0.038000000000000256,0.011548933749746273,0.08961290322580645,0.0848896434634971,0.5263157894736796,0.4449338449097471
2,1,8652,233,62,66.41,0.3,14.09,5.307,0.29913697286694607,0.0004497332963965306,0.04099999999999948,0.010969104790159421,0.09090322580645162,0.06294256490952081,0.4878048780487871,0.42991891180761926
2,1,8674,247,10,67.18,0.31,14.29,5.329,0.3081464530892408,0.00046495413970510844,0.04099999999999948,0.011340344870856446,0.09219354838709677,0.06294256490952081,0.24390243902439354,0.4506494231336566
2,1,8693,247,10,67.84,0.31,14.49,5.348,0.31761359921542576,0.0004826314404328471,0.03900000000000059,0.012375165139303585,0.09348387096774194,0.09760132340777367,0.5128205128205056,0.5132396207910946
2,1,8713,247,10,68.94,0.33,14.88,5.368,0.3281627983000938,0.0005009459323968102,0.0389999999999997,0.012844767497354206,0.096,0.1141439205955344,0.7692307692307758,0.5481094039446401
2,1,8732,247,10,70.16,0.34,15.18,5.387,0.33898986596926656,0.0005182502874764943,0.0389999999999997,0.013288468909653801,0.09793548387096775,0.11579818031431025,0.5128205128205158,0.5560724553859526
2,1,8752,247,10,71.48,0.35,15.58,5.407,0.3498496240601458,0.0005331469604929051,0.03900000000000059,0.013670434884433258,0.10051612903225807,0.11579818031430761,0.5128205128205041,0.5514622677093917
2,1,8771,247,10,72.58,0.36,15.88,5.426,0.36049689440993316,0.0005445380112714382,0.0389999999999997,0.013962513109524163,0.10245161290322581,0.09760132340777589,0.5128205128205172,0.5199453483206316
2,1,8791,243,82,73.68,0.37,16.17,5.446,0.3701274926446503,0.0005516451213007389,0.0389999999999997,0.014144746700019055,0.1043225806451613,0.09760132340777554,0.5128205128205172,0.4838182412553106
2,1,8810,243,82,74.45,0.38,16.47,5.465,0.3793658058188901,0.0005540019314303706,0.038000000000000256,0.01457899819553597,0.10625806451612903,0.0848896434634971,0.5263157894736812,0.49233495638408625
2,1,8829,243,82,75.22,0.39,16.67,5.484,0.3888362209872457,0.0005514241452393449,0.04100000000000037,0.01344936939608146,0.10754838709677421,0.07867820613689923,0.48780487804877654,0.4480182428499582
2,1,8851,243,82,75.99,0.4,16.97,5.506,0.3977345537757386,0.0005439649143743494,0.04100000000000037,0.013267436935959623,0.10948387096774193,0.07710464201416091,0.48780487804877515,0.43613806520542303
2,1,8870,243,82,76.65,0.41,17.16,5.525,0.4067178816606682,0.0005318637169426275,0.0389999999999997,0.01363753120365722,0.11070967741935483,0.06451612903225888,0.5128205128205158,0.45741443910779994
2,1,8890,255,50,77.31,0.42,17.36,5.545,0.41557371690094264,0.0005154964613519404,0.0389999999999997,0.013217857983383189,0.112,0.06617038875103437,0.2564102564102586,0.40879791451873515
2,1,8909,255,50,78.08,0.42,17.56,5.564,0.42266100032689874,0.0004953331566377628,0.0389999999999997,0.012700850170199143,0.11329032258064516,0.06617038875103473,0.2564102564102586,0.3732575586122463
2,1,8929,255,50,78.86,0.43,17.76,5.584,0.43013076168682013,0.0004719073733294188,0.0389999999999997,0.01210018905972878,0.11458064516129034,0.06617038875103473,0.2564102564102586,0.37476634730639097
2,1,8948,255,50,79.85,0.43,17.96,5.603,0.4372768878718479,0.0004457990986288891,0.03900000000000059,0.011430746118689291,0.11587096774193549,0.06617038875103251,0.2564102564102528,0.34090242328227777
2,1,8968,255,50,80.73,0.44,18.16,5.623,0.44342595619482916,0.00041762984156678586,0.038000000000000256,0.010990258988599554,0.11716129032258064,0.06791171477079709,0.5263157894736812,0.31812941965897973
2,1,8986,255,50,81.61,0.45,18.36,5.641,0.4493658058188892,0.00038806639427798115,0.03799999999999937,0.010212273533631253,0.1184516129032258,0.08319185059422875,0.5263157894736934,0.30496722355086814
2,1,9006,252,22,82.38,0.46,18.65,5.661,0.45501471068976196,0.0003578278507310344,0.041999999999999815,0.008519710731691332,0.12032258064516128,0.07526881720430194,0.23809523809523936,0.2609006989523473
2,1,9028,252,22,82.93,0.46,18.85,5.683,0.4603236351748877,0.0003276896332439421,0.0420000000000007,0.007802134124855633,0.12161290322580647,0.061443932411673605,0.238095238095233,0.2443219850869336
2,1,9048,252,22,83.59,0.47,19.05,5.703,0.46527623406341334,0.0002984786399551851,0.038000000000000256,0.007854701051452187,0.12290322580645162,0.06791171477079709,0.2631578947368391,0.2517162471395832
2,1,9066,252,22,84.25,0.47,19.25,5.721,0.46988885256619195,0.00027105517040505235,0.03699999999999992,0.0073258154163527815,0.12419354838709677,0.05231037489102022,0.0,0.2263590821943212
2,1,9085,252,22,84.69,0.47,19.35,5.74,0.4736515201046032,0.00024627955024350003,0.0389999999999997,0.006314860262653895,0.12483870967741936,0.04962779156327587,0.2564102564102586,0.1955557790798047
2,1,9105,248,49,85.24,0.48,19.55,5.76,0.4775155279503043,0.00022496373874243502,0.0389999999999997,0.005768300993395814,0.12612903225806452,0.049627791563275514,0.2564102564102586,0.1797134977912983
2,1,9124,248,49,85.68,0.48,19.65,5.779,0.4806603465184638,0.00020781026983825868,0.03900000000000059,0.005328468457391168,0.1267741935483871,0.03143093465674009,0.0,0.1592610288262441
2,1,9144,248,49,86.01,0.48,19.74,5.799,0.4837267080745279,0.00019534257026946732,0.0389999999999997,0.005008783853063303,0.1273548387096774,0.031430934656741516,0.2564102564102586,0.13503658812583402
2,1,9163,248,49,86.23,0.49,19.84,5.818,0.4859267734553713,0.0001878320443041197,0.0389999999999997,0.004816206264208234,0.128,0.03308519437551772,0.2564102564102586,0.10787839163125104
2,1,9183,248,49,86.56,0.49,19.94,5.838,0.48793396534814665,0.000185228256255904,0.03900000000000059,0.004749442468100031,0.12864516129032258,0.016542597187758128,0.0,0.10175941526055558
2,1,9202,248,49,86.78,0.49,19.94,5.857,0.489895390650533,0.00018709898664914703,0.04999999999999982,0.0037419797329829537,0.12864516129032258,0.02580645161290316,0.0,0.081137626675383
2,1,9233,231,40,87.23,0.49,20.14,5.888,0.4919908466819158,0.00019258689455010013,0.0519999999999996,0.0037035941259634924,0.12993548387096773,0.024813895781637757,0.0,0.06990720949530992
2,1,9254,231,40,87.34,0.49,20.14,5.909,0.4935305655442891,0.00020038911880269339,0.04300000000000015,0.0046602120651789,0.12993548387096773,0.015003750937734291,0.0,0.07663243041881686
2,1,9276,231,40,87.23,0.49,20.24,5.931,0.4952860411899249,0.00020876556550630454,0.04300000000000015,0.004855013151309391,0.1305806451612903,0.015003750937734291,0.2325581395348831,0.07138675809848183
2,1,9297,231,40,87.12,0.5,20.24,5.952,0.4966001961425238,0.00021558087418844707,0.04300000000000015,0.005013508702056892,0.1305806451612903,0.0,0.2325581395348831,0.04857948714049781
2,1,9319,231,40,87.12,0.5,20.24,5.974,0.49737495913696633,0.00021838382065979189,0.04300000000000015,0.005078693503716073,0.1305806451612903,0.015003750937734936,0.0,0.042193451272264045
2,1,9340,247,8,87.0,0.5,20.34,5.995,0.4984145145472312,0.0002145257677252488,0.04300000000000015,0.004988971342447629,0.13122580645161291,0.015003750937734936,0.0,0.039988748412994074
2,1,9362,247,8,87.0,0.5,20.34,6.017,0.4990944753187251,0.00020131662401842476,0.04300000000000015,0.004681781953916839,0.13122580645161291,0.0,0.0,0.021742931646607636
2,1,9383,247,8,87.12,0.5,20.34,6.038,0.4993494606080353,0.00017621298740313308,0.04299999999999926,0.004097976451235724,0.13122580645161291,0.015003750937734602,0.0,0.03443897914655223
2,1,9405,247,8,87.34,0.5,20.44,6.06,0.5005753514220268,0.00013702921029542736,0.04699999999999971,0.002915515112668685,0.1318709677419355,0.013726835964310229,0.0,0.0655199515903539
2,1,9430,247,8,87.56,0.5,20.44,6.085,0.5024288983327819,8.215835154124563e-05,0.04600000000000026,0.0017860511204618513,0.1318709677419355,0.014025245441795066,0.0,0.06857881944937783
2,1,9451,231,35,87.78,0.5,20.54,6.106,0.5037299771166982,1.0786699195250549e-05,0.041999999999999815,0.00025682617131549037,0.13251612903225807,0.01536098310291856,0.0,0.06958389763228102
2,1,9472,231,35,87.89,0.5,20.54,6.127,0.5053514220333377,-7.691677465106395e-05,0.041999999999999815,-0.0018313517774062925,0.13251612903225807,0.0,0.0,0.06499167172589843
2,1,9493,231,35,87.89,0.5,20.54,6.148,0.5064596273291859,-0.00017965565221138746,0.04300000000000015,-0.004178038423520624,0.13251612903225807,0.0,0.0,0.022503174011872608
2,1,9515,231,35,87.89,0.5,20.54,6.17,0.5063190585158482,-0.00029492516788815593,0.04300000000000015,-0.006858724834608254,0.13251612903225807,0.015003750937734291,0.0,-0.016421235089745086
2,1,9536,231,35,87.78,0.5,20.64,6.191,0.5057535142203269,-0.0004190123664153518,0.04300000000000015,-0.009744473637566288,0.13316129032258064,0.015003750937734291,0.0,-0.08119388461041314
2,1,9558,53,237,87.78,0.5,20.64,6.213,0.5028277214776005,-0.0005470906546847658,0.04300000000000015,-0.01272303848104102,0.13316129032258064,-0.015003750937734291,0.0,-0.21271581380143792
2,1,9579,53,237,87.45,0.5,20.54,6.234,0.496606734226865,-0.0006734156447855995,0.04300000000000015,-0.01566082894850226,0.13251612903225807,-0.015003750937734291,0.0,-0.39122072116590045
2,1,9601,53,237,85.02,0.5,20.54,6.256,0.4860052304674667,-0.0007916198815701847,0.04499999999999993,-0.017591552923781912,0.13251612903225807,-0.05734767025089642,-0.22222222222222276,-0.5525407722203973
2,1,9624,53,237,80.95,0.49,20.14,6.279,0.4717423994769472,-0.000895092484910041,0.04499999999999993,-0.019890944109112053,0.12993548387096773,-0.14193548387096802,-0.6666666666666683,-0.6992844429915273
2,1,9646,53,237,76.54,0.47,19.55,6.301,0.454537430532848,-0.0009774174770070517,0.04300000000000015,-0.022730639000163914,0.12612903225806452,-0.20855213803450762,-0.6976744186046481,-0.8519275945171203
2,1,9667,16,245,73.02,0.46,18.75,6.322,0.4351095129127109,-0.0010328340427858827,0.041999999999999815,-0.024591286732997316,0.12096774193548387,-0.22887864823348822,-0.9523809523809561,-0.9609427294945355
2,1,9688,16,245,69.49,0.43,18.06,6.343,0.4141778358940777,-0.001056676032216334,0.041999999999999815,-0.025158953148008065,0.11651612903225805,-0.22887864823348789,-1.4285714285714348,-1.042046109061463
2,1,9709,16,245,66.19,0.4,17.26,6.364,0.39134357633212963,-0.0010457484914257406,0.04300000000000015,-0.024319732358738067,0.11135483870967743,-0.2385596399099765,-1.3953488372092975,-1.0621346085131782
2,1,9731,16,245,63.0,0.37,16.47,6.386,0.3685060477280109,-0.0009986055073167143,0.04300000000000015,-0.0232233838910863,0.10625806451612903,-0.2370592648162034,-1.6279069767441805,-1.0398595072108816
2,1,9752,16,245,60.24,0.33,15.68,6.407,0.34662961752206156,-0.0009157042074253426,0.04300000000000015,-0.02129544668431022,0.10116129032258064,-0.2385596399099765,-1.6279069767441805,-0.9734903487231574
2,1,9774,222,76,57.82,0.3,14.88,6.429,0.32664596273291496,-0.0007994225992470767,0.04300000000000015,-0.018591223238304044,0.096,-0.16354088522130475,-1.1627906976744142,-0.8775477622265841
2,1,9795,222,76,57.93,0.28,14.59,6.45,0.3088950637463183,-0.0006539430208634975,0.04300000000000015,-0.01520797722938361,0.09412903225806452,-0.04351087771942977,-0.46511627906976494,-0.7463299299816644
2,1,9817,222,76,57.93,0.28,14.59,6.472,0.2945537757437033,-0.0004850168509121389,0.04499999999999993,-0.010778152242491993,0.09412903225806452,-0.01433691756272395,0.0,-0.5369220151828782
2,1,9840,222,76,58.04,0.28,14.49,6.495,0.28473357306308883,-0.00029963698570880835,0.04499999999999993,-0.006658599682417974,0.09348387096774194,-0.01433691756272395,0.0,-0.3327884929715554
2,1,9862,222,76,58.26,0.28,14.49,6.517,0.2795782935599833,-0.00010564953455750726,0.04300000000000015,-0.0024569659199420208,0.09348387096774194,0.0,0.0,-0.1382120620053648
2,1,9883,234,25,58.92,0.28,14.49,6.538,0.2787904543968581,8.8665218007554e-05,0.041999999999999815,0.0021110766192274856,0.09348387096774194,0.01536098310291856,0.0,0.10437584644841758
2,1,9904,234,25,60.13,0.28,14.59,6.559,0.28396207911081683,0.00027501760139351107,0.04699999999999971,0.0058514383275215485,0.09412903225806452,0.039807824296499664,0.42553191489361886,0.30986346532380626
2,1,9930,234,25,62.12,0.3,14.78,6.585,0.29335403726707693,0.00044551937302618325,0.04800000000000004,0.009281653604712142,0.09535483870967741,0.07930107526881723,0.6249999999999989,0.4635910428244466
2,1,9952,234,25,63.55,0.31,15.18,6.607,0.3062144491663903,0.0005930644919236627,0.04300000000000015,0.01379219748659676,0.09793548387096775,0.10502625656414101,0.4651162790697662,0.65829386408386
2,1,9973,234,25,65.09,0.32,15.48,6.628,0.321660673422683,0.0007116660786534475,0.04300000000000015,0.01655037392217314,0.09987096774193549,0.10502625656414068,0.4651162790697662,0.7470141481104045
2,1,9995,255,50,66.41,0.33,15.88,6.65,0.3383360575351378,0.0007967376577613158,0.04300000000000015,0.01852878273863519,0.10245161290322581,0.10352588147036725,0.6976744186046481,0.7825934908048534
2,1,10016,255,50,68.17,0.35,16.17,6.671,0.3553121935272918,0.0008453086115071269,0.04499999999999993,0.018784635811269514,0.1043225806451613,0.12759856630824376,0.8888888888888898,0.7584177835893996
2,1,10040,255,50,70.93,0.37,16.77,6.695,0.3724648577966607,0.0008561651873869671,0.04499999999999993,0.019025893053043745,0.10819354838709677,0.17060931899641593,0.8888888888888911,0.7828266317968772
2,1,10061,255,50,73.46,0.39,17.36,6.716,0.39053939195815124,0.0008299092082849135,0.04300000000000015,0.01930021414616071,0.112,0.16354088522130475,0.9302325581395312,0.8469860191428903
2,1,10083,255,50,75.55,0.41,17.86,6.738,0.4088852566198051,0.000768927723234551,0.04300000000000015,0.017882040075222053,0.1152258064516129,0.15003750937734356,0.9302325581395312,0.8387754015980138
2,1,10104,255,8,77.53,0.43,18.36,6.759,0.42660673422686596,0.0006772695871626624,0.04299999999999926,0.015750455515411026,0.1184516129032258,0.11852963240810399,0.6976744186046637,0.7449614937241997
2,1,10126,255,8,79.19,0.44,18.65,6.781,0.44091860084994516,0.0005604297580823108,0.041999999999999815,0.013343565668626507,0.12032258064516128,0.10599078341013907,0.4761904761904787,0.5519232864770592
2,1,10146,255,8,80.73,0.45,19.05,6.801,0.44978751225890234,0.0004250479392909554,0.0420000000000007,0.010120189030736864,0.12290322580645162,0.10752688172042865,0.4761904761904686,0.330251093572431
2,1,10168,255,8,81.94,0.46,19.35,6.823,0.4547891467799875,0.00027853382027443277,0.04300000000000015,0.006477530704056553,0.12483870967741936,0.07501875468867178,0.46511627906976494,0.13387868052334723
2,1,10189,255,8,83.04,0.47,19.55,6.844,0.4555442955214063,0.00012863627481376127,0.04299999999999926,0.0029915412747386857,0.12612903225806452,0.05851462865716462,0.23255813953488663,-0.05869071059853787
2,1,10211,53,255,84.03,0.47,19.74,6.866,0.4522654462242504,-1.702097269899383e-05,0.04499999999999993,-0.000378243837755419,0.1273548387096774,0.041577060931899765,0.0,-0.22992263266862495
2,1,10234,53,255,83.26,0.47,19.84,6.889,0.4451977770513182,-0.0001514089469096156,0.04499999999999993,-0.0033646432646581297,0.128,-0.0272401433691752,-0.22222222222222154,-0.3845120046492999
2,1,10256,53,255,79.3,0.46,19.55,6.911,0.43496240601503194,-0.00026853382256889445,0.04300000000000015,-0.006244972617881245,0.12612903225806452,-0.11852963240810155,-0.6976744186046481,-0.5265438621832552
2,1,10277,53,255,74.45,0.44,19.05,6.932,0.42255639097743813,-0.0003638082968192542,0.04300000000000015,-0.008460658065564022,0.12290322580645162,-0.2385596399099765,-1.1627906976744156,-0.6035564137847059
2,1,10299,53,255,69.49,0.41,17.96,6.954,0.4090094802222895,-0.0004343123473347106,0.04299999999999926,-0.010100287147319024,0.11587096774193549,-0.31207801950488195,-1.6279069767442143,-0.6189133095630912
2,1,10320,227,20,64.98,0.37,16.97,6.975,0.39594311866622567,-0.00047890754041260663,0.04300000000000015,-0.011137384660758256,0.10948387096774193,-0.22355588897224254,-1.3953488372092975,-0.5913165117039207
2,1,10342,227,20,65.2,0.35,16.47,6.997,0.3835828702190208,-0.0004981851191822955,0.04300000000000015,-0.011585700446099854,0.10625806451612903,-0.060015003750937164,-0.4651162790697662,-0.5264678379467304
2,1,10363,227,20,64.98,0.35,16.57,7.018,0.3733050016345162,-0.0004942529219089131,0.04300000000000015,-0.011494253997881659,0.10690322580645162,0.015003750937734614,0.0,-0.4250515064202395
2,1,10385,227,20,65.2,0.35,16.57,7.04,0.36530565544295046,-0.0004703925617568068,0.04300000000000015,-0.01093936190132105,0.10690322580645162,0.0,0.0,-0.31299178178002485
2,1,10406,227,20,65.09,0.35,16.57,7.061,0.3598463550179751,-0.00043063699766926434,0.04499999999999993,-0.009569711059317,0.10690322580645162,0.0,0.0,-0.1665032145581338
2,1,10430,237,28,65.42,0.35,16.57,7.085,0.35781301078783445,-0.0003793245921495725,0.04499999999999993,-0.008429435381101625,0.10690322580645162,0.0,0.0,-0.05731720605862451
2,1,10451,237,28,66.3,0.35,16.57,7.106,0.357267080745337,-0.00032068082499154117,0.041999999999999815,-0.007635257737893871,0.10690322580645162,0.0,0.23809523809523936,0.03284609038123214
2,1,10472,237,28,67.51,0.36,16.57,7.127,0.3591925465838462,-0.0002584684785568321,0.041999999999999815,-0.0061540113942103155,0.10690322580645162,0.03072196620583712,0.4761904761904787,0.11846386151714637
2,1,10493,237,28,68.72,0.37,16.77,7.148,0.3622425629290571,-0.00019573563539819716,0.04300000000000015,-0.00455199152088829,0.10819354838709677,0.07501875468867178,0.4651162790697662,0.1489314793556187
2,1,10515,237,28,69.83,0.38,17.07,7.17,0.3655966001961378,-0.00013467954717903653,0.04300000000000015,-0.0031320824925357223,0.11012903225806452,0.07351837959489867,0.2325581395348831,0.12148672996951088
2,1,10536,15,232,70.93,0.38,17.26,7.191,0.3674664923177461,-7.663262390872916e-05,0.04300000000000015,-0.001782154044389044,0.11135483870967743,0.04351087771942977,0.2325581395348831,0.007830496362238766
2,1,10558,15,232,70.82,0.39,17.36,7.213,0.3659333115397141,-2.2163544455139574e-05,0.04300000000000015,-0.000515431266398593,0.112,0.015003750937734291,0.0,-0.11069128838273459
2,1,10579,15,232,69.94,0.38,17.36,7.234,0.3627067669172885,2.8727689840177817e-05,0.04300000000000015,0.0006680858102366911,0.112,-0.030007501875468905,-0.4651162790697662,-0.16999019287348632
2,1,10601,15,232,68.06,0.37,17.16,7.256,0.35862373324615415,7.635475033811545e-05,0.04300000000000015,0.00177569186832826,0.11070967741935483,-0.07351837959489835,-0.4651162790697662,-0.1839026281578539
2,1,10622,15,232,66.08,0.36,16.87,7.277,0.35479895390650074,0.00012107247324547287,0.04499999999999993,0.002690499405454957,0.10883870967741936,-0.09892473118279588,-0.6666666666666671,-0.17267807199156995
2,1,10646,242,59,63.88,0.34,16.47,7.301,0.3508532200065335,0.0001630310776115884,0.04600000000000026,0.003544153861121467,0.10625806451612903,-0.084151472650771,-0.4347826086956489,-0.15208152706908756
2,1,10668,242,59,63.88,0.34,16.27,7.323,0.34780320366132267,0.00020199555789247016,0.04300000000000015,0.004697571113778359,0.10496774193548387,-0.030007501875468582,-0.2325581395348831,-0.1061298341911383
2,1,10689,242,59,63.77,0.33,16.27,7.344,0.34628963713631455,0.00023725634652949169,0.04299999999999926,0.00551758945417432,0.10496774193548387,0.0,-0.23255813953488794,-0.019766301496915502
2,1,10711,242,59,63.77,0.33,16.27,7.366,0.3469532526969553,0.0002676413601151211,0.04299999999999926,0.006224217677095947,0.10496774193548387,0.0,0.0,0.08415882983495111
2,1,10732,242,59,64.98,0.33,16.27,7.387,0.3499084668192174,0.00029162375484034797,0.04300000000000015,0.006781947786984813,0.10496774193548387,0.015003750937734614,0.2325581395348831,0.19416590008894521
2,1,10754,246,38,66.63,0.34,16.37,7.409,0.35530238640078,0.0003075068569352197,0.04300000000000015,0.00715132225430741,0.10561290322580646,0.07501875468867178,0.6976744186046481,0.27779256026820964
2,1,10775,246,38,68.5,0.36,16.77,7.43,0.36185354691075045,0.0003136585562406324,0.041999999999999815,0.007468060862872233,0.10819354838709677,0.10752688172043026,0.7142857142857167,0.3911175454163306
2,1,10796,246,38,70.49,0.37,17.07,7.451,0.3717293233082658,0.0003087618930865794,0.0420000000000007,0.0073514736449184345,0.11012903225806452,0.10599078341013682,0.714285714285703,0.5033546599417655
2,1,10817,246,38,72.36,0.39,17.46,7.472,0.38299444262830495,0.00029204708699564466,0.04600000000000026,0.006348849717296587,0.11264516129032259,0.11079943899018163,0.6521739130434752,0.5265289878761084
2,1,10842,246,38,74.12,0.4,17.86,7.497,0.3959496567505669,0.00026347341356465747,0.04499999999999993,0.005854964745881286,0.1152258064516129,0.0860215053763437,0.6666666666666671,0.5813809887036364
2,1,10862,231,23,75.55,0.42,18.06,7.517,0.40915658711996855,0.00022383663168660205,0.041999999999999815,0.005329443611585787,0.11651612903225805,0.07680491551459313,0.7142857142857167,0.5541026479241541
2,1,10884,231,23,76.43,0.43,18.36,7.539,0.4192219679633813,0.00017478744690984272,0.04299999999999926,0.004064824346740598,0.1184516129032258,0.058514628657165585,0.23255813953488794,0.3993553144742563
2,1,10905,231,23,76.98,0.43,18.45,7.56,0.4263288656423613,0.00011875683543437176,0.04300000000000015,0.0027617868705667754,0.11903225806451613,0.04351087771942977,0.0,0.24000851471448553
2,1,10927,231,23,77.31,0.43,18.65,7.582,0.4295423340961042,5.879350153071883e-05,0.04300000000000015,0.0013672907332725262,0.12032258064516128,0.045011252813203194,0.0,0.07039844302363298
2,1,10948,231,23,77.75,0.43,18.75,7.603,0.4293559986923775,-1.67331246161595e-06,0.04300000000000015,-3.891424329339405e-05,0.12096774193548387,0.015003750937734614,0.0,-0.0892524536822319
2,1,10970,54,243,78.08,0.43,18.75,7.625,0.4257044785877682,-5.912586456015845e-05,0.04300000000000015,-0.0013750201060501917,0.12096774193548387,0.015003750937734614,0.2325581395348831,-0.23096163056781918
2,1,10991,54,243,77.86,0.44,18.85,7.646,0.41942464857796125,-0.00011027937494441886,0.04300000000000015,-0.002564636626614383,0.12161290322580647,0.0,0.0,-0.3250036111512274
2,1,11013,54,243,75.44,0.43,18.75,7.668,0.4117293233082654,-0.00015240261371423714,0.04499999999999993,-0.0033867247492052753,0.12096774193548387,-0.08458781362007192,-0.44444444444444553,-0.38996040826704087
2,1,11036,54,243,72.03,0.42,18.26,7.691,0.40187643020594443,-0.0001836035796982074,0.04499999999999993,-0.004080079548849059,0.11780645161290323,-0.15627240143369198,-0.8888888888888898,-0.44982020268061207
2,1,11058,54,243,68.61,0.39,17.66,7.713,0.3914874141876379,-0.00020304507642367398,0.04300000000000015,-0.004721978521480773,0.11393548387096775,-0.17854463615903934,-1.3953488372092975,-0.47819244775233616
2,1,11079,220,77,65.42,0.36,17.07,7.734,0.3813141549525939,-0.0002110589286573763,0.04300000000000015,-0.004908347178078502,0.11012903225806452,-0.13353338334583614,-0.9302325581395324,-0.4499114317644384
2,1,11101,220,77,65.09,0.35,16.77,7.756,0.37214122262176696,-0.00020913856414339093,0.04300000000000015,-0.004863687538218376,0.10819354838709677,-0.045011252813203194,-0.2325581395348831,-0.37137839543245654
2,1,11122,220,77,65.09,0.35,16.77,7.777,0.3653448839489982,-0.00019980658461216905,0.04300000000000015,-0.00464666475842252,0.10819354838709677,0.0,0.0,-0.2772603906125221
2,1,11144,220,77,65.09,0.35,16.77,7.799,0.3602190258254285,-0.00018637209210960393,0.04300000000000015,-0.004334234700223333,0.10819354838709677,-0.015003750937733968,0.0,-0.20222446916076528
2,1,11165,220,77,65.09,0.35,16.67,7.82,0.3566492317750853,-0.0001726064466576922,0.041999999999999815,-0.004109677301373642,0.10754838709677421,-0.015360983102918231,0.0,-0.12157723501299739
2,1,11186,236,70,65.09,0.35,16.67,7.841,0.3551127819548826,-0.00016237310825131245,0.041999999999999815,-0.0038660263869360278,0.10754838709677421,0.0,0.0,-0.020003424710845864
2,1,11207,236,70,65.53,0.35,16.67,7.862,0.35580908793722976,-0.0001592483463420926,0.045999999999999375,-0.003461920572654234,0.10754838709677421,0.0,0.0,0.06097474309592486
2,1,11232,236,70,66.63,0.35,16.67,7.887,0.3579176201372951,-0.00016616763293601623,0.04499999999999993,-0.0036926140652448107,0.10754838709677421,0.014336917562723641,0.22222222222222276,0.10831426392066892
2,1,11252,236,70,67.84,0.36,16.77,7.907,0.36068322981365986,-0.00018512930341855593,0.0420000000000007,-0.004407840557584591,0.10819354838709677,0.04608294930875438,0.4761904761904686,0.1352760783947398
2,1,11274,236,70,68.94,0.37,16.97,7.929,0.3635992154298743,-0.00021698277578851232,0.04300000000000015,-0.005046111064849106,0.10948387096774193,0.05851462865716406,0.2325581395348831,0.07313531553859308
2,1,11295,35,237,70.05,0.37,17.16,7.95,0.36382804838181937,-0.00026132252737737005,0.04300000000000015,-0.006077268078543468,0.11070967741935483,0.04351087771943009,0.2325581395348831,-0.059374928727276684
2,1,11317,35,237,69.94,0.38,17.26,7.972,0.36104609349460137,-0.00031650030037409495,0.04300000000000015,-0.007360472101723112,0.11135483870967743,0.015003750937734614,0.0,-0.19971566935538648
2,1,11338,35,237,68.61,0.37,17.26,7.993,0.3552402745995377,-0.0003797565262670659,0.04300000000000015,-0.008831547122489875,0.11135483870967743,-0.04351087771943009,-0.4651162790697662,-0.3116993697590736
2,1,11360,35,237,66.85,0.36,16.97,8.015,0.34764302059496116,-0.00044745896088502945,0.04299999999999926,-0.010406022346163654,0.10948387096774193,-0.0735183795949002,-0.4651162790697759,-0.39882314481857
2,1,11381,35,237,64.54,0.35,16.77,8.036,0.3380908793723395,-0.0005154243761261696,0.04299999999999926,-0.01198661339828322,0.10819354838709677,-0.10502625656414252,-0.6976744186046625,-0.4920288588001864
2,1,11403,23,233,62.56,0.33,16.27,8.058,0.3264857796665535,-0.000579290280817796,0.04499999999999993,-0.012873117351506598,0.10496774193548387,-0.14193548387096802,-1.1111111111111127,-0.5869746830845152
2,1,11426,23,233,60.35,0.3,15.78,8.081,0.31167701863353636,-0.0006348994589195236,0.04499999999999993,-0.014108876864878323,0.10180645161290322,-0.14193548387096802,-0.8888888888888911,-0.702408194399035
2,1,11448,23,233,58.7,0.29,15.28,8.103,0.294877410918597,-0.0006786607826716615,0.04300000000000104,-0.015782808899340584,0.09858064516129032,-0.15003750937734078,-0.6976744186046336,-0.8456936071219202
2,1,11469,23,233,57.16,0.27,14.78,8.124,0.2753121935272929,-0.0007078545198327326,0.04300000000000104,-0.016461733019365477,0.09535483870967741,-0.13353338334583306,-0.930232558139512,-0.9431566783490227
2,1,11491,23,233,55.84,0.25,14.39,8.146,0.25432167374958803,-0.0007208577793375515,0.04299999999999926,-0.01676413440319916,0.09283870967741936,-0.11852963240810399,-0.6976744186046637,-0.9710575731543256
2,1,11512,55,255,54.52,0.24,13.99,8.167,0.23355671788165763,-0.0007172739607136052,0.04299999999999926,-0.016680789784037618,0.09025806451612903,-0.12003000750187777,-0.6976744186046632,-0.9439169207143273
2,1,11534,55,255,52.98,0.22,13.59,8.189,0.21373324615887265,-0.0006979573735610742,0.04300000000000104,-0.016231566827001335,0.0876774193548387,-0.13353338334583306,-0.6976744186046343,-0.8120148703406344
2,1,11555,55,255,51.21,0.21,13.1,8.21,0.1986400784570095,-0.0006649297883405066,0.041999999999999815,-0.015831661627154988,0.08451612903225807,-0.18279569892473188,-0.7142857142857174,-0.6483600305110542
2,1,11576,55,255,49.34,0.19,12.4,8.231,0.1865021248774085,-0.0006211901814957593,0.041999999999999815,-0.014790242416565761,0.08,-0.19815668202765077,-0.9523809523809561,-0.4759569731782837
2,1,11597,55,255,47.69,0.17,11.81,8.252,0.17864988558352168,-0.0005704241920159276,0.045999999999999375,-0.0124005259133899,0.07619354838709677,-0.18092566619916106,-0.8695652173913163,-0.2578279346760101
2,1,11622,245,30,45.82,0.15,11.11,8.277,0.1746420398823122,-0.0005166279265866435,0.04499999999999993,-0.01148062059081432,0.0716774193548387,-0.12903225806451618,-0.44444444444444553,-0.13424866514111192
2,1,11642,245,30,46.26,0.15,10.91,8.297,0.17260869565217166,-0.00046367260756954387,0.04200000000000159,-0.011039823989750626,0.07038709677419355,-0.046082949308753736,-0.23809523809522862,-0.06849421690872744
2,1,11664,245,30,46.26,0.14,10.81,8.319,0.17176528277214553,-0.00041485062176054656,0.04299999999999926,-0.009647688878152412,0.06974193548387098,-0.015003750937734602,0.0,-0.009579053802352144
2,1,11685,245,30,48.68,0.15,10.81,8.34,0.17219679633867052,-0.00037245606541019073,0.04299999999999926,-0.00866176896302784,0.06974193548387098,0.10502625656414252,0.6976744186046632,0.025696191945992604
2,1,11707,245,30,51.98,0.17,11.51,8.362,0.1728702190258232,-0.00033745947464652735,0.04299999999999926,-0.0078478947592217,0.07425806451612903,0.23855963990998144,0.9302325581395511,0.02516402229030634
2,1,11728,28,255,55.73,0.19,12.4,8.383,0.17327884929715368,-0.0003093333618065,0.04299999999999926,-0.0071937991117791925,0.08,0.20855213803451225,0.9302325581395504,0.008286641781400244
2,1,11750,28,255,55.84,0.21,12.9,8.405,0.1732265446224234,-0.0002860699703161451,0.04300000000000104,-0.006652790007352051,0.0832258064516129,0.07501875468867023,0.2325581395348783,-0.0314740339220127
2,1,11771,28,255,55.18,0.2,12.9,8.426,0.1719254658385071,-0.00026440540858948224,0.04300000000000104,-0.006148962990452927,0.0832258064516129,-0.045011252813202264,-0.23255813953487767,-0.08841618708043823
2,1,11793,28,255,53.53,0.2,12.6,8.448,0.16942464857796447,-0.00024023002762891822,0.04499999999999993,-0.005338445058420413,0.08129032258064516,-0.08602150537634401,-0.44444444444444553,-0.18786095673967376
2,1,11816,28,255,51.43,0.18,12.3,8.471,0.1634717227852218,-0.00020913297943102015,0.04499999999999993,-0.004647399542911566,0.07935483870967742,-0.12759856630824376,-0.8888888888888905,-0.3231266572227639
2,1,11838,69,242,49.12,0.16,11.71,8.493,0.1548839490029401,-0.0001670081061183648,0.04299999999999926,-0.003883909444613202,0.0755483870967742,-0.1485371342835735,-0.6976744186046632,-0.4332621239651216
2,1,11859,69,242,47.8,0.15,11.31,8.514,0.14484145145472188,-0.00011064199853078272,0.04299999999999926,-0.0025730697332740607,0.07296774193548387,-0.12003000750187745,-0.6976744186046632,-0.43029717874058404
2,1,11881,69,242,46.26,0.13,10.91,8.536,0.13638117031709532,-3.8211167836109896e-05,0.04300000000000104,-0.0008886318101420692,0.07038709677419355,-0.1335333833458334,-0.6976744186046343,-0.37578780115099325
2,1,11902,69,242,44.94,0.12,10.42,8.557,0.12868257600522878,5.037042496610944e-05,0.04300000000000104,0.0011714052317699588,0.0672258064516129,-0.1335333833458334,-0.46511627906975633,-0.3059975520195729
2,1,11924,69,242,43.72,0.11,10.02,8.579,0.12322327558025337,0.0001532934324530366,0.04299999999999926,0.0035649635454195173,0.06464516129032258,-0.10502625656414252,-0.4651162790697752,-0.17249899267886643
2,1,11945,255,32,42.62,0.1,9.72,8.6,0.12126511932003765,0.0002669035969311384,0.04299999999999926,0.0062070603937475115,0.06270967741935485,-0.07351837959490003,-0.2325581395348876,0.007450375179607724
2,1,11967,255,32,42.84,0.1,9.53,8.622,0.12354364171297649,0.0003859570119310511,0.04300000000000104,0.0089757444635126,0.06148387096774193,-0.028507126781695046,0.0,0.2353710362863591
2,1,11988,255,32,43.72,0.1,9.53,8.643,0.13138607388035134,0.0005040537070412867,0.04299999999999926,0.011722179233518497,0.06148387096774193,0.043510877719430824,0.2325581395348876,0.41661281616579554
2,1,12010,255,32,47.36,0.11,9.82,8.665,0.1414579928081054,0.0006142015355599763,0.045999999999999375,0.013352207294782276,0.06335483870967742,0.20757363253857236,1.086956521739145,0.5192091760592407
2,1,12034,255,32,52.65,0.15,11.01,8.689,0.15526969597907608,0.0007094448200100913,0.045000000000001705,0.0157654404446681,0.07103225806451613,0.3555555555555421,1.7777777777777104,0.669645127310997
2,1,12055,211,26,57.27,0.19,12.3,8.71,0.1715920235371014,0.0007834829072665154,0.04299999999999926,0.01822053272712858,0.07935483870967742,0.3285821455363897,1.6279069767442143,0.7794764971072814
2,1,12077,211,26,59.91,0.22,13.2,8.732,0.1887871853546886,0.0008312073906495865,0.04299999999999926,0.019330404433711645,0.08516129032258064,0.2235558889722465,0.9302325581395511,0.8346700928255961
2,1,12098,211,26,61.24,0.23,13.79,8.753,0.20748283752860142,0.0008491048440783189,0.04300000000000104,0.019746624280890662,0.08896774193548386,0.1335333833458334,0.465116279069756,0.8763313744421405
2,1,12120,211,26,62.23,0.24,14.09,8.775,0.22646943445570156,0.0008354994854409198,0.041999999999999815,0.01989284489145056,0.09090322580645162,0.07680491551459347,0.47619047619047805,0.8947835427076931
2,1,12140,211,26,63.0,0.25,14.29,8.795,0.24506374632232436,0.0007906373693536644,0.041999999999999815,0.018824699270325426,0.09219354838709677,0.07680491551459313,0.4761904761904787,0.8598359252167608
2,1,12162,223,53,63.66,0.26,14.59,8.817,0.26258254331480535,0.0007166320197386966,0.04299999999999926,0.01666586092415602,0.09412903225806452,0.07351837959489986,0.4651162790697759,0.7407041364787121
2,1,12183,223,53,64.43,0.27,14.78,8.838,0.27691402419090844,0.0006172983840821562,0.04299999999999926,0.01435577637400388,0.09535483870967741,0.07351837959489986,0.23255813953488794,0.5983107414643819
2,1,12205,223,53,65.31,0.27,15.08,8.86,0.28830990519777333,0.0004979005752431788,0.04499999999999993,0.011064457227626215,0.09729032258064516,0.08602150537634462,0.4444444444444443,0.40339980385746577
2,1,12228,223,53,66.19,0.29,15.38,8.883,0.29506701536449437,0.0003648338795691561,0.04499999999999993,0.00810741954598126,0.09922580645161291,0.05734767025089642,0.6666666666666671,0.20021067160655037
2,1,12250,223,53,67.07,0.3,15.48,8.905,0.2973193854200681,0.00022525677411863222,0.04300000000000104,0.005238529630665739,0.09987096774193549,0.06001500375093592,0.2325581395348783,0.06758554627214912
2,1,12271,0,230,67.73,0.3,15.78,8.926,0.29797319385419685,8.66861261685834e-05,0.04300000000000104,0.0020159564225251466,0.10180645161290322,0.045011252813201945,0.2325581395348783,-0.02060256809870975
2,1,12293,0,230,67.51,0.31,15.78,8.948,0.29643347499182354,-4.343128128113527e-05,0.04299999999999926,-0.0010100297972357214,0.10180645161290322,0.015003750937734924,0.23255813953488794,-0.11243984582284945
2,1,12314,0,230,66.41,0.31,15.88,8.969,0.2931382804838144,-0.00015815566449914087,0.04299999999999926,-0.003678038709282409,0.10245161290322581,0.0,-0.23255813953488794,-0.21058713517869465
2,1,12336,0,230,65.42,0.3,15.78,8.991,0.2873782281791398,-0.00025148083870410074,0.04300000000000104,-0.005848391597769643,0.10180645161290322,-0.045011252813202264,-0.4651162790697566,-0.31496841192971087
2,1,12357,0,230,63.66,0.29,15.58,9.012,0.2795946387708365,-0.0003187276596547406,0.04300000000000104,-0.0074122711547612305,0.10051612903225807,-0.07501875468867023,-0.6976744186046336,-0.424063191345387
2,1,12379,30,238,62.12,0.27,15.28,9.034,0.26914351095128775,-0.0003568779449062678,0.04299999999999926,-0.008299487090843579,0.09858064516129032,-0.10502625656414286,-0.6976744186046625,-0.5089062393090931
2,1,12400,30,238,60.35,0.26,14.88,9.055,0.2577116704805459,-0.00036482086350579304,0.04499999999999993,-0.008107130300128747,0.096,-0.12759856630824376,-0.6666666666666683,-0.5372852420907276
2,1,12424,30,238,58.37,0.24,14.39,9.079,0.24496567505720504,-0.00034348518664327623,0.04499999999999993,-0.007633004147628373,0.09283870967741936,-0.1275985663082441,-0.6666666666666677,-0.5720823798626944
2,1,12445,30,238,56.83,0.23,13.99,9.1,0.23196796338672468,-0.0002958359602380352,0.04299999999999926,-0.006879906052047448,0.09025806451612903,-0.12003000750187777,-0.4651162790697752,-0.5532283692041037
2,1,12467,30,238,55.29,0.22,13.59,9.122,0.221176855181429,-0.0002267230670740954,0.04300000000000104,-0.005272629466839301,0.0876774193548387,-0.11852963240809909,-0.6976744186046343,-0.4404084021986042
2,1,12488,237,38,53.86,0.2,13.2,9.143,0.21303040209218424,-0.00014258098101934812,0.041999999999999815,-0.003394785262365446,0.08516129032258064,-0.07526881720430129,-0.47619047619047805,-0.2968601628294318
2,1,12509,237,38,54.08,0.2,13.1,9.164,0.2087087283425929,-5.099242518306823e-05,0.041999999999999815,-0.0012141053615016299,0.08451612903225807,-0.01536098310291856,0.0,-0.09480222294867546
2,1,12530,237,38,53.97,0.2,13.1,9.185,0.2090487087283399,3.985797414551762e-05,0.04300000000000104,0.000926929631291085,0.08451612903225807,-0.01500375093773398,0.0,0.13646350456525072
2,1,12552,237,38,54.19,0.2,13.0,9.207,0.21457665903889883,0.00012180223700516812,0.04299999999999926,0.0028326101629109353,0.08387096774193549,-0.015003750937734602,0.0,0.3415768947140372
2,1,12573,237,38,56.17,0.2,13.0,9.228,0.22373651520104323,0.0001873331094482733,0.04299999999999926,0.004356583940657593,0.08387096774193549,0.058514628657165266,0.4651162790697752,0.5010757429468535
2,1,12595,242,75,58.37,0.22,13.39,9.25,0.23612291598561316,0.00023022113926199063,0.04499999999999993,0.005116025316933133,0.08638709677419355,0.14193548387096772,0.6666666666666677,0.562129962587621
2,1,12618,242,75,61.01,0.23,13.99,9.273,0.24903236351748614,0.0002460493325554953,0.04499999999999993,0.005467762945677682,0.09025806451612903,0.17204301075268832,0.8888888888888905,0.5778213650067121
2,1,12640,242,75,63.44,0.26,14.59,9.295,0.26212487741091517,0.00023261137874088433,0.04300000000000104,0.0054095669474622955,0.09412903225806452,0.17854463615903565,1.162790697674391,0.5850825243087273
2,1,12661,242,75,65.64,0.28,15.18,9.316,0.274190912062762,0.0001901274305000662,0.04299999999999926,0.004421568151164406,0.09793548387096775,0.1635408852213081,0.9302325581395504,0.5099705786204669
2,1,12683,242,75,67.51,0.3,15.68,9.338,0.28405361229159487,0.00012124695334690826,0.04299999999999926,0.0028196965894630313,0.10116129032258064,0.1485371342835735,0.9302325581395504,0.38886396983358473
2,1,12704,56,247,69.16,0.32,16.17,9.359,0.2909120627656059,3.082944724843628e-05,0.04300000000000104,0.0007169638894985009,0.1043225806451613,0.08852213053263114,0.4651162790697566,0.19728289378653244
2,1,12726,56,247,69.05,0.32,16.27,9.381,0.29253677672441597,-7.44823954194036e-05,0.04299999999999926,-0.0017321487306838344,0.10496774193548387,0.030007501875469526,0.0,-0.03580741540403101
2,1,12747,56,247,67.4,0.32,16.37,9.402,0.2893723439032326,-0.00018685947319161046,0.04299999999999926,-0.004345569143991016,0.10561290322580646,-0.045011252813204124,-0.4651162790697759,-0.26623687631617127
2,1,12769,56,247,64.87,0.3,15.97,9.424,0.2810885910428208,-0.00029799575508674005,0.04300000000000104,-0.006930133839226345,0.10303225806451613,-0.14853713428356738,-0.930232558139512,-0.47880064164453745
2,1,12790,56,247,62.12,0.28,15.38,9.445,0.26878391631251697,-0.00039985961280659054,0.04499999999999993,-0.008885769173479803,0.09922580645161291,-0.1849462365591402,-1.1111111111111127,-0.6567142493915876
2,1,12814,13,255,59.03,0.25,14.68,9.469,0.2515364498201994,-0.00048541090188385284,0.04499999999999993,-0.010786908930752303,0.09470967741935483,-0.19928315412186445,-1.1111111111111132,-0.8057099269913832
2,1,12835,13,255,56.28,0.23,13.99,9.49,0.23252696959790478,-0.0005492120326800425,0.04300000000000104,-0.012772372853023935,0.09025806451612903,-0.19354838709676933,-0.9302325581395127,-0.8923724883492521
2,1,12857,13,255,53.64,0.21,13.39,9.512,0.21316443282118064,-0.0005878744730483127,0.04299999999999926,-0.01367149937321681,0.08638709677419355,-0.20855213803451225,-1.1627906976744389,-0.8875069372115864
2,1,12878,13,255,51.21,0.18,12.6,9.533,0.19436417129780723,-0.0006003013483648108,0.041999999999999815,-0.014292889246781272,0.08129032258064516,-0.21198156682027747,-1.1904761904761954,-0.8503401360544146
2,1,12899,13,255,48.9,0.16,12.01,9.554,0.17745014710689538,-0.000587708589488697,0.041999999999999815,-0.013993061654492848,0.07748387096774194,-0.19815668202765044,-0.9523809523809561,-0.7223026510375254
2,1,12920,232,63,46.92,0.14,11.31,9.575,0.1640274599542313,-0.0005534290606468666,0.04299999999999926,-0.012870443270857583,0.07296774193548387,-0.15003750937734697,-0.6976744186046632,-0.5504914966891468
2,1,12942,232,63,47.14,0.13,11.01,9.597,0.15377901274926248,-0.0005025251808291812,0.04300000000000104,-0.011686632112306259,0.07103225806451613,-0.045011252813202264,-0.2325581395348783,-0.37046610459413076
2,1,12963,232,63,47.14,0.13,11.01,9.618,0.14809741745668328,-0.000441254569804304,0.04300000000000104,-0.010261734181495194,0.07103225806451613,0.0,0.2325581395348783,-0.16109535719986978
2,1,12985,232,63,47.69,0.14,11.01,9.64,0.1468519123896679,-0.0003764479231115665,0.04499999999999993,-0.008365509402479269,0.07103225806451613,0.01433691756272395,0.22222222222222276,-0.010751516472340423
2,1,13008,232,63,50.0,0.14,11.11,9.663,0.14761359921542797,-0.00031486590599682173,0.04499999999999993,-0.0069970201332627165,0.0716774193548387,0.10035842293906827,0.4444444444444449,0.06864988558352354
2,1,13030,36,221,52.76,0.16,11.71,9.685,0.14994115724092646,-0.0002626008210075437,0.04299999999999926,-0.006106995837384842,0.0755483870967742,0.12003000750187777,0.6976744186046632,0.11266791853242882
2,1,13051,36,221,52.87,0.17,11.91,9.706,0.15245831971232232,-0.00022457947870799445,0.04299999999999926,-0.005222778574604612,0.07683870967741936,0.030007501875469526,0.0,0.12194287538867471
2,1,13073,36,221,52.76,0.16,11.91,9.728,0.1551847008826394,-0.00020420772540653508,0.04300000000000104,-0.004749016869919306,0.07683870967741936,0.0,0.0,0.11836973627191907
2,1,13094,36,221,52.65,0.17,11.91,9.749,0.15754821837201496,-0.00020317738705079514,0.04300000000000104,-0.004725055512809075,0.07683870967741936,0.0,0.2325581395348783,0.06644518272424975
2,1,13116,36,221,52.54,0.17,11.91,9.771,0.1580418437397822,-0.0002214372117388237,0.04299999999999926,-0.005149702598577384,0.07683870967741936,0.0,-0.23255813953488794,-0.036111512350137265
2,1,13137,0,255,52.42,0.16,11.91,9.792,0.1559954233409591,-0.00025731434597186717,0.04299999999999926,-0.005984054557485386,0.07683870967741936,-0.015003750937734924,0.0,-0.15037593984962425
2,1,13159,0,255,51.54,0.17,11.81,9.814,0.15157567832624846,-0.0003077626989964699,0.04300000000000104,-0.007157272069685174,0.07619354838709677,-0.030007501875468284,-0.2325581395348783,-0.2706462820347027
2,1,13180,0,255,49.78,0.15,11.71,9.835,0.1443576332134666,-0.00036870765326210984,0.041999999999999815,-0.008778753649097892,0.0755483870967742,-0.07680491551459313,-0.9523809523809568,-0.3782748797459456
2,1,13201,0,255,48.13,0.13,11.31,9.856,0.13568813337691882,-0.0004354515221702631,0.04499999999999993,-0.009676700492672528,0.07296774193548387,-0.12903225806451618,-0.6666666666666677,-0.4117540227380004
2,1,13225,0,255,46.04,0.12,10.81,9.88,0.1258287021902566,-0.0005031010267035362,0.04499999999999993,-0.011180022815634157,0.06974193548387098,-0.14193548387096802,-0.44444444444444525,-0.47052413642802143
2,1,13246,14,255,44.39,0.11,10.32,9.901,0.11451454723765789,-0.0005669780940256289,0.041999999999999815,-0.0134994784291817,0.06658064516129032,-0.15207373271889474,-0.47619047619047805,-0.5101262472952519
2,1,13267,14,255,42.95,0.1,9.82,9.922,0.10440339980385611,-0.0006229795594853513,0.04300000000000104,-0.014487896732217124,0.06335483870967742,-0.13353338334583323,-0.46511627906975633,-0.45918638862067557
2,1,13289,14,255,41.52,0.09,9.43,9.944,0.09476953252696836,-0.0006678595569894856,0.04299999999999926,-0.01553161760440691,0.060838709677419354,-0.13353338334583892,-0.46511627906977554,-0.46108699453385893
2,1,13310,14,255,40.2,0.08,8.93,9.965,0.08457665903890052,-0.0006994186205250444,0.04299999999999926,-0.016265549314536196,0.05761290322580645,-0.13503375843961238,-0.4651162790697752,-0.44398154131537315
2,1,13332,14,255,38.99,0.07,8.53,9.987,0.07567832625040764,-0.0007165935205354028,0.04299999999999926,-0.016664965593846864,0.05503225806451612,-0.11852963240810399,-0.2325581395348876,-0.3868873396838931
2,1,13353,24,255,37.89,0.07,8.14,10.008,0.0679405034324934,-0.0007194502473688224,0.04299999999999926,-0.016731401101600808,0.052516129032258066,-0.11852963240810382,-0.23255813953488794,-0.34400967028288754
2,1,13375,24,255,36.79,0.06,7.74,10.03,0.060885910428243734,-0.0007090890182423122,0.04300000000000104,-0.016490442284704535,0.049935483870967745,-0.10502625656413851,-0.2325581395348783,-0.2691257973041705
2,1,13396,24,255,35.91,0.06,7.44,10.051,0.05636809414841379,-0.000687474865923261,0.04499999999999993,-0.015277219242739159,0.048,-0.10035842293906827,-0.22222222222222246,-0.18749772983182372
2,1,13420,24,255,34.8,0.05,7.04,10.075,0.05244851258581168,-0.0006572104610991198,0.045999999999999375,-0.014287183936937582,0.04541935483870968,-0.09677419354838843,-0.21739130434782894,-0.15236579160566852
2,1,13442,24,255,33.92,0.05,6.75,10.097,0.04935926773455313,-0.0006212696120550101,0.04200000000000159,-0.014792133620356824,0.043548387096774194,-0.09062980030721635,0.0,-0.135898753093908
2,1,13462,22,241,33.15,0.05,6.45,10.117,0.04674076495586733,-0.0005827107909424649,0.041999999999999815,-0.01387406645101113,0.04161290322580645,-0.0768049155145933,-0.2380952380952392,-0.11464997898472785
2,1,13484,22,241,32.49,0.04,6.25,10.139,0.04454396861719458,-0.0005443903866835722,0.04299999999999926,-0.012660241550780965,0.04032258064516129,-0.060015003750938725,-0.23255813953488777,-0.09427005329299032
2,1,13505,22,241,32.16,0.04,6.05,10.16,0.04268715266426881,-0.0005086951762889945,0.04300000000000104,-0.011830120378813539,0.03903225806451613,-0.06001500375093625,0.0,-0.08111786037388409
2,1,13527,22,241,31.72,0.04,5.85,10.182,0.04105590062111748,-0.0004773124680747678,0.045999999999999375,-0.010376358001625528,0.03774193548387097,-0.04207573632538631,0.0,-0.06921841465667947
2,1,13551,22,241,31.28,0.04,5.75,10.206,0.0395031055900616,-0.0004510543055189462,0.045999999999999375,-0.009805528380846789,0.037096774193548385,-0.026647966339411293,0.0,-0.06971587759569069
2,1,13573,11,245,30.95,0.04,5.66,10.228,0.037848970251715755,-0.0004297490651331826,0.04300000000000104,-0.009994164305422609,0.036516129032258066,-0.04351087771942871,0.0,-0.06325216479013276
2,1,13594,11,245,30.51,0.04,5.46,10.249,0.036783262504085826,-0.00041220986404510285,0.04499999999999993,-0.0091602192010023,0.035225806451612905,-0.04301075268817216,0.0,-0.051432930151464905
2,1,13618,11,245,30.18,0.04,5.36,10.273,0.03553448839489984,-0.000396284617292296,0.04499999999999993,-0.008806324828717703,0.03458064516129032,-0.02867383512544821,0.0,-0.04496749119174684
2,1,13639,11,245,29.74,0.04,5.26,10.294,0.03475972540045722,-0.0003789877592125439,0.04300000000000104,-0.008813668818896158,0.03393548387096774,-0.030007501875468124,-0.23255813953487817,-0.043713936002796154
2,1,13661,11,245,29.41,0.03,5.16,10.316,0.03365478914677956,-0.00035670897283614255,0.04299999999999926,-0.008295557507817412,0.03329032258064516,-0.030007501875469363,-0.23255813953488777,-0.04455020260459064
2,1,13682,28,233,29.08,0.03,5.06,10.337,0.03284406668845986,-0.00032548979803775956,0.041999999999999815,-0.007749757096137166,0.03264516129032258,-0.030721966205837288,0.0,-0.030044054234966092
2,1,13703,28,233,28.86,0.03,4.96,10.358,0.03239293886891099,-0.0002813545375445141,0.041999999999999815,-0.006698917560583699,0.032,-0.03072196620583712,0.0,-0.032846090381232304
2,1,13724,28,233,28.75,0.03,4.86,10.379,0.031464530892448106,-0.00022067749185293996,0.04299999999999926,-0.005132034694254506,0.031354838709677424,-0.015003750937734602,0.0,-0.053521062514729954
2,1,13746,28,233,28.75,0.03,4.86,10.401,0.03009153318077764,-0.00014056450397804455,0.04300000000000104,-0.0032689419529777016,0.031354838709677424,0.0,0.0,-0.09221739890676818
2,1,13767,28,233,28.75,0.03,4.86,10.422,0.02749918273945698,-3.922324498508178e-05,0.04300000000000104,-0.0009121684880251357,0.031354838709677424,-0.015003750937734223,0.0,-0.12726457194553162
2,1,13789,52,253,28.64,0.03,4.76,10.444,0.024619156587119648,8.370639931438007e-05,0.04299999999999926,0.001946660449171663,0.030709677419354837,-0.015003750937734843,0.0,-0.1342588017059845
2,1,13810,52,253,28.42,0.03,4.76,10.465,0.021726054266099745,0.00022689286326371862,0.04499999999999993,0.0050420636280826435,0.030709677419354837,-0.01433691756272395,0.0,-0.10562638480258497
2,1,13834,52,253,28.09,0.03,4.66,10.489,0.01986596927100333,0.0003871562652598257,0.04499999999999993,0.008603472561329473,0.03006451612903226,-0.028673835125448053,0.0,-0.01452907631397315
2,1,13855,52,253,27.65,0.03,4.56,10.51,0.021072245831970954,0.000559444679857922,0.04299999999999926,0.01301034139204492,0.029419354838709676,-0.030007501875469442,0.0,0.13121783224492034
2,1,13877,52,253,27.21,0.03,4.46,10.532,0.02550833605753481,0.0007369677360229669,0.041999999999999815,0.017546850857689766,0.028774193548387096,-0.02918586789554543,0.0,0.26899547004156116
2,1,13897,255,19,26.88,0.03,4.37,10.552,0.03237005557371647,0.0009115016905705637,0.041999999999999815,0.021702421204061136,0.028193548387096774,-0.013824884792626788,0.0,0.41112097012717774
2,1,13919,255,19,26.99,0.03,4.37,10.574,0.0427754168028762,0.001073864916509141,0.04300000000000104,0.024973602709514306,0.028193548387096774,0.0,0.0,0.5706379193686738
2,1,13940,255,19,29.19,0.03,4.37,10.595,0.05690748610657004,0.001214542900534001,0.04300000000000104,0.028245183733348177,0.028193548387096774,0.08852213053263105,0.23255813953487817,0.7532481355055712
2,1,13962,255,19,34.91,0.04,4.96,10.617,0.07516508662961655,0.0013244186616593455,0.04299999999999926,0.03080043399207833,0.032,0.2970742685671468,0.9302325581395511,0.9009632270767961
2,1,13983,255,19,41.63,0.07,6.35,10.638,0.0956489048708716,0.001395541123263059,0.04299999999999926,0.03245444472704844,0.040967741935483866,0.4621155288822283,1.3953488372093263,1.0080813763427825
2,1,14005,229,39,48.02,0.1,8.04,10.66,0.11851258581235545,0.0014218463487159748,0.04499999999999993,0.031596585527021714,0.051870967741935475,0.48315412186380036,1.5555555555555582,1.0221205186880131
2,1,14028,229,39,52.98,0.14,9.72,10.683,0.14164432821183212,0.0013997423724113425,0.04499999999999993,0.031105386053585437,0.06270967741935485,0.41146953405018016,1.7777777777777803,0.9961861174675705
2,1,14050,229,39,56.17,0.18,10.91,10.705,0.16334096109839605,0.0013284825792398624,0.04300000000000104,0.030894943703251868,0.07038709677419355,0.29857464366090786,1.3953488372092686,0.9709055246812317
2,1,14071,229,39,58.59,0.2,11.71,10.726,0.1833932657731261,0.0012102828492316284,0.04299999999999926,0.02814611277282905,0.0755483870967742,0.23855963990998144,0.9302325581395511,0.8440970981548958
2,1,14093,229,39,60.57,0.22,12.5,10.748,0.19963713631905594,0.0010501747631859466,0.04299999999999926,0.024422668911301505,0.08064516129032258,0.22355588897224685,0.9302325581395504,0.6715981054760284
2,1,14114,57,252,62.23,0.24,13.2,10.769,0.2122719843085948,0.0008556207968659617,0.041999999999999815,0.02037192373490394,0.08516129032258064,0.13671274961597618,0.7142857142857174,0.4997742804215464
2,1,14135,57,252,61.9,0.25,13.39,10.79,0.2206276560967608,0.0006359420633246255,0.041999999999999815,0.015141477698205437,0.08638709677419355,0.029185867895545597,0.23809523809523936,0.2808262893257966
2,1,14156,57,252,60.46,0.25,13.39,10.811,0.22406668846027822,0.00040162447149104353,0.04300000000000104,0.009340103988163578,0.08638709677419355,-0.04351087771942887,-0.465116279069756,0.03155005815853958
2,1,14178,57,252,58.48,0.23,13.1,10.833,0.22198430859757803,0.00016357635786268254,0.04299999999999926,0.0038041013456438454,0.08451612903225807,-0.10352588147036972,-0.6976744186046632,-0.23058150938519276
2,1,14199,57,252,55.84,0.22,12.7,10.854,0.2141516835567151,-6.759018007812401e-05,0.04499999999999993,-0.0015020040017360914,0.08193548387096773,-0.15627240143369198,-0.8888888888888905,-0.4201082416185344
2,1,14223,44,224,53.09,0.19,12.01,10.878,0.20307943772474402,-0.0002821910939046113,0.04499999999999993,-0.006270913197880261,0.07748387096774194,-0.17060931899641593,-1.1111111111111127,-0.5502887653917342
2,1,14244,44,224,51.21,0.17,11.51,10.899,0.1893886891140871,-0.00047196847878345236,0.04299999999999926,-0.010976011134499081,0.07425806451612903,-0.13503375843961238,-0.6976744186046632,-0.6722062993682415
2,1,14266,44,224,49.89,0.16,11.11,10.921,0.17417456685191013,-0.0006304290724818263,0.04300000000000104,-0.014661141220507233,0.0716774193548387,-0.11852963240809909,-0.6976744186046343,-0.6935691098321884
2,1,14287,44,224,48.79,0.14,10.72,10.942,0.15956521739130228,-0.0007530193032307597,0.04300000000000104,-0.01751207681931957,0.06916129032258064,-0.10352588147036511,-0.465116279069756,-0.6880953648022735
2,1,14309,44,224,47.8,0.14,10.42,10.964,0.14458646616541165,-0.0008371520632373688,0.04299999999999926,-0.019468652633427515,0.0672258064516129,-0.07501875468867332,-0.23255813953488794,-0.6664284573922195
2,1,14330,68,230,46.92,0.13,10.22,10.985,0.13090879372343733,-0.0008821133064858895,0.04299999999999926,-0.020514262941532666,0.06593548387096775,-0.07501875468867332,-0.4651162790697759,-0.598766886883541
2,1,14352,68,230,46.04,0.12,9.92,11.007,0.11883949002941983,-0.0008888822570880083,0.04300000000000104,-0.020671680397395045,0.064,-0.0900225056264047,-0.46511627906975633,-0.5152922751773077
2,1,14373,68,230,45.05,0.11,9.62,11.028,0.10875122589081257,-0.0008598982280399525,0.04300000000000104,-0.019997633210230972,0.06206451612903225,-0.08852213053263097,-0.465116279069756,-0.4347065844591093
2,1,14395,68,230,44.17,0.1,9.33,11.05,0.10014710689767768,-0.0007988016926523383,0.04499999999999993,-0.017751148725607544,0.06019354838709678,-0.08458781362007177,-0.22222222222222246,-0.3936653227271032
2,1,14418,68,230,43.28,0.1,9.03,11.073,0.09103628636809295,-0.0007101696387368239,0.04499999999999993,-0.015781547527485,0.05825806451612903,-0.0716845878136202,-0.22222222222222276,-0.3914859612800075
2,1,14440,44,249,42.51,0.09,8.83,11.095,0.08253023864007737,-0.0005992573199639821,0.041999999999999815,-0.014268031427713924,0.05696774193548387,-0.0768049155145933,-0.4761904761904784,-0.376251186973642
2,1,14460,44,249,41.52,0.08,8.53,11.115,0.07523373651520006,-0.000471751389209361,0.041999999999999815,-0.011232175933556264,0.05503225806451612,-0.09062980030722001,-0.23809523809523903,-0.27638973209420814
2,1,14482,44,249,40.42,0.08,8.24,11.137,0.07092186989212068,-0.0003335335740797678,0.04299999999999926,-0.007756594746041245,0.05316129032258065,-0.08852213053263447,-0.2325581395348876,-0.12536396603237135
2,1,14503,44,249,39.32,0.07,7.94,11.158,0.06984308597580818,-0.0001904501644364194,0.04299999999999926,-0.004429073591544713,0.051225806451612906,-0.09002250562640825,-0.2325581395348876,0.0090468841466662
2,1,14525,44,249,38.33,0.07,7.64,11.18,0.07131088591042732,-4.808158026907172e-05,0.04300000000000104,-0.0011181762853272224,0.04929032258064516,-0.09002250562640453,-0.2325581395348783,0.1317500019006011
2,1,14546,254,9,37.45,0.06,7.34,11.201,0.07550833605753417,8.849097582147625e-05,0.04300000000000104,0.00205792967026684,0.04735483870967742,-0.06001500375093625,-0.2325581395348783,0.24996768969946673
2,1,14568,254,9,37.67,0.06,7.24,11.223,0.08205949656750465,0.0002149181031673777,0.04299999999999926,0.004998095422497241,0.04670967741935484,-0.015003750937734602,0.0,0.32971711381588586
2,1,14589,254,9,38.55,0.06,7.24,11.244,0.08968617195161702,0.00032780047441464613,0.041999999999999815,0.007804773200348752,0.04670967741935484,0.04608294930875585,0.23809523809523936,0.37905322311990836
2,1,14610,254,9,42.62,0.07,7.54,11.265,0.09797973193854073,0.00042486805245273905,0.045999999999999375,0.009236262009842278,0.04864516129032258,0.22300140252454723,0.8695652173913163,0.3411885100274318
2,1,14635,254,9,48.46,0.1,8.83,11.29,0.10538084341287866,0.0005050863777550116,0.04499999999999993,0.011224141727889164,0.05696774193548387,0.3985663082437283,1.5555555555555582,0.33242526606370654
2,1,14655,72,241,53.53,0.14,10.32,11.31,0.1129388689114075,0.0005686541711197713,0.04100000000000037,0.013869613929750394,0.06658064516129032,0.3273013375295014,1.4634146341463283,0.34723606471108065
2,1,14676,72,241,53.75,0.16,10.91,11.331,0.1196175220660331,0.00061686748478715,0.04299999999999926,0.014345755460166525,0.07038709677419355,0.08852213053263479,0.4651162790697752,0.32302698100154476
2,1,14698,72,241,53.2,0.16,10.91,11.353,0.1268290290944737,0.000651850783853714,0.04400000000000048,0.0148147905421297,0.07038709677419355,0.0,0.0,0.3500104014978075
2,1,14720,72,241,52.54,0.16,10.91,11.375,0.1350179797319368,0.0006761872173760235,0.04300000000000104,0.015725284125023425,0.07038709677419355,-0.01500375093773398,-0.2325581395348783,0.36620874734864084
2,1,14741,72,241,51.1,0.15,10.81,11.396,0.14257600523046562,0.0006925057817701319,0.04299999999999926,0.01610478562256148,0.06974193548387098,-0.043510877719430664,-0.23255813953488794,0.36514440803728343
2,1,14763,236,78,49.78,0.15,10.62,11.418,0.15071918927753972,0.0007030925330672631,0.04299999999999926,0.016350989141099424,0.06851612903225807,-0.058514628657165585,-0.23255813953488727,0.36491633532770407
2,1,14784,236,78,49.78,0.14,10.42,11.439,0.15826740764955663,0.0007095859604119426,0.04300000000000104,0.016501999079347105,0.0672258064516129,-0.015003750937734303,-0.23255813953487767,0.3292609683967126
2,1,14806,236,78,49.67,0.14,10.52,11.461,0.1648774109185987,0.0007127984908556986,0.04499999999999993,0.015839966463459993,0.06787096774193548,0.01433691756272395,0.0,0.28389815117503625
2,1,14829,236,78,51.32,0.14,10.52,11.484,0.17104282445243324,0.0007126827899278112,0.04499999999999993,0.015837395331729162,0.06787096774193548,0.055913978494624025,0.4444444444444449,0.2743816061893832
2,1,14851,236,78,53.64,0.16,10.91,11.506,0.17722458319712092,0.0007084376828042487,0.04299999999999926,0.0164752949489363,0.07038709677419355,0.1485371342835735,0.9302325581395504,0.34058857963919026
2,1,14872,228,81,56.17,0.18,11.51,11.527,0.18568813337691817,0.0006987279312539041,0.04299999999999926,0.016249486773346887,0.07425806451612903,0.17854463615904273,1.1627906976744384,0.46268350350091875
2,1,14894,228,81,58.15,0.21,12.1,11.549,0.19711997384766008,0.0006819778789071816,0.04300000000000104,0.015859950672259655,0.07806451612903226,0.17854463615903535,0.9302325581395127,0.598006644518249
2,1,14915,228,81,59.8,0.22,12.7,11.57,0.2114024190912035,0.0006566930769541309,0.04300000000000104,0.015271932022188722,0.08193548387096773,0.16504126031507477,0.4651162790697566,0.7184290351763869
2,1,14937,228,81,61.35,0.23,13.2,11.592,0.22801242236024546,0.0006217664003149057,0.041999999999999815,0.014803961912259725,0.08516129032258064,0.13671274961597618,0.7142857142857174,0.8058188950637402
2,1,14957,228,81,62.56,0.25,13.59,11.612,0.24524681268388043,0.0005767335480306795,0.041999999999999815,0.013731751143587668,0.0876774193548387,0.10599078341013873,0.7142857142857174,0.8090879372343837
2,1,14979,232,36,63.66,0.26,13.89,11.634,0.2619941157240894,0.0005219536235728057,0.04299999999999926,0.012138456362158481,0.08961290322580645,0.10502625656414286,0.4651162790697759,0.7425287181553509
2,1,15000,232,36,64.65,0.27,14.29,11.655,0.27717554756456,0.0004587006449342397,0.04499999999999993,0.010193347665205342,0.09219354838709677,0.11326164874551982,0.6666666666666671,0.5794195634012508
2,1,15024,232,36,65.75,0.29,14.68,11.679,0.28806799607714567,0.0003891599818122362,0.04499999999999993,0.008647999595827485,0.09470967741935483,0.09892473118279588,0.6666666666666671,0.42424902836801603
2,1,15045,232,36,66.52,0.3,14.98,11.7,0.29626675384112067,0.0003163303100123027,0.04299999999999926,0.007356518837495538,0.09664516129032258,0.07501875468867365,0.4651162790697759,0.2885880018549919
2,1,15067,232,36,67.4,0.31,15.18,11.722,0.3004772801569101,0.00024383797968439324,0.04300000000000104,0.00567065069033459,0.09793548387096775,0.07501875468867054,0.2325581395348783,0.13593133490956577
2,1,15088,32,238,68.17,0.31,15.48,11.743,0.30211180124223214,0.0001756774395349474,0.04400000000000048,0.00399266908033967,0.09987096774193549,0.05865102639296119,0.227272727272725,0.011218758358346664
2,1,15111,32,238,67.95,0.32,15.58,11.766,0.30097090552467737,0.00011589829924049155,0.04400000000000048,0.002634052255465688,0.10051612903225807,0.01466275659824022,0.227272727272725,-0.09041873458349273
2,1,15132,32,238,67.07,0.32,15.58,11.787,0.2981333769205584,6.826609765239588e-05,0.04299999999999926,0.0015875836663348153,0.10051612903225807,-0.030007501875469203,-0.4651162790697759,-0.19256939112189045
2,1,15154,32,238,64.98,0.3,15.38,11.809,0.2926904217064362,3.5929065211677266e-05,0.04299999999999926,0.0008355596560855322,0.09922580645161291,-0.07501875468867365,-0.6976744186046637,-0.2894242684567857
2,1,15175,32,238,62.78,0.29,15.08,11.83,0.28568813337691684,2.1125786483246146e-05,0.04300000000000104,0.0004912973600754799,0.09729032258064516,-0.10502625656413883,-0.6976744186046336,-0.30516128541777976
2,1,15197,225,37,60.79,0.27,14.68,11.852,0.2795684864334714,2.4966958361101633e-05,0.04499999999999993,0.0005548212969133705,0.09470967741935483,-0.08458781362007162,-0.6666666666666671,-0.2506265664160374
2,1,15220,225,37,60.57,0.26,14.49,11.875,0.2744099378881952,4.7317338467738775e-05,0.04499999999999993,0.0010514964103941966,0.09348387096774194,-0.027240143369175504,0.0,-0.1820493262140846
2,1,15242,225,37,60.57,0.27,14.49,11.897,0.2713762667538376,8.679216878520179e-05,0.04299999999999926,0.0020184225298884484,0.09348387096774194,-0.015003750937734602,0.0,-0.06462060104761433
2,1,15263,225,37,60.46,0.26,14.39,11.918,0.2716312520431478,0.00014086840386142008,0.04299999999999926,0.0032760093921261045,0.09283870967741936,-0.015003750937734602,-0.23255813953488794,0.09518234413131021
2,1,15285,225,37,60.46,0.26,14.39,11.94,0.27546910755148385,0.00020609812840734952,0.04300000000000104,0.004792979730403361,0.09283870967741936,0.0,0.0,0.24844720496893552
2,1,15306,255,36,61.01,0.26,14.39,11.961,0.2823144818568123,0.0002784014146759901,0.04300000000000104,0.006474451504092637,0.09283870967741936,0.0,0.2325581395348783,0.3879516789952487
2,1,15328,255,36,63.0,0.27,14.39,11.983,0.29215102974827994,0.00035340827537245367,0.04299999999999926,0.00821879710168511,0.09283870967741936,0.08852213053263447,0.6976744186046625,0.5266959106563186
2,1,15349,255,36,65.86,0.29,14.98,12.004,0.3049624060150336,0.0004268133693882241,0.04299999999999926,0.00992589231135422,0.09664516129032258,0.19354838709677732,1.1627906976744384,0.6646798999521075
2,1,15371,255,36,68.83,0.32,15.68,12.026,0.3207322654462201,0.0004947031970598435,0.04300000000000104,0.011504725513019337,0.10116129032258064,0.2235558889722376,1.3953488372092686,0.7519557234846189
2,1,15392,255,36,71.7,0.35,16.47,12.047,0.337296502124873,0.00055381624774766,0.04499999999999993,0.012307027727725798,0.10625806451612903,0.2121863799283157,1.1111111111111127,0.7367694598815785
2,1,15416,226,38,74.34,0.37,17.16,12.071,0.35388689114089106,0.0006017048032416099,0.04499999999999993,0.013371217849813575,0.11070967741935483,0.15627240143369198,0.8888888888888911,0.7069848534379344
2,1,15437,226,38,75.66,0.39,17.56,12.092,0.36911082052958,0.0006367830635830493,0.04300000000000104,0.014808908455419394,0.11329032258064516,0.09002250562640485,0.697674418604635,0.6886275344579611
2,1,15459,226,38,76.1,0.4,17.76,12.114,0.3834978751225841,0.0006582662454437944,0.04299999999999926,0.01530851733590246,0.11458064516129034,0.06001500375093905,0.46511627906977454,0.6692413541437039
2,1,15480,226,38,76.43,0.41,17.96,12.135,0.39788819875775877,0.0006660234771085385,0.04399999999999871,0.015136897207012685,0.11587096774193549,0.04398826979472212,0.2272727272727329,0.6075960652619785
2,1,15503,226,38,76.76,0.41,18.06,12.158,0.41023210199411037,0.0006603788842082601,0.04400000000000048,0.01500861100473302,0.11651612903225805,0.02932551319648044,0.227272727272725,0.5004606377603976
2,1,15524,240,27,76.98,0.42,18.16,12.179,0.4199084668192165,0.000641898536943632,0.04300000000000104,0.014927872952177129,0.11716129032258064,0.030007501875468606,0.2325581395348783,0.39380554520779865
2,1,15546,240,27,77.42,0.42,18.26,12.201,0.4271657404380461,0.0006111971603844495,0.04299999999999926,0.014213887450801396,0.11780645161290323,0.043510877719430664,0.23255813953488794,0.2870675171244606
2,1,15567,240,27,78.08,0.43,18.45,12.222,0.4322523700555681,0.0005687902587169055,0.04299999999999926,0.013227680435277101,0.11903225806451613,0.043510877719430664,0.23255813953488794,0.21362810463975848
2,1,15589,240,27,78.75,0.43,18.55,12.244,0.4363517489375556,0.000515007061315874,0.053000000000000824,0.009717114364450302,0.11967741935483872,0.03651856360316442,0.0,0.14969745939910867
2,1,15620,240,27,79.41,0.43,18.75,12.275,0.440186335403721,0.0004499693933435651,0.0519999999999996,0.008653257564299395,0.12096774193548387,0.062034739454094656,0.19230769230769396,0.1480498906128202
2,1,15641,233,36,80.18,0.44,19.05,12.296,0.44405034324942216,0.0003736325511823466,0.04299999999999926,0.008689129097264024,0.12290322580645162,0.060015003750938406,0.4651162790697759,0.1823061191907989
2,1,15663,233,36,80.62,0.45,19.15,12.318,0.4480254985289252,0.0002858773836617736,0.04300000000000104,0.006648311247948063,0.12354838709677418,0.03000750187546796,0.2325581395348783,0.19743494225958363
2,1,15684,233,36,80.95,0.45,19.25,12.339,0.45254004576658446,0.0001866384258853877,0.04300000000000104,0.0043404285089624,0.12419354838709677,0.030007501875468606,0.0,0.1943179485619937
2,1,15706,233,36,81.28,0.45,19.35,12.361,0.45638117031709113,7.605078097985895e-05,0.04299999999999926,0.0017686228134851224,0.12483870967741936,0.015003750937734924,0.0,0.16383222971483466
2,1,15727,233,36,81.61,0.45,19.35,12.382,0.45958483164432223,-4.540240067490231e-05,0.04399999999999871,-0.0010318727426114464,0.12483870967741936,0.029325513196481624,0.22727272727273415,0.08194894350500848
2,1,15750,62,218,81.83,0.46,19.55,12.405,0.4599869238313114,-0.00017676014186331911,0.04400000000000048,-0.004017275951439026,0.12612903225806452,0.02932551319648044,0.227272727272725,-0.038634134743973904
2,1,15771,62,218,81.61,0.46,19.55,12.426,0.45788492971558736,-0.00031648893839377834,0.04300000000000104,-0.007360207869622574,0.12612903225806452,0.0,0.0,-0.1930255365410412
2,1,15793,62,218,80.4,0.46,19.55,12.448,0.45168682576004643,-0.00046243759653559734,0.04299999999999926,-0.010754362710130356,0.12612903225806452,-0.030007501875469203,-0.23255813953488794,-0.36408006872591153
2,1,15814,62,218,78.3,0.45,19.35,12.469,0.44222948676037344,-0.0006118506851235104,0.04499999999999993,-0.013596681891633586,0.12483870967741936,-0.07168458781362005,-0.44444444444444553,-0.49202716937270286
2,1,15838,62,218,75.88,0.44,19.05,12.493,0.42954560313827483,-0.0007614425335873669,0.04499999999999993,-0.016920945190830403,0.12290322580645162,-0.08602150537634431,-0.44444444444444553,-0.6525734626421041
2,1,15859,67,250,73.79,0.43,18.75,12.514,0.4128636809414788,-0.0009075262804334194,0.04299999999999926,-0.02110526233566128,0.12096774193548387,-0.11852963240810399,-0.6976744186046637,-0.8433368557896275
2,1,15881,67,250,71.15,0.41,18.26,12.536,0.3932821183393215,-0.0010461860487433192,0.04300000000000104,-0.024329908110309162,0.11780645161290323,-0.17854463615903565,-1.1627906976743903,-0.9633791252650987
2,1,15902,67,250,67.62,0.38,17.56,12.557,0.37143837855507855,-0.0011734754665434686,0.04300000000000104,-0.027290127128917215,0.11329032258064516,-0.22355588897223794,-1.3953488372092686,-1.0724739046807736
2,1,15924,67,250,64.21,0.35,16.77,12.579,0.3471657404380471,-0.0012856228098352585,0.04299999999999926,-0.029898204879890245,0.10819354838709677,-0.23855963990998144,-1.6279069767442143,-1.1878026714916774
2,1,15945,67,250,60.9,0.31,15.97,12.6,0.3203628636809373,-0.0013792227094313017,0.04299999999999926,-0.032074946730961056,0.10303225806451613,-0.25356339084771634,-1.627906976744213,-1.2991021537666254
2,1,15967,1,242,57.93,0.28,15.08,12.622,0.29130434782608317,-0.001451397220706296,0.04300000000000104,-0.033753423737354904,0.09729032258064516,-0.2520630157539325,-1.3953488372092686,-1.342664041296315
2,1,15988,1,242,55.4,0.25,14.29,12.643,0.26262830990519437,-0.0014999147329415035,0.04299999999999926,-0.0348817379753844,0.09219354838709677,-0.23855963990998144,-1.1627906976744389,-1.3169678493503785
2,1,16010,1,242,53.2,0.23,13.49,12.665,0.23467473030401786,-0.0015232622888391098,0.04499999999999993,-0.033850273085313604,0.08703225806451613,-0.2136200716845881,-0.8888888888888905,-1.218045112781941
2,1,16033,1,242,50.99,0.21,12.8,12.688,0.2078162798300071,-0.0015206736769659201,0.045000000000001705,-0.03379274837701916,0.08258064516129032,-0.19928315412185627,-1.1111111111110694,-1.148668773382674
2,1,16055,1,242,49.12,0.18,12.1,12.71,0.18298463550179558,-0.001492120717008598,0.04299999999999926,-0.03470048179089823,0.07806451612903226,-0.17854463615904304,-1.1627906976744384,-1.1071409565369488
2,1,16076,18,251,47.58,0.16,11.61,12.731,0.16020921869891913,-0.001438277535662964,0.041999999999999815,-0.03424470323007072,0.0749032258064516,-0.16743471582181332,-0.9523809523809561,-1.0141814162735938
2,1,16097,18,251,45.93,0.14,11.01,12.752,0.14038901601830484,-0.0013604669556424459,0.0600000000000005,-0.022674449260707243,0.07103225806451613,-0.1817204301075252,-0.6666666666666613,-0.6120191783807215
2,1,16136,18,251,43.06,0.12,9.92,12.791,0.12348806799607553,-0.0012605949108718964,0.05999999999999872,-0.021009915181198723,0.064,-0.1698924731182832,-0.6666666666666811,-0.5314372888743644
2,1,16157,18,251,41.63,0.1,9.43,12.812,0.10850277868584365,-0.001141074923429562,0.04299999999999926,-0.02653662612626934,0.060838709677419354,-0.1485371342835735,-0.6976744186046632,-0.6448375742186635
2,1,16179,21,238,40.2,0.09,8.93,12.834,0.09576005230467348,-0.0010047426441548736,0.04300000000000104,-0.023366108003601147,0.05761290322580645,-0.1350337584396068,-0.2325581395348783,-0.5569535567938856
2,1,16200,21,238,39.21,0.09,8.53,12.855,0.084553775743706,-0.0008547611826150341,0.04300000000000104,-0.01987816703755845,0.05503225806451612,-0.11852963240809909,-0.232558139534878,-0.4717303876475645
2,1,16222,21,238,38.33,0.08,8.14,12.877,0.07547564563582772,-0.0006945197239976153,0.04499999999999993,-0.015433771644391477,0.052516129032258066,-0.09892473118279572,-0.4444444444444449,-0.37078202753259537
2,1,16245,21,238,37.45,0.07,7.84,12.9,0.06786858450473923,-0.0005275285398077605,0.04499999999999993,-0.011722856440172475,0.05058064516129032,-0.0716845878136202,-0.22222222222222246,-0.27111256401873945
2,1,16267,21,238,36.79,0.07,7.64,12.922,0.06327558025498446,-0.00035731260338597794,0.04299999999999926,-0.008309595427581026,0.04929032258064516,-0.07501875468867349,-0.23255813953488794,-0.14391387974486344
2,1,16288,220,72,36.13,0.06,7.34,12.943,0.06168028767571021,-0.0001873048027433173,0.04299999999999926,-0.0043559256451935,0.04735483870967742,-0.060015003750938725,-0.23255813953488794,-0.041129111960893354
2,1,16310,220,72,36.24,0.06,7.24,12.965,0.06150702844066608,-2.073936630102757e-05,0.04300000000000104,-0.0004823108442099319,0.04670967741935484,-0.01500375093773398,0.0,0.05253274743988181
2,1,16331,220,72,36.35,0.06,7.24,12.986,0.06393919581562518,0.00013945284337395147,0.041999999999999815,0.0033203057946179066,0.04670967741935484,0.0,0.0,0.16890051214993887
2,1,16352,220,72,37.23,0.06,7.24,13.007,0.06860084995096348,0.0002907430430486677,0.041999999999999815,0.00692245340592069,0.04670967741935484,0.01536098310291856,0.23809523809523936,0.25047089774124554
2,1,16373,220,72,39.65,0.07,7.34,13.028,0.07445897352075745,0.0004310897503677058,0.04300000000000104,0.01002534303180687,0.04735483870967742,0.10502625656413851,0.46511627906975633,0.32021408425004677
2,1,16395,218,21,42.29,0.08,7.94,13.05,0.08237005557371582,0.0005589996303594198,0.04299999999999926,0.012999991403707662,0.051225806451612906,0.1635408852213081,0.4651162790697752,0.40011555683952194
2,1,16416,218,21,44.61,0.09,8.43,13.071,0.0916639424648566,0.0006735509852298227,0.04499999999999993,0.014967799671773863,0.054387096774193545,0.1706093189964161,0.44444444444444525,0.44270095528676295
2,1,16440,218,21,47.03,0.1,9.13,13.095,0.10229159856162012,0.0007743678835913493,0.04499999999999993,0.0172081751909189,0.05890322580645162,0.15770609318996437,0.6666666666666677,0.4994369982928282
2,1,16461,218,21,48.9,0.12,9.53,13.116,0.11413860738803383,0.0008615382973889698,0.04299999999999926,0.020035774357883365,0.06148387096774193,0.14853713428357318,0.6976744186046632,0.5542166842789507
2,1,16483,218,21,50.44,0.13,10.12,13.138,0.1261229159856146,0.0009354786693509087,0.04300000000000104,0.021755317891881072,0.06529032258064515,0.1485371342835672,0.4651162790697566,0.5881234937697917
2,1,16504,222,59,51.87,0.14,10.52,13.159,0.13942791762013548,0.0009967573597323707,0.04299999999999926,0.023180403714706692,0.06787096774193548,0.13353338334583892,0.6976744186046632,0.6083459406858928
2,1,16526,222,59,53.31,0.16,11.01,13.181,0.15228179143510753,0.001045897561849067,0.04299999999999926,0.024323199112769416,0.07103225806451613,0.13353338334583892,0.6976744186046632,0.5988429111200676
2,1,16547,222,59,54.52,0.17,11.41,13.202,0.16517816279829795,0.0010831850414239881,0.04300000000000104,0.025190349800557257,0.07361290322580645,0.10502625656413851,0.465116279069756,0.5977785718086703
2,1,16569,222,59,55.73,0.18,11.71,13.224,0.17798627002288098,0.0011085072251642973,0.04299999999999926,0.025779237794518985,0.0755483870967742,0.1035258814703694,0.6976744186046632,0.5891118088446623
2,1,16590,222,59,56.83,0.2,12.1,13.245,0.190509970578618,0.0011212479284697743,0.04299999999999926,0.026075533220227758,0.07806451612903226,0.1035258814703694,0.4651162790697759,0.5907843420482479
2,1,16612,237,58,57.71,0.2,12.4,13.267,0.2033899967309552,0.0011202565613399624,0.04499999999999993,0.024894590251999204,0.08,0.10035842293906827,0.22222222222222215,0.6062983545821012
2,1,16635,237,58,58.92,0.21,12.8,13.29,0.2177933965348125,0.0011039024253430422,0.04499999999999993,0.024531165007623198,0.08258064516129032,0.1290322580645165,0.6666666666666677,0.6729868148632367
2,1,16657,237,58,60.57,0.23,13.3,13.312,0.2336744033998008,0.0010702147169916252,0.04300000000000104,0.024888714348641847,0.08580645161290323,0.13353338334583306,0.6976744186046343,0.7654880375863524
2,1,16678,237,58,62.01,0.24,13.69,13.333,0.25070938215102645,0.0010170985487143493,0.04300000000000104,0.023653454621263365,0.08832258064516128,0.13353338334583306,0.6976744186046343,0.8269156206998486
2,1,16700,237,58,63.55,0.26,14.19,13.355,0.26923177508989515,0.0009426081141238321,0.041999999999999815,0.022443050336281814,0.0915483870967742,0.13824884792626804,0.7142857142857181,0.8729899282367346
2,1,16720,253,39,64.76,0.27,14.59,13.375,0.28737495913696914,0.000845250911682836,0.041999999999999815,0.02012502170673428,0.09412903225806452,0.13671274961597585,0.7142857142857167,0.8269120004981327
2,1,16742,253,39,66.41,0.29,15.08,13.397,0.3039620791108166,0.0007242918959318949,0.04299999999999926,0.0168439975798118,0.09729032258064516,0.1635408852213081,0.9302325581395504,0.7319613492781519
2,1,16763,253,39,68.39,0.31,15.68,13.418,0.31884929715592913,0.0005800236402543799,0.04299999999999926,0.01348892186638116,0.10116129032258064,0.17854463615904304,0.9302325581395517,0.6063693105362021
2,1,16785,253,39,70.49,0.33,16.27,13.44,0.3300359594638728,0.0004139687130198375,0.04300000000000104,0.00962717937255413,0.10496774193548387,0.16354088522130136,0.930232558139512,0.4239871671088582
2,1,16806,253,39,72.47,0.35,16.77,13.461,0.3370807453416105,0.00022898466133871765,0.04300000000000104,0.0053252246822956305,0.10819354838709677,0.14853713428356738,0.930232558139512,0.24434189619649804
2,1,16828,58,251,74.12,0.37,17.26,13.483,0.3405426610003225,2.9251129964183775e-05,0.04499999999999993,0.000650025110315196,0.11135483870967743,0.09892473118279618,0.44444444444444553,0.02462678435218491
2,1,16851,58,251,73.68,0.37,17.46,13.506,0.3381889506374588,-0.00017986761796959884,0.04499999999999993,-0.003997058177102203,0.11264516129032259,0.01433691756272395,-0.22222222222222276,-0.2053684936980108
2,1,16873,58,251,71.04,0.36,17.36,13.528,0.331301078783912,-0.0003920749327956905,0.04299999999999926,-0.009118021692923192,0.112,-0.07351837959490051,-0.6976744186046625,-0.4067296654173352
2,1,16894,58,251,67.62,0.34,16.97,13.549,0.3206995750245137,-0.000600482418462498,0.04299999999999926,-0.013964707406104844,0.10948387096774193,-0.19354838709677763,-1.1627906976744384,-0.6173168005960324
2,1,16916,58,251,64.1,0.31,16.07,13.571,0.3047564563582831,-0.0007979998721121006,0.04300000000000104,-0.018558136560746077,0.1036774193548387,-0.25356339084770557,-1.3953488372092686,-0.8009153318077508
2,1,16937,66,238,60.68,0.28,15.28,13.592,0.28626021575677957,-0.0009777299278735043,0.04300000000000104,-0.02273790529938327,0.09858064516129032,-0.23705926481619818,-1.3953488372092686,-0.9537240472262213
2,1,16959,66,238,57.71,0.25,14.49,13.614,0.26374632232755457,-0.001133326522771812,0.04299999999999926,-0.026356430762135615,0.09348387096774194,-0.23855963990998177,-1.395348837209327,-1.0719417350251317
2,1,16980,66,238,55.18,0.22,13.69,13.635,0.2401667211506997,-0.0012592880957643527,0.04299999999999926,-0.02928576966893894,0.08832258064516128,-0.20855213803451225,-1.1627906976744384,-1.1307844940967227
2,1,17002,66,238,53.09,0.2,13.1,13.657,0.21512258908139634,-0.0013511722623712021,0.04400000000000048,-0.030708460508436074,0.08451612903225807,-0.17448680351905957,-0.9090909090908993,-1.125516360070108
2,1,17024,66,238,51.1,0.18,12.5,13.679,0.1906440013076144,-0.0014057336266631833,0.04499999999999993,-0.031238525036959678,0.08064516129032258,-0.1849462365591402,-0.8888888888888905,-1.0605499255384718
2,1,17047,48,243,49.23,0.16,11.81,13.702,0.16739784243216518,-0.0014209968476080767,0.04499999999999993,-0.031577707724623975,0.07619354838709677,-0.17060931899641593,-0.6666666666666677,-0.9570302568014138
2,1,17069,48,243,47.58,0.15,11.31,13.724,0.14757763975155086,-0.0013962818704178197,0.04299999999999926,-0.032471671405066134,0.07296774193548387,-0.15003750937734664,-0.6976744186046632,-0.8778518591727072
2,1,17090,48,243,46.04,0.13,10.81,13.745,0.12965021248773942,-0.0013321980385340665,0.04299999999999926,-0.030981349733350916,0.06974193548387098,-0.1635408852213081,-0.9302325581395507,-0.7662482799516517
2,1,17112,48,243,44.61,0.11,10.22,13.767,0.1146289637136304,-0.0012306200203991403,0.04300000000000104,-0.02861907024183978,0.06593548387096775,-0.14853713428356738,-0.46511627906975633,-0.6632354394580748
2,1,17133,48,243,43.17,0.11,9.82,13.788,0.10113108859104152,-0.0010946524251525193,0.04300000000000104,-0.02545703314308123,0.06335483870967742,-0.13353338334583323,-0.46511627906975633,-0.5935972387997073
2,1,17155,21,254,41.96,0.09,9.33,13.81,0.08910428244524238,-0.0009285828338742821,0.041999999999999815,-0.022109115092244908,0.06019354838709678,-0.15207373271889474,-0.4761904761904784,-0.5428166690016922
2,1,17175,21,254,40.64,0.09,8.83,13.83,0.07833278849297054,-0.000737816006853409,0.041999999999999815,-0.0175670477822241,0.05696774193548387,-0.13824884792626804,-0.47619047619047805,-0.4580550755771377
2,1,17197,21,254,39.21,0.07,8.43,13.852,0.06986596927100268,-0.0005287765135237885,0.04299999999999926,-0.012297128221483664,0.054387096774193545,-0.11852963240810431,-0.4651162790697752,-0.34058857963919026
2,1,17218,21,254,37.89,0.07,8.04,13.873,0.06368747956848561,-0.0003087641031780848,0.04499999999999993,-0.006861424515068561,0.051870967741935475,-0.11326164874551982,-0.22222222222222276,-0.20769314590824645
2,1,17242,21,254,36.57,0.06,7.64,13.897,0.0605197777051316,-8.574663933379867e-05,0.04499999999999993,-0.0019054808740844179,0.04929032258064516,-0.11469534050179206,-0.22222222222222276,-0.060731538992408185
2,1,17263,241,21,35.36,0.06,7.24,13.918,0.06095456031382725,0.00013192016560726927,0.04299999999999926,0.003067910828076082,0.04670967741935484,-0.07501875468867349,-0.2325581395348876,0.09449812600257018
2,1,17285,241,21,35.69,0.05,7.14,13.94,0.06458319712324205,0.0003358484756095228,0.04300000000000104,0.007810429665337551,0.04606451612903226,-0.015003750937734142,0.0,0.265248561241314
2,1,17306,241,21,35.69,0.06,7.14,13.961,0.07236024844720403,0.0005180395163812665,0.04300000000000104,0.012047430613517535,0.04606451612903226,0.0,0.232558139534878,0.42467138523759823
2,1,17328,241,21,38.99,0.06,7.14,13.983,0.08284406668845921,0.000671345581765463,0.04299999999999926,0.015612687948034292,0.04606451612903226,0.13503375843961204,0.46511627906977554,0.5285204923329584
2,1,17349,241,21,43.17,0.08,8.04,14.004,0.09508662961752085,0.0007899337091570065,0.04299999999999926,0.018370551375744653,0.051870967741935475,0.2835708927231856,0.9302325581395511,0.6417205805210728
2,1,17371,221,0,47.47,0.1,9.03,14.026,0.11043805165086487,0.0008697009181999427,0.041999999999999815,0.020707164719046347,0.05825806451612903,0.31950844854070803,1.1904761904761958,0.7468983016547512
2,1,17391,221,0,50.88,0.13,10.12,14.046,0.12645635828702026,0.0009085876723745052,0.041999999999999815,0.021633039818440697,0.06529032258064515,0.2887864823348709,1.1904761904761954,0.7893180155357268
2,1,17413,221,0,53.42,0.15,10.91,14.068,0.14358940830336525,0.0009067440023771418,0.04499999999999993,0.020149866719492072,0.07038709677419355,0.2136200716845881,0.8888888888888905,0.7443972249464155
2,1,17436,221,0,55.51,0.17,11.61,14.091,0.1599542334096089,0.0008665210018702006,0.04499999999999993,0.019256022263782265,0.0749032258064516,0.17060931899641593,0.8888888888888905,0.7133050016345127
2,1,17458,221,0,57.16,0.19,12.1,14.113,0.17568813337691827,0.0007922840596345715,0.04300000000000104,0.018425210689175638,0.07806451612903226,0.1335333833458334,0.6976744186046343,0.6748671476466449
2,1,17479,15,224,58.48,0.2,12.5,14.134,0.18897352075841534,0.0006900666539309804,0.04300000000000104,0.016048061719324738,0.08064516129032258,0.10502625656413851,0.465116279069756,0.5274561530215643
2,1,17501,15,224,58.26,0.21,12.8,14.156,0.1983687479568461,0.0005671004887899489,0.04299999999999926,0.013188383460231597,0.08258064516129032,0.045011252813204124,0.23255813953488727,0.32097432661532527
2,1,17522,15,224,57.93,0.21,12.8,14.177,0.2027754168028741,0.00043126805084290254,0.04299999999999926,0.010029489554486277,0.08258064516129032,0.0,0.0,0.1306096383527068
2,1,17544,15,224,57.71,0.21,12.8,14.199,0.20398496240601238,0.0002905278933804016,0.04300000000000104,0.006756462636753363,0.08258064516129032,0.0,0.0,-0.08187810273914889
2,1,17565,15,224,57.05,0.21,12.8,14.22,0.1992546583850906,0.00015236202047146463,0.04300000000000104,0.0035433028016618826,0.08258064516129032,-0.015003750937734303,-0.23255813953487767,-0.3185415510464615
2,1,17587,51,255,56.17,0.2,12.7,14.242,0.1902876757110142,2.328975182832771e-05,0.04299999999999926,0.0005416221355425142,0.08193548387096773,-0.030007501875469526,-0.4651162790697752,-0.4557652979769973
2,1,17608,51,255,54.74,0.19,12.6,14.263,0.17965675057208005,-9.151495917685004e-05,0.04499999999999993,-0.0020336657594855596,0.08129032258064516,-0.08602150537634401,-0.44444444444444553,-0.4591914569031224
2,1,17632,51,255,52.76,0.18,12.1,14.287,0.16962406015037373,-0.00018847400689129756,0.04499999999999993,-0.004188311264251064,0.07806451612903226,-0.14193548387096802,-0.6666666666666677,-0.4326758926301214
2,1,17653,51,255,50.33,0.16,11.61,14.308,0.16018633540372462,-0.00026570343315494507,0.04299999999999926,-0.006179149608254643,0.0749032258064516,-0.1635408852213081,-0.9302325581395504,-0.38468263682462084
2,1,17675,51,255,48.35,0.14,11.01,14.33,0.15308270676691532,-0.0003229502288818171,0.04300000000000104,-0.007510470439111845,0.07103225806451613,-0.16354088522130136,-0.9302325581395127,-0.30059983122618356
2,1,17696,239,40,46.48,0.12,10.52,14.351,0.14726054266099842,-0.00036137245027350495,0.04299999999999926,-0.008404010471477003,0.06787096774193548,-0.1035258814703694,-0.4651162790697759,-0.2299733154929809
2,1,17718,239,40,46.48,0.12,10.32,14.373,0.1431938542007173,-0.0003831848988986088,0.04299999999999926,-0.00891127671857245,0.06658064516129032,-0.045011252813203805,0.0,-0.14376183127181033
2,1,17739,239,40,46.48,0.12,10.22,14.394,0.14107878391631068,-0.00039121077027070504,0.04300000000000104,-0.009097924890016177,0.06593548387096775,-0.01500375093773398,-0.232558139534878,-0.06788964321825472
2,1,17761,239,40,47.91,0.11,10.22,14.416,0.1402745995423323,-0.000388394572903767,0.04299999999999926,-0.009032431927994737,0.06593548387096775,0.060015003750938725,0.23255813953488794,-0.008058569071819585
2,1,17782,239,40,50.66,0.13,10.62,14.437,0.14073226544622244,-0.0003773396664480089,0.041999999999999815,-0.008984277772571679,0.06851612903225807,0.16743471582181332,1.1904761904761958,0.05144849701894432
2,1,17803,11,241,53.86,0.16,11.31,14.458,0.14243543641712794,-0.0003599326980120967,0.041999999999999815,-0.008569826143145198,0.07296774193548387,0.1520737327188944,0.9523809523809568,0.08966515668052016
2,1,17824,11,241,53.53,0.17,11.61,14.479,0.14449820202680427,-0.00033710594720826845,0.045999999999999375,-0.007328390156701588,0.0749032258064516,0.04207573632538601,0.21739130434782925,0.06609150475432439
2,1,17849,11,241,53.31,0.17,11.61,14.504,0.14547564563582682,-0.00030876769767609067,0.04600000000000115,-0.00671234125382789,0.0749032258064516,-0.014025245441794796,0.0,0.03745185269411601
2,1,17870,11,241,52.42,0.17,11.51,14.525,0.14622098725073365,-0.0002739040064868341,0.041999999999999815,-0.00652152396397227,0.07425806451612903,-0.03072196620583712,-0.4761904761904787,-0.03339093074300617
2,1,17891,11,241,51.1,0.15,11.41,14.546,0.14407322654462057,-0.00023082927945189445,0.041999999999999815,-0.0054959352250451305,0.07361290322580645,-0.046082949308755686,-0.4761904761904787,-0.1606500723859329
2,1,17912,67,247,49.89,0.15,11.21,14.567,0.1394736842105245,-0.0001775437626701901,0.04300000000000104,-0.004128924713260136,0.0723225806451613,-0.07501875468867023,-0.23255813953487767,-0.2644883188760478
2,1,17934,67,247,48.57,0.14,10.91,14.589,0.13270022883295024,-0.00011214541039526438,0.04299999999999926,-0.002608032799889914,0.07038709677419355,-0.08852213053263479,-0.4651162790697752,-0.32097432661532593
2,1,17955,67,247,47.25,0.13,10.62,14.61,0.12567178816606572,-3.3240430552215374e-05,0.04299999999999926,-0.0007730332686561848,0.06851612903225807,-0.1035258814703694,-0.4651162790697759,-0.3034887522142077
2,1,17977,67,247,46.04,0.12,10.22,14.632,0.11965021248773954,5.970042977193835e-05,0.04300000000000104,0.001388382087719463,0.06593548387096775,-0.10502625656413851,-0.46511627906975633,-0.2707983305077565
2,1,17998,67,247,44.83,0.11,9.92,14.653,0.11402745995423191,0.00016608488989820812,0.04300000000000104,0.003862439299958235,0.064,-0.0900225056264047,-0.465116279069756,-0.1927214395949356
2,1,18020,245,14,43.72,0.1,9.62,14.675,0.1113631905851571,0.000284073919535647,0.04499999999999993,0.006312753767458832,0.06206451612903225,-0.055913978494623866,-0.44444444444444525,-0.013003523301005647
2,1,18043,245,14,43.84,0.09,9.53,14.698,0.11344230140568666,0.00041060453704359825,0.04499999999999993,0.009124545267635531,0.06148387096774193,-0.027240143369175504,0.0,0.19810395554102417
2,1,18065,245,14,43.84,0.1,9.43,14.72,0.12027786858450318,0.0005415583773318283,0.04400000000000048,0.012308144939359597,0.060838709677419354,0.0,0.227272727272725,0.40350381883561715
2,1,18087,245,14,47.03,0.1,9.53,14.742,0.131196469434454,0.0006720548584418573,0.04299999999999926,0.015629182754462064,0.06148387096774193,0.14853713428357335,0.6976744186046632,0.5993750807757532
2,1,18108,245,14,50.66,0.13,10.42,14.763,0.14605099705786012,0.0007968304426908404,0.041999999999999815,0.018972153397401045,0.0672258064516129,0.2734254992319522,1.4285714285714348,0.7538255576830211
2,1,18129,242,69,54.41,0.16,11.31,14.784,0.16285714285714076,0.0009106526170171669,0.04299999999999926,0.021177967837608898,0.07296774193548387,0.28207051762941243,1.3953488372093263,0.846605897960274
2,1,18151,242,69,57.93,0.19,12.3,14.806,0.18245505067015128,0.001008712590764297,0.04299999999999926,0.023458432343356147,0.07935483870967742,0.2835708927231856,1.3953488372093263,0.9352501577502939
2,1,18172,242,69,60.9,0.22,13.2,14.827,0.2030728996404027,0.0010869469871023724,0.04300000000000104,0.025277836909356886,0.08516129032258064,0.25356339084770557,1.1627906976743903,0.986186396223079
2,1,18194,242,69,63.33,0.24,13.99,14.849,0.2248610657077447,0.0011422548196025133,0.04299999999999926,0.02656406557215193,0.09025806451612903,0.20855213803451225,0.9302325581395511,1.0086135459984684
2,1,18215,242,69,65.42,0.26,14.59,14.87,0.2464432821183361,0.001172596886467799,0.04499999999999993,0.026057708588173353,0.09412903225806452,0.1849462365591402,0.8888888888888911,0.9543423776833281
2,1,18239,234,60,67.51,0.28,15.28,14.894,0.2678064727034944,0.0011769846854404217,0.04499999999999993,0.026155215232009414,0.09858064516129032,0.15627240143369198,0.8888888888888898,0.9228142820820063
2,1,18260,234,60,68.72,0.3,15.68,14.915,0.2879699248120263,0.0011553812177136412,0.04299999999999926,0.026869330644503746,0.10116129032258064,0.11852963240810399,0.6976744186046625,0.9116066201905207
2,1,18282,234,60,69.6,0.31,16.07,14.937,0.3070055573716861,0.001108545147530169,0.04400000000000048,0.025194207898412653,0.1036774193548387,0.08651026392961793,0.45454545454545,0.853962970667755
2,1,18304,234,60,70.49,0.32,16.27,14.959,0.32554429552140796,0.00103785268891688,0.04300000000000104,0.024136109044578025,0.10496774193548387,0.07501875468867054,0.4651162790697566,0.7866987995772747
2,1,18325,234,60,71.26,0.33,16.57,14.98,0.34083360575350974,0.0009451287512217022,0.04300000000000104,0.02197973840050417,0.10690322580645162,0.07501875468867023,0.4651162790697566,0.6952416430357734
2,1,18347,255,33,71.92,0.34,16.77,15.002,0.35543968617194693,0.0008325111280013502,0.04299999999999926,0.019360723907008475,0.10819354838709677,0.07501875468867332,0.46511627906977454,0.6337380356857805
2,1,18368,255,33,72.91,0.35,17.07,15.023,0.36808434128799783,0.0007023604789419622,0.04299999999999926,0.01633396462655754,0.11012903225806452,0.08852213053263479,0.6976744186046625,0.5375673764796253
2,1,18390,255,33,74.34,0.37,17.36,15.045,0.3785550833605704,0.0005572168441777698,0.04300000000000104,0.012958531259947823,0.112,0.10352588147036544,0.697674418604635,0.4353147783513218
2,1,18411,255,33,75.77,0.38,17.76,15.066,0.3868028767571051,0.00039979284939705193,0.04499999999999993,0.008884285542156724,0.11458064516129034,0.11469534050179221,0.6666666666666683,0.2996621989756962
2,1,18435,255,33,77.31,0.4,18.16,15.09,0.39203988231447673,0.00023298664023697668,0.04499999999999993,0.005177480894155046,0.11716129032258064,0.09892473118279556,0.6666666666666671,0.16367004467690904
2,1,18456,0,235,78.64,0.41,18.45,15.111,0.394168028767566,5.989532730075098e-05,0.04299999999999926,0.0013929145883895815,0.11903225806451613,0.058514628657165585,0.46511627906977454,0.014444604940056715
2,1,18478,0,235,78.19,0.42,18.55,15.133,0.39266100032689916,-0.00011618732412553356,0.04299999999999926,-0.002702030793617106,0.11967741935483872,0.015003750937734924,0.0,-0.13060963835270872
2,1,18499,0,235,76.43,0.41,18.55,15.154,0.38855181431839964,-0.0002917982045670229,0.04300000000000104,-0.006786004757372462,0.11967741935483872,-0.04351087771942887,-0.6976744186046336,-0.25354082881621925
2,1,18521,0,235,73.57,0.39,18.26,15.176,0.38175874468780147,-0.000463357756248211,0.04299999999999926,-0.010775761773214394,0.11780645161290323,-0.11852963240810399,-0.6976744186046625,-0.3982149509263562
2,1,18542,0,235,70.6,0.38,17.76,15.197,0.3714285714285666,-0.0006272415636845388,0.041999999999999815,-0.014934322944870036,0.11458064516129034,-0.1536098310291866,-0.9523809523809574,-0.5859368919192327
2,1,18563,65,224,67.84,0.35,17.26,15.218,0.3571493952271938,-0.0007798597542460257,0.04200000000000159,-0.01856808938680943,0.11135483870967743,-0.16743471582180622,-1.1904761904761452,-0.7474431420164943
2,1,18584,65,224,65.53,0.33,16.67,15.239,0.34003595946387266,-0.0009177339379213834,0.04299999999999926,-0.021342649719102304,0.10754838709677421,-0.1485371342835735,-0.9302325581395504,-0.8546644670320942
2,1,18606,65,224,63.66,0.31,16.27,15.261,0.3203988231448144,-0.0010375660703620363,0.045999999999999375,-0.022555784138305442,0.10496774193548387,-0.12482468443197971,-0.869565217391317,-0.8923063803175236
2,1,18630,65,224,61.9,0.29,15.78,15.285,0.29898986596926713,-0.0011363000649840594,0.04499999999999993,-0.02525111255520136,0.10180645161290322,-0.14193548387096802,-0.8888888888888898,-0.9844175656532521
2,1,18651,65,224,60.13,0.27,15.28,15.306,0.2761000326904181,-0.0012111823106429912,0.041999999999999815,-0.02883767406292849,0.09858064516129032,-0.1382488479262677,-0.9523809523809561,-1.081975124145759
2,1,18672,53,255,58.7,0.25,14.88,15.327,0.25354691075514546,-0.0012598294138393164,0.04300000000000104,-0.029298358461378744,0.096,-0.13353338334583306,-0.697674418604635,-1.043584694800664
2,1,18694,53,255,56.94,0.24,14.39,15.349,0.23122589081398848,-0.001280309952982991,0.04299999999999926,-0.029774650069372396,0.09283870967741936,-0.16354088522130844,-0.6976744186046632,-1.000478952690122
2,1,18715,53,255,54.85,0.22,13.79,15.37,0.21052631578947095,-0.0012712424510138032,0.04299999999999926,-0.02956377793055407,0.08896774193548386,-0.19354838709677763,-1.1627906976744384,-0.933957745729342
2,1,18737,53,255,52.54,0.19,13.1,15.392,0.19106570774762746,-0.0012319054793109654,0.04300000000000104,-0.02864896463513804,0.08451612903225807,-0.20855213803450331,-1.1627906976743903,-0.8939689973163114
2,1,18758,53,255,50.33,0.17,12.4,15.413,0.17208564890486863,-0.0011623496930362248,0.04300000000000104,-0.02703138821014411,0.08,-0.19354838709676964,-0.6976744186046343,-0.8365706987387272
2,1,18780,53,234,48.46,0.16,11.81,15.435,0.15509316770186132,-0.001063497601222739,0.04299999999999926,-0.02473250235401761,0.07619354838709677,-0.17854463615904273,-0.6976744186046632,-0.7655640618229123
2,1,18801,53,234,46.92,0.14,11.21,15.456,0.13916639424648397,-0.000937215941541103,0.04299999999999926,-0.021795719570723703,0.0723225806451613,-0.1635408852213081,-0.9302325581395511,-0.719493374487789
2,1,18823,53,234,45.71,0.12,10.72,15.478,0.12415495259888693,-0.0007863471881456121,0.04499999999999993,-0.017474381958791408,0.06916129032258064,-0.1275985663082441,-0.666666666666668,-0.6261305437506739
2,1,18846,53,234,44.5,0.11,10.32,15.501,0.11099051977770369,-0.000614689795440528,0.04499999999999993,-0.013659773232011754,0.06658064516129032,-0.11469534050179221,-0.4444444444444449,-0.5269695979078074
2,1,18868,53,234,43.5,0.1,9.92,15.523,0.10044132069303563,-0.00042692036805416225,0.04300000000000104,-0.009928380652422138,0.064,-0.10502625656413868,-0.46511627906975633,-0.4027764051179366
2,1,18889,222,55,42.51,0.09,9.62,15.544,0.093671134357632,-0.00022845478803187901,0.04300000000000104,-0.005312902047252872,0.06206451612903225,-0.05851462865716301,-0.2325581395348783,-0.22396740080736927
2,1,18911,222,55,42.84,0.09,9.53,15.566,0.09081072245831852,-2.5249602017161977e-05,0.04299999999999926,-0.0005872000469107538,0.06148387096774193,-0.02850712678169574,0.0,-0.008134593308347118
2,1,18932,222,55,42.84,0.09,9.43,15.587,0.09332134684537308,0.00017645016023609905,0.04299999999999926,0.004103492098514002,0.060838709677419354,-0.015003750937734602,0.0,0.21917787390620244
2,1,18954,222,55,43.28,0.09,9.43,15.609,0.10023537103628506,0.0003704052390236168,0.04300000000000104,0.008614075326130415,0.060838709677419354,0.01500375093773398,0.2325581395348783,0.3912207211658937
2,1,18975,222,55,45.05,0.1,9.53,15.63,0.11014383785550691,0.0005507014252086897,0.041999999999999815,0.01311193869544505,0.06148387096774193,0.07526881720430145,0.4761904761904784,0.5412599822537661
2,1,18996,243,79,47.25,0.11,9.92,15.651,0.12296829029094314,0.000712071147313516,0.041999999999999815,0.016954074936036168,0.064,0.13671274961597601,0.47619047619047805,0.6840859913759496
2,1,19017,243,79,50.11,0.12,10.42,15.672,0.13887544949329667,0.0008501892798552344,0.045999999999999375,0.018482375649027084,0.0672258064516129,0.20897615708275172,0.869565217391316,0.7290674701877573
2,1,19042,243,79,53.86,0.15,11.41,15.697,0.15650539391957952,0.0009619115679413977,0.045999999999999375,0.02091112104220458,0.07361290322580645,0.2636746143057542,1.3043478260869743,0.7844279886862715
2,1,19063,243,79,57.05,0.18,12.3,15.718,0.17495913697286467,0.001045424848452905,0.04200000000000159,0.02489106782030632,0.07935483870967742,0.27496159754223226,1.4285714285713744,0.8961067264433923
2,1,19084,243,79,60.02,0.21,13.2,15.739,0.19414187643020342,0.001100285421199576,0.041999999999999815,0.026197271933323354,0.08516129032258064,0.25960061443932503,1.190476190476196,0.913697286694991
2,1,19105,223,55,62.67,0.23,13.99,15.76,0.21333442301405411,0.0011273355726783816,0.04299999999999926,0.026217106341358164,0.09025806451612903,0.20855213803451225,0.9302325581395511,0.8746588412385904
2,1,19127,223,55,64.32,0.25,14.59,15.782,0.23175220660346216,0.001128505815873524,0.04300000000000104,0.026244321299383647,0.09412903225806452,0.14853713428356738,0.6976744186046343,0.8528398853554194
2,1,19148,223,55,65.42,0.26,14.98,15.803,0.25000653808433804,0.0011065276684453344,0.04299999999999926,0.025733201591752405,0.09664516129032258,0.1035258814703694,0.4651162790697759,0.8124710157598286
2,1,19170,223,55,66.19,0.27,15.28,15.825,0.2666884602811342,0.001064594700054192,0.04299999999999926,0.02475801628033047,0.09858064516129032,0.07501875468867365,0.4651162790697759,0.7267917011943443
2,1,19191,223,55,66.85,0.28,15.48,15.846,0.2812585812356943,0.0010060155260909732,0.04300000000000104,0.023395709909091834,0.09987096774193549,0.06001500375093625,0.46511627906975533,0.6362468354911305
2,1,19213,235,3,67.51,0.29,15.68,15.868,0.29404707420725346,0.0009339007142199698,0.04499999999999993,0.02075334920488825,0.10116129032258064,0.07025089605734766,0.4444444444444443,0.5361229159856098
2,1,19236,235,3,68.39,0.3,15.97,15.891,0.3053841124550467,0.0008509174038125345,0.04499999999999993,0.018909275640278573,0.10303225806451613,0.08458781362007192,0.44444444444444553,0.45962732919254135
2,1,19258,235,3,69.27,0.31,16.27,15.913,0.3147303040209178,0.0007591334017825915,0.04299999999999926,0.01765426515773499,0.10496774193548387,0.07501875468867332,0.4651162790697759,0.44458973520758505
2,1,19279,235,3,70.16,0.32,16.47,15.934,0.32450147106897254,0.0006599595960198279,0.04299999999999926,0.015347897581856727,0.10625806451612903,0.06001500375093905,0.4651162790697759,0.4563734918692104
2,1,19301,235,3,70.93,0.33,16.67,15.956,0.3343543641712935,0.0005541879561486275,0.04300000000000104,0.012888092003456144,0.10754838709677421,0.06001500375093657,0.4651162790697566,0.4559933706865578
2,1,19322,240,29,71.7,0.34,16.87,15.977,0.344109186008495,0.00044211298704266964,0.04300000000000104,0.010281697373085092,0.10883870967741936,0.06001500375093592,0.46511627906975533,0.44306925047703544
2,1,19344,240,29,72.47,0.35,17.07,15.999,0.3534063419418065,0.0003237170661215245,0.04299999999999926,0.007528303863291397,0.11012903225806452,0.07351837959489986,0.23255813953488663,0.39623832077666493
2,1,19365,240,29,73.24,0.35,17.36,16.02,0.3611474338018913,0.00019889449454723617,0.04300000000000104,0.00462545336156352,0.112,0.05851462865716317,0.2325581395348783,0.3143602180374971
2,1,19387,240,29,74.01,0.36,17.46,16.042,0.3669238313174192,6.768578518783741e-05,0.04299999999999926,0.001574088027624153,0.11264516129032259,0.06001500375093905,0.4651162790697759,0.19553433634642803
2,1,19408,240,29,74.67,0.37,17.76,16.063,0.36955541026478755,-6.950665323768845e-05,0.04499999999999815,-0.0015445922941709179,0.11458064516129034,0.05734767025089806,0.44444444444446307,0.04307871127093414
2,1,19432,63,238,75.44,0.38,17.86,16.087,0.36886237332461114,-0.00021174741532855635,0.045000000000001705,-0.004705498118412185,0.1152258064516129,0.02867383512544677,0.222222222222214,-0.10649812938141814
2,1,19453,63,238,75.33,0.38,17.96,16.108,0.36476299444262356,-0.0003574616333996872,0.04299999999999926,-0.008313061241853333,0.11587096774193549,0.015003750937734924,0.0,-0.26950591848681515
2,1,19475,63,238,73.35,0.38,17.96,16.13,0.3572736188296783,-0.0005044046782696121,0.04299999999999926,-0.011730341355107459,0.11587096774193549,-0.045011252813204124,-0.4651162790697759,-0.424519336764562
2,1,19496,63,238,71.04,0.36,17.66,16.151,0.3465086629617477,-0.0006497093659066949,0.04200000000000159,-0.015469270616825482,0.11393548387096775,-0.12288786482334428,-0.9523809523809158,-0.5988573919269922
2,1,19517,63,238,68.06,0.34,17.16,16.172,0.33212160836874366,-0.0007900017549788281,0.04200000000000159,-0.018809565594733287,0.11070967741935483,-0.152073732718888,-0.9523809523809158,-0.743240087797094
2,1,19538,4,246,65.53,0.32,16.67,16.193,0.31529257927426857,-0.000921568448488161,0.04299999999999926,-0.02143182438344597,0.10754838709677421,-0.1635408852213081,-1.1627906976744395,-0.8437930012087889
2,1,19560,4,246,62.78,0.29,16.07,16.215,0.29583850931676636,-0.0010405540498106536,0.04299999999999926,-0.02419893139094585,0.1036774193548387,-0.19354838709677763,-1.1627906976744384,-0.9476421083041318
2,1,19581,4,246,60.13,0.27,15.38,16.236,0.2745439686171916,-0.0011431674938835491,0.04299999999999926,-0.026585290555431833,0.09922580645161291,-0.20855213803451225,-1.1627906976744384,-1.0344617864175156
2,1,19603,4,246,57.71,0.24,14.68,16.258,0.25135665250081396,-0.00122587930264066,0.045999999999999375,-0.026649550057406015,0.09470967741935483,-0.1949509116409567,-1.0869565217391455,-1.0179513054848857
2,1,19627,4,246,55.51,0.22,13.99,16.282,0.2277182085648875,-0.0012855968637638692,0.045000000000001705,-0.028568819194751568,0.09025806451612903,-0.1849462365591326,-0.8888888888888548,-1.0519777705131852
2,1,19648,2,255,53.2,0.2,13.39,16.303,0.20401765282771883,-0.0013198103740963561,0.04299999999999926,-0.030693264513869275,0.08638709677419355,-0.19354838709677763,-0.9302325581395511,-1.0730060743365029
2,1,19670,2,255,51.1,0.18,12.7,16.325,0.18157894736841868,-0.0013267070802363374,0.04299999999999926,-0.030853653028752565,0.08193548387096773,-0.19354838709677763,-0.9302325581395511,-1.003747994860766
2,1,19691,2,255,49.12,0.16,12.1,16.346,0.16085648904870664,-0.0013052549553827912,0.04299999999999926,-0.030354766404251478,0.07806451612903226,-0.17854463615904273,-0.9302325581395504,-0.8873548887385332
2,1,19713,2,255,47.36,0.14,11.51,16.368,0.1434226871526624,-0.001255258541102597,0.04299999999999926,-0.02919205909540973,0.07425806451612903,-0.17854463615904273,-0.6976744186046632,-0.7860145814485691
2,1,19734,2,255,45.49,0.13,10.91,16.389,0.12705786204641875,-0.0011773895959098831,0.043000000000002814,-0.027381153393251305,0.07038709677419355,-0.17854463615902796,-0.6976744186046058,-0.7092301025566395
2,1,19756,43,241,43.95,0.11,10.32,16.411,0.1129257927427249,-0.001073194048149448,0.04299999999999926,-0.024958001119755033,0.06658064516129032,-0.1635408852213081,-0.6976744186046632,-0.6268198301618584
2,1,19777,43,241,42.62,0.1,9.82,16.432,0.1001046093494593,-0.0009450752581214452,0.04199999999999804,-0.02250179186003546,0.06335483870967742,-0.13671274961598182,-0.47619047619049854,-0.5695916810660383
2,1,19798,43,241,41.52,0.09,9.43,16.453,0.08900294213795241,-0.0007962523608707777,0.04200000000000159,-0.01895838954454161,0.060838709677419354,-0.12135176651305249,-0.47619047619045823,-0.4810940394464173
2,1,19819,43,241,40.53,0.08,9.03,16.474,0.07989865969270901,-0.000630691724007054,0.045999999999999375,-0.013710689652327447,0.05825806451612903,-0.09817671809256781,-0.4347826086956579,-0.34921898318575273
2,1,19844,43,241,39.43,0.07,8.73,16.499,0.07293886891140801,-0.0004530091960867484,0.04499999999999815,-0.010066871024150378,0.056322580645161296,-0.10035842293907207,-0.22222222222223123,-0.24888307725837078
2,1,19864,217,43,38.44,0.07,8.33,16.519,0.06869892121608279,-0.00026834088404601174,0.04200000000000159,-0.0063890686677619424,0.05374193548387097,-0.07526881720429826,0.0,-0.15239963262191947
2,1,19886,217,43,38.77,0.07,8.24,16.541,0.06653808434128715,-8.218121903092701e-05,0.043000000000002814,-0.0019111911402539916,0.05316129032258065,-0.013503375843960025,0.0,-0.03611151235013428
2,1,19907,217,43,38.77,0.07,8.24,16.562,0.06714612618502691,9.981044186459975e-05,0.04299999999999926,0.0023211730666186387,0.05316129032258065,0.0,-0.23255813953488794,0.07245109740985423
2,1,19929,217,43,39.32,0.06,8.24,16.584,0.06965348152991083,0.0002720297714272988,0.04299999999999926,0.006326273754123336,0.05316129032258065,0.0,0.0,0.1715106776040211
2,1,19950,217,43,41.19,0.07,8.24,16.605,0.07452108532199969,0.00042916516855009946,0.04299999999999926,0.009980585315118763,0.05316129032258065,0.058514628657165266,0.23255813953488794,0.2767282209568422
2,1,19972,218,14,43.28,0.07,8.63,16.627,0.08155279503105484,0.0005664407778074789,0.04299999999999926,0.0131730413443602,0.05567741935483871,0.11852963240810382,0.4651162790697752,0.3835422732767221
2,1,19993,218,14,45.38,0.09,9.03,16.648,0.09101340307289846,0.000679849222438298,0.043000000000002814,0.015810447033447757,0.05825806451612903,0.1485371342835609,0.6976744186046054,0.49316922234804567
2,1,20015,218,14,47.25,0.1,9.62,16.67,0.10275907159202219,0.0007663563057091789,0.045000000000001705,0.017030140126869996,0.06206451612903225,0.15627240143368581,0.6666666666666414,0.5564636228251508
2,1,20038,218,14,49.12,0.12,10.12,16.693,0.1160542661000312,0.0008240602360999194,0.04499999999999815,0.01831244969111007,0.06529032258064515,0.12903225806452143,0.666666666666694,0.6206821401329587
2,1,20060,218,14,50.77,0.13,10.52,16.715,0.13068976789800418,0.0008522913595686922,0.046999999999997044,0.018133858714228634,0.06787096774193548,0.12216884008236885,0.42553191489364417,0.6276560967636798
2,1,20085,232,39,52.31,0.14,11.01,16.74,0.1455541026479223,0.0008516438745668946,0.0470000000000006,0.018120082437593273,0.07103225806451613,0.1221688400823596,0.6382978723404173,0.6210484583336072
2,1,20107,232,39,53.86,0.16,11.41,16.762,0.1598790454396841,0.00082393649165172,0.043000000000002814,0.019161313759341072,0.07361290322580645,0.13503375843960122,0.6976744186046054,0.6568494035898118
2,1,20128,232,39,55.62,0.17,11.91,16.783,0.17379862700228604,0.0007721030547707546,0.04199999999999804,0.018383406065971206,0.07683870967741936,0.1674347158218204,0.7142857142857476,0.6356730335154872
2,1,20149,232,39,57.38,0.19,12.5,16.804,0.1865773128473333,0.0007000168924213952,0.04199999999999804,0.016667068867176855,0.08064516129032258,0.15207373271890084,0.7142857142857476,0.5431280063513005
2,1,20170,232,39,58.81,0.2,12.9,16.825,0.1966100032690396,0.000612255397797199,0.043000000000002814,0.014238497623189742,0.0832258064516129,0.13353338334582787,0.6976744186046054,0.40741388354604224
2,1,20192,69,230,60.35,0.22,13.39,16.847,0.20409610983981427,0.0005138153702534574,0.04299999999999926,0.011949194657057354,0.08638709677419355,0.1035258814703694,0.4651162790697752,0.2813656993849655
2,1,20213,69,230,60.13,0.22,13.59,16.868,0.2087087283425929,0.00040979532773217285,0.04499999999999815,0.009106562838493103,0.0876774193548387,0.02867383512544903,0.0,0.1546620173622512
2,1,20237,69,230,59.91,0.22,13.59,16.892,0.2110559006211153,0.00030506730688998474,0.045000000000001705,0.0067792734864438485,0.0876774193548387,0.0,0.0,0.04409574661290642
2,1,20258,69,230,58.92,0.22,13.59,16.913,0.21069303694017377,0.00020396561873245922,0.04299999999999926,0.004743386482150296,0.0876774193548387,-0.030007501875469203,-0.23255813953488794,-0.05549769266442157
2,1,20280,69,230,57.71,0.21,13.39,16.935,0.2086694998365452,0.00011002159723603988,0.04299999999999926,0.0025586417961870177,0.08638709677419355,-0.043510877719430345,-0.4651162790697752,-0.16679717493937096
2,1,20301,2,225,56.5,0.2,13.3,16.956,0.20352075841778094,2.5770569066500217e-05,0.043000000000002814,0.0005993155596860124,0.08580645161290323,-0.04351087771942707,-0.23255813953486806,-0.27900894805261733
2,1,20323,2,225,55.4,0.2,13.1,16.978,0.19667211507028187,-4.734938485196594e-05,0.04299999999999926,-0.0011011484849294594,0.08451612903225807,-0.06001500375093905,-0.23255813953488794,-0.31192744246866005
2,1,20344,2,225,54.52,0.19,12.9,16.999,0.1901078783916288,-0.00010899626247524808,0.04299999999999926,-0.002534796801749999,0.0832258064516129,-0.06001500375093905,-0.4651162790697759,-0.30599755201958556
2,1,20366,2,225,53.75,0.18,12.7,17.021,0.18351422033343992,-0.00015981965857178438,0.043000000000002814,-0.0037167362458552077,0.08193548387096773,-0.07501875468866713,-0.4651162790697368,-0.26692109444488865
2,1,20387,2,225,52.87,0.17,12.4,17.042,0.17863027133049783,-0.0002012615891852114,0.04299999999999926,-0.004680502074074764,0.08,-0.060015003750938406,-0.23255813953488727,-0.19963964511886503
2,1,20409,233,52,52.2,0.17,12.3,17.064,0.17492971559332887,-0.0002352802634428297,0.04499999999999815,-0.005228450298729764,0.07935483870967742,-0.02867383512544934,-0.22222222222223154,-0.11594202898551047
2,1,20432,233,52,52.31,0.16,12.2,17.087,0.17341288002615007,-0.00026402264601116344,0.045000000000001705,-0.005867169911358965,0.07870967741935483,-0.028673835125447078,-0.222222222222214,-0.034579201627254336
2,1,20454,233,52,52.2,0.16,12.1,17.109,0.17337365152010237,-0.0002894783097279205,0.04299999999999926,-0.0067320537146029185,0.07806451612903226,-0.015003750937734602,0.0,0.00965507803887903
2,1,20475,233,52,52.2,0.16,12.1,17.13,0.17382804838182186,-0.00031315119339200235,0.04299999999999926,-0.007282585892837389,0.07806451612903226,0.015003750937734602,0.0,0.04447417836806375
2,1,20497,233,52,54.19,0.16,12.2,17.152,0.17528604118992908,-0.0003357867266860346,0.04299999999999926,-0.0078089936438614045,0.07870967741935483,0.060015003750938725,0.4651162790697752,0.06256794666139551
2,1,20518,53,237,56.28,0.18,12.5,17.173,0.17651847008826183,-0.0003571889228226084,0.04199999999999804,-0.008504498162443454,0.08064516129032258,0.07680491551459638,0.7142857142857476,0.011519481934650312
2,1,20539,53,237,56.17,0.19,12.7,17.194,0.17576985943118437,-0.0003761548783583955,0.04200000000000159,-0.00895606853234241,0.08193548387096773,0.030721966205835824,0.23809523809522928,-0.06094428618128794
2,1,20560,53,237,55.95,0.19,12.7,17.215,0.17395881006864763,-0.0003905422041416173,0.04299999999999926,-0.009082376840502884,0.08193548387096773,0.0,0.0,-0.13456289865209067
2,1,20582,53,237,55.18,0.19,12.7,17.237,0.16998365478914457,-0.0003974691058008322,0.04299999999999926,-0.009243467576763698,0.08193548387096773,-0.015003750937734602,-0.23255813953488794,-0.2283768065259221
2,1,20603,53,237,53.86,0.18,12.6,17.258,0.16413860738803315,-0.0003936297479396629,0.04600000000000293,-0.008557168433470388,0.08129032258064516,-0.042075736325382765,-0.4347826086956243,-0.3019600039796805
2,1,20628,53,255,52.76,0.17,12.4,17.283,0.15609349460607838,-0.0003756922523413522,0.045000000000001705,-0.008348716718696398,0.08,-0.08458781362006827,-0.4444444444444274,-0.3758672042424705
2,1,20648,53,255,50.99,0.16,12.01,17.303,0.14722458319712134,-0.0003407352660311975,0.04199999999999804,-0.008112744429314605,0.07748387096774194,-0.13671274961598198,-0.7142857142857476,-0.44552374725635424
2,1,20670,53,255,49.12,0.14,11.51,17.325,0.13738149722131238,-0.00028667257045091076,0.04299999999999926,-0.0066668039639747835,0.07425806451612903,-0.15003750937734697,-0.6976744186046632,-0.46526832754282316
2,1,20691,53,255,47.36,0.13,11.01,17.346,0.1272180451127803,-0.0002126145892172513,0.04299999999999926,-0.004944525330633836,0.07103225806451613,-0.1485371342835735,-0.6976744186046635,-0.44626226841117134
2,1,20713,53,255,45.6,0.11,10.52,17.368,0.11819221967963234,-0.0001191215717015961,0.04299999999999926,-0.0027702691093394916,0.06787096774193548,-0.13353338334583892,-0.9302325581395511,-0.38194576430966326
2,1,20734,232,40,43.95,0.09,10.12,17.389,0.11079437724746505,-8.315349804457028e-06,0.043000000000002814,-0.00019338022801061592,0.06529032258064515,-0.09002250562640049,-0.46511627906973707,-0.24137695097195128
2,1,20756,232,40,44.17,0.09,9.92,17.411,0.10781301078783775,0.0001161668004322074,0.04299999999999926,0.002701553498423474,0.064,-0.030007501875469203,0.0,-0.038316215209408894
2,1,20777,232,40,44.17,0.09,9.92,17.432,0.1091467799934605,0.00024937408721941877,0.04299999999999926,0.005799397377195885,0.064,-0.015003750937734602,0.23255813953488794,0.15204847305321023
2,1,20799,232,40,45.49,0.1,9.82,17.454,0.11435109512912568,0.000385379983072232,0.043000000000002814,0.00896232518772574,0.06335483870967742,0.030007501875466722,0.46511627906973707,0.33397447106134776
2,1,20820,232,40,48.24,0.11,10.12,17.475,0.12350768224909939,0.0005177208537995206,0.04499999999999815,0.011504907862212041,0.06529032258064515,0.14193548387097363,0.666666666666694,0.47582724928264
2,1,20844,239,42,51.1,0.13,10.81,17.499,0.1357633213468436,0.0006398893298450706,0.045999999999999375,0.01391063760532781,0.06974193548387098,0.1949509116409564,0.869565217391316,0.5924072942280094
2,1,20866,239,42,53.97,0.15,11.51,17.521,0.15075841778358745,0.0007458303258463879,0.043000000000002814,0.017344891298752073,0.07425806451612903,0.22355588897222836,0.9302325581394741,0.7512715053558485
2,1,20887,239,42,56.72,0.17,12.3,17.542,0.1680679960771472,0.0008303883792081326,0.04299999999999926,0.019311357656003416,0.07935483870967742,0.22355588897224715,1.1627906976744389,0.8395356439632987
2,1,20909,239,42,59.25,0.2,13.0,17.564,0.18685845047400867,0.0008896633477305524,0.04299999999999926,0.020689845296059713,0.08387096774193549,0.20855213803451192,1.1627906976744384,0.8875069372115869
2,1,20930,239,42,61.46,0.22,13.69,17.585,0.20623079437724479,0.0009212459364855921,0.04299999999999926,0.021424324104316463,0.08832258064516128,0.19354838709677732,0.9302325581395504,0.8791442711936605
2,1,20952,224,29,63.55,0.24,14.29,17.607,0.22466165413533543,0.0009243215469125676,0.04299999999999926,0.021495849928199615,0.09219354838709677,0.1485371342835735,0.6976744186046632,0.8236465785292383
2,1,20973,224,29,64.87,0.25,14.68,17.628,0.24164759725400142,0.0008996470830446626,0.04299999999999926,0.020922025187085535,0.09470967741935483,0.11852963240810399,0.4651162790697759,0.7641956255654335
2,1,20995,224,29,65.75,0.26,15.08,17.65,0.2575220660346485,0.0008494182283926719,0.04200000000000159,0.020224243533158087,0.09729032258064516,0.09216589861750814,0.47619047619045857,0.7374025124923745
2,1,21015,224,29,66.41,0.27,15.28,17.67,0.2726185027786823,0.000777052952925617,0.045000000000001705,0.01726784339834639,0.09858064516129032,0.057347670250894156,0.444444444444428,0.6300533943554227
2,1,21040,224,29,67.07,0.28,15.48,17.695,0.2858744687806436,0.0006869200896377432,0.045999999999999375,0.014933045426907664,0.09987096774193549,0.05610098176718165,0.43478260869565727,0.534275196497861
2,1,21061,233,18,67.62,0.29,15.68,17.716,0.2971951618175836,0.0005840401105577672,0.04199999999999804,0.013905716918042725,0.10116129032258064,0.06144393241167718,0.47619047619049754,0.46646118401595527
2,1,21082,233,18,68.28,0.3,15.88,17.737,0.3054658385093128,0.0004737799993431384,0.04199999999999804,0.011280476174837156,0.10245161290322581,0.059907834101385254,0.47619047619049887,0.3392020423730245
2,1,21103,233,18,69.05,0.31,16.07,17.758,0.31144164759724996,0.00036155725315113686,0.043000000000002814,0.008408308212816585,0.1036774193548387,0.07351837959489411,0.2325581395348687,0.21043508670562608
2,1,21125,233,18,69.71,0.31,16.37,17.78,0.3145145472376553,0.00025256160135231907,0.04299999999999926,0.005873525612844731,0.10561290322580646,0.07501875468867365,0.23255813953488794,0.10476139793366171
2,1,21146,233,18,70.38,0.32,16.57,17.801,0.31594638770839734,0.00015149869642619508,0.04299999999999926,0.003523225498283667,0.10690322580645162,0.045011252813204124,0.4651162790697759,0.026076313128625746
2,1,21168,42,236,71.04,0.33,16.67,17.823,0.3156358287021862,6.235874875626734e-05,0.043000000000002814,0.0014502034594479829,0.10754838709677421,0.030007501875466722,0.2325581395348687,-0.055801789610521915
2,1,21189,42,236,70.82,0.33,16.77,17.844,0.31354691075514474,-1.1785246730166676e-05,0.04299999999999926,-0.0002740755053527181,0.10819354838709677,0.015003750937734277,0.0,-0.13859218318800015
2,1,21211,42,236,69.83,0.33,16.77,17.866,0.3096763648251023,-6.894148466264838e-05,0.04499999999999815,-0.0015320329925033603,0.10819354838709677,-0.02867383512544903,-0.44444444444446307,-0.1868439213977036
2,1,21234,42,236,67.4,0.31,16.57,17.889,0.3051389342922484,-0.00010831343159059158,0.045000000000001705,-0.0024069651464574994,0.10690322580645162,-0.07168458781361722,-0.666666666666642,-0.22345719370889944
2,1,21256,42,236,65.09,0.3,16.27,17.911,0.29962079110820145,-0.00013034929574237352,0.04299999999999926,-0.0030313789707529246,0.10496774193548387,-0.11852963240810431,-0.6976744186046625,-0.25278058645096085
2,1,21277,230,38,62.89,0.28,15.78,17.932,0.2942693690748573,-0.0001367124236024999,0.04299999999999926,-0.003179358688430285,0.10180645161290322,-0.11852963240810399,-0.46511627906977454,-0.23856405422048674
2,1,21299,230,38,62.78,0.28,15.48,17.954,0.2893625367767207,-0.00013016279872658386,0.043000000000002814,-0.0030270418308505896,0.09987096774193549,-0.045011252813200085,-0.2325581395348687,-0.21066315941520608
2,1,21320,230,38,62.78,0.27,15.48,17.975,0.28521085322000284,-0.0001143490905839677,0.04299999999999926,-0.0026592811763713874,0.09987096774193549,0.0,-0.23255813953488794,-0.16755741730463852
2,1,21342,230,38,62.67,0.27,15.48,17.997,0.28215756783262136,-9.35225597208813e-05,0.04299999999999926,-0.0021749432493228583,0.09987096774193549,0.0,0.0,-0.11570888799349328
2,1,21363,230,38,62.67,0.27,15.48,18.018,0.2802353710362827,-7.21948080289554e-05,0.04299999999999926,-0.0016789490239292242,0.09987096774193549,0.0,0.0,-0.04857948714050011
2,1,21385,230,21,63.55,0.27,15.48,18.04,0.2800686498855799,-5.4767827383980006e-05,0.04299999999999926,-0.0012736704042786266,0.09987096774193549,0.0,0.23255813953488794,0.04911165679618766
2,1,21406,230,21,64.43,0.28,15.48,18.061,0.28234717227851874,-4.5166681558500346e-05,0.045000000000001705,-0.001003704034633303,0.09987096774193549,0.014336917562723385,0.44444444444442677,0.12059133340597308
2,1,21430,230,21,65.42,0.29,15.58,18.085,0.2854952598888489,-4.650415354118742e-05,0.045000000000001705,-0.0010334256342485703,0.10051612903225807,0.04301075268817015,0.22222222222221277,0.16984490211033973
2,1,21451,230,21,66.3,0.29,15.78,18.106,0.2899901928734843,-6.0804359326750655e-05,0.04299999999999926,-0.001414054868063993,0.10180645161290322,0.058514628657165266,0.23255813953488794,0.1770604468704625
2,1,21473,230,21,67.07,0.3,15.97,18.128,0.29310885910427864,-8.880878949052296e-05,0.04299999999999926,-0.002065320685826151,0.10303225806451613,0.058514628657165585,0.23255813953488794,0.1299254202239687
2,1,21494,0,227,67.73,0.3,16.17,18.149,0.2955769859431149,-0.00012988265647362064,0.04299999999999926,-0.0030205268947354155,0.1043225806451613,0.030007501875469526,0.0,0.03633958505971599
2,1,21516,0,227,67.51,0.3,16.17,18.171,0.2946714612618464,-0.0001820313053217042,0.04299999999999926,-0.0042332861702722635,0.1043225806451613,0.0,0.0,-0.08849221131697006
2,1,21537,0,227,67.07,0.3,16.17,18.192,0.29177182085648523,-0.00024202649755408068,0.04299999999999926,-0.005628523198932206,0.1043225806451613,-0.015003750937734924,0.0,-0.19614253023863923
2,1,21559,0,227,65.75,0.3,16.07,18.214,0.28623733246158506,-0.0003056322901133246,0.04299999999999926,-0.007107727677054183,0.1036774193548387,-0.030007501875469526,-0.23255813953488794,-0.28737161407056555
2,1,21580,0,227,64.21,0.29,15.97,18.235,0.2794148414514511,-0.0003679116439625485,0.043000000000002814,-0.008556084743314521,0.10303225806451613,-0.05851462865716043,-0.4651162790697361,-0.3751796072587646
2,1,21602,28,238,62.78,0.28,15.68,18.257,0.2701046093494571,-0.00042358858291304815,0.045000000000001705,-0.009413079620289602,0.10116129032258064,-0.08458781362006827,-0.6666666666666408,-0.44393592677343396
2,1,21625,28,238,61.13,0.26,15.38,18.28,0.25943772474664584,-0.00046743674263500346,0.04499999999999815,-0.01038748316966717,0.09922580645161291,-0.11469534050179675,-0.6666666666666946,-0.47909629145328536
2,1,21647,28,238,59.25,0.25,14.88,18.302,0.24854527623406017,-0.00049466359005846,0.04299999999999926,-0.011503804419964384,0.096,-0.13353338334583892,-0.6976744186046632,-0.49780670077620903
2,1,21668,28,238,57.6,0.23,14.49,18.323,0.23803203661326922,-0.0005012608798141916,0.04299999999999926,-0.011657229763120934,0.09348387096774194,-0.13353338334583892,-0.6976744186046632,-0.499327185506741
2,1,21690,28,238,55.95,0.22,13.99,18.345,0.22707420725727068,-0.0004842963798544897,0.04299999999999926,-0.01126270650824414,0.09025806451612903,-0.13503375843961238,-0.6976744186046632,-0.48495860480321307
2,1,21711,217,62,54.52,0.2,13.59,18.366,0.2171788166067314,-0.000442129225892403,0.043000000000002814,-0.010282075020752885,0.0876774193548387,-0.07501875468866713,-0.4651162790697368,-0.42147836730346333
2,1,21733,217,62,54.63,0.2,13.49,18.388,0.20895063746322057,-0.0003745403093434341,0.04299999999999926,-0.008710239752173035,0.08703225806451613,-0.030007501875469203,0.0,-0.37685214046238064
2,1,21754,217,62,54.63,0.2,13.39,18.409,0.20097417456684932,-0.0002827780002355791,0.04299999999999926,-0.0065762325636182315,0.08638709677419355,-0.015003750937734602,0.0,-0.3243954172590242
2,1,21776,217,62,54.63,0.2,13.39,18.431,0.19500163452108277,-0.00016952607073367966,0.043000000000002814,-0.003942466761248107,0.08638709677419355,0.0,-0.2325581395348687,-0.22594403095705146
2,1,21797,217,62,54.63,0.19,13.39,18.452,0.19125858123569547,-3.8803399045445275e-05,0.045999999999999375,-0.0008435521531618653,0.08638709677419355,0.0,0.0,-0.12365507341131644
2,1,21822,217,65,55.07,0.2,13.39,18.477,0.1893135011441623,0.00010419592954351664,0.045999999999999375,0.0022651289031199577,0.08638709677419355,0.0,0.21739130434782925,-0.0023451824267671766
2,1,21843,217,65,56.06,0.2,13.39,18.498,0.19115070284406419,0.0002533163610685687,0.04299999999999926,0.00589107816438542,0.08638709677419355,0.0,0.0,0.16732934459505786
2,1,21865,217,65,56.94,0.2,13.39,18.52,0.19650866296174965,0.0004017051467722901,0.04299999999999926,0.009341980157495279,0.08638709677419355,0.015003750937734602,0.0,0.3357230285014883
2,1,21886,217,65,57.49,0.2,13.49,18.541,0.20558679306962793,0.0005421241775941042,0.04299999999999926,0.012607539013816593,0.08703225806451613,0.045011252813203805,0.23255813953488727,0.4908884952522882
2,1,21908,217,65,58.15,0.21,13.69,18.563,0.21761686825759768,0.0006673038768983109,0.04299999999999926,0.015518694811588891,0.08832258064516128,0.045011252813203805,0.4651162790697752,0.6088020861050528
2,1,21929,255,86,58.7,0.22,13.79,18.584,0.23176528277214475,0.0007703285326868699,0.043000000000002814,0.01791461703922836,0.08896774193548386,0.06001500375093409,0.2325581395348687,0.6864228315986596
2,1,21951,255,86,60.35,0.22,14.09,18.606,0.24713305001634198,0.0008450355749655234,0.04299999999999926,0.019651990115477625,0.09090322580645162,0.1485371342835735,0.6976744186046632,0.7546925959996088
2,1,21972,255,86,63.33,0.25,14.78,18.627,0.2642170644001274,0.0008864037234379065,0.04299999999999926,0.020614040079951667,0.09535483870967741,0.20855213803451225,1.1627906976744389,0.8590738727506362
2,1,21994,255,86,66.52,0.27,15.48,18.649,0.2840732265446187,0.0008908983223935554,0.04400000000000048,0.020247689145307855,0.09987096774193549,0.21847507331378085,1.1363636363636236,0.930265386787103
2,1,22016,255,86,69.71,0.3,16.27,18.671,0.30514874141876036,0.0008567391900556114,0.053000000000000824,0.01616489037840751,0.10496774193548387,0.21667681071210862,1.3207547169811116,0.7738377938282736
2,1,22047,228,22,73.57,0.34,17.26,18.702,0.32508662961751783,0.0007840595074844891,0.053000000000000824,0.01479357561291466,0.11135483870967743,0.18137553256238326,1.1320754716980956,0.7322654462242341
2,1,22069,228,22,75.11,0.36,17.76,18.724,0.34395881006864537,0.0006749344027289617,0.04299999999999926,0.015696148900673796,0.11458064516129034,0.10502625656414286,0.6976744186046625,0.8107224583197153
2,1,22090,228,22,75.77,0.37,17.96,18.745,0.359947695325265,0.0005332730779020487,0.04299999999999926,0.012401699486094368,0.11587096774193549,0.04501125281320348,0.4651162790697759,0.6366269566737905
2,1,22112,228,22,76.21,0.38,18.06,18.767,0.3713337692056179,0.00036458448692118495,0.04299999999999926,0.008478708998167238,0.11651612903225805,0.045011252813204124,0.23255813953488794,0.41805727665980186
2,1,22133,228,22,76.65,0.38,18.26,18.788,0.37792415822163616,0.0001756390138825772,0.04299999999999926,0.004084628229827447,0.11780645161290323,0.045011252813204124,0.23255813953488794,0.17979731938542134
2,1,22155,42,247,76.98,0.39,18.36,18.81,0.3790650539391909,-2.5945132991228805e-05,0.04299999999999926,-0.0006033751858425408,0.1184516129032258,0.015003750937734277,0.23255813953488794,-0.07860906056850972
2,1,22176,42,247,76.76,0.39,18.36,18.831,0.3745439686171903,-0.00023216062031041672,0.04400000000000048,-0.005276377734327595,0.1184516129032258,-0.014662756598239905,0.0,-0.36999613658651703
2,1,22199,42,247,74.12,0.39,18.26,18.854,0.36278522392938395,-0.0004350844541252741,0.04400000000000048,-0.009888283048301576,0.11780645161290323,-0.05865102639296088,-0.6818181818181749,-0.6393206335997944
2,1,22220,42,247,70.82,0.36,17.96,18.875,0.34641386073879904,-0.0006273348223105693,0.045000000000001705,-0.013940773829123234,0.11587096774193549,-0.17060931899640952,-1.3333333333332829,-0.8261959245940514
2,1,22244,42,247,66.74,0.33,17.07,18.899,0.3256064073226502,-0.0008024783014304084,0.045000000000001705,-0.017832851142897288,0.11012903225806452,-0.22795698924730304,-1.3333333333332829,-0.9847807925610633
2,1,22265,28,249,63.44,0.3,16.37,18.92,0.3020987250735495,-0.000955354584358826,0.04299999999999926,-0.02221754847346145,0.10561290322580646,-0.22355588897224685,-1.3953488372093263,-1.1047842052046237
2,1,22287,28,249,60.35,0.27,15.58,18.942,0.2781006864988522,-0.0010822905855741674,0.04299999999999926,-0.025169548501725255,0.10051612903225807,-0.23855963990998208,-1.3953488372093263,-1.1273634034530255
2,1,22308,28,249,57.49,0.24,14.78,18.963,0.25362209872507024,-0.001181186033089018,0.04299999999999926,-0.027469442629977633,0.09535483870967741,-0.22355588897224685,-1.1627906976744389,-1.1421881295757135
2,1,22330,28,249,54.85,0.22,14.09,18.985,0.22898659692709739,-0.0012514666663136786,0.04299999999999926,-0.029103875960783725,0.09090322580645162,-0.20855213803451192,-1.1627906976744384,-1.1404395721356009
2,1,22351,28,249,52.42,0.19,13.39,19.006,0.20458319712324025,-0.0012939155875311226,0.04299999999999926,-0.030091060175142903,0.08638709677419355,-0.20855213803451256,-1.1627906976744384,-1.1068368595908424
2,1,22373,8,229,50.22,0.17,12.7,19.028,0.18139261196469197,-0.0013104054761944965,0.04299999999999926,-0.03047454595801207,0.08193548387096773,-0.19354838709677763,-0.9302325581395511,-1.0268593627648546
2,1,22394,8,229,48.79,0.15,12.1,19.049,0.16042824452435225,-0.0013035631243544898,0.043000000000002814,-0.030315421496614058,0.07806451612903226,-0.1635408852212946,-0.6976744186046054,-0.8989865969270299
2,1,22416,8,229,47.47,0.14,11.61,19.071,0.14273618829682716,-0.0012764029811362114,0.045000000000001705,-0.028364510691914733,0.0749032258064516,-0.12759856630823874,-0.4444444444444274,-0.7096727325559908
2,1,22439,8,229,46.37,0.13,11.21,19.094,0.12849297155933145,-0.001231968207056891,0.04499999999999815,-0.027377071267932034,0.0723225806451613,-0.10035842293907192,-0.44444444444446307,-0.5925683774654191
2,1,22461,8,229,45.49,0.12,10.91,19.116,0.11607061131088439,-0.0011730159552637272,0.04299999999999926,-0.027279440820087146,0.07038709677419355,-0.10352588147036972,-0.46511627906977554,-0.5235789169587285
2,1,22482,48,243,44.5,0.11,10.52,19.137,0.10597907813010651,-0.001101777960590958,0.04299999999999926,-0.025622743269557605,0.06787096774193548,-0.1035258814703694,-0.4651162790697752,-0.4518120376776134
2,1,22504,48,243,43.5,0.1,10.22,19.159,0.09664269369074735,-0.0010198183681591785,0.04199999999999804,-0.024281389718076814,0.06593548387096775,-0.09216589861751559,-0.47619047619049854,-0.3976556297576377
2,1,22524,48,243,42.4,0.09,9.92,19.179,0.08927754168028651,-0.000927999299679568,0.04200000000000159,-0.02209522142094126,0.064,-0.10599078341013442,-0.47619047619045823,-0.3326639580317084
2,1,22546,48,243,41.41,0.08,9.53,19.201,0.08267080745341507,-0.0008265525915487935,0.043000000000002814,-0.01922215329183115,0.06148387096774193,-0.10352588147036083,-0.2325581395348684,-0.2911728258968732
2,1,22567,48,243,40.31,0.08,9.23,19.222,0.07675711016672014,-0.0007152448914202516,0.04299999999999926,-0.01663360212605265,0.059548387096774194,-0.10502625656414269,-0.2325581395348876,-0.2757399058819962
2,1,22589,17,243,39.43,0.07,8.83,19.244,0.07081399150048943,-0.0005936139287211511,0.04299999999999926,-0.013804975086538634,0.05696774193548387,-0.10502625656414301,-0.2325581395348876,-0.27596797859157557
2,1,22610,17,243,38.55,0.07,8.53,19.265,0.0648904870872826,-0.0004612470286231849,0.045000000000001705,-0.01024993396940372,0.05503225806451612,-0.08458781362006842,-0.222222222222214,-0.2694417202426216
2,1,22634,17,243,37.67,0.06,8.24,19.289,0.058689114089571004,-0.00031806920334546973,0.045999999999999375,-0.006914547898814653,0.05316129032258065,-0.08274894810659279,-0.21739130434782925,-0.24645735321290044
2,1,22656,17,243,36.79,0.06,7.94,19.311,0.05355344883948933,-0.0001646073993755115,0.04299999999999926,-0.0038280790552445193,0.051225806451612906,-0.07501875468867349,0.0,-0.18587925830754964
2,1,22677,17,243,36.02,0.06,7.74,19.332,0.05069630598234651,-2.1994489963272913e-06,0.04299999999999926,-5.1149976658775095e-05,0.049935483870967745,-0.07501875468867349,-0.2325581395348876,-0.08796004166128202
2,1,22699,222,0,35.36,0.05,7.44,19.354,0.04977116704805427,0.00016687920095694687,0.04299999999999926,0.003880911650161622,0.048,-0.060015003750938885,0.0,0.02478390110767336
2,1,22720,222,0,35.58,0.06,7.34,19.375,0.05176201372997644,0.00033939079368932126,0.04299999999999926,0.007892809155565747,0.04735483870967742,-0.015003750937734763,0.0,0.17303116233455285
2,1,22742,222,0,35.58,0.05,7.34,19.397,0.05721150702843991,0.0005112227043303986,0.04299999999999926,0.011888900100707148,0.04735483870967742,0.0,-0.2325581395348876,0.3110151516303408
2,1,22763,222,0,37.01,0.05,7.34,19.418,0.06513566525008087,0.0006775852736150946,0.04200000000000159,0.016132982705120688,0.04735483870967742,0.030721966205835987,0.23809523809522895,0.44529024424412816
2,1,22784,222,0,39.43,0.06,7.54,19.439,0.075913697286694,0.0008333052605029181,0.04200000000000159,0.019840601440544916,0.04864516129032258,0.12288786482334411,0.47619047619045823,0.5886610937280796
2,1,22805,242,21,42.29,0.07,8.14,19.46,0.08985943118666115,0.0009731871862297155,0.04299999999999926,0.022632260144877493,0.052516129032258066,0.19354838709677763,0.6976744186046632,0.69486152185317
2,1,22827,242,21,45.71,0.09,8.83,19.482,0.1057927427263798,0.0010924036394687154,0.04499999999999815,0.02427563643263912,0.05696774193548387,0.26953405017922244,1.1111111111111565,0.757110166721172
2,1,22850,242,21,49.89,0.12,10.02,19.505,0.12392938868911249,0.0011868686628328823,0.045000000000001705,0.026374859174063053,0.06464516129032258,0.31254480286737163,1.3333333333332829,0.8266317968834713
2,1,22872,242,21,53.42,0.15,11.01,19.527,0.14299117358613742,0.0012535484480638833,0.04299999999999926,0.029152289489858253,0.07103225806451613,0.2985746436609205,1.1627906976744389,0.9108463778252538
2,1,22893,242,21,56.61,0.17,12.01,19.548,0.16309578293559773,0.0012906721947757943,0.04299999999999926,0.030015632436646896,0.07748387096774194,0.2835708927231856,1.1627906976744389,0.9483263264328712
2,1,22915,223,38,59.47,0.2,12.9,19.57,0.18376920562275018,0.0012978218861109435,0.043000000000002814,0.030181904328159502,0.0832258064516129,0.2370592648161884,1.1627906976743423,0.9420163148010857
2,1,22936,223,38,61.35,0.22,13.59,19.591,0.20360248447204707,0.0012758991586805486,0.04299999999999926,0.029672073457687687,0.0876774193548387,0.17854463615904304,0.6976744186046632,0.9236184495617236
2,1,22958,223,38,62.56,0.23,14.09,19.613,0.2234847989539036,0.0012269858139174676,0.04299999999999926,0.02853455381203462,0.09090322580645162,0.12003000750187777,0.6976744186046632,0.8916122459840227
2,1,22979,223,38,63.55,0.25,14.39,19.634,0.24194181104935938,0.001154128080035731,0.04299999999999926,0.02684018790780816,0.09283870967741936,0.08852213053263447,0.6976744186046632,0.8032720831401077
2,1,23001,223,38,64.32,0.26,14.68,19.656,0.25802549852892764,0.0010610812372469152,0.04299999999999926,0.024676307842951942,0.09470967741935483,0.08852213053263447,0.4651162790697759,0.7120429993081833
2,1,23022,236,44,65.2,0.27,14.98,19.677,0.27255966001961074,0.0009520501115379414,0.045000000000001705,0.021156669145286786,0.09664516129032258,0.08602150537634093,0.444444444444428,0.5980894264646833
2,1,23046,236,44,66.08,0.28,15.28,19.701,0.2849395227198394,0.000831453565739011,0.045000000000001705,0.018476745905310656,0.09858064516129032,0.08602150537634093,0.44444444444442677,0.5096799970941582
2,1,23067,236,44,67.07,0.29,15.58,19.722,0.2954952598888487,0.0007037303189597175,0.04299999999999926,0.016365821371156504,0.10051612903225807,0.09002250562640825,0.46511627906977454,0.4917247618540801
2,1,23089,236,44,68.17,0.3,15.88,19.744,0.3060836874795645,0.0005731923295284744,0.04299999999999926,0.01333005417508103,0.10245161290322581,0.08852213053263479,0.4651162790697759,0.4722625573032709
2,1,23110,236,44,69.05,0.31,16.17,19.765,0.315802549852889,0.0004439227947115256,0.04299999999999926,0.010323785923524028,0.1043225806451613,0.0735183795949002,0.4651162790697759,0.4268760880968884
2,1,23132,224,15,69.94,0.32,16.37,19.787,0.3244393592677304,0.00031970953928406586,0.04299999999999926,0.007435105564745846,0.10561290322580646,0.07501875468867365,0.4651162790697759,0.37464743760310804
2,1,23153,224,15,70.49,0.33,16.67,19.808,0.3319123896698224,0.00020400130433469244,0.04299999999999926,0.00474421637987665,0.10754838709677421,0.060015003750938406,0.4651162790697759,0.2956582558519658
2,1,23175,224,15,70.93,0.34,16.77,19.83,0.3371526642693647,9.987390279779263e-05,0.04299999999999926,0.002322648902274287,0.10819354838709677,0.030007501875469203,0.23255813953488794,0.1944699970350555
2,1,23196,224,15,71.26,0.34,16.87,19.851,0.34027459954232964,9.994877227313736e-06,0.043000000000002814,0.00023243900528635076,0.10883870967741936,0.030007501875466722,0.23255813953486743,0.08712377505948278
2,1,23218,224,15,71.59,0.35,16.97,19.873,0.3408989865969227,-6.342148349375876e-05,0.045000000000001705,-0.0014093662998612524,0.10948387096774193,0.02867383512544677,0.22222222222221277,-0.040245541389703626
2,1,23241,16,238,71.92,0.35,17.07,19.896,0.3384635501797929,-0.00011867280375379252,0.04499999999999815,-0.002637173416751053,0.11012903225806452,0.02724014336917689,0.0,-0.15698666957248755
2,1,23263,16,238,71.7,0.35,17.16,19.918,0.33383458646616104,-0.00015464027919596645,0.04299999999999926,-0.0035962855626969557,0.11070967741935483,0.01350337584396114,0.0,-0.23392657579236412
2,1,23284,16,238,70.71,0.35,17.16,19.939,0.3284047074207214,-0.0001708671981217833,0.04299999999999926,-0.003973655770274098,0.11070967741935483,-0.043510877719430345,-0.46511627906977454,-0.2597748162114086
2,1,23306,16,238,68.28,0.33,16.87,19.961,0.32266426936907067,-0.00016763217111013872,0.04299999999999926,-0.0038984225839567813,0.10883870967741936,-0.08852213053263447,-0.6976744186046625,-0.2628157856724724
2,1,23327,16,238,65.75,0.32,16.57,19.982,0.3171036286368053,-0.0001459996817811131,0.043000000000002814,-0.00339534143676985,0.10690322580645162,-0.12003000750186786,-0.6976744186046061,-0.24304948417553682
2,1,23349,248,10,63.33,0.3,16.07,20.004,0.3122131415495219,-0.00010782854382358664,0.04200000000000159,-0.0025673462815138702,0.1036774193548387,-0.12135176651305249,-0.7142857142856879,-0.20524914771399588
2,1,23369,248,10,63.33,0.29,15.78,20.024,0.30848316443281715,-5.57221861608177e-05,0.04199999999999804,-0.001326718718114769,0.10180645161290322,-0.029185867895546502,-0.23809523809524943,-0.13831161755320495
2,1,23391,248,10,63.22,0.29,15.88,20.046,0.30640405361228756,7.086401834079936e-06,0.04299999999999926,0.0001648000426530246,0.10245161290322581,0.0,-0.23255813953488663,-0.04690695393691507
2,1,23412,248,10,63.22,0.28,15.78,20.067,0.30646616541352983,7.691021253764064e-05,0.045999999999999375,0.0016719611421226453,0.10180645161290322,0.0,0.0,0.05244680699859374
2,1,23437,248,10,65.31,0.29,15.88,20.092,0.30881660673422284,0.00014982818721594526,0.045999999999999375,0.0032571345046945067,0.10245161290322581,0.05469845722300242,0.6521739130434865,0.15513737083730222
2,1,23458,235,19,67.51,0.31,16.17,20.113,0.31360248447204564,0.00022192611830090315,0.04200000000000159,0.005283955197640351,0.1043225806451613,0.10599078341013425,0.9523809523809171,0.27607839474461116
2,1,23479,235,19,69.38,0.33,16.57,20.134,0.32041189931349695,0.0002895322108563434,0.04200000000000159,0.006893624068007915,0.10690322580645162,0.12288786482334363,0.7142857142856879,0.38847117794484126
2,1,23500,235,19,70.82,0.34,16.97,20.155,0.3299182739457296,0.0003494226530220708,0.04299999999999926,0.00812610820981574,0.10948387096774193,0.08852213053263447,0.46511627906977454,0.4865551137702712
2,1,23522,235,19,72.14,0.35,17.16,20.177,0.34133376920561825,0.0003989782109606566,0.04299999999999926,0.009278563045596823,0.11070967741935483,0.07351837959490051,0.46511627906977454,0.5482867938298756
2,1,23543,235,19,73.13,0.36,17.46,20.198,0.35349460608041383,0.0004362814027818871,0.04299999999999926,0.010146079134462666,0.11264516129032259,0.07501875468867365,0.4651162790697759,0.580369021644104
2,1,23565,244,33,73.9,0.37,17.66,20.22,0.3662896371363143,0.00046015282883001517,0.04299999999999926,0.010701228577442398,0.11393548387096775,0.060015003750938406,0.4651162790697759,0.5725385252818611
2,1,23586,244,33,74.78,0.38,17.86,20.241,0.37811376266753344,0.0004701323572013152,0.043000000000002814,0.01093331063258801,0.1152258064516129,0.060015003750933445,0.4651162790697374,0.5225145776473128
2,1,23608,244,33,75.66,0.39,18.06,20.263,0.3887577639751502,0.0004664150672756371,0.045000000000001705,0.010364779272791542,0.11651612903225805,0.057347670250894156,0.444444444444428,0.4615161091133417
2,1,23631,244,33,76.65,0.4,18.26,20.286,0.3988819875776346,0.0004497534470978266,0.04499999999999815,0.00999452104661878,0.11780645161290323,0.05591397849462623,0.22222222222223154,0.41371544804040294
2,1,23653,244,33,77.42,0.4,18.45,20.308,0.4073749591369676,0.0004213371317172019,0.04299999999999926,0.00979853794691184,0.11903225806451613,0.05851462865716494,0.23255813953488663,0.3659806746390753
2,1,23674,238,26,78.08,0.41,18.65,20.329,0.41461915658711457,0.0003826602791785234,0.04299999999999926,0.008899076259965813,0.12032258064516128,0.06001500375093905,0.46511627906977454,0.301055976645356
2,1,23696,238,26,78.64,0.42,18.85,20.351,0.42032036613271767,0.00033538520971113783,0.04299999999999926,0.007799656039794037,0.12161290322580647,0.045011252813204124,0.23255813953488794,0.20670989911583962
2,1,23717,238,26,79.19,0.42,18.95,20.372,0.4235076822490955,0.00028120967212587187,0.04299999999999926,0.006539759816880854,0.12225806451612903,0.04501125281320348,0.23255813953488794,0.11494864562822571
2,1,23739,238,26,79.52,0.43,19.15,20.394,0.4252631578947313,0.00022174425678475983,0.04299999999999926,0.005156843181041015,0.12354838709677418,0.030007501875469203,0.23255813953488794,0.03307054288907215
2,1,23760,238,26,79.85,0.43,19.15,20.415,0.4249297155933256,0.00015840599373190755,0.043000000000002814,0.003683860319346446,0.12354838709677418,0.015003750937733684,0.0,-0.057626371287160576
2,1,23782,41,226,80.18,0.43,19.25,20.437,0.4227852239293832,9.233387095724054e-05,0.04299999999999926,0.002147299324587026,0.12419354838709677,0.03000750187546985,0.0,-0.14763906733466667
2,1,23803,41,226,79.96,0.43,19.35,20.458,0.41858123569793504,2.4331750774393868e-05,0.04499999999999815,0.0005407055727643304,0.12483870967741936,0.014336917562724824,0.0,-0.193236714975851
2,1,23827,41,226,78.41,0.43,19.35,20.482,0.4140895717554703,-4.515597209504207e-05,0.045000000000001705,-0.0010034660465564524,0.12483870967741936,-0.043010752688170464,-0.222222222222214,-0.18045112781953945
2,1,23848,41,226,75.77,0.42,19.05,20.503,0.41046093494605546,-0.00011603056526394084,0.04299999999999926,-0.002698385238696345,0.12290322580645162,-0.09002250562640825,-0.6976744186046625,-0.16086728449029578
2,1,23870,41,226,73.24,0.4,18.75,20.525,0.4071722785223877,-0.00018848198505454051,0.04299999999999926,-0.004383301978012646,0.12096774193548387,-0.11852963240810399,-0.9302325581395504,-0.17515984095729872
2,1,23891,240,62,71.04,0.38,18.26,20.546,0.40292906178489174,-0.00026288622489971305,0.043000000000002814,-0.006113633137202229,0.11780645161290323,-0.10352588147036115,-0.6976744186046061,-0.21340003193016344
2,1,23913,240,62,70.93,0.37,18.06,20.568,0.39799607714939006,-0.0003396606999140133,0.04299999999999926,-0.007899086044512072,0.11651612903225805,-0.03000750187546985,0.0,-0.24928347157073572
2,1,23934,240,62,70.71,0.38,18.06,20.589,0.3922098725073503,-0.0004190909189866971,0.04299999999999926,-0.009746300441551264,0.11651612903225805,0.0,0.0,-0.34971148802238367
2,1,23956,240,62,70.71,0.37,18.06,20.611,0.3829584831644278,-0.0005011514944976021,0.043000000000002814,-0.011654685918548123,0.11651612903225805,0.0,-0.2325581395348687,-0.46169518842603624
2,1,23977,240,62,70.71,0.37,18.06,20.632,0.37235697940502943,-0.0005853504057677057,0.04299999999999926,-0.013612800134132925,0.11651612903225805,0.0,0.0,-0.5157484205964871
2,1,23999,23,255,71.59,0.37,18.06,20.654,0.36078130107877926,-0.0006706246056762666,0.04299999999999926,-0.015595921062239027,0.11651612903225805,0.0,0.23255813953488794,-0.5587781384705458
2,1,24020,23,255,71.48,0.38,18.06,20.675,0.3483295194507964,-0.0007553075573199486,0.045000000000001705,-0.016784612384887113,0.11651612903225805,-0.02867383512544677,0.0,-0.581671570229894
2,1,24044,23,255,69.05,0.37,17.86,20.699,0.33460608041843304,-0.0008371770661563325,0.045999999999999375,-0.01819950143818139,0.1152258064516129,-0.112201963534363,-0.8695652173913158,-0.6125900763250282
2,1,24066,23,255,65.86,0.34,17.26,20.721,0.32015037593984547,-0.0009135774261223766,0.04299999999999926,-0.021245986654009123,0.11135483870967743,-0.20855213803451225,-1.3953488372093263,-0.6840660802663918
2,1,24087,23,255,62.45,0.31,16.47,20.742,0.3051912389669787,-0.0009815965667370214,0.04299999999999926,-0.022827827133419496,0.10625806451612903,-0.2520630157539429,-1.3953488372093263,-0.7433649847571435
2,1,24109,45,216,59.14,0.28,15.58,20.764,0.28818568159528885,-0.001038270374531935,0.047999999999998266,-0.021630632802749426,0.10051612903225807,-0.22715053763441687,-1.250000000000045,-0.753582325378681
2,1,24135,45,216,56.5,0.25,14.78,20.79,0.2690192873488033,-0.0010807857212842614,0.04800000000000182,-0.02251636919342126,0.09535483870967741,-0.1733870967741871,-1.2499999999999531,-0.8395308924484702
2,1,24157,45,216,54.96,0.22,14.29,20.812,0.24788819875776075,-0.0011066610641362916,0.04299999999999926,-0.025736303817123503,0.09219354838709677,-0.1485371342835735,-0.6976744186046632,-0.9617826162980797
2,1,24178,45,216,53.75,0.22,13.79,20.833,0.2276626348479866,-0.0011138952816828738,0.04299999999999926,-0.02590454143448588,0.08896774193548386,-0.12003000750187745,-0.23255813953488794,-0.9403437815975766
2,1,24200,45,216,52.65,0.21,13.49,20.855,0.20745341614906565,-0.0011010863790087465,0.043000000000002814,-0.025606659976945917,0.08703225806451613,-0.10352588147036051,-0.6976744186046054,-0.913279153394031
2,1,24221,80,242,51.65,0.19,13.1,20.876,0.1883916312520407,-0.0010675276285620594,0.04499999999999815,-0.02372283619026896,0.08451612903225807,-0.1132616487455246,-0.8888888888889249,-0.8206748755948078
2,1,24245,80,242,50.22,0.17,12.7,20.9,0.17052304674730082,-0.0010132883336661377,0.04499999999999815,-0.022517518525915096,0.08193548387096773,-0.12903225806452157,-0.666666666666694,-0.7141041008318093
2,1,24266,80,242,48.68,0.16,12.2,20.921,0.1562569467146106,-0.0009392812362641951,0.043000000000002814,-0.02184374968056125,0.07870967741935483,-0.1485371342835609,-0.4651162790697374,-0.6241589818833755
2,1,24288,80,242,47.36,0.15,11.71,20.943,0.14368421052631392,-0.0008473116021039182,0.04299999999999926,-0.019704920979161225,0.0755483870967742,-0.14853713428357318,-0.6976744186046632,-0.5913165117039342
2,1,24309,80,242,46.04,0.13,11.21,20.964,0.13083033671134187,-0.000740097082614259,0.04299999999999926,-0.017211560060797017,0.0723225806451613,-0.13503375843961204,-0.6976744186046632,-0.5869071059853903
2,1,24331,21,244,44.72,0.12,10.81,20.986,0.11844720496894257,-0.0006212443219082236,0.043000000000002814,-0.014447542369957742,0.06974193548387098,-0.11852963240809453,-0.46511627906973707,-0.5390878612101117
2,1,24352,21,244,43.61,0.11,10.42,21.007,0.10764955867930555,-0.000495168271528879,0.04299999999999926,-0.01151554119834622,0.0672258064516129,-0.11852963240810431,-0.2325581395348876,-0.43820369933935144
2,1,24374,21,244,42.4,0.11,10.02,21.029,0.09960444589735078,-0.0003669426839810548,0.04299999999999926,-0.008533550790257234,0.06464516129032258,-0.12003000750187762,-0.2325581395348876,-0.3142841938009845
2,1,24395,21,244,41.3,0.1,9.62,21.05,0.09413533834586345,-0.00024207464788238476,0.04299999999999926,-0.005629642974009044,0.06206451612903225,-0.11852963240810399,-0.46511627906977554,-0.14513026752928912
2,1,24417,21,244,40.31,0.09,9.23,21.072,0.09336384439359145,-0.00012620229834760545,0.04499999999999815,-0.0028044955188357918,0.059548387096774194,-0.11326164874552413,-0.4444444444444628,0.016490501616360106
2,1,24440,252,49,39.1,0.08,8.83,21.095,0.09487741091859962,-2.4723508855219124e-05,0.045000000000001705,-0.0005494113078937375,0.05696774193548387,-0.08602150537634076,-0.2222222222222137,0.10860484544694547
2,1,24462,252,49,39.32,0.08,8.63,21.117,0.09825106243870418,5.76251952566551e-05,0.043000000000002814,0.0013401208199221239,0.05567741935483871,-0.030007501875466882,-0.2325581395348684,0.18154587682551732
2,1,24483,252,49,39.54,0.07,8.63,21.138,0.10268388362209738,0.00011720663608350889,0.04199999999999804,0.0027906341924646277,0.05567741935483871,0.03072196620583859,0.0,0.2379395694204533
2,1,24504,252,49,43.61,0.08,8.83,21.159,0.10824452435436276,0.00015189122258688848,0.04199999999999804,0.003616457680640371,0.05696774193548387,0.21351766513057818,0.9523809523809967,0.26666043991968447
2,1,24525,252,49,48.24,0.11,10.02,21.18,0.1138836220987236,0.0001613784630535555,0.043000000000002814,0.0037529875128731387,0.06464516129032258,0.37209302325578963,1.3953488372092113,0.2519443198491485
2,1,24547,5,251,53.09,0.14,11.31,21.202,0.11907813010787685,0.0001473732721069503,0.04299999999999926,0.003427285397836112,0.07296774193548387,0.268567141785451,1.1627906976744387,0.2183416073044093
2,1,24568,5,251,53.2,0.16,11.81,21.223,0.12327231121281304,0.00011357110421086958,0.04299999999999926,0.002641188470020268,0.07619354838709677,0.07501875468867332,0.4651162790697752,0.17911310125668067
2,1,24590,5,251,52.54,0.16,11.81,21.245,0.126779993461914,6.543344492031799e-05,0.04299999999999926,0.00152170802140277,0.07619354838709677,-0.015003750937734602,-0.23255813953488794,0.12848095972996237
2,1,24611,5,251,51.32,0.15,11.71,21.266,0.12879699248120133,9.770676602224525e-06,0.04499999999999815,0.00021712614671610947,0.0755483870967742,-0.057347670250898375,-0.666666666666694,0.070393374741204
2,1,24635,5,251,49.23,0.13,11.41,21.29,0.12994769532526804,-4.5819387500165124e-05,0.045000000000001705,-0.001018208611114742,0.07361290322580645,-0.1003584229390643,-0.4444444444444274,-0.006756020485996948
2,1,24656,73,230,47.47,0.13,11.01,21.311,0.12849297155933145,-9.359114876366625e-05,0.04299999999999926,-0.002176538343341113,0.07103225806451613,-0.11852963240810399,-0.23255813953488794,-0.14125303146643275
2,1,24678,73,230,46.26,0.12,10.62,21.333,0.12387381497221153,-0.0001262998491697811,0.04299999999999926,-0.0029372057946461224,0.06851612903225807,-0.08852213053263479,-0.46511627906977554,-0.26175144636110115
2,1,24699,73,230,45.27,0.11,10.42,21.354,0.1172376593658043,-0.00013779765178290404,0.043000000000002814,-0.003204596553090582,0.0672258064516129,-0.07501875468866745,-0.4651162790697368,-0.36438416567198767
2,1,24721,73,230,44.39,0.1,10.12,21.376,0.10820529584831504,-0.0001235288763833413,0.04299999999999926,-0.0028727645670544983,0.06529032258064515,-0.07501875468867332,-0.2325581395348876,-0.44496985639021913
2,1,24742,73,230,43.72,0.1,9.92,21.397,0.0981039555410252,-8.089074157082799e-05,0.04299999999999926,-0.0018811800365309158,0.064,-0.060015003750938406,-0.23255813953488794,-0.4283965728274193
2,1,24764,211,0,42.95,0.09,9.72,21.419,0.08978424321673632,-9.439510733797008e-06,0.043000000000002814,-0.00021952350543712535,0.06270967741935485,-0.045011252813200564,-0.2325581395348687,-0.29223716520824566
2,1,24785,211,0,43.06,0.09,9.62,21.44,0.08553775743706982,8.906642469047199e-05,0.04199999999999804,0.002120629159297051,0.06206451612903225,-0.015360983102919707,-0.2380952380952491,-0.10616603620853762
2,1,24806,211,0,43.06,0.08,9.62,21.461,0.08532526969597795,0.0002107849918583149,0.04499999999999815,0.004684110930184968,0.06206451612903225,-0.012903225806452064,0.0,0.07097453779376202
2,1,24830,211,0,43.06,0.09,9.53,21.485,0.08873161163778898,0.00035006008565598634,0.045000000000001705,0.00777911301457718,0.06148387096774193,-0.012903225806451046,0.0,0.23762304311502205
2,1,24851,211,0,44.06,0.08,9.53,21.506,0.09601830663615435,0.0004998240805760474,0.04200000000000159,0.011900573347048297,0.06148387096774193,0.01382488479262612,0.0,0.4136116689238413
2,1,24872,242,30,45.27,0.09,9.62,21.527,0.10610330173259097,0.0006521069098654983,0.04299999999999926,0.0151652769736165,0.06206451612903225,0.058514628657165425,0.6976744186046632,0.5609068170932915
2,1,24894,242,30,47.47,0.11,9.92,21.549,0.12013729977116547,0.0007986168095198085,0.04299999999999926,0.018572483942321447,0.064,0.16504126031508173,0.9302325581395511,0.7488387297870592
2,1,24915,242,30,50.77,0.13,10.72,21.57,0.13830336711343397,0.0009313489953185474,0.04299999999999926,0.021659278960896824,0.06916129032258064,0.25356339084771606,0.9302325581395507,0.915559880489904
2,1,24937,242,30,54.19,0.15,11.61,21.592,0.15950637463223066,0.0010431718165174466,0.04299999999999926,0.024259809686452662,0.0749032258064516,0.2670667666916775,1.1627906976744384,1.017584405908608
2,1,24958,242,30,57.27,0.18,12.5,21.613,0.18205949656750336,0.001128338687295326,0.043000000000002814,0.026240434588261675,0.08064516129032258,0.25356339084769575,1.3953488372092109,1.1075971019560173
2,1,24980,255,10,60.02,0.21,13.3,21.635,0.20713305001634252,0.0011828804212102373,0.04299999999999926,0.027508847004889713,0.08580645161290323,0.25356339084771634,1.1627906976744389,1.1508548925397457
2,1,25001,255,10,62.89,0.23,14.19,21.656,0.23154625694671158,0.0012048454524669233,0.04299999999999926,0.028019661685277766,0.0915483870967742,0.2520630157539426,1.1627906976744389,1.133597390848207
2,1,25023,255,10,65.75,0.26,14.98,21.678,0.2558777378228146,0.0011943714354055448,0.04600000000000293,0.025964596421858017,0.09664516129032258,0.2370266479663244,1.3043478260868728,1.00515940133881
2,1,25047,255,10,68.72,0.29,15.88,21.702,0.2777835894082998,0.0011535877351714916,0.04499999999999815,0.025635283003811977,0.10245161290322581,0.22795698924732136,1.1111111111111565,0.9511459808942903
2,1,25068,255,10,71.04,0.31,16.57,21.723,0.2986793069630559,0.001086363068330181,0.04299999999999926,0.0252642574030279,0.10690322580645162,0.19204801200300387,0.9302325581395517,0.8801325862685049
2,1,25090,207,5,73.13,0.33,17.16,21.745,0.31562929061784484,0.0009979259454685199,0.04299999999999926,0.02320758012717528,0.11070967741935483,0.13353338334583892,0.9302325581395504,0.7287683313440356
2,1,25111,207,5,73.68,0.35,17.46,21.766,0.3300163452108489,0.0008943972188229736,0.04299999999999926,0.02079993532146486,0.11264516129032259,0.04501125281320445,0.46511627906977454,0.6034803895481895
2,1,25133,207,5,73.57,0.35,17.46,21.788,0.34157894736841654,0.0007822824303133338,0.043000000000002814,0.018192614658448434,0.11264516129032259,0.015003750937733039,0.0,0.4747713571086105
2,1,25154,207,5,73.35,0.35,17.56,21.809,0.35043151356652047,0.0006679745876057872,0.04199999999999804,0.01590415684775758,0.11329032258064516,0.01536098310291888,0.23809523809524943,0.36052865081960833
2,1,25175,207,5,73.13,0.36,17.56,21.83,0.3567211507028394,0.0005573139878681239,0.04199999999999804,0.01326938066352738,0.11329032258064516,0.0,0.0,0.26424757546039723
2,1,25196,236,79,72.91,0.35,17.56,21.851,0.36152991173585663,0.0004552413248237279,0.043000000000002814,0.010587007554039492,0.11329032258064516,0.0,0.0,0.20290868728949274
2,1,25218,236,79,72.91,0.36,17.56,21.873,0.36544622425628814,0.000365566073130303,0.045999999999999375,0.007947088546311043,0.11329032258064516,0.014025245441795639,0.21739130434782925,0.1576246855323576
2,1,25242,236,79,73.46,0.36,17.66,21.897,0.368780647270345,0.00029085704319978587,0.045999999999999375,0.006322979199995431,0.11393548387096775,0.028050490883591277,0.21739130434782925,0.15265005614224567
2,1,25264,236,79,74.01,0.37,17.76,21.919,0.37246812683883135,0.00023244829467141415,0.04200000000000159,0.005534483206462032,0.11458064516129034,0.04608294930875407,0.23809523809522928,0.18197668083250684
2,1,25284,236,79,74.78,0.37,17.96,21.939,0.37642366786531056,0.00019054272903007785,0.04199999999999804,0.0045367316435734936,0.11587096774193549,0.0460829493087573,0.23809523809524943,0.2075841778359026
2,1,25306,246,42,75.33,0.38,18.06,21.961,0.38118666230793885,0.0001643885185141194,0.04299999999999926,0.003822988802654005,0.11651612903225805,0.045011252813204124,0.23255813953488794,0.24639455058272566
2,1,25327,246,42,76.1,0.38,18.26,21.982,0.3870186335403676,0.00015250023660750146,0.043000000000002814,0.0035465171304067786,0.11780645161290323,0.058514628657160755,0.2325581395348687,0.29071668047771293
2,1,25349,246,42,77.09,0.39,18.45,22.004,0.3936874795684813,0.00015289657349199358,0.04299999999999926,0.003555734267255726,0.11903225806451613,0.07351837959489986,0.4651162790697759,0.3170210663159453
2,1,25370,246,42,78.08,0.4,18.75,22.025,0.400650539391953,0.00016332902851415198,0.04299999999999926,0.003798349500329181,0.12096774193548387,0.06001500375093905,0.46511627906977454,0.31010286079202126
2,1,25392,246,42,78.97,0.41,18.85,22.047,0.407021902582538,0.00018148038851270343,0.043000000000002814,0.0042204741514579435,0.12161290322580647,0.060015003750933445,0.4651162790697361,0.3161847997141228
2,1,25413,246,64,79.85,0.42,19.15,22.068,0.41424648577966117,0.00020511770253166971,0.04499999999999815,0.004558171167370625,0.12354838709677418,0.07168458781362289,0.44444444444446307,0.3003160074098374
2,1,25437,246,64,80.62,0.43,19.35,22.092,0.42053612291598014,0.0002321912464434881,0.04499999999999815,0.00515980547652217,0.12483870967741936,0.05734767025089868,0.22222222222223154,0.2832443427409174
2,1,25458,246,64,81.28,0.43,19.55,22.113,0.42699248120300193,0.0002608779278012392,0.043000000000002814,0.006066928553516793,0.12612903225806452,0.045011252813200085,0.0,0.270570257798164
2,1,25480,246,64,81.94,0.43,19.65,22.135,0.43217064400130195,0.00028957414147379624,0.04299999999999926,0.0067342823598558425,0.1267741935483871,0.028507126781695417,0.23255813953488794,0.24472201737914193
2,1,25501,246,64,82.49,0.44,19.74,22.156,0.43751552795030485,0.0003168486496665395,0.04299999999999926,0.007368573248059184,0.1273548387096774,0.043510877719430664,0.23255813953488794,0.23187392140614788
2,1,25523,241,44,83.04,0.44,19.94,22.178,0.44214122262176614,0.00034136987711113774,0.043000000000002814,0.007938834351421288,0.12864516129032258,0.04501125281320073,0.0,0.19880337851705543
2,1,25544,241,44,83.48,0.44,20.04,22.199,0.4460640732265388,0.00036182367299809925,0.04299999999999926,0.008414504023211755,0.12929032258064516,0.030007501875469203,0.23255813953488794,0.1664930779932634
2,1,25566,241,44,83.81,0.45,20.14,22.221,0.44930042497547634,0.0003768374165238306,0.04299999999999926,0.00876366084939156,0.12993548387096773,0.030007501875469203,0.23255813953488794,0.1609433087268233
2,1,25587,241,44,84.14,0.45,20.24,22.242,0.4529846355017921,0.00038492493690855766,0.04299999999999926,0.00895174271880382,0.1305806451612903,0.03000750187546985,0.23255813953488794,0.1496917217208855
2,1,25609,241,44,84.47,0.46,20.34,22.264,0.4557371690094743,0.00038446431839186344,0.04499999999999815,0.008543651519819537,0.13122580645161291,0.014336917562725133,0.22222222222223154,0.12349714866877576
2,1,25632,255,28,84.8,0.46,20.34,22.287,0.45854200719188676,0.0003737171607951275,0.045000000000001705,0.008304825795446964,0.13122580645161291,0.014336917562723385,0.0,0.1283643892339482
2,1,25654,255,28,85.35,0.46,20.44,22.309,0.4615135665250022,0.0003508932249719727,0.04299999999999926,0.008160307557487877,0.1318709677419355,0.045011252813203805,0.0,0.15851053315797328
2,1,25675,255,28,85.9,0.46,20.64,22.33,0.4653579601176795,0.0003142588675572355,0.04299999999999926,0.007308345757145137,0.13316129032258064,0.045011252813203805,0.23255813953488663,0.1880839611668203
2,1,25697,255,28,86.56,0.47,20.74,22.352,0.46960117685517533,0.00026228195947889077,0.043000000000002814,0.00609958045299706,0.13380645161290322,0.030007501875466722,0.23255813953486743,0.1891483004781759
2,1,25718,255,28,87.23,0.47,20.84,22.373,0.4734913370382416,0.00019380111605810059,0.04299999999999926,0.004507002699025673,0.1344516129032258,0.03000750187546985,0.0,0.19074480944524905
2,1,25740,210,49,87.78,0.47,20.94,22.395,0.4778032036613209,0.00010820376527004782,0.04299999999999926,0.002516366634187202,0.1350967741935484,0.028507126781696063,0.23255813953488794,0.16345210853220088
2,1,25761,210,49,87.78,0.48,21.03,22.416,0.4805197777051261,5.595814083271478e-06,0.04299999999999926,0.0001301352112388738,0.1356774193548387,0.013503375843960818,0.23255813953488794,0.10384910709534295
2,1,25783,210,49,87.56,0.48,21.03,22.438,0.48226871526642057,-0.00011305492843341369,0.04299999999999926,-0.0026291843821724566,0.1356774193548387,0.0,-0.23255813953488794,0.04249754821837246
2,1,25804,210,49,87.23,0.47,21.03,22.459,0.4823471722785161,-0.00024581898976806115,0.045000000000001705,-0.005462644217067819,0.1356774193548387,0.0,0.0,-0.058770113690018715
2,1,25828,210,49,87.0,0.48,21.03,22.483,0.4796240601503696,-0.00038976501427630337,0.045000000000001705,-0.008661444761695303,0.1356774193548387,0.0,0.222222222222214,-0.17376775271511202
2,1,25849,47,243,86.67,0.48,21.03,22.504,0.47452762340633575,-0.0005409920801230648,0.04299999999999926,-0.012581211165652886,0.1356774193548387,0.0,0.0,-0.3132198544896113
2,1,25871,47,243,85.68,0.48,21.03,22.526,0.46615560640731657,-0.0006947428152705228,0.04299999999999926,-0.016156809657454297,0.1356774193548387,-0.043510877719430664,-0.23255813953488794,-0.4972745311205228
2,1,25892,47,243,83.26,0.47,20.74,22.547,0.45314481856815364,-0.0008455984402798719,0.04299999999999926,-0.01966508000650899,0.13380645161290322,-0.11852963240810431,-0.6976744186046625,-0.6760075111945704
2,1,25914,47,243,78.97,0.45,20.24,22.569,0.43708728342595055,-0.0009877475742881999,0.04299999999999926,-0.022970873820656205,0.1305806451612903,-0.1500375093773473,-0.9302325581395504,-0.8123949915233017
2,1,25935,47,243,74.67,0.43,19.74,22.59,0.41821183393265227,-0.0011153108703257325,0.04299999999999926,-0.025937462100598874,0.1273548387096774,-0.19354838709677732,-1.1627906976744384,-0.9488584960885581
2,1,25957,72,238,70.6,0.4,18.95,22.612,0.39628636809414325,-0.001222695802359116,0.04200000000000159,-0.029111804818073087,0.12225806451612903,-0.25806451612902226,-1.1904761904761452,-1.1206587898316647
2,1,25977,72,238,67.18,0.38,18.06,22.632,0.37114416475972056,-0.0013049521314019046,0.04200000000000159,-0.031070288842901313,0.11651612903225805,-0.24423963133639612,-1.4285714285713744,-1.247373091112812
2,1,25999,72,238,63.99,0.34,17.36,22.654,0.34389669826740316,-0.0013580992818903006,0.045999999999999375,-0.02952389743239824,0.112,-0.1949509116409558,-1.5217391304348034,-1.21771820856489
2,1,26023,72,238,61.35,0.31,16.67,22.678,0.3151291271657364,-0.0013794012926102131,0.045999999999999375,-0.029986984621961563,0.10754838709677421,-0.2075736325385722,-1.3043478260869743,-1.290703128331225
2,1,26045,72,238,58.7,0.28,15.88,22.7,0.2845243543641676,-0.0013675713126813757,0.04299999999999926,-0.03180398401584649,0.10245161290322581,-0.22355588897224715,-1.3953488372093263,-1.3991500490356383
2,1,26066,5,255,56.61,0.25,15.18,22.721,0.25496567505720497,-0.0013228936070905472,0.04299999999999926,-0.03076496760675744,0.09793548387096775,-0.20855213803451225,-1.395348837209327,-1.3304241392155876
2,1,26088,5,255,54.3,0.22,14.49,22.743,0.22731611637789834,-0.0012472555468891803,0.04299999999999926,-0.02900594295091167,0.09348387096774194,-0.22355588897224715,-0.9302325581395511,-1.196317385982657
2,1,26109,5,255,51.98,0.21,13.69,22.764,0.2035240274599516,-0.001144085439716493,0.043000000000002814,-0.026606638132939956,0.08832258064516128,-0.22355588897222836,-0.9302325581394741,-1.0135551213726144
2,1,26131,5,255,49.89,0.18,13.0,22.786,0.18373324615887307,-0.001018195422196591,0.04299999999999926,-0.023678963306897872,0.08387096774193549,-0.20855213803451192,-1.1627906976744384,-0.8328455111489579
2,1,26152,5,255,47.91,0.16,12.3,22.807,0.16771167048054703,-0.0008755330852664453,0.04299999999999926,-0.020361234541080474,0.07935483870967742,-0.20855213803451256,-0.9302325581395504,-0.6384515383504293
2,1,26174,230,22,46.04,0.14,11.61,22.829,0.15627983000980508,-0.0007228518106557935,0.043000000000002814,-0.016810507224552237,0.0749032258064516,-0.13353338334582787,-0.6976744186046054,-0.4616191641895074
2,1,26195,230,22,46.59,0.13,11.41,22.85,0.1478620464203969,-0.0005673180237578137,0.04299999999999926,-0.013193442412972638,0.07361290322580645,-0.045011252813203805,-0.23255813953488794,-0.3053893581273717
2,1,26217,230,22,46.59,0.13,11.31,22.872,0.14314808761032832,-0.0004160825239392114,0.045999999999999375,-0.009045272259548197,0.07296774193548387,-0.014025245441795337,0.0,-0.1500916753130462
2,1,26241,230,22,47.14,0.13,11.31,22.896,0.14095782935599688,-0.0002758502593899816,0.045000000000001705,-0.006130005764221582,0.07296774193548387,0.014336917562723385,0.222222222222214,-0.05724456067705212
2,1,26262,230,22,49.56,0.14,11.41,22.917,0.14057208237986088,-0.00015248572685322515,0.04299999999999926,-0.003546179694261111,0.07361290322580645,0.09002250562640825,0.4651162790697752,0.026000288892098856
2,1,26284,55,216,51.76,0.15,11.91,22.939,0.1420758417783571,-5.0688335595488356e-05,0.04299999999999926,-0.0011787985022206798,0.07683870967741936,0.1035258814703694,0.4651162790697752,0.09335776245467076
2,1,26305,55,216,51.98,0.16,12.1,22.96,0.14458646616541165,2.6236052933393594e-05,0.04200000000000159,0.0006246679269855381,0.07806451612903226,0.029185867895544032,0.23809523809522928,0.12095456031382168
2,1,26326,55,216,51.76,0.16,12.1,22.981,0.1471559333115378,7.649334254590557e-05,0.04199999999999804,0.0018212700606168844,0.07806451612903226,0.0,0.0,0.12928283441523516
2,1,26347,55,216,51.76,0.16,12.1,23.002,0.15001634521085128,9.980897697382929e-05,0.04299999999999926,0.0023211389993914185,0.07806451612903226,0.0,0.0,0.11046321567315687
2,1,26369,55,216,51.54,0.16,12.1,23.024,0.15190585158548348,9.733718244120482e-05,0.043000000000002814,0.0022636554056092665,0.07806451612903226,0.0,-0.2325581395348687,0.060439268038645445
2,1,26390,57,236,51.54,0.15,12.1,23.045,0.1526152337365132,7.149099846887452e-05,0.04299999999999926,0.0016625813597412966,0.07806451612903226,0.0,-0.23255813953488794,-0.026076313128625097
2,1,26412,57,236,51.43,0.15,12.1,23.067,0.15078457012095262,2.571477003952971e-05,0.04499999999999815,0.0005714393342117948,0.07806451612903226,0.0,0.0,-0.11695906432748808
2,1,26435,57,236,50.66,0.15,12.1,23.09,0.14735207584177645,-3.578004985557648e-05,0.04499999999999815,-0.0007951122190128433,0.07806451612903226,-0.012903225806452064,-0.22222222222223093,-0.19214703425230265
2,1,26457,57,236,49.78,0.14,12.01,23.112,0.14213795357959935,-0.00010829683138511648,0.04299999999999926,-0.0025185309624446124,0.07748387096774194,-0.02850712678169574,-0.23255813953488727,-0.26714916715449005
2,1,26478,57,236,48.9,0.14,11.91,23.133,0.13586466165413358,-0.0001869363368888788,0.043000000000002814,-0.004347356671834106,0.07683870967741936,-0.045011252813200404,-0.2325581395348687,-0.32485156267815674
2,1,26500,59,245,48.13,0.13,11.71,23.155,0.1281693363844377,-0.00026686452562857177,0.04299999999999926,-0.006206151758804101,0.0755483870967742,-0.07501875468867365,-0.4651162790697759,-0.3444658157020479
2,1,26521,59,245,47.36,0.12,11.41,23.176,0.12105263157894577,-0.00034355210082407696,0.04299999999999926,-0.00798958374009495,0.07361290322580645,-0.07501875468867332,-0.46511627906977554,-0.32447144149555013
2,1,26543,59,245,46.37,0.11,11.21,23.198,0.11421706440012928,-0.0004129749042942326,0.043000000000002814,-0.00960406754172571,0.0723225806451613,-0.07501875468866713,-0.2325581395348684,-0.3045530915255537
2,1,26564,59,245,45.38,0.11,10.91,23.219,0.1079568486433461,-0.0004717677374558242,0.04299999999999926,-0.010971342731530984,0.07038709677419355,-0.08852213053263479,-0.2325581395348876,-0.3041729703429467
2,1,26586,59,245,44.5,0.1,10.62,23.241,0.1011376266753828,-0.0005173282030649027,0.04299999999999926,-0.012030888443370039,0.06851612903225807,-0.08852213053263479,-0.46511627906977554,-0.2893482442202588
2,1,26607,12,241,43.61,0.09,10.32,23.262,0.09551487414187519,-0.0005478710798667538,0.045000000000001705,-0.012174912885927402,0.06658064516129032,-0.08602150537634093,-0.222222222222214,-0.25614761541533715
2,1,26631,12,241,42.84,0.09,10.02,23.286,0.08961098398169219,-0.0005624370920762871,0.04499999999999815,-0.012498602046140226,0.06464516129032258,-0.07168458781362289,-0.22222222222223123,-0.2496821764556392
2,1,26652,12,241,42.07,0.08,9.82,23.307,0.08427917620137189,-0.000560862538060448,0.04299999999999926,-0.013043314838615292,0.06335483870967742,-0.060015003750938885,-0.2325581395348876,-0.22784463687023518
2,1,26674,12,241,41.41,0.08,9.62,23.329,0.07981366459627225,-0.0005437178930447111,0.043000000000002814,-0.012644602163829663,0.06206451612903225,-0.07351837959489395,-0.2325581395348684,-0.20169229950506623
2,1,26695,12,241,40.86,0.07,9.33,23.35,0.07560640732265347,-0.0005122238667585215,0.04299999999999926,-0.011912182947872798,0.06019354838709678,-0.07351837959489971,0.0,-0.1835985312117508
2,1,26717,33,242,40.2,0.08,9.13,23.372,0.0719189277541671,-0.00046815242095480514,0.04299999999999926,-0.010887265603600307,0.05890322580645162,-0.060015003750938885,0.0,-0.16710127188547752
2,1,26738,33,242,39.65,0.07,8.93,23.393,0.06842105263157806,-0.0004137184595966428,0.04299999999999926,-0.009621359525503486,0.05761290322580645,-0.060015003750938725,-0.2325581395348876,-0.1414811041760118
2,1,26760,33,242,39.21,0.07,8.73,23.415,0.0658352402745987,-0.0003514660638877238,0.04299999999999926,-0.008173629392737903,0.056322580645161296,-0.060015003750938885,-0.23255813953488794,-0.10400115556839576
2,1,26781,33,242,38.66,0.06,8.53,23.436,0.06394900294213712,-0.00028415172317623137,0.04200000000000159,-0.0067655172184814425,0.05503225806451612,-0.04608294930875423,0.0,-0.0575195753358521
2,1,26802,33,242,38.22,0.07,8.43,23.457,0.06341941811049281,-0.00021462615061358824,0.045000000000001705,-0.0047694700136351135,0.054387096774193545,-0.041577060931897815,0.0,-0.01126003414332876
2,1,26826,217,1,37.67,0.06,8.24,23.481,0.06344230140568731,-0.00014571605031126289,0.045999999999999375,-0.003167740224157932,0.05316129032258065,-0.04067321178120663,-0.21739130434782925,0.019116790084852755
2,1,26848,217,1,37.78,0.06,8.14,23.503,0.06429879045439603,-8.01077003886661e-05,0.04199999999999804,-0.0019073261997302343,0.052516129032258066,-0.015360983102919376,0.0,0.054017030153024254
2,1,26868,217,1,37.78,0.06,8.14,23.523,0.06571101667211422,-2.023542004965151e-05,0.04200000000000159,-0.00048179571546787486,0.052516129032258066,0.0,0.0,0.06055511449430741
2,1,26890,217,1,38.33,0.06,8.14,23.545,0.06684210526315704,3.1820318904555836e-05,0.04299999999999926,0.0007400074163850321,0.052516129032258066,0.0,0.0,0.059831074146438255
2,1,26911,217,1,40.31,0.06,8.14,23.566,0.06828375286041102,7.44187075824918e-05,0.04299999999999926,0.0017306676181975135,0.052516129032258066,0.058514628657165106,0.23255813953488794,0.054053232170416216
2,1,26933,68,239,42.51,0.07,8.53,23.588,0.0691663942464849,0.00010642100572523283,0.043000000000002814,0.0024749071098889735,0.05503225806451612,0.08852213053262747,0.46511627906973707,0.06203577700570444
2,1,26954,68,239,42.73,0.08,8.73,23.609,0.07095129127165649,0.00012722290965300865,0.04299999999999926,0.00295867231751188,0.056322580645161296,0.030007501875469685,0.2325581395348876,0.07077856420626918
2,1,26976,68,239,42.62,0.08,8.73,23.631,0.07220987250735442,0.00013675332664093176,0.04299999999999926,0.0031803099218821887,0.056322580645161296,0.0,0.0,0.059298904490751994
2,1,26997,68,239,42.51,0.08,8.73,23.652,0.07350114416475878,0.00013544117346246586,0.04299999999999926,0.0031497947316853066,0.056322580645161296,0.0,0.0,0.03983669993994081
2,1,27019,68,239,42.51,0.08,8.73,23.674,0.07392285060477184,0.00012415713473053457,0.04499999999999815,0.002759047438456437,0.056322580645161296,0.0,0.0,0.031164868693473565
2,1,27042,61,226,42.4,0.08,8.73,23.697,0.07490356325596503,0.00010414033030394521,0.045000000000001705,0.002314229562309806,0.056322580645161296,0.0,-0.2222222222222137,0.02353710362863566
2,1,27064,61,226,41.85,0.07,8.73,23.719,0.07498202026806049,7.691968779551317e-05,0.04299999999999926,0.0017888299487328952,0.056322580645161296,0.0,-0.2325581395348876,0.007906520598766781
2,1,27085,61,226,41.63,0.07,8.73,23.74,0.075243543641712,4.4237526760221966e-05,0.04199999999999804,0.0010532744466720007,0.056322580645161296,0.0,0.0,-0.004670060243777055
2,1,27106,61,226,41.41,0.07,8.73,23.761,0.07478587773782186,7.97992675423309e-06,0.04200000000000159,0.00018999825605316162,0.056322580645161296,-0.015360983102918077,0.0,-0.03891716869814071
2,1,27127,61,226,41.3,0.07,8.63,23.782,0.07360902255639003,-2.9884274737959515e-05,0.04299999999999926,-0.0006949831334409309,0.05567741935483871,-0.015003750937734763,0.0,-0.05846263788895915
2,1,27149,57,234,41.19,0.07,8.63,23.804,0.07227198430859666,-6.735634727041529e-05,0.04299999999999926,-0.0015664266807073593,0.05567741935483871,0.0,0.0,-0.0781529151493497
2,1,27170,57,234,40.97,0.07,8.63,23.825,0.07024844720496805,-0.00010245489697416232,0.043000000000002814,-0.002382672022654782,0.05567741935483871,0.0,0.0,-0.06735747356256666
2,1,27192,57,234,40.75,0.07,8.63,23.847,0.0693756129454061,-0.00013326148198648013,0.04299999999999926,-0.0030991042322437773,0.05567741935483871,0.0,0.0,-0.045538517679436605
2,1,27213,57,234,40.42,0.07,8.63,23.868,0.06829029094475231,-0.00015796918471736276,0.04499999999999815,-0.00351042632705265,0.05567741935483871,-0.014336917562724824,0.0,-0.050779121717338165
2,1,27237,57,234,40.2,0.07,8.53,23.892,0.06709055246812598,-0.0001749379281191832,0.045000000000001705,-0.003887509513759479,0.05503225806451612,-0.014336917562723693,0.0,-0.05368493698012863
2,1,27258,35,239,40.09,0.07,8.53,23.913,0.06587446878064643,-0.00018275841851704655,0.04299999999999926,-0.004250195779466272,0.05503225806451612,-0.015003750937734602,0.0,-0.05466142606262905
2,1,27280,35,239,39.87,0.07,8.43,23.935,0.06474011114743297,-0.00018032420941714556,0.04299999999999926,-0.004193586265515085,0.054387096774193545,-0.015003750937734602,-0.23255813953488794,-0.06956217642184385
2,1,27301,35,239,39.65,0.06,8.43,23.956,0.0628832951945072,-0.0001669090233759949,0.043000000000002814,-0.003881605194790325,0.054387096774193545,-0.015003750937733361,-0.2325581395348687,-0.10164440423606261
2,1,27323,35,239,39.32,0.06,8.33,23.978,0.060369401765281994,-0.00014224428248105347,0.04299999999999926,-0.0033080065693268817,0.05374193548387097,-0.02850712678169574,0.0,-0.13646350456525605
2,1,27344,35,239,39.1,0.06,8.24,23.999,0.057015364498201285,-0.00010658979229316756,0.04299999999999926,-0.002478832378910916,0.05316129032258065,-0.01350337584396114,-0.2325581395348876,-0.16033511483461
2,1,27366,44,244,38.88,0.05,8.24,24.021,0.05347499182739388,-6.078887409092637e-05,0.04200000000000159,-0.0014473541450220017,0.05316129032258065,-0.015360983102918077,0.0,-0.14570587960583942
2,1,27386,44,244,38.55,0.06,8.14,24.041,0.0508957175547558,-6.298221865927544e-06,0.04199999999999804,-0.00014995766347447234,0.052516129032258066,-0.015360983102919376,0.0,-0.08157038559131027
2,1,27408,44,244,38.22,0.05,8.14,24.063,0.05004903563255901,5.481747613914223e-05,0.045999999999999375,0.0011916842638944123,0.052516129032258066,-0.028050490883590826,-0.21739130434782894,-0.001989851756044141
2,1,27432,44,244,37.89,0.05,7.94,24.087,0.05080418437397777,0.00011993545049661237,0.045000000000001705,0.0026652322332579516,0.051225806451612906,-0.043010752688170464,0.0,0.06625258799171513
2,1,27453,44,244,37.56,0.05,7.84,24.108,0.053030402092186305,0.0001859766047874949,0.04200000000000159,0.004428014399702092,0.05058064516129032,-0.030721966205835987,0.0,0.13792244586621139
2,1,27474,242,41,37.23,0.05,7.74,24.129,0.056596927100358865,0.00024956235309265293,0.04299999999999926,0.00580377565331761,0.049935483870967745,-0.015003750937734602,0.0,0.19401385161589596
2,1,27496,242,41,37.23,0.05,7.74,24.151,0.06137299771166969,0.00030722321470818057,0.04299999999999926,0.007144725923446183,0.049935483870967745,0.0,0.0,0.24723081718451947
2,1,27517,242,41,37.23,0.05,7.74,24.172,0.06722785223929302,0.00035564722448609844,0.04299999999999926,0.008270865685723362,0.049935483870967745,0.015003750937734602,0.2325581395348876,0.2733831545496713
2,1,27539,242,41,40.53,0.06,7.84,24.194,0.07312847335730535,0.0003919468029753581,0.04299999999999926,0.009115041929659647,0.05058064516129032,0.13353338334583875,0.6976744186046632,0.2717106213460861
2,1,27560,242,41,44.72,0.08,8.63,24.215,0.07891140895717452,0.000413914308806957,0.04299999999999926,0.009625914158301491,0.05567741935483871,0.28207051762941243,0.9302325581395511,0.2826581114059177
2,1,27582,17,228,48.79,0.1,9.72,24.237,0.0852827721477596,0.00042023190785923426,0.04299999999999926,0.009772835066493988,0.06270967741935485,0.2385596399099816,0.6976744186046632,0.2714825486365064
2,1,27603,17,228,48.9,0.11,10.22,24.258,0.0905851585485441,0.000410604585105526,0.043000000000002814,0.00954894383966277,0.06593548387096775,0.060015003750933445,0.2325581395348684,0.2706462820346912
2,1,27625,17,228,48.68,0.11,10.12,24.28,0.09692056227525209,0.00038579826116721526,0.045999999999999375,0.008386918721026532,0.06529032258064515,-0.014025245441795639,0.0,0.2733203519194963
2,1,27649,17,228,48.35,0.11,10.12,24.304,0.10315789473684076,0.0003475843656945159,0.04499999999999815,0.007724097015434004,0.06529032258064515,0.014336917562724824,0.0,0.26232247284879623
2,1,27670,17,228,48.24,0.11,10.22,24.325,0.10872507355344743,0.00029860921571198774,0.043000000000002814,0.006944400365394609,0.06593548387096775,0.015003750937733684,0.0,0.2510320290108295
2,1,27692,223,53,48.02,0.11,10.22,24.347,0.11395227198430713,0.00024221439114496235,0.04299999999999926,0.005632892817324803,0.06593548387096775,-0.015003750937734924,0.0,0.20967484434037656
2,1,27713,223,53,47.91,0.11,10.12,24.368,0.11774109186008347,0.00018223301169111573,0.04299999999999926,0.004237977016072532,0.06529032258064515,-0.015003750937734924,0.0,0.138212062005367
2,1,27735,223,53,47.8,0.11,10.12,24.39,0.11989539065053781,0.00012278072409159434,0.043000000000002814,0.002855365676548519,0.06529032258064515,0.0,0.0,0.05762637128716122
2,1,27756,223,53,47.69,0.11,10.12,24.411,0.12021902582543156,6.805290647458052e-05,0.04299999999999926,0.001582625731967016,0.06529032258064515,0.0,0.2325581395348876,-0.011099538532884055
2,1,27778,223,53,48.79,0.12,10.12,24.433,0.1194181104936238,2.213262348179157e-05,0.04299999999999926,0.0005147121739951617,0.06529032258064515,0.060015003750938725,0.2325581395348876,-0.051240335418931436
2,1,27799,66,241,50.22,0.12,10.52,24.454,0.11801569140241755,-1.119170630733457e-05,0.04299999999999926,-0.00026027223970545956,0.06787096774193548,0.07501875468867365,0.23255813953488794,-0.05831058941590602
2,1,27821,66,241,50.22,0.13,10.62,24.476,0.11691075514873989,-2.8602620001024094e-05,0.04499999999999815,-0.0006356137778005615,0.06851612903225807,0.014336917562724824,0.22222222222223154,-0.05426610003269211
2,1,27844,66,241,50.11,0.13,10.62,24.499,0.1155737169009465,-2.742608627090526e-05,0.045000000000001705,-0.0006094685837978715,0.06851612903225807,0.0,-0.222222222222214,-0.06465438959717779
2,1,27866,66,241,49.56,0.12,10.62,24.521,0.11400130761686678,-5.797110408066075e-06,0.043000000000002814,-0.00013481652111780687,0.06851612903225807,-0.015003750937733684,-0.2325581395348687,-0.06720542508951322
2,1,27887,66,241,48.57,0.12,10.52,24.542,0.11268388362209725,3.719106500966696e-05,0.04299999999999926,0.0008649084885969209,0.06787096774193548,-0.015003750937734924,-0.2325581395348876,-0.04546249344291004
2,1,27909,217,7,47.47,0.11,10.52,24.564,0.11204642039882168,0.00010136851657616575,0.04299999999999926,0.0023574073622364532,0.06787096774193548,-0.015003750937734602,-0.2325581395348876,0.0075263994161339645
2,1,27930,217,7,47.47,0.11,10.42,24.585,0.113007518796991,0.00018541694796051368,0.04299999999999926,0.004312022045593416,0.0672258064516129,-0.015003750937734602,0.0,0.05549769266442221
2,1,27952,217,7,47.25,0.11,10.42,24.607,0.11443282118339179,0.00028685936840246206,0.04299999999999926,0.006671148102382953,0.0672258064516129,0.0,0.0,0.09039281723013318
2,1,27973,217,7,47.25,0.11,10.42,24.628,0.11689440993788666,0.0004021220739610598,0.04299999999999926,0.009351676138629458,0.0672258064516129,0.0,0.0,0.1626158419304077
2,1,27995,217,7,48.35,0.11,10.42,24.65,0.1214253023863992,0.0005266743414113772,0.04299999999999926,0.012248240497939216,0.0672258064516129,0.015003750937734602,0.2325581395348876,0.26836555493891573
2,1,28016,234,31,49.67,0.12,10.52,24.671,0.12843412880025984,0.0006552441212354107,0.045000000000001705,0.014560980471897465,0.06787096774193548,0.0702508960573452,0.4444444444444277,0.3741963604663643
2,1,28040,234,31,51.65,0.13,10.91,24.695,0.13826413860738623,0.0007820996278665006,0.045999999999999375,0.017002165823185027,0.07038709677419355,0.1248246844319794,0.6521739130434872,0.5069147348522544
2,1,28062,234,31,53.97,0.15,11.41,24.717,0.15175220660346322,0.0009013780543733283,0.0470000000000006,0.019178256476028017,0.07361290322580645,0.17707618393959948,0.8510638297872234,0.6497047428932939
2,1,28087,234,31,56.5,0.17,12.2,24.742,0.16880026152337144,0.0010074356201378461,0.04600000000000293,0.02190077435082135,0.07870967741935483,0.1809256661991468,0.8695652173912491,0.7765396477961797
2,1,28108,234,31,58.48,0.19,12.7,24.763,0.18747303040208976,0.0010951899550736036,0.04299999999999926,0.025469533838921452,0.08193548387096773,0.17854463615904304,0.9302325581395504,0.9269635159688956
2,1,28130,255,53,60.35,0.21,13.39,24.785,0.20865969271003326,0.0011604272556893721,0.04299999999999926,0.02698668036486958,0.08638709677419355,0.19354838709677763,0.6976744186046632,1.0088416187080471
2,1,28151,255,53,62.56,0.22,13.99,24.806,0.23085322000653505,0.0012000513999080216,0.04299999999999926,0.0279081720908847,0.09025806451612903,0.20855213803451192,0.9302325581395511,1.0790880132586305
2,1,28173,255,53,65.31,0.25,14.78,24.828,0.2550604772801536,0.0012122579350495534,0.04299999999999926,0.02819204500115289,0.09535483870967741,0.23855963990998177,1.395348837209327,1.1419600568661354
2,1,28194,255,53,68.06,0.28,15.58,24.849,0.27995750245177803,0.0011966211837467018,0.04299999999999926,0.0278283996220168,0.10051612903225807,0.22355588897224715,1.1627906976744384,1.1570128556984027
2,1,28216,255,53,70.38,0.3,16.27,24.871,0.30481203007518404,0.0011540879762342868,0.04499999999999815,0.025646399471874092,0.10496774193548387,0.1992831541218717,1.1111111111111565,1.05640913878903
2,1,28239,255,15,72.91,0.33,16.97,24.894,0.3274959136972824,0.001086877636242674,0.045000000000001705,0.024152836360947394,0.10948387096774193,0.1849462365591326,1.1111111111110687,0.9534706331044507
2,1,28261,255,15,74.78,0.35,17.56,24.916,0.34771820856488594,0.0009982949363748048,0.04400000000000048,0.022688521281245315,0.11329032258064516,0.14516129032257943,0.9090909090908986,0.8327141965585692
2,1,28283,255,15,76.54,0.37,17.96,24.938,0.36413533834585987,0.0008924698883593649,0.04400000000000048,0.020283406553621708,0.11587096774193549,0.1304985337243389,0.6818181818181749,0.6709709055246649
2,1,28305,255,15,77.97,0.38,18.45,24.96,0.3772409284079715,0.0007740442448475093,0.043000000000002814,0.0180010289499409,0.11903225806451613,0.1185296324080942,0.6976744186046061,0.5195496324227767
2,1,28326,255,15,79.19,0.4,18.75,24.981,0.38647597254004074,0.0006478286891489731,0.04299999999999926,0.015065783468581027,0.12096774193548387,0.09002250562640825,0.6976744186046625,0.3482670275283786
2,1,28348,50,220,80.4,0.41,19.05,25.003,0.39221641059169154,0.0005184568278552035,0.04299999999999926,0.012057135531516567,0.12290322580645162,0.07501875468867332,0.46511627906977454,0.19523023940032178
2,1,28369,50,220,79.96,0.42,19.25,25.024,0.3948708728342544,0.0003900627895938911,0.04299999999999926,0.009071227664974367,0.12419354838709677,0.030007501875469203,0.0,0.0669773523799394
2,1,28391,50,220,78.64,0.41,19.25,25.046,0.3950964367440289,0.00026600895831352747,0.04299999999999926,0.006186254844500745,0.12419354838709677,-0.030007501875469203,-0.46511627906977454,-0.0031930179341163054
2,1,28412,50,220,76.54,0.4,19.05,25.067,0.39473357306308743,0.00014868895827198968,0.0519999999999996,0.002859403043692131,0.12290322580645162,-0.0744416873449138,-0.5769230769230808,-0.025586541604848224
2,1,28443,50,220,73.35,0.38,18.65,25.098,0.3937659365805768,3.942737149060704e-05,0.053000000000000824,0.0007439126696340835,0.12032258064516128,-0.09616555082166613,-0.5660377358490483,-0.06217348128319133
2,1,28465,255,64,71.48,0.37,18.26,25.12,0.39143837855507824,-6.150978064061618e-05,0.04299999999999926,-0.0014304600148980753,0.11780645161290323,-0.08852213053263479,-0.4651162790697759,-0.12042239065814343
2,1,28486,255,64,71.37,0.36,18.06,25.141,0.3885877737822767,-0.00015479188450020232,0.04299999999999926,-0.0035998112674466274,0.11651612903225805,-0.03000750187546985,-0.23255813953488794,-0.1554695636969056
2,1,28508,255,64,71.15,0.36,18.06,25.163,0.3847531873161114,-0.00024180152420441204,0.043000000000002814,-0.005623291260567354,0.11651612903225805,0.0,0.0,-0.182914313082995
2,1,28529,255,64,71.15,0.36,18.06,25.184,0.3807224583197074,-0.00032434211362589947,0.04400000000000048,-0.007371411673315816,0.11651612903225805,0.0,0.227272727272725,-0.2197687895628359
2,1,28552,255,64,72.8,0.37,18.06,25.207,0.3750833605753465,-0.00040431503999194973,0.04400000000000048,-0.00918897818163512,0.11651612903225805,0.02932551319648107,0.45454545454545,-0.2690273113614021
2,1,28573,39,235,74.67,0.38,18.26,25.228,0.3688852566198056,-0.0004834096299939716,0.04299999999999926,-0.01124208441846465,0.11780645161290323,0.058514628657165585,0.4651162790697759,-0.2948219892501746
2,1,28595,39,235,74.67,0.39,18.45,25.25,0.36240601503758924,-0.0005628455185177827,0.04299999999999926,-0.013089430663204475,0.11903225806451613,0.015003750937734277,0.0,-0.3323779620943182
2,1,28616,39,235,72.91,0.38,18.36,25.271,0.35459300424975015,-0.0006431969889543012,0.045999999999999375,-0.013982543238137173,0.1184516129032258,-0.05469845722300242,-0.6521739130434877,-0.37800076751424844
2,1,28641,39,235,70.82,0.36,18.06,25.296,0.34501797973193404,-0.000724314349344052,0.04499999999999815,-0.016095874429868484,0.11651612903225805,-0.10035842293907192,-0.8888888888889249,-0.46870800188879275
2,1,28661,39,235,68.06,0.34,17.66,25.316,0.33350114416475535,-0.0008053413672556609,0.04200000000000159,-0.01917479445846739,0.11393548387096775,-0.13824884792626185,-0.9523809523809158,-0.6196391600117976
2,1,28683,29,246,65.75,0.32,17.16,25.338,0.31899313501143756,-0.0008848140183403217,0.043000000000002814,-0.020577070193959622,0.11070967741935483,-0.1635408852212946,-0.9302325581394748,-0.747774390475623
2,1,28704,29,246,63.33,0.3,16.57,25.359,0.30134684537430145,-0.0009608171243421158,0.04299999999999926,-0.022344584287026334,0.10690322580645162,-0.17854463615904273,-0.9302325581395504,-0.8891794704151726
2,1,28726,29,246,60.79,0.28,15.97,25.381,0.2807584177835858,-0.001031172371703212,0.04299999999999926,-0.023980752830307667,0.10303225806451613,-0.19354838709677763,-1.1627906976744384,-1.0004789526901232
2,1,28747,29,246,58.26,0.25,15.28,25.402,0.2583262504086269,-0.001093632511105282,0.04299999999999926,-0.02543331421175118,0.09858064516129032,-0.2070517629407388,-1.1627906976744389,-1.0729300500999772
2,1,28769,29,246,56.06,0.23,14.59,25.424,0.23462242562928756,-0.0011460606816483096,0.04299999999999926,-0.02665257399182161,0.09412903225806452,-0.19354838709677763,-0.9302325581395511,-1.1100298775249589
2,1,28790,0,255,54.08,0.21,13.99,25.445,0.21059496567505448,-0.0011865795152664607,0.04299999999999926,-0.027594872448057698,0.09025806451612903,-0.19354838709677732,-1.1627906976744389,-1.0812927161179025
2,1,28812,0,255,51.98,0.18,13.3,25.467,0.18812683883621856,-0.0012136809117112186,0.04299999999999926,-0.028225137481656733,0.08580645161290323,-0.19354838709677763,-0.9302325581395504,-0.9974379832290582
2,1,28833,0,255,50.0,0.17,12.7,25.488,0.16770513239620571,-0.0012262931739200145,0.045000000000001705,-0.027250959420443734,0.08193548387096773,-0.1849462365591329,-0.6666666666666414,-0.8706548981148085
2,1,28857,0,255,48.02,0.15,12.01,25.512,0.1489473684210507,-0.0012238068805052026,0.045000000000001705,-0.02719570845567014,0.07748387096774194,-0.1849462365591326,-0.8888888888888554,-0.8011332679524485
2,1,28878,0,255,46.26,0.13,11.41,25.533,0.13165413533834416,-0.0012060643096098572,0.04299999999999926,-0.02804800720022972,0.07361290322580645,-0.1800450112528162,-0.9302325581395507,-0.7504352387541181
2,1,28900,18,252,44.61,0.11,10.81,25.555,0.11667865315462417,-0.0011733196948053096,0.04299999999999926,-0.027286504530356505,0.06974193548387098,-0.17854463615904273,-0.6976744186046632,-0.6575336217186067
2,1,28921,18,252,43.06,0.1,10.22,25.576,0.10338018960444456,-0.0011261793660153946,0.04299999999999926,-0.026190217814311953,0.06593548387096775,-0.1485371342835735,-0.46511627906977554,-0.5749713008507135
2,1,28943,18,252,41.63,0.09,9.82,25.598,0.09195488721804392,-0.0010655319143696592,0.04299999999999926,-0.024779811962085525,0.06335483870967742,-0.13353338334583875,-0.46511627906977554,-0.48480655633015995
2,1,28964,18,252,40.31,0.08,9.33,25.619,0.08253350768224804,-0.0009924786794280483,0.04299999999999926,-0.023080899521582914,0.06019354838709678,-0.1485371342835735,-0.4651162790697752,-0.4110630468993532
2,1,28986,18,252,38.99,0.07,8.83,25.641,0.07427917620137203,-0.0009082738535245909,0.04299999999999926,-0.021122647756386198,0.05696774193548387,-0.12003000750187777,-0.2325581395348876,-0.3445418399385741
2,1,29007,77,231,37.89,0.07,8.53,25.662,0.06771820856488961,-0.0008142814626822706,0.043000000000002814,-0.01893677820191203,0.05503225806451612,-0.10352588147036083,-0.2325581395348687,-0.26806145799278697
2,1,29029,77,231,37.12,0.06,8.14,25.684,0.06275253350768144,-0.0007119539517739933,0.045000000000001705,-0.01582119892831036,0.052516129032258066,-0.08458781362006827,-0.222222222222214,-0.20892811739492617
2,1,29052,77,231,36.57,0.06,7.94,25.707,0.058316443282117575,-0.0006028344849134753,0.04499999999999815,-0.013396321886966668,0.051225806451612906,-0.04301075268817386,0.0,-0.17115251897861083
2,1,29074,77,231,36.13,0.06,7.84,25.729,0.05505067015364427,-0.0004885822225592156,0.04299999999999926,-0.011362377268819163,0.05058064516129032,-0.045011252813204124,0.0,-0.13729977116704856
2,1,29095,77,231,35.69,0.06,7.64,25.75,0.05241255312193459,-0.0003710162859196586,0.04299999999999926,-0.008628285719061976,0.04929032258064516,-0.045011252813204124,-0.2325581395348876,-0.12300721470004708
2,1,29117,59,248,35.25,0.05,7.54,25.772,0.049761359921542334,-0.00025216969063948723,0.04200000000000159,-0.006004040253320897,0.04864516129032258,-0.04608294930875407,-0.23809523809522895,-0.11013558741573866
2,1,29137,59,248,34.8,0.05,7.34,25.792,0.04778685845047339,-0.0001343398048326092,0.04200000000000159,-0.003198566781728669,0.04735483870967742,-0.061443932411671974,0.0,-0.050514484970186777
2,1,29159,59,248,34.03,0.05,7.14,25.814,0.04763975155279441,-2.0118169316408085e-05,0.04299999999999926,-0.0004678644027071728,0.04606451612903226,-0.058514628657165266,0.0,0.02767282209568422
2,1,29180,59,248,33.48,0.05,6.95,25.835,0.04897678980058779,8.761871593300885e-05,0.04299999999999926,0.002037644556581636,0.044838709677419354,-0.058514628657165266,0.0,0.08796004166128218
2,1,29202,59,248,32.93,0.05,6.75,25.857,0.05142203334422948,0.00018577377325096833,0.04299999999999926,0.0043203203081621285,0.043548387096774194,-0.060015003750938725,0.0,0.1300014444604946
2,1,29223,238,38,32.27,0.05,6.55,25.878,0.05456685191238896,0.00027115897567059653,0.045000000000001705,0.006025755014901916,0.04225806451612903,-0.028673835125446922,0.0,0.16555882459771784
2,1,29247,238,38,32.38,0.05,6.55,25.902,0.05887218045112706,0.00034069083081604746,0.04499999999999815,0.007570907351468033,0.04225806451612903,-0.01433691756272467,0.0,0.19490755875195784
2,1,29268,238,38,33.37,0.05,6.45,25.923,0.0633376920562267,0.0003916404030462566,0.04299999999999926,0.0091079163499131,0.04161290322580645,0.015003750937734763,0.2325581395348876,0.22138257676547377
2,1,29290,238,38,36.79,0.06,6.65,25.945,0.06839163125204227,0.00042191367418391225,0.04400000000000048,0.009588947140543355,0.04290322580645162,0.15982404692081933,0.45454545454544965,0.24012600671638987
2,1,29312,238,38,41.08,0.07,7.54,25.967,0.07390323635174798,0.0004303264778373643,0.04299999999999926,0.010007592507845853,0.04864516129032258,0.29707426856714686,0.6976744186046632,0.26395614922037247
2,1,29333,63,226,45.38,0.09,8.63,25.988,0.07974174566851809,0.00041683163610397857,0.043000000000002814,0.009693758979161658,0.05567741935483871,0.23855963990996207,0.6976744186046054,0.25513733778326586
2,1,29355,63,226,45.6,0.1,9.13,26.01,0.08487414187642912,0.0003826587945858275,0.04299999999999926,0.00889904173455428,0.05890322580645162,0.07501875468867349,0.23255813953488794,0.24449394466956192
2,1,29376,63,226,45.38,0.1,9.13,26.031,0.09025498528930907,0.00033034175486164764,0.04299999999999926,0.007682366392131473,0.05890322580645162,0.0,0.0,0.2320259698791981
2,1,29398,63,226,45.27,0.1,9.13,26.053,0.09485125858123447,0.000263629434120082,0.043000000000002814,0.0061309170725596445,0.05890322580645162,0.0,0.0,0.20549351133139632
2,1,29419,63,226,45.05,0.1,9.13,26.074,0.09909120627655969,0.0001872957831919333,0.04499999999999815,0.0041621285153764665,0.05890322580645162,0.0,0.0,0.1707166466891914
2,1,29443,38,227,44.94,0.1,9.13,26.098,0.10253350768224777,0.00010687412221374259,0.04499999999999815,0.0023749804936388217,0.05890322580645162,0.0,0.0,0.10134030728996654
2,1,29464,38,227,44.72,0.1,9.13,26.119,0.103651520104608,2.834225744477159e-05,0.04299999999999926,0.0006591222661574902,0.05890322580645162,0.0,0.0,0.029649452245375834
2,1,29486,38,227,44.61,0.1,9.13,26.141,0.10380843412879891,-4.2219143017261374e-05,0.04200000000000159,-0.0010052176908871375,0.05890322580645162,0.0,0.0,-0.03845016267376327
2,1,29506,38,227,44.5,0.1,9.13,26.161,0.10203661327230988,-9.897685166233572e-05,0.04200000000000159,-0.002356591706245999,0.05890322580645162,0.0,0.0,-0.13698843381745585
2,1,29528,38,227,44.5,0.1,9.13,26.183,0.09805491990846554,-0.00013668891934458927,0.04299999999999926,-0.0031788120777812004,0.05890322580645162,0.0,0.0,-0.20192037221466258
2,1,29549,49,255,44.39,0.1,9.13,26.204,0.09335403726707954,-0.0001510279061914197,0.04299999999999926,-0.003512276888172612,0.05890322580645162,-0.015003750937734924,0.0,-0.2267042733223361
2,1,29571,49,255,43.95,0.1,9.03,26.226,0.08830663615560526,-0.0001388686768931393,0.04299999999999926,-0.0032295041137939927,0.05825806451612903,-0.015003750937734924,-0.23255813953488794,-0.21393220158586668
2,1,29592,49,255,42.84,0.09,9.03,26.247,0.08415495259888743,-9.852415415098825e-05,0.04299999999999926,-0.0022912593988602312,0.05825806451612903,-0.045011252813203805,-0.23255813953488794,-0.186107331017129
2,1,29614,49,255,41.52,0.09,8.73,26.269,0.08030402092186885,-2.9910521276406145e-05,0.04299999999999926,-0.0006955935180559688,0.056322580645161296,-0.07501875468867349,-0.2325581395348876,-0.1672533203585313
2,1,29635,49,255,40.31,0.08,8.53,26.29,0.07696305982347071,6.537733182062766e-05,0.045000000000001705,0.001452829596013893,0.05503225806451612,-0.07025089605734505,-0.4444444444444274,-0.09051614543604933
2,1,29659,231,11,38.99,0.07,8.24,26.314,0.07623079437724647,0.0001840972728635375,0.045000000000001705,0.004091050508078456,0.05316129032258065,-0.055913978494621354,0.0,0.030511060259342696
2,1,29680,231,11,39.21,0.08,8.14,26.335,0.07833605753514118,0.00032150944533331226,0.04299999999999926,0.007476963844960879,0.052516129032258066,-0.030007501875469685,0.0,0.1807096102237401
2,1,29702,231,11,39.1,0.07,8.04,26.357,0.08400130761686717,0.00047164489822126756,0.04299999999999926,0.010968486005145946,0.051870967741935475,-0.015003750937734924,-0.2325581395348876,0.3283486775584071
2,1,29723,231,11,40.64,0.07,8.04,26.378,0.09245505067015244,0.0006276813561145129,0.04299999999999926,0.014597240839872645,0.051870967741935475,0.058514628657165425,0.4651162790697752,0.47256665424937616
2,1,29745,231,11,43.72,0.09,8.43,26.4,0.10432167374958999,0.0007823999779605959,0.04299999999999926,0.018195348324665333,0.054387096774193545,0.16354088522130844,0.6976744186046632,0.611082813200851
2,1,29766,244,41,46.81,0.1,9.13,26.421,0.11873161163778859,0.0009286837455812957,0.043000000000002814,0.02159729640886593,0.05890322580645162,0.2385596399099619,0.9302325581394741,0.7416164273169713
2,1,29788,244,41,50.33,0.13,10.02,26.443,0.13621118012422184,0.0010600086435496791,0.04299999999999926,0.024651363803481333,0.06464516129032258,0.2820705176294121,1.1627906976744384,0.8748869139481703
2,1,29809,244,41,53.75,0.15,11.01,26.464,0.15635174893755927,0.0011708760933533994,0.04299999999999926,0.027229676589614407,0.07103225806451613,0.2985746436609205,1.1627906976744384,0.9544082653549988
2,1,29831,244,41,57.05,0.18,12.01,26.486,0.1772507355344861,0.0012571409602988126,0.045000000000001705,0.027936465784417,0.07748387096774194,0.2996415770609206,1.5555555555554967,0.9537612146307313
2,1,29854,244,41,60.24,0.22,13.1,26.509,0.1992710035959438,0.0013162031005110818,0.04499999999999815,0.029248957789136353,0.08451612903225807,0.26953405017922244,1.333333333333388,0.9901565507973108
2,1,29876,237,18,62.67,0.24,13.89,26.531,0.22180778032036325,0.0013470490357109792,0.04299999999999926,0.03132672176072099,0.08961290322580645,0.22355588897224685,0.9302325581395511,1.0366664892767856
2,1,29897,237,18,64.65,0.26,14.59,26.552,0.2438476626348448,0.0013501503506510861,0.043000000000002814,0.03139884536397669,0.09412903225806452,0.17854463615902796,0.6976744186046061,1.043432646327567
2,1,29919,237,18,66.3,0.27,15.08,26.574,0.26667538411245156,0.0013272432030393003,0.04299999999999926,0.03086612100091449,0.09729032258064516,0.1485371342835735,0.6976744186046625,1.0217657389175714
2,1,29940,237,18,67.51,0.29,15.58,26.595,0.2877835894082996,0.0012810257938022857,0.04299999999999926,0.029791297530286226,0.10051612903225807,0.13353338334583892,0.6976744186046625,0.9297003884838538
2,1,29962,237,18,68.72,0.3,15.97,26.617,0.3066525008172566,0.0012148160056166101,0.04200000000000159,0.02892419060991819,0.10303225806451613,0.10599078341013425,0.7142857142856879,0.8624822926881985
2,1,29982,255,61,69.71,0.32,16.27,26.637,0.32400784570120533,0.0011322098801102793,0.04199999999999804,0.02695737809786505,0.10496774193548387,0.10752688172043547,0.7142857142857483,0.7611419853983034
2,1,30004,255,61,71.04,0.33,16.67,26.659,0.33862046420398384,0.0010367748126211894,0.04299999999999926,0.024111042153981563,0.10754838709677421,0.10502625656414252,0.4651162790697759,0.6430129925420257
2,1,30025,255,61,72.47,0.34,16.97,26.68,0.35165740438051196,0.0009318013870080044,0.045999999999999375,0.02025655189147863,0.10948387096774193,0.1248246844319788,0.6521739130434865,0.5040010233523309
2,1,30050,255,61,74.23,0.36,17.56,26.705,0.36180451127819074,0.0008201267755397659,0.045999999999999375,0.017828842946516894,0.11329032258064516,0.13884992987377504,0.8695652173913158,0.4140312975254768
2,1,30071,255,61,75.77,0.38,17.96,26.726,0.37070284406668363,0.000704032793746162,0.043000000000002814,0.016372855668514322,0.11587096774193549,0.1050262565641345,0.6976744186046061,0.39927929023769704
2,1,30093,211,71,76.98,0.39,18.26,26.748,0.37897352075841284,0.0005852149049790149,0.04299999999999926,0.013609648953000581,0.11780645161290323,0.07351837959489986,0.4651162790697759,0.3658286261660254
2,1,30114,211,71,77.42,0.4,18.45,26.769,0.38643347499182246,0.0004648152652746162,0.04299999999999926,0.010809657331968005,0.11903225806451613,0.043510877719430664,0.23255813953488794,0.3304013319446256
2,1,30136,211,71,77.09,0.4,18.55,26.791,0.3931807780320315,0.0003435120027891294,0.043000000000002814,0.00798865122765365,0.11967741935483872,0.015003750937733684,0.0,0.31907372070213386
2,1,30157,211,71,76.87,0.4,18.55,26.812,0.4001536449820151,0.00022165612936387192,0.04299999999999926,0.005154793706136645,0.11967741935483872,0.0,0.0,0.325459756570398
2,1,30179,211,71,76.65,0.4,18.55,26.834,0.40717554756455837,9.944520930650214e-05,0.04299999999999926,0.002312679286197764,0.11967741935483872,0.0,0.0,0.29345355299269454
2,1,30200,235,42,76.54,0.4,18.55,26.855,0.41277214776070076,-2.288103747592274e-05,0.04299999999999926,-0.0005321171506028635,0.11967741935483872,0.0,0.0,0.22989729125645142
2,1,30222,235,42,76.32,0.4,18.55,26.877,0.4170611310885856,-0.00014484274308114564,0.04499999999999815,-0.003218727624025591,0.11967741935483872,0.0,0.0,0.14776070611311282
2,1,30245,235,42,76.54,0.4,18.55,26.9,0.41942137953579056,-0.00026554313500816207,0.045000000000001705,-0.005900958555736711,0.11967741935483872,0.014336917562723076,0.22222222222221277,0.031818677127599206
2,1,30267,235,42,76.87,0.41,18.65,26.922,0.41849297155932763,-0.0003835386625108228,0.043000000000002814,-0.008919503779320876,0.12032258064516128,0.015003750937733039,0.23255813953486743,-0.11928202711023222
2,1,30288,235,42,77.2,0.41,18.65,26.943,0.41429225237005024,-0.0004967805305245392,0.04299999999999926,-0.011553035593594134,0.12032258064516128,0.015003750937734924,0.23255813953488794,-0.24707876871146572
2,1,30310,27,247,77.53,0.42,18.75,26.965,0.4078685845047348,-0.0006026472330020276,0.04299999999999926,-0.014015051930279953,0.12096774193548387,0.03000750187546985,0.23255813953488794,-0.39023240609106613
2,1,30331,27,247,77.42,0.42,18.85,26.986,0.3975122589081347,-0.0006980786853213559,0.04299999999999926,-0.016234388030729484,0.12161290322580647,0.0,0.0,-0.556421387138222
2,1,30353,27,247,75.0,0.42,18.75,27.008,0.38394246485779165,-0.0007798097204535673,0.04299999999999926,-0.01813510977799025,0.12096774193548387,-0.07351837959490051,-0.6976744186046625,-0.734622197556582
2,1,30374,27,247,71.59,0.39,18.36,27.029,0.3659235044132022,-0.0008446850376092741,0.04299999999999926,-0.019643838083936944,0.1184516129032258,-0.1635408852213081,-1.3953488372093263,-0.9160920501455909
2,1,30396,27,247,67.95,0.36,17.66,27.051,0.3445505067015319,-0.0008900215762086639,0.04299999999999926,-0.020698176190899514,0.11393548387096775,-0.20855213803451225,-1.3953488372093263,-1.0473859066270383
2,1,30417,10,252,64.43,0.33,16.97,27.072,0.32088591042824033,-0.0009139715366837677,0.045000000000001705,-0.020310478592971845,0.10948387096774193,-0.22795698924730334,-1.3333333333332829,-1.0798009516544438
2,1,30441,10,252,61.13,0.3,16.07,27.096,0.2959594638770801,-0.0009158336017025412,0.045000000000001705,-0.020351857815611257,0.1036774193548387,-0.2566308243727498,-1.5555555555554967,-1.1013039845991226
2,1,30462,10,252,57.71,0.26,15.18,27.117,0.27132723112127793,-0.000896263026927759,0.04299999999999926,-0.02084332620762266,0.09793548387096775,-0.2670667666916775,-1.6279069767442136,-1.1106380714171706
2,1,30484,10,252,54.96,0.23,14.29,27.139,0.2482020268061426,-0.0008573424341539759,0.04299999999999926,-0.019938196143116062,0.09219354838709677,-0.268567141785451,-1.1627906976744389,-1.0115784912230061
2,1,30505,10,252,52.31,0.21,13.39,27.16,0.22782935599868942,-0.0008024923403993327,0.04299999999999926,-0.018662612567426663,0.08638709677419355,-0.23855963990998177,-1.1627906976744389,-0.8740506473463772
2,1,30527,236,62,49.89,0.18,12.7,27.182,0.21061784897024902,-0.0007362214748125311,0.04299999999999926,-0.017121429646803344,0.08193548387096773,-0.1485371342835735,-0.9302325581395504,-0.7289964040536157
2,1,30548,236,62,50.22,0.17,12.4,27.203,0.1964825106243845,-0.0006637393473107771,0.043000000000002814,-0.015435798774668226,0.08,-0.045011252813200085,-0.4651162790697368,-0.5661524894135818
2,1,30570,236,62,50.22,0.16,12.4,27.225,0.1862732919254634,-0.0005904741334204253,0.04400000000000048,-0.013419866668645882,0.08,-0.01466275659824022,0.0,-0.3498618086718692
2,1,30592,236,62,50.77,0.17,12.3,27.247,0.18108859104282207,-0.0005215538057548859,0.04299999999999926,-0.012129158273369647,0.07935483870967742,0.015003750937734602,0.4651162790697752,-0.19416590008894924
2,1,30613,236,62,53.31,0.18,12.5,27.268,0.17792415822163873,-0.0004613143875631316,0.04100000000000037,-0.011251570428368962,0.08064516129032258,0.11014948859165913,0.48780487804877587,-0.11704765625622601
2,1,30633,0,244,55.73,0.19,13.0,27.288,0.17628963713631676,-0.0004128953468052945,0.04499999999999815,-0.009175452151229143,0.08387096774193549,0.10035842293907223,0.44444444444446307,-0.06341941811049487
2,1,30658,0,244,55.51,0.2,13.2,27.313,0.17507028440666658,-0.0003779696405472794,0.0470000000000006,-0.008041907245686694,0.08516129032258064,0.027453671928619937,0.212765957446806,-0.03776787018424748
2,1,30680,0,244,55.07,0.2,13.2,27.335,0.1745145472376571,-0.00035663676532956856,0.04200000000000159,-0.008491351555465597,0.08516129032258064,-0.015360983102917912,-0.23809523809522928,-0.06257880726661061
2,1,30700,0,244,53.97,0.19,13.1,27.355,0.17244197450146884,-0.00034748440908834155,0.04199999999999804,-0.008273438311627567,0.08451612903225807,-0.030721966205838423,-0.47619047619049887,-0.12025405127726603
2,1,30722,0,244,52.54,0.18,13.0,27.377,0.16946387708401217,-0.00034780239282035375,0.04299999999999926,-0.008088427740008366,0.08387096774193549,-0.07501875468867365,-0.6976744186046632,-0.17287911386150054
2,1,30743,51,230,51.1,0.16,12.6,27.398,0.16500817260542444,-0.000353915765501414,0.043000000000002814,-0.008230599197706764,0.08129032258064516,-0.12003000750186786,-0.4651162790697368,-0.2694298942502653
2,1,30765,51,230,49.89,0.16,12.2,27.42,0.15787839163125,-0.00036159413630393366,0.04299999999999926,-0.008409165960556741,0.07870967741935483,-0.08852213053263447,-0.23255813953488794,-0.3559454754175638
2,1,30786,51,230,48.9,0.15,12.01,27.441,0.14970251716246946,-0.00036649136254264113,0.05999999999999872,-0.006108189375710816,0.07748387096774194,-0.07419354838709837,-0.5000000000000107,-0.31513566525008413
2,1,30825,51,230,47.47,0.13,11.51,27.48,0.13897025171624536,-0.00036457226026987577,0.060000000000002274,-0.006076204337831032,0.07425806451612903,-0.08602150537634076,-0.499999999999981,-0.3571428571428391
2,1,30846,50,241,46.7,0.12,11.21,27.501,0.1282739457338983,-0.0003524892570368756,0.04499999999999815,-0.00783309460081978,0.0723225806451613,-0.08602150537634741,-0.4444444444444628,-0.4859976027024225
2,1,30870,50,241,45.82,0.11,10.91,27.525,0.11710035959463724,-0.00032788005671425147,0.045999999999999375,-0.007127827319875129,0.07038709677419355,-0.0827489481065931,-0.21739130434782894,-0.46882328695083675
2,1,30892,50,241,44.94,0.11,10.62,27.547,0.1067080745341601,-0.00028956620532963307,0.043000000000002814,-0.006734097798363119,0.06851612903225807,-0.07351837959489411,-0.2325581395348684,-0.4366832146087828
2,1,30913,50,241,44.17,0.1,10.42,27.568,0.09832298136645835,-0.00023764117733818146,0.04299999999999926,-0.0055265390078647805,0.0672258064516129,-0.07501875468867365,-0.2325581395348876,-0.3495594395493299
2,1,30935,50,241,43.39,0.1,10.12,27.59,0.09167701863353918,-0.00017344468942548553,0.04299999999999926,-0.004033597428499733,0.06529032258064515,-0.07501875468867332,-0.23255813953488794,-0.2641842219299528
2,1,30956,213,43,42.73,0.09,9.92,27.611,0.08696305982347058,-9.942727258826345e-05,0.04299999999999926,-0.0023122621532154688,0.064,-0.045011252813203805,-0.23255813953488794,-0.1338786805233516
2,1,30978,213,43,42.84,0.09,9.82,27.633,0.08592023537103516,-1.891606901510201e-05,0.04199999999999804,-0.0004503825955976879,0.06335483870967742,-0.015360983102919211,0.0,0.03977334640950336
2,1,30998,213,43,42.84,0.09,9.82,27.653,0.08863354037266964,6.420034079834557e-05,0.04200000000000159,0.0015285795428176938,0.06335483870967742,-0.015360983102917912,-0.23809523809522895,0.23319167483926026
2,1,31020,213,43,42.95,0.08,9.72,27.675,0.09571428571428446,0.0001458438090259069,0.043000000000002814,0.003391716488974357,0.06270967741935485,-0.015003750937733361,0.0,0.411899313501112
2,1,31041,213,43,43.72,0.09,9.72,27.696,0.10634521085321862,0.00022214527406341132,0.045999999999999375,0.004829245088335095,0.06270967741935485,0.0,0.21739130434782894,0.49525988885256655
2,1,31066,241,50,45.49,0.09,9.72,27.721,0.11849624060150221,0.0002898353706575989,0.04499999999999815,0.006440786014613574,0.06270967741935485,0.07168458781362289,0.4444444444444628,0.5487632123787883
2,1,31086,241,50,47.8,0.11,10.22,27.741,0.13103955541026308,0.0003465876880641687,0.04200000000000159,0.008252087811051323,0.06593548387096775,0.18279569892472414,0.9523809523809165,0.574650912996749
2,1,31108,241,50,50.88,0.13,10.91,27.763,0.14263157894736658,0.0003912722487401705,0.04299999999999926,0.009099354621864586,0.07038709677419355,0.23855963990998144,0.9302325581395507,0.5270000076024262
2,1,31129,241,50,54.3,0.15,11.81,27.784,0.153700555737167,0.00042407801592474746,0.04299999999999926,0.009862279440110576,0.07619354838709677,0.26856714178545066,1.1627906976744384,0.46564844872545563
2,1,31151,241,50,57.38,0.18,12.7,27.806,0.16265446224256083,0.0004464725209621143,0.043000000000002814,0.010383081882839188,0.08193548387096773,0.2520630157539221,1.3953488372092109,0.3576940328576468
2,1,31172,53,255,60.13,0.21,13.49,27.827,0.16908139915004683,0.000460985749829117,0.04299999999999926,0.010720598833235463,0.08703225806451613,0.17854463615904304,0.9302325581395511,0.24928347157073766
2,1,31194,53,255,59.91,0.22,13.89,27.849,0.17337365152010237,0.00047083229867666356,0.04299999999999926,0.010949588341317946,0.08961290322580645,0.045011252813203805,0.0,0.16983814440043543
2,1,31215,53,255,58.92,0.21,13.79,27.87,0.17638443935926543,0.0004794151837706675,0.04299999999999926,0.011149190320248272,0.08896774193548386,-0.045011252813204124,-0.4651162790697752,0.08955655062834
2,1,31237,53,255,56.83,0.2,13.59,27.892,0.17722458319712092,0.0004897794575328778,0.04499999999999815,0.010883987945175509,0.0876774193548387,-0.09892473118279947,-0.666666666666694,0.011332679524899478
2,1,31260,53,255,54.08,0.18,13.1,27.915,0.17689440993788588,0.0005040972727875773,0.045000000000001705,0.011202161617501292,0.08451612903225807,-0.15627240143368581,-0.8888888888888554,-0.008208928117394645
2,1,31282,240,48,51.54,0.16,12.5,27.937,0.17685518143183815,0.0005232644011869407,0.04299999999999926,0.012168939562487203,0.08064516129032258,-0.13503375843961238,-0.6976744186046632,-0.008818811437085863
2,1,31303,240,48,51.65,0.15,12.2,27.958,0.1765152010460912,0.0005466716201563937,0.04299999999999926,0.012713293492009373,0.07870967741935483,-0.045011252813204124,-0.23255813953488794,0.05587781384705535
2,1,31325,240,48,51.54,0.15,12.2,27.98,0.1792579274272615,0.0005721865813689728,0.043000000000002814,0.013306664682998497,0.07870967741935483,0.0,0.0,0.1912769791009221
2,1,31346,240,48,52.76,0.15,12.2,28.001,0.18474011114743139,0.0005963488391759225,0.04299999999999926,0.013868577655254248,0.07870967741935483,0.030007501875469526,0.23255813953488794,0.3259919262260817
2,1,31368,240,48,54.96,0.16,12.4,28.023,0.19327558025498276,0.0006147492604548575,0.04299999999999926,0.014296494429182977,0.08,0.13503375843961238,0.9302325581395511,0.4653443517793494
2,1,31389,252,54,57.49,0.19,13.1,28.044,0.20474991827394307,0.0006225400653905382,0.04299999999999926,0.014477675939315092,0.08451612903225807,0.20855213803451192,1.1627906976744384,0.623398739518162
2,1,31411,252,54,60.46,0.21,13.79,28.066,0.22008172605426327,0.0006150059011518536,0.04299999999999926,0.014302462817485213,0.08896774193548386,0.22355588897224685,0.9302325581395511,0.7650318921672267
2,1,31432,252,54,63.55,0.23,14.59,28.087,0.23764628963713325,0.0005881209048241836,0.045000000000001705,0.013069353440536918,0.09412903225806452,0.22795698924730365,1.3333333333332833,0.7810831426391662
2,1,31456,252,54,66.3,0.27,15.38,28.111,0.2552304674730271,0.000539022059196947,0.045000000000001705,0.011978267982153925,0.09922580645161291,0.226523297491031,1.3333333333332822,0.7335004177109065
2,1,31477,252,54,69.16,0.29,16.17,28.132,0.2706538084341253,0.000466344046002936,0.04299999999999926,0.010845210372161488,0.1043225806451613,0.22355588897224685,0.9302325581395504,0.675627390011939
2,1,31499,1,234,71.37,0.31,16.87,28.154,0.28428244524353996,0.0003703824134872278,0.04299999999999926,0.00861354449970312,0.10883870967741936,0.13503375843961204,0.9302325581395517,0.5254795228718936
2,1,31520,1,234,71.15,0.33,17.07,28.175,0.2932494279176163,0.00025307681871017884,0.04299999999999926,0.005885507411864725,0.11012903225806452,0.030007501875469203,0.23255813953488794,0.3041729703429461
2,1,31542,1,234,70.05,0.32,17.07,28.197,0.2973618829682864,0.00011783078837928506,0.04299999999999926,0.0027402508925415603,0.11012903225806452,-0.045011252813204124,-0.4651162790697759,0.09487824718520267
2,1,31563,1,234,67.84,0.31,16.77,28.218,0.29732919254657997,-3.079526006600375e-05,0.04299999999999926,-0.0007161688387442856,0.10819354838709677,-0.07501875468867332,-0.6976744186046637,-0.11388430631685448
2,1,31585,1,234,65.64,0.29,16.57,28.24,0.29246485779666176,-0.00018746887867528096,0.04299999999999926,-0.004359741364541493,0.10690322580645162,-0.10502625656414286,-0.6976744186046625,-0.34507400959425977
2,1,31606,58,237,63.66,0.28,16.07,28.261,0.28249101013402705,-0.0003464970534542804,0.043000000000002814,-0.008058071010564133,0.1036774193548387,-0.14853713428356125,-0.6976744186046049,-0.537719424952632
2,1,31628,58,237,61.68,0.26,15.58,28.283,0.26934292252369707,-0.0005022187954112845,0.04299999999999926,-0.011679506870030073,0.10051612903225807,-0.13353338334583859,-0.9302325581395517,-0.6842941529759718
2,1,31649,58,237,59.8,0.24,15.18,28.304,0.25306636155606077,-0.0006493443275454691,0.04499999999999815,-0.014429873945455461,0.09793548387096775,-0.12903225806452157,-0.8888888888889256,-0.7773055827975962
2,1,31673,58,237,57.82,0.22,14.68,28.328,0.23436417129780668,-0.0007832194526076019,0.045000000000001705,-0.017404876724612717,0.09470967741935483,-0.14193548387096244,-0.4444444444444274,-0.8272129599360295
2,1,31694,58,237,56.28,0.22,14.19,28.349,0.21584177835893803,-0.0009000065676823433,0.04299999999999926,-0.020930385294938576,0.0915483870967742,-0.13353338334583892,-0.6976744186046632,-0.8499716982500697
2,1,31716,51,255,54.85,0.19,13.79,28.371,0.1978153882730543,-0.0009967846011441957,0.04299999999999926,-0.023181037235911927,0.08896774193548386,-0.12003000750187745,-0.9302325581395511,-0.837357818359308
2,1,31737,51,255,53.09,0.18,13.39,28.392,0.1798353921694884,-0.0010715777799327811,0.043000000000002814,-0.024920413486807232,0.08638709677419355,-0.1485371342835609,-0.4651162790697368,-0.8255026449906443
2,1,31759,51,255,51.21,0.17,12.8,28.414,0.16231877453845428,-0.0011233272317495119,0.04299999999999926,-0.026123889110454213,0.08258064516129032,-0.17854463615904304,-0.6976744186046632,-0.794252844170373
2,1,31780,51,255,49.23,0.15,12.2,28.435,0.14568251987016295,-0.001151820378072795,0.04299999999999926,-0.02678652042029802,0.07870967741935483,-0.17854463615904304,-0.9302325581395511,-0.7436084158983559
2,1,31802,51,255,47.47,0.13,11.61,28.457,0.13034361265482552,-0.0011575921540581664,0.043000000000002814,-0.026920747768792806,0.0749032258064516,-0.1635408852212946,-0.6976744186046054,-0.6735693601746062
2,1,31823,13,237,45.71,0.12,11.11,28.478,0.11671903738265299,-0.0011418109175372474,0.04299999999999926,-0.026553742268308537,0.0716774193548387,-0.14853713428357318,-0.46511627906977554,-0.5841356769992921
2,1,31845,13,237,44.39,0.11,10.62,28.5,0.1052257785438564,-0.0011061612186437717,0.04499999999999815,-0.024581360414307047,0.06851612903225807,-0.1275985663082488,-0.44444444444446246,-0.45418259453349097
2,1,31868,13,237,43.17,0.1,10.22,28.523,0.09628082062864673,-0.0010527348030383284,0.045000000000001705,-0.023394106734184187,0.06593548387096775,-0.11469534050178769,-0.4444444444444277,-0.3316584537026821
2,1,31890,13,237,42.18,0.09,9.82,28.545,0.09030114812723514,-0.0009839392524871827,0.04299999999999926,-0.022882308197376737,0.06335483870967742,-0.10352588147036955,-0.46511627906977554,-0.19946686276312622
2,1,31911,13,237,41.3,0.08,9.53,28.566,0.08770374552983246,0.0,0.0,0.0,0.06148387096774193,0.0,0.0,0.0
