MS,MPT,t (ms),PWMi,PWMe,Pressure (Psi),LW raw(V),Displacement (mm),t_rel(s),LW (V),delta d (m),delta t (s),vel (m/s),strain,strain rate (1/s),dv/dt raw,dv/dt
25,2,801930,0,205,13.22,0.05,1.98,0.0,-0.019625447016751188,0.0,0.0,0.0,0.0,0.0,0.0,0.0
25,2,801970,255,0,13.22,0.05,1.98,0.04,0.03808206286467167,0.00265195406100387,0.079,0.03356903874688443,0.012774193548387096,0.0,0.0,1.442245730401451
25,2,802009,255,0,15.86,0.05,1.98,0.079,0.09431196568496344,0.003006333700668454,0.07799999999999999,0.038542739752159674,0.012774193548387096,0.15632754342431768,0.3846153846153847,1.4187118077278253
25,2,802048,255,0,30.84,0.08,3.87,0.118,0.14874158386744202,0.0034721561268074314,0.077,0.045092936711784826,0.024967741935483873,0.44072056975282786,1.168831168831169,1.3861853785774252
25,2,802086,255,0,45.71,0.14,7.24,0.156,0.2010482398354252,0.003908073026849604,0.07700000000000001,0.05075419515389095,0.04670967741935484,0.5814830330959363,1.8181818181818181,1.3268528849972567
25,2,802125,255,0,56.06,0.22,10.81,0.195,0.2509092560122308,0.004182456825433732,0.07800000000000001,0.053621241351714505,0.06974193548387098,0.5334987593052107,2.179487179487179,1.2429963459711737
25,2,802164,255,0,63.11,0.31,13.69,0.234,0.29800195482117675,0.004209344104212789,0.07900000000000001,0.05328283676218719,0.08832258064516128,0.3977133523887299,2.151898734177215,1.15309370472595
25,2,802204,255,0,68.06,0.39,15.68,0.274,0.34200365868558086,0.003966792721295526,0.08099999999999999,0.048972749645623787,0.10116129032258064,0.2843488649940265,1.4814814814814816,1.0443177186121504
25,2,802245,255,0,71.92,0.43,17.26,0.315,0.3825916900287609,0.0034945586101345575,0.07999999999999996,0.04368198262668199,0.11135483870967743,0.2000000000000001,1.0,0.9679964073556762
25,2,802284,255,0,74.78,0.47,18.16,0.354,0.4194433712740349,0.0028755627851667926,0.07800000000000001,0.036866189553420414,0.11716129032258064,0.14805624483043833,0.6410256410256407,0.8928760873840212
25,2,802323,255,0,76.98,0.48,19.05,0.393,0.4522360248447146,0.002209786360746069,0.07800000000000001,0.02833059436853934,0.12290322580645162,0.13068651778329168,0.3846153846153849,0.8098537617987607
25,2,802362,255,0,78.86,0.5,19.74,0.432,0.48261196469433826,0.0015893517954330002,0.07799999999999996,0.02037630506965386,0.1273548387096774,0.09842845326716276,0.2564102564102568,0.6866664990234692
25,2,802401,255,0,80.62,0.5,20.24,0.471,0.5057960117685452,0.0010808816016699971,0.07800000000000001,0.013857456431666628,0.1305806451612903,0.08271298593879259,0.1282051282051283,0.4893085556701063
25,2,802440,255,0,81.94,0.51,20.74,0.51,0.5207780320366066,0.0007176120992167974,0.07800000000000007,0.009200155118164062,0.13380645161290322,0.07361455748552526,0.1282051282051282,0.2752701150870463
25,2,802479,255,0,83.37,0.51,21.13,0.549,0.5272670807453348,0.0005006077660490469,0.07799999999999996,0.006418048282680092,0.13632258064516128,0.05707196029776697,0.1282051282051284,0.10527992221355857
25,2,802518,255,0,84.69,0.52,21.43,0.588,0.5289898659692641,0.0004064496472521668,0.07699999999999996,0.005278566847430741,0.13825806451612904,0.058651026392961915,0.12987012987013005,0.005179521361279725
25,2,802556,255,0,85.9,0.52,21.83,0.626,0.5276659038901533,0.0003980269792584394,0.08000000000000007,0.004975337240730488,0.14083870967741935,0.056451612903225416,0.0,-0.04482674076495548
25,2,802598,255,0,87.12,0.52,22.13,0.668,0.5254037267080677,0.0004352904422819215,0.08099999999999996,0.005373956077554589,0.14277419354838708,0.04699322978892897,0.0,-0.03817918386949542
25,2,802637,255,0,88.11,0.52,22.42,0.707,0.5245733899967242,0.00048367441982777494,0.07799999999999996,0.006200954100356092,0.1446451612903226,0.04880066170388778,0.0,-0.01986571780621971
25,2,802676,255,0,89.1,0.52,22.72,0.746,0.5238542007191825,0.0005190196259085376,0.08300000000000007,0.006253248504922134,0.14658064516129032,0.03886513797123986,0.0,0.0033478142711414046
25,2,802720,255,0,90.09,0.52,22.92,0.79,0.5248512585812289,0.0005289224406397714,0.08399999999999996,0.006296695721902044,0.1478709677419355,0.030721966205837333,0.11904761904761921,0.015605784647955628
25,2,802760,255,0,90.97,0.53,23.12,0.83,0.5251650866296108,0.0005112639065002505,0.07899999999999996,0.006471695018990516,0.14916129032258066,0.032666394446712765,0.12658227848101283,0.006331182938081771
25,2,802799,255,0,91.74,0.53,23.32,0.869,0.5253514220333374,0.00047109431135404376,0.07800000000000007,0.006039670658385171,0.1504516129032258,0.03225806451612899,-0.1282051282051282,-0.0008801267382517705
25,2,802838,255,0,92.51,0.52,23.51,0.908,0.5250964367440272,0.0004170621627227575,0.07799999999999996,0.00534695080413792,0.15167741935483872,0.03225806451612903,0.0,-0.001885985867678708
25,2,802877,255,0,93.28,0.53,23.71,0.947,0.5252043151356585,0.0003582934520367758,0.07799999999999996,0.004593505795343282,0.15296774193548388,0.02481389578163758,0.0,0.006579995138347233
25,2,802916,255,0,93.94,0.52,23.81,0.986,0.5256096763648183,0.00030222681635098426,0.07999999999999996,0.003777835204387305,0.15361290322580645,0.024193548387096985,-0.12500000000000017,0.0064563582870214055
25,2,802957,255,0,94.71,0.52,24.01,1.027,0.5257208237986202,0.0002535418706323362,0.08000000000000007,0.0031692733829042,0.15490322580645163,0.024193548387096607,0.125,0.0029830009807135767
25,2,802996,255,0,95.15,0.53,24.11,1.066,0.5258483164432753,0.00021405042726134837,0.07800000000000007,0.002744236246940361,0.15554838709677418,0.016542597187758364,0.1282051282051282,0.0030594881853458346
25,2,803035,255,0,95.7,0.53,24.21,1.105,0.5259594638770771,0.00018326643200687086,0.07799999999999985,0.0023495696411137334,0.1561935483870968,0.01654259718775841,0.0,0.00938801854133564
25,2,803074,255,0,96.04,0.53,24.31,1.144,0.5265805818894995,0.00015932006612490567,0.07699999999999996,0.002069091767855919,0.15683870967741934,0.016757436112274728,-0.12987012987013005,0.003778503288147548
25,2,803112,255,0,96.37,0.52,24.41,1.182,0.5262504086302645,0.00013990640106737118,0.07700000000000018,0.0018169662476281928,0.15748387096774194,0.01675743611227504,-0.1298701298701297,-0.002377485215013921
25,2,803151,255,0,96.59,0.52,24.51,1.221,0.5263975155279434,0.0001230298946507702,0.07800000000000007,0.0015773063416765396,0.15812903225806452,0.008271298593879182,0.1282051282051282,0.0027242018088697154
25,2,803190,255,0,96.7,0.53,24.51,1.26,0.5264628963713563,0.0001074120554091067,0.07799999999999985,0.0013770776334500886,0.15812903225806452,0.008271298593879204,0.12820512820512858,0.005029295647144652
25,2,803229,255,0,96.92,0.53,24.61,1.299,0.5267898005884207,9.255636039138083e-05,0.07800000000000007,0.001186620005017702,0.1587741935483871,0.008271298593879182,0.0,0.00733438948541956
25,2,803268,255,0,96.92,0.53,24.61,1.338,0.5270349787512191,7.857040558428353e-05,0.08000000000000007,0.0009821300698035433,0.1587741935483871,0.0,-0.125,0.005107878391631677
25,2,803309,255,0,97.03,0.52,24.61,1.379,0.5271984308597513,6.588885803008537e-05,0.07999999999999985,0.0008236107253760687,0.1587741935483871,0.008064516129032225,0.0,-0.003922850604771996
25,2,803348,255,0,97.03,0.53,24.71,1.418,0.5267211507028373,5.5016153965219415e-05,0.07800000000000007,0.0007053353072464021,0.15941935483870967,0.008271298593879182,0.1282051282051282,-0.00653808434128931
25,2,803387,255,0,97.03,0.53,24.71,1.457,0.5266884602811307,4.634580716001224e-05,0.07800000000000007,0.0005941770148719513,0.15941935483870967,0.0,0.0,0.004861652458905866
25,2,803426,255,0,97.03,0.53,24.71,1.496,0.527100359594632,4.006082968265545e-05,0.07799999999999985,0.0005136003805468657,0.15941935483870967,0.0,-0.12820512820512858,0.002347004635335689
25,2,803465,255,0,97.03,0.52,24.71,1.535,0.5268715266426869,3.610140702350861e-05,0.07800000000000007,0.00046283855158344334,0.15941935483870967,0.007444168734491442,0.0,0.0046520984736077575
25,2,803504,255,0,97.03,0.53,24.8,1.574,0.5274632232755734,3.417968407596916e-05,0.07800000000000007,0.00043820107789704015,0.16,0.007444168734491442,0.0,-0.0041910797059536275
25,2,803543,255,0,97.03,0.52,24.8,1.613,0.5265446224256225,3.380746872875307e-05,0.07699999999999996,0.0004390580354383518,0.16,0.0,0.0,-0.017661318740101406
25,2,803581,255,0,97.03,0.53,24.8,1.651,0.5261033017325856,3.4309181140699255e-05,0.07699999999999996,0.00044557378104804254,0.16,0.0,0.12987012987013005,-0.012524252471948166
25,2,803620,255,0,97.03,0.53,24.8,1.69,0.5255802549852825,3.484158387759706e-05,0.08000000000000007,0.0004355197984699629,0.16,0.0,-0.125,-0.0028195488721807745
25,2,803661,255,0,97.03,0.52,24.8,1.731,0.5258777378228111,3.448739474007922e-05,0.08000000000000007,0.00043109243425098993,0.16,0.0,0.0,0.006824125531219854
25,2,803700,255,0,96.92,0.53,24.8,1.77,0.5261261850277801,3.246615600620473e-05,0.07799999999999985,0.00041623276931031786,0.16,0.008271298593879204,0.12820512820512858,-0.012573239117860917
25,2,803739,255,0,97.03,0.53,24.9,1.809,0.524897025171618,2.8414139967079423e-05,0.07800000000000007,0.00036428384573178714,0.16064516129032258,0.008271298593879182,-0.1282051282051282,-0.020578201356234102
25,2,803778,255,0,97.03,0.52,24.9,1.848,0.5245210853219938,2.2600358631585492e-05,0.07800000000000007,0.00028974818758442916,0.16064516129032258,0.0,-0.1282051282051282,-0.005867511588335647
25,2,803817,255,0,97.03,0.52,24.9,1.887,0.5244393592677278,1.5946711692272687e-05,0.07799999999999985,0.00020444502169580407,0.16064516129032258,0.0,0.12820512820512858,0.0016764318823834484
25,2,803856,255,0,96.92,0.53,24.9,1.926,0.5246518470088197,9.813973951985133e-06,0.07800000000000007,0.00012582017887160414,0.16064516129032258,0.0,0.0,0.004819741661846529
25,2,803895,255,0,96.92,0.52,24.9,1.965,0.5248152991173518,5.628057937311582e-06,0.07800000000000007,7.215458893989201e-05,0.16064516129032258,0.0,0.0,0.01072916404724009
25,2,803934,255,0,96.92,0.53,24.9,2.004,0.5254887218045045,4.475988534242248e-06,0.07800000000000007,5.7384468387721076e-05,0.16064516129032258,0.0,0.0,-0.0016764318823820202
25,2,803973,255,0,96.92,0.52,24.9,2.043,0.524684537430526,6.788773691827288e-06,0.08000000000000007,8.485967114784103e-05,0.16064516129032258,0.0,0.0,-0.009439359267733585
25,2,804014,255,0,96.92,0.53,24.9,2.084,0.5247335730630858,1.2187354443920385e-05,0.07899999999999974,0.00015427030941671425,0.16064516129032258,0.0,0.0,0.004965633676927638
25,2,804052,255,0,96.92,0.52,24.9,2.122,0.5250768224910033,1.952726112293135e-05,0.07699999999999996,0.0002536007938043034,0.16064516129032258,0.0,-0.12987012987013005,0.0010189222350053513
25,2,804091,255,0,96.92,0.52,24.9,2.161,0.5248120300751812,2.713899436320588e-05,0.07800000000000029,0.00034793582516930486,0.16064516129032258,0.0,0.12820512820512783,0.003730060938299486
25,2,804130,255,0,96.92,0.53,24.9,2.2,0.5253677672441907,3.3214669338672566e-05,0.07799999999999985,0.00042582909408554656,0.16064516129032258,0.008271298593879204,0.12820512820512858,0.01760253476500557
25,2,804169,255,0,96.92,0.53,25.0,2.239,0.5261850277868516,3.623884334455951e-05,0.07799999999999985,0.00046460055569948184,0.16129032258064516,0.008271298593879204,0.0,0.0199076286032805
25,2,804208,255,0,96.92,0.53,25.0,2.278,0.5269205622752465,3.533274127213559e-05,0.07800000000000029,0.0004529838624632751,0.16129032258064516,0.0,0.0,0.006244708761871086
25,2,804247,255,0,96.92,0.53,25.0,2.317,0.5266721150702776,3.0416955249936706e-05,0.07799999999999985,0.00038996096474277906,0.16129032258064516,0.0,-0.12820512820512858,0.0037300609382995074
25,2,804286,255,0,96.92,0.52,25.0,2.356,0.5272115070284339,2.2192723768380773e-05,0.07799999999999985,0.00028452209959462584,0.16129032258064516,0.0,-0.12820512820512858,0.005196938835383424
25,2,804325,255,0,96.92,0.52,25.0,2.395,0.5270774762994375,1.2025788478009503e-05,0.08000000000000007,0.00015032235597511865,0.16129032258064516,0.0,0.125,0.0060885910428243265
25,2,804366,255,0,96.92,0.53,25.0,2.436,0.5276985943118598,1.8228975354332989e-06,0.08000000000000007,2.2786219192916217e-05,0.16129032258064516,0.0,0.125,0.013689114089571174
25,2,804405,255,0,96.92,0.53,25.0,2.475,0.5281726054266032,-6.076076461134506e-06,0.07799999999999985,-7.789841616839124e-05,0.16129032258064516,0.0,0.0,0.010268145279585989
25,2,804444,255,0,96.92,0.53,25.0,2.514,0.5284995096436675,-9.052926155046493e-06,0.07799999999999985,-0.00011606315583392963,0.16129032258064516,0.0,0.0,-0.0006705727529522406
25,2,804483,255,0,96.92,0.53,25.0,2.553,0.5281203007518729,-4.532705558492722e-06,0.0770000000000004,-5.886630595445063e-05,0.16129032258064516,0.008378718056137676,0.0,-0.012184611726946312
25,2,804521,255,0,96.92,0.53,25.1,2.591,0.5275612945406927,9.404409589802044e-06,0.07699999999999996,0.00012213518947794868,0.16193548387096776,0.008378718056137725,0.0,-0.005561617199407994
25,2,804560,255,0,96.92,0.53,25.1,2.63,0.5276920562275185,3.307451294331187e-05,0.07799999999999985,0.0004240322172219479,0.16193548387096776,0.0,-0.12820512820512858,0.005029295647144652
25,2,804599,255,0,96.81,0.52,25.1,2.669,0.52795357960117,6.403293501695018e-05,0.07800000000000029,0.000820935064319871,0.16193548387096776,0.0,0.0,0.015548905709087998
25,2,804638,255,0,96.92,0.53,25.1,2.708,0.5289048708728273,9.606397714093263e-05,0.07799999999999985,0.0012315894505247798,0.16193548387096776,0.0,0.12820512820512858,0.022086990050377415
25,2,804677,255,0,96.81,0.53,25.1,2.747,0.5296763648250994,0.00011882960675780296,0.08099999999999996,0.001467032182195099,0.16193548387096776,0.0,0.0,0.006094140342806351
25,2,804719,255,0,96.92,0.53,25.1,2.789,0.5293984962405947,0.0001186581306186767,0.08099999999999996,0.0014649151928231698,0.16193548387096776,0.0,0.0,-0.006013423252172182
25,2,804758,255,0,96.92,0.53,25.1,2.828,0.5291892775416734,8.070368205704881e-05,0.07799999999999985,0.0010346625904749868,0.16193548387096776,0.0,-0.12820512820512858,-0.004065347314775628
25,2,804797,255,0,96.81,0.52,25.1,2.867,0.5290813991500422,-7.707107627762611e-06,0.07800000000000029,-9.880907215080234e-05,0.16193548387096776,0.0,0.0,0.006538084341287867
25,2,804836,255,0,96.92,0.53,25.1,2.906,0.5296992481202939,-0.0001532050501763962,0.07799999999999985,-0.001964167309953801,0.16193548387096776,0.0,0.12820512820512858,0.01085489643842098
25,2,804875,255,0,96.81,0.53,25.1,2.945,0.529928081072239,-0.00035306121805242085,0.07799999999999985,-0.004526425872466943,0.16193548387096776,0.0,0.0,-0.001424967100024579
25,2,804914,0,205,96.92,0.53,25.1,2.984,0.529588100686492,-0.0005936648004497585,0.07800000000000029,-0.007611087185253286,0.16193548387096776,-0.008271298593879513,0.0,-0.017895910344422252
25,2,804953,0,205,93.39,0.53,25.0,3.023,0.528532200065374,-0.0008517596280102282,0.07799999999999985,-0.010919995230900384,0.16129032258064516,-0.0653432588916466,0.0,-0.037719717353584176
25,2,804992,0,205,87.45,0.53,24.31,3.062,0.5266459627329124,-0.0010985860709327078,0.07699999999999996,-0.014267351570554655,0.15683870967741934,-0.13238374528697108,-0.12987012987013005,-0.06529593322663005
25,2,805030,0,205,81.83,0.52,23.42,3.1,0.5235044132069235,-0.0013059337718879754,0.07900000000000018,-0.016530807239088258,0.1510967741935484,-0.13801551653736158,-0.12658227848101247,-0.08189157538866258
25,2,805071,0,205,76.98,0.52,22.62,3.141,0.5201765282772081,-0.001452218189492882,0.08000000000000007,-0.01815272736866101,0.14593548387096775,-0.13629032258064508,0.0,-0.10317914351094933
25,2,805110,0,205,73.13,0.52,21.73,3.18,0.5152500817260476,-0.0015266267204808023,0.07799999999999985,-0.019572137442061606,0.14019354838709677,-0.13151364764268025,-0.12820512820512858,-0.13859900587589258
25,2,805149,0,205,69.94,0.51,21.03,3.219,0.5093658058188885,-0.0015302076945699526,0.07799999999999985,-0.01961804736628148,0.1356774193548387,-0.11497105045492148,-0.12820512820512858,-0.1728401270735347
25,2,805188,0,205,67.29,0.51,20.34,3.258,0.5017685518143119,-0.001473989971599046,0.07800000000000029,-0.018897307328192826,0.13122580645161291,-0.10669975186104202,-0.25641025641025567,-0.22602492854208842
25,2,805227,0,205,65.09,0.49,19.74,3.297,0.4917358613926055,-0.0013751792659637233,0.07799999999999985,-0.01763050340979136,0.1273548387096774,-0.09842845326716343,-0.3846153846153857,-0.2602660497397311
25,2,805266,0,205,63.0,0.48,19.15,3.336,0.4814677999346129,-0.0012528292069966937,0.07799999999999985,-0.016061912910214055,0.12354838709677418,-0.10669975186104211,-0.25641025641025716,-0.28147291305185673
25,2,805305,0,205,61.35,0.47,18.45,3.375,0.4697809741745607,-0.0011241627671751218,0.07800000000000029,-0.014412343168911764,0.11903225806451613,-0.09015715467328336,-0.25641025641025494,-0.31386995917887983
25,2,805344,0,205,59.8,0.46,18.06,3.414,0.4569859431186602,-0.0010021994875988901,0.07799999999999985,-0.012848711379472976,0.11651612903225805,-0.07361455748552546,-0.25641025641025644,-0.3378848458939949
25,2,805383,0,205,58.37,0.45,17.56,3.453,0.44342595619482916,-0.0008948288629953823,0.08000000000000007,-0.011185360787442268,0.11329032258064516,-0.07983870967741914,-0.375,-0.3508499509643607
25,2,805424,0,205,57.16,0.43,17.07,3.494,0.4289179470415113,-0.0008051116845502087,0.08000000000000007,-0.010063896056877599,0.11012903225806452,-0.07177419354838677,-0.5,-0.36286368094147936
25,2,805463,0,205,56.17,0.41,16.67,3.533,0.4143968617195108,-0.0007323924293353201,0.07699999999999996,-0.0095115899913678,0.10754838709677421,-0.058651026392961735,-0.38961038961038946,-0.3837515867591011
25,2,805501,0,205,55.18,0.4,16.37,3.571,0.39936907486106055,-0.0006737482510984236,0.07699999999999996,-0.008749977286992519,0.10561290322580646,-0.058651026392962095,-0.38961038961038946,-0.37988817328470276
25,2,805540,0,205,54.3,0.38,15.97,3.61,0.3851454723765887,-0.0006253722053143882,0.07799999999999985,-0.008017592375825507,0.10303225806451613,-0.05707196029776705,-0.3846153846153857,-0.3603071223208485
25,2,805579,0,205,53.64,0.37,15.68,3.649,0.3712651193200344,-0.0005836330267766456,0.07800000000000029,-0.00748247470226466,0.10116129032258064,-0.04880066170388721,-0.25641025641025567,-0.3458478973353062
25,2,805618,0,205,52.87,0.36,15.38,3.688,0.3581693363844347,-0.0005457017304670071,0.07799999999999985,-0.00699617603162831,0.09922580645161291,-0.041356492969396204,-0.384615384615385,-0.33164013713212454
25,2,805657,0,205,52.31,0.34,15.18,3.727,0.34539718862372876,-0.0005097629027210413,0.07799999999999985,-0.006535421829756953,0.09793548387096775,-0.041356492969396384,-0.384615384615385,-0.32250358337314494
25,2,805696,0,205,51.76,0.33,14.88,3.766,0.33301405688132946,-0.00047492486598078187,0.07800000000000029,-0.006088780333086925,0.096,-0.04135649296939615,-0.25641025641025567,-0.30054232571394596
25,2,805735,0,205,51.32,0.32,14.68,3.805,0.3219548872180409,-0.0004409812006233853,0.08000000000000007,-0.005512265007792312,0.09470967741935483,-0.03145161290322576,-0.25,-0.2665086629617492
25,2,805776,0,205,50.77,0.31,14.49,3.846,0.3116933638443895,-0.0004081539073821219,0.07999999999999963,-0.0051019238422765475,0.09348387096774194,-0.031451612903225935,-0.1250000000000007,-0.2352893102320991
25,2,805815,0,205,50.33,0.31,14.29,3.885,0.30313174239947305,-0.00037689592055047073,0.07799999999999985,-0.004831998981416301,0.09219354838709677,-0.033085194375517,-0.25641025641025716,-0.21646926681251316
25,2,805854,0,205,49.89,0.29,14.09,3.924,0.2948087610330135,-0.00034776992283175366,0.07800000000000029,-0.004458588754253236,0.09090322580645162,-0.03308519437551681,-0.25641025641025567,-0.2111885063830113
25,2,805893,0,205,49.56,0.29,13.89,3.963,0.2866590389015981,-0.0003213657934435155,0.07799999999999985,-0.004120074274916873,0.08961290322580645,-0.024813895781637972,-0.12820512820512786,-0.18968826749146864
25,2,805932,0,205,49.23,0.28,13.79,4.002,0.280013076168679,-0.0002982000883416323,0.07699999999999996,-0.0038727284200212007,0.08896774193548386,-0.025136154168412275,-0.2597402597402594,-0.1737686961616326
25,2,805970,0,205,48.9,0.27,13.59,4.04,0.2732788492971524,-0.0002785749908918227,0.07699999999999996,-0.0036178570245691283,0.0876774193548387,-0.025136154168412094,-0.12987012987013005,-0.16689097107534395
25,2,806009,0,205,48.57,0.27,13.49,4.079,0.2671624713958775,-0.00026243374744221447,0.07800000000000029,-0.0033645352236181215,0.08703225806451613,-0.016542597187758315,-0.12820512820512783,-0.1402754377582738
25,2,806048,0,205,48.35,0.26,13.39,4.118,0.262337365152007,-0.0002492894661600928,0.07800000000000029,-0.003196018796924255,0.08638709677419355,-0.0157154673283704,-0.12820512820512783,-0.12883379016101862
25,2,806087,0,205,48.13,0.26,13.3,4.157,0.257113435763318,-0.0002382960281180999,0.08000000000000007,-0.002978700351476246,0.08580645161290323,-0.02338709677419356,-0.125,-0.1279830009807108
25,2,806128,0,205,47.91,0.25,13.1,4.198,0.25209872507355013,-0.00022846621704866266,0.08000000000000007,-0.0028558277131082808,0.08451612903225807,-0.02419354838709678,-0.125,-0.12254821837201595
25,2,806167,0,205,47.58,0.25,13.0,4.237,0.24730957829355674,-0.00021895230827785993,0.0779999999999994,-0.0028070808753572,0.08387096774193549,-0.016542597187758683,-0.1282051282051293,-0.12011634437263627
25,2,806206,0,205,47.36,0.24,12.9,4.276,0.24272965021248458,-0.00020925869280206299,0.07800000000000029,-0.0026828037538725925,0.0832258064516129,-0.016542597187758495,-0.12820512820512783,-0.0966462980192938
25,2,806245,0,205,47.25,0.24,12.8,4.315,0.2397711670480518,-0.00019929802813956245,0.07900000000000063,-0.002522759849867859,0.08258064516129032,-0.01633319722335642,0.0,-0.08449853306904956
25,2,806285,0,205,47.03,0.24,12.7,4.355,0.2360542661000296,-0.00018929034820921764,0.07899999999999974,-0.002396080357078712,0.08193548387096773,-0.016333197223356605,-0.12658227848101283,-0.08623650485597525
25,2,806324,0,205,46.81,0.23,12.6,4.394,0.23295848316442977,-0.000179567605499507,0.0779999999999994,-0.0023021487884552355,0.08129032258064516,-0.016542597187758506,-0.12820512820512894,-0.0724637681159416
25,2,806363,0,205,46.7,0.23,12.5,4.433,0.2304020921869862,-0.00017036741439028092,0.07800000000000029,-0.002184197620388209,0.08064516129032258,-0.008271298593879158,0.0,-0.07124835500121394
25,2,806402,0,205,46.59,0.23,12.5,4.472,0.22740111147433506,-0.00016170313918065915,0.07600000000000051,-0.002127672883956027,0.08064516129032258,-0.008488964346349636,-0.1315789473684203,-0.08181208169164175
25,2,806439,0,205,46.37,0.22,12.4,4.509,0.2241843739784214,-0.00015338123586956876,0.07899999999999974,-0.0019415346312603706,0.08,-0.016333197223356428,-0.1265822784810132,-0.07460864599583646
25,2,806481,0,205,46.15,0.22,12.3,4.551,0.221507028440664,-0.00014517201279235436,0.08099999999999952,-0.0017922470715105584,0.07935483870967742,-0.01592990840302685,0.0,-0.0681655830397239
25,2,806520,0,205,46.04,0.22,12.2,4.59,0.2186629617522038,-0.00013703875883684446,0.0779999999999994,-0.0017569071645749425,0.07870967741935483,-0.016542597187758683,0.0,-0.06579995138347493
25,2,806559,0,205,45.93,0.22,12.1,4.629,0.216374632232753,-0.0001292714137535409,0.07800000000000029,-0.0016573258173530822,0.07806451612903226,-0.008271298593879158,0.0,-0.04668862792432547
25,2,806598,0,205,45.71,0.22,12.1,4.668,0.2150212487741064,-0.0001224217926869322,0.07800000000000029,-0.001569510162652971,0.07806451612903226,-0.007444168734491242,-0.12820512820512783,-0.04333576415956215
25,2,806637,0,205,45.6,0.21,12.01,4.707,0.21299444262830713,-0.00011706746659435119,0.07800000000000029,-0.00150086495633783,0.07748387096774194,-0.007444168734491242,-0.12820512820512783,-0.051340726397933925
25,2,806676,0,205,45.49,0.21,12.01,4.746,0.21101667211506753,-0.0001135386921808852,0.07800000000000029,-0.0014556242587292919,0.07748387096774194,-0.008271298593879158,0.0,-0.047987862633170605
25,2,806715,0,205,45.38,0.21,11.91,4.785,0.2092513893429198,-0.00011175519982635684,0.0779999999999994,-0.001432758972132791,0.07683870967741936,-0.008271298593879253,-0.12820512820512894,-0.05201129915088675
25,2,806754,0,205,45.27,0.2,11.91,4.824,0.2069597907812984,-0.00011124747361996867,0.07800000000000029,-0.0014262496617944648,0.07683870967741936,-0.008271298593879336,-0.12820512820512747,-0.05666339762449533
25,2,806793,0,205,45.16,0.2,11.81,4.863,0.20483164432820916,-0.00011133739407509502,0.08000000000000007,-0.0013917174259386864,0.07619354838709677,-0.016129032258064578,0.12499999999999965,-0.04253841124550423
25,2,806834,0,205,44.94,0.21,11.71,4.904,0.20355671788165805,-0.0001113778426344183,0.07999999999999918,-0.001392223032930243,0.0755483870967742,-0.00806451612903229,0.0,-0.0417211507028438
25,2,806873,0,205,44.83,0.2,11.71,4.943,0.2014939522719817,-0.00011093357963013694,0.07800000000000029,-0.0014222253798735452,0.0755483870967742,-0.008271298593879336,0.0,-0.05414874980092302
25,2,806912,0,205,44.72,0.21,11.61,4.982,0.19933311539718604,-0.00010983451534433008,0.07699999999999996,-0.0014264222771990928,0.0749032258064516,-0.008378718056137545,0.0,-0.05570108218032282
25,2,806950,0,205,44.61,0.2,11.61,5.02,0.19720496894409684,-0.00010811297241429329,0.07699999999999996,-0.0014040645768090046,0.0749032258064516,-0.008378718056137364,-0.25974025974025977,-0.05315377659280836
25,2,806989,0,205,44.5,0.19,11.51,5.059,0.1952402745995398,-0.0001058914999557814,0.07800000000000029,-0.001357583332766423,0.07425806451612903,-0.008271298593879158,-0.12820512820512783,-0.039438060033025316
25,2,807028,0,205,44.39,0.19,11.51,5.098,0.19412880026152085,-0.00010329075695309875,0.0779999999999994,-0.0013242404737576865,0.07425806451612903,-0.008271298593879253,0.0,-0.03859984409183474
25,2,807067,0,205,44.28,0.19,11.41,5.137,0.1922294867603767,-0.00010039608304310655,0.07800000000000029,-0.0012871292697834125,0.07361290322580645,-0.008271298593879158,0.0,-0.04995767009496904
25,2,807106,0,205,44.17,0.19,11.41,5.176,0.19023210199411325,-9.728490710044291e-05,0.07800000000000029,-0.0012472423987236224,0.07361290322580645,-0.008271298593879158,0.0,-0.0507958860361597
25,2,807145,0,205,44.06,0.19,11.31,5.215,0.18826740764955624,-9.408937051944477e-05,0.08000000000000007,-0.0011761171314930586,0.07296774193548387,-0.008064516129032202,0.0,-0.05835240274599455
25,2,807186,0,205,43.95,0.19,11.31,5.256,0.18556390977443368,-9.105342045635646e-05,0.08000000000000007,-0.0011381677557044548,0.07296774193548387,-0.008064516129032202,-0.125,-0.06860902255639006
25,2,807225,0,205,43.84,0.18,11.21,5.295,0.18277868584504503,-8.854262010981451e-05,0.0779999999999994,-0.001135161796279682,0.0723225806451613,-0.008271298593879253,-0.1282051282051293,-0.05963906421572316
25,2,807264,0,205,43.72,0.18,11.21,5.334,0.1809120627656073,-8.697885574244779e-05,0.07800000000000029,-0.001115113535159583,0.0723225806451613,-0.008271298593879336,0.0,-0.05314289067149395
25,2,807303,0,205,43.61,0.18,11.11,5.373,0.1786335403726685,-8.670094015849727e-05,0.07800000000000029,-0.001111550514852525,0.0716774193548387,-0.008271298593879336,0.0,-0.03654621503591683
25,2,807342,0,205,43.5,0.18,11.11,5.412,0.1780614579928058,-8.779256197831309e-05,0.07699999999999996,-0.0011401631425754953,0.0716774193548387,0.0,0.0,-0.02127000165574842
25,2,807380,0,205,43.39,0.18,11.11,5.45,0.17699575024517586,-8.995647268353579e-05,0.07699999999999996,-0.001168265879006959,0.0716774193548387,-0.008378718056137364,-0.1298701298701297,-0.03685102083271372
25,2,807419,0,205,43.28,0.17,11.01,5.489,0.17522392938868683,-9.251829830284386e-05,0.0779999999999994,-0.0011861320295236484,0.07103225806451613,-0.008271298593879253,-0.12820512820512894,-0.04605996596843238
25,2,807458,0,205,43.17,0.17,11.01,5.528,0.17340307289963816,-9.459384617949951e-05,0.0940000000000003,-0.0010063175125478638,0.07103225806451613,-0.006863417982155049,0.0,-0.038219971761039216
25,2,807513,0,205,43.06,0.17,10.91,5.583,0.17163125204314914,-9.537263187475987e-05,0.09600000000000009,-0.0009934649153620812,0.07038709677419355,-0.006720430107526835,0.0,-0.03538057099269877
25,2,807554,0,205,42.95,0.17,10.91,5.624,0.17000653808433908,-9.44089879003851e-05,0.07899999999999974,-0.001195050479751714,0.07038709677419355,-0.008166598611678214,0.0,-0.03802847790913722
25,2,807592,0,205,42.84,0.17,10.81,5.662,0.1686270022883273,-9.179876079081239e-05,0.07699999999999996,-0.0011921916985819798,0.06974193548387098,-0.015919564306661173,0.0,-0.031374313819556895
25,2,807631,0,205,42.73,0.17,10.72,5.701,0.1675907159202332,-8.815100500395979e-05,0.07800000000000029,-0.001130141089794352,0.06916129032258064,-0.00744416873449142,0.0,-0.025314121423960462
25,2,807670,0,205,42.73,0.17,10.72,5.74,0.16665250081725838,-8.433943410772216e-05,0.07800000000000029,-0.0010812747962528442,0.06916129032258064,0.0,0.0,-0.02594278337985372
25,2,807709,0,205,42.62,0.17,10.72,5.779,0.1655671788166046,-8.113011911649792e-05,0.0779999999999994,-0.0010401297322628017,0.06916129032258064,0.0,-0.1282051282051293,-0.028457431203426354
25,2,807748,0,205,42.51,0.16,10.72,5.818,0.16443282118339114,-7.887028281385433e-05,0.07800000000000029,-0.0010111574719724877,0.06916129032258064,-0.008271298593879158,-0.12820512820512783,-0.028457431203426385
25,2,807787,0,205,42.4,0.16,10.62,5.857,0.16334749918273733,-7.74038090846254e-05,0.07800000000000029,-0.000992356526725963,0.06851612903225807,-0.008271298593879158,0.0,-0.025942783379854076
25,2,807826,0,205,42.4,0.16,10.62,5.896,0.16240928407976252,-7.62460363103532e-05,0.0779999999999994,-0.0009775132860301767,0.06851612903225807,-0.00827129859387943,0.0,-0.0324808677211416
25,2,807865,0,205,42.18,0.16,10.52,5.935,0.1608139915004883,-7.490198144171245e-05,0.08000000000000007,-0.0009362747680214048,0.06787096774193548,-0.008064516129032376,0.0,-0.04029094475318653
25,2,807906,0,205,42.07,0.16,10.52,5.976,0.1591860084995076,-7.314994585634693e-05,0.08000000000000007,-0.0009143743232043358,0.06787096774193548,-0.008064516129032202,0.0,-0.033303367113435955
25,2,807945,0,205,42.07,0.16,10.42,6.015,0.15814972213141343,-7.11538003488279e-05,0.07800000000000029,-0.0009122282096003543,0.0672258064516129,-0.008271298593879158,0.0,-0.029295647144617395
25,2,807984,0,205,41.96,0.16,10.42,6.054,0.15690094802222743,-6.936789841964242e-05,0.07800000000000029,-0.0008893320310210534,0.0672258064516129,0.0,0.0,-0.03348672685057065
25,2,808023,0,205,41.85,0.16,10.42,6.093,0.1555377574370689,-6.830692032882624e-05,0.07699999999999996,-0.0008871028614133283,0.0672258064516129,0.0,-0.12987012987013005,-0.035619823132081355
25,2,808061,0,205,41.74,0.15,10.42,6.131,0.15415822164105716,-6.831821624191647e-05,0.07699999999999996,-0.0008872495615833313,0.0672258064516129,-0.008378718056137364,-0.12987012987013005,-0.0347707212695769
25,2,808100,0,205,41.63,0.15,10.32,6.17,0.1528604118993115,-6.947302209269247e-05,0.0779999999999994,-0.000890679770419141,0.06658064516129032,-0.008271298593879253,0.0,-0.030972079026998695
25,2,808139,0,205,41.63,0.15,10.32,6.209,0.15174239947695128,-7.15957321687366e-05,0.07800000000000029,-0.0009178940021632864,0.06658064516129032,-0.008271298593879158,0.0,-0.0366719474270952
25,2,808178,0,205,41.41,0.15,10.22,6.248,0.14999999999999805,-7.435702445321901e-05,0.07800000000000029,-0.000953295185297676,0.06593548387096775,-0.008271298593879158,0.0,-0.044676909665467335
25,2,808217,0,205,41.41,0.15,10.22,6.287,0.14825760052304482,-7.734363184673931e-05,0.08099999999999952,-0.000954859652428886,0.06593548387096775,0.0,0.0,-0.04221503840115573
25,2,808259,0,205,41.3,0.15,10.22,6.329,0.14658058188950446,-8.008029215587164e-05,0.0810000000000004,-0.00098864558217125,0.06593548387096775,-0.007964954201513424,0.0,-0.03289221443302234
25,2,808298,0,205,41.19,0.15,10.12,6.368,0.14559333115397,-8.204677448363285e-05,0.07800000000000029,-0.0010518817241491351,0.06529032258064515,-0.008271298593879336,-0.12820512820512747,-0.03394774561822514
25,2,808337,0,205,41.08,0.14,10.12,6.407,0.1439326577312829,-8.274693586078285e-05,0.07699999999999996,-0.0010746355306595183,0.06529032258064515,0.0,-0.1298701298701297,-0.032053595309560826
25,2,808375,0,205,40.97,0.14,10.12,6.445,0.1431252043151338,-8.184866174781646e-05,0.07699999999999996,-0.001062969633088526,0.06529032258064515,-0.008378718056137364,0.0,-0.020335989606993156
25,2,808414,0,205,40.97,0.14,10.02,6.484,0.14236678653154441,-7.935426272064739e-05,0.0779999999999994,-0.0010173623425724103,0.06464516129032258,-0.016542597187758506,0.0,-0.01756062396794633
25,2,808453,0,205,40.86,0.14,9.92,6.523,0.141755475645634,-7.570774603020957e-05,0.07800000000000029,-0.0009706121285924268,0.064,-0.008271298593879158,0.0,-0.024098708309234
25,2,808492,0,205,40.75,0.14,9.92,6.562,0.14048708728342416,-7.173936530757707e-05,0.07699999999999996,-0.0009316800689295729,0.064,0.0,0.0,-0.03336970319644364
25,2,808530,0,205,40.64,0.14,9.92,6.6,0.13918600849950785,-6.842702034730763e-05,0.07699999999999996,-0.0008886626019130867,0.064,0.0,0.0,-0.03336970319644364
25,2,808569,0,205,40.53,0.14,9.92,6.639,0.137917620137298,-6.657525246078676e-05,0.08000000000000007,-0.0008321906557598338,0.064,-0.008064516129032202,0.0,-0.03048381824125483
25,2,808610,0,205,40.42,0.14,9.82,6.68,0.13674730304020746,-6.656558326688966e-05,0.08000000000000007,-0.00083206979083612,0.06335483870967742,-0.008064516129032202,0.0,-0.027214776070610933
25,2,808649,0,205,40.42,0.14,9.82,6.719,0.13574043805164912,-6.827442040003007e-05,0.07800000000000029,-0.0008753130820516644,0.06335483870967742,0.0,-0.12820512820512783,-0.022883295194507894
25,2,808688,0,205,40.31,0.13,9.82,6.758,0.13496240601503584,-7.115906838261665e-05,0.0779999999999994,-0.0009122957484950923,0.06335483870967742,-0.008271298593879253,0.0,-0.009010821367800945
25,2,808727,0,205,40.2,0.14,9.72,6.797,0.13503759398496065,-7.44538467435305e-05,0.07800000000000029,-0.000954536496711926,0.06270967741935485,-0.008271298593879158,0.0,-0.01617756766498161
25,2,808766,0,205,40.09,0.13,9.72,6.836,0.13370055573716727,-7.739776887495253e-05,0.07800000000000029,-0.0009922790881404134,0.06270967741935485,-0.008271298593879425,-0.12820512820512783,-0.02606851577103244
25,2,808805,0,205,39.98,0.13,9.62,6.875,0.13300424975482011,-7.941408456937893e-05,0.0779999999999994,-0.0010181292893510197,0.06206451612903225,-0.008271298593879518,0.0,-0.02753539366811666
25,2,808844,0,205,39.87,0.13,9.62,6.914,0.1315527950310542,-8.019114063175969e-05,0.07800000000000029,-0.0010280915465610179,0.06206451612903225,0.0,0.0,-0.0277449476534141
25,2,808883,0,205,39.87,0.13,9.62,6.953,0.1308401438378538,-7.96732300366223e-05,0.07800000000000029,-0.0010214516671361795,0.06206451612903225,-0.007444168734491242,0.0,-0.019530431429744574
25,2,808922,0,205,39.76,0.13,9.53,6.992,0.1300294213795341,-7.801563563109682e-05,0.08000000000000007,-0.0009751954453887094,0.06148387096774193,-0.007258064516128982,0.0,-0.02067669172932279
25,2,808963,0,205,39.65,0.13,9.53,7.033,0.12918600849950798,-7.554828064094465e-05,0.07899999999999974,-0.0009563073498853785,0.06148387096774193,-0.008166598611678214,0.0,-0.020938422004377597
25,2,809001,0,205,39.54,0.13,9.43,7.071,0.12837528604118828,-7.274394118194039e-05,0.07699999999999996,-0.0009447265088563692,0.060838709677419354,-0.008378718056137364,0.0,-0.01978407339636508
25,2,809040,0,205,39.43,0.13,9.43,7.11,0.12766263484798787,-7.015776889636171e-05,0.07800000000000029,-0.0008994585755943776,0.060838709677419354,0.0,0.0,-0.01617756766498161
25,2,809079,0,205,39.32,0.13,9.43,7.149,0.1271134357633197,-6.832383897115157e-05,0.0779999999999994,-0.0008759466534763089,0.060838709677419354,-0.008271298593879253,-0.1282051282051293,-0.022715652006269738
25,2,809118,0,205,39.32,0.12,9.33,7.188,0.12589081399149885,-6.76318724007512e-05,0.07800000000000029,-0.0008670752871891146,0.06019354838709678,-0.008271298593879158,0.0,-0.02082966613859042
25,2,809157,0,205,39.21,0.13,9.33,7.227,0.12548872180450965,-6.822234481578348e-05,0.07800000000000029,-0.0008746454463561952,0.06019354838709678,0.0,0.0,-0.017686356359124855
25,2,809196,0,205,39.1,0.12,9.33,7.266,0.1245112781954871,-6.992972837507949e-05,0.0779999999999994,-0.0008965349791676926,0.06019354838709678,-0.008271298593879341,0.0,-0.02485310265630626
25,2,809235,0,205,39.1,0.13,9.23,7.305,0.12355017979731778,-7.229237364053808e-05,0.07800000000000029,-0.0009268253030838182,0.059548387096774194,-0.008271298593879248,0.0,-0.024014886715115327
25,2,809274,0,205,38.88,0.12,9.23,7.344,0.1226381170317081,-7.463740943700258e-05,0.08000000000000007,-0.0009329676179625314,0.059548387096774194,0.0,-0.125,-0.014792415822164118
25,2,809315,0,205,38.88,0.12,9.23,7.385,0.12236678653154465,-7.62347721161678e-05,0.08000000000000007,-0.0009529346514520966,0.059548387096774194,-0.008064516129032202,0.0,-0.00923504413206897
25,2,809354,0,205,38.77,0.12,9.13,7.424,0.12189931350114258,-7.64957343460324e-05,0.07800000000000029,-0.0009807145428978477,0.05890322580645162,-0.008271298593879158,0.0,-0.013662919841409299
25,2,809393,0,205,38.66,0.12,9.13,7.463,0.12130107878391472,-7.51657214611079e-05,0.0779999999999994,-0.0009636630956552369,0.05890322580645162,-0.00827129859387943,0.0,-0.016177567664981796
25,2,809432,0,205,38.55,0.12,9.03,7.502,0.12063746322327401,-7.243893967531179e-05,0.07699999999999996,-0.0009407654503287251,0.05825806451612903,-0.008378718056137545,0.0,-0.017236767808849897
25,2,809470,0,205,38.44,0.12,9.03,7.54,0.11997384766263328,-6.893407492126791e-05,0.07699999999999996,-0.0008952477262502331,0.05825806451612903,0.0,0.0,-0.016387665946345078
25,2,809509,0,205,38.33,0.12,9.03,7.579,0.11937561294540544,-6.552519964072268e-05,0.07800000000000029,-0.000840066662060544,0.05825806451612903,-0.008271298593879158,0.0,-0.02523029982984179
25,2,809548,0,205,38.22,0.12,8.93,7.618,0.11800588427590561,-6.308268386719539e-05,0.07800000000000029,-0.0008087523572717327,0.05761290322580645,-0.008271298593879158,0.0,-0.025858961785735046
25,2,809587,0,205,38.22,0.12,8.93,7.657,0.1173586139261181,-6.22071345027635e-05,0.0779999999999994,-0.0007975273654200509,0.05761290322580645,0.0,0.0,-0.025230299829842078
25,2,809626,0,205,38.0,0.12,8.93,7.696,0.11603792088917794,-6.303995391598604e-05,0.07500000000000018,-0.0008405327188798119,0.05761290322580645,0.0,0.0,-0.024278086520648907
25,2,809662,0,205,38.0,0.12,8.93,7.732,0.11553775743706943,-6.522233551742396e-05,0.07500000000000018,-0.0008696311402323175,0.05761290322580645,-0.008602150537634336,-0.13333333333333294,-0.02100904435000508
25,2,809701,0,205,37.89,0.11,8.83,7.771,0.11446224256292756,-6.803294179801078e-05,0.0779999999999994,-0.0008722172025386064,0.05696774193548387,-0.008271298593879253,-0.1282051282051291,-0.027367750479878602
25,2,809740,0,205,37.78,0.11,8.83,7.81,0.11340307289963891,-7.065333744499114e-05,0.07800000000000029,-0.0009058120185255241,0.05696774193548387,-0.008271298593879158,0.0,-0.026529534538687283
25,2,809779,0,205,37.78,0.11,8.73,7.849,0.11239293886890994,-7.244024119915337e-05,0.07800000000000029,-0.0009287210410147833,0.056322580645161296,-0.008271298593879158,0.0,-0.024853102656305623
25,2,809818,0,205,37.67,0.11,8.73,7.888,0.11146453089244707,-7.308861795554122e-05,0.0779999999999994,-0.0009370335635325869,0.056322580645161296,0.0,0.0,-0.02233845483273392
25,2,809857,0,205,37.67,0.11,8.73,7.927,0.11065053939195671,-7.264489052795576e-05,0.07699999999999996,-0.0009434401367266987,0.056322580645161296,-0.008378718056137454,0.0,-0.011972336261319366
25,2,809895,0,205,37.45,0.11,8.63,7.965,0.11054266100032548,-7.140833460269392e-05,0.07699999999999996,-0.0009273809688661553,0.05567741935483871,-0.008378718056137454,0.0,-0.004500239871276158
25,2,809934,0,205,37.34,0.11,8.63,8.004,0.11030402092186845,-6.978858567177681e-05,0.0779999999999994,-0.0008947254573304788,0.05567741935483871,0.0,0.0,-0.0069571923118834506
25,2,809973,0,205,37.34,0.11,8.63,8.043,0.10999999999999857,-6.81742793983915e-05,0.08000000000000007,-0.0008521784924798929,0.05567741935483871,-0.008064516129032376,0.0,-0.007600523046746847
25,2,810014,0,205,37.23,0.11,8.53,8.084,0.1096959790781287,-6.68440916321842e-05,0.08000000000000007,-0.0008355511454023017,0.05503225806451612,-0.008064516129032376,0.0,-0.0067832625040863065
25,2,810053,0,205,37.12,0.11,8.53,8.123,0.10945733899967167,-6.593012987509184e-05,0.07800000000000118,-0.0008452580753216775,0.05503225806451612,0.0,0.0,-0.004442544488311009
25,2,810092,0,205,37.01,0.11,8.53,8.162,0.10934946060804043,-6.54267209045134e-05,0.07800000000000118,-0.0008388041141604156,0.05503225806451612,-0.008271298593879064,0.0,-0.011818844770789445
25,2,810131,0,205,36.9,0.11,8.43,8.201,0.10853546910755008,-6.522951635722229e-05,0.0779999999999994,-0.0008362758507336255,0.054387096774193545,-0.008271298593879253,0.0,-0.02233845483273392
25,2,810170,0,205,36.79,0.11,8.43,8.24,0.1076070611310872,-6.51877502151148e-05,0.0779999999999994,-0.0008357403873732731,0.054387096774193545,0.0,0.0,-0.02485310265630626
25,2,810209,0,205,36.79,0.11,8.43,8.279,0.1065969271003582,-6.515299567614897e-05,0.0779999999999994,-0.0008352948163608906,0.054387096774193545,-0.008271298593879253,0.0,-0.02652953453868776
25,2,810248,0,205,36.68,0.11,8.33,8.318,0.10553775743706957,-6.501322778918706e-05,0.0779999999999994,-0.0008335029203741995,0.05374193548387097,-0.008271298593879253,-0.1282051282051291,-0.020201004182697217
25,2,810287,0,205,36.57,0.1,8.33,8.357,0.10502124877410783,-6.470812464342934e-05,0.07800000000000118,-0.000829591341582415,0.05374193548387097,0.0,-0.1282051282051262,-0.024182529903352932
25,2,810326,0,205,36.57,0.1,8.33,8.396,0.10365152010460801,-6.422739435784841e-05,0.07699999999999996,-0.0008341220046473825,0.05374193548387097,-0.007540846250523628,0.0,-0.0345159907108252
25,2,810364,0,205,36.46,0.1,8.24,8.434,0.10236351748937429,-6.360087517825974e-05,0.07899999999999885,-0.0008050743693450717,0.05316129032258065,-0.007349938750510475,0.0,-0.031159351322720855
25,2,810405,0,205,36.35,0.1,8.24,8.475,0.1011899313501131,-6.289180315761556e-05,0.08000000000000007,-0.0007861475394701938,0.05316129032258065,0.0,0.0,-0.027500817260542296
25,2,810444,0,205,36.24,0.1,8.24,8.514,0.1001634521085309,-6.219746106016722e-05,0.07800000000000118,-0.0007974033469252087,0.05316129032258065,-0.008271298593879152,0.0,-0.01684814041793401
25,2,810483,0,205,36.13,0.1,8.14,8.553,0.09987577639751423,-6.165021947310834e-05,0.07800000000000118,-0.0007903874291424026,0.052516129032258066,-0.008271298593879152,0.0,-0.015800370491445618
25,2,810522,0,205,36.02,0.1,8.14,8.592,0.09893102321019813,-6.140362241543684e-05,0.0779999999999994,-0.0007872259284030424,0.052516129032258066,0.0,0.0,-0.013495276653171216
25,2,810561,0,205,35.91,0.1,8.14,8.631,0.09882314481856688,-6.158921068119305e-05,0.0779999999999994,-0.0007896052651435067,0.052516129032258066,-0.00827129859387943,0.0,-0.009932858903110638
25,2,810600,0,205,35.91,0.1,8.04,8.67,0.0981562602157555,-6.22451193159268e-05,0.0779999999999994,-0.0007980143502041959,0.051870967741935475,-0.00827129859387943,0.0,-0.0051131172412638886
25,2,810639,0,205,35.8,0.1,8.04,8.709,0.0984243216737483,-6.324022042826449e-05,0.0779999999999994,-0.0008107720567726279,0.051870967741935475,0.0,-0.1282051282051293,0.00813069462955059
25,2,810678,0,205,35.69,0.09,8.04,8.748,0.09879045439686045,-6.423865983268495e-05,0.07699999999999996,-0.0008342683095153894,0.051870967741935475,0.0,0.0,-8.491018625044595e-05
25,2,810716,0,205,35.69,0.1,8.04,8.786,0.09841778358940702,-6.475808141666484e-05,0.08000000000000007,-0.0008094760177083098,0.051870967741935475,-0.008064516129032116,0.125,-0.011155606407322629
25,2,810758,0,205,35.58,0.1,7.94,8.828,0.09789800588427464,-6.434322069474518e-05,0.0810000000000013,-0.0007943607493178291,0.051225806451612906,-0.00796495420151308,0.0,-0.014246566496756678
25,2,810797,0,205,35.47,0.1,7.94,8.867,0.09726381170316971,-6.279811807565672e-05,0.07699999999999996,-0.0008155599750085293,0.051225806451612906,-0.008378718056137454,0.0,-0.01753395346072664
25,2,810835,0,205,35.36,0.1,7.84,8.905,0.09654789146779869,-6.0352656874615994e-05,0.07699999999999996,-0.000783800738631377,0.05058064516129032,-0.008378718056137454,-0.12987012987013005,-0.019232157185736638
25,2,810874,0,205,35.25,0.09,7.84,8.944,0.09578293559986799,-5.7653666661412474e-05,0.07800000000000118,-0.0007391495725822,0.05058064516129032,0.0,0.0,-0.019823807009161306
25,2,810913,0,205,35.25,0.1,7.84,8.983,0.09500163452108408,-5.556703248751216e-05,0.07699999999999996,-0.0007216497725650934,0.05058064516129032,0.0,0.0,-0.02008125904824146
25,2,810951,0,205,35.13,0.09,7.84,9.021,0.0942366786531534,-5.4880109741848316e-05,0.07699999999999996,-0.0007127286979460824,0.05058064516129032,-0.008378718056137364,0.0,-0.019232157185736457
25,2,810990,0,205,35.02,0.1,7.74,9.06,0.09352075841778237,-5.6027165910328415e-05,0.0779999999999994,-0.0007182969988503698,0.049935483870967745,-0.008271298593879253,0.0,-0.01730915918558924
25,2,811029,0,205,34.91,0.09,7.74,9.099,0.09288656423667745,-5.892096339685615e-05,0.07899999999999885,-0.0007458349797070507,0.049935483870967745,0.0,-0.1265822784810146,-0.014607239066295444
25,2,811069,0,205,34.8,0.09,7.74,9.139,0.09236678653154505,-6.292526915289898e-05,0.08099999999999952,-0.0007768551747271526,0.049935483870967745,0.0,0.0,-0.022156841378809206
25,2,811110,0,205,34.69,0.09,7.74,9.18,0.09109186008499391,-6.698590470742171e-05,0.08000000000000007,-0.0008373238088427707,0.049935483870967745,-0.008064516129032289,0.0,-0.02304674730303992
25,2,811149,0,205,34.69,0.09,7.64,9.219,0.09052304674730186,-6.991547542186271e-05,0.0779999999999994,-0.0008963522489982467,0.04929032258064516,-0.008271298593879341,0.0,-0.012279863538444739
25,2,811188,0,205,34.58,0.09,7.64,9.258,0.09013403072899523,-7.076322893573562e-05,0.07800000000000118,-0.0009072208837914685,0.04929032258064516,-0.008271298593879152,0.0,-0.007250567891299893
25,2,811227,0,205,34.47,0.09,7.54,9.297,0.08995750245178046,-6.91381692419446e-05,0.07800000000000118,-0.0008863867851531225,0.04864516129032258,-0.008271298593879152,0.0,-0.0013830563029646845
25,2,811266,0,205,34.36,0.09,7.54,9.336,0.09002615233736398,-6.535787429919004e-05,0.07699999999999996,-0.0008488035623271439,0.04864516129032258,0.0,0.0,-0.006325808875661647
25,2,811304,0,205,34.36,0.09,7.54,9.374,0.08947041516835451,-6.0370061414220185e-05,0.07699999999999996,-0.0007840267716132496,0.04864516129032258,-0.008378718056137364,0.0,-0.003566227822520712
25,2,811343,0,205,34.25,0.09,7.44,9.413,0.08975155279502989,-5.5479771518253786e-05,0.0779999999999994,-0.0007112791220289001,0.048,-0.008271298593879253,0.0,-0.00037719717353599337
25,2,811382,0,205,34.14,0.09,7.44,9.452,0.0894409937888187,-5.1966204940062435e-05,0.0779999999999994,-0.0006662333966674722,0.048,0.0,0.0,0.0031852205765249405
25,2,811421,0,205,34.03,0.09,7.44,9.491,0.08999999999999883,-5.069778652825452e-05,0.08000000000000007,-0.000633722331603181,0.048,0.0,0.0,0.006987577639751615
25,2,811462,0,205,34.03,0.09,7.44,9.532,0.08999999999999883,-5.1870260047450326e-05,0.08000000000000007,-0.0006483782505931285,0.048,0.0,0.0,0.0
25,2,811501,0,205,33.92,0.09,7.44,9.571,0.08999999999999883,-5.4974516938359305e-05,0.0779999999999994,-0.0007048014992097401,0.048,-0.008271298593879341,0.0,0.007166746297181027
25,2,811540,0,205,33.81,0.09,7.34,9.61,0.09055900621117895,-5.9013777064560456e-05,0.0779999999999994,-0.0007565868854430886,0.04735483870967742,-0.008271298593879341,0.0,0.010351966873705968
25,2,811579,0,205,33.7,0.09,7.34,9.649,0.09080745341614789,-6.286671769505858e-05,0.07800000000000118,-0.0008059835601930465,0.04735483870967742,-0.008271298593879064,0.0,-0.004358722894191981
25,2,811618,0,205,33.7,0.09,7.24,9.688,0.09021902582543197,-6.562357403756458e-05,0.07800000000000118,-0.0008413278722764564,0.04670967741935484,-0.008271298593879064,0.0,-0.007082924703061835
25,2,811657,0,205,33.59,0.09,7.24,9.727,0.09025498528930906,-6.676165682292723e-05,0.0779999999999994,-0.0008559186772170224,0.04670967741935484,0.0,0.0,-0.009388018541336583
25,2,811696,0,205,33.48,0.09,7.24,9.766,0.08948676037920772,-6.614349621159832e-05,0.0779999999999994,-0.000847993541174344,0.04670967741935484,0.0,0.0,-0.011274004409015837
25,2,811735,0,205,33.48,0.09,7.24,9.805,0.08937561294540583,-6.392437499694293e-05,0.07699999999999996,-0.0008301866882719865,0.04670967741935484,-0.008378718056137454,0.0,-0.005646527385657719
25,2,811773,0,205,33.26,0.09,7.14,9.843,0.08905197777051208,-6.046940564247105e-05,0.07900000000000063,-0.0007654355144616528,0.04606451612903226,-0.00816659861167821,0.0,-0.010469211002188856
25,2,811814,0,205,33.26,0.09,7.14,9.884,0.0885485452762329,-5.630795679220046e-05,0.08000000000000007,-0.0007038494599025052,0.04606451612903226,-0.008064516129032202,0.0,-0.014424648577966529
25,2,811853,0,205,33.15,0.09,7.04,9.923,0.08789800588427475,-5.208139884404517e-05,0.0779999999999994,-0.0006677102415903278,0.04541935483870968,0.0,0.0,-0.01814737512678008
25,2,811892,0,205,33.04,0.09,7.14,9.962,0.08713305001634407,-4.844479252478262e-05,0.0779999999999994,-0.000621087083651064,0.04606451612903226,0.0,-0.1282051282051291,-0.02782876924753345
25,2,811931,0,205,33.04,0.08,7.04,10.001,0.08572736188296716,-4.5944078667585764e-05,0.0779999999999994,-0.0005890266495844373,0.04541935483870968,-0.008271298593879253,-0.1282051282051291,-0.025523675409258862
25,2,811970,0,205,32.93,0.08,7.04,10.04,0.08514220333442189,-4.492583323576938e-05,0.07800000000000118,-0.0005759722209713935,0.04541935483870968,0.0,0.1282051282051262,-0.02279947360038807
25,2,812009,0,205,32.82,0.09,7.04,10.079,0.08394900294213686,-4.550936711313725e-05,0.07700000000000173,-0.0005910307417290419,0.04541935483870968,-0.007540846250523545,0.0,-0.02717125960015685
25,2,812047,0,205,32.82,0.08,6.95,10.117,0.08305001634520977,-4.760038946987333e-05,0.07699999999999996,-0.0006181868762321215,0.044838709677419354,-0.0075408462505237184,0.0,-0.012269521913196108
25,2,812086,0,205,32.6,0.09,6.95,10.156,0.08300424975482076,-5.0906131448045676e-05,0.0779999999999994,-0.0006526427108723854,0.044838709677419354,0.0,0.0,-0.0013830563029648938
25,2,812125,0,205,32.49,0.08,6.95,10.195,0.0829421379535785,-5.4938825605062466e-05,0.07599999999999874,-0.0007228792842771497,0.044838709677419354,0.0,-0.13157894736842318,-0.0014194525214639828
25,2,812162,0,205,32.49,0.08,6.95,10.232,0.0828963713631895,-5.903826266809009e-05,0.07499999999999929,-0.000787176835574542,0.044838709677419354,-0.00860215053763453,0.0,-0.0005666339762446476
25,2,812200,0,205,32.38,0.08,6.85,10.27,0.08289964040536016,-6.245522227799238e-05,0.07699999999999996,-0.0008111067828310704,0.04419354838709677,-0.008378718056137454,0.0,0.001146287514381561
25,2,812239,0,205,32.38,0.08,6.85,10.309,0.08298463550179688,-6.449927723061233e-05,0.07800000000000118,-0.0008269138106488635,0.04419354838709677,0.0,0.0,0.0036462393441795255
25,2,812278,0,205,32.27,0.08,6.85,10.348,0.08318404707420617,-6.470845647647483e-05,0.07800000000000118,-0.0008295955958522288,0.04419354838709677,-0.008271298593879064,0.1282051282051262,0.006999103108942629
25,2,812317,0,205,32.16,0.09,6.75,10.387,0.08353056554429442,-6.298573131125363e-05,0.0779999999999994,-0.0008075093757853091,0.043548387096774194,-0.008271298593879253,0.0,-0.00037719717353581545
25,2,812356,0,205,32.05,0.08,6.75,10.426,0.08315462569467037,-5.9659740044363476e-05,0.0779999999999994,-0.0007648684621072299,0.043548387096774194,0.0,0.0,-0.011735023176670505
25,2,812395,0,205,32.05,0.09,6.75,10.465,0.08261523373651412,-5.544341381020068e-05,0.07900000000000063,-0.000701815364686079,0.043548387096774194,-0.008166598611678122,0.12658227848101158,-0.004303549186670594
25,2,812435,0,205,31.94,0.09,6.65,10.505,0.08281464530892339,-5.128368399874894e-05,0.07900000000000063,-0.000649160556946184,0.04290322580645162,-0.008166598611678122,-0.12658227848101158,-0.0036828449770546466
25,2,812474,0,205,31.83,0.08,6.65,10.544,0.0823242889833268,-4.812208625022674e-05,0.08000000000000007,-0.0006015260781278338,0.04290322580645162,0.0,-0.12499999999999983,-0.0026152337365149456
25,2,812515,0,205,31.83,0.08,6.65,10.585,0.0826054266100022,-4.662223409347987e-05,0.08000000000000007,-0.0005827779261684979,0.04290322580645162,0.0,0.0,0.00580254985289331
25,2,812554,0,205,31.72,0.08,6.65,10.624,0.08278849297155827,-4.6959429225597484e-05,0.0779999999999994,-0.0006020439644307416,0.04290322580645162,0.0,0.0,-0.0005448403617738766
25,2,812593,0,205,31.61,0.08,6.65,10.663,0.08256292906178384,-4.8772437543881606e-05,0.0779999999999994,-0.0006252876608189998,0.04290322580645162,-0.008271298593879341,0.0,-0.010603431656063237
25,2,812632,0,205,31.5,0.08,6.55,10.702,0.08196142530238534,-5.1312391395534004e-05,0.07699999999999996,-0.0006663946934484939,0.04225806451612903,-0.008378718056137454,0.0,-0.027341079972658732
25,2,812670,0,205,31.39,0.08,6.55,10.74,0.08045766590388911,-5.3722101210043505e-05,0.07699999999999996,-0.0006976896261044615,0.04225806451612903,0.0,0.0,-0.03179886475080949
25,2,812709,0,205,31.39,0.08,6.55,10.779,0.07951291271657301,-5.532061706097835e-05,0.0779999999999994,-0.0007092386802689586,0.04225806451612903,-0.008271298593879341,0.0,-0.023805332729817667
25,2,812748,0,205,31.28,0.08,6.45,10.818,0.07860084995096335,-5.578638317922291e-05,0.0779999999999994,-0.0007152100407592735,0.04161290322580645,-0.008271298593879341,0.0,-0.029714755115212526
25,2,812787,0,205,31.28,0.08,6.45,10.857,0.07719516181758646,-5.5193093111902234e-05,0.07800000000000118,-0.0007076037578448897,0.04161290322580645,0.0,0.0,-0.016470943244398024
25,2,812826,0,205,31.17,0.08,6.45,10.896,0.07731611637790028,-5.391588967632366e-05,0.07800000000000118,-0.0006912293548246519,0.04161290322580645,0.0,0.0,-0.00238891543239374
25,2,812865,0,205,31.06,0.08,6.45,10.935,0.07700882641385974,-5.247271409022325e-05,0.08099999999999952,-0.0006478112850644884,0.04161290322580645,-0.007964954201513426,0.0,-0.012470790502827216
25,2,812907,0,205,30.95,0.08,6.35,10.977,0.07630598234717129,-5.1372743759170445e-05,0.08099999999999952,-0.0006342314044342068,0.040967741935483866,-0.007964954201513426,-0.12345679012345746,-0.015336247220305072
25,2,812946,0,205,30.84,0.07,6.35,11.016,0.07576659038901504,-5.10070262271709e-05,0.0779999999999994,-0.0006539362336816832,0.040967741935483866,0.0,-0.1282051282051291,-0.011735023176670684
25,2,812985,0,205,30.84,0.07,6.35,11.055,0.07539065053939098,-5.158172118267945e-05,0.0779999999999994,-0.0006613041177266647,0.040967741935483866,0.0,0.0,-0.00037719717353581545
25,2,813024,0,205,30.73,0.07,6.35,11.094,0.07573716900947924,-5.309613253786871e-05,0.0779999999999994,-0.0006807196479213989,0.040967741935483866,-0.008271298593879253,0.1282051282051291,0.006999103108942788
25,2,813063,0,205,30.62,0.08,6.25,11.133,0.07593658058188851,-5.537318644372746e-05,0.07800000000000118,-0.0007099126467144439,0.04032258064516129,-0.008271298593879064,0.0,0.0036462393441797033
25,2,813102,0,205,30.62,0.07,6.25,11.172,0.07602157567832526,-5.812478460333636e-05,0.07700000000000173,-0.0007548673325108449,0.04032258064516129,0.0,0.0,0.0011462875143817147
25,2,813140,0,205,30.51,0.08,6.25,11.21,0.07602484472049591,-6.1008258083244726e-05,0.07699999999999996,-0.0007923150400421398,0.04032258064516129,-0.008378718056137364,0.12987012987012989,-0.007811737135045352
25,2,813179,0,205,30.4,0.08,6.15,11.249,0.07542007191892677,-6.364242868813363e-05,0.0779999999999994,-0.0008159285729247963,0.03967741935483871,-0.008271298593879253,-0.1282051282051291,-0.011735023176670684
25,2,813218,0,205,30.4,0.07,6.15,11.288,0.0751095129127156,-6.559139079188903e-05,0.08899999999999864,-0.0007369819190100004,0.03967741935483871,0.0,0.0,0.0026078875743339586
25,2,813268,0,205,30.29,0.08,6.15,11.338,0.07565217391304249,-6.636139886556691e-05,0.09200000000000053,-0.0007213195528865927,0.03967741935483871,0.0,0.10869565217391237,0.011619312932614841
25,2,813310,0,205,30.18,0.08,6.15,11.38,0.07617848970251617,-6.547104739741982e-05,0.08300000000000018,-0.0007888077999689117,0.03967741935483871,-0.007773027594247979,0.0,0.012879238431332325
25,2,813351,0,205,30.07,0.08,6.05,11.421,0.07672115070284308,-6.262116376012728e-05,0.08199999999999896,-0.0007636727287820496,0.03903225806451613,-0.007867820613690145,0.0,-0.0039866367934683076
25,2,813392,0,205,30.07,0.08,6.05,11.462,0.07585158548545178,-5.7906208415889e-05,0.08200000000000074,-0.0007061732733644936,0.03903225806451613,-0.00786782061368989,-0.12195121951219397,-0.02100957590157744
25,2,813433,0,205,29.85,0.07,5.95,11.503,0.07499836547891371,-5.1936391725812214e-05,0.08200000000000074,-0.0006333706308025822,0.03838709677419355,-0.00786782061368989,-0.12195121951219397,-0.01419242698474682
25,2,813474,0,205,29.85,0.07,5.95,11.544,0.07468780647270253,-4.5755581544534965e-05,0.08200000000000074,-0.0005579948968845677,0.03838709677419355,0.0,0.0,-0.000956792830432522
25,2,813515,0,205,29.74,0.07,5.95,11.585,0.07491990846681824,-4.054851497417644e-05,0.08300000000000018,-0.0004885363249900765,0.03838709677419355,0.0,0.0,-0.005080800482085068
25,2,813557,0,205,29.63,0.07,5.95,11.627,0.07426610003268946,-3.7258170068416694e-05,0.08299999999999841,-0.00044889361528213743,0.03838709677419355,0.0,0.12048192771084562,-0.008822475255713832
25,2,813598,0,205,29.63,0.08,5.95,11.668,0.07418764302059401,-3.629223936555892e-05,0.08399999999999963,-0.00043205046863760806,0.03838709677419355,0.0,0.11904761904761951,-0.0012842665670386607
25,2,813641,0,205,29.52,0.08,5.95,11.711,0.07415822164105822,-3.744755150392898e-05,0.0840000000000014,-0.0004458041845705756,0.03838709677419355,-0.007680491551459201,-0.119047619047617,-0.017123554227182387
25,2,813682,0,205,29.41,0.07,5.85,11.752,0.07274926446551067,-4.005859357270758e-05,0.08199999999999896,-0.0004885194338135133,0.03774193548387097,-0.007867820613690145,-0.1219512195121966,-0.01594654717387323
25,2,813723,0,205,29.3,0.07,5.85,11.793,0.07285060477280063,-4.3266312047018476e-05,0.08199999999999896,-0.000527637951792915,0.03774193548387097,0.0,0.0,0.003468374010317375
25,2,813764,0,205,29.3,0.07,5.85,11.834,0.07303367113435669,-4.627790971512713e-05,0.08200000000000074,-0.0005643647526234965,0.03774193548387097,0.0,0.12195121951219397,0.005860356086398267
25,2,813805,0,205,29.19,0.08,5.85,11.875,0.07333115397188529,-4.854276065236096e-05,0.08200000000000074,-0.0005919848860043966,0.03774193548387097,-0.007867820613689973,0.12195121951219397,0.009049665521172945
25,2,813846,0,205,29.08,0.08,5.75,11.916,0.07377574370709288,-4.983043167320389e-05,0.08200000000000074,-0.0006076881911366274,0.037096774193548385,-0.007867820613689973,-0.12195121951219397,0.0020331847646688555
25,2,813887,0,205,28.97,0.07,5.75,11.957,0.07349787512258814,-5.021557474205274e-05,0.08199999999999896,-0.0006123850578299191,0.037096774193548385,0.0,-0.1219512195121966,-0.008770600945630345
25,2,813928,0,205,28.97,0.07,5.75,11.998,0.0730565544295512,-4.998066075145946e-05,0.08199999999999896,-0.0006095202530665865,0.037096774193548385,0.0,0.0,-0.012757237739098483
25,2,813969,0,205,28.86,0.07,5.75,12.039,0.07245178162798208,-4.9474835751397884e-05,0.0840000000000014,-0.000588986139897584,0.037096774193548385,-0.006912442396313207,0.0,-0.016345210853219484
25,2,814012,0,205,28.75,0.07,5.66,12.082,0.07168355671788074,-4.898621028735484e-05,0.08399999999999963,-0.0005831691700875602,0.036516129032258066,-0.006912442396313352,0.0,-0.009495789162346861
25,2,814053,0,205,28.75,0.07,5.66,12.123,0.07165413533834494,-4.866393356650622e-05,0.08199999999999896,-0.0005934626044695956,0.036516129032258066,0.0,0.1219512195121966,0.001873719292930086
25,2,814094,0,205,28.64,0.08,5.66,12.164,0.071837201699901,-4.8495635486156985e-05,0.08200000000000074,-0.0005914101888555677,0.036516129032258066,0.0,0.0,-0.0035481067461866204
25,2,814135,0,205,28.53,0.07,5.66,12.205,0.07136319058515764,-4.833955975181592e-05,0.08200000000000074,-0.0005895068262416523,0.036516129032258066,-0.007867820613689973,-0.12195121951219397,-0.012757237739098207
25,2,814176,0,205,28.53,0.07,5.56,12.246,0.07079110820529494,-4.800620780922671e-05,0.08200000000000074,-0.000585441558649101,0.03587096774193548,-0.007867820613689973,0.0,-0.015149219815179173
25,2,814217,0,205,28.42,0.07,5.56,12.287,0.07012095456031293,-4.735817533996744e-05,0.08199999999999896,-0.0005775387236581468,0.03587096774193548,0.0,0.0,0.0002790645755427968
25,2,814258,0,205,28.31,0.07,5.56,12.328,0.07081399150048945,-4.638160879316189e-05,0.08199999999999896,-0.0005656293755263716,0.03587096774193548,0.0,0.0,0.016504676324958657
25,2,814299,0,205,28.31,0.07,5.56,12.369,0.07147433801895953,-4.520589306651246e-05,0.08200000000000074,-0.0005512913788599031,0.03587096774193548,-0.00786782061368989,0.0,-0.0013155901418444639
25,2,814340,0,205,28.2,0.07,5.46,12.41,0.0707061131088582,-4.407519045252872e-05,0.08500000000000085,-0.0005185316523826857,0.035225806451612905,-0.007590132827324356,0.0,-0.011114743380189297
25,2,814384,0,205,27.98,0.07,5.46,12.454,0.07052958483164343,-4.3274414547344266e-05,0.08499999999999908,-0.0005091107593805264,0.035225806451612905,0.0,0.0,-0.013999192354287223
25,2,814425,0,205,27.98,0.07,5.46,12.495,0.0695161817587438,-4.301551532529402e-05,0.08199999999999896,-0.0005245794551865191,0.035225806451612905,0.0,0.0,-0.023919820760809847
25,2,814466,0,205,27.87,0.07,5.46,12.536,0.06856815952925704,-4.3327657325933797e-05,0.08200000000000074,-0.0005283860649504074,0.035225806451612905,0.0,0.0,-0.022325166043422072
25,2,814507,0,205,27.87,0.07,5.46,12.577,0.06768551814318317,-4.4023248104839043e-05,0.0810000000000013,-0.0005434968901831894,0.035225806451612905,-0.007964954201513252,0.0,-0.009847485057248225
25,2,814547,0,205,27.76,0.07,5.36,12.617,0.06777051323961993,-4.4774302066813655e-05,0.08099999999999952,-0.0005527691613186904,0.03458064516129032,-0.007964954201513426,0.0,-0.0035919105331766324
25,2,814588,0,205,27.65,0.07,5.36,12.658,0.06739457338999587,-4.5255963115516274e-05,0.08199999999999896,-0.00055190198921362,0.03458064516129032,0.0,0.0,-0.007973273586936785
25,2,814629,0,205,27.54,0.07,5.36,12.699,0.06711670480549112,-4.527699091449388e-05,0.08200000000000074,-0.0005521584257865058,0.03458064516129032,0.0,-0.12195121951219413,-0.005581291510855476
25,2,814670,0,205,27.43,0.06,5.36,12.74,0.06693690748610572,-4.484689950552934e-05,0.08200000000000074,-0.0005469134086040114,0.03458064516129032,-0.007867820613689973,-0.12195121951219413,0.00362783948205611
25,2,814711,0,205,27.43,0.06,5.26,12.781,0.06741418764301972,-4.4170739648472514e-05,0.08000000000000007,-0.000552134245605906,0.03393548387096774,-0.008064516129032289,0.125,0.002288329519450729
25,2,814750,0,205,27.32,0.07,5.26,12.82,0.06711997384766177,-4.3572655558288706e-05,0.08000000000000007,-0.0005446581944786083,0.03393548387096774,0.0,0.0,-0.005720823798626909
25,2,814791,0,205,27.32,0.06,5.26,12.861,0.06695652173912957,-4.335934139543074e-05,0.08199999999999896,-0.000528772456041845,0.03393548387096774,0.0,0.0,-0.0023919820760810186
25,2,814832,0,205,27.21,0.07,5.26,12.902,0.06692383131742313,-4.367536781136838e-05,0.08199999999999896,-0.0005326264367240114,0.03393548387096774,0.0,0.12195121951219677,0.0007973273586937293
25,2,814873,0,205,27.21,0.07,5.26,12.943,0.06702190258254245,-4.44314116602893e-05,0.08800000000000097,-0.0005049024052305547,0.03393548387096774,-0.00733137829912011,0.0,0.003714820648459017
25,2,814920,0,205,27.1,0.07,5.16,12.99,0.06725073553448753,-4.5348199449459336e-05,0.08800000000000097,-0.000515320448289305,0.03329032258064516,-0.00733137829912011,0.0,0.006686677167226168
25,2,814961,0,205,26.99,0.07,5.16,13.031,0.06761033017325836,-4.607981927521365e-05,0.08199999999999896,-0.0005619490155513931,0.03329032258064516,0.0,0.0,0.010365255663017634
25,2,815002,0,205,26.88,0.07,5.16,13.072,0.06810068649885496,-4.6341086831140465e-05,0.08199999999999896,-0.0005651352052578177,0.03329032258064516,0.0,0.0,0.013554565097792213
25,2,815043,0,205,26.77,0.07,5.16,13.113,0.06872180451127731,-4.5991070242034303e-05,0.08200000000000074,-0.000560866710268706,0.03329032258064516,-0.007867820613689973,0.0,0.016743874532566427
25,2,815084,0,205,26.77,0.07,5.06,13.154,0.06947368421052542,-4.5062991240325975e-05,0.08399999999999963,-0.0005364641814324544,0.03264516129032258,-0.007680491551459364,-0.11904761904761968,0.015372281635766302
25,2,815127,0,205,26.66,0.06,5.06,13.197,0.07001307616868167,-4.3736851454662326e-05,0.08399999999999963,-0.0005206768030316967,0.03264516129032258,0.0,0.0,0.006226746991702862
25,2,815168,0,205,26.55,0.07,5.06,13.238,0.06999673095782846,-4.2256601036545935e-05,0.08200000000000074,-0.0005153244028847019,0.03264516129032258,0.0,0.12195121951219413,0.0038271713217295803
25,2,815209,0,205,26.43,0.07,5.06,13.279,0.0703269042170635,-4.083035873457952e-05,0.08200000000000074,-0.0004979312040802336,0.03264516129032258,0.0,0.0,-0.005142761463574045
25,2,815250,0,205,26.43,0.07,5.06,13.32,0.06957502451781539,-3.9579003850475306e-05,0.08200000000000074,-0.00048267077866432864,0.03264516129032258,-0.00786782061368989,0.0,-0.013714030569530728
25,2,815291,0,205,26.32,0.07,4.96,13.361,0.06920235371036197,-3.8561897777014134e-05,0.08199999999999896,-0.00047026704606115393,0.032,-0.00786782061369006,0.0,-0.010883518446168397
25,2,815332,0,205,26.32,0.07,4.96,13.402,0.06868257600522959,-3.783703639749003e-05,0.08199999999999896,-0.0004614272731401282,0.032,0.0,0.0,-0.02088997679777391
25,2,815373,0,205,26.21,0.07,4.96,13.443,0.06748937561294453,-3.748943396507265e-05,0.08200000000000074,-0.0004571882190862477,0.032,0.0,0.0,-0.026311802836890295
25,2,815414,0,205,26.1,0.07,4.96,13.484,0.06652500817260457,-3.761099439936011e-05,0.08200000000000074,-0.0004586706634068265,0.032,0.0,0.0,-0.02073051132603465
25,2,815455,0,205,26.1,0.07,4.96,13.525,0.06578947368420968,-3.826937361024285e-05,0.08200000000000074,-0.0004666996781736891,0.032,-0.00786782061368989,0.0,-0.008332070898348554
25,2,815496,0,205,25.99,0.07,4.86,13.566,0.06584177835893998,-3.949380706606398e-05,0.08399999999999963,-0.00047016436983409707,0.031354838709677424,-0.00768049155145928,-0.11904761904761968,-0.006382415666495347
25,2,815539,0,205,25.88,0.06,4.86,13.609,0.06525335076822407,-4.125628551211147e-05,0.08399999999999963,-0.0004911462560965673,0.031354838709677424,0.0,-0.11904761904761968,-0.014983109948784925
25,2,815580,0,205,25.88,0.06,4.86,13.65,0.06458319712324205,-4.341735165188965e-05,0.08200000000000074,-0.0005294798981937714,0.031354838709677424,0.0,0.0,-0.01052472113475605
25,2,815621,0,205,25.77,0.06,4.86,13.691,0.06439032363517407,-4.5660288073245955e-05,0.08199999999999896,-0.0005568327813810553,0.031354838709677424,0.0,0.0,-0.012119375852143567
25,2,815662,0,205,25.66,0.06,4.86,13.732,0.06358940830336629,-4.748602070428287e-05,0.08199999999999896,-0.0005790978134668717,0.031354838709677424,-0.007867820613690187,0.0,-0.01594654717387323
25,2,815703,0,205,25.66,0.06,4.76,13.773,0.06308270676691648,-4.831449341604444e-05,0.08200000000000074,-0.0005892011392200488,0.030709677419354837,-0.007867820613690017,0.0,-0.0019534520287993657
25,2,815744,0,205,25.55,0.06,4.76,13.814,0.06342922523700474,-4.766098460695822e-05,0.08099999999999952,-0.0005884072173698581,0.030709677419354837,0.0,0.12345679012345763,0.008354218880534657
25,2,815784,0,205,25.44,0.07,4.76,13.854,0.06375939849623978,-4.5310970905918066e-05,0.08099999999999952,-0.0005593947025422017,0.030709677419354837,0.0,0.12345679012345763,0.0014529076313972125
25,2,815825,0,205,25.33,0.07,4.76,13.895,0.06354691075514791,-4.143468497831471e-05,0.08200000000000074,-0.0005053010363209065,0.030709677419354837,-0.00786782061368989,0.0,0.006019821558136907
25,2,815866,0,205,25.33,0.07,4.66,13.936,0.06425302386400701,-3.661180975878153e-05,0.08500000000000085,-0.0004307271736327196,0.03006451612903226,-0.007590132827324356,-0.11764705882352834,0.01061477222467916
25,2,815910,0,205,25.22,0.06,4.66,13.98,0.06444916639424565,-3.1740647110424014e-05,0.08500000000000085,-0.0003734193777696905,0.03006451612903226,0.0,0.0,0.015806780378054736
25,2,815951,0,205,25.22,0.07,4.66,14.021,0.06559660019614168,-2.7820957672304303e-05,0.08199999999999896,-0.00033927997161347143,0.03006451612903226,0.0,0.0,0.01797973193854196
25,2,815992,0,205,25.11,0.06,4.66,14.062,0.06592350441320607,-2.566091453688113e-05,0.08199999999999896,-0.0003129379821570909,0.03006451612903226,0.0,-0.12195121951219677,0.004783964152162037
25,2,816033,0,205,25.11,0.06,4.66,14.103,0.06598888525661896,-2.5624289967861812e-05,0.08200000000000074,-0.0003124913410714827,0.03006451612903226,0.0,0.12195121951219413,-0.008411803634217875
25,2,816074,0,205,25.0,0.07,4.66,14.144,0.0652337365152002,-2.753495187013133e-05,0.08200000000000074,-0.00033579209597720834,0.03006451612903226,0.0,0.12195121951219413,-0.01100311754997231
25,2,816115,0,205,24.89,0.07,4.66,14.185,0.06508662961752122,-3.078018722685005e-05,0.08200000000000074,-0.0003753681369128021,0.03006451612903226,-0.007867820613689973,-0.12195121951219413,-0.01399309514507335
25,2,816156,0,205,24.78,0.06,4.56,14.226,0.06408630271330418,-3.4550584493292294e-05,0.08199999999999896,-0.0004213485913816187,0.029419354838709676,-0.007867820613690145,-0.12195121951219677,-0.017381736419521707
25,2,816197,0,205,24.78,0.06,4.56,14.267,0.06366132723112046,-3.808877909280106e-05,0.08199999999999896,-0.00046449730600977494,0.029419354838709676,0.0,0.12195121951219677,-0.003348774906513392
25,2,816238,0,205,24.67,0.07,4.56,14.308,0.06381170317097008,-4.083963652447142e-05,0.0840000000000014,-0.00048618614910084213,0.029419354838709676,0.0,0.0,0.004164137050701194
25,2,816281,0,205,24.67,0.06,4.56,14.351,0.06401111474337937,-4.248479218760082e-05,0.08399999999999963,-0.0005057713355666786,0.029419354838709676,0.0,0.0,0.005720823798626956
25,2,816322,0,205,24.56,0.07,4.56,14.392,0.06429225237005474,-4.2921297019241855e-05,0.08199999999999896,-0.0005234304514541756,0.029419354838709676,-0.007867820613690102,0.0,-0.0027507793874931375
25,2,816363,0,205,24.45,0.06,4.46,14.433,0.06378555083360493,-4.223877504319606e-05,0.08200000000000074,-0.0005151070127218985,0.028774193548387096,-0.007867820613689932,-0.12195121951219413,-0.004146102265207031
25,2,816404,0,205,24.34,0.06,4.46,14.474,0.06395227198430777,-4.0690499394623106e-05,0.08200000000000074,-0.0004962256023734481,0.028774193548387096,0.0,0.0,-0.005142761463574045
25,2,816445,0,205,24.34,0.06,4.46,14.515,0.06336384439359186,-3.862845733285525e-05,0.08199999999999896,-0.0004710787479616554,0.028774193548387096,0.0,0.12195121951219677,-0.01674387453256679
25,2,816486,0,205,24.23,0.07,4.46,14.556,0.0625792742726373,-3.641158017727353e-05,0.08199999999999896,-0.00044404366069846326,0.028774193548387096,0.0,0.0,-0.010524721134756278
25,2,816527,0,205,24.23,0.06,4.46,14.597,0.06250081726054185,-3.4337508868203414e-05,0.08200000000000074,-0.00041875010814881837,0.028774193548387096,-0.007081038552320943,0.0,0.0002790645755427907
25,2,816568,0,205,24.12,0.07,4.37,14.638,0.06260215756783181,-3.262704630527313e-05,0.08200000000000074,-0.00039789080860088826,0.028193548387096774,-0.007081038552320943,0.0,-0.005940088822267587
25,2,816609,0,205,24.01,0.06,4.37,14.679,0.062013729977115906,-3.1431218138910924e-05,0.08399999999999963,-0.0003741811683203698,0.028193548387096774,0.0,-0.11904761904761968,-0.015566867479257073
25,2,816652,0,205,24.01,0.06,4.37,14.722,0.061294540699574226,-3.0813298978467964e-05,0.08399999999999963,-0.00036682498783890597,0.028193548387096774,0.0,0.0,-0.014593938261803547
25,2,816693,0,205,23.9,0.06,4.37,14.763,0.06078783916312441,-3.0708703932459616e-05,0.08200000000000074,-0.00037449638942023585,0.028193548387096774,0.0,0.0,-0.009767260143997168
25,2,816734,0,205,23.9,0.06,4.37,14.804,0.06049362536776645,-3.0922120647019826e-05,0.08200000000000074,-0.0003770990322807262,0.028193548387096774,0.0,0.0,0.0022325166043421565
25,2,816775,0,205,23.79,0.06,4.37,14.845,0.06097090552468047,-3.121095253925077e-05,0.08199999999999896,-0.00038062137242989225,0.028193548387096774,-0.007867820613690145,0.0,0.0036278394820561887
25,2,816816,0,205,23.68,0.06,4.27,14.886,0.060791108205295055,-3.142787550373072e-05,0.08199999999999896,-0.00038326677443574535,0.02754838709677419,-0.007867820613690145,0.0,-0.005581291510855597
25,2,816857,0,205,23.57,0.06,4.27,14.927,0.06051323962079032,-3.162572947261477e-05,0.08200000000000074,-0.0003856796277148108,0.02754838709677419,0.0,0.0,-0.007973273586936443
25,2,816898,0,205,23.57,0.06,4.27,14.968,0.06013729977116626,-3.2038732602444496e-05,0.08200000000000074,-0.00039071625124931957,0.02754838709677419,0.0,0.0,0.0006378618869549019
25,2,816939,0,205,23.57,0.06,4.27,15.009,0.06056554429552062,-3.294491741165473e-05,0.08099999999999952,-0.00040672737545252997,0.02754838709677419,0.0,0.0,0.0028654567174780264
25,2,816979,0,205,23.46,0.06,4.27,15.049,0.06036940176528198,-3.450427221414465e-05,0.08300000000000018,-0.00041571412306198283,0.02754838709677419,0.0,0.0,0.0053565028338263074
25,2,817022,0,205,23.35,0.06,4.27,15.092,0.061010134030728205,-3.66738714225594e-05,0.08399999999999963,-0.00043659370741142337,0.02754838709677419,-0.00768049155145928,0.0,0.008211522595308201
25,2,817063,0,205,23.35,0.06,4.17,15.133,0.061059169663287866,-3.9226003085409464e-05,0.08199999999999896,-0.00047836589128548733,0.026903225806451613,-0.00786782061369006,0.12195121951219677,0.00079732735869356
25,2,817104,0,205,23.24,0.07,4.17,15.174,0.061075514874141076,-4.181479808130817e-05,0.08200000000000074,-0.0005099365619671682,0.026903225806451613,0.0,0.0,0.0
25,2,817145,0,205,23.13,0.06,4.17,15.215,0.061059169663287866,-4.402755271505576e-05,0.08200000000000074,-0.0005369213745738459,0.026903225806451613,0.0,-0.12195121951219413,-0.0007973273586935428
25,2,817186,0,205,23.13,0.06,4.17,15.256,0.061010134030728205,-4.541855037472864e-05,0.08200000000000074,-0.0005538847606674174,0.026903225806451613,0.0,0.0,-0.0015946547173872547
25,2,817227,0,205,23.02,0.06,4.17,15.297,0.06092840797646211,-4.557554154310583e-05,0.08199999999999896,-0.0005557992871110537,0.026903225806451613,-0.007867820613690102,0.0,-0.0023919820760810186
25,2,817268,0,205,23.02,0.06,4.07,15.338,0.060813991500489564,-4.424329939628979e-05,0.08199999999999896,-0.0005395524316620775,0.026258064516129033,-0.007867820613690102,0.0,-0.003189309434774748
25,2,817309,0,205,22.91,0.06,4.07,15.379,0.060666884602810583,-4.145247150718756e-05,0.08200000000000074,-0.0005055179452095999,0.026258064516129033,0.0,0.0,-0.003986636793468222
25,2,817350,0,205,22.8,0.06,4.07,15.42,0.06048708728342517,-3.756396816083285e-05,0.08000000000000007,-0.0004695496020104102,0.026258064516129033,-0.008064516129032246,0.0,-0.0049035632559660215
25,2,817389,0,205,22.8,0.06,3.97,15.459,0.0602745995423333,-3.3182261640204655e-05,0.08000000000000007,-0.00041477827050255783,0.025612903225806453,0.0,0.0,-0.005720823798626909
25,2,817430,0,205,22.69,0.06,4.07,15.5,0.060029421379535014,-2.897609268624102e-05,0.08200000000000074,-0.0003533669839785458,0.026258064516129033,0.007867820613689932,0.0,-0.006378618869549019
25,2,817471,0,205,22.58,0.06,4.07,15.541,0.05975155279503028,-2.5503187316350483e-05,0.08200000000000074,-0.000311014479467686,0.026258064516129033,-0.007867820613689932,0.0,-0.0071759462282429
25,2,817512,0,205,22.58,0.06,3.97,15.582,0.05944099378881909,-2.311988673969978e-05,0.08199999999999896,-0.00028194983828902525,0.025612903225806453,-0.007867820613690102,0.0,0.0030298439630359344
25,2,817553,0,205,22.47,0.06,3.97,15.623,0.05999999999999922,-2.1977133710568086e-05,0.08199999999999896,-0.0002680138257386386,0.025612903225806453,0.0,0.0,0.006817148916830936
25,2,817594,0,205,22.47,0.06,3.97,15.664,0.05999999999999922,-2.203944106681055e-05,0.08200000000000074,-0.0002687736715464677,0.025612903225806453,0.0,0.0,0.0
25,2,817635,0,205,22.36,0.06,3.97,15.705,0.05999999999999922,-2.3083412331868836e-05,0.08200000000000074,-0.0002815050284374223,0.025612903225806453,0.0,0.0,0.0
25,2,817676,0,205,22.36,0.06,3.97,15.746,0.05999999999999922,-2.4704975863889977e-05,0.08200000000000074,-0.00030128019346207016,0.025612903225806453,0.0,0.0,0.0
25,2,817717,0,205,22.25,0.06,3.97,15.787,0.05999999999999922,-2.6397680337757913e-05,0.08399999999999963,-0.00031425809925902416,0.025612903225806453,0.0,0.0,0.0
25,2,817760,0,205,22.14,0.06,3.97,15.83,0.05999999999999922,-2.771950327266959e-05,0.08399999999999963,-0.0003299940865794013,0.025612903225806453,-0.007680491551459322,0.0,0.0
25,2,817801,0,205,22.14,0.06,3.87,15.871,0.05999999999999922,-2.8481856940004492e-05,0.08200000000000074,-0.00034733971878053943,0.024967741935483873,-0.007867820613689932,0.0,0.0
25,2,817842,0,205,22.03,0.06,3.87,15.912,0.05999999999999922,-2.8842245126494694e-05,0.08199999999999896,-0.0003517346966645739,0.024967741935483873,0.0,0.0,0.0
25,2,817883,0,205,22.03,0.06,3.87,15.953,0.05999999999999922,-2.921582354778174e-05,0.08199999999999896,-0.0003562905310705135,0.024967741935483873,0.0,0.0,0.0
25,2,817924,0,205,21.92,0.06,3.87,15.994,0.05999999999999922,-3.0031852920997082e-05,0.08200000000000074,-0.000366242108792644,0.024967741935483873,0.0,0.0,0.0
25,2,817965,0,205,21.92,0.06,3.87,16.035,0.05999999999999922,-3.146728643032582e-05,0.08200000000000074,-0.0003837473954917748,0.024967741935483873,0.0,0.0,0.0
25,2,818006,0,205,21.81,0.06,3.87,16.076,0.05999999999999922,-3.3309685821355295e-05,0.08099999999999952,-0.00041123068915253696,0.024967741935483873,0.0,0.0,0.0
25,2,818046,0,205,21.7,0.06,3.87,16.116,0.05999999999999922,-3.502535410056451e-05,0.08099999999999952,-0.0004324117790193175,0.024967741935483873,-0.007964954201513426,0.0,0.0
25,2,818087,0,205,21.7,0.06,3.77,16.157,0.05999999999999922,-3.599003084307872e-05,0.08200000000000074,-0.00043890281515949266,0.02432258064516129,-0.007867820613689973,0.0,0.0
25,2,818128,0,205,21.59,0.06,3.77,16.198,0.05999999999999922,-3.575212545112993e-05,0.08399999999999963,-0.000425620541084882,0.02432258064516129,0.0,0.0,0.0
25,2,818171,0,205,21.59,0.06,3.77,16.241,0.05999999999999922,-3.419675510146503e-05,0.08399999999999963,-0.00040710422739839497,0.02432258064516129,0.0,0.0,0.0
25,2,818212,0,205,21.48,0.06,3.77,16.282,0.05999999999999922,-3.1555957043917e-05,0.08200000000000074,-0.0003848287444380087,0.02432258064516129,-0.007867820613689932,0.0,0.0
25,2,818253,0,205,21.37,0.06,3.67,16.323,0.05999999999999922,-2.829846582406814e-05,0.08200000000000074,-0.00034510324175692544,0.02367741935483871,0.0,0.0,0.0
25,2,818294,0,205,21.37,0.06,3.77,16.364,0.05999999999999922,-2.497687194994924e-05,0.08200000000000074,-0.00030459599938962217,0.02432258064516129,0.007867820613689932,0.0,0.0
25,2,818335,0,205,21.26,0.06,3.77,16.405,0.05999999999999922,-2.2110007290510047e-05,0.08200000000000074,-0.0002696342352501201,0.02432258064516129,-0.007867820613689932,0.0,0.0
25,2,818376,0,205,21.26,0.06,3.67,16.446,0.05999999999999922,-2.014036997648683e-05,0.08199999999999719,-0.00024561426800594535,0.02367741935483871,-0.007867820613690273,0.0,0.0
25,2,818417,0,205,21.15,0.06,3.67,16.487,0.05999999999999922,-1.943688552025158e-05,0.08199999999999719,-0.00023703518927136886,0.02367741935483871,0.0,0.0,0.0
25,2,818458,0,205,21.15,0.06,3.67,16.528,0.05999999999999922,-2.026787854759915e-05,0.08200000000000074,-0.0002471692505804752,0.02367741935483871,0.0,0.0,0.0
25,2,818499,0,205,21.04,0.06,3.67,16.569,0.05999999999999922,-2.270693773197685e-05,0.08399999999999963,-0.0002703206872854399,0.02367741935483871,0.0,0.0,0.0
25,2,818542,0,205,20.93,0.06,3.67,16.612,0.05999999999999922,-2.652170929631881e-05,0.08399999999999963,-0.0003157346344799872,0.02367741935483871,0.0,0.0,0.0
25,2,818583,0,205,20.93,0.06,3.67,16.653,0.05999999999999922,-3.1140020248905387e-05,0.08200000000000074,-0.00037975634449884273,0.02367741935483871,0.0,0.0,0.0
25,2,818624,0,205,20.93,0.06,3.67,16.694,0.05999999999999922,-3.574885138188044e-05,0.08300000000000196,-0.00043070905279373004,0.02367741935483871,-0.007773027594247771,0.0,0.0
25,2,818666,0,205,20.82,0.06,3.57,16.736,0.05999999999999922,-3.949621997919284e-05,0.08300000000000196,-0.00047585807203845664,0.02303225806451613,-0.007773027594247771,0.0,0.0
25,2,818707,0,205,20.82,0.06,3.57,16.777,0.05999999999999922,-4.170148774461868e-05,0.08200000000000074,-0.0005085547285929061,0.02303225806451613,0.0,0.0,0.0068171489168306195
25,2,818748,0,205,20.71,0.06,3.57,16.818,0.060559006211179336,-4.19881696876363e-05,0.08200000000000074,-0.0005120508498492186,0.02303225806451613,0.0,0.0,0.0030298439630356993
25,2,818789,0,205,20.6,0.06,3.57,16.859,0.06024844720496815,-4.0325352692902604e-05,0.08099999999999952,-0.000497843860406208,0.02303225806451613,0.0,0.0,-0.00036322690784930313
25,2,818829,0,205,20.6,0.06,3.57,16.899,0.06052958483164354,-3.7022111739664964e-05,0.08099999999999952,-0.00045706310789710104,0.02303225806451613,-0.007964954201513384,0.0,-0.0033901178065936103
25,2,818870,0,205,20.49,0.06,3.47,16.94,0.05997384766263407,-3.270123565112781e-05,0.08500000000000085,-0.00038472041942502923,0.022387096774193548,-0.007590132827324397,0.0,-0.005730438628540654
25,2,818914,0,205,20.49,0.06,3.47,16.984,0.06004249754821758,-2.821780694485465e-05,0.0849999999999973,-0.00033197419935124175,0.022387096774193548,0.0,0.0,-0.007845701209545858
25,2,818955,0,205,20.38,0.06,3.47,17.025,0.05930696305982269,-2.4475708794584605e-05,0.08199999999999719,-0.0002984842535925054,0.022387096774193548,0.0,0.0,-0.016743874532567152
25,2,818996,0,205,20.38,0.06,3.47,17.066,0.05866949983654712,-2.216339091315245e-05,0.08200000000000074,-0.00027028525503844207,0.022387096774193548,0.0,0.0,-0.014351892456485462
25,2,819037,0,205,20.27,0.06,3.47,17.107,0.058130107878390874,-2.1514346436044996e-05,0.08200000000000074,-0.00026237007848835123,0.022387096774193548,0.0,0.0,-0.01195991038040458
25,2,819078,0,205,20.27,0.06,3.47,17.148,0.05768878718535394,-2.2217600421519545e-05,0.08200000000000074,-0.00027094634660389445,0.022387096774193548,0.0,0.0,-0.0027507793874930776
25,2,819119,0,205,20.16,0.06,3.47,17.189,0.05790454396861644,-2.3544550752616632e-05,0.08200000000000074,-0.00028712866771483437,0.022387096774193548,0.0,-0.12195121951219397,-0.004146102265206947
25,2,819160,0,205,20.16,0.05,3.47,17.23,0.057348806799606966,-2.46589227327072e-05,0.08200000000000074,-0.00030071856991106073,0.022387096774193548,-0.007867820613689932,0.0,-0.01195991038040458
25,2,819201,0,205,20.05,0.06,3.37,17.271,0.056923831317423255,-2.4981634970199006e-05,0.08099999999999952,-0.00030841524654566857,0.021741935483870968,-0.007964954201513384,0.0,-0.008878879969650328
25,2,819241,0,205,19.94,0.05,3.37,17.311,0.056629617522065294,-2.4438252521030713e-05,0.08299999999999841,-0.0002944367773618215,0.021741935483870968,0.0,0.0,-0.005514047034821228
25,2,819284,0,205,19.94,0.06,3.37,17.354,0.0564661654135331,-2.3464103360339548e-05,0.08399999999999963,-0.0002793345638135673,0.021741935483870968,0.0,0.0,-0.0023350301218885115
25,2,819325,0,205,19.83,0.05,3.37,17.395,0.05643347499182666,-2.2769208872372105e-05,0.08200000000000074,-0.00027767327893136464,0.021741935483870968,0.0,0.0,0.0007973273586936273
25,2,819366,0,205,19.83,0.06,3.37,17.436,0.05653154625694598,-2.2990990204838635e-05,0.08200000000000074,-0.0002803779293272979,0.021741935483870968,0.0,0.12195121951219397,0.003986636793468222
25,2,819407,0,205,19.83,0.06,3.37,17.477,0.05676037920889106,-2.4406668245375406e-05,0.08200000000000074,-0.00029764229567530714,0.021741935483870968,0.0,0.0,0.007175946228242731
25,2,819448,0,205,19.72,0.06,3.37,17.518,0.05711997384766189,-2.6828532602974688e-05,0.08200000000000074,-0.00032717722686554203,0.021741935483870968,0.0,0.0,0.01718240457984786
25,2,819489,0,205,19.61,0.06,3.37,17.559,0.058169336384438594,-2.970604782304198e-05,0.08200000000000074,-0.0003622688758907526,0.021741935483870968,-0.007867820613689932,-0.12195121951219397,0.023401557977658406
25,2,819530,0,205,19.61,0.05,3.27,17.6,0.059038901601829896,-3.2357230023096316e-05,0.08199999999999719,-0.00039460036613533445,0.021096774193548388,-0.007867820613690273,0.0,0.012597772267360112
25,2,819571,0,205,19.5,0.06,3.27,17.641,0.05920235371036209,-3.4195085882974926e-05,0.08199999999999719,-0.0004170132424753183,0.021096774193548388,0.0,0.12195121951219924,-0.004624498680423324
25,2,819612,0,205,19.5,0.06,3.27,17.682,0.0586596927100352,-3.484305863571713e-05,0.08400000000000318,-0.00041479831709185486,0.021096774193548388,0.0,0.0,0.002335030121888495
25,2,819655,0,205,19.39,0.06,3.27,17.725,0.05939849624060073,-3.41329072332921e-05,0.08399999999999963,-0.0004063441337296696,0.021096774193548388,0.0,0.0,0.0050981490994566865
25,2,819696,0,205,19.39,0.06,3.27,17.766,0.059087937234389556,-3.2067291643607996e-05,0.08199999999999719,-0.0003910645322391353,0.021096774193548388,0.0,0.0,-0.009368596464650634
25,2,819737,0,205,19.28,0.06,3.27,17.807,0.0586302713304994,-2.8829755883990062e-05,0.08200000000000074,-0.00035158238882914393,0.021096774193548388,-0.007081038552320943,0.0,-0.019773718495602298
25,2,819778,0,205,19.17,0.06,3.18,17.848,0.057466492317750154,-2.484240318459463e-05,0.08200000000000074,-0.00030295613639749275,0.020516129032258065,-0.007081038552320943,0.0,-0.01957438665592891
25,2,819819,0,205,19.17,0.06,3.18,17.889,0.05702517162471322,-2.0787389117662868e-05,0.08200000000000074,-0.00025350474533734977,0.020516129032258065,0.0,0.0,-0.008770600945630154
25,2,819860,0,205,19.17,0.06,3.18,17.93,0.056747303040208474,-1.7503005019519514e-05,0.08200000000000074,-0.0002134512807258458,0.020516129032258065,0.0,-0.12195121951219397,-0.004783964152161849
25,2,819901,0,205,19.06,0.05,3.18,17.971,0.05663288656423594,-1.574652105761576e-05,0.08200000000000074,-0.0001920307446050685,0.020516129032258065,0.0,-0.12195121951219397,-0.000797327358693712
25,2,819942,0,205,18.95,0.05,3.18,18.012,0.05668192219679559,-1.5914236370164758e-05,0.08200000000000074,-0.00019407605329469041,0.020516129032258065,0.0,0.12195121951219397,-0.000996659198367013
25,2,819983,0,205,18.95,0.06,3.18,18.053,0.05655116050996985,-1.7849592819524584e-05,0.0799999999999983,-0.00022311991024406207,0.020516129032258065,0.0,0.1250000000000026,-0.0055165086629617235
25,2,820022,0,205,18.95,0.06,3.18,18.092,0.05624060150375866,-2.0838690346915988e-05,0.0799999999999983,-0.0002604836293364554,0.020516129032258065,0.0,-0.1250000000000026,-0.00572082379862721
25,2,820063,0,205,18.84,0.05,3.18,18.133,0.05609349460607968,-2.382031159236231e-05,0.08200000000000074,-0.0002904916047849036,0.020516129032258065,0.0,-0.12195121951219397,-0.0015946547173872547
25,2,820104,0,205,18.84,0.05,3.18,18.174,0.056109839816932905,-2.575305312556342e-05,0.08200000000000074,-0.0003140616234824779,0.020516129032258065,-0.007867820613689932,0.12195121951219397,0.0023919820760809666
25,2,820145,0,205,18.73,0.06,3.08,18.215,0.05628963713631832,-2.600510402678058e-05,0.08200000000000074,-0.00031713541496073593,0.019870967741935485,-0.007867820613689932,0.12195121951219397,0.013195767786379807
25,2,820186,0,205,18.73,0.06,3.08,18.256,0.05719189277541606,-2.4598005047925308e-05,0.08200000000000074,-0.0002999756713161596,0.019870967741935485,0.0,0.0,0.020212248542883896
25,2,820227,0,205,18.62,0.06,3.08,18.297,0.057947041516834816,-2.218567141071093e-05,0.08200000000000074,-0.0002705569684233016,0.019870967741935485,0.0,0.0,0.0102057901912786
25,2,820268,0,205,18.62,0.06,3.08,18.338,0.05802876757110091,-1.977572735705513e-05,0.08099999999999952,-0.00024414478218586725,0.019870967741935485,0.0,0.0,0.004843025437990994
25,2,820308,0,205,18.51,0.06,3.08,18.378,0.058339326577312084,-1.8324622241198796e-05,0.08099999999999952,-0.00022622990421233217,0.019870967741935485,0.0,0.0,-0.0006457367250654658
25,2,820349,0,205,18.51,0.06,3.08,18.419,0.05797646289637061,-1.83839018669687e-05,0.08399999999999963,-0.0002188559746067712,0.019870967741935485,0.0,-0.11904761904761951,-0.0037360481950216183
25,2,820392,0,205,18.4,0.05,3.08,18.462,0.05802549852893027,-1.993407839208672e-05,0.08399999999999963,-0.00023731045704865247,0.019870967741935485,0.0,0.0,0.006071078316910212
25,2,820433,0,205,18.4,0.06,3.08,18.503,0.058486433474991065,-2.2456342344415958e-05,0.08200000000000074,-0.00027385783346848484,0.019870967741935485,0.0,0.12195121951219397,0.003029843963035784
25,2,820474,0,205,18.29,0.06,3.08,18.544,0.058273945733899206,-2.519719847136326e-05,0.08200000000000074,-0.000307282908187354,0.019870967741935485,-0.007867820613689973,0.0,-0.01339509962605311
25,2,820515,0,205,18.29,0.06,2.98,18.585,0.0573880353056547,-2.7499423785369626e-05,0.08200000000000074,-0.0003353588266508461,0.0192258064516129,-0.007867820613689973,0.0,-0.023401557977658322
25,2,820556,0,205,18.18,0.06,2.98,18.626,0.056355017979731206,-2.903862827690684e-05,0.08200000000000074,-0.00035412961313300705,0.0192258064516129,0.0,-0.12195121951219397,-0.016385077221154485
25,2,820597,0,205,18.18,0.05,2.98,18.667,0.05604445897352002,-2.9855712365666863e-05,0.08199999999999719,-0.0003640940532398523,0.0192258064516129,0.0,-0.12195121951219924,-0.0055812915108557175
25,2,820638,0,205,18.07,0.05,2.98,18.708,0.05589735207584105,-3.019840433930465e-05,0.08199999999999719,-0.00036827322365006935,0.0192258064516129,0.0,0.12195121951219924,0.00522249419944376
25,2,820679,0,205,18.07,0.06,2.98,18.749,0.056472703497874394,-3.0297902142580215e-05,0.08200000000000074,-0.00036948661149487734,0.0192258064516129,0.0,0.12195121951219397,0.005421826039116666
25,2,820720,0,205,18.07,0.06,2.98,18.79,0.056341941811048624,-3.0228964934997383e-05,0.08200000000000074,-0.00036864591384142817,0.0192258064516129,0.0,0.0,-0.000797327358693712
25,2,820761,0,205,17.96,0.06,2.98,18.831,0.05640732265446151,-2.9926459630692737e-05,0.08399999999999963,-0.0003562673765558675,0.0192258064516129,-0.007680491551459322,-0.11904761904761951,0.01054655271719663
25,2,820804,0,205,17.85,0.05,2.88,18.874,0.05722785223929314,-2.9315913204118525e-05,0.08399999999999963,-0.00034899896671569826,0.01858064516129032,-0.007680491551459322,-0.11904761904761951,0.0007783433739627546
25,2,820845,0,205,17.85,0.05,2.88,18.915,0.05647270349787438,-2.843672916175155e-05,0.08200000000000074,-0.0003467893800213572,0.01858064516129032,0.0,0.12195121951219397,-0.009209130992911417
25,2,820886,0,205,17.73,0.06,2.88,18.956,0.056472703497874394,-2.7450964975557214e-05,0.08200000000000074,-0.0003347678655555728,0.01858064516129032,0.0,0.12195121951219397,0.002391982076081051
25,2,820927,0,205,17.73,0.06,2.88,18.997,0.05666884602811303,-2.652931408227843e-05,0.08200000000000074,-0.00032352822051558773,0.01858064516129032,0.0,0.0,0.007175946228242731
25,2,820968,0,205,17.73,0.06,2.88,19.038,0.0570611310885903,-2.570755154050408e-05,0.08200000000000074,-0.0003135067261037055,0.01858064516129032,0.0,0.0,0.0187770592972352
25,2,821009,0,205,17.73,0.06,2.88,19.079,0.05820856489048633,-2.4829318605211538e-05,0.08200000000000074,-0.00030279656835623553,0.01858064516129032,0.0,0.0,0.008770600945629986
25,2,821050,0,205,17.51,0.06,2.88,19.12,0.05778032036613197,-2.3625423679585645e-05,0.08200000000000074,-0.0002881149229217736,0.01858064516129032,-0.007867820613689932,-0.12195121951219397,-0.005421826039116835
25,2,821091,0,205,17.51,0.05,2.78,19.161,0.05776397515527874,-2.1881243455526002e-05,0.08200000000000074,-0.00026684443238446105,0.01793548387096774,-0.007867820613689932,0.0,0.0046244986804231236
25,2,821132,0,205,17.4,0.06,2.78,19.202,0.05815952925792667,-1.9585504260021037e-05,0.08399999999999963,-0.00023316076500025148,0.01793548387096774,0.007680491551459322,0.11904761904761951,0.0014010180731331894
25,2,821175,0,205,17.4,0.06,2.88,19.245,0.05788166067342193,-1.6979789965835935e-05,0.08399999999999963,-0.00020214035673614297,0.01858064516129032,0.0,-0.11904761904761951,-0.0038917168698142683
25,2,821216,0,205,17.4,0.05,2.78,19.286,0.05783262504086227,-1.4506438201412396e-05,0.08200000000000074,-0.00017690778294405203,0.01793548387096774,-0.007867820613689932,0.0,-0.002591313915754437
25,2,821257,0,205,17.29,0.06,2.78,19.327,0.057669172932330065,-1.2698166501636798e-05,0.08199999999999719,-0.0001548556890443565,0.01793548387096774,0.0,0.12195121951219924,-0.016385077221154943
25,2,821298,0,205,17.29,0.06,2.78,19.368,0.05648904870872761,-1.2037926712761937e-05,0.08199999999999719,-0.00014680398430197989,0.01793548387096774,0.0,0.0,-0.01957438665592959
25,2,821339,0,205,17.18,0.06,2.78,19.409,0.056064073226543894,-1.2801932174837383e-05,0.08200000000000074,-0.00015612112408338132,0.01793548387096774,0.0,0.0,-0.007973273586936527
25,2,821380,0,205,17.18,0.06,2.78,19.45,0.05583524027459881,-1.492287757096733e-05,0.08200000000000074,-0.00018198631184106336,0.01793548387096774,0.0,-0.12195121951219397,-0.003189309434774594
25,2,821421,0,205,17.07,0.05,2.78,19.491,0.055802549852892375,-1.7937478135694463e-05,0.08200000000000074,-0.00021874973336212563,0.01793548387096774,0.0,0.0,0.008411803634217958
25,2,821462,0,205,17.07,0.06,2.78,19.532,0.05652500817260469,-2.106836448573013e-05,0.08099999999999952,-0.00026010326525592906,0.01793548387096774,0.0,0.0,0.016425927943853152
25,2,821502,0,205,16.96,0.05,2.78,19.572,0.05713305001634447,-2.3437358122751827e-05,0.08299999999999841,-0.00028237780870785876,0.01793548387096774,-0.007773027594248103,-0.12048192771084562,-0.003938605024872246
25,2,821545,0,205,17.07,0.05,2.68,19.615,0.0561981039555403,-2.434562088338854e-05,0.08399999999999963,-0.00028982882004034103,0.01729032258064516,0.0,0.11904761904761951,-0.012881582839085222
25,2,821586,0,205,16.96,0.06,2.78,19.656,0.05605099705786132,-2.3520424309535494e-05,0.08200000000000074,-0.00028683444279921074,0.01793548387096774,0.0,0.12195121951219397,-0.000797327358693712
25,2,821627,0,205,16.96,0.06,2.68,19.697,0.056132723112127414,-2.1237844189314624e-05,0.08200000000000074,-0.0002589980998696882,0.01729032258064516,-0.007867820613689932,-0.12195121951219397,-0.006219153397810378
25,2,821668,0,205,16.85,0.05,2.68,19.738,0.05554102647924086,-1.8272779367890734e-05,0.08200000000000074,-0.00022283877277915327,0.01729032258064516,0.0,0.0,-0.005222494199443365
25,2,821709,0,205,16.85,0.06,2.68,19.779,0.055704478587773054,-1.5678192542829094e-05,0.08200000000000074,-0.00019119747003449943,0.01729032258064516,0.0,0.12195121951219397,0.006378618869549104
25,2,821750,0,205,16.74,0.06,2.68,19.82,0.056064073226543894,-1.444883488141624e-05,0.08200000000000074,-0.0001762053034319038,0.01729032258064516,0.0,0.0,0.017979731938541573
25,2,821791,0,205,16.74,0.06,2.68,19.861,0.057178816606733476,-1.5174261033893632e-05,0.08200000000000074,-0.00018505196382796946,0.01729032258064516,0.0,0.0,0.01897639113690867
25,2,821832,0,205,16.63,0.06,2.68,19.902,0.05762013729977042,-1.7804337383252823e-05,0.08200000000000074,-0.00021712606564942271,0.01729032258064516,0.0,-0.12195121951219397,0.0025514475478196075
25,2,821873,0,205,16.63,0.05,2.68,19.943,0.057388035305654686,-2.162036016136737e-05,0.08399999999999963,-0.00025738524001627937,0.01729032258064516,0.0,-0.11904761904761951,0.003463628014134605
25,2,821916,0,205,16.52,0.05,2.68,19.986,0.057911082052957724,-2.54390264625024e-05,0.08399999999999963,-0.00030284555312502993,0.01729032258064516,0.0,0.11904761904761951,0.004047385544606918
25,2,821957,0,205,16.52,0.06,2.68,20.027,0.057728015691401666,-2.7995436030656685e-05,0.08200000000000074,-0.0003414077564714199,0.01729032258064516,-0.007867820613689932,0.12195121951219397,0.0001594654717388101
25,2,821998,0,205,16.41,0.06,2.58,20.068,0.05792415822164031,-2.837402130153821e-05,0.08200000000000074,-0.00034602465001875557,0.01664516129032258,-0.007867820613689932,0.0,0.0025913139157542676
25,2,822039,0,205,16.41,0.06,2.58,20.109,0.05794050343249352,-2.6318283338050197e-05,0.08199999999999719,-0.0003209546748542817,0.01664516129032258,0.0,0.0,0.0023919820760810702
25,2,822080,0,205,16.41,0.06,2.58,20.15,0.05812030075187895,-2.2293174365204392e-05,0.08199999999999719,-0.00027186798006347755,0.01664516129032258,0.0,0.0,0.002192650236407676
25,2,822121,0,205,16.3,0.06,2.58,20.191,0.05812030075187894,-1.7290907792008257e-05,0.08200000000000074,-0.0002108647291708305,0.01664516129032258,0.0,0.0,-0.0021926502364076656
25,2,822162,0,205,16.3,0.06,2.58,20.232,0.05794050343249352,-1.2487185436180326e-05,0.08200000000000074,-0.00015228274922170993,0.01664516129032258,0.0,-0.12195121951219397,-0.002391982076080882
25,2,822203,0,205,16.3,0.05,2.58,20.273,0.05792415822164031,-8.896598093074193e-06,0.08200000000000074,-0.00010849509869602577,0.01664516129032258,0.0,0.0,0.008411803634217875
25,2,822244,0,205,16.19,0.06,2.58,20.314,0.05863027133049939,-7.138998818652098e-06,0.08399999999999963,-8.498808117443011e-05,0.01664516129032258,0.0,0.11904761904761951,0.008406108438798724
25,2,822287,0,205,16.19,0.06,2.58,20.357,0.058630271330499396,-7.358389916797936e-06,0.08399999999999963,-8.759987996188058e-05,0.01664516129032258,0.0,0.0,-0.0017512725914162802
25,2,822328,0,205,16.19,0.06,2.58,20.398,0.05848316443282042,-9.271358858120138e-06,0.08200000000000074,-0.00011306535192829335,0.01664516129032258,-0.007867820613689932,0.0,-0.0163850772211544
25,2,822369,0,205,16.08,0.06,2.48,20.439,0.05728669499836472,-1.2284576475808607e-05,0.08300000000000196,-0.00014800694549166646,0.016,0.0,-0.12048192771084047,-0.013391257084565315
25,2,822411,0,205,16.08,0.05,2.58,20.481,0.057371690094801475,-1.5628879888677005e-05,0.08599999999999852,-0.00018173116149624736,0.01664516129032258,0.007501875468867341,0.0,0.0002660848278432944
25,2,822455,0,205,15.97,0.06,2.58,20.525,0.057309578293559246,-1.850699158129876e-05,0.0849999999999973,-0.0002177293127211688,0.01664516129032258,0.0,0.11764705882353309,-0.009384073995731271
25,2,822496,0,205,15.97,0.06,2.58,20.566,0.05657404380516434,-2.0284683997453533e-05,0.08200000000000074,-0.0002473741950908945,0.01664516129032258,-0.007867820613689932,-0.12195121951219397,-0.008332070898348554
25,2,822537,0,205,15.86,0.05,2.48,20.607,0.05662634847989466,-2.0709309058484226e-05,0.08200000000000074,-0.0002525525494937078,0.016,-0.007867820613689932,0.0,0.0002790645755427907
25,2,822578,0,205,15.86,0.06,2.48,20.648,0.05659692710035885,-2.005093678080483e-05,0.08200000000000074,-0.0002445236192781055,0.016,0.0,0.12195121951219397,-0.0013155901418444639
25,2,822619,0,205,15.75,0.06,2.48,20.689,0.05651847008826341,-1.9043771260520703e-05,0.08000000000000185,-0.0002380471407565033,0.016,0.0,-0.12499999999999706,-0.013443935926772886
25,2,822658,0,205,15.75,0.05,2.48,20.728,0.055521412226216996,-1.8604218428862396e-05,0.0799999999999983,-0.00023255273036078492,0.016,0.0,0.0,-0.018143184047074386
25,2,822699,0,205,15.75,0.06,2.48,20.769,0.05506701536449749,-1.9434757685093727e-05,0.08099999999999952,-0.00023993528006288696,0.016,0.0,0.0,-0.011017882871429662
25,2,822739,0,205,15.64,0.05,2.48,20.809,0.0546289637136312,-2.1686659355797834e-05,0.08100000000000307,-0.0002677365352567532,0.016,0.0,0.0,-0.010210711965097466
25,2,822780,0,205,15.64,0.06,2.48,20.85,0.054239947695324565,-2.4826970092175493e-05,0.08199999999999719,-0.0003027679279533701,0.016,0.0,0.0,-0.008491536370087732
25,2,822821,0,205,15.64,0.05,2.48,20.891,0.05393265773128403,-2.7773602051330837e-05,0.08199999999999719,-0.0003387024640406316,0.016,0.0,-0.12195121951219924,-0.017102671843979365
25,2,822862,0,205,15.53,0.05,2.48,20.932,0.052837528604118306,-2.9262250838002047e-05,0.08200000000000074,-0.00035685671753660713,0.016,-0.007867820613689952,0.12195121951219397,-0.018497994721692407
25,2,822903,0,205,15.42,0.06,2.38,20.973,0.05241582216410524,-2.831363710768775e-05,0.08200000000000074,-0.00034528825741082314,0.015354838709677418,-0.007867820613689952,0.0,-0.008491536370087364
25,2,822944,0,205,15.42,0.05,2.38,21.014,0.052141222621771136,-2.461652736403064e-05,0.08200000000000074,-0.00030020155321988315,0.015354838709677418,0.0,-0.12195121951219397,-0.01550801712659137
25,2,822985,0,205,15.42,0.05,2.38,21.055,0.05114416475972473,-1.867426746230505e-05,0.08399999999999963,-0.00022231270788458492,0.015354838709677418,0.0,0.0,-0.021599028627469
25,2,823028,0,205,15.31,0.05,2.38,21.098,0.05032690421706375,-1.1674397690951466e-05,0.08399999999999963,-0.00013898092489227998,0.015354838709677418,0.0,0.0,-0.013231837357368397
25,2,823069,0,205,15.31,0.05,2.38,21.139,0.05003269042170579,-5.158847740160066e-06,0.08200000000000074,-6.291277731902463e-05,0.015354838709677418,0.0,0.0,-0.011800444908665938
25,2,823110,0,205,15.31,0.05,2.38,21.18,0.04935926773455313,-6.236759468585263e-07,0.08200000000000074,-7.6058042299819594e-06,0.015354838709677418,0.0,0.0,-0.00362783948205611
25,2,823151,0,205,15.2,0.05,2.38,21.221,0.04973520758417719,8.412697626911659e-07,0.08200000000000074,1.0259387349892175e-05,0.015354838709677418,0.0,0.0,0.004146102265207031
25,2,823192,0,205,15.2,0.05,2.38,21.262,0.04969924812030011,-1.194059242150658e-06,0.08200000000000074,-1.4561698075007894e-05,0.015354838709677418,0.0,0.0,0.011521380333123063
25,2,823233,0,205,15.09,0.05,2.38,21.303,0.05067996077149329,-6.386575866158761e-06,0.08200000000000074,-7.788507153852078e-05,0.015354838709677418,0.0,0.0,0.018497994721692407
25,2,823274,0,205,15.09,0.05,2.38,21.344,0.0512160836874789,-1.3663036389353066e-05,0.08200000000000074,-0.00016662239499210907,0.015354838709677418,0.0,0.0,0.02088997679777346
25,2,823315,0,205,15.09,0.05,2.38,21.385,0.05239293886891073,-2.1423391717488637e-05,0.08199999999999719,-0.00026126087460352895,0.015354838709677418,0.0,0.0,0.029700444111339475
25,2,823356,0,205,14.98,0.05,2.38,21.426,0.053651520104608656,-2.7887937279845953e-05,0.08199999999999719,-0.000340096796095694,0.015354838709677418,0.0,0.0,0.03169376250807359
25,2,823397,0,205,14.98,0.05,2.38,21.467,0.05499182739457267,-3.153185917264389e-05,0.08400000000000318,-0.000375379275864794,0.015354838709677418,-0.007680491551458997,0.11904761904761448,0.02879870483662425
25,2,823440,0,205,14.87,0.06,2.28,21.51,0.056070611310885185,-3.1497428579919e-05,0.08399999999999963,-0.0003749693878561802,0.014709677419354838,-0.007680491551459322,0.11904761904761951,0.015917121997540327
25,2,823481,0,205,14.87,0.06,2.28,21.551,0.056328865642366055,-2.7843009614661797e-05,0.08199999999999719,-0.00033954889773978963,0.014709677419354838,0.0,0.0,0.013714030569531153
25,2,823522,0,205,14.87,0.06,2.28,21.592,0.0571951618175867,-2.1525925901848097e-05,0.08200000000000074,-0.00026251129148595,0.014709677419354838,0.0,0.0,0.010724052974429521
25,2,823563,0,205,14.76,0.06,2.28,21.633,0.057208237986269284,-1.412241535432468e-05,0.08200000000000074,-0.00017222457749176283,0.014709677419354838,0.0,0.0,0.007335411699981541
25,2,823604,0,205,14.76,0.06,2.28,21.674,0.05779666557698519,-7.393997334746771e-06,0.08200000000000074,-9.01706992042281e-05,0.014709677419354838,0.0,0.0,0.01036525566301724
25,2,823645,0,205,14.65,0.06,2.28,21.715,0.058058188950636705,-2.8469742318226742e-06,0.08200000000000074,-3.4719197949056686e-05,0.014709677419354838,0.0,0.0,0.0023919820760807974
25,2,823686,0,205,14.76,0.06,2.28,21.756,0.05799280810722382,-1.3992551543346998e-06,0.08200000000000074,-1.7064087247983992e-05,0.014709677419354838,0.0,-0.12195121951219397,-0.005581291510855476
25,2,823727,0,205,14.65,0.05,2.28,21.797,0.05760052304674655,-3.21219703644271e-06,0.08200000000000074,-3.91731345907644e-05,0.014709677419354838,0.0,0.0,-0.013554565097791835
25,2,823768,0,205,14.54,0.06,2.28,21.838,0.05688133376920488,-7.699862940198531e-06,0.08399999999999963,-9.166503500236387e-05,0.014709677419354838,0.0,0.0,-0.02101527109699685
25,2,823811,0,205,14.54,0.05,2.28,21.881,0.055835240274598824,-1.3699461405264569e-05,0.08399999999999963,-0.00016308882625315035,0.014709677419354838,0.0,-0.11904761904761951,-0.028798704836625468
25,2,823852,0,205,14.54,0.05,2.28,21.922,0.05446224256292835,-1.976457484927341e-05,0.08099999999999952,-0.00024400709690461145,0.014709677419354838,0.0,0.12345679012345746,-0.02679807409021735
25,2,823892,0,205,14.43,0.06,2.28,21.962,0.05366459627329123,-2.4516097344309707e-05,0.08099999999999952,-0.0003026678684482698,0.014709677419354838,-0.007964954201513361,0.0,-0.019089591934748157
25,2,823933,0,205,14.43,0.05,2.18,22.003,0.05291598561621376,-2.6957571155350913e-05,0.08200000000000074,-0.0003287508677481789,0.01406451612903226,-0.00786782061368991,0.0,-0.01726213731571735
25,2,823974,0,205,14.43,0.06,2.18,22.044,0.052249101013402396,-2.666102535810788e-05,0.08200000000000074,-0.00032513445558667855,0.01406451612903226,0.00786782061368991,0.0,-0.014870155239636383
25,2,824015,0,205,14.32,0.05,2.28,22.085,0.051696632886563565,-2.3785449097315502e-05,0.08200000000000074,-0.000290066452406284,0.014709677419354838,0.0,-0.12195121951219397,-0.011680845804861874
25,2,824056,0,205,14.32,0.05,2.18,22.126,0.051291271657403714,-1.8972114728093014e-05,0.08200000000000074,-0.00023136725278162003,0.01406451612903226,-0.00786782061368991,0.0,-0.007694209011393567
25,2,824097,0,205,14.32,0.05,2.18,22.167,0.05106570774762929,-1.3191434775967181e-05,0.08199999999999719,-0.00016087115580448334,0.01406451612903226,0.0,0.0,-0.0029102448592319293
25,2,824138,0,205,14.21,0.05,2.18,22.208,0.051052631578946704,-7.576398323695166e-06,0.08399999999999963,-9.019521813922856e-05,0.01406451612903226,0.0,0.0,-0.008133688257911793
25,2,824181,0,205,14.21,0.05,2.18,22.251,0.0503824779339647,-3.23772050946447e-06,0.08400000000000318,-3.854429177933747e-05,0.01406451612903226,0.0,0.0,-0.006382415666495077
25,2,824222,0,205,14.21,0.05,2.18,22.292,0.0505165086629611,-1.0652128454147203e-06,0.08199999999999719,-1.2990400553838498e-05,0.01406451612903226,0.0,0.0,-0.0043454341048805205
25,2,824263,0,205,14.1,0.05,2.18,22.333,0.05002615233736451,-1.5491191240228907e-06,0.08199999999999719,-1.8891696634426146e-05,0.01406451612903226,0.0,0.0,-0.012757237739098759
25,2,824304,0,205,14.1,0.05,2.18,22.374,0.049470415168355035,-4.6641239886349166e-06,0.08200000000000074,-5.6879560837010664e-05,0.01406451612903226,0.0,0.0,-0.0033487749065133194
25,2,824345,0,205,14.1,0.05,2.18,22.415,0.049751552795030414,-9.847975779228691e-06,0.08200000000000074,-0.00012009726560034882,0.01406451612903226,0.0,0.0,-0.00035879731141211116
25,2,824386,0,205,13.99,0.05,2.18,22.456,0.04944099378881924,-1.609079907344624e-05,0.08200000000000074,-0.00019622925699324507,0.01406451612903226,0.0,0.0,0.0030298439630358684
25,2,824427,0,205,13.99,0.05,2.18,22.497,0.04999999999999936,-2.2131055402522914e-05,0.08300000000000196,-0.00026663922171713726,0.01406451612903226,0.0,0.0,0.006735014592531357
25,2,824469,0,205,13.88,0.05,2.18,22.539,0.04999999999999936,-2.672291328266896e-05,0.08299999999999841,-0.00032196281063457197,0.01406451612903226,-0.007773027594248125,0.0,-0.006735014592531645
25,2,824510,0,205,13.88,0.05,2.08,22.58,0.04944099378881924,-2.890293722263504e-05,0.08399999999999963,-0.000344082585983752,0.013419354838709678,-0.007680491551459343,0.0,-0.0029577048210588635
25,2,824553,0,205,13.88,0.05,2.08,22.623,0.049751552795030414,-2.8172789519344654e-05,0.08400000000000318,-0.000335390351420757,0.013419354838709678,0.007680491551459018,0.0,0.00700509036566532
25,2,824594,0,205,13.88,0.05,2.18,22.664,0.05002942137953515,-2.4559579649647833e-05,0.08199999999999719,-0.00029950706889815456,0.01406451612903226,0.0,0.0,0.006378618869549295
25,2,824635,0,205,13.77,0.05,2.08,22.705,0.05027459954233344,-1.8587135780219645e-05,0.08199999999999719,-0.000226672387563662,0.013419354838709678,-0.007867820613690294,0.0,0.0055812915108557175
25,2,824676,0,205,13.77,0.05,2.08,22.746,0.050487087283425304,-1.1213097571414199e-05,0.08200000000000074,-0.00013674509233431827,0.013419354838709678,0.0,0.0,0.004783964152161933
25,2,824717,0,205,13.66,0.05,2.08,22.787,0.05066688460281072,-3.7409636613059403e-06,0.08200000000000074,-4.562150806470618e-05,0.013419354838709678,0.0,0.0,0.005508807205527915
25,2,824758,0,205,13.66,0.05,2.08,22.828,0.0509388094742786,2.3256590594087356e-06,0.08200000000000074,2.836169584644774e-05,0.013419354838709678,0.0,0.0,0.006265865505701737
25,2,824799,0,205,13.66,0.05,2.08,22.869,0.05118068557427827,5.50618289649929e-06,0.08200000000000074,6.714857190852732e-05,0.013419354838709678,0.0,0.0,0.005293367742438382
25,2,824840,0,205,13.66,0.05,2.08,22.91,0.05137286562915855,4.622969675299515e-06,0.08200000000000074,5.6377678967066746e-05,0.013419354838709678,0.0,0.0,0.0038416681827966835
25,2,824881,0,205,13.55,0.05,2.08,22.951,0.0514957023652676,-9.098281464101632e-07,0.08500000000000085,-1.0703860546001813e-05,0.013419354838709678,0.0,0.11764705882352818,0.0018433279975882868
25,2,824925,0,205,13.55,0.06,2.08,22.995,0.051529548508953554,-1.0849927636192635e-05,0.08500000000000085,-0.00012764620748461795,0.013419354838709678,0.0,0.0,-0.0004817126906237202
25,2,824966,0,205,13.55,0.05,2.08,23.036,0.05145475678656458,-2.401484421387501e-05,0.08200000000000074,-0.0002928639538277414,0.013419354838709678,0.0,-0.12195121951219397,-0.0033886412744480645
25,2,825007,0,205,13.44,0.05,2.08,23.077,0.05125167992444881,-3.836725040945011e-05,0.08199999999999719,-0.0004678932976762369,0.013419354838709678,0.0,0.0,-0.006757148019636434
25,2,825048,0,205,13.44,0.05,2.08,23.118,0.05090067064895441,-5.134580657661081e-05,0.08199999999999719,-0.0006261683728855192,0.013419354838709678,0.0,0.0,-0.01060485656121123
25,2,825089,0,205,13.33,0.05,2.08,23.159,0.05038208168642952,-6.042198000091581e-05,0.08100000000000307,-0.0007459503703816484,0.013419354838709678,-0.007964954201513056,0.0,-0.015116109700395945
25,2,825129,0,205,13.33,0.05,1.98,23.199,0.049676265763222295,0.0,0.0,0.0,0.012774193548387096,0.0,0.0,0.0
