MS,MPT,t (ms),PWMi,PWMe,Pressure (Psi),LW raw(V),Displacement (mm),t_rel(s),LW (V),delta d (m),delta t (s),vel (m/s),strain,strain rate (1/s),dv/dt raw,dv/dt
25,3,825220,0,205,13.33,0.05,1.98,0.0,-0.019557688688123343,0.0,0.0,0.0,0.0,0.0,0.0,0.0
25,3,825259,255,0,13.22,0.05,1.98,0.039,0.03709956709956716,0.0026474735623934265,0.077,0.03438277353757697,0.012774193548387096,0.0,0.0,1.455530412705959
25,3,825297,255,0,15.86,0.05,1.98,0.077,0.09251815309023549,0.0030083339577264127,0.07700000000000001,0.03906927217826509,0.012774193548387096,0.15835777126099707,0.25974025974025977,1.418887378945626
25,3,825336,255,0,30.84,0.07,3.87,0.116,0.14635389527838039,0.0034827738192886883,0.078,0.04465094640113703,0.024967741935483873,0.435070306038048,1.153846153846154,1.3556982893367324
25,3,825375,255,0,45.82,0.14,7.24,0.155,0.19826261965850062,0.003926752212535287,0.079,0.049705724209307425,0.04670967741935484,0.5667619436504696,1.8987341772151898,1.2853956575533494
25,3,825415,255,0,56.17,0.22,10.81,0.195,0.24790015222509498,0.004206126653648072,0.07900000000000001,0.053242109539848995,0.06974193548387098,0.526745610453246,2.1518987341772147,1.2235404976476145
25,3,825454,255,0,63.22,0.31,13.69,0.234,0.2949223189726622,0.004233373067401045,0.07800000000000001,0.05427401368462877,0.08832258064516128,0.41108354011579795,2.051282051282051,1.1677537650077698
25,3,825493,255,0,68.17,0.38,15.78,0.273,0.33898494589570105,0.003986375158488203,0.08099999999999999,0.049214508129484,0.10180645161290322,0.2843488649940265,1.4814814814814816,1.0471795063709635
25,3,825535,255,0,72.03,0.43,17.26,0.315,0.3797438589887102,0.003506066912490917,0.08099999999999996,0.04328477669741875,0.11135483870967743,0.19753086419753113,1.1111111111111112,0.9613572635862666
25,3,825574,255,0,74.78,0.47,18.26,0.354,0.4168548842461886,0.0028774419278357437,0.07800000000000001,0.036890281126099274,0.11780645161290323,0.15632754342431734,0.6410256410256407,0.9003844701784457
25,3,825613,255,0,77.09,0.48,19.15,0.393,0.449973847662629,0.0022027473452542203,0.07800000000000001,0.028240350580182306,0.12354838709677418,0.12241521918941232,0.2564102564102566,0.8256046013482279
25,3,825652,255,0,78.97,0.49,19.74,0.432,0.4812520431513504,0.0015758699941183743,0.07799999999999996,0.020203461463056092,0.1273548387096774,0.09015715467328374,0.2564102564102568,0.7070770571914639
25,3,825691,255,0,80.62,0.5,20.24,0.471,0.5051258581235631,0.0010642469543680662,0.07800000000000001,0.013644191722667513,0.1305806451612903,0.08271298593879259,0.2564102564102566,0.4975230718937755
25,3,825730,255,0,82.16,0.51,20.74,0.51,0.5200588427590649,0.0007009222583982293,0.07700000000000007,0.009102886472704269,0.13380645161290322,0.07457059069962298,0.12987012987012986,0.2679765478065555
25,3,825768,255,0,83.48,0.51,21.13,0.548,0.5257600523046679,0.000486065222112817,0.07699999999999996,0.0063125353521145105,0.13632258064516128,0.06619187264348572,0.12987012987013005,0.08788204276925804
25,3,825807,255,0,84.8,0.52,21.53,0.587,0.5268257600522978,0.00039512765112030123,0.07799999999999996,0.005065739116926942,0.13890322580645162,0.05789909015715471,0.1282051282051284,-0.006077065573633764
25,3,825846,255,0,85.9,0.52,21.83,0.626,0.5252860411899245,0.000390030428579589,0.08000000000000007,0.004875380357244858,0.14083870967741935,0.048387096774193214,0.0,-0.031137626675382918
25,3,825887,255,0,87.12,0.52,22.13,0.667,0.5243347499182671,0.0004301050353463758,0.07999999999999996,0.0053763129418297004,0.14277419354838708,0.047580645161290576,0.0,-0.027214776070609584
25,3,825926,255,0,88.22,0.52,22.42,0.706,0.5231088591042757,0.00048051696583279477,0.07799999999999996,0.006160473920933269,0.1446451612903226,0.04880066170388778,0.0,-0.014836422159075064
25,3,825965,255,0,89.21,0.52,22.72,0.745,0.5231775089898593,0.0005170995956032485,0.07800000000000007,0.006629481994913437,0.14658064516129032,0.041356492969396266,0.0,0.006286619558930441
25,3,826004,255,0,90.09,0.52,22.92,0.784,0.5235992154298723,0.0005276026507738614,0.07799999999999996,0.006764136548382842,0.1478709677419355,0.03308519437551713,0.0,0.007292478688358809
25,3,826043,255,0,90.97,0.52,23.12,0.823,0.5237463223275513,0.0005101362778636016,0.07799999999999996,0.0065402086905589985,0.14916129032258066,0.033085194375516776,0.0,0.002556558620632371
25,3,826082,255,0,91.74,0.52,23.32,0.862,0.5237986270022816,0.00046998886186075595,0.07900000000000007,0.005949226099503235,0.1504516129032258,0.031849734585545075,0.0,0.0028138590835928316
25,3,826122,255,0,92.51,0.52,23.51,0.902,0.5239686171951551,0.00041600680117590374,0.07899999999999996,0.005265908875644354,0.15167741935483872,0.03184973458554512,0.12658227848101283,0.015972788327449562
25,3,826161,255,0,93.28,0.53,23.71,0.941,0.5250604772801502,0.0003574427434091199,0.07799999999999996,0.004582599274475898,0.15296774193548388,0.02481389578163758,0.1282051282051284,0.020662022950351383
25,3,826200,255,0,93.94,0.53,23.81,0.98,0.5255802549852825,0.00030177723776012044,0.08100000000000007,0.0037256449106187676,0.15361290322580645,0.023894862604540202,0.0,0.009605333785348096
25,3,826242,255,0,94.6,0.53,24.01,1.022,0.5258385093167633,0.0002536487352192722,0.08000000000000007,0.0031706091902409,0.15490322580645163,0.024193548387096607,-0.125,0.007069303694016976
25,3,826280,255,0,95.15,0.52,24.11,1.06,0.5261457992808038,0.00021475875416712497,0.07699999999999996,0.002789074729443183,0.15554838709677418,0.016757436112274728,0.0,0.00819383297317362
25,3,826319,255,0,95.59,0.53,24.21,1.099,0.5264694344556977,0.00018446558720355456,0.07799999999999985,0.0023649434256866014,0.1561935483870968,0.01654259718775841,0.0,0.008088783832491918
25,3,826358,255,0,96.04,0.52,24.31,1.138,0.5267767244197382,0.00016073018265842264,0.07800000000000007,0.002060643367415673,0.15683870967741934,0.016542597187758364,0.0,0.007250567891299462
25,3,826397,255,0,96.37,0.53,24.41,1.177,0.5270349787512191,0.00014110257307177676,0.07800000000000007,0.0018090073470740594,0.15748387096774194,0.016542597187758717,0.1282051282051282,0.005574136008917442
25,3,826436,255,0,96.59,0.53,24.51,1.216,0.5272115070284338,0.0001235064911653012,0.07799999999999985,0.0015834165534013005,0.15812903225806452,0.008271298593879204,0.0,0.0030594881853458437
25,3,826475,255,0,96.7,0.53,24.51,1.255,0.527273618829676,0.000106683193180384,0.07800000000000007,0.0013677332459023578,0.15812903225806452,0.008271298593879182,0.0,-0.000293375579415359
25,3,826514,255,0,96.81,0.53,24.61,1.294,0.5271886237332394,9.027960924447598e-05,0.07800000000000007,0.001157430887749691,0.1587741935483871,0.008271298593879182,-0.1282051282051282,-0.00448445528537041
25,3,826553,255,0,96.92,0.52,24.61,1.333,0.5269238313174172,7.467020822595672e-05,0.08000000000000007,0.0009333776028244581,0.1587741935483871,0.0,-0.125,0.008989865969270807
25,3,826594,255,0,97.03,0.52,24.61,1.374,0.527907813010781,6.064624311952116e-05,0.08000000000000007,0.0007580780389940138,0.1587741935483871,0.008064516129032202,0.125,0.022352075841777765
25,3,826633,255,0,97.03,0.53,24.71,1.413,0.5287119973847594,4.908621323697204e-05,0.07799999999999985,0.0006293104261150274,0.15941935483870967,0.008271298593879204,0.12820512820512858,0.011567379988432557
25,3,826672,255,0,97.03,0.53,24.71,1.452,0.5288100686498788,4.0670006496625885e-05,0.07800000000000007,0.0005214103397003314,0.15941935483870967,0.0,0.0,-0.006538084341287886
25,3,826711,255,0,97.03,0.53,24.71,1.491,0.5282020268061389,3.566438439661823e-05,0.07699999999999996,0.0004631738233327046,0.15941935483870967,0.0,0.0,-0.006410719061913174
25,3,826749,255,0,97.03,0.53,24.71,1.529,0.5283164432821115,3.3810724433966045e-05,0.07699999999999996,0.0004391003173242346,0.15941935483870967,0.0,0.0,-0.006622994527538388
25,3,826788,255,0,97.03,0.53,24.71,1.568,0.5276920562275185,3.435110570456246e-05,0.07800000000000007,0.0004403987910841337,0.15941935483870967,0.007444168734491442,0.0,-0.007166746297180788
25,3,826827,255,0,97.03,0.53,24.8,1.607,0.5277574370709314,3.619008339711982e-05,0.07799999999999985,0.00046397542816820373,0.16,0.007444168734491463,0.0,0.010519610061943435
25,3,826866,255,0,97.03,0.53,24.8,1.646,0.52851258581235,3.8128137863779446e-05,0.07899999999999996,0.00048263465650353753,0.16,0.0,0.0,0.009765746231290385
25,3,826906,255,0,97.03,0.53,24.8,1.686,0.5285289310232033,3.9087155188688886e-05,0.08100000000000018,0.0004825574714652938,0.16,0.0,0.0,0.002421512718996248
25,3,826947,255,0,97.03,0.53,24.8,1.727,0.5287087283425888,3.829502764175885e-05,0.08000000000000007,0.00047868784552198516,0.16,0.0,-0.125,0.002247466492318049
25,3,826986,255,0,97.03,0.52,24.8,1.766,0.5287087283425888,3.543947712804751e-05,0.07799999999999985,0.0004543522708724049,0.16,0.008271298593879204,-0.12820512820512858,-0.013872473826707485
25,3,827025,255,0,97.03,0.52,24.9,1.805,0.5276266753841056,3.0779504991745196e-05,0.07800000000000007,0.0003946090383557073,0.16064516129032258,0.008271298593879182,0.1282051282051282,-0.01890176947385066
25,3,827064,255,0,96.92,0.53,24.9,1.844,0.5272343903236284,2.514733814419401e-05,0.07800000000000007,0.0003224017710794101,0.16064516129032258,0.0,0.1282051282051282,-0.008382159411907255
25,3,827103,255,0,97.03,0.53,24.9,1.883,0.5269728669499768,1.9771360834656802e-05,0.07799999999999985,0.0002534789850597031,0.16064516129032258,0.0,0.0,0.0021374506500347334
25,3,827142,255,0,97.03,0.53,24.9,1.922,0.5274011114743311,1.5931509501360353e-05,0.07800000000000007,0.00020425012181231203,0.16064516129032258,0.0,0.0,0.008675534991324037
25,3,827181,255,0,97.03,0.53,24.9,1.961,0.5276495586793001,1.4557830331824561e-05,0.07700000000000018,0.0001890627315821367,0.16064516129032258,0.0,0.0,0.00454269496440263
25,3,827219,255,0,97.03,0.53,24.9,1.999,0.5277508989865901,1.5920960458892353e-05,0.07699999999999974,0.00020676572024535595,0.16064516129032258,0.0,-0.12987012987013044,-0.0061135334100350085
25,3,827258,255,0,97.03,0.52,24.9,2.038,0.5271788166067274,1.9526641313905913e-05,0.08000000000000007,0.0002440830164238237,0.16064516129032258,0.0,0.0,-0.011441647597254512
25,3,827299,255,0,96.92,0.53,24.9,2.079,0.5268355671788097,2.4250964910216056e-05,0.08000000000000007,0.00030313706137770043,0.16064516129032258,0.0,0.125,-0.005720823798627256
25,3,827338,255,0,96.92,0.53,24.9,2.118,0.5267211507028372,2.8669439567160282e-05,0.07799999999999985,0.0003675569175276966,0.16064516129032258,0.008271298593879204,-0.12820512820512858,0.0
25,3,827377,255,0,97.03,0.52,25.0,2.157,0.5268355671788097,3.1458705215598574e-05,0.07800000000000029,0.00040331673353331354,0.16129032258064516,0.008271298593879158,0.0,0.0014668778970839077
25,3,827416,255,0,97.03,0.53,25.0,2.196,0.5268355671788097,3.1716396155616164e-05,0.07799999999999985,0.00040662046353354136,0.16129032258064516,0.0,0.12820512820512858,-0.013034257885516473
25,3,827455,255,0,96.92,0.53,25.0,2.235,0.5258188950637395,2.909013089595902e-05,0.07899999999999974,0.00036822950501214075,0.16129032258064516,0.0,0.0,-0.016179689730655335
25,3,827495,255,0,96.92,0.53,25.0,2.275,0.525557371690088,2.372003580950022e-05,0.07900000000000018,0.0003002536178417742,0.16129032258064516,0.0,-0.12658227848101247,-0.004138028064106107
25,3,827534,255,0,96.92,0.52,25.0,2.314,0.5254919908466751,1.6102671951191638e-05,0.07800000000000029,0.00020644451219476383,0.16129032258064516,0.0,-0.12820512820512783,0.0008382159411910077
25,3,827573,255,0,96.92,0.52,25.0,2.353,0.5256227525335009,7.003798823216556e-06,0.07799999999999985,8.979229260534064e-05,0.16129032258064516,0.0,0.0,0.005867511588335665
25,3,827612,255,0,96.92,0.52,25.0,2.392,0.5259496567505653,-2.5165338647994415e-06,0.07999999999999963,-3.145667330999317e-05,0.16129032258064516,0.0,0.1250000000000007,0.010624387054593338
25,3,827653,255,0,96.92,0.53,25.0,2.433,0.5264727034978683,-1.0996077379108015e-05,0.08000000000000007,-0.00013745096723885006,0.16129032258064516,0.0,0.125,0.011237332461588857
25,3,827692,255,0,96.92,0.53,25.0,2.472,0.5268486433474924,-1.6483024824655245e-05,0.07699999999999996,-0.00021406525746305526,0.16129032258064516,0.0,0.0,0.007854192228170395
25,3,827730,255,0,96.92,0.53,25.0,2.51,0.5270774762994375,-1.6607225178994156e-05,0.07699999999999996,-0.0002156782490778463,0.16129032258064516,0.0,0.0,0.00849101862504892
25,3,827769,255,0,96.92,0.53,25.0,2.549,0.5275024517816211,-8.93927972743569e-06,0.07800000000000029,-0.00011460615035173919,0.16129032258064516,0.008271298593879513,-0.12820512820512783,0.009010821367800131
25,3,827808,255,0,96.92,0.52,25.1,2.588,0.5277803203661259,8.289746002482446e-06,0.07799999999999985,0.00010627879490362131,0.16193548387096776,0.0,0.0,0.005238849632442761
25,3,827847,255,0,96.92,0.53,25.0,2.627,0.5279110820529517,3.514882020605015e-05,0.07799999999999985,0.0004506259000775669,0.16129032258064516,0.0,0.12820512820512858,0.005867511588335665
25,3,827886,255,0,96.92,0.53,25.1,2.666,0.5282379862700161,6.88498642914297e-05,0.07800000000000029,0.0008826905678388391,0.16193548387096776,0.008271298593879513,0.0,0.01089680723547883
25,3,827925,255,0,96.92,0.53,25.1,2.705,0.528761033017319,0.0001028322819412466,0.07800000000000029,0.0013183625889903361,0.16193548387096776,0.0,0.0,0.011525469191371731
25,3,827964,255,0,96.92,0.53,25.1,2.744,0.5291369728669431,0.00012653039369452302,0.08000000000000007,0.0015816299211815364,0.16193548387096776,0.0,0.0,0.0032690421706449394
25,3,828005,255,0,96.92,0.53,25.1,2.785,0.5290225563909706,0.0001262248850753025,0.07999999999999963,0.0015778110634412886,0.16193548387096776,0.0,0.0,-0.0020022883295181633
25,3,828044,255,0,96.92,0.53,25.1,2.824,0.5289767898005816,8.718771908862876e-05,0.07899999999999974,0.0011036420137801146,0.16193548387096776,0.0,-0.1265822784810132,0.007200168831544161
25,3,828084,255,0,96.92,0.52,25.1,2.864,0.5295913697286626,-3.026188403438823e-06,0.07900000000000018,-3.830618232201033e-05,0.16193548387096776,0.0,0.0,0.013738253172833007
25,3,828123,255,0,96.92,0.53,25.1,2.903,0.5300621118012354,-0.00015075716922316218,0.07800000000000029,-0.0019327842208097645,0.16193548387096776,0.0,0.12820512820512783,0.007502032673658309
25,3,828162,255,0,96.92,0.53,25.1,2.942,0.530176528277208,-0.00035294443674536427,0.07699999999999996,-0.004583693983706032,0.16193548387096776,0.0,-0.12987012987013005,-0.003990778753774203
25,3,828200,0,205,96.81,0.52,25.1,2.98,0.5297548218371948,-0.0005956077170912906,0.07699999999999996,-0.0077351651570297525,0.16193548387096776,-0.008378718056137725,0.0,-0.03154413419205815
25,3,828239,0,205,93.28,0.53,25.0,3.019,0.5277476299444195,-0.0008550973077659556,0.07799999999999985,-0.010962785996999453,0.16129032258064516,-0.0653432588916466,0.12820512820512858,-0.04777830864787348
25,3,828278,0,205,87.34,0.53,24.31,3.058,0.5260281137626607,-0.0011022818899926107,0.07799999999999985,-0.014131819102469396,0.15683870967741934,-0.13068651778329216,0.0,-0.05976479660690225
25,3,828317,0,205,81.83,0.53,23.42,3.097,0.5230859758090811,-0.0013086813784892115,0.08000000000000007,-0.01635851723111513,0.1510967741935484,-0.13629032258064475,-0.125,-0.08205295848316273
25,3,828358,0,205,76.87,0.52,22.62,3.138,0.5194638770840077,-0.0014526351177115444,0.08000000000000007,-0.01815793897139429,0.14593548387096775,-0.13629032258064508,-0.125,-0.10971722785223782
25,3,828397,0,205,73.02,0.52,21.73,3.177,0.5143085975809021,-0.0015235151345524365,0.07800000000000029,-0.019532245314774755,0.14019354838709677,-0.1315136476426795,-0.12820512820512783,-0.143628301523035
25,3,828436,0,205,70.05,0.51,21.03,3.216,0.5082608695652109,-0.0015228255730478928,0.07799999999999985,-0.01952340478266533,0.1356774193548387,-0.11497105045492148,-0.25641025641025716,-0.17619299083829731
25,3,828475,0,205,67.29,0.5,20.34,3.255,0.5005655442955149,-0.0014622606572438847,0.07799999999999985,-0.018746931503126764,0.13122580645161291,-0.10669975186104264,-0.25641025641025716,-0.2205346141272902
25,3,828514,0,205,65.09,0.49,19.74,3.294,0.4910591696632823,-0.001359774619071036,0.07800000000000029,-0.01743300793680809,0.1273548387096774,-0.09842845326716287,-0.25641025641025567,-0.25708082916320507
25,3,828553,0,205,63.11,0.48,19.15,3.333,0.48051323962078485,-0.0012350933963433306,0.07799999999999985,-0.015834530722350422,0.12354838709677418,-0.09842845326716272,-0.25641025641025716,-0.2873404246401931
25,3,828592,0,205,61.35,0.47,18.55,3.372,0.46864661654134726,-0.0011058932410146695,0.07799999999999985,-0.014178118474547073,0.11967741935483872,-0.09015715467328388,-0.25641025641025644,-0.3287902029320761
25,3,828631,0,205,59.8,0.46,18.06,3.411,0.45486760379208296,-0.0009853435376465463,0.07699999999999996,-0.012796669320085023,0.11651612903225805,-0.08294930875576063,-0.38961038961038946,-0.3597220040502109
25,3,828669,0,205,58.37,0.44,17.56,3.449,0.44094802222948104,-0.0008811602112856711,0.08000000000000007,-0.01101450264107088,0.11329032258064516,-0.07258064516129016,-0.375,-0.3520349787512204
25,3,828711,0,205,57.27,0.43,17.16,3.491,0.4267048054919853,-0.0007959320320636678,0.08099999999999996,-0.009826321383502076,0.11070967741935483,-0.06292313819195539,-0.3703703703703709,-0.3575363529596896
25,3,828750,0,205,56.17,0.41,16.77,3.53,0.4119875776397462,-0.0007282991226333486,0.07799999999999985,-0.009337168238889103,0.10819354838709677,-0.0653432588916459,-0.384615384615385,-0.37820303266527155
25,3,828789,0,205,55.18,0.4,16.37,3.569,0.3972049689440942,-0.0006745237768595125,0.07800000000000029,-0.008647740728968076,0.10561290322580646,-0.05789909015715446,-0.3846153846153828,-0.3674738686180272
25,3,828828,0,205,54.41,0.38,16.07,3.608,0.38332461588753997,-0.0006300392123203303,0.07799999999999985,-0.008077425798978608,0.1036774193548387,-0.05707196029776705,-0.3846153846153857,-0.3574152773237393
25,3,828867,0,205,53.64,0.37,15.68,3.647,0.3693265773128426,-0.0005906673687885338,0.07799999999999985,-0.0075726585742119865,0.10116129032258064,-0.048800661703887485,-0.3846153846153857,-0.34802725878240365
25,3,828906,0,205,52.98,0.35,15.48,3.686,0.35617848970251254,-0.0005533493543004014,0.07800000000000029,-0.00709422249103076,0.09987096774193549,-0.04135649296939597,-0.3846153846153828,-0.32539542837025226
25,3,828945,0,205,52.31,0.34,15.18,3.725,0.3439457338999628,-0.0005163955129481668,0.07799999999999985,-0.00662045529420728,0.09793548387096775,-0.041356492969396384,-0.25641025641025644,-0.30825391237290195
25,3,828984,0,205,51.76,0.33,14.98,3.764,0.33213468453742623,-0.0004793763403761702,0.07799999999999985,-0.0061458505176432195,0.09664516129032258,-0.041356492969396384,-0.25641025641025716,-0.2926211850696931
25,3,829023,0,205,51.32,0.32,14.68,3.803,0.3211212814645268,-0.0004428011669400398,0.08000000000000007,-0.005535014586750492,0.09470967741935483,-0.039516129032257964,-0.25,-0.254086302713302
25,3,829064,0,205,50.77,0.31,14.49,3.844,0.31180778032036205,-0.00040769516478376743,0.08000000000000007,-0.005096189559797088,0.09348387096774194,-0.03145161290322576,-0.25,-0.2228669499836527
25,3,829103,0,205,50.33,0.3,14.29,3.883,0.30329192546583456,-0.00037515730176972004,0.07800000000000029,-0.004809708997047675,0.09219354838709677,-0.024813895781637653,-0.12820512820512783,-0.20854812616825882
25,3,829142,0,205,50.0,0.3,14.19,3.922,0.2955410264792378,-0.0003459936652719193,0.07699999999999996,-0.004493424224310643,0.0915483870967742,-0.025136154168412275,-0.12987012987013005,-0.19949648259553177
25,3,829180,0,205,49.67,0.29,13.99,3.96,0.2879306963059786,-0.000320524369636388,0.07699999999999996,-0.004162654151121924,0.09025806451612903,-0.03351487222454982,-0.2597402597402594,-0.18582594260920313
25,3,829219,0,205,49.34,0.28,13.79,3.999,0.28123242889832917,-0.00029860068301901775,0.07800000000000029,-0.0038282138848591877,0.08896774193548386,-0.024813895781637653,-0.12820512820512714,-0.16215287382335156
25,3,829258,0,205,49.01,0.28,13.69,4.038,0.27528277214775715,-0.00027976643270921463,0.07799999999999985,-0.0035867491372976305,0.08832258064516128,-0.024813895781637615,-0.12820512820512858,-0.14547237659365658
25,3,829297,0,205,48.68,0.27,13.49,4.077,0.269885583524024,-0.00026344068741610905,0.0779999999999994,-0.003377444710462962,0.08703225806451613,-0.024813895781637757,-0.2564102564102586,-0.13424028298170163
25,3,829336,0,205,48.46,0.26,13.39,4.116,0.2648120300751845,-0.00024903224354360634,0.07800000000000029,-0.003192721071071864,0.08638709677419355,-0.0157154673283704,-0.12820512820512783,-0.12929480892867415
25,3,829375,0,205,48.24,0.26,13.3,4.155,0.25980058842758735,-0.00023598252117973216,0.0810000000000004,-0.0029133644590090243,0.08580645161290323,-0.015133412982875353,0.0,-0.12236710939990667
25,3,829417,0,205,47.91,0.26,13.2,4.197,0.254900294213792,-0.00022379943117749513,0.08099999999999952,-0.0027629559404629194,0.08516129032258064,-0.01592990840302685,-0.12345679012345763,-0.11942093559179719
25,3,829456,0,205,47.69,0.25,13.1,4.236,0.25012749264465184,-0.00021213724085185248,0.07800000000000029,-0.0027197082160493806,0.08451612903225807,-0.024813895781637653,-0.25641025641025567,-0.12095456031382591
25,3,829495,0,205,47.47,0.24,12.9,4.275,0.24546583850931356,-0.00020089969638566708,0.07800000000000029,-0.002575637133149568,0.0832258064516129,-0.024813895781637653,-0.12820512820512783,-0.11156654177248926
25,3,829534,0,205,47.25,0.24,12.8,4.314,0.24142530238639764,-0.00019027311814232917,0.0779999999999994,-0.0024393989505427003,0.08258064516129032,-0.008271298593879253,0.0,-0.09626910084575944
25,3,829573,0,205,47.14,0.24,12.8,4.353,0.23795684864334438,-0.00018062255259770942,0.07800000000000029,-0.0023156737512526763,0.08258064516129032,-0.008271298593879336,0.0,-0.09656247642517549
25,3,829612,0,205,46.92,0.24,12.7,4.392,0.23389342922523393,-0.00017229465381875996,0.07699999999999996,-0.0022375929067371433,0.08193548387096773,-0.01675743611227491,-0.1298701298701297,-0.09577869009055529
25,3,829650,0,205,46.81,0.23,12.6,4.43,0.23058188950637162,-0.00016544552727212468,0.0779999999999994,-0.0021210965034887943,0.08129032258064516,-0.016542597187758506,-0.12820512820512894,-0.06957192311883309
25,3,829690,0,205,46.59,0.23,12.5,4.47,0.228466819221965,-0.00015997218403908598,0.07900000000000063,-0.002024964354925123,0.08064516129032258,-0.016333197223356244,-0.12658227848101178,-0.05793239289748763
25,3,829729,0,205,46.37,0.22,12.4,4.509,0.22600523046747006,-0.00015553653603721785,0.08000000000000007,-0.0019442067004652214,0.08,-0.008064516129032202,-0.125,-0.0673014056881325
25,3,829770,0,205,46.26,0.22,12.4,4.55,0.22308270676691438,-0.00015163742790536895,0.08599999999999941,-0.0017632259058763952,0.08,-0.007501875468867223,0.0,-0.06454457681108677
25,3,829815,0,205,46.15,0.22,12.3,4.595,0.22045439686171664,-0.00014771466779632547,0.08400000000000052,-0.0017585079499562448,0.07935483870967742,-0.015360983102918564,0.0,-0.05674123196189085
25,3,829854,0,205,45.93,0.22,12.2,4.634,0.21831644328211552,-0.0001432830282015729,0.07800000000000029,-0.0018369619000201585,0.07870967741935483,-0.016542597187758495,0.0,-0.05041868886262424
25,3,829893,0,205,45.82,0.22,12.1,4.673,0.21652173913043193,-0.00013806302713000206,0.0779999999999994,-0.0017700388093590143,0.07806451612903226,-0.008271298593879253,-0.1282051282051293,-0.05507078733623332
25,3,829932,0,205,45.71,0.21,12.1,4.712,0.21402092186988936,-0.0001320525702230313,0.07800000000000029,-0.001692981669526036,0.07806451612903226,-0.007444168734491242,-0.12820512820512783,-0.06391396551579477
25,3,829971,0,205,45.6,0.21,12.01,4.751,0.21153644982019992,-0.00012551181933151767,0.07800000000000029,-0.0016091258888656051,0.07748387096774194,-0.0157154673283704,0.12820512820512783,-0.06139931769222317
25,3,830010,0,205,45.38,0.22,11.91,4.79,0.20923177508989593,-0.00011887862149466421,0.0779999999999994,-0.0015240848909572452,0.07683870967741936,-0.008271298593879253,0.0,-0.04752684386551595
25,3,830049,0,205,45.27,0.21,11.91,4.829,0.2078293559986897,-0.00011264780272480302,0.07800000000000029,-0.0014442025990359308,0.07683870967741936,-0.008271298593879336,-0.25641025641025533,-0.04501219604194345
25,3,830088,0,205,45.16,0.2,11.81,4.868,0.20572082379862433,-0.00010724469127849012,0.08000000000000007,-0.0013405586409811253,0.07619354838709677,-0.008064516129032376,-0.12499999999999965,-0.052508989865968726
25,3,830129,0,205,45.05,0.2,11.81,4.909,0.2036286368094122,-0.00010292579435078686,0.08000000000000007,-0.0012865724293848345,0.07619354838709677,-0.008064516129032202,0.0,-0.06133540372670708
25,3,830168,0,205,44.83,0.2,11.71,4.948,0.20081399150048776,-9.973815048793178e-05,0.07699999999999996,-0.0012953006556874265,0.0755483870967742,-0.008378718056137364,0.0,-0.07353222129292655
25,3,830206,0,205,44.83,0.2,11.71,4.986,0.19796665576985686,-9.754888139310936e-05,0.07699999999999996,-0.0012668685895209015,0.0755483870967742,-0.008378718056137545,0.0,-0.07268311943042173
25,3,830245,0,205,44.72,0.2,11.61,5.025,0.1952173913043453,-9.612824819513221e-05,0.07800000000000029,-0.0012324134383991264,0.0749032258064516,-0.008271298593879336,-0.12820512820512783,-0.060393458562793746
25,3,830284,0,205,44.61,0.19,11.61,5.064,0.19325596600195893,-9.525077096554035e-05,0.0779999999999994,-0.0012211637303274497,0.0749032258064516,-0.008271298593879253,-0.1282051282051293,-0.04966429451555283
25,3,830323,0,205,44.5,0.19,11.51,5.103,0.1913435763321322,-9.47753597068246e-05,0.07800000000000029,-0.0012150687141900545,0.07425806451612903,-0.008271298593879158,0.0,-0.05787881073922179
25,3,830362,0,205,44.39,0.19,11.51,5.142,0.18874141876429962,-9.467406524638022e-05,0.07800000000000029,-0.0012137700672612804,0.07425806451612903,-0.008271298593879158,0.0,-0.06672198891878421
25,3,830401,0,205,44.28,0.19,11.41,5.181,0.186139261196467,-9.499604820862295e-05,0.0779999999999994,-0.0012178980539567137,0.07361290322580645,-0.008271298593879253,-0.1282051282051293,-0.05347817704797103
25,3,830440,0,205,44.06,0.18,11.41,5.22,0.1845701209545579,-9.577554652399201e-05,0.08000000000000007,-0.001197194331549899,0.07361290322580645,-0.008064516129032202,-0.125,-0.04253841124550458
25,3,830481,0,205,43.95,0.18,11.31,5.261,0.18273618829682664,-9.691746233171017e-05,0.08000000000000007,-0.001211468279146376,0.07296774193548387,-0.008064516129032202,0.0,-0.051814318404706745
25,3,830520,0,205,43.95,0.18,11.31,5.3,0.18042497548218137,-9.811745378276982e-05,0.07800000000000029,-0.00125791607413807,0.07296774193548387,0.0,0.0,-0.05695677320391175
25,3,830559,0,205,43.84,0.18,11.31,5.339,0.1782935599869215,-9.88809736119407e-05,0.07800000000000029,-0.001267704789896671,0.07296774193548387,-0.008271298593879158,0.0,-0.051089261615576476
25,3,830598,0,205,43.72,0.18,11.21,5.378,0.17644001307616639,-9.867165388436483e-05,0.0779999999999994,-0.0012650212036457126,0.0723225806451613,-0.016542597187758683,0.0,-0.035540355906488526
25,3,830637,0,205,43.61,0.18,11.11,5.417,0.17552141222621542,-9.713880440824596e-05,0.07699999999999996,-0.0012615429143928054,0.0716774193548387,-0.008378718056137545,-0.1298701298701297,-0.021737007680126055
25,3,830675,0,205,43.5,0.17,11.11,5.455,0.17476626348479668,-9.430132433974414e-05,0.07699999999999996,-0.0012246925238927817,0.0716774193548387,-0.008378718056137364,-0.1298701298701297,-0.027510900345159264
25,3,830714,0,205,43.39,0.17,11.01,5.494,0.17340307289963816,-9.057575131804008e-05,0.07800000000000029,-0.0011612275810005096,0.07103225806451613,-0.008271298593879158,0.0,-0.03432494279176166
25,3,830753,0,205,43.28,0.17,11.01,5.533,0.17208891794703926,-8.663161228286676e-05,0.07800000000000029,-0.001110661695934185,0.07103225806451613,0.0,0.0,-0.03181029496818935
25,3,830792,0,205,43.28,0.17,11.01,5.572,0.17092186989211938,-8.315841425981496e-05,0.08099999999999952,-0.0010266470896273512,0.07103225806451613,-0.00796495420151334,0.0,-0.018887799208165135
25,3,830834,0,205,43.06,0.17,10.91,5.614,0.1705590062111779,-8.066005212337046e-05,0.08099999999999952,-0.000995803112634209,0.07038709677419355,-0.00796495420151334,0.0,-0.01969497011449688
25,3,830873,0,205,42.95,0.17,10.91,5.653,0.16932657731284514,-7.934547775663426e-05,0.07800000000000029,-0.0010172497148286405,0.07038709677419355,-0.008271298593879158,0.0,-0.034324942791761306
25,3,830912,0,205,42.95,0.17,10.81,5.692,0.1678816606734205,-7.911244158583308e-05,0.07800000000000029,-0.0010142620716132409,0.06974193548387098,-0.008271298593879158,0.0,-0.03851602249771563
25,3,830951,0,205,42.73,0.17,10.81,5.731,0.16632232755802331,-7.958871452780691e-05,0.0779999999999994,-0.0010203681349718913,0.06974193548387098,0.0,0.0,-0.04019245438009704
25,3,830990,0,205,42.73,0.17,10.81,5.77,0.16474664923177296,-8.021665438092818e-05,0.07800000000000029,-0.0010284186459093318,0.06974193548387098,-0.00744416873449142,-0.12820512820512783,-0.03935423843890557
25,3,831029,0,205,42.62,0.16,10.72,5.809,0.16325269695978867,-8.039404687941242e-05,0.07800000000000029,-0.0010306929087104118,0.06916129032258064,-0.00744416873449142,-0.12820512820512783,-0.03600137467414261
25,3,831068,0,205,42.51,0.16,10.72,5.848,0.16193854200718982,-7.96665057501258e-05,0.0779999999999994,-0.001021365458334954,0.06916129032258064,-0.008271298593879253,0.0,-0.041701243074240654
25,3,831107,0,205,42.4,0.16,10.62,5.887,0.15999999999999792,-7.791342298578919e-05,0.07699999999999996,-0.0010118626361790809,0.06851612903225807,-0.008378718056137364,0.0,-0.0503517404465422
25,3,831145,0,205,42.29,0.16,10.62,5.925,0.15806145799280608,-7.543538998806376e-05,0.07900000000000063,-0.0009548783542792805,0.06851612903225807,-0.008166598611678297,0.0,-0.04824940722747871
25,3,831186,0,205,42.18,0.16,10.52,5.966,0.15618829682902707,-7.287434425937712e-05,0.08000000000000007,-0.0009109293032422131,0.06787096774193548,-0.008064516129032376,-0.125,-0.04519450800915324
25,3,831225,0,205,42.18,0.15,10.52,6.005,0.1544458973520738,-7.097190524805441e-05,0.0779999999999994,-0.0009098962211289097,0.06787096774193548,0.0,-0.1282051282051293,-0.042162261841895504
25,3,831264,0,205,41.96,0.15,10.52,6.044,0.15289964040535925,-7.026084372209418e-05,0.07800000000000029,-0.0009007800477191527,0.06787096774193548,0.0,0.0,-0.02912800395637862
25,3,831303,0,205,41.96,0.15,10.52,6.083,0.15217391304347627,-7.083714206879144e-05,0.07800000000000029,-0.0009081684880614253,0.06787096774193548,-0.008271298593879158,0.0,-0.018398839909137495
25,3,831342,0,205,41.85,0.15,10.42,6.122,0.15146453089244652,-7.23276117195386e-05,0.0779999999999994,-0.0009272770733274251,0.0672258064516129,-0.008271298593879253,0.0,-0.016722408026756026
25,3,831381,0,205,41.74,0.15,10.42,6.161,0.1508695652173893,-7.405873621504e-05,0.07800000000000029,-0.0009494709771158938,0.0672258064516129,-0.008271298593879158,0.0,-0.01253132832080151
25,3,831420,0,205,41.63,0.15,10.32,6.2,0.150487087283424,-7.53263379569109e-05,0.07800000000000029,-0.0009657222814988541,0.06658064516129032,-0.008271298593879158,0.0,-0.017392980779708075
25,3,831459,0,205,41.52,0.15,10.32,6.239,0.14951291271657208,-7.564070783713994e-05,0.0779999999999994,-0.0009697526645787246,0.06658064516129032,0.0,0.0,-0.024559727076889477
25,3,831498,0,205,41.52,0.15,10.32,6.278,0.14857142857142663,-7.48746429209941e-05,0.0810000000000004,-0.0009243783076665893,0.06658064516129032,-0.007964954201513254,0.0,-0.015134454493721713
25,3,831540,0,205,41.41,0.15,10.22,6.32,0.1482870219025806,-7.330298355491394e-05,0.0810000000000004,-0.000904975105616217,0.06593548387096775,-0.007964954201513254,0.0,-0.008838521424333404
25,3,831579,0,205,41.3,0.15,10.22,6.359,0.14785550833605562,-7.153888067437997e-05,0.0779999999999994,-0.0009171651368510323,0.06593548387096775,-0.00827129859387943,0.0,-0.01169311237961099
25,3,831618,0,205,41.19,0.15,10.12,6.398,0.14737495913697096,-7.036147894224421e-05,0.07699999999999996,-0.0009137854408083669,0.06529032258064515,-0.008378718056137545,0.0,-0.03082239760892882
25,3,831656,0,205,41.08,0.15,10.12,6.436,0.1454821837201681,-7.044795282491911e-05,0.07699999999999996,-0.0009149084782457033,0.06529032258064515,0.0,-0.1298701298701297,-0.04084179958648684
25,3,831695,0,205,40.97,0.14,10.12,6.475,0.14423014056881148,-7.208656720186112e-05,0.07800000000000029,-0.0009241867589982161,0.06529032258064515,0.0,-0.12820512820512747,-0.03461831837117808
25,3,831734,0,205,40.97,0.14,10.12,6.514,0.1427819548872162,-7.500265497408876e-05,0.07800000000000029,-0.000961572499667801,0.06529032258064515,-0.008271298593879158,0.0,-0.0388093980771317
25,3,831773,0,205,40.86,0.14,10.02,6.553,0.1412030075187952,-7.840526085926669e-05,0.0779999999999994,-0.0010051956520418883,0.06464516129032258,-0.008271298593879253,0.0,-0.04132404590070484
25,3,831812,0,205,40.75,0.14,10.02,6.592,0.13955867930696125,-8.125397844956339e-05,0.07800000000000029,-0.0010417176724302959,0.06464516129032258,-0.008271298593879158,0.0,-0.04216226184189538
25,3,831851,0,205,40.64,0.14,9.92,6.631,0.13791435109512734,-8.263017378947168e-05,0.08000000000000007,-0.0010328771723683951,0.064,-0.008064516129032202,0.0,-0.04029094475318653
25,3,831892,0,205,40.53,0.14,9.92,6.672,0.13633540372670633,-8.205449842799518e-05,0.08000000000000007,-0.0010256812303499389,0.064,-0.008064516129032202,-0.125,-0.03783916312520386
25,3,831931,0,205,40.53,0.13,9.82,6.711,0.13488721804511103,-7.963400572564972e-05,0.07800000000000029,-0.0010209487913544798,0.06335483870967742,-0.008271298593879158,-0.12820512820512783,-0.02745157207399732
25,3,831970,0,205,40.42,0.13,9.82,6.75,0.13419418110493453,-7.600536916536527e-05,0.0779999999999994,-0.0009744278098123828,0.06335483870967742,0.0,0.0,-0.018398839909136995
25,3,832009,0,205,40.31,0.13,9.82,6.789,0.13345210853219835,-7.212100703934787e-05,0.07800000000000029,-0.0009246282953762514,0.06335483870967742,-0.008271298593879158,0.12820512820512783,-0.01839883990913714
25,3,832048,0,205,40.2,0.14,9.72,6.828,0.13275907159202183,-6.896952164712644e-05,0.07800000000000029,-0.0008842246365016177,0.06270967741935485,-0.008271298593879158,0.0,-0.015884192085564828
25,3,832087,0,205,40.09,0.13,9.72,6.867,0.1322131415495243,-6.731771283007682e-05,0.07699999999999996,-0.0008742560107802189,0.06270967741935485,0.0,-0.12987012987013005,-0.022713474822007085
25,3,832125,0,205,39.98,0.13,9.72,6.905,0.13101013403072728,-6.75293356199731e-05,0.07699999999999996,-0.0008770043587009497,0.06270967741935485,-0.008378718056137635,0.0,-0.031671499471433995
25,3,832164,0,205,39.87,0.13,9.62,6.944,0.12977443609022388,-6.948700386960205e-05,0.0779999999999994,-0.0008908590239692639,0.06206451612903225,-0.008271298593879518,0.0,-0.031265454606415125
25,3,832203,0,205,39.87,0.13,9.62,6.983,0.12857142857142692,-7.262548095946819e-05,0.08000000000000007,-0.0009078185119933516,0.06206451612903225,0.0,0.0,-0.02884929715593271
25,3,832244,0,205,39.76,0.13,9.62,7.024,0.12746649231774926,-7.607100502074715e-05,0.08000000000000007,-0.0009508875627593385,0.06206451612903225,-0.007258064516128982,0.0,-0.025580254985289156
25,3,832283,0,205,39.65,0.13,9.53,7.063,0.1265250081726038,-7.886755696810255e-05,0.07800000000000029,-0.0010111225252320802,0.06148387096774193,-0.007444168734491242,0.0,-0.014040117014945466
25,3,832322,0,205,39.54,0.13,9.53,7.102,0.1263713631905835,-8.024639050761805e-05,0.07800000000000029,-0.0010287998783027918,0.06148387096774193,-0.008271298593879158,-0.12820512820512783,-0.022883295194507536
25,3,832361,0,205,39.43,0.12,9.43,7.141,0.12474011114743219,-7.986088548154946e-05,0.0779999999999994,-0.001023857506173719,0.060838709677419354,-0.008271298593879253,-0.1282051282051293,-0.03445067518294042
25,3,832400,0,205,39.43,0.12,9.43,7.18,0.12368421052631418,-7.78950012497095e-05,0.07800000000000029,-0.0009986538621757591,0.060838709677419354,-0.008271298593879158,0.0,-0.0375939849624056
25,3,832439,0,205,39.32,0.12,9.33,7.219,0.12180778032036454,-7.498727774074965e-05,0.07800000000000029,-0.000961375355650633,0.06019354838709678,-0.008271298593879158,0.0,-0.03507933713883328
25,3,832478,0,205,39.1,0.12,9.33,7.258,0.12094802222948517,-7.198715319923821e-05,0.0779999999999994,-0.000922912220503061,0.06019354838709678,0.0,0.0,-0.01973998541504255
25,3,832517,0,205,39.1,0.12,9.33,7.297,0.12026806145799124,-6.964400975179608e-05,0.07800000000000029,-0.0008928719198948181,0.06019354838709678,0.0,0.0,-0.018692215488553567
25,3,832556,0,205,38.99,0.12,9.33,7.336,0.11949002942137799,-6.83734152713722e-05,0.0810000000000004,-0.0008441162379181711,0.06019354838709678,-0.007964954201513339,0.0,-0.019614253023863867
25,3,832598,0,205,38.88,0.12,9.23,7.378,0.11867930696305826,-6.820531847871081e-05,0.08000000000000007,-0.0008525664809838844,0.059548387096774194,-0.008064516129032289,0.0,-0.01985943118666225
25,3,832636,0,205,38.77,0.12,9.23,7.416,0.117901274926445,-6.89069866175398e-05,0.07699999999999996,-0.0008948959300979201,0.059548387096774194,-0.008378718056137364,0.0,-0.0189349715338599
25,3,832675,0,205,38.66,0.12,9.13,7.455,0.11722131415495105,-7.017153322669678e-05,0.0779999999999994,-0.0008996350413679144,0.05890322580645162,-0.008271298593879253,-0.1282051282051291,-0.015339351723791132
25,3,832714,0,205,38.66,0.11,9.13,7.494,0.1167048054919893,-7.174957744871868e-05,0.07800000000000029,-0.0009198663775476719,0.05890322580645162,0.0,0.0,-0.01031005607664598
25,3,832753,0,205,38.55,0.12,9.13,7.533,0.11641712978097266,-7.347246011284625e-05,0.07800000000000029,-0.0009419546168313587,0.05890322580645162,-0.008271298593879336,0.0,-0.015171708535552542
25,3,832792,0,205,38.44,0.11,9.03,7.572,0.1155214122262162,-7.519813263527553e-05,0.0779999999999994,-0.0009640786235291809,0.05825806451612903,-0.00827129859387943,0.0,-0.023176670773924584
25,3,832831,0,205,38.33,0.12,9.03,7.611,0.11460934946060655,-7.674601356790766e-05,0.07699999999999996,-0.0009967014749078923,0.05825806451612903,0.0,0.12987012987012989,-0.0234776664982611
25,3,832869,0,205,38.22,0.12,9.03,7.649,0.1137136319058501,-7.787489386039504e-05,0.07699999999999996,-0.001011362257927209,0.05825806451612903,-0.008378718056137364,-0.12987012987012989,-0.022628564635756278
25,3,832908,0,205,38.11,0.11,8.93,7.688,0.11286694998365332,-7.832566213081371e-05,0.0810000000000004,-0.0009669834830964608,0.05761290322580645,-0.007964954201513254,-0.12345679012345612,-0.012995451591942658
25,3,832950,0,205,38.0,0.11,8.93,7.73,0.11266100032690274,-7.791039275342193e-05,0.0810000000000004,-0.0009618567006595252,0.05761290322580645,-0.007964954201513254,0.0,-0.014408000678023456
25,3,832989,0,205,38.0,0.11,8.83,7.769,0.11169990192873341,-7.659437357866672e-05,0.0779999999999994,-0.0009819791484444527,0.05696774193548387,-0.008271298593879253,0.0,-0.015171708535552716
25,3,833028,0,205,37.89,0.11,8.83,7.808,0.11147760706112964,-7.451827155888857e-05,0.07800000000000029,-0.0009553624558831833,0.05696774193548387,0.0,0.0,-0.014123938609064138
25,3,833067,0,205,37.89,0.11,8.83,7.847,0.1105982347172264,-7.195100343942685e-05,0.07699999999999996,-0.0009344286160964531,0.05696774193548387,-0.008378718056137364,0.0,-0.011972336261319366
25,3,833105,0,205,37.78,0.11,8.73,7.885,0.11055573716900804,-6.920952437864613e-05,0.07699999999999996,-0.0008988249919304697,0.056322580645161296,-0.008378718056137364,0.0,-0.012821438123824186
25,3,833144,0,205,37.67,0.11,8.73,7.924,0.10961098398169195,-6.658928134067921e-05,0.07800000000000029,-0.0008537087351369098,0.056322580645161296,0.0,0.0,-0.01663858643263645
25,3,833183,0,205,37.56,0.11,8.73,7.963,0.1092579274272624,-6.432583657392677e-05,0.07800000000000029,-0.0008246902124862376,0.056322580645161296,-0.008271298593879248,0.0,-0.026529534538687283
25,3,833222,0,205,37.45,0.11,8.63,8.002,0.10754168028767433,-6.258457159531793e-05,0.07800000000000029,-0.0008023663025040731,0.05567741935483871,-0.008271298593879248,0.0,-0.024014886715115327
25,3,833261,0,205,37.34,0.11,8.63,8.041,0.1073847662634834,-6.146244384263256e-05,0.08000000000000007,-0.0007682805480329063,0.05567741935483871,0.0,0.0,-0.0018796992481204585
25,3,833302,0,205,37.23,0.11,8.63,8.082,0.10739130434782469,-6.0983120640896614e-05,0.08000000000000007,-0.000762289008011207,0.05567741935483871,-0.008064516129032376,-0.12499999999999983,-0.008254331480875975
25,3,833341,0,205,37.12,0.1,8.53,8.121,0.10672441974501332,-6.107698238169767e-05,0.07899999999999885,-0.0007731263592620071,0.05503225806451612,-0.008166598611678481,0.0,-0.017917661517580456
25,3,833381,0,205,37.12,0.11,8.53,8.161,0.10597580908793586,-6.155613134796133e-05,0.07899999999999885,-0.0007791915360501548,0.05503225806451612,0.0,0.0,-0.01957287274322296
25,3,833420,0,205,37.01,0.1,8.53,8.2,0.10517816279829872,-6.211485554237228e-05,0.07800000000000118,-0.0007963443018252736,0.05503225806451612,0.0,0.0,-0.02066202295035195
25,3,833459,0,205,36.9,0.11,8.53,8.239,0.10436417129780838,-6.239710830797485e-05,0.07800000000000118,-0.0007999629270253064,0.05503225806451612,-0.008271298593879064,0.0,-0.02066202295035177
25,3,833498,0,205,36.79,0.1,8.43,8.278,0.10356652500817126,-6.214593684484448e-05,0.07699999999999996,-0.0008070900888940846,0.054387096774193545,-0.008378718056137364,-0.12987012987012989,-0.02008125904824128
25,3,833536,0,205,36.68,0.1,8.43,8.316,0.1028179143510938,-6.137789513131332e-05,0.07599999999999874,-0.0008076038833067676,0.054387096774193545,-0.008488964346349836,0.0,-0.018624937630116564
25,3,833574,0,205,36.68,0.1,8.33,8.354,0.10215102974828243,-6.046634258071926e-05,0.07699999999999996,-0.0007852771763729778,0.05374193548387097,-0.008378718056137364,0.12987012987012989,-0.01583574973571682
25,3,833613,0,205,36.57,0.11,8.33,8.393,0.10159856162144361,-6.004242788970515e-05,0.07800000000000118,-0.0007697747165346698,0.05374193548387097,0.0,0.0,-0.0051131172412635945
25,3,833652,0,205,36.46,0.1,8.33,8.432,0.10175220660346386,-6.0728971951228064e-05,0.08099999999999952,-0.0007497403944596102,0.05374193548387097,0.0,-0.12345679012345746,0.002179361447095819
25,3,833694,0,205,36.35,0.1,8.33,8.474,0.10177508989865837,-6.28308951693981e-05,0.08099999999999952,-0.0007756900638197342,0.05374193548387097,-0.007168458781362006,0.0,-0.0002421512718994212
25,3,833733,0,205,36.35,0.1,8.24,8.513,0.10173259235044001,-6.613413479847452e-05,0.0779999999999994,-0.0008478735230573721,0.05316129032258065,-0.007444168734491327,0.0,-0.012657060711980375
25,3,833772,0,205,36.24,0.1,8.24,8.552,0.10078783916312391,-6.990293136854397e-05,0.0779999999999994,-0.0008961914278018526,0.05316129032258065,0.0,0.0,-0.01663858643263664
25,3,833811,0,205,36.13,0.1,8.24,8.591,0.10043478260869436,-7.307482199623295e-05,0.07800000000000118,-0.0009368566922593825,0.05316129032258065,-0.008271298593879152,0.0,-0.019362788241506293
25,3,833850,0,205,36.02,0.1,8.14,8.63,0.0992775416802864,-7.458821933065174e-05,0.07800000000000118,-0.0009562592221878284,0.052516129032258066,-0.008271298593879152,0.0,-0.020829666138590185
25,3,833889,0,205,35.91,0.1,8.14,8.669,0.0988100686498843,-7.373964251619646e-05,0.0779999999999994,-0.0009453800322589363,0.052516129032258066,-0.00827129859387943,0.0,-0.021039220123888234
25,3,833928,0,205,35.91,0.1,8.04,8.708,0.09763648251062312,-7.04499114340571e-05,0.0779999999999994,-0.0009032039927443287,0.051870967741935475,-0.00827129859387943,0.0,-0.03155883018583226
25,3,833967,0,205,35.8,0.1,8.04,8.747,0.0963484798953894,-6.534122911904738e-05,0.0779999999999994,-0.0008377080656288189,0.051870967741935475,0.0,0.0,-0.034073478009404606
25,3,834006,0,205,35.69,0.1,8.04,8.786,0.09497875122588958,-5.959471060763022e-05,0.07900000000000063,-0.0007543634254130347,0.051870967741935475,-0.008166598611678033,-0.12658227848101178,-0.023876421929893116
25,3,834046,0,205,35.58,0.09,7.94,8.826,0.09446224256292783,-5.463179584946154e-05,0.07900000000000063,-0.0006915417196134317,0.051225806451612906,-0.008166598611678033,-0.12658227848101178,-0.01994529526899223
25,3,834085,0,205,35.47,0.09,7.94,8.865,0.09340307289963919,-5.170681675730382e-05,0.0779999999999994,-0.0006629079071449258,0.051225806451612906,0.0,0.0,-0.02652953453868776
25,3,834124,0,205,35.36,0.09,7.94,8.904,0.0923929388689102,-5.152039665215913e-05,0.0779999999999994,-0.000660517905796917,0.051225806451612906,0.0,0.0,-0.02485310265630626
25,3,834163,0,205,35.36,0.09,7.94,8.943,0.09146453089244731,-5.39806320280265e-05,0.0779999999999994,-0.000692059384974704,0.051225806451612906,0.0,0.0,-0.02233845483273392
25,3,834202,0,205,35.25,0.09,7.94,8.982,0.09065053939195697,-5.8221779151439e-05,0.07800000000000118,-0.0007464330660440785,0.051225806451612906,-0.008271298593879152,0.0,-0.01898559106797031
25,3,834241,0,205,35.13,0.09,7.84,9.021,0.0899836547891456,-6.290035576803099e-05,0.07800000000000118,-0.0008064148175388466,0.05058064516129032,-0.008271298593879152,0.0,-0.014794511362016564
25,3,834280,0,205,35.13,0.09,7.84,9.06,0.08949656750571966,-6.665791536198107e-05,0.0779999999999994,-0.0008545886584869433,0.05058064516129032,-0.008271298593879253,0.0,-0.009765215714872398
25,3,834319,0,205,35.02,0.09,7.74,9.099,0.08922196796338557,-6.85586728266827e-05,0.0779999999999994,-0.0008789573439318362,0.049935483870967745,-0.008271298593879253,0.0,-0.003897704126537056
25,3,834358,0,205,34.91,0.09,7.74,9.138,0.08919254658384977,-6.833600336678724e-05,0.08000000000000007,-0.0008542000420848398,0.049935483870967745,0.0,0.0,0.0027378228179142
25,3,834399,0,205,34.8,0.09,7.74,9.179,0.0894409937888187,-6.638632331031501e-05,0.08000000000000007,-0.000829829041378937,0.049935483870967745,-0.008064516129032289,0.0,0.010093167701863233
25,3,834438,0,205,34.8,0.09,7.64,9.218,0.08999999999999883,-6.355445332488152e-05,0.0779999999999994,-0.0008148006836523334,0.04929032258064516,-0.008271298593879341,0.0,0.007166746297181205
25,3,834477,0,205,34.69,0.09,7.64,9.257,0.08999999999999883,-6.080951024928361e-05,0.07699999999999996,-0.000789733899341346,0.04929032258064516,0.0,0.0,0.0
25,3,834515,0,205,34.58,0.09,7.64,9.295,0.08999999999999883,-5.8922576538360086e-05,0.07699999999999996,-0.0007652282667319496,0.04929032258064516,0.0,0.0,0.0072598209244170925
25,3,834554,0,205,34.47,0.09,7.64,9.334,0.09055900621117895,-5.824973403479028e-05,0.09500000000000064,-0.0006131550951030514,0.04929032258064516,-0.006791171477079782,0.0,0.008499509643674252
25,3,834610,0,205,34.36,0.09,7.54,9.39,0.09080745341614789,-5.8686345229298274e-05,0.09500000000000064,-0.0006177510024136619,0.04864516129032258,-0.006791171477079782,0.0,-0.003578740902599762
25,3,834649,0,205,34.25,0.09,7.54,9.429,0.09021902582543197,-5.978506807507422e-05,0.0779999999999994,-0.0007664752317317267,0.04864516129032258,0.0,0.0,-0.007082924703061997
25,3,834688,0,205,34.25,0.09,7.54,9.468,0.09025498528930906,-6.0964665068725665e-05,0.07699999999999996,-0.0007917488969964376,0.04864516129032258,-0.008378718056137364,0.0,-0.002250119935637899
25,3,834726,0,205,34.14,0.09,7.44,9.506,0.09004576659038785,-6.172129312846586e-05,0.07900000000000063,-0.0007812821914995618,0.048,-0.008166598611678122,0.0,-0.007986394163725066
25,3,834767,0,205,34.03,0.09,7.44,9.547,0.08962406015037477,-6.177647611919923e-05,0.08000000000000007,-0.0007722059514899896,0.048,0.0,0.0,-0.012790127492644578
25,3,834806,0,205,33.92,0.09,7.44,9.586,0.08902255639097628,-6.11274923494598e-05,0.0779999999999994,-0.0007836857993520547,0.048,-0.008271298593879341,0.0,-0.01730915918558942
25,3,834845,0,205,33.81,0.09,7.34,9.625,0.08827394573389881,-5.999770830705575e-05,0.0779999999999994,-0.0007692013885520027,0.04735483870967742,-0.008271298593879341,0.0,-0.02066202295035242
25,3,834884,0,205,33.81,0.09,7.34,9.664,0.0874109186008488,-5.871363076057978e-05,0.0779999999999994,-0.0007527388559048747,0.04735483870967742,0.0,0.0,-0.023176670773924584
25,3,834923,0,205,33.7,0.09,7.34,9.703,0.0864661654135327,-5.756048540913117e-05,0.07800000000000118,-0.0007379549411426961,0.04735483870967742,0.0,-0.1282051282051262,-0.024853102656305696
25,3,834962,0,205,33.59,0.08,7.34,9.742,0.08547237659365693,-5.668351216252176e-05,0.07800000000000118,-0.0007267116943912937,0.04735483870967742,-0.008271298593879064,-0.1282051282051262,-0.025691318597496515
25,3,835001,0,205,33.48,0.08,7.24,9.781,0.08446224256292795,-5.608373266554878e-05,0.0779999999999994,-0.0007190222136608873,0.04670967741935484,-0.008271298593879253,0.1282051282051291,-0.025691318597496744
25,3,835040,0,205,33.48,0.09,7.24,9.82,0.0834684537430522,-5.569757537221598e-05,0.0779999999999994,-0.0007140714791309796,0.04670967741935484,0.0,0.0,-0.024853102656306084
25,3,835079,0,205,33.37,0.08,7.24,9.859,0.08252370055573609,-5.549557360751756e-05,0.08000000000000007,-0.0006936946700939689,0.04670967741935484,-0.008064516129032289,-0.12499999999999983,-0.022597254004576274
25,3,835120,0,205,33.26,0.08,7.14,9.9,0.0816606734226861,-5.553181179453226e-05,0.08000000000000007,-0.0006941476474316527,0.04606451612903226,-0.008064516129032289,0.0,-0.02014547237659309
25,3,835159,0,205,33.15,0.08,7.14,9.939,0.08091206276560864,-5.5913710199001264e-05,0.07699999999999996,-0.0007261520805065103,0.04606451612903226,0.0,0.0,-0.01753395346072664
25,3,835197,0,205,33.15,0.08,7.14,9.977,0.08031055900621015,-5.6711762729428905e-05,0.07699999999999996,-0.0007365163990834927,0.04606451612903226,0.0,0.0,-0.01328844414820218
25,3,835236,0,205,33.04,0.08,7.14,10.016,0.07988885256619707,-5.786962504977922e-05,0.0779999999999994,-0.00074191826986897,0.04606451612903226,-0.008271298593879253,0.0,-0.008088783832490898
25,3,835275,0,205,32.93,0.08,7.04,10.055,0.07967963386727586,-5.9176939269245386e-05,0.0779999999999994,-0.0007586787085800749,0.04541935483870968,-0.008271298593879253,0.0,-0.0022212722441555554
25,3,835314,0,205,32.82,0.08,7.04,10.094,0.07971559333115294,-6.032084205200405e-05,0.0779999999999994,-0.0007733441288718527,0.04541935483870968,0.0,0.0,0.004484455285370448
25,3,835353,0,205,32.82,0.08,7.04,10.133,0.08002942137953475,-6.098169137267018e-05,0.07800000000000118,-0.0007818165560598623,0.04541935483870968,-0.007444168734491247,0.0,0.00046101876765483553
25,3,835392,0,205,32.71,0.08,6.95,10.172,0.07975155279503002,-6.0927813428672375e-05,0.07800000000000118,-0.0007811258131880956,0.044838709677419354,-0.007444168734491247,0.0,-0.0075439434707166705
25,3,835431,0,205,32.6,0.08,6.95,10.211,0.07944099378881884,-6.00808269211619e-05,0.08000000000000007,-0.0007510103365145232,0.044838709677419354,0.0,0.0,0.0031055900621117906
25,3,835472,0,205,32.49,0.08,6.95,10.252,0.07999999999999896,-5.853785362958863e-05,0.08000000000000007,-0.0007317231703698572,0.044838709677419354,-0.008064516129032289,0.0,0.006987577639751442
25,3,835511,0,205,32.49,0.08,6.85,10.291,0.07999999999999896,-5.654492055443949e-05,0.0779999999999994,-0.000724934878903076,0.04419354838709677,-0.008271298593879341,0.0,0.007166746297181205
25,3,835550,0,205,32.38,0.08,6.85,10.33,0.08055900621117909,-5.442449509645897e-05,0.0779999999999994,-0.0006977499371340946,0.04419354838709677,0.0,0.0,0.0031852205765249405
25,3,835589,0,205,32.27,0.08,6.85,10.369,0.0802484472049679,-5.247706595145285e-05,0.0779999999999994,-0.0006727828968135033,0.04419354838709677,0.0,0.0,-0.00037719717353581545
25,3,835628,0,205,32.16,0.08,6.85,10.408,0.0805295848316433,-5.089805078348242e-05,0.0779999999999994,-0.000652539112608754,0.04419354838709677,-0.008271298593879253,0.0,0.0036462393441797866
25,3,835667,0,205,32.05,0.08,6.75,10.447,0.08053285387381393,-4.974867739472888e-05,0.07800000000000118,-0.0006378035563426683,0.043548387096774194,-0.008271298593879064,0.0,-0.010226234482527189
25,3,835706,0,205,32.05,0.08,6.75,10.486,0.07973193854200616,-4.898172390906197e-05,0.07800000000000118,-0.0006279708193469389,0.043548387096774194,0.0,0.0,-0.019278966647387086
25,3,835745,0,205,31.94,0.08,6.75,10.525,0.07902909447531771,-4.849250794337845e-05,0.0779999999999994,-0.0006216988197869079,0.043548387096774194,0.0,0.0,-0.009597572526634337
25,3,835784,0,205,31.94,0.08,6.75,10.564,0.07898332788492869,-4.817496880135152e-05,0.08000000000000007,-0.0006021871100168935,0.043548387096774194,-0.008064516129032202,0.0,-0.003800261523373597
25,3,835825,0,205,31.72,0.08,6.65,10.605,0.07872507355344782,-4.797820908987127e-05,0.08000000000000007,-0.0005997276136233904,0.04290322580645162,-0.008064516129032202,0.0,-0.008703824779339446
25,3,835864,0,205,31.72,0.08,6.65,10.644,0.07828702190258154,-4.7946589095843705e-05,0.0779999999999994,-0.0006146998602031291,0.04290322580645162,0.0,0.0,-0.013118079479635577
25,3,835903,0,205,31.61,0.08,6.65,10.683,0.07770186335403625,-4.8217155057566073e-05,0.0779999999999994,-0.0006181686545841851,0.04290322580645162,0.0,-0.1282051282051291,-0.01647094324439858
25,3,835942,0,205,31.5,0.07,6.65,10.722,0.07700228832951846,-4.897287402665374e-05,0.0779999999999994,-0.0006278573593160783,0.04290322580645162,-0.008271298593879341,0.0,-0.01898559106797074
25,3,835981,0,205,31.5,0.08,6.55,10.761,0.07622098725073455,-5.0375629610333485e-05,0.07900000000000063,-0.000637666197599153,0.04225806451612903,-0.00816659861167821,0.0,-0.027476506345665508
25,3,836021,0,205,31.39,0.07,6.55,10.801,0.07483164432821086,-5.249577833708141e-05,0.07900000000000063,-0.0006645035232541898,0.04225806451612903,0.0,-0.12658227848101158,-0.02437298529758577
25,3,836060,0,205,31.28,0.07,6.55,10.84,0.07429552141222526,-5.524570093394665e-05,0.0779999999999994,-0.0007082782171018855,0.04225806451612903,0.0,0.1282051282051291,-0.01395629542082606
25,3,836099,0,205,31.28,0.08,6.55,10.879,0.07374305328538644,-5.8343002958162415e-05,0.07699999999999996,-0.0007577013371189928,0.04225806451612903,-0.008378718056137454,0.12987012987012989,-0.014137546010706999
25,3,836137,0,205,31.17,0.08,6.45,10.917,0.07320693036940082,-6.133977559982462e-05,0.07699999999999996,-0.0007966204623353851,0.04161290322580645,-0.008378718056137454,-0.12987012987012989,-0.01328844414820218
25,3,836176,0,205,31.06,0.07,6.45,10.956,0.07271984308597487,-6.372250343353958e-05,0.08000000000000007,-0.000796531292919244,0.04161290322580645,0.0,-0.12499999999999983,-0.018143184047073897
25,3,836217,0,205,30.95,0.07,6.45,10.997,0.0717554756456349,-6.504463167426344e-05,0.08000000000000007,-0.0008130578959282923,0.04161290322580645,-0.008064516129032289,0.0,-0.011809414841451236
25,3,836256,0,205,30.95,0.07,6.35,11.036,0.07177508989865877,-6.504366407969897e-05,0.0779999999999994,-0.0008338931292269162,0.040967741935483866,-0.008271298593879341,0.0,0.001969807461798286
25,3,836295,0,205,30.84,0.07,6.35,11.075,0.07190912062765517,-6.370970555307753e-05,0.07800000000000118,-0.000816791096834315,0.040967741935483866,0.0,0.0,0.005322671226561166
25,3,836334,0,205,30.73,0.07,6.35,11.114,0.07219025825433055,-6.12892892621355e-05,0.07800000000000118,-0.000785760118745315,0.040967741935483866,-0.008271298593879064,0.0,-0.0020536290559172695
25,3,836373,0,205,30.73,0.07,6.25,11.153,0.07174893756129362,-5.822369357273338e-05,0.07899999999999885,-0.000737008779401699,0.04032258064516129,-0.008166598611678306,0.12658227848101444,-0.0018207323482066686
25,3,836413,0,205,30.62,0.08,6.25,11.193,0.07204642039882223,-5.503636836829262e-05,0.07899999999999885,-0.0006966628907378915,0.04032258064516129,0.0,0.0,-0.0012000281385908826
25,3,836452,0,205,30.51,0.07,6.25,11.232,0.07165413533834494,-5.220119521579036e-05,0.07800000000000118,-0.0006692460925101227,0.04032258064516129,0.0,-0.1282051282051262,-0.011735023176670594
25,3,836491,0,205,30.4,0.07,6.25,11.271,0.0711310885910419,-5.003874077157011e-05,0.07800000000000118,-0.0006415223175842225,0.04032258064516129,-0.008271298593879064,0.0,-0.0035205069530011607
25,3,836530,0,205,30.4,0.07,6.15,11.31,0.07137953579601085,-4.867821531063932e-05,0.08899999999999864,-0.0005469462394453939,0.03967741935483871,-0.007249003262051535,0.0,0.008337894075687635
25,3,836580,0,205,30.29,0.07,6.15,11.36,0.0718731611637781,-4.8081305185005084e-05,0.0909999999999993,-0.000528365991044016,0.03967741935483871,0.0,0.10989010989011068,0.003987512977379027
25,3,836621,0,205,30.18,0.08,6.15,11.401,0.07174239947695234,-4.809351419716723e-05,0.08200000000000074,-0.0005865062706971561,0.03967741935483871,0.0,0.0,-0.003986636793468222
25,3,836662,0,205,30.07,0.07,6.15,11.442,0.0715462569467137,-4.850072352324108e-05,0.08300000000000018,-0.000584346066545072,0.03967741935483871,-0.007773027594247979,-0.12048192771084304,-0.005514047034821277
25,3,836704,0,205,30.07,0.07,6.05,11.484,0.07128473357306217,-4.9087863962888e-05,0.08300000000000018,-0.0005914200477456372,0.03903225806451613,-0.007773027594247979,0.0,-0.007089489044769975
25,3,836745,0,205,29.96,0.07,6.05,11.525,0.07095782935599779,-4.968736263366846e-05,0.08200000000000074,-0.0006059434467520489,0.03903225806451613,0.0,0.0,-0.008770600945629986
25,3,836786,0,205,29.85,0.07,6.05,11.566,0.0705655442955205,-5.0196724730486864e-05,0.08199999999999896,-0.0006121551796400914,0.03903225806451613,0.0,0.0,-0.010365255663017634
25,3,836827,0,205,29.74,0.07,6.05,11.607,0.07010787839163035,-5.056740938383797e-05,0.08299999999999841,-0.0006092458961908307,0.03903225806451613,-0.007773027594248061,0.0,-0.0009452652059693391
25,3,836869,0,205,29.74,0.07,5.95,11.649,0.07048708728342505,-5.078776242773753e-05,0.08300000000000018,-0.0006119007521414147,0.03838709677419355,-0.007773027594247895,0.0,0.002008688562684907
25,3,836910,0,205,29.52,0.07,5.95,11.69,0.0702745995423332,-5.0868652199095086e-05,0.0840000000000014,-0.0006055791928463599,0.03838709677419355,0.0,0.0,-0.005448403617739827
25,3,836953,0,205,29.52,0.07,5.95,11.733,0.0700294213795349,-5.082399558956041e-05,0.08399999999999963,-0.0006050475665423885,0.03838709677419355,0.0,0.0,-0.006226746991702862
25,3,836994,0,205,29.41,0.07,5.95,11.774,0.06975155279503016,-5.0652260535836824e-05,0.08199999999999896,-0.0006177104943394813,0.03838709677419355,-0.007867820613690145,0.0,-0.007175946228242886
25,3,837035,0,205,29.3,0.07,5.85,11.815,0.06944099378881899,-5.033777537336892e-05,0.0810000000000013,-0.0006214540169551619,0.03774193548387097,-0.007964954201513252,0.0,0.009968560693198104
25,3,837075,0,205,29.3,0.07,5.85,11.855,0.07055900621117922,-4.9870785324158895e-05,0.0810000000000013,-0.0006156887077056556,0.03774193548387097,0.0,0.0,0.009968560693198104
25,3,837116,0,205,29.19,0.07,5.85,11.896,0.07024844720496805,-4.926554183497789e-05,0.08199999999999896,-0.0006007992906704696,0.03774193548387097,0.0,0.0,-0.0003587973114121189
25,3,837157,0,205,29.08,0.07,5.85,11.937,0.07052958483164343,-4.856916463656091e-05,0.08199999999999896,-0.000592306885811726,0.03774193548387097,-0.007867820613690145,0.0,-0.003348774906513392
25,3,837198,0,205,29.08,0.07,5.75,11.978,0.06997384766263395,-4.786910719948967e-05,0.08200000000000074,-0.0005837695999937712,0.037096774193548385,-0.007867820613689973,0.0,-0.012757237739098376
25,3,837239,0,205,28.97,0.07,5.75,12.019,0.06948349133703735,-4.7292282242278106e-05,0.08200000000000074,-0.0005767351492960693,0.037096774193548385,0.0,0.0,-0.011162583021710953
25,3,837280,0,205,28.86,0.07,5.75,12.06,0.06905851585485365,-4.697699105579467e-05,0.08499999999999908,-0.0005526704830093551,0.037096774193548385,0.0,0.0,-0.0026536930561698456
25,3,837324,0,205,28.86,0.07,5.75,12.104,0.06925792742726292,-4.702200497117914e-05,0.08499999999999908,-0.0005532000584844665,0.037096774193548385,-0.006831119544592063,0.0,-0.004768955637174766
25,3,837365,0,205,28.75,0.07,5.66,12.145,0.0686531546256938,-4.74417464937007e-05,0.08200000000000074,-0.0005785578840695155,0.036516129032258066,-0.0070810385523209,0.0,-0.006737416180961299
25,3,837406,0,205,28.64,0.07,5.66,12.186,0.06870545930042408,-4.814585773535196e-05,0.08200000000000074,-0.0005871446065286772,0.036516129032258066,0.0,0.0,-0.008132739058675252
25,3,837447,0,205,28.64,0.07,5.66,12.227,0.06798627002288242,-4.894232641859997e-05,0.08200000000000074,-0.0005968576392512137,0.036516129032258066,0.0,-0.12195121951219413,-0.009129398257042096
25,3,837488,0,205,28.53,0.06,5.66,12.268,0.06795684864334663,-4.9567685861189757e-05,0.08199999999999896,-0.0006044839739169559,0.036516129032258066,-0.007867820613690145,0.0,-0.009727393776062718
25,3,837529,0,205,28.42,0.07,5.56,12.309,0.06718862373324529,-4.9750448605196064e-05,0.08199999999999896,-0.0006067127878682523,0.03587096774193548,-0.007867820613690145,0.0,-0.01674387453256679
25,3,837570,0,205,28.31,0.06,5.56,12.35,0.06658385093167617,-4.9290150183068703e-05,0.08200000000000074,-0.0006010993924764422,0.03587096774193548,0.0,0.0,-0.012757237739098207
25,3,837611,0,205,28.31,0.07,5.56,12.391,0.06614253023863922,-4.811738836414659e-05,0.08200000000000074,-0.0005867974190749531,0.03587096774193548,0.0,0.12195121951219413,-0.008770600945630154
25,3,837652,0,205,28.09,0.07,5.56,12.432,0.06586466165413449,-4.6318894486751635e-05,0.08399999999999963,-0.0005514154105565695,0.03587096774193548,-0.00768049155145928,0.0,0.001984775603605338
25,3,837695,0,205,28.09,0.07,5.46,12.475,0.06630925138934207,-4.413191389922399e-05,0.08399999999999963,-0.0005253799273717165,0.035225806451612905,-0.00768049155145928,-0.11904761904761968,0.002179361447095944
25,3,837736,0,205,27.98,0.06,5.46,12.516,0.06604772801569055,-4.1903115288880244e-05,0.08200000000000074,-0.0005110136010839008,0.035225806451612905,0.0,0.0,0.0028305121233623983
25,3,837777,0,205,27.87,0.07,5.46,12.557,0.06654135338345779,-4.0003794873102014e-05,0.08200000000000074,-0.00048785115698904457,0.035225806451612905,0.0,0.0,0.0038271713217295803
25,3,837818,0,205,27.87,0.06,5.46,12.598,0.06636155606407237,-3.872797211541545e-05,0.08199999999999896,-0.0004722923428709261,0.035225806451612905,0.0,0.0,0.005222494199443478
25,3,837859,0,205,27.76,0.07,5.46,12.639,0.06696959790781215,-3.8230356688571554e-05,0.08299999999999841,-0.00046060670709123237,0.035225806451612905,-0.0077730275942481455,0.0,0.013666959436306966
25,3,837901,0,205,27.65,0.06,5.36,12.681,0.06749591369728583,-3.853090564918382e-05,0.08300000000000018,-0.00046422777890582813,0.03458064516129032,-0.007773027594247979,0.0,0.001220967557710391
25,3,837942,0,205,27.65,0.07,5.36,12.722,0.06707093821510211,-3.954857357516239e-05,0.08200000000000074,-0.00048229967774587846,0.03458064516129032,0.0,0.12195121951219413,-0.004146102265207031
25,3,837983,0,205,27.54,0.07,5.36,12.763,0.06715593331153885,-4.111074805664217e-05,0.08200000000000074,-0.0005013505860566072,0.03458064516129032,0.0,0.0,-0.009129398257042266
25,3,838024,0,205,27.54,0.07,5.36,12.804,0.06632232755802464,-4.293953761590785e-05,0.08399999999999963,-0.0005111849716179528,0.03458064516129032,0.0,0.0,-0.013387506032160964
25,3,838067,0,205,27.32,0.07,5.36,12.847,0.06603138280483734,-4.4669605187275255e-05,0.08399999999999963,-0.0005317810141342316,0.03458064516129032,-0.007680491551459364,-0.11904761904761968,-0.013387506032160964
25,3,838108,0,205,27.32,0.06,5.26,12.888,0.06519777705132312,-4.5933050814624287e-05,0.08200000000000074,-0.0005601591562759009,0.03393548387096774,-0.007867820613689973,0.0,-0.015946547173872887
25,3,838149,0,205,27.21,0.07,5.26,12.929,0.06472376593657975,-4.647876925705674e-05,0.08300000000000018,-0.0005599851717717667,0.03393548387096774,0.0,0.0,-0.011225024320885891
25,3,838191,0,205,27.21,0.06,5.26,12.971,0.0642661000326896,-4.6260173711090144e-05,0.08300000000000018,-0.0005573514904950607,0.03393548387096774,0.0,0.0,-0.004096149225867216
25,3,838232,0,205,27.1,0.07,5.26,13.012,0.06438378555083277,-4.545480549493064e-05,0.08200000000000074,-0.0005543268962796369,0.03393548387096774,-0.00786782061368989,0.0,-0.007534743539655011
25,3,838273,0,205,26.99,0.06,5.16,13.053,0.06364825106243788,-4.44176858598393e-05,0.08099999999999952,-0.0005483664920967848,0.03329032258064516,-0.00796495420151334,-0.12345679012345763,-0.010654655963580359
25,3,838313,0,205,26.88,0.06,5.16,13.093,0.06352075841778276,-4.3575829383922125e-05,0.08099999999999952,-0.0005379732022706467,0.03329032258064516,0.0,0.0,-0.013277961409158792
25,3,838354,0,205,26.88,0.06,5.16,13.134,0.06257273618829602,-4.327720071721419e-05,0.08200000000000074,-0.0005277707404538268,0.03329032258064516,0.0,0.0,-0.015308685286917815
25,3,838395,0,205,26.77,0.06,5.16,13.175,0.06226544622425549,-4.364594155821955e-05,0.08399999999999963,-0.0005195945423597588,0.03329032258064516,0.0,0.0,-0.005954326810815849
25,3,838438,0,205,26.66,0.06,5.16,13.218,0.06207257273618749,-4.452357870548429e-05,0.08399999999999963,-0.00053004260363672,0.03329032258064516,-0.007680491551459364,0.0,-0.0028409533149645
25,3,838479,0,205,26.55,0.06,5.06,13.259,0.062026806145798474,-4.553621954346543e-05,0.08200000000000074,-0.0005553197505300613,0.03264516129032258,-0.007867820613689973,0.12195121951219413,0.0010763919342363334
25,3,838520,0,205,26.55,0.07,5.06,13.3,0.06216083687479487,-4.624680479784882e-05,0.08199999999999896,-0.000563985424364017,0.03264516129032258,0.0,0.12195121951219677,-0.005142761463574156
25,3,838561,0,205,26.43,0.07,5.06,13.341,0.0616050997057854,-4.631158378045974e-05,0.08299999999999841,-0.0005579708889212124,0.03264516129032258,0.0,-0.12048192771084579,-0.004096149225867136
25,3,838603,0,205,26.43,0.06,5.06,13.383,0.06182085648904791,-4.5587596375014526e-05,0.08300000000000018,-0.0005492481490965593,0.03264516129032258,-0.007773027594247895,-0.1204819277108432,-0.0027176374671618545
25,3,838644,0,205,26.32,0.06,4.96,13.424,0.061379535796010964,-4.417639388619676e-05,0.08200000000000074,-0.0005387365108072727,0.032,-0.00786782061368989,0.0,-0.0009567928304323528
25,3,838685,0,205,26.21,0.06,4.96,13.465,0.06174239947695245,-4.2395422508846536e-05,0.08200000000000074,-0.0005170173476688556,0.032,0.0,0.0,0.0012358574059751436
25,3,838726,0,205,26.1,0.06,4.96,13.506,0.06148087610330093,-4.067500565075477e-05,0.08200000000000074,-0.0004960366542774928,0.032,0.0,0.0,-0.0071759462282429
25,3,838767,0,205,25.99,0.06,4.96,13.547,0.06115397188623653,-3.9418799093824396e-05,0.08199999999999896,-0.0004807170621198158,0.032,0.0,0.0,-0.008770600945630175
25,3,838808,0,205,25.99,0.06,4.96,13.588,0.06076168682575926,-3.8897271266430167e-05,0.08399999999999963,-0.0004630627531717897,0.032,-0.00768049155145928,0.0,-0.010118463861516965
25,3,838851,0,205,25.99,0.06,4.86,13.631,0.06030402092186911,-3.921225462836109e-05,0.0840000000000014,-0.000466812555099529,0.031354838709677424,-0.007680491551459118,0.0,-0.011675150609442558
25,3,838892,0,205,25.88,0.06,4.86,13.672,0.05978097417456607,-4.030384923401708e-05,0.08199999999999896,-0.0004915103565124097,0.031354838709677424,0.0,0.0,-0.013554565097792213
25,3,838933,0,205,25.77,0.06,4.86,13.713,0.05919254658385016,-4.195157796664706e-05,0.08199999999999896,-0.0005116046093493608,0.031354838709677424,0.0,0.0,-0.0041461022652071215
25,3,838974,0,205,25.66,0.06,4.86,13.754,0.05944099378881909,-4.377284809550908e-05,0.08200000000000074,-0.0005338152206769352,0.031354838709677424,0.0,0.0,0.009846992879866488
25,3,839015,0,205,25.66,0.06,4.86,13.795,0.05999999999999922,-4.52716125449566e-05,0.08200000000000074,-0.0005520928359140999,0.031354838709677424,-0.007867820613690017,0.0,0.006817148916830789
25,3,839056,0,205,25.55,0.06,4.76,13.836,0.05999999999999922,-4.5967090378999487e-05,0.08200000000000074,-0.0005605742729146229,0.030709677419354837,-0.007867820613690017,0.0,0.0
25,3,839097,0,205,25.44,0.06,4.76,13.877,0.05999999999999922,-4.556052449842518e-05,0.08199999999999896,-0.0005556161524198263,0.030709677419354837,0.0,0.0,0.0
25,3,839138,0,205,25.44,0.06,4.76,13.918,0.05999999999999922,-4.406124656127286e-05,0.08199999999999896,-0.0005373322751374807,0.030709677419354837,0.0,0.0,0.0
25,3,839179,0,205,25.33,0.06,4.76,13.959,0.05999999999999922,-4.1821458735701536e-05,0.08500000000000085,-0.0004920171615964838,0.030709677419354837,-0.007590132827324356,0.0,0.0
25,3,839223,0,205,25.33,0.06,4.66,14.003,0.05999999999999922,-3.9469088999998903e-05,0.08500000000000085,-0.0004643422235293942,0.03006451612903226,-0.007590132827324356,0.0,0.0
25,3,839264,0,205,25.22,0.06,4.66,14.044,0.05999999999999922,-3.773984014227771e-05,0.08200000000000074,-0.0004602419529546021,0.03006451612903226,0.0,0.0,0.0
25,3,839305,0,205,25.11,0.06,4.66,14.085,0.05999999999999922,-3.7227350639737366e-05,0.08199999999999896,-0.00045399208097241265,0.03006451612903226,0.0,0.0,0.0
25,3,839346,0,205,25.11,0.06,4.66,14.126,0.05999999999999922,-3.8126964847648995e-05,0.08199999999999896,-0.0004649629859469448,0.03006451612903226,0.0,0.0,0.0
25,3,839387,0,205,25.0,0.06,4.66,14.167,0.05999999999999922,-4.009788208384979e-05,0.08200000000000074,-0.0004889985619981638,0.03006451612903226,0.0,0.0,0.0
25,3,839428,0,205,24.89,0.06,4.66,14.208,0.05999999999999922,-4.233956525949978e-05,0.08200000000000074,-0.0005163361617012122,0.03006451612903226,-0.007867820613689973,0.0,0.0
25,3,839469,0,205,24.78,0.06,4.56,14.249,0.05999999999999922,-4.387082884940607e-05,0.08199999999999896,-0.000535010107919593,0.029419354838709676,-0.007867820613690145,0.0,0.0
25,3,839510,0,205,24.78,0.06,4.56,14.29,0.05999999999999922,-4.388954449415472e-05,0.08099999999999952,-0.000541846228322901,0.029419354838709676,0.0,0.0,0.0
25,3,839550,0,205,24.67,0.06,4.56,14.33,0.05999999999999922,-4.205634711763207e-05,0.08300000000000018,-0.0005067029773208672,0.029419354838709676,-0.007773027594247937,0.0,0.0
25,3,839593,0,205,24.56,0.06,4.46,14.373,0.05999999999999922,-3.860056365481057e-05,0.08399999999999963,-0.0004595305197001279,0.028774193548387096,0.0,0.0,0.0
25,3,839634,0,205,24.56,0.06,4.56,14.414,0.05999999999999922,-3.423737698878071e-05,0.08200000000000074,-0.0004175289876680537,0.029419354838709676,0.0,0.0,0.0
25,3,839675,0,205,24.56,0.06,4.46,14.455,0.05999999999999922,-2.9951335014828828e-05,0.08200000000000074,-0.0003652601831076653,0.028774193548387096,-0.007867820613689932,0.0,0.0
25,3,839716,0,205,24.45,0.06,4.46,14.496,0.05999999999999922,-2.6721514287138426e-05,0.08300000000000018,-0.0003219459552667273,0.028774193548387096,0.0,0.0,0.0
25,3,839758,0,205,24.34,0.06,4.46,14.538,0.05999999999999922,-2.5256119038778556e-05,0.08300000000000018,-0.00030429059082865664,0.028774193548387096,0.0,0.0,0.0
25,3,839799,0,205,24.34,0.06,4.46,14.579,0.05999999999999922,-2.5798582250711633e-05,0.08199999999999896,-0.0003146168567159995,0.028774193548387096,0.0,0.0,0.0
25,3,839840,0,205,24.23,0.06,4.46,14.62,0.05999999999999922,-2.806496151593585e-05,0.08199999999999896,-0.00034225562824312443,0.028774193548387096,0.0,0.0,0.0
25,3,839881,0,205,24.12,0.06,4.46,14.661,0.05999999999999922,-3.134306422419986e-05,0.08200000000000074,-0.0003822324905390192,0.028774193548387096,-0.007081038552320943,0.0,0.0
25,3,839922,0,205,24.01,0.06,4.37,14.702,0.05999999999999922,-3.471694053815977e-05,0.08399999999999963,-0.0004132969111685705,0.028193548387096774,-0.006912442396313394,0.0,0.0
25,3,839965,0,205,24.01,0.06,4.37,14.745,0.05999999999999922,-3.7320723295618306e-05,0.08399999999999963,-0.00044429432494783895,0.028193548387096774,0.0,0.0,0.0
25,3,840006,0,205,24.01,0.06,4.37,14.786,0.05999999999999922,-3.853052906385468e-05,0.08200000000000074,-0.0004698845007787114,0.028193548387096774,0.0,0.0,0.0
25,3,840047,0,205,23.79,0.06,4.37,14.827,0.05999999999999922,-3.806925297524888e-05,0.08200000000000074,-0.00046425918262498215,0.028193548387096774,0.0,0.0,0.0
25,3,840088,0,205,23.79,0.06,4.37,14.868,0.05999999999999922,-3.6053945377713784e-05,0.08200000000000074,-0.0004396822607038227,0.028193548387096774,-0.007867820613689973,0.0,0.0
25,3,840129,0,205,23.68,0.06,4.27,14.909,0.05999999999999922,-3.299998130993309e-05,0.08199999999999896,-0.0004024387964626038,0.02754838709677419,-0.007867820613690145,0.0,0.0
25,3,840170,0,205,23.57,0.06,4.27,14.95,0.05999999999999922,-2.9743280898752998e-05,0.08199999999999896,-0.0003627229377896753,0.02754838709677419,0.0,0.0,0.0
25,3,840211,0,205,23.57,0.06,4.27,14.991,0.05999999999999922,-2.7238323055563284e-05,0.08200000000000074,-0.00033217467140930534,0.02754838709677419,0.0,0.0,0.0
25,3,840252,0,205,23.46,0.06,4.27,15.032,0.05999999999999922,-2.6264047491848963e-05,0.08200000000000074,-0.00032029326209571615,0.02754838709677419,0.0,0.0,0.0
25,3,840293,0,205,23.46,0.06,4.27,15.073,0.05999999999999922,-2.715408127154273e-05,0.08399999999999963,-0.000323262872280272,0.02754838709677419,0.0,0.0,0.0
25,3,840336,0,205,23.35,0.06,4.27,15.116,0.05999999999999922,-2.9679987906878757e-05,0.08399999999999963,-0.0003533331893676058,0.02754838709677419,0.0,0.0,0.0
25,3,840377,0,205,23.24,0.06,4.27,15.157,0.05999999999999922,-3.3143347106751264e-05,0.08200000000000074,-0.00040418715983842643,0.02754838709677419,-0.00786782061368989,0.0,0.0
25,3,840418,0,205,23.35,0.06,4.17,15.198,0.05999999999999922,-3.662488002508191e-05,0.08300000000000018,-0.000441263614760022,0.026903225806451613,-0.007773027594247895,0.0,0.0
25,3,840460,0,205,23.13,0.06,4.17,15.24,0.05999999999999922,-3.926588344607751e-05,0.08300000000000018,-0.0004730829330852701,0.026903225806451613,0.0,0.0,0.0
25,3,840501,0,205,23.13,0.06,4.17,15.281,0.05999999999999922,-4.0468952833243146e-05,0.08199999999999896,-0.0004935238150395568,0.026903225806451613,0.0,0.0,0.0
25,3,840542,0,205,23.02,0.06,4.17,15.322,0.05999999999999922,-3.9987548289693644e-05,0.08199999999999896,-0.0004876530279230994,0.026903225806451613,0.0,0.0,0.0
25,3,840583,0,205,23.02,0.06,4.17,15.363,0.05999999999999922,-3.7944662152217925e-05,0.08200000000000074,-0.0004627397823441169,0.026903225806451613,-0.007867820613689932,0.0,0.0
25,3,840624,0,205,22.91,0.06,4.07,15.404,0.05999999999999922,-3.4812471061559156e-05,0.08200000000000074,-0.00042454233001901025,0.026258064516129033,-0.007867820613689932,0.0,0.0
25,3,840665,0,205,22.91,0.06,4.07,15.445,0.05999999999999922,-3.132927785784379e-05,0.08399999999999963,-0.000372967593545761,0.026258064516129033,0.0,0.0,0.0
25,3,840708,0,205,22.8,0.06,4.07,15.488,0.05999999999999922,-2.8318594179282286e-05,0.08399999999999963,-0.00033712612118193345,0.026258064516129033,0.0,0.0,0.0
25,3,840749,0,205,22.69,0.06,4.07,15.529,0.05999999999999922,-2.6440392010936618e-05,0.08200000000000074,-0.0003224438050114193,0.026258064516129033,0.0,0.0,0.0
25,3,840790,0,205,22.69,0.06,4.07,15.57,0.05999999999999922,-2.5980382517248655e-05,0.08099999999999952,-0.00032074546317591125,0.026258064516129033,0.0,0.0,0.0
25,3,840830,0,205,22.58,0.06,4.07,15.61,0.05999999999999922,-2.6788687283792356e-05,0.08099999999999952,-0.00033072453436780886,0.026258064516129033,0.0,0.0,0.0
25,3,840871,0,205,22.58,0.06,4.07,15.651,0.05999999999999922,-2.8402729790865777e-05,0.08200000000000074,-0.00034637475354714047,0.026258064516129033,-0.007867820613689932,0.0,0.0
25,3,840912,0,205,22.47,0.06,3.97,15.692,0.05999999999999922,-3.0282734262053522e-05,0.08200000000000074,-0.0003693016373421128,0.025612903225806453,-0.007867820613689932,0.0,0.0
25,3,840953,0,205,22.47,0.06,3.97,15.733,0.05999999999999922,-3.2022912900361966e-05,0.08199999999999896,-0.00039052332805319966,0.025612903225806453,0.0,0.0,0.006817148916830767
25,3,840994,0,205,22.36,0.06,3.97,15.774,0.060559006211179336,-3.342844284057911e-05,0.08199999999999896,-0.00040766393708023817,0.025612903225806453,0.0,0.0,0.003029843963035765
25,3,841035,0,205,22.25,0.06,3.97,15.815,0.06024844720496815,-3.4453913532258354e-05,0.0840000000000014,-0.00041016563728878304,0.025612903225806453,0.0,0.0,-0.0070050903656656335
25,3,841078,0,205,22.25,0.06,3.97,15.858,0.05997057862046341,-3.5096767939596595e-05,0.08399999999999963,-0.00041781866594758037,0.025612903225806453,0.0,0.0,0.00042808885567966365
25,3,841119,0,205,22.14,0.06,3.97,15.899,0.06028440666884524,-3.534678571390026e-05,0.08300000000000018,-0.0004258648881192793,0.025612903225806453,-0.007773027594247937,0.0,-0.0025207072159181836
25,3,841161,0,205,22.03,0.06,3.87,15.941,0.059761359921542204,-3.5212912450461434e-05,0.08300000000000018,-0.0004242519572344742,0.024967741935483873,-0.007773027594247937,0.0,-0.011815815074616737
25,3,841202,0,205,22.03,0.06,3.87,15.982,0.05930369401765205,-3.476381965114506e-05,0.08199999999999896,-0.0004239490201359207,0.024967741935483873,0.0,0.0,-0.010365255663017464
25,3,841243,0,205,21.92,0.06,3.87,16.023,0.05891140895717478,-3.411081221238898e-05,0.08200000000000074,-0.00041598551478522775,0.024967741935483873,0.0,0.0,-0.008770600945629986
25,3,841284,0,205,21.92,0.06,3.87,16.064,0.058584504740110385,-3.333499484928026e-05,0.08200000000000074,-0.00040652432743024347,0.024967741935483873,0.0,0.0,-0.007175946228242815
25,3,841325,0,205,21.81,0.06,3.87,16.105,0.058322981366458866,-3.243427150913325e-05,0.08200000000000074,-0.000395539896452841,0.024967741935483873,0.0,0.0,-0.005581291510855476
25,3,841366,0,205,21.7,0.06,3.87,16.146,0.05812683883622023,-3.135881883665981e-05,0.08800000000000097,-0.00035635021405294845,0.024967741935483873,-0.007331378299120188,-0.11363636363636233,-0.003714820648458938
25,3,841413,0,205,21.7,0.05,3.77,16.193,0.057996077149394476,-3.0119326326575548e-05,0.08800000000000097,-0.0003422650718929002,0.02432258064516129,-0.007331378299120188,0.0,0.0041234509197894415
25,3,841454,0,205,21.59,0.06,3.77,16.234,0.05848970251716171,-2.8871888762015628e-05,0.08399999999999963,-0.0003437129614525685,0.02432258064516129,0.0,0.11904761904761951,0.002179361447095944
25,3,841497,0,205,21.59,0.06,3.77,16.277,0.058179143510950534,-2.78881849360193e-05,0.08399999999999963,-0.00033200220161927886,0.02432258064516129,0.0,-0.11904761904761951,0.0004280888556794985
25,3,841538,0,205,21.48,0.05,3.77,16.318,0.058525661981038785,-2.741212303683893e-05,0.08200000000000074,-0.0003342941833760815,0.02432258064516129,0.0,0.0,0.005860356086398267
25,3,841579,0,205,21.48,0.06,3.77,16.359,0.0586596927100352,-2.7502314151982787e-05,0.08199999999999719,-0.00033539407502419186,0.02432258064516129,0.0,0.12195121951219924,0.0010763919342365493
25,3,841620,0,205,21.37,0.06,3.77,16.4,0.05861392611964618,-2.7978722651860632e-05,0.08199999999999719,-0.00034120393477879993,0.02432258064516129,0.0,0.0,-0.009727393776062928
25,3,841661,0,205,21.26,0.06,3.77,16.441,0.057862046420398064,-2.8520387238143652e-05,0.08200000000000074,-0.00034780960046516335,0.02432258064516129,-0.007867820613689932,0.0,-0.015946547173872887
25,3,841702,0,205,21.26,0.06,3.67,16.482,0.05730630925138859,-2.8853679514568853e-05,0.08200000000000074,-0.0003518741404215682,0.02367741935483871,-0.007867820613689932,0.0,-0.011162583021710953
25,3,841743,0,205,21.15,0.06,3.67,16.523,0.05694671461261776,-2.8901642323806875e-05,0.08200000000000074,-0.00035245905272934894,0.02367741935483871,0.0,0.0,-0.006378618869549019
25,3,841784,0,205,21.15,0.06,3.67,16.564,0.056783262504085566,-2.878942032203735e-05,0.08200000000000074,-0.00035109049173215963,0.02367741935483871,0.0,0.0,0.005222494199443365
25,3,841825,0,205,21.04,0.06,3.67,16.605,0.05737495913697212,-2.8708092982555388e-05,0.08500000000000085,-0.0003377422703830012,0.02367741935483871,0.0,-0.11764705882352818,-0.0046151183585561315
25,3,841869,0,205,20.93,0.05,3.67,16.649,0.05639097744360829,-2.8745187059325163e-05,0.08500000000000085,-0.000338178671286175,0.02367741935483871,0.0,0.0,-0.014268407591869306
25,3,841910,0,205,20.93,0.06,3.67,16.69,0.056162144491663214,-2.8810987327108963e-05,0.08200000000000074,-0.00035135350398913054,0.02367741935483871,0.0,0.0,-0.003189309434774594
25,3,841951,0,205,20.93,0.05,3.67,16.731,0.05612945406995677,-2.8715968992230945e-05,0.08199999999999719,-0.00035019474380770647,0.02367741935483871,-0.007867820613690273,-0.12195121951219924,-0.009408462832585463
25,3,841992,0,205,20.82,0.05,3.57,16.772,0.05539065053939123,-2.8342763331671073e-05,0.08199999999999719,-0.00034564345526429325,0.02303225806451613,-0.007867820613690273,0.0,-0.009209130992911985
25,3,842033,0,205,20.71,0.05,3.57,16.813,0.055374305328538015,-2.778250486252132e-05,0.08200000000000074,-0.0003388110349087935,0.02303225806451613,0.0,0.12195121951219397,0.008411803634217958
25,3,842074,0,205,20.71,0.06,3.57,16.854,0.05608041843739711,-2.7326708827253297e-05,0.08200000000000074,-0.0003332525466738177,0.02303225806451613,0.0,0.12195121951219397,0.015428284390721964
25,3,842115,0,205,20.6,0.06,3.57,16.895,0.05663942464857723,-2.7312455371800938e-05,0.08200000000000074,-0.0003330787240463499,0.02303225806451613,0.0,0.0,0.005421826039116751
25,3,842156,0,205,20.6,0.06,3.57,16.936,0.05652500817260469,-2.7926752927283526e-05,0.08099999999999952,-0.0003447747274973295,0.02303225806451613,0.0,0.0,0.0069013112491372736
25,3,842196,0,205,20.6,0.06,3.57,16.976,0.05719843085975734,-2.9101235878115527e-05,0.08399999999999963,-0.00034644328426328163,0.02303225806451613,0.0,-0.11904761904761951,0.008406108438798724
25,3,842240,0,205,20.38,0.05,3.57,17.02,0.05723112128146378,-3.056006392817512e-05,0.08399999999999963,-0.0003638102848592292,0.02303225806451613,-0.007680491551459322,0.0,0.0038917168698142683
25,3,842280,0,205,20.49,0.06,3.47,17.06,0.05752533507682174,-3.19766876415799e-05,0.08099999999999952,-0.0003947739215009888,0.022387096774193548,-0.007964954201513384,0.12345679012345746,0.006255574524071893
25,3,842321,0,205,20.27,0.06,3.47,17.101,0.0577378228179136,-3.3123261909220326e-05,0.08200000000000074,-0.0004039422184051223,0.022387096774193548,0.0,0.0,0.01100311754997231
25,3,842362,0,205,20.27,0.06,3.47,17.142,0.05842759071591948,-3.3914231663166204e-05,0.08200000000000074,-0.0004135881910142183,0.022387096774193548,0.0,0.0,-0.0015946547173872547
25,3,842403,0,205,20.16,0.06,3.47,17.183,0.05760706113108784,-3.434173272994334e-05,0.08200000000000074,-0.0004188016186578418,0.022387096774193548,0.0,0.0,-0.02100957590157744
25,3,842444,0,205,20.16,0.06,3.47,17.224,0.05670480549199011,-3.4390365880363924e-05,0.08200000000000074,-0.00041939470585809286,0.022387096774193548,0.0,-0.12195121951219397,-0.016584409060827872
25,3,842485,0,205,20.05,0.05,3.47,17.265,0.056247139588099945,-3.402100063817937e-05,0.08200000000000074,-0.0004148902516851105,0.022387096774193548,-0.007867820613689932,-0.12195121951219397,-0.012557905899424905
25,3,842526,0,205,20.05,0.05,3.37,17.306,0.05567505720823726,-3.323102813841095e-05,0.08200000000000074,-0.000405256440712325,0.021741935483870968,-0.007867820613689932,0.12195121951219397,-0.011162583021710868
25,3,842567,0,205,19.94,0.06,3.37,17.347,0.055331807780319646,-3.211415237133286e-05,0.08399999999999963,-0.0003823113377539643,0.021741935483870968,0.0,0.0,-0.005448403617739943
25,3,842610,0,205,19.94,0.05,3.37,17.39,0.05521739130434711,-3.083877861037676e-05,0.08399999999999963,-0.00036712831679020115,0.021741935483870968,0.0,0.0,0.0066548358473822785
25,3,842651,0,205,19.94,0.06,3.37,17.431,0.055890813991499755,-2.954430378899886e-05,0.08200000000000074,-0.00036029638767071456,0.021741935483870968,0.0,0.12195121951219397,0.0044251668407496525
25,3,842692,0,205,19.83,0.06,3.37,17.472,0.05558025498528858,-2.823848600218559e-05,0.08200000000000074,-0.0003443717805144553,0.021741935483870968,0.0,-0.12195121951219397,-0.008571269105956516
25,3,842733,0,205,19.72,0.05,3.37,17.513,0.055187969924811314,-2.6785548134791613e-05,0.08199999999999719,-0.0003266530260340553,0.021741935483870968,-0.007867820613690273,-0.12195121951219924,0.0004385300472814506
25,3,842774,0,205,19.72,0.05,3.27,17.554,0.05561621444916566,-2.5004715005187083e-05,0.08199999999999719,-0.0003049355488437554,0.021096774193548388,0.0,0.12195121951219924,0.003029843963036
25,3,842815,0,205,19.61,0.06,3.37,17.595,0.05543641712978026,-2.282149165876346e-05,0.08200000000000074,-0.0002783108738873568,0.021741935483870968,0.0,0.12195121951219397,0.006019821558137077
25,3,842856,0,205,19.61,0.06,3.27,17.636,0.056109839816932905,-2.0386079531024227e-05,0.08300000000000196,-0.00024561541603643065,0.021096774193548388,-0.007773027594247771,-0.12048192771084047,0.016030122451229544
25,3,842898,0,205,19.5,0.05,3.27,17.678,0.05676691729323234,-1.8093782341071396e-05,0.08300000000000196,-0.00021799737760326468,0.021096774193548388,0.0,0.0,-0.001575442009948831
25,3,842939,0,205,19.5,0.06,3.27,17.719,0.05597907813010715,-1.6484118572734906e-05,0.08399999999999963,-0.00019623950681827356,0.021096774193548388,0.0,0.11904761904761951,-0.01895266115599535
25,3,842982,0,205,19.39,0.06,3.27,17.762,0.05517489375612874,-1.6047656804617727e-05,0.08399999999999963,-0.0001910435333883071,0.021096774193548388,0.0,0.0,-0.008989865969270955
25,3,843023,0,205,19.39,0.06,3.27,17.803,0.05522392938868839,-1.702051179349251e-05,0.08200000000000074,-0.00020756721699380923,0.021096774193548388,0.0,-0.12195121951219397,0.0005979955190201571
25,3,843064,0,205,19.28,0.05,3.27,17.844,0.05522392938868839,-1.9264500674443853e-05,0.08200000000000074,-0.00023493293505419123,0.021096774193548388,0.0,-0.12195121951219397,-0.0005979955190202416
25,3,843105,0,205,19.28,0.05,3.27,17.885,0.05517489375612873,-2.229682764283458e-05,0.08199999999999719,-0.00027191253222969935,0.021096774193548388,0.0,0.12195121951219924,0.009209130992911985
25,3,843146,0,205,19.17,0.06,3.27,17.926,0.05597907813010715,-2.5461866658742505e-05,0.08199999999999719,-0.00031051056900906557,0.021096774193548388,-0.00708103855232125,0.0,0.00841180363421824
25,3,843187,0,205,19.17,0.05,3.18,17.967,0.055864661654134604,-2.8162363151451153e-05,0.08200000000000074,-0.0003434434530664744,0.020516129032258065,-0.007081038552320943,0.0,-0.007175946228242731
25,3,843228,0,205,19.17,0.06,3.18,18.008,0.05539065053939124,-3.0029611460382188e-05,0.08200000000000074,-0.00036621477390709657,0.020516129032258065,0.0,0.0,-0.0049434296239004045
25,3,843269,0,205,19.06,0.05,3.18,18.049,0.05545930042497477,-3.094863239603596e-05,0.08200000000000074,-0.000377422346293118,0.020516129032258065,0.0,-0.12195121951219397,0.0018737192929300455
25,3,843310,0,205,18.95,0.05,3.18,18.09,0.055544295521411505,-3.095333780137954e-05,0.08399999999999963,-0.0003684921166830914,0.020516129032258065,0.0,0.11904761904761951,-0.014788524105294153
25,3,843353,0,205,18.95,0.06,3.18,18.133,0.05421706440013006,-3.009357364276877e-05,0.08399999999999963,-0.0003582568290805822,0.020516129032258065,0.0,0.11904761904761951,-0.014010180731331316
25,3,843394,0,205,18.84,0.06,3.18,18.174,0.05436744033997968,-2.8379981742122862e-05,0.08200000000000074,-0.0003460973383185684,0.020516129032258065,-0.007867820613689932,0.0,-0.0025514475478197766
25,3,843435,0,205,18.73,0.06,3.08,18.215,0.05400784570120884,-2.583918747177494e-05,0.08099999999999952,-0.0003190023144663592,0.019870967741935485,0.0,-0.12345679012345746,0.0028654567174780264
25,3,843475,0,205,18.73,0.05,3.18,18.255,0.0545995423340954,-2.2629555801671143e-05,0.08099999999999952,-0.0002793772321193985,0.020516129032258065,0.0,0.0,-0.002421512718995497
25,3,843516,0,205,18.73,0.06,3.08,18.296,0.053811703170970206,-1.913361378945e-05,0.08200000000000074,-0.00023333675352987592,0.019870967741935485,-0.007867820613689932,0.0,-0.011800444908665938
25,3,843557,0,205,18.62,0.05,3.08,18.337,0.05363190585158478,-1.5958002647981307e-05,0.08200000000000074,-0.00019460978839001418,0.019870967741935485,0.0,-0.12195121951219397,0.0030298439630358684
25,3,843598,0,205,18.62,0.05,3.08,18.378,0.05406015037593915,-1.3810762488463358e-05,0.08200000000000074,-0.000168423932786137,0.019870967741935485,0.0,0.0,0.0004385300472815162
25,3,843639,0,205,18.51,0.05,3.08,18.419,0.05366786531546187,-1.3279256980576194e-05,0.08200000000000074,-0.0001619421582997082,0.019870967741935485,0.0,0.0,-0.0017541201891260647
25,3,843680,0,205,18.51,0.05,3.08,18.46,0.05391631252043081,-1.458858730396706e-05,0.08500000000000085,-0.00017163043887019898,0.019870967741935485,0.0,0.0,-0.003422879449262465
25,3,843724,0,205,18.4,0.05,3.08,18.504,0.053376920562274555,-1.7447762417375222e-05,0.08500000000000085,-0.00020526779314558878,0.019870967741935485,0.0,0.11764705882352818,-0.015383727861853744
25,3,843765,0,205,18.4,0.06,3.08,18.545,0.05260869565217323,-2.1068453753384732e-05,0.08199999999999719,-0.00025693236284616406,0.019870967741935485,0.0,0.0,-0.010524721134756422
25,3,843806,0,205,18.29,0.05,3.08,18.586,0.05251389342922456,-2.438035067157651e-05,0.08199999999999719,-0.0002973213496533823,0.019870967741935485,0.0,0.0,-0.007335411699981774
25,3,843847,0,205,18.29,0.06,3.08,18.627,0.052007191892774744,-2.63889687381762e-05,0.08200000000000074,-0.00032181669192897516,0.019870967741935485,-0.007867820613689973,0.0,-0.006378618869549188
25,3,843888,0,205,18.18,0.05,2.98,18.668,0.05199084668192152,-2.6546616249072398e-05,0.08200000000000074,-0.0003237392225496605,0.0192258064516129,-0.007867820613689973,0.0,-0.005421826039116751
25,3,843929,0,205,18.18,0.06,2.98,18.709,0.05156260215756717,-2.497259578175237e-05,0.08200000000000074,-0.00030454385099697737,0.0192258064516129,0.0,0.0,0.0019534520287994503
25,3,843970,0,205,18.18,0.05,2.98,18.75,0.052151029748283076,-2.2408023000471732e-05,0.08200000000000074,-0.0002732685731764821,0.0192258064516129,0.0,-0.12195121951219397,0.01574721533419933
25,3,844011,0,205,18.07,0.05,2.98,18.791,0.05285387381497152,-1.99165029796724e-05,0.08200000000000074,-0.00024288418267892953,0.0192258064516129,0.0,0.0,0.014351892456485545
25,3,844052,0,205,18.07,0.05,2.98,18.832,0.0533278849297149,-1.846642017776823e-05,0.08200000000000074,-0.00022520024607034222,0.0192258064516129,0.0,0.0,0.008770600945630154
25,3,844093,0,205,17.96,0.05,2.98,18.873,0.0535730630925132,-1.8575474254986625e-05,0.08399999999999963,-0.00022113659827365127,0.0192258064516129,0.0,0.0,0.0031133734958513487
25,3,844136,0,205,17.85,0.05,2.98,18.916,0.05358940830336641,-2.0154917601399534e-05,0.08399999999999963,-0.00023993949525475742,0.0192258064516129,0.0,0.0,-0.002335030121888594
25,3,844177,0,205,17.85,0.05,2.98,18.957,0.05337692056227456,-2.26019605258041e-05,0.08200000000000074,-0.000275633664948828,0.0192258064516129,0.0,0.0,-0.0037873049537946665
25,3,844218,0,205,17.85,0.05,2.98,18.998,0.05327884929715525,-2.5090828322302806e-05,0.08200000000000074,-0.00030598571124759244,0.0192258064516129,-0.007867820613689932,0.12195121951219397,-0.007813808115197718
25,3,844259,0,205,17.73,0.06,2.88,19.039,0.05273618829682834,-2.6928782680268436e-05,0.08199999999999719,-0.00032839978878377267,0.01858064516129032,-0.007867820613690273,0.12195121951219924,-0.0012358574059752817
25,3,844300,0,205,17.73,0.06,2.88,19.08,0.05317750898986528,-2.780799824251323e-05,0.08199999999999719,-0.00033912192978675834,0.01858064516129032,0.0,0.0,0.011760578540731703
25,3,844341,0,205,17.62,0.06,2.88,19.121,0.05370055573716831,-2.7836311904980704e-05,0.08200000000000074,-0.0003394672183534202,0.01858064516129032,0.0,0.0,0.020571045854295925
25,3,844382,0,205,17.62,0.06,2.88,19.162,0.05486433474991756,-2.7356755774667008e-05,0.08200000000000074,-0.00033361897286178976,0.01858064516129032,0.0,-0.12195121951219397,0.018777059297235284
25,3,844423,0,205,17.51,0.05,2.88,19.203,0.05524027459954162,-2.6684738133179396e-05,0.08200000000000074,-0.00032542363577047753,0.01858064516129032,0.0,-0.12195121951219397,0.006378618869549188
25,3,844464,0,205,17.51,0.05,2.88,19.244,0.0553873814972206,-2.5921453715317176e-05,0.08500000000000085,-0.0003049582790037284,0.01858064516129032,0.0,0.0,0.000769186393092675
25,3,844508,0,205,17.4,0.05,2.88,19.288,0.055305655442954495,-2.4935849292830437e-05,0.08500000000000085,-0.0002933629328568257,0.01858064516129032,-0.007590132827324397,0.0,-0.0046151183585561315
25,3,844549,0,205,17.4,0.05,2.78,19.329,0.05499509643674332,-2.3502170851617433e-05,0.08200000000000074,-0.00028661183965386855,0.01793548387096774,0.0,0.0,-0.010365255663017325
25,3,844590,0,205,17.29,0.05,2.88,19.37,0.054455704478587066,-2.1501928598077758e-05,0.08200000000000074,-0.0002622186414399703,0.01858064516129032,0.0,0.12195121951219397,-0.01594654717387297
25,3,844631,0,205,17.29,0.06,2.78,19.411,0.05368747956848573,-1.9081601895473365e-05,0.08200000000000074,-0.000232702462139917,0.01793548387096774,-0.007867820613689932,0.12195121951219397,-0.02152783868472836
25,3,844672,0,205,17.18,0.06,2.78,19.452,0.052690421706439325,-1.668800437413376e-05,0.08099999999999952,-0.00020602474535967726,0.01793548387096774,0.0,0.0,-0.01630485230790327
25,3,844712,0,205,17.18,0.06,2.78,19.492,0.05236678653154557,-1.4953605055513908e-05,0.08099999999999952,-0.0001846124080927654,0.01793548387096774,0.0,-0.12345679012345746,-0.006174857433438496
25,3,844753,0,205,17.07,0.05,2.78,19.533,0.05219025825433081,-1.4463961023656769e-05,0.08200000000000074,-0.0001763897685811785,0.01793548387096774,0.0,-0.12195121951219397,-0.0021129175005380066
25,3,844794,0,205,17.18,0.05,2.78,19.574,0.05219352729650145,-1.549758188210548e-05,0.08199999999999719,-0.00018899490100129283,0.01793548387096774,0.0,0.0,0.0026710466516237886
25,3,844835,0,205,17.07,0.05,2.78,19.615,0.05240928407976395,-1.785396646916837e-05,0.08399999999999963,-0.00021254721987105297,0.01793548387096774,0.0,0.0,-0.002685284640171933
25,3,844878,0,205,16.96,0.05,2.78,19.658,0.05196796338672701,-2.0859032985515393e-05,0.08400000000000318,-0.0002483218212561262,0.01793548387096774,0.0,0.0,-0.011675150609442311
25,3,844919,0,205,16.96,0.05,2.78,19.699,0.05142857142857076,-2.3571814642473042e-05,0.08199999999999719,-0.0002874611541765104,0.01793548387096774,0.0,0.0,-0.014351892456486083
25,3,844960,0,205,16.96,0.05,2.78,19.74,0.05079110820529519,-2.5134570713656323e-05,0.08199999999999719,-0.0003065191550445998,0.01793548387096774,-0.007867820613690273,0.0,-0.016743874532567152
25,3,845001,0,205,16.85,0.05,2.68,19.781,0.0500555737169003,-2.5131776452995246e-05,0.08200000000000074,-0.0003064850786950612,0.01729032258064516,-0.007867820613689932,0.0,-0.019135856608647396
25,3,845042,0,205,16.74,0.05,2.68,19.822,0.04922196796338609,-2.3789806938673052e-05,0.08200000000000074,-0.0002901195968130834,0.01729032258064516,0.0,0.0,-0.01052472113475605
25,3,845083,0,205,16.74,0.05,2.68,19.863,0.0491925465838503,-2.1901820421989625e-05,0.08300000000000196,-0.0002638773544817965,0.01729032258064516,0.0,0.0,0.0026388653666643965
25,3,845125,0,205,16.74,0.05,2.68,19.905,0.04944099378881924,-2.0493244724803182e-05,0.08300000000000196,-0.0002469065629494301,0.01729032258064516,0.0,0.0,0.00972835441143422
25,3,845166,0,205,16.63,0.05,2.68,19.946,0.04999999999999936,-2.0373157226047045e-05,0.08199999999999719,-0.00024845313690302124,0.01729032258064516,0.0,0.0,0.006817148916830915
25,3,845207,0,205,16.63,0.05,2.68,19.987,0.04999999999999936,-2.1765698480111785e-05,0.08399999999999963,-0.00025911545809657,0.01729032258064516,0.0,0.0,0.0
25,3,845250,0,205,16.63,0.05,2.68,20.03,0.04999999999999936,-2.4173225322082102e-05,0.08400000000000318,-0.0002877764919295379,0.01729032258064516,0.0,0.0,0.0
25,3,845291,0,205,16.52,0.05,2.68,20.071,0.04999999999999936,-2.6529927260001695e-05,0.08199999999999719,-0.0003235356982927147,0.01729032258064516,0.0,0.0,0.0
25,3,845332,0,205,16.41,0.05,2.68,20.112,0.04999999999999936,-2.759728052940469e-05,0.08199999999999719,-0.00033655220157811753,0.01729032258064516,-0.007867820613690273,0.0,0.0
25,3,845373,0,205,16.41,0.05,2.58,20.153,0.04999999999999936,-2.6454553752107924e-05,0.08300000000000196,-0.0003187295632784012,0.01664516129032258,-0.007773027594247771,0.0,0.0
25,3,845415,0,205,16.41,0.05,2.58,20.195,0.04999999999999936,-2.2886092069334118e-05,0.08300000000000196,-0.0002757360490281154,0.01664516129032258,0.0,0.0,0.0
25,3,845456,0,205,16.3,0.05,2.58,20.236,0.04999999999999936,-1.7505507736052196e-05,0.08200000000000074,-0.0002134818016591712,0.01664516129032258,0.0,0.0,0.0
25,3,845497,0,205,16.3,0.05,2.58,20.277,0.04999999999999936,-1.1578317122980853e-05,0.08200000000000074,-0.00014119898930464326,0.01664516129032258,0.0,0.0,0.0
25,3,845538,0,205,16.19,0.05,2.58,20.318,0.04999999999999936,-6.632741808475285e-06,0.08200000000000074,-8.088709522530762e-05,0.01664516129032258,0.0,0.0,0.0
25,3,845579,0,205,16.19,0.05,2.58,20.359,0.04999999999999936,-4.00763283257799e-06,0.08399999999999963,-4.770991467354771e-05,0.01664516129032258,0.0,0.0,0.0
25,3,845622,0,205,16.19,0.05,2.58,20.402,0.04999999999999936,-4.471079127073008e-06,0.08399999999999963,-5.3227132465155094e-05,0.01664516129032258,0.0,0.0,0.0
25,3,845663,0,205,16.08,0.05,2.58,20.443,0.04999999999999936,-7.997042491349138e-06,0.08200000000000074,-9.752490843108617e-05,0.01664516129032258,0.0,0.0,0.0
25,3,845704,0,205,16.08,0.05,2.58,20.484,0.04999999999999936,-1.3744331026071865e-05,0.08199999999999719,-0.00016761379300088216,0.01664516129032258,0.0,0.0,0.0
25,3,845745,0,205,15.97,0.05,2.58,20.525,0.04999999999999936,-2.0247158668385e-05,0.08199999999999719,-0.00024691656912665484,0.01664516129032258,0.0,0.0,0.0
25,3,845786,0,205,15.97,0.05,2.58,20.566,0.04999999999999936,-2.578925997710879e-05,0.08200000000000074,-0.0003145031704525434,0.01664516129032258,0.0,0.0,0.0
25,3,845827,0,205,15.97,0.05,2.58,20.607,0.04999999999999936,-2.8884081333811817e-05,0.08200000000000074,-0.0003522448943147751,0.01664516129032258,-0.007867820613689932,0.0,0.0
25,3,845868,0,205,15.86,0.05,2.48,20.648,0.04999999999999936,-2.8727470568995274e-05,0.08099999999999952,-0.0003546601304814252,0.016,-0.007964954201513384,0.0,0.0
25,3,845908,0,205,15.75,0.05,2.48,20.688,0.04999999999999936,-2.5461958789037008e-05,0.08099999999999952,-0.00031434517023502665,0.016,0.0,0.0,0.0
25,3,845949,0,205,15.75,0.05,2.48,20.729,0.04999999999999936,-2.01392270856271e-05,0.08399999999999963,-0.00023975270340032364,0.016,0.0,0.0,0.0
25,3,845992,0,205,15.75,0.05,2.48,20.772,0.04999999999999936,-1.4387045184208969e-05,0.08399999999999963,-0.0001712743474310599,0.016,0.0,0.0,0.0
25,3,846033,0,205,15.75,0.05,2.48,20.813,0.04999999999999936,-9.906806384246903e-06,0.08200000000000074,-0.00012081471200300992,0.016,0.0,0.0,-0.0068171489168306195
25,3,846074,0,205,15.64,0.05,2.48,20.854,0.04944099378881924,-7.975158086317436e-06,0.08200000000000074,-9.725802544289468e-05,0.016,0.0,0.0,-0.0030298439630358684
25,3,846115,0,205,15.64,0.05,2.48,20.895,0.049751552795030414,-9.09401069500504e-06,0.08200000000000074,-0.00011090256945127997,0.016,0.0,0.0,0.007175946228242731
25,3,846156,0,205,15.53,0.05,2.48,20.936,0.05002942137953515,-1.287146403120376e-05,0.08200000000000074,-0.00015696907355126395,0.016,0.0,0.0,0.006378618869549019
25,3,846197,0,205,15.53,0.05,2.48,20.977,0.05027459954233344,-1.8155500453062246e-05,0.08200000000000074,-0.0002214085421105132,0.016,0.0,0.0,0.005581291510855476
25,3,846238,0,205,15.53,0.05,2.48,21.018,0.050487087283425304,-2.338717631234166e-05,0.08200000000000074,-0.0002852094672236762,0.016,0.0,0.0,0.004783964152161933
25,3,846279,0,205,15.42,0.05,2.48,21.059,0.05066688460281072,-2.708294693706481e-05,0.08200000000000074,-0.00033027984069590937,0.016,-0.007867820613689952,0.0,0.003986636793468222
25,3,846320,0,205,15.42,0.05,2.38,21.1,0.0508139915004897,-2.830058294883786e-05,0.0849999999999973,-0.0003329480346922207,0.015354838709677418,-0.007590132827324734,0.0,0.0030767455723709103
25,3,846364,0,205,15.31,0.05,2.38,21.144,0.05092840797646224,-2.6922193602530787e-05,0.0849999999999973,-0.0003167316894415487,0.015354838709677418,0.0,0.0,0.0023075591792781213
25,3,846405,0,205,15.31,0.05,2.38,21.185,0.051010134030728335,-2.3643316742530286e-05,0.08200000000000074,-0.0002883331310064643,0.015354838709677418,0.0,0.0,0.0015946547173872547
25,3,846446,0,205,15.2,0.05,2.38,21.226,0.051059169663287995,-1.9682254465012594e-05,0.08200000000000074,-0.00024002749347576117,0.015354838709677418,0.0,0.12195121951219397,0.0007973273586936273
25,3,846487,0,205,15.2,0.06,2.38,21.267,0.05107551487414121,-1.634340791264455e-05,0.08200000000000074,-0.0001993098525932244,0.015354838709677418,0.0,0.0,0.0
25,3,846528,0,205,15.2,0.05,2.38,21.308,0.051059169663287995,-1.4607510588991346e-05,0.08200000000000074,-0.00017814037303647823,0.015354838709677418,0.0,-0.12195121951219397,-0.0007973273586936273
25,3,846569,0,205,15.09,0.05,2.38,21.349,0.051010134030728335,-1.4875673177382253e-05,0.08200000000000074,-0.00018141064850465998,0.015354838709677418,0.0,0.0,-0.0015946547173872547
25,3,846610,0,205,15.09,0.05,2.38,21.39,0.05092840797646224,-1.6910307647520993e-05,0.08200000000000074,-0.0002062232639941566,0.015354838709677418,-0.007867820613689932,0.0,-0.002391982076080882
25,3,846651,0,205,14.98,0.05,2.28,21.431,0.0508139915004897,-1.994276244283544e-05,0.08200000000000074,-0.00024320442003457633,0.014709677419354838,0.0,0.0,-0.003189309434774594
25,3,846692,0,205,14.98,0.05,2.38,21.472,0.05066688460281072,-2.288745795637759e-05,0.08200000000000074,-0.0002791153409314315,0.015354838709677418,0.007867820613689932,0.0,-0.003986636793468222
25,3,846733,0,205,14.98,0.05,2.38,21.513,0.050487087283425304,-2.4616165045108663e-05,0.08399999999999963,-0.0002930495838703425,0.015354838709677418,-0.007680491551459322,0.0,-0.004670060243777188
25,3,846776,0,205,14.87,0.05,2.28,21.556,0.05027459954233344,-2.425702890948811e-05,0.08399999999999963,-0.0002887741536843835,0.014709677419354838,-0.007680491551459322,0.0,-0.005448403617739943
25,3,846817,0,205,14.76,0.05,2.28,21.597,0.05002942137953515,-2.145319433969606e-05,0.08200000000000074,-0.0002616243212158032,0.014709677419354838,0.0,0.0,-0.006378618869549019
25,3,846858,0,205,14.87,0.05,2.28,21.638,0.049751552795030414,-1.6488300219567263e-05,0.08199999999999719,-0.00020107683194594913,0.014709677419354838,0.0,0.0,-0.0071759462282430415
25,3,846899,0,205,14.76,0.05,2.28,21.679,0.04944099378881924,-1.0226038329570918e-05,0.08199999999999719,-0.0001247077845069667,0.014709677419354838,0.0,0.0,0.003029843963036
25,3,846940,0,205,14.76,0.05,2.28,21.72,0.04999999999999936,-3.896590345016105e-06,0.08200000000000074,-4.7519394451415484e-05,0.014709677419354838,0.0,0.0,0.0068171489168306195
25,3,846981,0,205,14.76,0.05,2.28,21.761,0.04999999999999936,1.1847966859552806e-06,0.08200000000000074,1.4448740072625242e-05,0.014709677419354838,0.0,0.0,0.0
25,3,847022,0,205,14.65,0.05,2.28,21.802,0.04999999999999936,3.890342137257808e-06,0.08200000000000074,4.7443196795826494e-05,0.014709677419354838,0.0,0.0,0.0
25,3,847063,0,205,14.65,0.05,2.28,21.843,0.04999999999999936,3.500984070122115e-06,0.08200000000000074,4.2694927684415656e-05,0.014709677419354838,0.0,0.0,0.0
25,3,847104,0,205,14.54,0.05,2.28,21.884,0.04999999999999936,-1.4190578724138093e-07,0.08399999999999963,-1.689354610016447e-06,0.014709677419354838,0.0,0.0,0.0
25,3,847147,0,205,14.54,0.05,2.28,21.927,0.04999999999999936,-6.567237099281087e-06,0.08299999999999841,-7.912333854555678e-05,0.014709677419354838,0.0,0.0,0.0
25,3,847187,0,205,14.54,0.05,2.28,21.967,0.04999999999999936,-1.470538924359932e-05,0.08099999999999952,-0.0001815480153530791,0.014709677419354838,0.0,0.0,0.0
25,3,847228,0,205,14.43,0.05,2.28,22.008,0.04999999999999936,-2.3040373416427506e-05,0.08200000000000074,-0.00028098016361496707,0.014709677419354838,0.0,0.0,0.0
25,3,847269,0,205,14.43,0.05,2.28,22.049,0.04999999999999936,-2.9889530628834483e-05,0.08200000000000074,-0.00036450647108334406,0.014709677419354838,0.0,0.0,0.0
25,3,847310,0,205,14.43,0.05,2.28,22.09,0.04999999999999936,-3.377753238387537e-05,0.08300000000000196,-0.00040695822149246474,0.014709677419354838,-0.00777302759424775,0.0,0.0
25,3,847352,0,205,14.32,0.05,2.18,22.132,0.04999999999999936,-3.381312229225664e-05,0.08299999999999841,-0.0004073870155693649,0.01406451612903226,-0.007773027594248082,0.0,0.0
25,3,847393,0,205,14.32,0.05,2.18,22.173,0.04999999999999936,-2.993806552633904e-05,0.08199999999999719,-0.0003650983600773179,0.01406451612903226,0.0,0.0,0.0
25,3,847434,0,205,14.32,0.05,2.18,22.214,0.04999999999999936,-2.294697892905484e-05,0.08200000000000074,-0.00027984120645188577,0.01406451612903226,0.0,0.0,0.0
25,3,847475,0,205,14.21,0.05,2.18,22.255,0.04999999999999936,-1.4274506703697564e-05,0.08399999999999963,-0.00016993460361544794,0.01406451612903226,0.0,0.0,0.0
25,3,847518,0,205,14.21,0.05,2.18,22.298,0.04999999999999936,-5.644178153750623e-06,0.08399999999999963,-6.719259706846009e-05,0.01406451612903226,0.0,0.0,0.0
25,3,847559,0,205,14.21,0.05,2.18,22.339,0.04999999999999936,1.297067327369561e-06,0.08200000000000074,1.5817894236214016e-05,0.01406451612903226,0.0,0.0,0.0
25,3,847600,0,205,14.1,0.05,2.18,22.38,0.04999999999999936,5.272338551323585e-06,0.08200000000000074,6.429681160150656e-05,0.01406451612903226,0.0,0.0,0.0
25,3,847641,0,205,14.1,0.05,2.18,22.421,0.04999999999999936,5.565365306980041e-06,0.08200000000000074,6.787030862170721e-05,0.01406451612903226,0.0,0.0,0.0
25,3,847682,0,205,13.99,0.05,2.18,22.462,0.04999999999999936,2.1123772705351484e-06,0.08200000000000074,2.5760698421160116e-05,0.01406451612903226,0.0,0.0,0.0
25,3,847723,0,205,13.99,0.05,2.18,22.503,0.04999999999999936,-4.492978050445018e-06,0.08200000000000074,-5.4792415249328995e-05,0.01406451612903226,0.0,0.0,0.0
25,3,847764,0,205,13.88,0.05,2.18,22.544,0.04999999999999936,-1.3079363201347949e-05,0.08299999999999841,-0.00015758268917286986,0.01406451612903226,0.0,0.0,0.0
25,3,847806,0,205,13.99,0.05,2.18,22.586,0.04999999999999936,-2.207041760053485e-05,0.08299999999999841,-0.0002659086457895816,0.01406451612903226,0.0,0.0,0.0
25,3,847847,0,205,13.77,0.05,2.18,22.627,0.04999999999999936,-2.9754387733071487e-05,0.08400000000000318,-0.00035421890158417093,0.01406451612903226,0.0,0.0,0.0
25,3,847890,0,205,13.88,0.05,2.18,22.67,0.04999999999999936,-3.462417768322679e-05,0.08399999999999963,-0.0004121925914669874,0.01406451612903226,-0.007680491551459343,0.0,0.0
25,3,847931,0,205,13.77,0.05,2.08,22.711,0.04999999999999936,-3.5710196795095236e-05,0.08199999999999719,-0.0004354902048182495,0.013419354838709678,-0.007867820613690294,0.0,0.0
25,3,847972,0,205,13.77,0.05,2.08,22.752,0.04999999999999936,-3.279349153999078e-05,0.08200000000000074,-0.00039992062853646935,0.013419354838709678,0.0,0.0,0.0
25,3,848013,0,205,13.77,0.05,2.08,22.793,0.04999999999999936,-2.6415880972440408e-05,0.08200000000000074,-0.00032214488990780696,0.013419354838709678,0.0,0.0,0.0
25,3,848054,0,205,13.66,0.05,2.08,22.834,0.04999999999999936,-1.7697045873339422e-05,0.08300000000000196,-0.00021321742016071089,0.013419354838709678,0.0,0.0,0.0
25,3,848096,0,205,13.66,0.05,2.08,22.876,0.04999999999999936,-8.057265839378047e-06,0.08300000000000196,-9.707549204069707e-05,0.013419354838709678,0.0,0.0,0.0
25,3,848137,0,205,13.66,0.05,2.08,22.917,0.04999999999999936,1.0386715254231404e-06,0.08199999999999719,1.2666725919794831e-05,0.013419354838709678,0.0,0.0,0.0
25,3,848178,0,205,13.55,0.05,2.08,22.958,0.04999999999999936,8.252996423712578e-06,0.08199999999999719,0.00010064629785015685,0.013419354838709678,0.0,0.0,8.12358310701362e-15
25,3,848219,0,205,13.55,0.05,2.08,22.999,0.050000000000000024,1.2466904905123588e-05,0.08400000000000318,0.000148415534584799,0.013419354838709678,0.0,0.0,7.847558581799544e-15
25,3,848262,0,205,13.44,0.05,2.08,23.042,0.05000000000000002,1.2839965580591083e-05,0.08900000000000219,0.0001442692761864131,0.013419354838709678,0.0,0.0,-7.796510004389953e-17
25,3,848308,0,205,13.44,0.05,2.08,23.088,0.05000000000000002,8.887948792729805e-06,0.08799999999999741,0.0001009994180992053,0.013419354838709678,0.0,0.0,0.0
25,3,848350,0,205,13.44,0.05,2.08,23.13,0.05000000000000002,6.024575892560335e-07,0.08299999999999841,7.258525171759579e-06,0.013419354838709678,0.0,0.0,0.0
25,3,848391,0,205,13.44,0.05,2.08,23.171,0.05000000000000002,-1.1409369546027114e-05,0.08200000000000074,-0.0001391386530003294,0.013419354838709678,0.0,0.0,-8.462065736472153e-17
25,3,848432,0,205,13.33,0.05,2.08,23.212,0.05000000000000001,-2.5831575290217845e-05,0.08200000000000074,-0.0003150192108563123,0.013419354838709678,0.0,0.0,-8.462065736472153e-17
25,3,848473,0,205,13.33,0.05,2.08,23.253,0.05000000000000001,-4.068363102027694e-05,0.08200000000000074,-0.0004961418417106899,0.013419354838709678,0.0,0.0,0.0
25,3,848514,0,205,13.33,0.05,2.08,23.294,0.05000000000000001,-5.3578568863688056e-05,0.08200000000000074,-0.0006533971812644826,0.013419354838709678,0.0,0.0,0.0
25,3,848555,0,205,13.33,0.05,2.08,23.335,0.05000000000000001,-6.22034308043824e-05,0.08099999999999952,-0.0007679435901775651,0.013419354838709678,-0.007964954201513405,0.0,-8.566535683836136e-17
25,3,848595,0,205,13.22,0.05,1.98,23.375,0.05,0.0,0.0,0.0,0.012774193548387096,0.0,0.0,0.0
