MS,MPT,t (ms),PWMi,PWMe,Pressure (Psi),LW raw(V),Displacement (mm),t_rel(s),LW (V),delta d (m),delta t (s),vel (m/s),strain,strain rate (1/s),dv/dt raw,dv/dt
25,4,848697,0,205,13.22,0.05,1.98,0.0,-0.02520139281008822,0.0,0.0,0.0,0.0,0.0,0.0,0.0
25,4,848738,255,0,13.11,0.05,1.98,0.041,0.039154903067946695,0.002749504199781695,0.083,0.03312655662387584,0.012774193548387096,0.007773027594247975,0.0,1.5139048869853073
25,4,848780,255,0,16.19,0.05,2.08,0.083,0.1004527128096923,0.0031649965500983824,0.08299999999999999,0.0381324885554022,0.013419354838709678,0.17800233190827827,0.3614457831325302,1.4381776464432017
25,4,848821,255,0,32.6,0.08,4.27,0.124,0.15852364772273242,0.0036997575939732357,0.082,0.04511899504845409,0.02754838709677419,0.4531864673485444,1.219512195121951,1.374958613475105
25,4,848862,255,0,47.69,0.15,7.84,0.165,0.21319931911465093,0.004178389426698265,0.08199999999999999,0.05095596861827153,0.05058064516129032,0.5696302124311566,1.951219512195122,1.290093787442674
25,4,848903,255,0,57.93,0.24,11.51,0.206,0.26431133829303166,0.004444618481604881,0.08299999999999999,0.053549620260299774,0.07425806451612903,0.5013602798289934,2.2891566265060246,1.1866505716964757
25,4,848945,255,0,64.65,0.34,14.29,0.248,0.3116913165654584,0.004406781503744432,0.08299999999999999,0.05309375305716184,0.09219354838709677,0.36999611348620304,1.9277108433734946,1.0946930957407648
25,4,848986,255,0,69.49,0.4,16.27,0.289,0.35517086523951513,0.004057266929712954,0.08400000000000002,0.048300796782297054,0.10496774193548387,0.2588325652841782,1.309523809523809,0.9867890363967523
25,4,849029,255,0,73.13,0.45,17.66,0.332,0.3945815956227856,0.0034635053901226893,0.08500000000000002,0.040747122236737515,0.11393548387096775,0.18064516129032243,0.8235294117647051,0.8774618092157468
25,4,849071,255,0,75.88,0.47,18.65,0.374,0.4297551190228536,0.00273881834674307,0.08299999999999996,0.03299781140654303,0.12032258064516128,0.13913719393703852,0.4819277108433735,0.7944753147531503
25,4,849112,255,0,77.97,0.49,19.45,0.415,0.46052304674729705,0.00200636187370187,0.08200000000000002,0.02446782772807158,0.12548387096774194,0.1093627065302911,0.36585365853658564,0.7365275233779218
25,4,849153,255,0,79.96,0.5,20.04,0.456,0.49015037593984323,0.0013682394659089638,0.08100000000000002,0.016891845258135352,0.12929032258064516,0.08681800079649539,0.12345679012345688,0.6279789651261725
25,4,849193,255,0,81.61,0.5,20.54,0.496,0.511389342922517,0.0008870358868859327,0.08100000000000002,0.010951060331925094,0.13251612903225807,0.0788530465949821,0.12345679012345688,0.41262576731683737
25,4,849234,255,0,83.04,0.51,21.03,0.537,0.5235730630925071,0.0005814437784861432,0.08199999999999996,0.007090777786416385,0.1356774193548387,0.07002360346184118,0.12195121951219529,0.20742471236415364
25,4,849275,255,0,84.47,0.51,21.43,0.578,0.5283981693363776,0.00043332550871673093,0.08199999999999996,0.00528445742337477,0.13825806451612904,0.055074744295830085,0.12195121951219529,0.04915523166346342
25,4,849316,255,0,85.68,0.52,21.73,0.619,0.5276037920889111,0.00040132045430442886,0.08200000000000007,0.004894151881761323,0.14019354838709677,0.055074744295829675,0.12195121951219512,-0.04074342802924642
25,4,849357,255,0,86.89,0.52,22.13,0.66,0.5250572082379794,0.0004358935828433168,0.08499999999999996,0.00512815979815667,0.14277419354838708,0.044781783681214334,0.0,-0.04472818875834011
25,4,849401,255,0,88.0,0.52,22.32,0.704,0.5238018960444522,0.000491891817961374,0.08499999999999996,0.005786962564251461,0.144,0.04478178368121466,0.0,-0.017152856565965893
25,4,849442,255,0,89.1,0.52,22.72,0.745,0.5235992154298723,0.0005364426079323934,0.08200000000000007,0.006541983023565767,0.14658064516129032,0.0472069236821404,0.0,0.0062191533978104285
25,4,849483,255,0,89.98,0.52,22.92,0.786,0.5243118666230726,0.0005517629508186204,0.08199999999999996,0.006728816473397813,0.1478709677419355,0.03147128245476019,0.0,0.01367416420159552
25,4,849524,255,0,90.97,0.52,23.12,0.827,0.5247204968944031,0.0005337752259420298,0.08199999999999996,0.006509453974902806,0.14916129032258066,0.03147128245475986,0.0,0.005820489718464169
25,4,849565,255,0,91.85,0.52,23.32,0.868,0.5247891467799867,0.00048817286455629373,0.08200000000000007,0.005953327616540162,0.1504516129032258,0.030684500393390986,0.12195121951219512,0.011122716653777228
25,4,849606,255,0,92.62,0.53,23.51,0.909,0.5256325596600129,0.00042569645629250984,0.08199999999999996,0.005191420198689147,0.15167741935483872,0.030684500393391028,0.12195121951219529,0.004584632312488168
25,4,849647,255,0,93.39,0.53,23.71,0.95,0.5251650866296107,0.00035797555062675455,0.08199999999999996,0.004365555495448229,0.15296774193548388,0.03147128245475986,-0.12195121951219529,-0.006577950709223567
25,4,849688,255,0,94.05,0.52,23.91,0.991,0.5250931677018565,0.0002946407668163573,0.08200000000000007,0.0035931800831263054,0.15425806451612903,0.0236034618410702,0.0,-0.004544765944553671
25,4,849729,255,0,94.71,0.53,24.01,1.032,0.5247924158221573,0.00024183570516841967,0.08500000000000008,0.002845125943157876,0.15490322580645163,0.01518026565464885,0.11764705882352941,7.691863930890085e-05
25,4,849773,255,0,95.26,0.53,24.11,1.076,0.5250997057861978,0.0002019305125123232,0.08499999999999996,0.002375653088380274,0.15554838709677418,0.015180265654648872,0.0,0.007422648693344208
25,4,849814,255,0,95.82,0.53,24.21,1.117,0.5254233409610916,0.00017412016041897261,0.08199999999999985,0.0021234165904752797,0.1561935483870968,0.01573564122737995,-0.12195121951219545,0.007694209011394751
25,4,849855,255,0,96.15,0.52,24.31,1.158,0.5257306309251322,0.00015554969934507311,0.08200000000000007,0.001896947552988695,0.15683870967741934,0.015735641227379908,-0.12195121951219512,0.006896881652700842
25,4,849896,255,0,96.48,0.52,24.41,1.199,0.525988885256613,0.00014258413438532713,0.08200000000000007,0.0017388309071381342,0.15748387096774194,0.015735641227380245,0.0,0.012119375852143573
25,4,849937,255,0,96.7,0.52,24.51,1.24,0.5267244197450079,0.00013187398501636593,0.08199999999999985,0.0016082193294678802,0.15812903225806452,0.007867820613689975,0.12195121951219545,0.012757237739098176
25,4,849978,255,0,96.81,0.53,24.51,1.281,0.5270349787512191,0.00012100315270804529,0.08200000000000007,0.0014756482037566485,0.15812903225806452,0.007867820613689954,0.0,-0.004425166840750196
25,4,850019,255,0,96.92,0.52,24.61,1.322,0.5263615560640664,0.00010869888243444947,0.08300000000000018,0.0013096250895716774,0.1587741935483871,0.007773027594247895,0.0,0.0
25,4,850061,255,0,97.03,0.53,24.61,1.364,0.5270349787512191,9.472834451258195e-05,0.08299999999999996,0.001141305355573277,0.1587741935483871,0.007773027594247916,0.12048192771084354,0.008507386853723391
25,4,850102,255,0,96.92,0.53,24.71,1.405,0.5270676691729255,7.963925022399109e-05,0.08399999999999985,0.0009480863121903718,0.15941935483870967,0.00768049155145926,0.0,-0.006849421690873279
25,4,850145,255,0,97.03,0.53,24.71,1.448,0.5264596273291857,6.445587657904284e-05,0.08400000000000007,0.0007673318640362235,0.15941935483870967,0.0,0.0,-0.005098149099455999
25,4,850186,255,0,97.03,0.53,24.71,1.489,0.5266394246485712,5.038736459668058e-05,0.08200000000000007,0.0006144800560570797,0.15941935483870967,0.007081038552321127,0.0,0.007175946228242281
25,4,850227,255,0,97.03,0.53,24.8,1.53,0.5270480549199016,3.856849895505121e-05,0.08199999999999985,0.0004703475482323327,0.16,0.007081038552321147,0.0,0.012757237739098176
25,4,850268,255,0,97.03,0.53,24.8,1.571,0.5276855181431772,2.982746408087422e-05,0.08200000000000007,0.0003637495619618804,0.16,0.0,0.0,0.0073354116999816005
25,4,850309,255,0,97.03,0.53,24.8,1.612,0.5276495586793001,2.4477533660469676e-05,0.08299999999999996,0.0002949100441020444,0.16,0.0,-0.12048192771084354,-0.002638865366663791
25,4,850351,255,0,97.03,0.52,24.8,1.654,0.5274664923177441,2.217833976487782e-05,0.08299999999999996,0.0002672089128298534,0.16,0.0,-0.12048192771084354,-0.00657747039153588
25,4,850392,255,0,97.03,0.52,24.8,1.695,0.5271036286368026,2.1962061392390098e-05,0.08200000000000007,0.0002678300169803668,0.16,0.0,0.12195121951219512,-0.0004385300472821121
25,4,850433,255,0,97.03,0.53,24.8,1.736,0.527430532853867,2.249592915980969e-05,0.08099999999999996,0.0002777275204914778,0.16,0.0,0.0,-0.0014529076313972047
25,4,850473,255,0,97.03,0.52,24.8,1.776,0.5269859431186594,2.2540926930393113e-05,0.08299999999999996,0.0002715774328963027,0.16,0.007773027594247916,0.0,0.003938605024872088
25,4,850516,255,0,97.03,0.53,24.9,1.819,0.5277574370709314,2.143006259644764e-05,0.08400000000000007,0.00025511979281485266,0.16064516129032258,0.0076804915514592405,0.11904761904761904,0.015839287660143343
25,4,850557,255,0,97.03,0.53,24.9,1.86,0.5283164432821115,1.932440661736834e-05,0.08200000000000007,0.00023566349533376004,0.16064516129032258,0.0,0.0,0.0046244986804226534
25,4,850598,255,0,97.03,0.53,24.9,1.901,0.528136645962726,1.708802359753747e-05,0.08299999999999996,0.0002058798023799696,0.16064516129032258,0.0,0.0,-0.0023631630149240556
25,4,850640,255,0,97.03,0.53,24.9,1.943,0.5281203007518728,1.58352771599084e-05,0.08299999999999996,0.0001907864718061254,0.16064516129032258,-0.007773027594247916,0.0,0.0015754420099493706
25,4,850681,255,0,97.03,0.53,24.8,1.984,0.5282674076495518,1.64027290383153e-05,0.08199999999999985,0.00020003328095506497,0.16,0.0,0.0,0.005581291510855875
25,4,850722,255,0,96.92,0.53,24.9,2.025,0.528577966655763,1.9021177928209455e-05,0.08199999999999985,0.00023196558449035961,0.16064516129032258,0.007867820613689975,0.0,0.00956792830432397
25,4,850763,255,0,97.03,0.53,24.9,2.066,0.5290519777705064,2.3289184868573896e-05,0.0820000000000003,0.0002840144496167538,0.16064516129032258,0.007867820613689932,0.0,0.0025514475478196214
25,4,850804,255,0,97.03,0.53,25.0,2.107,0.5287871853546842,2.83366357187127e-05,0.0820000000000003,0.00034556872827698286,0.16129032258064516,0.0,0.0,-0.009049665521172826
25,4,850845,255,0,96.92,0.53,24.9,2.148,0.5283099051977702,3.300987763797991e-05,0.08499999999999996,0.00038835150162329325,0.16064516129032258,-0.007590132827324436,0.0,-0.003499798088570667
25,4,850889,255,0,96.92,0.53,24.9,2.192,0.5284897025171557,3.602765744397729e-05,0.08499999999999996,0.00042385479345855655,0.16064516129032258,0.007590132827324436,-0.11764705882352956,0.0013460761879122974
25,4,850930,255,0,96.92,0.52,25.0,2.233,0.5284243216737428,3.617212866989306e-05,0.08199999999999985,0.0004411235203645503,0.16129032258064516,0.007867820613689975,-0.12195121951219545,-0.004584632312489528
25,4,850971,255,0,96.92,0.52,25.0,2.274,0.5281137626675315,3.25533312662607e-05,0.08199999999999985,0.00039699184471049705,0.16129032258064516,0.0,0.12195121951219545,0.0004385300472821133
25,4,851012,255,0,97.03,0.53,25.0,2.315,0.5284602811376199,2.4892872262284982e-05,0.08199999999999985,0.00030357161295469545,0.16129032258064516,0.0,0.12195121951219545,0.005860356086398668
25,4,851053,255,0,96.92,0.53,25.0,2.356,0.5285943118666162,1.3753618783880484e-05,0.08199999999999985,0.0001677270583400062,0.16129032258064516,0.0,0.0,-0.005740756982595194
25,4,851094,255,0,96.92,0.53,25.0,2.397,0.5279895390650471,6.894228496037159e-07,0.0820000000000003,8.407595726874553e-06,0.16129032258064516,0.0,0.0,-0.012757237739098107
25,4,851135,255,0,96.92,0.53,25.0,2.438,0.5275482183720102,-1.170433579829222e-05,0.0820000000000003,-0.0001427358024181973,0.16129032258064516,0.0,0.0,-0.008770600945630033
25,4,851176,255,0,96.92,0.53,25.0,2.479,0.5272703497875054,-1.992200187598314e-05,0.08199999999999985,-0.00024295124239003874,0.16129032258064516,0.0,0.0,-0.004783964152161985
25,4,851217,255,0,96.92,0.53,25.0,2.52,0.5271559333115329,-2.0008221239482537e-05,0.08499999999999996,-0.00023539083811155936,0.16129032258064516,0.007590132827324762,0.0,0.005807357267849451
25,4,851261,255,0,96.92,0.53,25.1,2.564,0.5277639751552726,-8.481022418454387e-06,0.08499999999999996,-9.977673433475754e-05,0.16193548387096776,0.0,0.0,0.012576197527065389
25,4,851302,255,0,96.92,0.53,25.0,2.605,0.5282249101013334,1.628966626979178e-05,0.08199999999999985,0.00019865446670477816,0.16129032258064516,-0.007867820613690313,-0.12195121951219545,0.0030298439630362397
25,4,851343,255,0,96.92,0.52,25.0,2.646,0.5280124223602416,5.249861705091518e-05,0.08199999999999985,0.0006402270372062839,0.16129032258064516,0.007867820613690313,0.0,-0.006577950709222222
25,4,851384,255,0,96.92,0.53,25.1,2.687,0.5276855181431772,9.35945324848717e-05,0.0820000000000003,0.0011413967376203826,0.16193548387096776,0.00786782061369027,0.0,-0.013554565097791993
25,4,851425,255,0,96.92,0.52,25.1,2.728,0.5269009480222226,0.00012780208074693179,0.0820000000000003,0.001558561960328431,0.16193548387096776,0.0,-0.12195121951219479,-0.013714030569529956
25,4,851466,255,0,96.92,0.52,25.1,2.769,0.5265609676364758,0.00013896189044963948,0.08299999999999974,0.0016742396439715652,0.16193548387096776,0.0,0.12048192771084386,-0.00244193511542113
25,4,851508,255,0,96.92,0.53,25.1,2.811,0.5266982674076427,0.00010897785189040832,0.08299999999999974,0.0013129861673543213,0.16193548387096776,0.0,0.12048192771084386,0.005710977286064143
25,4,851549,255,0,96.92,0.53,25.1,2.852,0.5270349787512191,2.179752732081397e-05,0.08199999999999985,0.000265823503912366,0.16193548387096776,0.0,0.0,0.007654342643458906
25,4,851590,255,0,96.92,0.53,25.1,2.893,0.5273259235044063,-0.00013173059850098669,0.08400000000000007,-0.0015682214107260305,0.16193548387096776,0.0,0.0,0.0038527997011161266
25,4,851633,255,0,96.92,0.53,25.1,2.936,0.5273586139261128,-0.0003494437166731075,0.08400000000000007,-0.004160044246108418,0.16193548387096776,0.0,-0.11904761904761904,0.002218278615795375
25,4,851674,0,205,96.92,0.52,25.1,2.977,0.5275122589081331,-0.000615616330413534,0.08199999999999985,-0.007507516224555306,0.16193548387096776,-0.007867820613690313,-0.12195121951219545,-0.007175946228242301
25,4,851715,0,205,93.06,0.52,25.0,3.018,0.526770186335397,-0.0009023304354384649,0.08300000000000018,-0.010871451029379071,0.16129032258064516,-0.06917994558880677,0.1204819277108432,-0.022922681244757527
25,4,851757,0,205,86.67,0.53,24.21,3.06,0.5256096763648183,-0.001174778080013109,0.08300000000000018,-0.014153952771242246,0.1561935483870968,-0.1305868635833653,0.0,-0.054943540096967766
25,4,851798,0,205,81.06,0.52,23.32,3.101,0.5222098725073486,-0.001399129950397235,0.08099999999999996,-0.0172732092641634,0.1504516129032258,-0.14257268020708888,-0.12345679012345696,-0.08685158952130657
25,4,851838,0,205,76.32,0.52,22.42,3.141,0.5185746976135924,-0.0015503101358075994,0.08099999999999996,-0.01913963130626667,0.1446451612903226,-0.13460772600557558,0.0,-0.11393217342874028
25,4,851879,0,205,72.47,0.52,21.63,3.182,0.5129813664596207,-0.0016170099929972003,0.08199999999999985,-0.0197196340609415,0.1395483870967742,-0.12431156569630261,-0.12195121951219545,-0.16309331122078555
25,4,851920,0,205,69.27,0.51,20.84,3.223,0.505201046093488,-0.001602578431681348,0.08300000000000018,-0.019308173875678847,0.1344516129032258,-0.11581811115429448,-0.2409638554216864,-0.19444893007794228
25,4,851962,0,205,66.52,0.5,20.14,3.265,0.4968421052631514,-0.0015221544963247098,0.08499999999999996,-0.017907699956761298,0.12993548387096773,-0.10550284629981015,-0.23529411764705913,-0.2177951272041973
25,4,852005,0,205,64.1,0.49,19.45,3.308,0.4866884602811313,-0.001397593618191646,0.08400000000000007,-0.016638019264186246,0.12548387096774194,-0.09907834101382453,-0.23809523809523808,-0.2598110182287979
25,4,852046,0,205,62.23,0.48,18.85,3.349,0.4750179797319324,-0.0012520223314387842,0.0820000000000003,-0.015268565017546094,0.12161290322580647,-0.09362706530291069,-0.3658536585365837,-0.2993565568215288
25,4,852087,0,205,60.57,0.46,18.26,3.39,0.4621412226217658,-0.001105448923578912,0.08199999999999985,-0.013481084433889194,0.11780645161290323,-0.08575924468922123,-0.3658536585365857,-0.33559508527415777
25,4,852128,0,205,59.03,0.45,17.76,3.431,0.4474991827394515,-0.0009721567276377208,0.08299999999999974,-0.01171273165828583,0.11458064516129034,-0.07773027594247987,-0.36144578313253156,-0.36321815539371893
25,4,852170,0,205,57.71,0.43,17.26,3.473,0.43199411572408725,-0.0008599379799684641,0.08299999999999974,-0.010360698553836948,0.11135483870967743,-0.06917994558880713,-0.36144578313253156,-0.36861404427779415
25,4,852211,0,205,56.61,0.42,16.87,3.514,0.4169042170643947,-0.0007707731426482489,0.0820000000000003,-0.009399672471320075,0.10883870967741936,-0.06215578284815097,-0.3658536585365837,-0.3754215868409029
25,4,852252,0,205,55.62,0.4,16.47,3.555,0.4012095456031331,-0.0007023716669875917,0.0820000000000003,-0.00856550813399499,0.10625806451612903,-0.05507474429582986,-0.4878048780487785,-0.38479018330555365
25,4,852293,0,205,54.63,0.38,16.17,3.596,0.38535142203333916,-0.0006500084172937921,0.08199999999999985,-0.00792693191821699,0.1043225806451613,-0.05428796223446116,-0.36585365853658636,-0.37239174287786936
25,4,852334,0,205,53.86,0.37,15.78,3.637,0.37067342268714787,-0.000608213359439123,0.08400000000000007,-0.007240635231418125,0.10180645161290322,-0.05299539170506909,-0.35714285714285715,-0.3471800619561276
25,4,852377,0,205,53.09,0.35,15.48,3.68,0.3561882968290244,-0.0005720307344703635,0.08400000000000007,-0.0068098896960757495,0.09987096774193549,-0.038402457757296365,-0.3571428571428565,-0.3306791824281157
25,4,852418,0,205,52.42,0.34,15.28,3.721,0.3428963713631861,-0.0005377434080839265,0.08299999999999974,-0.006478836241975038,0.09858064516129032,-0.03886513797124002,-0.24096385542168705,-0.30472987077436614
25,4,852460,0,205,51.87,0.33,14.98,3.763,0.3308957175547521,-0.0005031331621163293,0.08299999999999974,-0.006061845326702781,0.09664516129032258,-0.03886513797124002,-0.24096385542168772,-0.27916832416294535
25,4,852501,0,205,51.32,0.32,14.78,3.804,0.31972540045766173,-0.00046743899897091443,0.0820000000000003,-0.005700475597206253,0.09535483870967741,-0.038552321007080836,-0.24390243902438957,-0.26834052256834573
25,4,852542,0,205,50.88,0.31,14.49,3.845,0.3088917947041477,-0.00043113569429823964,0.0820000000000003,-0.005257752369490708,0.09348387096774194,-0.038552321007080836,-0.24390243902438957,-0.24230778430699842
25,4,852583,0,205,50.44,0.3,14.29,3.886,0.2998561621444878,-0.00039555902150785905,0.08199999999999985,-0.004823890506193412,0.09219354838709677,-0.031471282454760066,-0.2439024390243909,-0.21627504604565229
25,4,852624,0,205,50.0,0.29,14.09,3.927,0.2911572409284042,-0.0003623805273913625,0.08199999999999985,-0.004419274724284917,0.09090322580645162,-0.023603461841070095,-0.24390243902439024,-0.19103963514299874
25,4,852665,0,205,49.67,0.28,13.99,3.968,0.2841909120627619,-0.000333018473477205,0.0820000000000003,-0.004061200896063461,0.09025806451612903,-0.023603461841070133,-0.12195121951219412,-0.16739887895773137
25,4,852706,0,205,49.34,0.28,13.79,4.009,0.2774305328538702,-0.000308167838947691,0.08399999999999963,-0.0036686647493772897,0.08896774193548386,-0.023041474654378006,-0.11904761904761968,-0.15341147900807806
25,4,852749,0,205,49.01,0.27,13.69,4.052,0.2713043478260834,-0.0002876232811633912,0.08499999999999996,-0.0033838033078046038,0.08832258064516128,-0.022770398481973306,-0.11764705882352956,-0.13860738803530367
25,4,852791,0,205,48.68,0.27,13.49,4.094,0.2656489048708694,-0.0002704393846135531,0.08300000000000018,-0.0032583058387175,0.08703225806451613,-0.023319082782743687,-0.1204819277108432,-0.13970232023221785
25,4,852832,0,205,48.46,0.26,13.39,4.135,0.2597090552468093,-0.0002553189872208712,0.08199999999999985,-0.0031136461856203865,0.08638709677419355,-0.022816679779701095,-0.2439024390243909,-0.14052894696975576
25,4,852873,0,205,48.13,0.25,13.2,4.176,0.25412553121934944,-0.0002410493257860118,0.08199999999999985,-0.0029396259242196613,0.08516129032258064,-0.014948859166011122,-0.12195121951219545,-0.13124008324097527
25,4,852914,0,205,47.91,0.25,13.2,4.217,0.24894736842104936,-0.0002268418203642444,0.08199999999999985,-0.002766363662978595,0.08516129032258064,-0.01573564122737995,0.0,-0.11433674323666969
25,4,852955,0,205,47.69,0.25,13.0,4.258,0.24474991827394255,-0.00021251051340377103,0.08200000000000074,-0.002591591626875233,0.08387096774193549,-0.023603461841069838,-0.12195121951219413,-0.10122070818615762
25,4,852996,0,205,47.47,0.24,12.9,4.299,0.24064727034978436,-0.00019846762809823916,0.08199999999999985,-0.002420336928027311,0.0832258064516129,-0.01573564122738012,-0.12195121951219545,-0.09910779068562052
25,4,853037,0,205,47.25,0.24,12.8,4.34,0.23662307943772168,-0.00018552266864617017,0.08199999999999985,-0.002262471568855738,0.08258064516129032,-0.01573564122738012,-0.12195121951219512,-0.09097505162694534
25,4,853078,0,205,47.03,0.23,12.7,4.381,0.23318731611637486,-0.0001745162623015286,0.08499999999999996,-0.0020531324976650433,0.08193548387096773,-0.007590132827324599,-0.11764705882352924,-0.09168701805664978
25,4,853122,0,205,46.92,0.23,12.7,4.425,0.22882968290290645,-0.00016592159871956015,0.08499999999999996,-0.0019520188084654144,0.08193548387096773,-0.007590132827324436,-0.11764705882352956,-0.08691806241947506
25,4,853163,0,205,46.7,0.22,12.6,4.466,0.22579928081071948,-0.00015961104090092527,0.0810000000000004,-0.001970506677789191,0.08129032258064516,-0.015929908403026508,-0.12345679012345628,-0.07748840700785643
25,4,853203,0,205,46.48,0.22,12.5,4.506,0.22255312193527005,-0.0001549131667304149,0.08099999999999952,-0.0019125082312397015,0.08064516129032258,-0.01592990840302668,0.0,-0.07308932556834856
25,4,853244,0,205,46.37,0.22,12.4,4.547,0.21987904543968328,-0.0001509070964537731,0.08199999999999985,-0.001840330444558212,0.08,-0.01573564122737995,0.0,-0.05964008643028482
25,4,853285,0,205,46.26,0.22,12.3,4.588,0.2176626348479867,-0.00014676618578567612,0.08199999999999985,-0.0017898315339716633,0.07935483870967742,-0.007867820613689975,0.0,-0.060875943836260146
25,4,853326,0,205,46.04,0.22,12.3,4.629,0.21488721804510996,-0.00014198301556270644,0.08199999999999985,-0.001731500189789106,0.07935483870967742,-0.007867820613690143,-0.12195121951219545,-0.06530111067700968
25,4,853367,0,205,45.93,0.21,12.2,4.67,0.21230794377247192,-0.00013643461753127183,0.08200000000000074,-0.0016638367991618367,0.07870967741935483,-0.015735641227379946,-0.12195121951219413,-0.058125164448766066
25,4,853408,0,205,45.82,0.21,12.1,4.711,0.2101209545603111,-0.0001303438346196959,0.08300000000000018,-0.0015704076460204288,0.07806451612903226,-0.007773027594247895,0.0,-0.056479596056667594
25,4,853450,0,205,45.6,0.21,12.1,4.753,0.2076201372997685,-0.00012419720517035948,0.08499999999999996,-0.001461143590239524,0.07806451612903226,-0.006831119544591992,-0.11764705882352924,-0.054035344114762185
25,4,853493,0,205,45.49,0.2,12.01,4.796,0.20552795031055632,-0.00011864083748851861,0.08399999999999963,-0.0014123909224823706,0.07748387096774194,-0.014592933947772634,0.0,-0.047089774124752765
25,4,853534,0,205,45.38,0.21,11.91,4.837,0.20366459627328928,-0.000114349063184358,0.08199999999999985,-0.0013945007705409536,0.07683870967741936,-0.007867820613689975,0.0,-0.04484966392651742
25,4,853575,0,205,45.16,0.2,11.91,4.878,0.2018502778685819,-0.00011185734026682859,0.08199999999999985,-0.001364113905693034,0.07683870967741936,-0.007867820613690143,-0.12195121951219512,-0.05266347204171565
25,4,853616,0,205,45.05,0.2,11.81,4.919,0.1993461915658686,-0.00011137507747076469,0.08199999999999985,-0.0013582326520824987,0.07619354838709677,-0.007867820613690143,0.0,-0.06107527567593361
25,4,853657,0,205,44.94,0.2,11.81,4.96,0.19684210526315535,-0.00011263858283088445,0.08200000000000074,-0.0013736412540351639,0.07619354838709677,-0.00786782061368989,-0.12195121951219413,-0.05948062095854587
25,4,853698,0,205,44.83,0.19,11.71,5.001,0.1944687806472678,-0.00011488744694027275,0.08199999999999985,-0.0014010664261008899,0.0755483870967742,-0.007867820613689975,-0.12195121951219545,-0.054696656806384865
25,4,853739,0,205,44.72,0.19,11.71,5.042,0.1923569794050318,-0.00011701509555203948,0.0829999999999993,-0.001409820428337837,0.0755483870967742,-0.0077730275942481455,0.0,-0.03942543629897141
25,4,853781,0,205,44.61,0.19,11.61,5.084,0.1911964694344532,-0.00011786775842238662,0.08300000000000018,-0.0014200934749685104,0.0749032258064516,-0.015546055188495958,0.0,-0.036274552279072926
25,4,853822,0,205,44.39,0.19,11.51,5.125,0.18934619156586874,-0.00011658769423363324,0.08400000000000052,-0.0013879487408765777,0.07425806451612903,-0.0076804915514592,0.0,-0.04405423496629653
25,4,853865,0,205,44.39,0.19,11.51,5.168,0.18749591369728427,-0.00011286668861377614,0.08399999999999963,-0.0013436510549259123,0.07425806451612903,-0.00768049155145928,0.0,-0.04249754821837182
25,4,853906,0,205,44.28,0.19,11.41,5.209,0.18577639751552552,-0.0001070229911430065,0.08199999999999985,-0.0013051584285732525,0.07361290322580645,-0.007867820613689975,-0.12195121951219545,-0.0497532271824839
25,4,853947,0,205,44.17,0.18,11.41,5.25,0.1834161490683206,-9.990410897413149e-05,0.08200000000000074,-0.0012183427923674463,0.07361290322580645,-0.00786782061368989,-0.12195121951219413,-0.039547436991204596
25,4,853988,0,205,43.95,0.18,11.31,5.291,0.18253350768224672,-9.267655545741072e-05,0.08300000000000018,-0.00111658500551097,0.07296774193548387,-0.007773027594247895,0.0,-0.029972784239277798
25,4,854030,0,205,43.84,0.18,11.31,5.333,0.18092840797646054,-8.656366855790232e-05,0.0829999999999993,-0.0010429357657578682,0.07296774193548387,-0.007773027594247978,0.0,-0.039070961846732935
25,4,854071,0,205,43.84,0.18,11.21,5.374,0.1792906178489679,-8.257119418214209e-05,0.08199999999999985,-0.0010069657827090517,0.0723225806451613,-0.007867820613689975,0.0,-0.03875010963251113
25,4,854112,0,205,43.72,0.18,11.21,5.415,0.17775089898659463,-8.124176849811171e-05,0.08200000000000074,-0.000990753274367207,0.0723225806451613,0.0,0.0,-0.04576659038901497
25,4,854153,0,205,43.61,0.18,11.21,5.456,0.17553775743706865,-8.25041715393997e-05,0.08199999999999985,-0.0010061484334073154,0.0723225806451613,-0.007867820613690143,-0.12195121951219512,-0.054178394023233774
25,4,854194,0,205,43.5,0.17,11.11,5.497,0.17330827067668947,-8.56874952147244e-05,0.08399999999999963,-0.0010200892287467237,0.0716774193548387,-0.007680491551459446,-0.11904761904761935,-0.05211008888681287
25,4,854237,0,205,43.39,0.17,11.11,5.54,0.17116050997057639,-8.971649605742726e-05,0.08400000000000052,-0.001068053524493175,0.0716774193548387,-0.0076804915514592,0.0,-0.04234187954357888
25,4,854278,0,205,43.28,0.17,11.01,5.581,0.16975155279502882,-9.341866934724052e-05,0.08300000000000018,-0.0011255261367137388,0.07103225806451613,-0.007773027594247895,0.0,-0.03434463581688575
25,4,854320,0,205,43.17,0.17,11.01,5.623,0.16830990519777486,-9.582544737799381e-05,0.0829999999999993,-0.0011545234623854773,0.07103225806451613,-0.007773027594247978,0.0,-0.03355691481191176
25,4,854361,0,205,43.06,0.17,10.91,5.664,0.16696632886564017,-9.636999134671065e-05,0.08199999999999985,-0.0011752437969111077,0.07038709677419355,-0.007867820613689975,-0.12195121951219545,-0.04098262623685382
25,4,854402,0,205,42.95,0.16,10.91,5.705,0.16494932984635285,-9.494203201521146e-05,0.08200000000000074,-0.0011578296587220805,0.07038709677419355,-0.00786782061368989,-0.12195121951219413,-0.04939442987107057
25,4,854443,0,205,42.84,0.16,10.81,5.746,0.16291598561621234,-9.181764531082593e-05,0.08099999999999952,-0.00113355117667687,0.06974193548387098,-0.00796495420151334,0.0,-0.04919706674092598
25,4,854483,0,205,42.73,0.16,10.81,5.786,0.16096436744033787,-8.752472269138956e-05,0.08099999999999952,-0.0010805521319924702,0.06974193548387098,0.0,0.0,-0.0459683831155983
25,4,854524,0,205,42.62,0.16,10.81,5.827,0.1591925465838489,-8.272286259233397e-05,0.08200000000000074,-0.0010088153974674783,0.06974193548387098,-0.0070810385523210695,0.0,-0.039826501566747385
25,4,854565,0,205,42.51,0.16,10.72,5.868,0.15769859431186456,-7.814325857375159e-05,0.08499999999999996,-0.0009193324538088426,0.06916129032258064,-0.01442125237191659,0.0,-0.030728996404053525
25,4,854609,0,205,42.51,0.16,10.62,5.912,0.15658058188950436,-7.454924941232122e-05,0.08499999999999996,-0.0008770499930861324,0.06851612903225807,-0.007590132827324436,0.0,-0.024767801857584638
25,4,854650,0,205,42.4,0.16,10.62,5.953,0.15559333115396987,-7.262250398169279e-05,0.08199999999999985,-0.0008856402924596698,0.06851612903225807,0.0,-0.12195121951219545,-0.025474609110262537
25,4,854691,0,205,42.29,0.15,10.62,5.994,0.15449166394246283,-7.274714131556693e-05,0.08199999999999985,-0.0008871602599459398,0.06851612903225807,0.0,-0.12195121951219545,-0.02706926382764964
25,4,854732,0,205,42.18,0.15,10.62,6.035,0.1533736515201026,-7.480742183880906e-05,0.08199999999999985,-0.0009122856321806,0.06851612903225807,-0.007867820613690143,0.0,-0.02627193646895575
25,4,854773,0,205,42.07,0.15,10.52,6.076,0.15233736515200846,-7.816586856112018e-05,0.08199999999999985,-0.0009532422995258577,0.06787096774193548,-0.007867820613690143,0.0,-0.023082627034181204
25,4,854814,0,205,41.96,0.15,10.52,6.117,0.15148087610329974,-8.187469809609205e-05,0.08200000000000074,-0.0009984719280011136,0.06787096774193548,-0.00786782061368989,0.0,-0.028504453073297454
25,4,854855,0,205,41.85,0.15,10.42,6.158,0.14999999999999805,-8.500964157865987e-05,0.08199999999999985,-0.0010367029460812197,0.0672258064516129,-0.007867820613689975,0.0,-0.036118929348822174
25,4,854896,0,205,41.74,0.15,10.42,6.199,0.14851912389669633,-8.6949097887711e-05,0.0829999999999993,-0.001047579492623033,0.0672258064516129,-0.007773027594247978,0.0,-0.03489604052036827
25,4,854938,0,205,41.63,0.15,10.32,6.241,0.1471036286368075,-8.747955139598317e-05,0.08499999999999996,-0.0010291711928939202,0.06658064516129032,-0.007590132827324436,0.0,-0.025190854373785553
25,4,854981,0,205,41.52,0.15,10.32,6.284,0.14637790127492456,-8.672306040171839e-05,0.08400000000000052,-0.0010324173857347364,0.06658064516129032,0.0,0.0,-0.025296159653792394
25,4,855022,0,205,41.41,0.15,10.32,6.325,0.14497875122588894,-8.498059020685744e-05,0.08199999999999985,-0.001036348661059239,0.06658064516129032,-0.007867820613689975,-0.12195121951219512,-0.030537637837966976
25,4,855063,0,205,41.41,0.14,10.22,6.366,0.14387381497221127,-8.261156610481102e-05,0.08199999999999985,-0.0010074581232294045,0.06593548387096775,-0.007867820613689975,-0.12195121951219512,-0.015747215334199587
25,4,855104,0,205,41.3,0.14,10.22,6.407,0.14368747956848457,-8.000639282438015e-05,0.08200000000000074,-0.0009756877173704809,0.06593548387096775,-0.007867820613690058,0.0,-0.014152560616811992
25,4,855145,0,205,41.19,0.14,10.12,6.448,0.14271330500163268,-7.760618173730194e-05,0.08199999999999985,-0.0009464168504549034,0.06529032258064515,-0.007867820613690143,0.0,-0.025753673685804654
25,4,855186,0,205,41.08,0.14,10.12,6.489,0.1415756783262486,-7.58751039307235e-05,0.08199999999999985,-0.0009253061454966297,0.06529032258064515,-0.007867820613689975,0.0,-0.028942983120579198
25,4,855227,0,205,40.97,0.14,10.02,6.53,0.1403399803857452,-7.517989821679016e-05,0.08300000000000018,-0.0009057819062263855,0.06464516129032258,0.0,0.0,-0.03016971449052147
25,4,855269,0,205,40.86,0.14,10.12,6.572,0.1390715920235353,-7.563385468054662e-05,0.08800000000000008,-0.0008594756213698471,0.06529032258064515,0.0,0.0,-0.028455526167196425
25,4,855315,0,205,40.75,0.14,10.02,6.618,0.1378358940830319,-7.702281354415419e-05,0.08999999999999986,-0.0008558090393794923,0.06464516129032258,-0.01433691756272395,0.0,-0.026370273509861347
25,4,855359,0,205,40.64,0.14,9.92,6.662,0.1366982674076478,-7.887982404932358e-05,0.08499999999999996,-0.0009279979299920425,0.064,-0.007590132827324436,-0.11764705882352956,-0.01826817683595149
25,4,855400,0,205,40.53,0.13,9.92,6.703,0.13628309905197603,-8.06586925728876e-05,0.08199999999999985,-0.0009836425923522897,0.064,0.0,0.0,-0.017939865570607106
25,4,855441,0,205,40.53,0.14,9.92,6.744,0.135227198430858,-8.190231005906234e-05,0.08199999999999985,-0.0009988086592568597,0.064,-0.007867820613689975,0.12195121951219545,-0.014949887975506034
25,4,855482,0,205,40.42,0.14,9.82,6.785,0.13505720823798453,-8.234960659631697e-05,0.08199999999999985,-0.001004263495077038,0.06335483870967742,-0.007867820613689975,-0.12195121951219545,-0.014152560616812145
25,4,855523,0,205,40.31,0.13,9.82,6.826,0.13406668846027942,-8.198054979520819e-05,0.08199999999999985,-0.0009997628023805894,0.06335483870967742,-0.007867820613689975,-0.12195121951219545,-0.02655100104449888
25,4,855564,0,205,40.2,0.13,9.72,6.867,0.13288002615233563,-8.099770467734047e-05,0.08200000000000074,-0.0009877768863090213,0.06270967741935485,-0.00786782061368989,0.0,-0.030537637837966647
25,4,855605,0,205,40.09,0.13,9.72,6.908,0.13156260215756613,-7.973721394477983e-05,0.08199999999999985,-0.0009724050481070729,0.06270967741935485,0.0,0.0,-0.03292961991404763
25,4,855646,0,205,39.98,0.13,9.72,6.949,0.13017979731938373,-7.853893378250732e-05,0.08199999999999985,-0.0009577918753964325,0.06270967741935485,-0.007867820613690228,0.0,-0.033726947272741524
25,4,855687,0,205,39.87,0.13,9.62,6.99,0.12879699248120133,-7.764083048011727e-05,0.08400000000000052,-0.0009242956009537713,0.06206451612903225,-0.007680491551459447,0.0,-0.03214558134466529
25,4,855730,0,205,39.76,0.13,9.62,7.033,0.12747956848643183,-7.713906775554768e-05,0.08399999999999963,-0.0009183222351850955,0.06206451612903225,-0.006912442396313352,0.0,-0.029810551222777034
25,4,855771,0,205,39.65,0.13,9.53,7.074,0.12629290617848807,-7.699687463020232e-05,0.08199999999999985,-0.0009389862759780788,0.06148387096774193,-0.007081038552320977,-0.12195121951219545,-0.026551001044498545
25,4,855812,0,205,39.54,0.12,9.53,7.115,0.12530238640078295,-7.706604049220189e-05,0.08300000000000018,-0.0009285065119542375,0.06148387096774193,0.0,0.0,-0.03158761229947536
25,4,855854,0,205,39.54,0.13,9.53,7.157,0.1236711343576316,-7.712138751222852e-05,0.08300000000000018,-0.0009291733435208235,0.06148387096774193,-0.007773027594247895,0.0,-0.02902751903330865
25,4,855895,0,205,39.43,0.12,9.43,7.198,0.12289310232101833,-7.693639286086374e-05,0.08199999999999985,-0.0009382486934251692,0.060838709677419354,-0.007867820613689975,-0.12195121951219545,-0.0077739417472630565
25,4,855936,0,205,39.32,0.12,9.43,7.239,0.12303367113435604,-7.639396537786958e-05,0.08099999999999952,-0.0009431353750354325,0.060838709677419354,-0.00796495420151334,0.0,-0.013156885773209082
25,4,855976,0,205,39.21,0.12,9.33,7.279,0.1218273945733884,-7.556633441933869e-05,0.0810000000000004,-0.0009329177088807199,0.06019354838709678,-0.007964954201513254,0.0,-0.027968471904398433
25,4,856017,0,205,39.1,0.12,9.33,7.32,0.12076822491009975,-7.469337912423235e-05,0.08199999999999985,-0.0009108948673686888,0.06019354838709678,0.0,0.0,-0.01682360726843593
25,4,856058,0,205,38.99,0.12,9.33,7.361,0.12044785877737665,-7.405865281454815e-05,0.08399999999999963,-0.0008816506287446247,0.06019354838709678,-0.007680491551459364,0.0,-0.008795280125780017
25,4,856101,0,205,38.88,0.12,9.23,7.404,0.12002942137953423,-7.38384681037818e-05,0.08400000000000052,-0.0008790293821878732,0.059548387096774194,-0.007680491551459282,0.0,-0.010351966873705749
25,4,856142,0,205,38.88,0.12,9.23,7.445,0.11957829355998537,-7.40135466917895e-05,0.08199999999999985,-0.0009026042279486542,0.059548387096774194,0.0,0.0,-0.010604453870625485
25,4,856183,0,205,38.77,0.12,9.23,7.486,0.11915985616214295,-7.439079245587976e-05,0.08199999999999985,-0.0009072047860473159,0.059548387096774194,-0.007867820613689975,0.0,-0.009009799153238383
25,4,856224,0,205,38.66,0.12,9.13,7.527,0.11883949002941982,-7.47262941206408e-05,0.08199999999999985,-0.0009112962697639138,0.05890322580645162,-0.007867820613689975,0.0,-0.010006458351605407
25,4,856265,0,205,38.55,0.12,9.13,7.568,0.1183393265773113,-7.488602449364023e-05,0.08199999999999985,-0.0009132442011419556,0.05890322580645162,-0.007867820613690143,0.0,-0.013594431465726557
25,4,856306,0,205,38.44,0.12,9.03,7.609,0.11772474664923024,-7.494420266692714e-05,0.08200000000000074,-0.0009139536910600789,0.05825806451612903,-0.007867820613690058,-0.12195121951219397,-0.02240489877929156
25,4,856347,0,205,38.33,0.11,9.03,7.65,0.11650212487740938,-7.514241154126822e-05,0.08199999999999985,-0.0009163708724544921,0.05825806451612903,0.0,0.0,-0.02320222613798536
25,4,856388,0,205,38.22,0.12,9.03,7.691,0.11582216410591545,-7.572106334280626e-05,0.08199999999999985,-0.0009234276017415415,0.05825806451612903,-0.007867820613689975,0.12195121951219529,-0.02698953109177981
25,4,856429,0,205,38.11,0.12,8.93,7.732,0.11428898332788344,-7.672159091427488e-05,0.08499999999999996,-0.000902606951932646,0.05761290322580645,-0.007590132827324436,-0.1176470588235294,-0.028536815183739073
25,4,856473,0,205,38.11,0.11,8.93,7.776,0.11339653481529763,-7.787542907973765e-05,0.08499999999999996,-0.0009161815185851492,0.05761290322580645,0.0,-0.1176470588235294,-0.023306347710708827
25,4,856514,0,205,38.0,0.11,8.93,7.817,0.11230794377247319,-7.864953880946502e-05,0.08199999999999985,-0.0009591407171885996,0.05761290322580645,-0.007867820613689975,0.0,-0.028145655761885647
25,4,856555,0,205,37.89,0.11,8.83,7.858,0.11108859104282301,-7.844903045606345e-05,0.08199999999999985,-0.0009566954933666292,0.05696774193548387,-0.007867820613689975,0.0,-0.03053763783796664
25,4,856596,0,205,37.78,0.11,8.83,7.899,0.10980385746975993,-7.69023883732487e-05,0.08200000000000074,-0.0009378340045518049,0.05696774193548387,-0.00786782061368989,0.0,-0.03133496519666002
25,4,856637,0,205,37.67,0.11,8.73,7.94,0.10851912389669686,-7.409266049260132e-05,0.08199999999999985,-0.0009035690303975788,0.056322580645161296,-0.007867820613689975,-0.12195121951219529,-0.03053763783796664
25,4,856678,0,205,37.56,0.1,8.73,7.981,0.10729977116704667,-7.059781273740207e-05,0.08199999999999985,-0.000860948935821978,0.056322580645161296,-0.00786782061369006,0.0,-0.028145655761885817
25,4,856719,0,205,37.56,0.11,8.63,8.022,0.10621118012422223,-6.729267457699884e-05,0.08200000000000074,-0.0008206423728902224,0.05567741935483871,0.0,0.12195121951219397,-0.024159018968417288
25,4,856760,0,205,37.45,0.11,8.73,8.063,0.10531873161163643,-6.500213317027636e-05,0.08199999999999896,-0.0007927089411009412,0.056322580645161296,0.0,-0.1219512195121966,-0.029580845007534766
25,4,856801,0,205,37.34,0.1,8.63,8.104,0.10378555083360441,-6.418936186438806e-05,0.08399999999999963,-0.0007641590698141469,0.05567741935483871,-0.007680491551459364,0.0,-0.026346923208642594
25,4,856844,0,205,37.23,0.11,8.63,8.147,0.10310559006211047,-6.483484699334419e-05,0.08500000000000085,-0.0007627629058040416,0.05567741935483871,-0.007590132827324519,0.0,-0.01176855181431805
25,4,856886,0,205,37.12,0.1,8.53,8.189,0.10278522392938737,-6.652589586197699e-05,0.08300000000000018,-0.0008015168176141788,0.05503225806451612,-0.007773027594248062,-0.12048192771084304,-0.013470029185063003
25,4,856927,0,205,37.01,0.1,8.53,8.23,0.10198757763975023,-6.865180778475733e-05,0.08200000000000074,-0.0008372171681067891,0.05503225806451612,0.0,0.0,-0.018059464674411062
25,4,856968,0,205,36.9,0.1,8.53,8.271,0.10130434782608565,-7.058859618978985e-05,0.08199999999999896,-0.0008608365388998871,0.05503225806451612,-0.00786782061369006,0.0,-0.014870155239636874
25,4,857009,0,205,36.9,0.1,8.43,8.312,0.10076822491010003,-7.182904813387658e-05,0.08199999999999896,-0.0008759640016326524,0.054387096774193545,-0.00786782061369006,0.0,-0.010883518446168397
25,4,857050,0,205,36.68,0.1,8.43,8.353,0.10041189931349985,-7.207072867318054e-05,0.08200000000000074,-0.0008789113252826817,0.054387096774193545,0.0,0.0,-0.006099554294006228
25,4,857091,0,205,36.68,0.1,8.43,8.394,0.10026806145799151,-7.127951696506152e-05,0.08200000000000074,-0.0008692624020129375,0.054387096774193545,-0.00786782061368989,0.0,-0.004704231416292613
25,4,857132,0,205,36.57,0.1,8.33,8.435,0.10002615233736385,-6.972452199443957e-05,0.08099999999999952,-0.0008607965678325925,0.05374193548387097,-0.00796495420151334,0.0,0.00012107563594988194
25,4,857172,0,205,36.46,0.1,8.33,8.475,0.10027786858450345,-6.795066206880662e-05,0.08099999999999952,-0.0008388970625778646,0.05374193548387097,-0.007168458781362006,0.0,0.006215215978755238
25,4,857213,0,205,36.35,0.1,8.24,8.516,0.10052958483164302,-6.66398033070763e-05,0.08399999999999963,-0.0007933309917509118,0.05316129032258065,-0.006912442396313352,0.0,-0.003969551207210676
25,4,857256,0,205,36.24,0.1,8.24,8.559,0.09994442628309776,-6.635299469965083e-05,0.08399999999999963,-0.0007899166035672753,0.05316129032258065,0.0,0.0,-0.006109995485608333
25,4,857297,0,205,36.24,0.1,8.24,8.6,0.10001634521085193,-6.7245773160721e-05,0.08200000000000074,-0.0008200704043990292,0.05316129032258065,0.0,0.0,-0.00725567896411222
25,4,857338,0,205,36.13,0.1,8.24,8.641,0.09934946060804055,-6.892298658148555e-05,0.08200000000000074,-0.0008405242266034747,0.05316129032258065,-0.007867820613689973,0.0,-0.018059464674410892
25,4,857379,0,205,36.02,0.1,8.14,8.682,0.09853546910755022,-7.055543664101016e-05,0.08300000000000018,-0.0008500655016989157,0.052516129032258066,-0.007773027594247979,0.0,-0.02099276478256885
25,4,857421,0,205,35.91,0.1,8.14,8.724,0.09760706113108733,-7.12254809225925e-05,0.08300000000000018,-0.0008581383243685825,0.052516129032258066,-0.007773027594248062,0.0,-0.0233559277974924
25,4,857462,0,205,35.8,0.1,8.04,8.765,0.09659692710035835,-7.032401636177887e-05,0.08199999999999896,-0.0008576099556314605,0.051870967741935475,-0.00786782061369023,0.0,-0.02523541090265434
25,4,857503,0,205,35.69,0.1,8.04,8.806,0.0955377574370697,-6.780247562422482e-05,0.08199999999999896,-0.0008268594588320204,0.051870967741935475,0.0,-0.12195121951219677,-0.026032738261348068
25,4,857544,0,205,35.69,0.09,8.04,8.847,0.09446224256292783,-6.418570113996135e-05,0.08200000000000074,-0.0007827524529263509,0.051870967741935475,-0.007867820613689805,-0.12195121951219413,-0.026032738261347502
25,4,857585,0,205,35.58,0.09,7.94,8.888,0.09340307289963919,-6.0374312652117014e-05,0.08399999999999963,-0.0007187418172871104,0.051225806451612906,-0.007680491551459198,0.0,-0.02463456778592427
25,4,857628,0,205,35.47,0.09,7.94,8.931,0.0923929388689102,-5.7331166409446685e-05,0.08399999999999963,-0.0006825138858267492,0.051225806451612906,0.0,0.0,-0.023077881037998595
25,4,857669,0,205,35.36,0.09,7.94,8.972,0.09146453089244731,-5.5764487216483084e-05,0.08200000000000074,-0.0006800547221522266,0.051225806451612906,0.0,0.0,-0.021248774109185572
25,4,857710,0,205,35.36,0.09,7.94,9.013,0.09065053939195697,-5.592063210754272e-05,0.08200000000000074,-0.0006819589281407588,0.051225806451612906,-0.007867820613689973,0.0,-0.018059464674410892
25,4,857751,0,205,35.13,0.09,7.84,9.054,0.0899836547891456,-5.7561879123575464e-05,0.08200000000000074,-0.000701974135653353,0.05058064516129032,-0.007867820613689973,0.0,-0.01407282788094267
25,4,857792,0,205,35.13,0.09,7.84,9.095,0.08949656750571966,-6.0115643401037034e-05,0.08199999999999896,-0.0007331176024516804,0.05058064516129032,0.0,0.0,-0.009288863728781108
25,4,857833,0,205,34.91,0.09,7.84,9.136,0.08922196796338557,-6.29029278332638e-05,0.08199999999999896,-0.0007671088760154218,0.05058064516129032,-0.00786782061369006,0.0,-0.003707572217925511
25,4,857874,0,205,34.91,0.09,7.74,9.177,0.08919254658384977,-6.534572127744553e-05,0.08200000000000074,-0.0007968990399688407,0.049935483870967745,-0.00786782061368989,0.0,0.0026710466516235883
25,4,857915,0,205,34.8,0.09,7.74,9.218,0.0894409937888187,-6.709402241476958e-05,0.08300000000000018,-0.0008083617158405955,0.049935483870967745,0.0,0.0,0.009728354411434428
25,4,857957,0,205,34.8,0.09,7.74,9.26,0.08999999999999883,-6.80572206374812e-05,0.08500000000000085,-0.000800673183970359,0.049935483870967745,-0.0075901328273244376,0.0,0.01315308732188511
25,4,858000,0,205,34.58,0.09,7.64,9.303,0.09055900621117895,-6.835708684559716e-05,0.08399999999999963,-0.0008137748433999697,0.04929032258064516,-0.007680491551459364,0.0,0.009612540668441225
25,4,858041,0,205,34.58,0.09,7.64,9.344,0.09080745341614789,-6.823568305321536e-05,0.08199999999999896,-0.0008321424762587344,0.04929032258064516,0.0,0.0,-0.0041461022652071215
25,4,858082,0,205,34.47,0.09,7.64,9.385,0.09021902582543197,-6.795166004769993e-05,0.08200000000000074,-0.0008286787810695039,0.04929032258064516,-0.007867820613689973,0.0,-0.006737416180961299
25,4,858123,0,205,34.36,0.09,7.54,9.426,0.09025498528930906,-6.769339680275888e-05,0.08200000000000074,-0.0008255292293019302,0.04864516129032258,-0.007867820613689973,0.0,-0.0021129175005380066
25,4,858164,0,205,34.25,0.09,7.54,9.467,0.09004576659038785,-6.752847226957659e-05,0.08199999999999896,-0.000823517954507042,0.04864516129032258,0.0,0.0,-0.007694209011393819
25,4,858205,0,205,34.25,0.09,7.54,9.508,0.08962406015037477,-6.73961144682691e-05,0.08199999999999896,-0.0008219038349789018,0.04864516129032258,-0.00786782061369006,0.0,-0.01929532208038662
25,4,858246,0,205,34.14,0.09,7.44,9.549,0.08846355017979617,-6.714037350643842e-05,0.08200000000000074,-0.0008187850427614368,0.048,-0.00786782061368989,0.0,-0.019494653920059675
25,4,858287,0,205,34.03,0.09,7.44,9.59,0.08802549852892987,-6.657438119650472e-05,0.08200000000000074,-0.0008118826975183429,0.048,0.0,0.0,-0.012478173163555584
25,4,858328,0,205,33.92,0.09,7.44,9.631,0.0874403399803846,-6.555729372832974e-05,0.08399999999999963,-0.0007804439729563098,0.048,-0.007680491551459364,0.0,-0.015294447298369894
25,4,858371,0,205,33.92,0.09,7.34,9.674,0.0867407649558668,-6.406187725876844e-05,0.08499999999999908,-0.0007536691442208135,0.04735483870967742,-0.007590132827324596,-0.11764705882353063,-0.017422071803549842
25,4,858413,0,205,33.7,0.08,7.34,9.716,0.08595946387708288,-6.221030590805209e-05,0.08300000000000018,-0.0007495217579283368,0.04735483870967742,0.0,-0.12048192771084304,-0.019417322772620156
25,4,858454,0,205,33.59,0.08,7.34,9.757,0.08512912716573932,-6.0257636737045315e-05,0.0810000000000013,-0.0007439214411980784,0.04735483870967742,-0.007964954201513165,0.12345679012345476,-0.020703933747411026
25,4,858494,0,205,33.48,0.09,7.24,9.797,0.08428244524354256,-5.8515447297608605e-05,0.08099999999999952,-0.0007224129296001105,0.04670967741935484,-0.00796495420151334,0.0,-0.020703933747411994
25,4,858535,0,205,33.48,0.08,7.24,9.838,0.08345210853219896,-5.723193286122363e-05,0.08199999999999896,-0.0006979504007466385,0.04670967741935484,0.0,-0.1219512195121966,-0.01965411939179891
25,4,858576,0,205,33.37,0.08,7.24,9.879,0.08267080745341507,-5.647516303833733e-05,0.08200000000000074,-0.0006887215004675222,0.04670967741935484,0.0,0.0,-0.018059464674410722
25,4,858617,0,205,33.26,0.08,7.24,9.92,0.08197123242889727,-5.6091434298053855e-05,0.08200000000000074,-0.0006840418816835774,0.04670967741935484,-0.007867820613689973,0.12195121951219397,-0.015667482598329757
25,4,858658,0,205,33.26,0.09,7.14,9.961,0.08138607388035202,-5.5789844534523956e-05,0.08200000000000074,-0.0006803639577380909,0.04606451612903226,-0.007867820613689973,0.0,-0.012478173163555584
25,4,858699,0,205,33.15,0.08,7.14,10.002,0.0809480222294857,-5.5322751780868985e-05,0.08399999999999963,-0.0006586041878674908,0.04606451612903226,0.0,-0.11904761904761951,-0.008289356932704607
25,4,858742,0,205,33.04,0.08,7.14,10.045,0.08068976789800483,-5.465720158949061e-05,0.08399999999999963,-0.0006506809713034625,0.04606451612903226,-0.00768049155145928,0.0,-0.003619296688927255
25,4,858783,0,205,32.93,0.08,7.04,10.086,0.08064400130761581,-5.403288279103258e-05,0.08200000000000074,-0.0006589375950125865,0.04541935483870968,-0.00786782061368989,0.0,0.0018737192929302146
25,4,858824,0,205,32.82,0.08,7.04,10.127,0.08084341288002511,-5.386452667368946e-05,0.08199999999999896,-0.0006568844716303676,0.04541935483870968,0.0,0.0,-0.0027507793874927988
25,4,858865,0,205,32.82,0.08,7.04,10.168,0.08041843739784141,-5.4528053681230485e-05,0.08199999999999896,-0.0006649762644052583,0.04541935483870968,0.0,0.0,-0.011162583021711194
25,4,858906,0,205,32.71,0.08,7.04,10.209,0.0799280810722448,-5.61391795552133e-05,0.08200000000000074,-0.0006846241409172292,0.04541935483870968,-0.007081038552320985,0.0,0.005063028727704385
25,4,858947,0,205,32.6,0.08,6.95,10.25,0.08083360575351317,-5.844433294921902e-05,0.08300000000000018,-0.0007041485897496253,0.044838709677419354,-0.006995724834823189,0.0,0.00421430737661315
25,4,858989,0,205,32.49,0.08,6.95,10.292,0.0802778685845037,-6.0875341579044396e-05,0.08300000000000018,-0.0007334378503499309,0.044838709677419354,0.0,0.0,-0.013391257084565601
25,4,859030,0,205,32.38,0.08,6.95,10.333,0.07972213141549422,-6.273048831010808e-05,0.08200000000000074,-0.0007650059550013111,0.044838709677419354,-0.007867820613689973,0.0,-0.013554565097791918
25,4,859071,0,205,32.38,0.08,6.85,10.374,0.07916639424648475,-6.340235118153181e-05,0.08399999999999963,-0.0007547898950182392,0.04419354838709677,-0.007680491551459364,0.0,-0.0024906987966810787
25,4,859114,0,205,32.27,0.08,6.85,10.417,0.07951291271657301,-6.257461618470828e-05,0.08499999999999908,-0.000736171955114223,0.04419354838709677,0.0,0.0,0.001961425302386464
25,4,859156,0,205,32.16,0.08,6.85,10.459,0.0793331153971876,-6.0328830455826043e-05,0.08300000000000018,-0.0007268533789858544,0.04419354838709677,-0.007773027594247895,0.0,0.0027964095676592557
25,4,859197,0,205,32.05,0.08,6.75,10.5,0.07974501471068873,-5.713130836824654e-05,0.08200000000000074,-0.0006967232727834881,0.043548387096774194,-0.00786782061368989,0.0,-0.0001594654717388101
25,4,859238,0,205,31.94,0.08,6.75,10.541,0.07932003922850502,-5.370481641795966e-05,0.08200000000000074,-0.0006549367855848679,0.043548387096774194,0.0,0.0,-0.0027507793874930776
25,4,859279,0,205,31.94,0.08,6.75,10.582,0.0795194508009143,-5.0826281823425746e-05,0.08199999999999896,-0.0006198327051637365,0.043548387096774194,0.0,0.0,0.001873719292930086
25,4,859320,0,205,31.83,0.08,6.75,10.623,0.07947368421052528,-4.9124637861059916e-05,0.08199999999999896,-0.0005990809495251285,0.043548387096774194,-0.00786782061369006,-0.1219512195121966,-0.003707572217925511
25,4,859361,0,205,31.83,0.07,6.65,10.664,0.07921542987904441,-4.8947658968903517e-05,0.08200000000000074,-0.0005969226703524765,0.04290322580645162,-0.00786782061368989,0.0,-0.008491536370087194
25,4,859402,0,205,31.72,0.08,6.65,10.705,0.07877737822817812,-5.031240139590487e-05,0.08200000000000074,-0.0006135658706817612,0.04290322580645162,0.0,0.12195121951219397,-0.012478173163555416
25,4,859443,0,205,31.61,0.08,6.65,10.746,0.07819221967963286,-5.2914547933165856e-05,0.08399999999999963,-0.0006299350944424534,0.04290322580645162,0.0,0.0,-0.015294447298370059
25,4,859486,0,205,31.5,0.08,6.65,10.789,0.07749264465511504,-5.619225551722629e-05,0.08399999999999963,-0.0006689554228241254,0.04290322580645162,-0.007680491551459364,0.0,-0.017629477420258652
25,4,859527,0,205,31.39,0.08,6.55,10.83,0.07671134357633114,-5.9461630047268344e-05,0.08300000000000018,-0.000716405181292388,0.04225806451612903,-0.007773027594247979,0.0,-0.019417322772619986
25,4,859569,0,205,31.28,0.08,6.55,10.872,0.07588100686498758,-6.210511727055135e-05,0.08300000000000018,-0.0007482544249464001,0.04225806451612903,0.0,-0.12048192771084304,-0.020205043777594505
25,4,859610,0,205,31.28,0.07,6.55,10.913,0.07503432494279079,-6.374497496621955e-05,0.08200000000000074,-0.0007773777434904753,0.04225806451612903,-0.007867820613689973,0.0,-0.020451446750492028
25,4,859651,0,205,31.17,0.08,6.45,10.954,0.07420398823144722,-6.4334321121863e-05,0.08199999999999896,-0.0007845648917300465,0.04161290322580645,-0.007867820613690145,0.0,-0.019654119391798574
25,4,859692,0,205,31.06,0.07,6.45,10.995,0.07342268715266333,-6.413540703464183e-05,0.08099999999999952,-0.0007917951485758298,0.04161290322580645,0.0,-0.12345679012345746,-0.018282421028416238
25,4,859732,0,205,31.06,0.07,6.45,11.035,0.07272311212814551,-6.35922763276291e-05,0.0810000000000013,-0.0007850898312052849,0.04161290322580645,-0.007964954201513252,0.0,-0.01586090830942031
25,4,859773,0,205,30.95,0.07,6.35,11.076,0.07213795357960026,-6.313619567903839e-05,0.08300000000000018,-0.0007606770563739548,0.040967741935483866,-0.007773027594247979,0.0,-0.02319838359649743
25,4,859815,0,205,30.84,0.07,6.35,11.118,0.07079764628963622,-6.298716327294151e-05,0.08300000000000018,-0.0007588814852161611,0.040967741935483866,0.0,0.0,-0.023789174350228443
25,4,859856,0,205,30.73,0.07,6.35,11.159,0.0701634521085313,-6.30322348092065e-05,0.08399999999999963,-0.0007503837477286522,0.040967741935483866,0.0,0.0,-0.012959417176481466
25,4,859899,0,205,30.73,0.07,6.35,11.202,0.06970905524681179,-6.286193062172263e-05,0.08399999999999963,-0.0007483563169252727,0.040967741935483866,-0.00768049155145928,0.0,-0.008289356932704278
25,4,859940,0,205,30.62,0.07,6.25,11.243,0.06946714612618414,-6.199063739350841e-05,0.10200000000000031,-0.0006077513469951786,0.04032258064516129,-0.006325110689437008,0.0,-0.0023396086123235525
25,4,860001,0,205,30.4,0.07,6.25,11.304,0.06947041516835478,-6.016629637705773e-05,0.10200000000000031,-0.0005898656507554661,0.04032258064516129,-0.006325110689437008,0.0,0.0027883006749609834
25,4,860042,0,205,30.4,0.07,6.15,11.345,0.06975155279503016,-5.757768003232044e-05,0.08199999999999896,-0.0007021668296624533,0.03967741935483871,-0.00786782061369006,0.0,-0.0003587973114121189
25,4,860083,0,205,30.29,0.07,6.15,11.386,0.06944099378881899,-5.4803175852096153e-05,0.08199999999999896,-0.0006683314128304494,0.03967741935483871,0.0,0.0,0.0030298439630359344
25,4,860124,0,205,30.18,0.07,6.15,11.427,0.0699999999999991,-5.2511048811299863e-05,0.08200000000000074,-0.0006403786440402364,0.03967741935483871,0.0,0.0,0.013634297833661239
25,4,860165,0,205,30.18,0.07,6.15,11.468,0.07055900621117922,-5.109708696002979e-05,0.08300000000000018,-0.0006156275537352973,0.03967741935483871,0.0,0.0,0.0029933398189029266
25,4,860207,0,205,30.07,0.07,6.15,11.51,0.07024844720496805,-5.049441018662027e-05,0.08300000000000018,-0.0006083663877906043,0.03967741935483871,-0.007773027594247979,0.0,-0.007089489044769975
25,4,860248,0,205,29.96,0.07,6.05,11.551,0.06997057862046331,-5.027018654172544e-05,0.08399999999999963,-0.0005984546016872103,0.03903225806451613,-0.007680491551459364,0.0,-0.006226746991702862
25,4,860291,0,205,29.85,0.07,6.05,11.594,0.06972540045766501,-4.9930712634420616e-05,0.08399999999999963,-0.0005944132456478671,0.03903225806451613,0.0,0.0,-0.005448403617740107
25,4,860332,0,205,29.74,0.07,6.05,11.635,0.06951291271657314,-4.923850737216462e-05,0.0810000000000013,-0.000607882807063751,0.03903225806451613,-0.007964954201513165,0.0,-0.004843025437991059
25,4,860372,0,205,29.74,0.07,5.95,11.675,0.06933311539718773,-4.83628520117465e-05,0.08099999999999952,-0.0005970722470586023,0.03838709677419355,-0.00796495420151334,0.0,-0.004035854531659247
25,4,860413,0,205,29.63,0.07,5.95,11.716,0.06918600849950875,-4.77871835800725e-05,0.08299999999999841,-0.0005757491997599207,0.03838709677419355,0.0,0.0,-0.003150884019897797
25,4,860455,0,205,29.52,0.07,5.95,11.758,0.06907159202353622,-4.802115788762862e-05,0.08300000000000018,-0.0005785681673208254,0.03838709677419355,0.0,0.0,-0.0023631630149232134
25,4,860496,0,205,29.41,0.07,5.95,11.799,0.06898986596927012,-4.927561737014852e-05,0.08200000000000074,-0.0006009221630505863,0.03838709677419355,0.0,0.0,-0.0015946547173872547
25,4,860537,0,205,29.41,0.07,5.95,11.84,0.06894083033671046,-5.129353306892259e-05,0.08200000000000074,-0.0006255308910844162,0.03838709677419355,-0.007867820613689973,-0.12195121951219413,-0.000797327358693712
25,4,860578,0,205,29.3,0.06,5.85,11.881,0.06892448512585723,-5.3437906893953445e-05,0.08200000000000074,-0.0006516817913896703,0.03774193548387097,-0.007867820613689973,0.0,0.0
25,4,860619,0,205,29.19,0.07,5.85,11.922,0.06894083033671046,-5.49753045188206e-05,0.09500000000000064,-0.0005786874159875814,0.03774193548387097,0.0,0.10526315789473623,0.0006882194043461529
25,4,860673,0,205,29.19,0.07,5.85,11.976,0.06898986596927012,-5.539054672604937e-05,0.09699999999999953,-0.0005710365641860787,0.03774193548387097,-0.006651147322913266,0.0,0.007111009257792528
25,4,860716,0,205,28.97,0.07,5.75,12.019,0.06963059823471633,-5.458168726607315e-05,0.08599999999999852,-0.0006346707821636523,0.037096774193548385,-0.007501875468867381,0.0,0.00516964808380905
25,4,860759,0,205,28.97,0.07,5.75,12.062,0.06943445570447769,-5.2865542312514614e-05,0.0860000000000003,-0.0006147156082850515,0.037096774193548385,0.0,0.0,0.0026988603966943948
25,4,860802,0,205,28.86,0.07,5.75,12.105,0.06986270022883205,-5.081496994686585e-05,0.08699999999999974,-0.0005840801143317931,0.037096774193548385,0.0,0.0,0.0006012031578195698
25,4,860846,0,205,28.75,0.07,5.75,12.149,0.06948676037920799,-4.902197665694974e-05,0.08699999999999974,-0.0005634709960568952,0.037096774193548385,-0.006674082313681848,0.0,-0.007515039472744783
25,4,860889,0,205,28.64,0.07,5.66,12.192,0.06920889179470326,-4.789740459487746e-05,0.0860000000000003,-0.0005569465650567127,0.036516129032258066,-0.0067516879219804305,0.0,-0.005321696556862227
25,4,860932,0,205,28.64,0.07,5.66,12.235,0.06902909447531784,-4.756570820488015e-05,0.0860000000000003,-0.0005530896302893022,0.036516129032258066,0.0,0.0,-0.0030409694610640838
25,4,860975,0,205,28.53,0.07,5.66,12.278,0.06894736842105174,-4.7855331524180756e-05,0.08699999999999974,-0.0005500612818871367,0.036516129032258066,0.0,0.0,-0.0007515039472743826
25,4,861019,0,205,28.42,0.07,5.66,12.322,0.06896371363190497,-4.837436048782529e-05,0.08900000000000041,-0.0005435321403126412,0.036516129032258066,-0.007249003262051469,0.0,-0.002387502708897201
25,4,861064,0,205,28.31,0.07,5.56,12.367,0.06873488067995989,-4.865814149518677e-05,0.08800000000000097,-0.0005529334260816617,0.03587096774193548,-0.007331378299120188,0.0,-0.007986864394186895
25,4,861107,0,205,28.31,0.07,5.56,12.41,0.06826086956521651,-4.83402503746948e-05,0.08599999999999852,-0.0005620959345894841,0.03587096774193548,0.0,-0.11627906976744397,-0.009883150748458719
25,4,861150,0,205,28.2,0.06,5.56,12.453,0.06788492971559246,-4.727794149733544e-05,0.08699999999999974,-0.0005434246149119032,0.03587096774193548,0.0,0.0,-0.007515039472744783
25,4,861194,0,205,28.09,0.07,5.56,12.497,0.06760706113108772,-4.5599180090962754e-05,0.08699999999999974,-0.0005241285067926768,0.03587096774193548,-0.007415647015202053,0.0,0.0011648311182754366
25,4,861237,0,205,28.09,0.06,5.46,12.54,0.06798627002288242,-4.367707222767603e-05,0.0860000000000003,-0.0005078729328799521,0.035225806451612905,-0.0075018754688671455,0.0,-0.0001520484730531235
25,4,861280,0,205,27.98,0.07,5.46,12.583,0.06759398496240515,-4.2031111903087394e-05,0.0860000000000003,-0.0004887338593382238,0.035225806451612905,0.0,0.11627906976744155,-0.001102351429635791
25,4,861323,0,205,27.87,0.07,5.46,12.626,0.06789146779993374,-4.115565113926056e-05,0.0860000000000003,-0.00047855408301465603,0.035225806451612905,0.0,0.0,0.004827539019439254
25,4,861366,0,205,27.76,0.07,5.46,12.669,0.06800915331807693,-4.1333303437316003e-05,0.0860000000000003,-0.0004806198074106495,0.035225806451612905,0.0,0.0,0.0010263271931092292
25,4,861409,0,205,27.65,0.07,5.46,12.712,0.06797973193854114,-4.253835609521239e-05,0.08799999999999919,-0.00048339041017287255,0.035225806451612905,-0.0073313782991203365,0.0,-0.0019688549436833363
25,4,861454,0,205,27.65,0.07,5.36,12.757,0.0678358940830328,-4.448522299555613e-05,0.08800000000000097,-0.0005055138976767686,0.03458064516129032,-0.007331378299120188,-0.1136363636363625,-0.004197747332758738
25,4,861497,0,205,27.54,0.06,5.36,12.8,0.06761033017325836,-4.676767168981577e-05,0.0860000000000003,-0.0005438101359280885,0.03458064516129032,0.0,0.0,-0.005815854094285202
25,4,861540,0,205,27.43,0.07,5.36,12.843,0.06733573063092427,-4.898810324337965e-05,0.08699999999999974,-0.0005630816464756299,0.03458064516129032,0.0,0.11494252873563263,-0.006500509143924159
25,4,861584,0,205,27.32,0.07,5.36,12.887,0.06704478587773696,-5.082906910465557e-05,0.08699999999999974,-0.0005842421736167324,0.03458064516129032,-0.007415647015202133,0.0,-0.02329662236550873
25,4,861627,0,205,27.32,0.07,5.26,12.93,0.06530892448512501,-5.208109404113248e-05,0.0860000000000003,-0.0006055941167573523,0.03393548387096774,-0.007501875468867226,-0.11627906976744155,-0.023567513323247052
25,4,861670,0,205,27.21,0.06,5.26,12.973,0.06501797973193771,-5.2641984740732004e-05,0.0860000000000003,-0.0006121161016364165,0.03393548387096774,0.0,0.0,-0.017067441100222475
25,4,861713,0,205,27.1,0.07,5.26,13.016,0.06384112455050588,-5.248894444032448e-05,0.08599999999999852,-0.0006103365632595974,0.03393548387096774,0.0,0.0,-0.02067859233523668
25,4,861756,0,205,27.1,0.06,5.26,13.059,0.06323962079110738,-5.164707151737069e-05,0.0860000000000003,-0.0006005473432252385,0.03393548387096774,-0.0075018754688671455,-0.11627906976744155,-0.013418277746945572
25,4,861799,0,205,26.99,0.06,5.16,13.102,0.06268715266426855,-5.0191156446381946e-05,0.08800000000000097,-0.0005703540505270613,0.03329032258064516,-0.00733137829912011,0.0,-0.011627388629676615
25,4,861844,0,205,26.88,0.06,5.16,13.147,0.06221641059169583,-4.8278021358914455e-05,0.08799999999999919,-0.0005486138790785784,0.03329032258064516,0.0,0.0,-0.00939849624060152
25,4,861887,0,205,26.88,0.06,5.16,13.19,0.06186008499509563,-4.616797282973728e-05,0.08699999999999974,-0.0005306663543647979,0.03329032258064516,0.0,0.0,-0.0065005091439243184
25,4,861931,0,205,26.66,0.06,5.16,13.234,0.06165086629617442,-4.421006189816179e-05,0.08699999999999974,-0.0005081616310133554,0.03329032258064516,-0.007415647015202133,0.0,-0.013113743879939587
25,4,861974,0,205,26.55,0.06,5.06,13.277,0.060719189277540886,-4.279207671665564e-05,0.0860000000000003,-0.0004975822874029708,0.03264516129032258,-0.007501875468867226,0.0,-0.019576240905600464
25,4,862017,0,205,26.55,0.06,5.06,13.32,0.05996730957829277,-4.224651880099195e-05,0.0860000000000003,-0.000491238590709207,0.03264516129032258,0.0,0.11627906976744155,-0.004903563255965976
25,4,862060,0,205,26.55,0.07,5.06,13.363,0.06029748283752781,-4.270806085441681e-05,0.0860000000000003,-0.0004966053587722867,0.03264516129032258,0.0,0.0,0.010149235576301643
25,4,862103,0,205,26.43,0.06,5.06,13.406,0.060840143837854715,-4.398060560881944e-05,0.0860000000000003,-0.0005114023908002243,0.03264516129032258,0.0,-0.11627906976744155,0.004979587492492539
25,4,862146,0,205,26.32,0.06,5.06,13.449,0.06072572736188217,-4.552218232049565e-05,0.0860000000000003,-0.0005293277014011104,0.03264516129032258,-0.0075018754688671455,0.0,0.006690132814341146
25,4,862189,0,205,26.32,0.06,4.96,13.492,0.061415495259888056,-4.660267452517175e-05,0.08800000000000097,-0.000529575846876946,0.032,-0.00733137829912011,0.0,0.008581235697940325
25,4,862234,0,205,26.21,0.06,4.96,13.537,0.06148087610330093,-4.65699252316778e-05,0.08899999999999864,-0.0005232575868727923,0.032,0.0,0.0,0.0007346162181221584
25,4,862278,0,205,26.1,0.06,4.96,13.581,0.06148087610330093,-4.509832051046825e-05,0.08699999999999974,-0.0005183715001203262,0.032,0.0,0.0,-0.0007515039472743826
25,4,862321,0,205,25.99,0.06,4.96,13.624,0.061415495259888056,-4.2332353197672925e-05,0.0860000000000003,-0.0004922366650892184,0.032,-0.0075018754688671455,0.0,-0.0022807270957981435
25,4,862364,0,205,25.88,0.06,4.86,13.667,0.061284733573062286,-3.8893415592766264e-05,0.0860000000000003,-0.0004522490185205364,0.031354838709677424,-0.0075018754688671455,0.0,-0.003801211826330186
25,4,862407,0,205,25.88,0.06,4.86,13.71,0.06108859104282366,-3.573039537204004e-05,0.0860000000000003,-0.0004154697136283711,0.031354838709677424,0.0,0.11627906976744155,-0.005321696556862227
25,4,862450,0,205,25.77,0.07,4.86,13.753,0.06082706766917213,-3.3817341496429345e-05,0.08599999999999852,-0.0003932249011212782,0.031354838709677424,0.0,0.0,-0.006842181287394572
25,4,862493,0,205,25.66,0.06,4.86,13.796,0.060500163452107736,-3.378718457379559e-05,0.0860000000000003,-0.0003928742392301799,0.031354838709677424,0.0,-0.11627906976744155,0.00212867862274502
25,4,862536,0,205,25.66,0.06,4.86,13.839,0.061010134030728205,-3.56720917614064e-05,0.0860000000000003,-0.0004147917646675149,0.031354838709677424,0.0,0.0,0.0049795874924927
25,4,862579,0,205,25.55,0.06,4.86,13.882,0.06092840797646211,-3.889244755611276e-05,0.0860000000000003,-0.00045223776228037936,0.031354838709677424,-0.007501875468867266,0.0,-0.0022807270957981435
25,4,862622,0,205,25.44,0.06,4.76,13.925,0.060813991500489564,-4.249638221535701e-05,0.08900000000000041,-0.00047748744062198667,0.030709677419354837,-0.007249003262051508,0.0,-0.002938464872489043
25,4,862668,0,205,25.33,0.06,4.76,13.971,0.060666884602810583,-4.5511715601757706e-05,0.08899999999999864,-0.0005113675910309933,0.030709677419354837,0.0,0.0,-0.0036730810906112597
25,4,862711,0,205,25.22,0.06,4.76,14.014,0.06048708728342517,-4.724347145379149e-05,0.0860000000000003,-0.0005493426913231549,0.030709677419354837,0.0,0.0,-0.004561454191596287
25,4,862754,0,205,25.22,0.06,4.76,14.057,0.0602745995423333,-4.743100708849024e-05,0.0860000000000003,-0.0005515233382382567,0.030709677419354837,-0.0075018754688671455,0.0,-0.005321696556862227
25,4,862797,0,205,25.11,0.06,4.66,14.1,0.060029421379535014,-4.626272016479849e-05,0.0860000000000003,-0.0005379386065674224,0.03006451612903226,-0.0075018754688671455,0.0,-0.0060819389221281675
25,4,862840,0,205,25.11,0.06,4.66,14.143,0.05975155279503028,-4.426578781276813e-05,0.0860000000000003,-0.0005147184629391625,0.03006451612903226,0.0,0.0,-0.006842181287394431
25,4,862883,0,205,25.0,0.06,4.66,14.186,0.05944099378881909,-4.2096331767213614e-05,0.08599999999999852,-0.0004894922298513295,0.03006451612903226,0.0,0.0,0.00288892098801102
25,4,862926,0,205,24.89,0.06,4.66,14.229,0.05999999999999922,-4.030653134833262e-05,0.0860000000000003,-0.0004686805970736335,0.03006451612903226,0.0,0.0,0.006500072223024742
25,4,862969,0,205,24.78,0.06,4.66,14.272,0.05999999999999922,-3.9200543517410756e-05,0.0860000000000003,-0.00045582027345826304,0.03006451612903226,-0.007501875468867226,0.0,0.0
25,4,863012,0,205,24.78,0.06,4.56,14.315,0.05999999999999922,-3.8830629455849144e-05,0.08900000000000041,-0.0004362992073690895,0.029419354838709676,-0.007249003262051469,0.0,0.0
25,4,863058,0,205,24.67,0.06,4.56,14.361,0.05999999999999922,-3.90733252558757e-05,0.08900000000000041,-0.0004390261264705115,0.029419354838709676,0.0,0.0,0.0
25,4,863101,0,205,24.67,0.06,4.56,14.404,0.05999999999999922,-3.96897366239779e-05,0.08599999999999852,-0.0004615085653950998,0.029419354838709676,0.0,0.0,0.0
25,4,863144,0,205,24.56,0.06,4.56,14.447,0.05999999999999922,-4.035019876362078e-05,0.0860000000000003,-0.0004691883577165191,0.029419354838709676,0.0,0.0,0.0
25,4,863187,0,205,24.45,0.06,4.56,14.49,0.05999999999999922,-4.068339479355565e-05,0.0860000000000003,-0.0004730627301576222,0.029419354838709676,-0.007501875468867185,0.0,0.0
25,4,863230,0,205,24.45,0.06,4.46,14.533,0.05999999999999922,-4.038589124541936e-05,0.0860000000000003,-0.00046960338657464206,0.028774193548387096,-0.007501875468867185,0.0,0.0065000722230245805
25,4,863273,0,205,24.34,0.06,4.46,14.576,0.060559006211179336,-3.933736438459601e-05,0.0860000000000003,-0.0004574112137743706,0.028774193548387096,0.0,0.0,0.002888920988010799
25,4,863316,0,205,24.23,0.06,4.46,14.619,0.06024844720496815,-3.7637696912290686e-05,0.08699999999999974,-0.00043261720588839997,0.028774193548387096,0.0,0.0,-0.0067635355254704
25,4,863360,0,205,24.23,0.06,4.46,14.663,0.05997057862046341,-3.5556356356456045e-05,0.08699999999999974,-0.00040869375122363393,0.028774193548387096,0.0,0.0,-0.006012031578195699
25,4,863403,0,205,24.12,0.06,4.46,14.706,0.059725400457665126,-3.3461555945881294e-05,0.08900000000000041,-0.0003759725387177656,0.028774193548387096,-0.006524102935846291,0.0,-0.005142313526855629
25,4,863449,0,205,24.12,0.06,4.37,14.752,0.05951291271657326,-3.1775022573617305e-05,0.08900000000000041,-0.0003570227255462602,0.028193548387096774,-0.006524102935846291,0.0,-0.004407697308733486
25,4,863492,0,205,24.01,0.06,4.37,14.795,0.059333115397187844,-3.091549589844256e-05,0.08599999999999852,-0.00035948251044701267,0.028193548387096774,0.0,0.0,-0.003801211826330103
25,4,863535,0,205,23.9,0.06,4.37,14.838,0.05918600849950888,-3.1174413039957824e-05,0.0860000000000003,-0.00036249317488322924,0.028193548387096774,0.0,0.0,-0.0030409694610640838
25,4,863578,0,205,23.79,0.06,4.37,14.881,0.05907159202353633,-3.255186638002172e-05,0.0860000000000003,-0.00037851007418629776,0.028193548387096774,0.0,0.0,-0.0022807270957981435
25,4,863621,0,205,23.79,0.06,4.37,14.924,0.058989865969270236,-3.4672765064076574e-05,0.0860000000000003,-0.0004031716867915867,0.028193548387096774,0.0,0.0,-0.0015204847305320419
25,4,863664,0,205,23.68,0.06,4.37,14.967,0.058940830336710576,-3.688743019039009e-05,0.0860000000000003,-0.0004289236068649996,0.028193548387096774,-0.007501875468867226,-0.1162790697674414,-0.0007602423652661017
25,4,863707,0,205,23.57,0.05,4.27,15.01,0.05892448512585735,-3.8535801510676036e-05,0.0860000000000003,-0.00044809071524041746,0.02754838709677419,-0.007501875468867226,0.0,0.0
25,4,863750,0,205,23.57,0.06,4.27,15.053,0.058940830336710576,-3.922950565956462e-05,0.0860000000000003,-0.00045615704255307543,0.02754838709677419,0.0,0.1162790697674414,0.0007602423652661017
25,4,863793,0,205,23.46,0.06,4.27,15.096,0.058989865969270236,-3.899352679168544e-05,0.08899999999999864,-0.00043812951451332625,0.02754838709677419,0.0,0.0,0.007750201101189691
25,4,863839,0,205,23.46,0.06,4.27,15.142,0.05963059823471645,-3.82124026717996e-05,0.08900000000000041,-0.0004293528390089822,0.02754838709677419,-0.0072490032620513905,0.0,0.0049953902832311076
25,4,863882,0,205,23.35,0.06,4.17,15.185,0.05943445570447781,-3.744019212267524e-05,0.0860000000000003,-0.0004353510711938966,0.026903225806451613,0.0,0.0,0.0026988603966943948
25,4,863925,0,205,23.24,0.06,4.27,15.228,0.059862700228832166,-3.717509079732206e-05,0.08699999999999974,-0.0004272998942220939,0.02754838709677419,0.0,0.0,0.0006012031578195698
25,4,863969,0,205,23.24,0.06,4.17,15.272,0.05948676037920811,-3.768251261483968e-05,0.08699999999999974,-0.0004331323289062045,0.026903225806451613,-0.007415647015202053,0.0,-0.007515039472744783
25,4,864012,0,205,23.13,0.06,4.17,15.315,0.05920889179470337,-3.8917462650987386e-05,0.0860000000000003,-0.00045252863547659593,0.026903225806451613,0.0,0.0,-0.005321696556862227
25,4,864055,0,205,23.13,0.06,4.17,15.358,0.059029094475317956,-4.056056324693635e-05,0.0860000000000003,-0.0004716344563597234,0.026903225806451613,0.0,0.0,-0.0030409694610640838
25,4,864098,0,205,23.02,0.06,4.17,15.401,0.05894736842105186,-4.2145849241773445e-05,0.0860000000000003,-0.0004900680144392244,0.026903225806451613,-0.007501875468867185,0.0,-0.0007602423652659403
25,4,864141,0,205,22.91,0.06,4.07,15.444,0.058963713631905085,-4.3224600535120674e-05,0.0860000000000003,-0.0005026116341293084,0.026258064516129033,-0.007501875468867185,0.0,-0.008970859910139128
25,4,864184,0,205,22.91,0.06,4.07,15.487,0.05817587446877989,-4.348645292144937e-05,0.08799999999999919,-0.0004941642377437474,0.026258064516129033,0.0,0.0,-0.010810128087015985
25,4,864229,0,205,22.8,0.06,4.07,15.532,0.05801242236024769,-4.278439102888409e-05,0.08799999999999919,-0.0004861862616918692,0.026258064516129033,0.0,-0.11363636363636463,0.003380486790097722
25,4,864272,0,205,22.69,0.05,4.07,15.575,0.05847335730630849,-4.109357409491654e-05,0.08699999999999974,-0.00047233993212547886,0.026258064516129033,0.0,0.0,0.0013527071050940323
25,4,864316,0,205,22.58,0.06,4.07,15.619,0.05813010787839087,-3.849286825808829e-05,0.08700000000000152,-0.00044244676158721396,0.026258064516129033,-0.007415647015201942,0.0,-0.006763535525470182
25,4,864359,0,205,22.58,0.05,3.97,15.662,0.05788492971559257,-3.5209151132259195e-05,0.0860000000000003,-0.00040940873409603574,0.025612903225806453,-0.007501875468867185,0.0,-0.004561454191596206
25,4,864402,0,205,22.47,0.06,3.97,15.705,0.05773782281791359,-3.165721916061104e-05,0.08599999999999852,-0.00036810719954199513,0.025612903225806453,0.0,0.1162790697674438,-0.00228072709579811
25,4,864445,0,205,22.47,0.06,3.97,15.748,0.05768878718535394,-2.8377546984792e-05,0.0860000000000003,-0.0003299714765673477,0.025612903225806453,0.0,0.0,0.0
25,4,864488,0,205,22.36,0.06,3.97,15.791,0.05773782281791359,-2.5865915807247397e-05,0.0860000000000003,-0.00030076646287496866,0.025612903225806453,0.0,0.0,0.008780799318822642
25,4,864531,0,205,22.36,0.06,3.97,15.834,0.05844393592677269,-2.4400260472102976e-05,0.0860000000000003,-0.0002837239589779406,0.025612903225806453,0.0,0.0,0.007450375179607248
25,4,864574,0,205,22.25,0.06,3.97,15.877,0.05837855508335982,-2.3980176957433042e-05,0.08900000000000041,-0.0002694401905329543,0.025612903225806453,-0.0072490032620514296,0.0,0.0
25,4,864620,0,205,22.14,0.06,3.87,15.923,0.05844393592677269,-2.4401606878796222e-05,0.08899999999999864,-0.0002741753581887258,0.024967741935483873,0.0,0.0,0.0029384648724889452
25,4,864663,0,205,22.14,0.06,3.97,15.966,0.05864007845701133,-2.539254172955552e-05,0.0860000000000003,-0.00029526211313436545,0.025612903225806453,0.0,-0.1162790697674414,0.006081938922128329
25,4,864706,0,205,21.92,0.05,3.87,16.009,0.05896698267407573,-2.6714343216566406e-05,0.0860000000000003,-0.00031063189786705015,0.024967741935483873,-0.007501875468867185,0.0,-0.0013684362574789184
25,4,864749,0,205,21.92,0.06,3.87,16.052,0.05852239293886814,-2.8177650509145558e-05,0.08599999999999852,-0.0003276470989435586,0.024967741935483873,0.0,0.1162790697674438,-0.0026988603966944503
25,4,864792,0,205,21.92,0.06,3.87,16.095,0.05873488067996001,-2.958310653186258e-05,0.08600000000000207,-0.0003439896108356031,0.024967741935483873,0.0,0.0,-0.0044094057185427495
25,4,864835,0,205,21.92,0.06,3.87,16.138,0.05814318404707346,-3.065246235237229e-05,0.08600000000000207,-0.0003564239808415296,0.024967741935483873,0.0,0.0,-0.006500072223024446
25,4,864878,0,205,21.7,0.06,3.87,16.181,0.05817587446877989,-3.1043904587971126e-05,0.08599999999999852,-0.0003609756347438565,0.024967741935483873,0.0,0.0,0.001520484730531912
25,4,864921,0,205,21.7,0.06,3.87,16.224,0.0582739457338992,-3.0502917534496633e-05,0.08599999999999852,-0.0003546850876104321,0.024967741935483873,-0.007501875468867381,-0.1162790697674438,0.009541041684088862
25,4,864964,0,205,21.59,0.05,3.77,16.267,0.05899640405361152,-2.908442793700017e-05,0.08899999999999864,-0.0003267913251348384,0.02432258064516129,-0.0072490032620516134,0.0,0.013480207602543369
25,4,865010,0,205,21.59,0.06,3.77,16.313,0.05947368421052554,-2.728169841169237e-05,0.08900000000000219,-0.0003065359372100191,0.02432258064516129,0.0,0.11235955056179493,0.0020569254107422577
25,4,865053,0,205,21.48,0.06,3.77,16.356,0.059179470415167586,-2.5920749517064135e-05,0.08600000000000207,-0.00030140406415190126,0.02432258064516129,0.0,0.0,-0.005321696556862118
25,4,865096,0,205,21.48,0.06,3.77,16.399,0.05901601830663539,-2.5831133993916122e-05,0.08599999999999852,-0.00030036202318507634,0.02432258064516129,0.0,0.0,-0.0022807270957982714
25,4,865139,0,205,21.37,0.06,3.77,16.442,0.05898332788492894,-2.746346953362222e-05,0.08599999999999852,-0.00031934266899561267,0.02432258064516129,0.0,0.0,-0.0032310300523807163
25,4,865182,0,205,21.26,0.06,3.77,16.485,0.05873814972213065,-3.066394679200313e-05,0.08599999999999852,-0.0003565575208372518,0.02432258064516129,0.0,0.0,-0.008172605426609915
25,4,865225,0,205,21.26,0.06,3.77,16.528,0.0582804838182405,-3.4717448810197557e-05,0.08600000000000207,-0.00040369126523484556,0.02432258064516129,-0.007501875468867031,0.0,-0.009122908383192225
25,4,865268,0,205,21.15,0.06,3.67,16.571,0.0579535796011761,-3.8612084235296604e-05,0.08600000000000207,-0.00044897772366622876,0.02367741935483871,-0.007501875468867031,0.0,0.00041813330089632305
25,4,865311,0,205,21.15,0.06,3.67,16.614,0.05831644328211758,-4.136547488434905e-05,0.08599999999999852,-0.000480993894004067,0.02367741935483871,0.0,0.0,-0.00015204847305328803
25,4,865354,0,205,21.04,0.06,3.67,16.657,0.05794050343249352,-4.2264108936851395e-05,0.08699999999999974,-0.0004857943555959945,0.02367741935483871,0.0,-0.11494252873563246,-0.00033817677627356787
25,4,865398,0,205,21.04,0.05,3.67,16.701,0.05828702190258178,-4.0981665322310956e-05,0.08899999999999864,-0.0004604681496888942,0.02367741935483871,0.0,-0.11235955056179942,-0.004003658388766247
25,4,865443,0,205,20.93,0.05,3.67,16.746,0.05758417783589333,-3.7636405490173e-05,0.08800000000000097,-0.00042768642602468844,0.02367741935483871,-0.007331378299120149,0.11363636363636233,-0.017645398080180213
25,4,865486,0,205,20.82,0.06,3.57,16.789,0.056734226871525906,-3.282173616022499e-05,0.08600000000000207,-0.0003816480948863279,0.02303225806451613,-0.007501875468867031,0.116279069767439,-0.017485574401118364
25,4,865529,0,205,20.82,0.06,3.57,16.832,0.05608041843739711,-2.7549247673112288e-05,0.08599999999999852,-0.0003203400892222414,0.02303225806451613,0.0,0.0,-0.012924120209522865
25,4,865572,0,205,20.71,0.06,3.57,16.875,0.05562275253350696,-2.302192329893371e-05,0.08599999999999852,-0.00026769678254574543,0.02303225806451613,0.0,-0.1162790697674438,-0.0018625937949017697
25,4,865615,0,205,20.6,0.05,3.57,16.918,0.05592023537103556,-2.0259187160593495e-05,0.08599999999999852,-0.0002355719437278354,0.02303225806451613,0.0,0.0,-0.0009122908383192441
25,4,865658,0,205,20.6,0.06,3.57,16.961,0.055544295521411505,-1.9726769595712845e-05,0.08600000000000207,-0.00022938104181060895,0.02303225806451613,0.0,0.116279069767439,0.0004181333008962424
25,4,865701,0,205,20.49,0.06,3.57,17.004,0.05595619483491264,-2.116023485755125e-05,0.08699999999999974,-0.00024322109031668177,0.02303225806451613,0.0,-0.11494252873563246,0.008529569801565247
25,4,865745,0,205,20.49,0.05,3.57,17.048,0.05628636809414768,-2.3688686337322463e-05,0.08699999999999974,-0.00027228375100370726,0.02303225806451613,0.0,0.0,0.007026561907016403
25,4,865788,0,205,20.38,0.06,3.57,17.091,0.056567505720823065,-2.622184314905196e-05,0.08800000000000097,-0.00029797549033013264,0.02303225806451613,-0.007331378299120149,0.0,0.006203750482926604
25,4,865833,0,205,20.38,0.05,3.47,17.136,0.056832298136645226,-2.792624697890167e-05,0.08799999999999741,-0.00031734371566934647,0.022387096774193548,-0.007331378299120445,-0.11363636363636692,-0.010401497815685683
25,4,865876,0,205,20.27,0.05,3.47,17.179,0.05565217391304275,-2.8552893114777155e-05,0.08699999999999974,-0.00032819417373307173,0.022387096774193548,0.0,0.11494252873563246,-0.027317168483427204
25,4,865920,0,205,20.16,0.06,3.47,17.223,0.054455704478587066,-2.844920791185368e-05,0.08699999999999974,-0.00032700238979142257,0.022387096774193548,0.0,0.11494252873563246,-0.011272559209117095
25,4,865963,0,205,20.16,0.06,3.47,17.266,0.05467146126184957,-2.827304524832197e-05,0.08600000000000207,-0.00032875634009675917,0.022387096774193548,0.0,0.0,0.004827539019439154
25,4,866006,0,205,20.16,0.06,3.47,17.309,0.054870872834258844,-2.859970025781289e-05,0.0870000000000033,-0.00032873218687140006,0.022387096774193548,0.0,-0.11494252873562777,-0.0016533086840037497
25,4,866050,0,205,20.05,0.05,3.47,17.353,0.054527623406341236,-2.9651100511481677e-05,0.08699999999999974,-0.0003408172472584111,0.022387096774193548,0.0,0.0,-0.007702915459563299
25,4,866093,0,205,20.05,0.06,3.47,17.396,0.05420071918927684,-3.126763857501658e-05,0.08599999999999852,-0.0003635771927327572,0.022387096774193548,-0.007501875468867341,0.0,-0.0009122908383192441
25,4,866136,0,205,19.94,0.05,3.37,17.439,0.05444916639424578,-3.307399080979145e-05,0.08599999999999852,-0.0003845812884859537,0.021741935483870968,-0.007501875468867341,-0.1162790697674438,-0.00015204847305320734
25,4,866179,0,205,19.83,0.05,3.37,17.482,0.05418764302059426,-3.467500179846361e-05,0.08800000000000097,-0.00039403411134617303,0.021741935483870968,0.0,0.0,-0.005386489940265598
25,4,866224,0,205,19.72,0.05,3.37,17.527,0.053975155279502404,-3.5738633673166655e-05,0.08800000000000097,-0.0004061208371950712,0.021741935483870968,0.0,0.0,0.0020802995631369267
25,4,866267,0,205,19.72,0.05,3.37,17.57,0.054370709382150315,-3.5961981261662505e-05,0.08599999999999852,-0.0004181625728100363,0.021741935483870968,0.0,0.1162790697674438,-0.0068421812873944105
25,4,866310,0,205,19.72,0.06,3.37,17.613,0.053386727688786495,-3.5044079161146156e-05,0.08599999999999852,-0.0004074892925714739,0.021741935483870968,0.0,0.1162790697674438,-0.015813041197533725
25,4,866353,0,205,19.61,0.06,3.37,17.656,0.05301078783916244,-3.2781830595612685e-05,0.08699999999999974,-0.00037680265052428486,0.021741935483870968,-0.007415647015202093,-0.11494252873563246,-0.001653308684003897
25,4,866397,0,205,19.61,0.05,3.27,17.7,0.053242889833278156,-2.9269882827557047e-05,0.08699999999999974,-0.00033643543479950727,0.021096774193548388,-0.007415647015202093,-0.11494252873563246,0.00627505795974194
25,4,866440,0,205,19.5,0.05,3.27,17.743,0.053556717881659985,-2.5050103829275194e-05,0.08600000000000207,-0.00029128027708458823,0.021096774193548388,0.0,0.116279069767439,0.008628750845769341
25,4,866483,0,205,19.5,0.06,3.27,17.786,0.05398496240601434,-2.1051583117132734e-05,0.08600000000000207,-0.00024478585019921194,0.021096774193548388,0.0,0.0,0.001178375666162167
25,4,866526,0,205,19.39,0.05,3.27,17.829,0.053658058188949934,-1.8299174924639507e-05,0.08599999999999852,-0.00021278110377488164,0.021096774193548388,0.0,-0.1162790697674438,-0.005891878330811966
25,4,866569,0,205,19.28,0.05,3.27,17.872,0.05347826086956452,-1.752910902538396e-05,0.08800000000000097,-0.00019919442074299736,0.021096774193548388,0.0,0.11363636363636233,-0.00241463342149829
25,4,866614,0,205,19.17,0.06,3.27,17.917,0.05344557044785808,-1.890892866730187e-05,0.08800000000000097,-0.00021487418940115526,0.021096774193548388,0.0,0.0,-0.0029718565187671505
25,4,866657,0,205,19.17,0.05,3.27,17.96,0.053216737495913005,-2.199541356695045e-05,0.08599999999999852,-0.00025576062287152124,0.021096774193548388,0.0,-0.1162790697674438,-0.0076024236526605286
25,4,866700,0,205,19.17,0.05,3.27,18.003,0.05279176201372929,-2.5937341829008532e-05,0.08599999999999852,-0.0003015969980117323,0.021096774193548388,-0.006751687921980611,0.1162790697674438,-0.012163877844256748
25,4,866743,0,205,19.06,0.06,3.18,18.046,0.05217064400130694,-2.9805528503970002e-05,0.08699999999999974,-0.0003425922816548286,0.020516129032258065,-0.006674082313681888,0.0,-0.006162332367650671
25,4,866787,0,205,18.95,0.05,3.18,18.09,0.05225563909774368,-3.287147291062009e-05,0.08699999999999974,-0.0003778330219611516,0.020516129032258065,0.0,-0.11494252873563246,0.004020546117918394
25,4,866830,0,205,18.95,0.05,3.18,18.133,0.05252043151356584,-3.4708439356564646e-05,0.08599999999999852,-0.00040358650414610745,0.020516129032258065,0.0,0.0,-0.008362666017926564
25,4,866873,0,205,18.84,0.05,3.18,18.176,0.05153644982020201,-3.513243714781078e-05,0.08600000000000207,-0.0004085167110210457,0.020516129032258065,0.0,0.0,-0.01429255646700114
25,4,866916,0,205,18.84,0.05,3.18,18.219,0.051291271657403714,-3.411935064098781e-05,0.08600000000000207,-0.00039673663536031386,0.020516129032258065,0.0,0.0,0.00288892098801082
25,4,866959,0,205,18.84,0.05,3.18,18.262,0.051784897025170945,-3.182031516612227e-05,0.08799999999999741,-0.0003615944905241273,0.020516129032258065,-0.007331378299120445,0.11363636363636692,0.00338048679009779
25,4,867004,0,205,18.73,0.06,3.08,18.307,0.05158875449493231,-2.866301617238598e-05,0.08800000000000097,-0.0003257160928680189,0.019870967741935485,-0.007331378299120149,0.0,-0.005943713037534301
25,4,867047,0,205,18.73,0.05,3.08,18.35,0.05126185027786792,-2.5397251799397225e-05,0.08600000000000207,-0.0002953168813883327,0.019870967741935485,0.0,-0.116279069767439,0.0013684362574788902
25,4,867090,0,205,18.62,0.05,3.08,18.393,0.0517064400130755,-2.2944901036746844e-05,0.08699999999999974,-0.0002637344946752519,0.019870967741935485,0.0,0.0,0.0026678390128243613
25,4,867134,0,205,18.51,0.05,3.08,18.437,0.05149395227198364,-2.2056352849789907e-05,0.08699999999999974,-0.0002535212971240227,0.019870967741935485,0.0,0.0,-0.012437390327392531
25,4,867177,0,205,18.51,0.05,3.08,18.48,0.05062438705459235,-2.2936629784202634e-05,0.08599999999999852,-0.0002667049974907329,0.019870967741935485,0.0,0.0,-0.0072603145882907515
25,4,867220,0,205,18.51,0.05,3.08,18.523,0.050869565217390646,-2.505658171612346e-05,0.08599999999999852,-0.0002913556013502778,0.019870967741935485,0.0,0.0,0.008172605426609915
25,4,867263,0,205,18.4,0.05,3.08,18.566,0.05132723112128079,-2.728434785568057e-05,0.08600000000000207,-0.0003172598587869757,0.019870967741935485,0.0,0.116279069767439,0.009122908383192225
25,4,867306,0,205,18.29,0.06,3.08,18.609,0.051654135338345196,-2.8318521123756658e-05,0.08600000000000207,-0.0003292851293459997,0.019870967741935485,-0.007501875468867071,0.0,0.006081938922128204
25,4,867349,0,205,18.29,0.05,2.98,18.652,0.05185027786858383,-2.724756289763475e-05,0.08799999999999741,-0.00030963139656404033,0.0192258064516129,-0.007331378299120485,-0.11363636363636692,0.0029718565187672706
25,4,867394,0,205,18.18,0.05,2.98,18.697,0.05191565871199671,-2.3973637929677327e-05,0.08799999999999741,-0.00027242770374634126,0.0192258064516129,0.0,0.0,0.0
25,4,867437,0,205,18.18,0.05,2.98,18.74,0.05185027786858383,-1.9290524390045414e-05,0.08699999999999974,-0.00022173016540282152,0.0192258064516129,0.0,0.0,0.007364738683289891
25,4,867481,0,205,18.18,0.05,2.98,18.784,0.05255639097744293,-1.4582932318949916e-05,0.0870000000000033,-0.00016761991171206165,0.0192258064516129,0.0,0.0,0.0022545118418233747
25,4,867524,0,205,18.07,0.05,2.98,18.827,0.05204642039882247,-1.1301169243030263e-05,0.08600000000000207,-0.00013140894468639523,0.0192258064516129,0.0,0.0,-0.0028889209880109006
25,4,867567,0,205,17.96,0.05,2.98,18.87,0.05230794377247398,-1.044360549916057e-05,0.08599999999999852,-0.00012143727324605521,0.0192258064516129,0.0,0.1162790697674438,0.00456145419159622
25,4,867610,0,205,17.96,0.06,2.98,18.913,0.05243870545929974,-1.2238505392280441e-05,0.08599999999999852,-0.00014230820223582152,0.0192258064516129,0.0,0.1162790697674438,0.0015204847305320733
25,4,867653,0,205,17.85,0.06,2.98,18.956,0.05243870545929974,-1.6120325365923892e-05,0.08599999999999852,-0.00018744564378981592,0.0192258064516129,0.0,-0.1162790697674438,-0.0015204847305320733
25,4,867696,0,205,17.85,0.05,2.98,18.999,0.05230794377247398,-2.099342080416067e-05,0.08600000000000207,-0.0002441095442344205,0.0192258064516129,0.0,-0.116279069767439,-0.011061526414620477
25,4,867739,0,205,17.85,0.05,2.98,19.042,0.051487414187642355,-2.5678937418870617e-05,0.08900000000000219,-0.00028852738672887626,0.0192258064516129,-0.007249003262051285,0.0,7.796510004389953e-17
25,4,867785,0,205,17.73,0.05,2.88,19.088,0.05230794377247399,-2.935759855084896e-05,0.08899999999999864,-0.00032986065787471246,0.01858064516129032,-0.007249003262051574,0.0,0.010688665973678714
25,4,867828,0,205,17.62,0.05,2.88,19.131,0.052438705459299746,-3.1797502622141316e-05,0.08599999999999852,-0.0003697384025830449,0.01858064516129032,0.0,0.0,0.0015204847305320733
25,4,867871,0,205,17.62,0.05,2.88,19.174,0.052438705459299746,-3.324898427370027e-05,0.08699999999999974,-0.0003821722330310387,0.01858064516129032,0.0,0.0,-0.0015030078945490045
25,4,867915,0,205,17.62,0.05,2.88,19.218,0.05230794377247398,-3.407898097992801e-05,0.08699999999999974,-0.0003917124250566449,0.01858064516129032,0.0,0.11494252873563246,-0.010934382432843686
25,4,867958,0,205,17.51,0.06,2.88,19.261,0.05148741418764235,-3.43810554145918e-05,0.08599999999999852,-0.00039977971412316735,0.01858064516129032,0.0,0.0,-0.010491344640671548
25,4,868001,0,205,17.51,0.05,2.88,19.304,0.051405688133376246,-3.38125599874779e-05,0.0920000000000023,-0.00036752782595083754,0.01858064516129032,0.0,-0.10869565217391026,-0.003553306707221543
25,4,868050,0,205,17.4,0.05,2.88,19.353,0.05116050997057796,-3.176900216912593e-05,0.0920000000000023,-0.0003453152409687515,0.01858064516129032,-0.007012622720897435,0.0,-0.0033756413718604096
25,4,868093,0,205,17.4,0.05,2.78,19.396,0.05109512912716508,-2.7799406206603818e-05,0.08599999999999852,-0.0003232489093791197,0.01793548387096774,-0.007501875468867341,0.0,0.011061526414620935
25,4,868136,0,205,17.29,0.05,2.78,19.439,0.05211180124223534,-2.2018093749292422e-05,0.08599999999999852,-0.0002560243459220093,0.01793548387096774,0.0,0.1162790697674438,0.009122908383192602
25,4,868179,0,205,17.29,0.06,2.78,19.482,0.05187969924811963,-1.5271571865842935e-05,0.08899999999999864,-0.00017159069512183336,0.01793548387096774,0.0,0.0,0.0030853881161134705
25,4,868225,0,205,17.18,0.05,2.78,19.528,0.05238640078456944,-8.969192075865883e-06,0.08999999999999986,-9.96576897318433e-05,0.01793548387096774,0.0,-0.11111111111111123,0.009443899604082552
25,4,868269,0,205,17.18,0.05,2.78,19.572,0.05272965021248706,-4.665921567507336e-06,0.08699999999999974,-5.363128238514195e-05,0.01793548387096774,0.0,0.0,0.0060120315781958585
25,4,868312,0,205,17.07,0.05,2.78,19.615,0.052909447531872475,-3.5759952880201064e-06,0.08600000000000207,-4.158134055837233e-05,0.01793548387096774,0.0,0.0,-0.004219345127226511
25,4,868355,0,205,17.07,0.05,2.78,19.658,0.05236678653154557,-6.182896710317909e-06,0.08600000000000207,-7.189414779439256e-05,0.01793548387096774,0.0,0.116279069767439,-0.004409405718542912
25,4,868398,0,205,17.07,0.06,2.78,19.701,0.052530238640077775,-1.2053789353265287e-05,0.08599999999999852,-0.00014016034131704062,0.01793548387096774,0.0,0.0,0.012011829371203622
25,4,868441,0,205,16.96,0.05,2.78,19.744,0.053399803857469064,-1.9910005023553446e-05,0.08599999999999852,-0.00023151168632039288,0.01793548387096774,0.0,-0.1162790697674438,0.011821768779887052
25,4,868484,0,205,16.85,0.05,2.78,19.787,0.053546910755148044,-2.7950885209185204e-05,0.08599999999999852,-0.0003250102931300661,0.01793548387096774,0.0,0.1162790697674438,-0.00497958749249256
25,4,868527,0,205,16.85,0.06,2.78,19.83,0.05297155933311471,-3.435981114625619e-05,0.08600000000000207,-0.00039953268774715536,0.01793548387096774,-0.007501875468867031,0.0,-0.005169648083808916
25,4,868570,0,205,16.85,0.05,2.68,19.873,0.05310232101994047,-3.784040904499486e-05,0.08800000000000097,-0.0004300046482385732,0.01729032258064516,-0.007331378299120149,0.0,0.0007429641296918666
25,4,868615,0,205,16.74,0.06,2.68,19.918,0.053036940176527596,-3.798377916684803e-05,0.08899999999999864,-0.00042678403558256867,0.01729032258064516,0.0,0.0,0.006464622719475757
25,4,868659,0,205,16.63,0.05,2.68,19.962,0.0536776724419738,-3.5316932326711295e-05,0.08699999999999974,-0.00040594175088174024,0.01729032258064516,0.0,-0.11494252873563246,0.0064253587491966725
25,4,868702,0,205,16.63,0.05,2.68,20.005,0.053595946387707705,-3.102231671479272e-05,0.08599999999999852,-0.00036072461296271226,0.01729032258064516,-0.007501875468867341,0.0,-0.0038012118263302643
25,4,868745,0,205,16.52,0.05,2.58,20.048,0.0533507682249094,-2.64552423915978e-05,0.08600000000000207,-0.00030761909757671117,0.01664516129032258,0.0,0.116279069767439,-0.007602423652660133
25,4,868788,0,205,16.52,0.06,2.68,20.091,0.05294213795357892,-2.2648198308740764e-05,0.08600000000000207,-0.00026335114312488623,0.01729032258064516,0.007501875468867031,0.0,-0.017903707702014608
25,4,868831,0,205,16.52,0.05,2.68,20.134,0.05181104936253611,-1.998675553224105e-05,0.08599999999999852,-0.00023240413409583016,0.01729032258064516,-0.007501875468867341,-0.1162790697674438,-0.0076024236526605286
25,4,868874,0,205,16.41,0.05,2.58,20.177,0.05228832951945012,-1.818237798977318e-05,0.08599999999999852,-0.00021142299988108712,0.01664516129032258,0.0,0.0,-0.0038012118263302643
25,4,868917,0,205,16.41,0.05,2.68,20.22,0.05148414514547171,-1.65449810015037e-05,0.08600000000000207,-0.00019238350001748024,0.01729032258064516,0.0,0.116279069767439,-0.010491344640671115
25,4,868960,0,205,16.41,0.06,2.58,20.263,0.051386073880352386,-1.4419666010661025e-05,0.08900000000000219,-0.0001620187192209064,0.01664516129032258,-0.007249003262051285,0.0,0.005730006501353292
25,4,869006,0,205,16.3,0.05,2.58,20.309,0.05199411572409217,-1.1581801734867004e-05,0.08899999999999864,-0.0001301326037625526,0.01664516129032258,0.0,-0.11235955056179942,-0.0007346162181222363
25,4,869049,0,205,16.19,0.05,2.58,20.352,0.05132069303693951,-8.415163225811817e-06,0.08599999999999852,-9.785073518386002e-05,0.01664516129032258,0.0,0.0,0.0030409694610641466
25,4,869092,0,205,16.19,0.05,2.58,20.395,0.05225563909774368,-5.803270775160296e-06,0.08599999999999852,-6.74798927344232e-05,0.01664516129032258,0.0,0.0,0.013342253510419205
25,4,869135,0,205,16.19,0.05,2.58,20.438,0.05246812683883554,-4.790443310093817e-06,0.08600000000000207,-5.5702829187136064e-05,0.01664516129032258,0.0,0.0,0.003040969461064102
25,4,869178,0,205,16.08,0.05,2.58,20.481,0.0525171624713952,-6.153843397262548e-06,0.08600000000000207,-7.15563185728186e-05,0.01664516129032258,0.0,0.0,-0.0007602423652660053
25,4,869221,0,205,16.08,0.05,2.58,20.524,0.05240274599542266,-1.004274894953694e-05,0.08599999999999852,-0.00011677615057601294,0.01664516129032258,0.0,0.1162790697674438,0.005929890449075167
25,4,869264,0,205,15.97,0.06,2.58,20.567,0.053027133050015655,-1.580858973379229e-05,0.08599999999999852,-0.00018382081085805302,0.01664516129032258,0.0,0.0,0.006500072223024714
25,4,869307,0,205,15.97,0.05,2.58,20.61,0.05296175220660278,-2.2098048000354086e-05,0.08599999999999852,-0.0002569540465157496,0.01664516129032258,0.0,0.0,-0.0030409694610641466
25,4,869350,0,205,15.86,0.06,2.58,20.653,0.05276560967636414,-2.721586355434491e-05,0.08900000000000219,-0.00030579621971173307,0.01664516129032258,0.0,0.0,-0.005876929744977656
25,4,869396,0,205,15.86,0.05,2.58,20.699,0.05243870545929975,-2.967576441248765e-05,0.08900000000000219,-0.00033343555519648225,0.01664516129032258,-0.007249003262051285,-0.11235955056179493,0.0013223091926199725
25,4,869439,0,205,15.75,0.05,2.48,20.742,0.052883295194507324,-2.8758632931721985e-05,0.08599999999999852,-0.0003344027085084009,0.016,-0.007501875468867341,0.1162790697674438,0.0026988603966943696
25,4,869482,0,205,15.75,0.06,2.48,20.785,0.052670807453415465,-2.4842727139065435e-05,0.08599999999999852,-0.00028886892022169606,0.016,0.0,0.0,-0.006081938922128455
25,4,869525,0,205,15.75,0.05,2.48,20.828,0.052360248447204286,-1.9333187037665845e-05,0.08599999999999852,-0.00022480450043797881,0.016,0.0,-0.1162790697674438,-0.008362666017926564
25,4,869568,0,205,15.64,0.05,2.48,20.871,0.05195161817587379,-1.4194261583866386e-05,0.08600000000000207,-0.00016504955330076795,0.016,0.0,0.0,-0.010643393113724236
25,4,869611,0,205,15.64,0.05,2.48,20.914,0.05144491663942398,-1.1268316823048963e-05,0.08600000000000207,-0.00013102693980289175,0.016,0.0,0.0,-0.012924120209522251
25,4,869654,0,205,15.53,0.05,2.48,20.957,0.05084014383785485,-1.163893347286038e-05,0.08599999999999852,-0.00013533643573093696,0.016,0.0,0.0,-0.015204847305320976
25,4,869697,0,205,15.53,0.05,2.48,21.0,0.0501372997711664,-1.5251624730090007e-05,0.08599999999999852,-0.00017734447360570081,0.016,0.0,0.0,-0.006994229760447699
25,4,869740,0,205,15.42,0.05,2.48,21.043,0.05023864007845636,-2.090699545045016e-05,0.08800000000000097,-0.00023757949375511286,0.016,0.0,0.0,-0.004792118636512168
25,4,869785,0,205,15.42,0.05,2.48,21.088,0.04971559333115332,-2.663348046325842e-05,0.08900000000000219,-0.00029925258947480633,0.016,0.0,0.0,-0.0023507718979910623
25,4,869829,0,205,15.42,0.05,2.48,21.132,0.05002942137953515,-3.033666092185916e-05,0.08699999999999974,-0.0003486972519753937,0.016,-0.007415647015202113,0.0,0.000413327171001054
25,4,869872,0,205,15.31,0.05,2.38,21.175,0.049751552795030414,-3.0516541375885e-05,0.08599999999999852,-0.00035484350437076193,0.015354838709677418,-0.007501875468867361,0.0,-0.0068421812873944105
25,4,869915,0,205,15.31,0.05,2.38,21.218,0.04944099378881924,-2.6790419192951553e-05,0.08599999999999852,-0.00031151650224362805,0.015354838709677418,0.0,0.0,0.00288892098801102
25,4,869958,0,205,15.31,0.05,2.38,21.261,0.04999999999999936,-2.0021469726578367e-05,0.08599999999999852,-0.0002328077875183571,0.015354838709677418,0.0,0.0,0.0
25,4,870001,0,205,15.2,0.05,2.38,21.304,0.04944099378881924,-1.2025290748128192e-05,0.08600000000000207,-0.00013982896218753374,0.015354838709677418,0.0,0.0,-0.0028889209880109006
25,4,870044,0,205,15.2,0.05,2.38,21.347,0.049751552795030414,-4.999992296465194e-06,0.08600000000000207,-5.8139445307733417e-05,0.015354838709677418,0.0,0.0,0.006842181287394129
25,4,870087,0,205,15.09,0.05,2.38,21.39,0.05002942137953515,-8.936453345973483e-07,0.08599999999999852,-1.0391224820899577e-05,0.015354838709677418,0.0,0.0,0.006081938922128293
25,4,870130,0,205,15.09,0.05,2.38,21.433,0.05027459954233344,-8.848106796617294e-07,0.08800000000000097,-1.0054666814337724e-05,0.015354838709677418,0.0,0.0,0.005200748907842593
25,4,870175,0,205,15.09,0.05,2.38,21.478,0.050487087283425304,-5.078412446921643e-06,0.08899999999999864,-5.7060814010356414e-05,0.015354838709677418,0.0,0.0,0.004407697308733574
25,4,870219,0,205,14.98,0.05,2.38,21.522,0.05066688460281072,-1.246250219949996e-05,0.08699999999999974,-0.00014324715171839075,0.015354838709677418,0.0,0.0,0.0037575197363723914
25,4,870262,0,205,14.87,0.05,2.38,21.565,0.0508139915004897,-2.113545138317541e-05,0.08600000000000207,-0.00024576106259505695,0.015354838709677418,0.0,0.0,0.003040969461064102
25,4,870305,0,205,14.87,0.05,2.38,21.608,0.05092840797646224,-2.8776471744141218e-05,0.08599999999999852,-0.00033461013655978735,0.015354838709677418,0.0,0.0,0.00228072709579811
25,4,870348,0,205,14.87,0.05,2.38,21.651,0.051010134030728335,-3.3273247526549365e-05,0.08599999999999852,-0.00038689822705290626,0.015354838709677418,-0.007501875468867341,0.0,0.0015204847305320733
25,4,870391,0,205,14.76,0.05,2.28,21.694,0.051059169663287995,-3.3341575055953144e-05,0.08599999999999852,-0.00038769273320876413,0.014709677419354838,-0.007501875468867341,0.1162790697674438,0.0007602423652660367
25,4,870434,0,205,14.76,0.06,2.28,21.737,0.05107551487414121,-2.89240588211932e-05,0.08600000000000207,-0.0003363262653627035,0.014709677419354838,0.0,0.0,0.0
25,4,870477,0,205,14.76,0.05,2.28,21.78,0.051059169663287995,-2.1208740488469323e-05,0.08600000000000207,-0.0002466132614938234,0.014709677419354838,0.0,-0.116279069767439,-0.0007602423652660053
25,4,870520,0,205,14.65,0.05,2.28,21.823,0.051010134030728335,-1.2264444042322964e-05,0.08799999999999741,-0.0001393686822991287,0.014709677419354838,0.0,0.0,-0.0014859282593836353
25,4,870565,0,205,14.65,0.05,2.28,21.868,0.05092840797646224,-4.445388468518274e-06,0.08899999999999864,-4.994818503953193e-05,0.014709677419354838,0.0,0.0,-0.002203848654366709
25,4,870609,0,205,14.65,0.05,2.28,21.912,0.0508139915004897,2.2865626350609957e-07,0.08699999999999974,2.6282329138632214e-06,0.014709677419354838,0.0,0.0,-0.0030060157890979293
25,4,870652,0,205,14.54,0.05,2.28,21.955,0.05066688460281072,5.5749040558295e-07,0.08600000000000207,6.482446576545773e-06,0.014709677419354838,0.0,0.0,-0.0038012118263301073
25,4,870695,0,205,14.54,0.05,2.28,21.998,0.050487087283425304,-3.571999245272739e-06,0.08600000000000207,-4.153487494503085e-05,0.014709677419354838,0.0,0.0,-0.004561454191596193
25,4,870738,0,205,14.43,0.05,2.28,22.041,0.05027459954233344,-1.1164806738869437e-05,0.08599999999999852,-0.00012982333417290267,0.014709677419354838,0.0,0.0,-0.005321696556862337
25,4,870781,0,205,14.43,0.05,2.28,22.084,0.05002942137953515,-2.0343013932535127e-05,0.08599999999999852,-0.00023654667363413344,0.014709677419354838,0.0,0.0,-0.006081938922128293
25,4,870824,0,205,14.32,0.05,2.28,22.127,0.049751552795030414,-2.8789618562709675e-05,0.08600000000000207,-0.00033476300654312766,0.014709677419354838,0.0,0.0,-0.006842181287394129
25,4,870867,0,205,14.32,0.05,2.28,22.17,0.04944099378881924,-3.4333887567922436e-05,0.08600000000000207,-0.00039923125078978613,0.014709677419354838,-0.00750187546886701,0.0,0.0028889209880109006
25,4,870910,0,205,14.32,0.05,2.18,22.213,0.04999999999999936,-3.553014640535368e-05,0.08599999999999852,-0.0004131412372715615,0.01406451612903226,-0.007501875468867321,0.0,0.006500072223024714
25,4,870953,0,205,14.32,0.05,2.18,22.256,0.04999999999999936,-3.203809848535677e-05,0.08999999999999986,-0.00035597887205952026,0.01406451612903226,0.0,0.0,0.0
25,4,871000,0,205,14.21,0.05,2.18,22.303,0.04999999999999936,-2.466489291596874e-05,0.08999999999999986,-0.00027405436573298646,0.01406451612903226,0.0,0.0,0.0
25,4,871043,0,205,14.21,0.05,2.18,22.346,0.04999999999999936,-1.5076478248948533e-05,0.08599999999999852,-0.00017530788661568363,0.01406451612903226,0.0,0.0,0.0
25,4,871086,0,205,14.21,0.05,2.18,22.389,0.04999999999999936,-5.3262789942536414e-06,0.08599999999999852,-6.193347667736898e-05,0.01406451612903226,0.0,0.0,0.0
25,4,871129,0,205,14.1,0.05,2.18,22.432,0.04999999999999936,2.616792240404564e-06,0.08600000000000207,3.0427816748889544e-05,0.01406451612903226,0.0,0.0,0.0
25,4,871172,0,205,14.1,0.05,2.18,22.475,0.04999999999999936,7.225695424981637e-06,0.08600000000000207,8.40197142439705e-05,0.01406451612903226,0.0,0.0,0.0
25,4,871215,0,205,14.1,0.05,2.18,22.518,0.04999999999999936,7.63165070885341e-06,0.08599999999999852,8.87401245215528e-05,0.01406451612903226,0.0,0.0,0.0
25,4,871258,0,205,13.99,0.05,2.18,22.561,0.04999999999999936,3.724706849777437e-06,0.08599999999999852,4.331054476485466e-05,0.01406451612903226,0.0,0.0,0.0
25,4,871301,0,205,13.99,0.05,2.18,22.604,0.04999999999999936,-3.832619627609724e-06,0.08599999999999852,-4.456534450709058e-05,0.01406451612903226,0.0,0.0,0.0
25,4,871344,0,205,13.99,0.05,2.18,22.647,0.04999999999999936,-1.3675564365203119e-05,0.08900000000000219,-0.00015365802657531217,0.01406451612903226,0.0,0.0,0.0
25,4,871390,0,205,13.88,0.05,2.18,22.693,0.04999999999999936,-2.3916299905138327e-05,0.08900000000000219,-0.0002687224708442443,0.01406451612903226,0.0,0.0,0.0
25,4,871433,0,205,13.88,0.05,2.18,22.736,0.04999999999999936,-3.245977813872525e-05,0.08599999999999852,-0.0003774392806828582,0.01406451612903226,0.0,0.0,0.0
25,4,871476,0,205,13.77,0.05,2.18,22.779,0.04999999999999936,-3.744060212113798e-05,0.08599999999999852,-0.00043535583861789096,0.01406451612903226,-0.007501875468867361,0.0,0.0
25,4,871519,0,205,13.77,0.05,2.08,22.822,0.04999999999999936,-3.76832889599048e-05,0.08599999999999852,-0.00043817777860355174,0.013419354838709678,-0.007501875468867361,0.0,0.0
25,4,871562,0,205,13.66,0.05,2.08,22.865,0.04999999999999936,-3.3023818784921224e-05,0.08600000000000207,-0.00038399789284791194,0.013419354838709678,0.0,0.0,-0.006500072223024446
25,4,871605,0,205,13.66,0.05,2.08,22.908,0.04944099378881924,-2.4359026628801406e-05,0.08600000000000207,-0.00028324449568373043,0.013419354838709678,0.0,0.0,-0.0028889209880109006
25,4,871648,0,205,13.66,0.05,2.08,22.951,0.049751552795030414,-1.341671369745434e-05,0.08599999999999852,-0.0001560082988076113,0.013419354838709678,0.0,0.0,0.0068421812873944105
25,4,871691,0,205,13.66,0.05,2.08,22.994,0.05002942137953515,-2.364917653608245e-06,0.08599999999999852,-2.7499042483817275e-05,0.013419354838709678,0.0,0.0,0.004754970430035328
25,4,871734,0,205,13.55,0.05,2.08,23.037,0.050160480252013445,6.59390855061881e-06,0.08899999999999864,7.408886011931361e-05,0.013419354838709678,0.0,0.0,0.0032033719329707376
25,4,871780,0,205,13.55,0.05,2.08,23.083,0.05031452148156954,1.1562049669370466e-05,0.08900000000000219,0.0001299106704423616,0.013419354838709678,0.0,0.0,0.003704246627137524
25,4,871823,0,205,13.44,0.05,2.08,23.126,0.05049015820182869,1.1213954434107886e-05,0.08600000000000207,0.00013039481900125135,0.013419354838709678,0.0,0.0,0.00431955889355702
25,4,871866,0,205,13.44,0.05,2.08,23.169,0.050686003546415455,5.017822826320906e-06,0.08599999999999852,5.8346777050244096e-05,0.013419354838709678,0.0,0.0,0.0047734005479735725
25,4,871909,0,205,13.44,0.05,2.08,23.212,0.05090067064895441,-6.584769794970136e-06,0.08599999999999852,-7.656709063918894e-05,0.013419354838709678,0.0,0.0,0.005194989495984786
25,4,871952,0,205,13.33,0.05,2.08,23.255,0.05113277264307014,-2.2088483421687676e-05,0.08699999999999974,-0.00025389061404238784,0.013419354838709678,0.0,0.0,0.005520138085434384
25,4,871996,0,205,13.33,0.05,2.08,23.299,0.0513809226623872,-3.901510135081177e-05,0.08699999999999974,-0.0004484494408139297,0.013419354838709678,0.0,0.11494252873563246,0.005873117212184529
25,4,872039,0,205,13.22,0.06,2.08,23.342,0.05164373384053019,-5.427772947408194e-05,0.08600000000000207,-0.0006311363892334957,0.013419354838709678,0.0,0.0,0.0062662401015867245
25,4,872082,0,205,13.22,0.05,2.08,23.385,0.051919819311123674,-6.483411818991814e-05,0.08600000000000207,-0.0007538850952315881,0.013419354838709678,-0.007501875468867051,-0.116279069767439,0.0065588182239770445
25,4,872125,0,205,13.22,0.05,1.98,23.428,0.05220779220779223,0.0,0.0,0.0,0.012774193548387096,0.0,0.0,0.0
