MS,MPT,t (ms),PWMi,PWMe,Pressure (Psi),LW raw(V),Displacement (mm),t_rel(s),LW (V),delta d (m),delta t (s),vel (m/s),strain,strain rate (1/s),dv/dt raw,dv/dt
26,2,920773,0,200,13.11,0.05,1.98,0.0,-0.024232072275550354,0.0,0.0,0.0,0.0,0.0,0.0,0.0
26,2,920814,255,0,13.11,0.05,1.98,0.041,0.0391699604743084,0.0027539271042195603,0.083,0.03317984462915133,0.012774193548387096,0.007773027594247975,0.0,1.4936568766074414
26,2,920856,255,0,16.19,0.05,2.08,0.083,0.09974144848286728,0.003174032319308032,0.08299999999999999,0.03824135324467509,0.013419354838709678,0.17800233190827827,0.3614457831325302,1.4231743461706778
26,2,920897,255,0,32.6,0.08,4.27,0.124,0.15729343120647465,0.0037138969051508717,0.082,0.045291425672571606,0.02754838709677419,0.46105428796223447,1.219512195121951,1.3645792636416056
26,2,920938,255,0,47.69,0.15,7.94,0.165,0.21163694810147896,0.004195495273525583,0.08299999999999999,0.050548135825609436,0.051225806451612906,0.5627671978235522,1.927710843373494,1.2685494869608898
26,2,920980,255,0,57.93,0.24,11.51,0.207,0.2625830386242285,0.004460866136196271,0.08299999999999999,0.05374537513489484,0.07425806451612903,0.5013602798289936,2.168674698795181,1.1844071581878646
26,2,921021,255,0,64.65,0.33,14.39,0.248,0.3099427422310717,0.004418259284799333,0.08299999999999999,0.05323203957589559,0.09283870967741936,0.36999611348620304,1.9277108433734946,1.0957115633027519
26,2,921063,255,0,69.38,0.4,16.27,0.29,0.3535270983783569,0.00406141109342211,0.08500000000000002,0.04778130698143658,0.10496774193548387,0.24819734345351036,1.4117647058823526,0.9788753446042449
26,2,921106,255,0,73.13,0.45,17.66,0.333,0.39314714652243254,0.0034597575204243416,0.08400000000000002,0.0411875895288612,0.11393548387096775,0.18279569892473102,0.8333333333333326,0.8938908064439284
26,2,921147,255,0,75.77,0.47,18.65,0.374,0.4286139261196469,0.0027283904935695206,0.08299999999999996,0.03287217462131954,0.12032258064516128,0.13913719393703852,0.4819277108433735,0.8023051819748189
26,2,921189,255,0,77.97,0.49,19.45,0.416,0.4597384766263425,0.0019914429371848427,0.08400000000000002,0.023707654014105264,0.12548387096774194,0.10675883256528416,0.3571428571428574,0.7279067233299887
26,2,921231,255,0,79.85,0.5,20.04,0.458,0.48975809087936595,0.0013511390019660147,0.08300000000000002,0.01627878315621704,0.12929032258064516,0.09249902837155063,0.12048192771084346,0.629034608522345
26,2,921272,255,0,81.5,0.5,20.64,0.499,0.5119483491336971,0.0008696213826837003,0.08200000000000002,0.010605138813215854,0.13316129032258064,0.0778914240755311,0.1219512195121952,0.4201915180315532
26,2,921313,255,0,83.04,0.51,21.03,0.54,0.5242137953579533,0.0005649524062106614,0.08199999999999996,0.006889663490373923,0.1356774193548387,0.06215578284815122,0.12195121951219529,0.20981669444023393
26,2,921354,255,0,84.36,0.51,21.43,0.581,0.5291533180777963,0.00041843085643310116,0.08199999999999996,0.005102815322354895,0.13825806451612904,0.055074744295830085,0.12195121951219529,0.05916169001506813
26,2,921395,255,0,85.57,0.52,21.73,0.622,0.5290650539391889,0.00038830447190903785,0.08300000000000007,0.004678367131434187,0.14019354838709677,0.04663816556548777,0.12048192771084337,-0.02658558391788723
26,2,921437,255,0,86.89,0.52,22.03,0.664,0.5269467146126117,0.0004248447814232961,0.08499999999999996,0.0049981738990976035,0.14212903225806453,0.0523719165085391,0.0,-0.04815106820760188
26,2,921480,255,0,88.0,0.52,22.42,0.707,0.5249722131415427,0.00048289516788124586,0.08399999999999996,0.005748751998586263,0.1446451612903226,0.04531490015360974,0.11904761904761921,-0.03739939911891399
26,2,921521,255,0,88.99,0.53,22.62,0.748,0.5238051650866229,0.0005297087675485273,0.08300000000000007,0.006382033343958154,0.14593548387096775,0.03886513797123986,0.0,-0.02264697889301515
26,2,921563,255,0,89.98,0.52,22.92,0.79,0.5230925138934225,0.0005476381852441818,0.08299999999999996,0.006598050424628699,0.1478709677419355,0.031092110376991663,-0.12048192771084354,-0.009176949707952475
26,2,921604,255,0,90.86,0.52,23.02,0.831,0.5230434782608628,0.0005326337579491955,0.08199999999999996,0.006495533633526777,0.14851612903225805,0.03147128245475986,0.0,-0.004544765944553677
26,2,921645,255,0,91.74,0.52,23.32,0.872,0.5227198430859691,0.0004902632053427105,0.08200000000000007,0.005978819577350122,0.1504516129032258,0.03855232100708128,0.0,-0.004465033208684688
26,2,921686,255,0,92.51,0.52,23.51,0.913,0.5226773455377507,0.0004310064292170566,0.08299999999999996,0.005192848544783817,0.15167741935483872,0.03031480761756704,0.12048192771084354,-0.005553433085069993
26,2,921728,255,0,93.28,0.53,23.71,0.955,0.5222589081399083,0.00036612049044378736,0.08199999999999996,0.004464884029802287,0.15296774193548388,0.023603461841069893,0.0,-0.004983295991834435
26,2,921768,255,0,93.94,0.52,23.81,0.995,0.5222687152664203,0.00030476981772007507,0.08100000000000007,0.0037625903422231458,0.15361290322580645,0.023894862604540202,-0.12345679012345678,-0.002179361447096489
26,2,921809,255,0,94.71,0.52,24.01,1.036,0.5220823798626935,0.00025261514071992153,0.08399999999999996,0.003007323103808591,0.15490322580645163,0.02304147465437775,0.0,0.009846043680629087
26,2,921852,255,0,95.26,0.52,24.11,1.079,0.5230957829355931,0.00021169770929714815,0.08499999999999996,0.0024905612858488026,0.15554838709677418,0.015180265654648872,0.0,0.014191488952561452
26,2,921894,255,0,95.7,0.52,24.21,1.121,0.5232886564236612,0.00018122889716270762,0.08299999999999996,0.002183480688707322,0.1561935483870968,0.015546055188495831,0.0,0.011973359275611738
26,2,921935,255,0,96.15,0.52,24.31,1.162,0.5240895717554689,0.00015880660927282265,0.08200000000000007,0.0019366659667417378,0.15683870967741934,0.015735641227379908,0.12195121951219512,0.020132515807014233
26,2,921976,255,0,96.48,0.53,24.41,1.203,0.5249395227198363,0.00014161562822566508,0.08200000000000007,0.0017270198564105484,0.15748387096774194,0.015735641227380245,0.0,0.014511357928223882
26,2,922017,255,0,96.59,0.52,24.51,1.244,0.5252795031055832,0.00012728851873307435,0.08299999999999996,0.0015335966112418604,0.15812903225806452,0.007773027594247916,0.0,0.015124243295509142
26,2,922059,255,0,96.81,0.53,24.51,1.286,0.5261948349133636,0.00011428062628564461,0.08299999999999996,0.0013768750154896947,0.15812903225806452,0.007773027594247916,0.12048192771084354,0.011382568521881058
26,2,922100,255,0,96.92,0.53,24.61,1.327,0.5262242562928994,0.00010181432246574573,0.08200000000000007,0.0012416380788505565,0.1587741935483871,0.007867820613689954,0.0,0.0005182627831497407
26,2,922141,255,0,97.03,0.53,24.61,1.368,0.5262373324615819,8.960085029996279e-05,0.08200000000000007,0.0010926932963410086,0.1587741935483871,0.0,0.0,0.010724052974429608
26,2,922182,255,0,97.03,0.53,24.61,1.409,0.5271036286368026,7.7583133888119e-05,0.08499999999999996,0.0009127427516249297,0.1587741935483871,0.007590132827324436,0.0,0.013230005961194965
26,2,922226,255,0,97.03,0.53,24.71,1.453,0.5273618829682835,6.584982313005127e-05,0.08499999999999996,0.0007747038015300153,0.15941935483870967,0.007590132827324436,-0.11764705882352956,0.00511508951406673
26,2,922267,255,0,97.03,0.52,24.71,1.494,0.5275384112454983,5.4704256752607703e-05,0.08199999999999985,0.0006671250823488756,0.15941935483870967,0.007081038552321147,0.0,0.009727393776063289
26,2,922308,255,0,97.03,0.53,24.8,1.535,0.5281595292579206,4.473296366542101e-05,0.08299999999999996,0.000538951369462904,0.16,0.006995724834823291,0.0,0.0027176374671608584
26,2,922350,255,0,97.03,0.52,24.8,1.577,0.5277639751552726,3.670519949172757e-05,0.08300000000000018,0.0004422313191774396,0.16,0.0,0.0,-0.011303796421383962
26,2,922391,255,0,97.03,0.53,24.8,1.618,0.5272213141549458,3.1262467555436045e-05,0.08200000000000007,0.0003812496043345856,0.16,0.0,0.12195121951219512,-0.004425166840748842
26,2,922432,255,0,97.03,0.53,24.8,1.659,0.5274011114743312,2.8531685971234566e-05,0.08199999999999985,0.0003479473898931051,0.16,0.0,-0.12195121951219545,-0.0046244986804240195
26,2,922473,255,0,97.03,0.52,24.8,1.7,0.526842105263151,2.7890735319427762e-05,0.08200000000000007,0.00034013091852960655,0.16,0.0,0.0,0.0015946547173864214
26,2,922514,255,0,97.03,0.53,24.8,1.741,0.5275318731611569,2.806602847278583e-05,0.08299999999999996,0.0003381449213588656,0.16,0.0,0.12048192771084354,0.007719665848750043
26,2,922556,255,0,97.03,0.53,24.8,1.783,0.5274828375285973,2.7577476676317047e-05,0.08499999999999996,0.00032444090207431835,0.16,0.007590132827324436,0.0,0.0007691863930929279
26,2,922599,255,0,96.92,0.53,24.9,1.826,0.5275972540045698,2.535407024303993e-05,0.08400000000000007,0.00030183416955999886,0.16064516129032258,0.0076804915514592405,0.0,0.004670060243777164
26,2,922640,255,0,97.03,0.53,24.9,1.867,0.5278751225890745,2.1228042555751614e-05,0.08299999999999996,0.0002557595488644774,0.16064516129032258,0.0,0.0,0.008664931054718862
26,2,922682,255,0,97.03,0.53,24.9,1.909,0.5283164432821115,1.6058235150410382e-05,0.08299999999999996,0.00019347271265554686,0.16064516129032258,0.0,-0.12048192771084354,0.001732986210943505
26,2,922723,255,0,96.92,0.52,24.9,1.95,0.5280189604445829,1.1420101463308186e-05,0.08200000000000007,0.00013926953004034362,0.16064516129032258,0.0,0.0,0.0011561246701056634
26,2,922764,255,0,96.92,0.53,24.9,1.991,0.5284112455050601,9.005635042200311e-06,0.08200000000000007,0.00010982481758780857,0.16064516129032258,0.0,0.12195121951219512,0.00015946547173931912
26,2,922805,255,0,97.03,0.53,24.9,2.032,0.5280320366132655,9.976782479274249e-06,0.08299999999999974,0.00012020219854547325,0.16064516129032258,0.0,0.0,-0.001220967557709896
26,2,922847,255,0,96.92,0.53,24.9,2.074,0.5283099051977702,1.4495095634092792e-05,0.08300000000000018,0.00017463970643485252,0.16064516129032258,0.0,0.0,0.007877210049744156
26,2,922888,255,0,96.92,0.53,24.9,2.115,0.5286858450473942,2.156984802300954e-05,0.0820000000000003,0.00026304692710987153,0.16064516129032258,0.0,-0.12195121951219479,-0.0006378618869559208
26,2,922929,255,0,96.92,0.52,24.9,2.156,0.5282576005230398,2.9272498002800517e-05,0.08499999999999996,0.00034438232944471214,0.16064516129032258,0.0,0.0,-0.0027306116954790454
26,2,922973,255,0,96.92,0.53,24.9,2.2,0.5284537430532785,3.526230000953845e-05,0.08499999999999996,0.0004148505883475113,0.16064516129032258,0.007590132827324436,0.11764705882352956,0.011960848412591568
26,2,923014,255,0,96.92,0.53,25.0,2.241,0.5292742726381101,3.746089870359626e-05,0.08199999999999985,0.0004568402280926381,0.16129032258064516,0.007867820613689975,0.0,0.010205790191278541
26,2,923055,255,0,96.92,0.53,25.0,2.282,0.5292906178489634,3.464901196259973e-05,0.08199999999999985,0.0004225489263731682,0.16129032258064516,0.0,0.0,0.0015946547173877796
26,2,923096,255,0,96.92,0.53,25.0,2.323,0.5294050343249359,2.6800105681061837e-05,0.08199999999999985,0.0003268305570861206,0.16129032258064516,0.0,0.0,0.003986636793468095
26,2,923137,255,0,96.92,0.53,25.0,2.364,0.5296175220660277,1.5107265015188886e-05,0.08300000000000018,0.00018201524114685365,0.16129032258064516,0.0,0.0,-0.00456878182885129
26,2,923179,255,0,96.92,0.53,25.0,2.406,0.5290258254331413,1.7918431731587248e-06,0.0820000000000003,2.185174601413071e-05,0.16129032258064516,0.0,0.0,-0.006817148916830487
26,2,923219,255,0,96.92,0.53,25.0,2.446,0.5290585158548476,-1.0195197682723033e-05,0.08099999999999996,-0.00012586663805830913,0.16129032258064516,0.0,0.0,0.0016143418126627993
26,2,923260,255,0,96.92,0.53,25.0,2.487,0.5291565871199669,-1.754345831519899e-05,0.08199999999999985,-0.00021394461359998805,0.16129032258064516,0.0,0.0,0.0031893094347742053
26,2,923301,255,0,96.92,0.53,25.0,2.528,0.5293200392284991,-1.707193422504716e-05,0.08499999999999996,-0.0002008462850005549,0.16129032258064516,0.0,0.0,0.004615118358556262
26,2,923345,255,0,96.92,0.53,25.0,2.572,0.5295488721804442,-6.406799621576198e-06,0.08499999999999996,-7.537411319501413e-05,0.16129032258064516,0.0,0.0,-0.004461281079937153
26,2,923386,255,0,96.92,0.53,25.0,2.613,0.5289408303367045,1.5130231531667703e-05,0.08199999999999985,0.00018451501867887478,0.16129032258064516,0.007867820613690313,-0.12195121951219545,-0.0007973273586938898
26,2,923427,255,0,96.92,0.52,25.1,2.654,0.5294834913370313,4.5507991730360685e-05,0.08300000000000018,0.0005482890569922962,0.16193548387096776,0.0,0.0,0.009728354411434595
26,2,923469,255,0,96.92,0.53,25.0,2.696,0.5297482837528535,7.908096292834089e-05,0.08300000000000018,0.000952782685883623,0.16129032258064516,0.0,0.1204819277108432,0.003426586371639805
26,2,923510,255,0,96.92,0.53,25.1,2.737,0.5297678980058774,0.00010618034859936643,0.08199999999999985,0.0012948822999922758,0.16193548387096776,0.007867820613690313,0.0,-0.0021129175005388757
26,2,923551,255,0,96.92,0.53,25.1,2.778,0.5295750245178094,0.00011365143659404709,0.08199999999999985,0.0013859931291956987,0.16193548387096776,0.0,0.0,-7.973273587033674e-05
26,2,923592,255,0,96.92,0.53,25.1,2.819,0.5297613599215361,8.667058328638078e-05,0.08300000000000018,0.0010442238950166337,0.16193548387096776,0.0,0.0,-0.0010240373064658843
26,2,923634,255,0,96.92,0.53,25.1,2.861,0.5294900294213727,1.1859538512283053e-05,0.08300000000000018,0.00014288600617208465,0.16193548387096776,-0.00777302759424823,0.0,-0.004529395778602756
26,2,923675,255,0,96.92,0.53,25.0,2.902,0.529385420071912,-0.00011876041774393898,0.08399999999999963,-0.0014138144969516608,0.16129032258064516,0.0,0.0,-0.003424710845437309
26,2,923718,255,0,96.92,0.53,25.1,2.945,0.529202353710356,-0.0003039867158554017,0.08499999999999996,-0.003576314304181198,0.16193548387096776,0.0,0.0,-0.007730323250581117
26,2,923760,0,200,96.92,0.53,25.0,2.987,0.5287283425956126,-0.0005312610477285595,0.08300000000000018,-0.006400735514801907,0.16129032258064516,-0.00777302759424823,0.0,-0.01709354580794514
26,2,923801,0,200,93.39,0.53,25.0,3.028,0.5277835894082965,-0.0007774515497641197,0.08199999999999985,-0.009481116460538062,0.16129032258064516,-0.054287962234461334,-0.12195121951219545,-0.03057750420590113
26,2,923842,0,200,87.56,0.52,24.31,3.069,0.5262209872507287,-0.0010130539442510375,0.08199999999999985,-0.012354316393305358,0.15683870967741934,-0.11723052714398113,-0.12195121951219545,-0.058045431712898395
26,2,923883,0,200,82.38,0.52,23.51,3.11,0.5230238640078388,-0.0012088026207831178,0.08199999999999985,-0.014741495375403903,0.15167741935483872,-0.11723052714398113,0.0,-0.08148685605849171
26,2,923924,0,200,77.97,0.52,22.82,3.151,0.5195390650539324,-0.0013424575713535632,0.08300000000000018,-0.016174187606669402,0.1472258064516129,-0.11504080839486952,0.0,-0.09476283689842509
26,2,923966,0,200,74.45,0.52,22.03,3.193,0.5151585485452695,-0.0014034080053133592,0.08300000000000018,-0.016908530184498265,0.14212903225806453,-0.10804508356004625,-0.1204819277108432,-0.11654332268596845
26,2,924007,0,200,71.48,0.51,21.43,3.234,0.509865969270997,-0.0013937857233227789,0.08199999999999985,-0.016997386869790018,0.13825806451612904,-0.10149488591660152,-0.12195121951219545,-0.14001068418660537
26,2,924048,0,200,68.94,0.51,20.74,3.275,0.5036776724419679,-0.0013262576562529205,0.08499999999999996,-0.015603031250034365,0.13380645161290322,-0.09791271347248603,-0.11764705882352956,-0.14899140434205627
26,2,924092,0,200,66.74,0.5,20.14,3.319,0.49720169990192226,-0.001219727830628024,0.08499999999999996,-0.01434973918385911,0.12993548387096773,-0.08273244781783684,-0.23529411764705913,-0.16502894063803852
26,2,924133,0,200,64.87,0.49,19.65,3.36,0.48965021248773466,-0.0010945080169773114,0.08199999999999985,-0.013347658743625772,0.1267741935483871,-0.07789142407553126,-0.2439024390243909,-0.19550466835168342
26,2,924174,0,200,63.33,0.48,19.15,3.401,0.48117031709708424,-0.0009682661428287531,0.0820000000000003,-0.011808123693033532,0.12354838709677418,-0.07867820613689983,-0.24390243902438957,-0.21595611510217316
26,2,924215,0,200,61.9,0.47,18.65,3.442,0.4719418110493564,-0.0008535158215441677,0.0820000000000003,-0.010408729531026397,0.12032258064516128,-0.07002360346184057,-0.2439024390243889,-0.2384407466173345
26,2,924256,0,200,60.68,0.46,18.26,3.483,0.46161817587446274,-0.0007568177367103921,0.08299999999999974,-0.009118285984462585,0.11780645161290323,-0.053633890400310934,-0.24096385542168705,-0.2593965269380871
26,2,924298,0,200,59.58,0.45,17.96,3.525,0.45041189931349523,-0.0006794156797119087,0.08299999999999974,-0.008185731080866395,0.11587096774193549,-0.05441119315973606,-0.24096385542168772,-0.27136988621369756
26,2,924339,0,200,58.59,0.44,17.56,3.566,0.4390944753187259,-0.0006188009419715001,0.0820000000000003,-0.0075463529508719256,0.11329032258064516,-0.05507474429582986,-0.24390243902438957,-0.2744002104944175
26,2,924380,0,200,57.82,0.43,17.26,3.607,0.4279110820529529,-0.0005706302236845353,0.0820000000000003,-0.006958905166884553,0.11135483870967743,-0.04642014162077094,-0.24390243902438957,-0.2745596759661568
26,2,924421,0,200,57.05,0.42,16.97,3.648,0.416580581889501,-0.0005304516341424553,0.08499999999999996,-0.006240607460499477,0.10948387096774193,-0.044781783681214334,-0.23529411764705913,-0.26506163105974356
26,2,924465,0,200,56.28,0.41,16.67,3.692,0.4053808434128747,-0.0004948339036873044,0.08499999999999996,-0.0058215753374977015,0.10754838709677421,-0.03795066413662234,-0.35294117647058804,-0.2587158433167292
26,2,924506,0,200,55.73,0.39,16.47,3.733,0.394589735207579,-0.0004617477645967902,0.08199999999999985,-0.005631070299960866,0.10625806451612903,-0.03147128245476024,-0.3658536585365857,-0.2548258238384903
26,2,924547,0,200,55.18,0.38,16.27,3.774,0.38448512585811856,-0.00043033126379785357,0.08199999999999985,-0.005247942241437248,0.10496774193548387,-0.031471282454760066,-0.2439024390243909,-0.23887927666461722
26,2,924588,0,200,54.63,0.37,16.07,3.815,0.37500163452108043,-0.00040035849379691337,0.08300000000000018,-0.0048235963108061745,0.1036774193548387,-0.03031480761756696,-0.2409638554216864,-0.2285572495933355
26,2,924630,0,200,54.19,0.36,15.88,3.857,0.36551487414187167,-0.0003717482255560185,0.08199999999999985,-0.004533514945805112,0.10245161290322581,-0.03068450039339107,-0.12195121951219545,-0.22161713934889987
26,2,924670,0,200,53.75,0.36,15.68,3.897,0.3568290290944707,-0.00034432182099971697,0.08099999999999996,-0.004250886679008853,0.10116129032258064,-0.023894862604540063,-0.12345679012345696,-0.21268953381844063
26,2,924711,0,200,53.42,0.35,15.58,3.938,0.348287021902578,-0.00031784947776523074,0.0820000000000003,-0.0038762131434784096,0.10051612903225807,-0.023603461841069796,-0.2439024390243889,-0.2039962047217696
26,2,924752,0,200,53.09,0.34,15.38,3.979,0.3401013403072855,-0.00029228759824656515,0.08299999999999974,-0.00352153732827188,0.09922580645161291,-0.031092110376991916,-0.24096385542168705,-0.18405101281228026
26,2,924794,0,200,52.76,0.33,15.18,4.021,0.3330107878391588,-0.0002680237218482393,0.08499999999999996,-0.003153220257038111,0.09793548387096775,-0.022770398481973632,-0.11764705882352956,-0.16245216622117728
26,2,924837,0,200,52.42,0.33,15.08,4.064,0.32629290617848544,-0.00024593126245889605,0.08400000000000052,-0.002927753124510649,0.09729032258064516,-0.015360983102918564,-0.11904761904761842,-0.15376173352636002
26,2,924878,0,200,52.09,0.32,14.98,4.105,0.32009480222294445,-0.00022713753070562425,0.08300000000000018,-0.0027365967554894427,0.09664516129032258,-0.01554605518849579,-0.1204819277108432,-0.1349759942023711
26,2,924920,0,200,51.87,0.32,14.88,4.147,0.3150898986596886,-0.00021258921755496374,0.08399999999999963,-0.002530824018511484,0.096,-0.015360983102918727,-0.11904761904761968,-0.12507978019582994
26,2,924962,0,200,51.54,0.31,14.78,4.189,0.3095881006864948,-0.00020262606354993373,0.08300000000000018,-0.0024412778740955814,0.09535483870967741,-0.015546055188495958,-0.2409638554216864,-0.13123431942874236
26,2,925003,0,200,51.43,0.3,14.68,4.23,0.304197450147103,-0.00019675775225760716,0.08199999999999985,-0.00239948478362936,0.09470967741935483,-0.014948859166010952,-0.12195121951219545,-0.12992449309912962
26,2,925044,0,200,51.21,0.3,14.59,4.271,0.2989342922523662,-0.00019372612293360803,0.08199999999999985,-0.0023625136943122974,0.09412903225806452,-0.014948859166010952,-0.12195121951219545,-0.12019709932306835
26,2,925085,0,200,50.99,0.29,14.49,4.312,0.2943412880026114,-0.00019181829369546932,0.08300000000000018,-0.0023110637794634807,0.09348387096774194,-0.01554605518849579,-0.1204819277108432,-0.10279759114916472
26,2,925127,0,200,50.77,0.29,14.39,4.354,0.2904020921869855,-0.00018932062663066062,0.08800000000000008,-0.002151370757166596,0.09283870967741936,-0.014662756598240526,0.0,-0.08863562067223238
26,2,925173,0,200,50.55,0.29,14.29,4.4,0.28654135338345493,-0.00018496818858836583,0.08999999999999986,-0.00205520209542629,0.09219354838709677,-0.014336917562724105,-0.11111111111111077,-0.0792561112927237
26,2,925217,0,200,50.33,0.28,14.19,4.444,0.28326904217064036,-0.0001782462147050925,0.08499999999999996,-0.002097014290648148,0.0915483870967742,-0.015180265654648872,-0.11764705882352891,-0.08784108609118546
26,2,925258,0,200,50.22,0.28,14.09,4.485,0.27907486106570417,-0.0001694432717963341,0.08199999999999985,-0.0020663813633699317,0.09090322580645162,-0.01573564122738012,0.0,-0.08611135473891438
26,2,925299,0,200,50.0,0.28,13.99,4.526,0.2762079110820494,-0.00015944065088695325,0.0829999999999993,-0.001920971697433188,0.09025806451612903,-0.0077730275942481455,-0.1204819277108445,-0.07168261145267553
26,2,925341,0,200,49.89,0.27,13.99,4.568,0.27312520431513215,-0.0001493298549537254,0.08300000000000018,-0.001799154878960543,0.09025806451612903,-0.007773027594247895,-0.1204819277108432,-0.06738953197556388
26,2,925382,0,200,49.67,0.27,13.89,4.609,0.2706145799280776,-0.0001400271854305064,0.08200000000000074,-0.0017076486028110383,0.08961290322580645,-0.015735641227379946,0.0,-0.055653449636816794
26,2,925423,0,200,49.56,0.27,13.79,4.65,0.26856162144491313,-0.00013204207363240705,0.08199999999999985,-0.0016102691906391133,0.08896774193548386,-0.007867820613690143,0.0,-0.05688930704279205
26,2,925464,0,200,49.45,0.27,13.79,4.691,0.26594965675056864,-0.00012545850097240674,0.0829999999999993,-0.001511548204486841,0.08896774193548386,-0.007773027594247978,-0.1204819277108445,-0.06057574528253546
26,2,925506,0,200,49.23,0.26,13.69,4.733,0.26353383458646273,-0.00012008126733033642,0.08300000000000018,-0.0014467622569920018,0.08832258064516128,-0.01554605518849579,-0.1204819277108432,-0.06435680610641209
26,2,925547,0,200,49.12,0.26,13.59,4.774,0.2606080418437364,-0.00011564044771647985,0.08400000000000052,-0.0013766719966247516,0.0876774193548387,-0.0076804915514592,0.0,-0.06047728015691242
26,2,925590,0,200,49.01,0.26,13.59,4.817,0.25845374305328206,-0.0001119462478015727,0.08399999999999963,-0.0013326934262092047,0.0876774193548387,-0.00768049155145928,-0.11904761904761968,-0.05051448497018941
26,2,925631,0,200,48.79,0.25,13.49,4.858,0.25636482510624053,-0.00010893652480308802,0.08300000000000018,-0.0013124882506396118,0.08703225806451613,-0.007773027594247895,0.0,-0.058055038066616625
26,2,925673,0,200,48.68,0.26,13.49,4.9,0.25363517489375287,-0.00010663561669269761,0.08300000000000018,-0.0012847664661770769,0.08703225806451613,-0.007773027594247895,0.0,-0.06479005265914863
26,2,925714,0,200,48.57,0.25,13.39,4.941,0.2509872507355312,-0.00010509040351798226,0.08199999999999985,-0.001281590286804664,0.08638709677419355,-0.007867820613689975,-0.12195121951219545,-0.06159353845908505
26,2,925755,0,200,48.46,0.25,13.39,4.982,0.2485845047401079,-0.00010433523972434244,0.08199999999999985,-0.001272380972248081,0.08638709677419355,-0.007081038552320977,0.0,-0.05780623350528907
26,2,925796,0,200,48.35,0.25,13.3,5.023,0.2462471395880975,-0.00010438480675163397,0.08199999999999985,-0.0012729854481906605,0.08580645161290323,-0.014948859166011122,-0.12195121951219545,-0.06522137794114036
26,2,925837,0,200,48.24,0.24,13.2,5.064,0.2432363517489344,-0.00010521116875440306,0.08300000000000018,-0.0012676044428241305,0.08516129032258064,-0.007773027594248062,-0.1204819277108432,-0.061481624438255764
26,2,925879,0,200,48.13,0.24,13.2,5.106,0.24114416475972225,-0.00010667260369819687,0.08300000000000018,-0.001285212092749357,0.08516129032258064,0.0,0.0,-0.0482479115546853
26,2,925920,0,200,48.02,0.24,13.2,5.147,0.23923177508989552,-0.00010843232096924105,0.08400000000000052,-0.0012908609639195284,0.08516129032258064,-0.0076804915514592,0.0,-0.052187923224208566
26,2,925963,0,200,47.91,0.24,13.1,5.19,0.2367603792088887,-0.00010995991441899911,0.08499999999999996,-0.0012936460519882254,0.08451612903225807,-0.015180265654648872,-0.11764705882352924,-0.056612118531622124
26,2,926005,0,200,47.8,0.23,13.0,5.232,0.23441974501470764,-0.0001106603227416656,0.0829999999999993,-0.0013332569005020064,0.08387096774193549,-0.007773027594247978,-0.12048192771084416,-0.05324993993627337
26,2,926046,0,200,47.69,0.23,13.0,5.273,0.23234063419417805,-0.00011006342359942779,0.08199999999999985,-0.0013422368731637558,0.08387096774193549,-0.007867820613690143,0.0,-0.05692917341072654
26,2,926087,0,200,47.58,0.23,12.9,5.314,0.22975155279502807,-0.00010796359004010192,0.08200000000000074,-0.0013166291468304995,0.0832258064516129,-0.007867820613690058,0.0,-0.05035122270150309
26,2,926128,0,200,47.47,0.23,12.9,5.355,0.22821183393265476,-0.00010445995630692373,0.08199999999999985,-0.001273901906181999,0.0832258064516129,-0.007867820613689975,0.0,-0.03416547732002296
26,2,926169,0,200,47.36,0.23,12.8,5.396,0.2269499836547862,-9.992343328702446e-05,0.0829999999999993,-0.0012038967865906664,0.08258064516129032,-0.007773027594247978,-0.1204819277108445,-0.029618309787039308
26,2,926211,0,200,47.25,0.22,12.8,5.438,0.22575351422033052,-9.493171730560412e-05,0.08300000000000018,-0.0011437556301879988,0.08258064516129032,-0.007773027594248062,0.0,-0.026467425767141596
26,2,926252,0,200,47.14,0.23,12.7,5.479,0.22475318731611343,-9.018490040327976e-05,0.0810000000000004,-0.0011133938321392506,0.08193548387096773,-0.007964954201513424,0.0,-0.031802533709474785
26,2,926292,0,200,47.03,0.22,12.7,5.519,0.22317750898986305,-8.638907284176156e-05,0.08499999999999996,-0.0010163420334324894,0.08193548387096773,-0.007590132827324436,-0.11764705882352956,-0.03611330115570206
26,2,926337,0,200,46.92,0.22,12.6,5.564,0.22168355671787876,-8.409926087795405e-05,0.08499999999999996,-0.000989403069152401,0.08129032258064516,-0.007590132827324436,0.0,-0.033036555583331004
26,2,926377,0,200,46.81,0.22,12.6,5.604,0.22036940176527992,-8.354895614341728e-05,0.08099999999999952,-0.0010314685943631824,0.08129032258064516,0.0,0.0,-0.022116482833492122
26,2,926418,0,200,46.7,0.22,12.6,5.645,0.2198921216083659,-8.454045270727306e-05,0.08199999999999985,-0.0010309811305765026,0.08129032258064516,-0.007867820613689975,0.0,-0.021846769628206218
26,2,926459,0,200,46.59,0.22,12.5,5.686,0.218577966655767,-8.648061142965346e-05,0.08200000000000074,-0.0010546416028006426,0.08064516129032258,-0.00786782061368989,0.0,-0.03424521005589225
26,2,926500,0,200,46.48,0.22,12.5,5.727,0.21708401438378272,-8.858541630495686e-05,0.08300000000000018,-0.0010672941723488755,0.08064516129032258,-0.007773027594247895,0.0,-0.036983501183550205
26,2,926542,0,200,46.37,0.22,12.4,5.769,0.21550833605753233,-9.017706816876902e-05,0.0829999999999993,-0.0010864707008285516,0.08,-0.007773027594247978,-0.1204819277108445,-0.03777122218852529
26,2,926583,0,200,46.26,0.21,12.4,5.81,0.21394900294213515,-9.09382355582018e-05,0.08199999999999985,-0.0011090028726609997,0.08,-0.007867820613689975,-0.12195121951219545,-0.03663719213197293
26,2,926624,0,200,46.15,0.21,12.3,5.851,0.21250408630271056,-9.100736423323319e-05,0.08200000000000074,-0.0011098459052833215,0.07935483870967742,-0.00786782061368989,0.0,-0.03683652397164567
26,2,926665,0,200,46.04,0.21,12.3,5.892,0.21092840797646017,-9.086924551001374e-05,0.08499999999999996,-0.0010690499471766328,0.07935483870967742,-0.007590132827324599,0.0,-0.03088283368267198
26,2,926709,0,200,45.93,0.21,12.2,5.936,0.20987904543968344,-9.107690412438175e-05,0.08499999999999996,-0.0010714929896986092,0.07870967741935483,-0.007590132827324599,0.0,-0.034151875853315944
26,2,926750,0,200,45.82,0.21,12.2,5.977,0.20802549852892832,-9.191575310294553e-05,0.08199999999999985,-0.001120923818328606,0.07870967741935483,0.0,0.0,-0.04700244779499079
26,2,926791,0,200,45.82,0.21,12.2,6.018,0.2060248447204942,-9.316999926709535e-05,0.08199999999999985,-0.0011362195032572624,0.07870967741935483,-0.007867820613689975,-0.12195121951219512,-0.04939442987107179
26,2,926832,0,200,45.6,0.2,12.1,6.059,0.20397515527950044,-9.413460607282608e-05,0.08199999999999985,-0.001147983000888125,0.07806451612903226,-0.007867820613689975,-0.12195121951219512,-0.04939442987107145
26,2,926873,0,200,45.49,0.2,12.1,6.1,0.20197450147106635,-9.390716217310846e-05,0.08300000000000018,-0.0011314115924470874,0.07806451612903226,-0.006995724834823106,0.0,-0.039701138650711724
26,2,926915,0,200,45.38,0.2,12.01,6.142,0.20067996077149136,-9.183627364812352e-05,0.08300000000000018,-0.0011064611282906424,0.07748387096774194,-0.014768752429071,0.0,-0.03198147280196237
26,2,926956,0,200,45.38,0.2,11.91,6.183,0.19932003922850347,-8.78980052504108e-05,0.08199999999999985,-0.0010719268932976947,0.07683870967741936,-0.007867820613689975,0.0,-0.032371490762962384
26,2,926997,0,200,45.27,0.2,11.91,6.224,0.19802549852892845,-8.279859723828053e-05,0.08199999999999985,-0.00100973899071074,0.07683870967741936,0.0,0.0,-0.04018529887815993
26,2,927038,0,200,45.16,0.2,11.91,6.265,0.19602484472049436,-7.775091944717438e-05,0.08499999999999996,-0.0009147166993785225,0.07683870967741936,-0.007590132827324599,-0.11764705882352956,-0.04765109705209239
26,2,927082,0,200,45.05,0.19,11.81,6.309,0.1939751552795006,-7.404120914226554e-05,0.08499999999999996,-0.0008710730487325361,0.07619354838709677,-0.007590132827324599,-0.11764705882352956,-0.047651097052092715
26,2,927123,0,200,44.94,0.19,11.81,6.35,0.19197450147106648,-7.257890753899864e-05,0.08199999999999985,-0.0008851086285243754,0.07619354838709677,0.0,0.0,-0.04700244779499113
26,2,927164,0,200,44.83,0.19,11.81,6.391,0.19012095456031133,-7.359150937294067e-05,0.08200000000000074,-0.0008974574313773172,0.07619354838709677,-0.00786782061368989,0.0,-0.04221848364282835
26,2,927205,0,200,44.72,0.19,11.71,6.432,0.18851258581235453,-7.655346328150437e-05,0.08300000000000018,-0.0009223308829096891,0.0755483870967742,-0.007773027594247895,0.0,-0.027885323576095158
26,2,927247,0,200,44.61,0.19,11.71,6.474,0.18780647270349543,-8.036606701166704e-05,0.0829999999999993,-0.0009682658676104546,0.0755483870967742,0.0,0.0,-0.033044896158678484
26,2,927288,0,200,44.5,0.19,11.71,6.515,0.18576985943118424,-8.37374059763043e-05,0.08199999999999985,-0.0010211878777598104,0.0755483870967742,-0.007867820613690143,-0.12195121951219545,-0.04728151237053359
26,2,927329,0,200,44.39,0.18,11.61,6.556,0.18392938868911168,-8.564535085864122e-05,0.08200000000000074,-0.001044455498276103,0.0749032258064516,-0.015735641227379946,-0.12195121951219413,-0.03488307194284681
26,2,927370,0,200,44.28,0.18,11.51,6.597,0.18290944753187077,-8.570972388212006e-05,0.08300000000000018,-0.0010326472756881913,0.07425806451612903,-0.007773027594247895,0.0,-0.024379965103958953
26,2,927412,0,200,44.17,0.18,11.51,6.639,0.18190585158548309,-8.430021186074832e-05,0.08499999999999996,-0.0009917671983617454,0.07425806451612903,0.0,0.0,-0.015691402419090898
26,2,927455,0,200,44.17,0.18,11.51,6.682,0.18157567832624805,-8.231990955754221e-05,0.08399999999999963,-0.0009799989233040783,0.07425806451612903,-0.00768049155145928,0.0,-0.015683618985351602
26,2,927496,0,200,44.06,0.18,11.41,6.723,0.18058842759071356,-8.077779281150654e-05,0.08199999999999985,-0.0009850950342866669,0.07361290322580645,-0.007867820613689975,0.0,-0.030896435149379092
26,2,927537,0,200,43.84,0.18,11.41,6.764,0.17904217064399897,-8.03611358605938e-05,0.08300000000000018,-0.0009682064561517303,0.07361290322580645,0.0,0.0,-0.03647148253031693
26,2,927579,0,200,43.72,0.18,11.41,6.806,0.17756129454069725,-8.118898555001231e-05,0.08300000000000018,-0.0009781805487953268,0.07361290322580645,-0.007773027594247895,0.0,-0.027373304922862215
26,2,927620,0,200,43.72,0.18,11.31,6.847,0.1767701863354014,-8.282786576106283e-05,0.08199999999999985,-0.0010100959239154022,0.07296774193548387,-0.007867820613689975,-0.12195121951219512,-0.020690644958100215
26,2,927661,0,200,43.61,0.17,11.31,6.888,0.17586466165413303,-8.453642729847211e-05,0.08199999999999985,-0.0010309320402252715,0.07296774193548387,-0.007867820613689975,0.0,-0.022285299675487317
26,2,927702,0,200,43.5,0.18,11.21,6.929,0.17494279176201144,-8.560950331030526e-05,0.08300000000000018,-0.0010314397989193381,0.0723225806451613,-0.007773027594247895,0.12048192771084287,-0.021229081084061557
26,2,927744,0,200,43.39,0.18,11.21,6.971,0.17410264792415592,-8.565835822578549e-05,0.08199999999999985,-0.0010446141247047029,0.0723225806451613,-0.007867820613690143,-0.12195121951219512,-0.022484631515160787
26,2,927784,0,200,43.28,0.17,11.11,7.011,0.17309905197776826,-8.471378446817468e-05,0.08300000000000018,-0.0010206480056406564,0.0716774193548387,-0.007773027594248062,-0.12048192771084287,-0.03584130572633672
26,2,927827,0,200,43.17,0.17,11.11,7.054,0.17112781954886996,-8.313977125043514e-05,0.08399999999999963,-0.0009897591815528036,0.0716774193548387,0.0,-0.11904761904761968,-0.04027926960257775
26,2,927868,0,200,43.06,0.16,11.11,7.095,0.16971559333115174,-8.144068880290156e-05,0.0829999999999993,-0.000981213118107256,0.0716774193548387,-0.007773027594247978,0.0,-0.0369835011835506
26,2,927910,0,200,42.95,0.17,11.01,7.137,0.1680581889506353,-8.007959891670957e-05,0.08300000000000018,-0.0009648144447796311,0.07103225806451613,-0.007773027594247895,0.1204819277108432,-0.041709827213396965
26,2,927951,0,200,42.84,0.17,11.01,7.178,0.1662536776724398,-7.937659237688166e-05,0.08200000000000074,-0.0009680072241083042,0.07103225806451613,-0.00786782061368989,0.0,-0.044610465718909316
26,2,927992,0,200,42.73,0.17,10.91,7.219,0.1644001307616847,-7.947222232106022e-05,0.08199999999999985,-0.0009691734429397605,0.07038709677419355,-0.007867820613689975,-0.12195121951219545,-0.04461046571890946
26,2,928033,0,200,42.62,0.16,10.91,7.26,0.16259561948348922,-8.030873996494136e-05,0.08199999999999985,-0.000979374877621238,0.07038709677419355,0.0,-0.12195121951219545,-0.042218483642828805
26,2,928074,0,200,42.51,0.16,10.91,7.301,0.16093821510297274,-8.162450062694226e-05,0.08300000000000018,-0.0009834277183968926,0.07038709677419355,-0.007773027594247895,0.0,-0.04785405105219762
26,2,928116,0,200,42.51,0.16,10.81,7.343,0.1586237332461568,-8.300418540799903e-05,0.08300000000000018,-0.0010000504266023957,0.06974193548387098,-0.007773027594247895,0.0,-0.0385589431934989
26,2,928157,0,200,42.4,0.16,10.81,7.384,0.15773782281791232,-8.400767771933638e-05,0.08399999999999963,-0.0010000914014206756,0.06974193548387098,-0.006912442396313518,-0.11904761904761968,-0.01992559037344896
26,2,928200,0,200,42.29,0.15,10.72,7.427,0.1569499836547871,-8.433213550240027e-05,0.08499999999999996,-0.0009921427706164742,0.06916129032258064,-0.006831119544592155,0.0,-0.026460011922389275
26,2,928242,0,200,42.18,0.16,10.72,7.469,0.15548872180450923,-8.392159788532183e-05,0.08300000000000018,-0.0010111035889797788,0.06916129032258064,-0.007773027594247895,0.0,-0.02867304458106984
26,2,928283,0,200,42.07,0.15,10.62,7.51,0.1545701209545583,-8.296361990376155e-05,0.08199999999999985,-0.0010117514622409963,0.06851612903225807,-0.007867820613689975,-0.12195121951219545,-0.04301581100152202
26,2,928324,0,200,41.96,0.15,10.62,7.551,0.15196142530238443,-8.177844071061813e-05,0.08199999999999985,-0.0009972980574465644,0.06851612903225807,0.0,0.0,-0.05461692407051521
26,2,928365,0,200,41.85,0.15,10.62,7.592,0.15009153318077606,-8.067003476848101e-05,0.08199999999999985,-0.0009837809118107457,0.06851612903225807,-0.007867820613690143,0.0,-0.042218483642828805
26,2,928406,0,200,41.74,0.15,10.52,7.633,0.14849950964367248,-7.982751220943207e-05,0.08300000000000018,-0.000961777255535324,0.06787096774193548,-0.007773027594248062,0.0,-0.03383261716365214
26,2,928448,0,200,41.63,0.15,10.52,7.675,0.14728342595619293,-7.931660776736394e-05,0.08300000000000018,-0.0009556217803296839,0.06787096774193548,-0.007773027594247895,0.0,-0.03446279396763202
26,2,928489,0,200,41.52,0.15,10.42,7.716,0.14563909774435901,-7.912392973122806e-05,0.08199999999999985,-0.0009649259723320513,0.0672258064516129,-0.007867820613689975,0.0,-0.030896435149378752
26,2,928530,0,200,41.41,0.15,10.42,7.757,0.14474991827394387,-7.919073547617117e-05,0.08499999999999996,-0.0009316557114843671,0.0672258064516129,0.0,-0.11764705882352924,-0.021498759686941
26,2,928574,0,200,41.3,0.14,10.42,7.801,0.14381170317096903,-7.942005789090878e-05,0.08499999999999996,-0.000934353622245986,0.0672258064516129,-0.007590132827324436,-0.11764705882352924,-0.021498759686940674
26,2,928615,0,200,41.3,0.14,10.32,7.842,0.14292252370055392,-7.969221782166614e-05,0.08199999999999985,-0.0009718563148983693,0.06658064516129032,-0.007867820613689975,0.0,-0.030896435149378752
26,2,928656,0,200,41.08,0.14,10.32,7.883,0.14127819548871998,-7.991051024227147e-05,0.08200000000000074,-0.0009745184175886677,0.06658064516129032,-0.00786782061368989,-0.12195121951219413,-0.03069710330970529
26,2,928697,0,200,41.08,0.13,10.22,7.924,0.14040536122915806,-8.004465142579775e-05,0.08199999999999985,-0.0009761542856804622,0.06593548387096775,-0.007867820613689975,0.0,-0.028504453073297763
26,2,928738,0,200,40.97,0.14,10.22,7.965,0.13894083033670956,-8.012550253910966e-05,0.0829999999999993,-0.0009653675004712089,0.06593548387096775,0.0,0.1204819277108445,-0.034896040520368606
26,2,928780,0,200,40.86,0.14,10.22,8.007,0.1375089898659675,-8.019543901439085e-05,0.08300000000000018,-0.0009662101086071166,0.06593548387096775,-0.007773027594248062,0.0,-0.0333205985104192
26,2,928821,0,200,40.75,0.14,10.12,8.048,0.13617522066034476,-8.026807969447702e-05,0.08200000000000074,-0.000978879020664345,0.06529032258064515,-0.007867820613690058,0.0,-0.030537637837966307
26,2,928862,0,200,40.64,0.14,10.12,8.089,0.13500490356325423,-8.033276559665481e-05,0.08200000000000074,-0.000979667873129928,0.06529032258064515,-0.00786782061368989,0.0,-0.025753673685804713
26,2,928903,0,200,40.53,0.14,10.02,8.13,0.13406341941810876,-8.037882090960303e-05,0.08499999999999908,-0.0009456331871718106,0.06464516129032258,-0.007590132827324515,-0.1176470588235308,-0.018691229352152925
26,2,928947,0,200,40.42,0.13,10.02,8.174,0.13341614906832125,-8.039473295053412e-05,0.08599999999999852,-0.0009348224761690174,0.06464516129032258,0.0,-0.11627906976744397,-0.004371393600279811
26,2,928989,0,200,40.31,0.13,10.02,8.216,0.1336874795684847,-8.03433944510239e-05,0.08300000000000018,-0.0009679927042292014,0.06464516129032258,-0.007773027594247895,0.0,-0.002953953768654059
26,2,929030,0,200,40.2,0.13,9.92,8.257,0.13317097090552296,-8.016012254404536e-05,0.08200000000000074,-0.000977562470049325,0.064,-0.00786782061368989,0.0,-0.014591090664093762
26,2,929071,0,200,40.09,0.13,9.92,8.298,0.132491010134029,-7.979905590270597e-05,0.08200000000000074,-0.0009731592183256738,0.064,-0.00786782061368989,0.0,-0.01778040009886827
26,2,929112,0,200,40.09,0.13,9.82,8.339,0.13171297809741575,-7.92914441124406e-05,0.08200000000000074,-0.0009669688306395107,0.06335483870967742,-0.00786782061368989,0.0,-0.030378172366227668
26,2,929153,0,200,39.98,0.13,9.82,8.38,0.1299999999999983,-7.875921263994989e-05,0.08099999999999952,-0.0009723359585179056,0.06335483870967742,0.0,0.0,-0.03539444424265143
26,2,929193,0,200,39.87,0.13,9.82,8.42,0.128846028113761,-7.837521954411742e-05,0.08199999999999896,-0.000955795360294127,0.06335483870967742,-0.00786782061369006,0.0,-0.02734832840319239
26,2,929235,0,200,39.76,0.13,9.72,8.462,0.12775743707093656,-7.831228792614552e-05,0.08300000000000018,-0.0009435215412788596,0.06270967741935485,-0.007773027594247895,0.0,-0.01792065286316869
26,2,929276,0,200,39.65,0.13,9.72,8.503,0.127358613926118,-7.87105342964427e-05,0.08399999999999963,-0.0009370301701957506,0.06270967741935485,-0.0076804915514595284,0.0,-0.017512725914164126
26,2,929319,0,200,39.54,0.13,9.62,8.546,0.12628636809414678,-7.964186127412453e-05,0.08399999999999963,-0.0009481173961205343,0.06206451612903225,-0.0076804915514595284,0.0,-0.02202711748314883
26,2,929360,0,200,39.54,0.13,9.62,8.587,0.1255083360575335,-8.104279118182057e-05,0.08300000000000018,-0.0009764191708653058,0.06206451612903225,0.0,-0.1204819277108432,-0.018550829667148237
26,2,929402,0,200,39.43,0.12,9.62,8.629,0.12474664923177348,-8.264476160687729e-05,0.08300000000000018,-0.000995720019359965,0.06206451612903225,-0.006995724834823106,-0.1204819277108432,-0.021504783435802297
26,2,929443,0,200,39.21,0.12,9.53,8.67,0.12372343903236191,-8.398279737037129e-05,0.08200000000000074,-0.001024180455736226,0.06148387096774193,-0.0070810385523209,0.0,-0.027348328403192138
26,2,929484,0,200,39.21,0.12,9.53,8.711,0.1225040863027117,-8.453340688875954e-05,0.08200000000000074,-0.0010308952059604728,0.06148387096774193,-0.00786782061368989,0.0,-0.03133496519666019
26,2,929525,0,200,39.1,0.12,9.43,8.752,0.12115397188623575,-8.393692968935617e-05,0.08199999999999896,-0.001023621093772649,0.060838709677419354,-0.00786782061369006,0.0,-0.033726947272741885
26,2,929566,0,200,38.99,0.12,9.43,8.793,0.1197384766263469,-8.218534590335835e-05,0.08300000000000018,-0.0009901848904019057,0.060838709677419354,-0.007773027594247895,0.0,-0.034108319515393545
26,2,929608,0,200,38.88,0.12,9.33,8.835,0.11832298136645808,-7.966373608061161e-05,0.08300000000000018,-0.0009598040491639932,0.06019354838709678,-0.007773027594247895,0.0,-0.03332059851041887
26,2,929649,0,200,38.77,0.12,9.33,8.876,0.11697286694998213,-7.701211398412333e-05,0.08399999999999963,-0.0009168108807633769,0.06019354838709678,0.0,-0.11904761904761951,-0.030588894596740118
26,2,929692,0,200,38.66,0.11,9.33,8.919,0.11575351422033192,-7.487286728176734e-05,0.0840000000000014,-0.0008913436581162629,0.06019354838709678,-0.007680491551459201,0.0,-0.026697177726925453
26,2,929733,0,200,38.55,0.12,9.23,8.96,0.11473030402092035,-7.364742818701764e-05,0.08300000000000018,-0.0008873184118917769,0.059548387096774194,-0.007773027594247979,0.12048192771084304,-0.021504783435802297
26,2,929775,0,200,38.44,0.12,9.23,9.002,0.11396861719516033,-7.337089076757585e-05,0.08299999999999841,-0.0008839866357539429,0.059548387096774194,0.0,-0.12048192771084562,-0.014415294391032462
26,2,929816,0,200,38.44,0.11,9.23,9.043,0.11353383458646468,-7.374920862740275e-05,0.08199999999999896,-0.0008993805930171181,0.059548387096774194,-0.00786782061369006,-0.1219512195121966,-0.016823607268436114
26,2,929857,0,200,38.33,0.11,9.13,9.084,0.11258908139914858,-7.433497312313441e-05,0.08200000000000074,-0.0009065240624772407,0.05890322580645162,-0.00786782061368989,0.0,-0.022046101467879112
26,2,929898,0,200,38.22,0.11,9.13,9.125,0.11172605426609858,-7.475868117202111e-05,0.08200000000000074,-0.0009116912338051272,0.05890322580645162,-0.007867820613690058,0.0,-0.012836970474967697
26,2,929939,0,200,38.11,0.11,9.03,9.166,0.11153644982020122,-7.489642844229572e-05,0.08300000000000018,-0.0009023666077385006,0.05825806451612903,-0.007773027594248062,0.0,-0.013273098933819331
26,2,929981,0,200,38.0,0.11,9.03,9.208,0.11062438705459157,-7.48821989663142e-05,0.08300000000000018,-0.0009021951682688438,0.05825806451612903,0.0,0.0,-0.012682308180088319
26,2,930022,0,200,37.89,0.11,9.03,9.249,0.11048381824125389,-7.496756272686511e-05,0.08399999999999963,-0.0008924709848436361,0.05825806451612903,-0.00768049155145928,0.0,-0.004125219882003161
26,2,930065,0,200,37.89,0.11,8.93,9.292,0.11027786858450331,-7.532376573020194e-05,0.08399999999999963,-0.0008967114967881223,0.05761290322580645,-0.00768049155145928,0.0,-0.004903563255966245
26,2,930106,0,200,37.78,0.11,8.93,9.333,0.11007191892775273,-7.590192661591643e-05,0.08300000000000018,-0.0009144810435652562,0.05761290322580645,0.0,0.0,-0.015045471195012034
26,2,930148,0,200,37.67,0.11,8.93,9.375,0.1090290944753173,-7.64231121958634e-05,0.08300000000000018,-0.0009207603879019666,0.05761290322580645,-0.007773027594247895,0.0,-0.01721170395869141
26,2,930189,0,200,37.56,0.11,8.83,9.416,0.10864334749918134,-7.650544484456745e-05,0.08200000000000074,-0.0009329932298117897,0.05696774193548387,-0.00786782061368989,0.0,-0.014232293352681311
26,2,930230,0,200,37.45,0.11,8.83,9.457,0.10786204642039743,-7.586831202980804e-05,0.08199999999999896,-0.0009252233174366951,0.05696774193548387,-0.00786782061369006,0.0,-0.01666414179669747
26,2,930271,0,200,37.34,0.11,8.73,9.498,0.10727688787185216,-7.450287304022396e-05,0.08199999999999896,-0.0009085716224417671,0.056322580645161296,-0.00786782061369006,0.0,-0.015667482598330434
26,2,930312,0,200,37.23,0.11,8.73,9.539,0.10657731284733435,-7.27087809786724e-05,0.08200000000000074,-0.0008866924509594114,0.056322580645161296,0.0,-0.12195121951219397,-0.018059464674411062
26,2,930353,0,200,37.12,0.1,8.73,9.58,0.10579601176855044,-7.09785203006561e-05,0.08300000000000018,-0.0008551628951886258,0.056322580645161296,-0.007773027594247979,0.0,-0.019417322772620156
26,2,930395,0,200,37.01,0.11,8.63,9.622,0.10496567505720687,-6.979737344425807e-05,0.08499999999999908,-0.0008211455699324568,0.05567741935483871,-0.007590132827324596,0.0,-0.01972963098282783
26,2,930438,0,200,37.01,0.1,8.63,9.665,0.1041189931350101,-6.945297431362541e-05,0.08399999999999963,-0.0008268211227812585,0.05567741935483871,0.0,-0.11904761904761951,-0.019964507542146917
26,2,930479,0,200,36.9,0.1,8.63,9.706,0.10328865642366654,-6.992216428458242e-05,0.08200000000000074,-0.0008527093205436805,0.05567741935483871,-0.007867820613690058,0.0,-0.019654119391798317
26,2,930520,0,200,36.79,0.1,8.53,9.747,0.10250735534488262,-7.086826715675798e-05,0.08300000000000018,-0.0008538345440573231,0.05503225806451612,-0.007773027594248062,0.0,-0.01110686617013979
26,2,930562,0,200,36.79,0.1,8.53,9.789,0.10236678653154493,-7.17517012190143e-05,0.08300000000000018,-0.0008644783279399295,0.05503225806451612,0.0,0.0,-0.012485377928844816
26,2,930603,0,200,36.57,0.1,8.53,9.83,0.1014710689767885,-7.202646826462989e-05,0.08099999999999952,-0.0008892156575880286,0.05503225806451612,-0.00796495420151334,0.12345679012345746,-0.01299545159194263
26,2,930643,0,200,36.57,0.11,8.43,9.87,0.10131415495259759,-7.136644995601493e-05,0.08099999999999952,-0.000881067283407597,0.054387096774193545,-0.00796495420151334,0.0,-0.005085176709890587
26,2,930684,0,200,36.35,0.1,8.43,9.911,0.10105916966328736,-6.983613518452536e-05,0.08200000000000074,-0.0008516601851771309,0.054387096774193545,-0.00786782061368989,-0.12195121951219397,-0.0066178170771573185
26,2,930725,0,200,36.24,0.1,8.33,9.952,0.10077149395227068,-6.790670473539607e-05,0.08200000000000074,-0.0008281305455536031,0.05374193548387097,-0.00786782061368989,0.0,-0.0066178170771573185
26,2,930766,0,200,36.24,0.1,8.33,9.993,0.10051650866296045,-6.6267940834269e-05,0.08500000000000085,-0.0007796228333443334,0.05374193548387097,0.0,0.0,-0.015460646501163054
26,2,930810,0,200,36.13,0.1,8.33,10.037,0.09945733899967181,-6.550722681917165e-05,0.08499999999999908,-0.0007706732566961454,0.05374193548387097,0.0,0.0,-0.01680672268907569
26,2,930851,0,200,36.02,0.1,8.33,10.078,0.09908793723438904,-6.5834347160866e-05,0.08199999999999896,-0.0008028578922056931,0.05374193548387097,-0.007081038552321054,0.0,-0.017620934627130012
26,2,930892,0,200,36.02,0.1,8.24,10.119,0.09801242236024717,-6.701689206598438e-05,0.08200000000000074,-0.0008172791715363875,0.05316129032258065,-0.0070810385523209,0.0,-0.02762739297873459
26,2,930933,0,200,35.91,0.1,8.24,10.16,0.09682249101013278,-6.854814398277398e-05,0.08300000000000018,-0.000825881252804504,0.05316129032258065,-0.007773027594247979,-0.1204819277108432,-0.02965769583728786
26,2,930975,0,200,35.8,0.09,8.14,10.202,0.09555083360575227,-6.991585493783248e-05,0.08300000000000018,-0.0008423596980461726,0.052516129032258066,-0.007773027594247979,0.0,-0.03123313784723689
26,2,931016,0,200,35.69,0.1,8.14,10.243,0.09423014056881211,-7.080210017064736e-05,0.08200000000000074,-0.0008634402459834966,0.052516129032258066,0.0,0.0,-0.032411357130896525
26,2,931057,0,200,35.58,0.09,8.14,10.284,0.09289310232101873,-7.112971120241874e-05,0.08199999999999896,-0.0008674355024685321,0.052516129032258066,-0.00786782061369023,-0.12195121951219677,-0.021408239580924845
26,2,931098,0,200,35.58,0.09,8.04,10.325,0.0924746649231763,-7.09827325749135e-05,0.08199999999999896,-0.0008656430801818829,0.051870967741935475,-0.00786782061369023,0.0,-0.009209130992911785
26,2,931139,0,200,35.36,0.09,8.04,10.366,0.09213795357959997,-7.048036226011156e-05,0.08200000000000074,-0.000859516612928182,0.051870967741935475,0.0,0.0,-0.01742160278745599
26,2,931180,0,200,35.36,0.09,8.04,10.407,0.0910460934946049,-6.967475158745629e-05,0.08500000000000085,-0.0008197029598524187,0.051870967741935475,-0.0075901328273242745,0.0,-0.023575562948290878
26,2,931224,0,200,35.25,0.09,7.94,10.451,0.09013403072899523,-6.851451310075252e-05,0.08500000000000085,-0.0008060530953029627,0.051225806451612906,-0.0075901328273242745,0.0,-0.018960444589734827
26,2,931265,0,200,35.13,0.09,7.94,10.492,0.08943445570447742,-6.688492357317965e-05,0.08199999999999896,-0.0008156697996729329,0.051225806451612906,0.0,0.0,-0.014072827880943144
26,2,931306,0,200,35.02,0.09,7.94,10.533,0.0889800588427579,-6.470553631064124e-05,0.08199999999999896,-0.0007890919062273422,0.051225806451612906,-0.007867820613690145,0.0,-0.0008770600945630514
26,2,931347,0,200,34.91,0.09,7.84,10.574,0.08936253677672325,-6.20456387238706e-05,0.08300000000000018,-0.0007475378159502464,0.05058064516129032,-0.007773027594247979,0.0,0.0024813211656694828
26,2,931389,0,200,34.91,0.09,7.84,10.616,0.08918600849950847,-5.920776528512484e-05,0.08300000000000018,-0.0007133465697002977,0.05058064516129032,0.0,0.0,-0.010594847516906345
26,2,931430,0,200,34.8,0.09,7.84,10.657,0.08848316443282002,-5.672961346702365e-05,0.08200000000000074,-0.0006918245544758919,0.05058064516129032,-0.00786782061368989,0.0,-0.005740756982594117
26,2,931471,0,200,34.69,0.09,7.74,10.698,0.08871526642693575,-5.527487819509691e-05,0.08200000000000074,-0.000674083880428005,0.049935483870967745,-0.00786782061368989,0.0,0.006458351605418678
26,2,931512,0,200,34.58,0.09,7.74,10.739,0.08901274926446436,-5.542279499915992e-05,0.08199999999999896,-0.0006758877438922027,0.049935483870967745,0.0,-0.1219512195121966,-0.002551447547819663
26,2,931553,0,200,34.47,0.08,7.74,10.78,0.08850604772801454,-5.7418088601016496e-05,0.08499999999999908,-0.0006755069247178485,0.049935483870967745,0.0,0.0,-0.004192065842355391
26,2,931597,0,200,34.36,0.09,7.74,10.824,0.08865642366786415,-6.0991250410656226e-05,0.08500000000000085,-0.0007175441224783013,0.049935483870967745,-0.0075901328273244376,0.11764705882352818,0.00103840163067505
26,2,931638,0,200,34.36,0.09,7.64,10.865,0.08859431186662192,-6.535496524241591e-05,0.08200000000000074,-0.0007970117712489674,0.04929032258064516,-0.007867820613689973,0.0,-0.01052472113475605
26,2,931679,0,200,34.25,0.09,7.64,10.906,0.08779339653481415,-6.940293116608576e-05,0.08199999999999896,-0.00084637720934252,0.04929032258064516,0.0,0.0,-0.010724052974429753
26,2,931720,0,200,34.14,0.09,7.64,10.947,0.0877149395227187,-7.204375654607632e-05,0.08300000000000018,-0.0008679970668201947,0.04929032258064516,-0.007773027594247979,-0.12048192771084304,-0.003662902673131173
26,2,931762,0,200,34.03,0.08,7.54,10.989,0.08748937561294426,-7.255870442399459e-05,0.08300000000000018,-0.0008742012581204148,0.04864516129032258,-0.007773027594247979,0.0,-0.006813786693028903
26,2,931803,0,200,33.92,0.09,7.54,11.03,0.0871493952271973,-7.086408439540826e-05,0.08199999999999896,-0.0008641961511635263,0.04864516129032258,-0.00786782061369006,0.1219512195121966,-0.009288863728781108
26,2,931844,0,200,33.92,0.09,7.44,11.071,0.08672768878718422,-6.756728289752623e-05,0.08300000000000018,-0.0008140636493677841,0.048,-0.007773027594247895,0.0,-0.010752391717901315
26,2,931886,0,200,33.81,0.09,7.44,11.113,0.08625694671461148,-6.376375696790237e-05,0.08300000000000018,-0.0007682380357578582,0.048,0.0,-0.12048192771084304,-0.011540112722875664
26,2,931927,0,200,33.7,0.08,7.44,11.154,0.08576985943118554,-6.0643469048622834e-05,0.08399999999999963,-0.0007219460601026559,0.048,0.0,0.0,-0.011402730428555627
26,2,931970,0,200,33.59,0.09,7.44,11.197,0.08529911735861281,-5.908363105949199e-05,0.08500000000000085,-0.0006951015418763695,0.048,-0.0075901328273244376,0.0,-0.021114166490394316
26,2,932012,0,200,33.48,0.08,7.34,11.239,0.083975155279502,-5.9402209622646753e-05,0.08200000000000074,-0.0007244171905200758,0.04735483870967742,-0.007867820613689973,-0.12195121951219397,-0.02487661359124168
26,2,932052,0,200,33.37,0.08,7.34,11.279,0.08325923504413098,-6.133363874418319e-05,0.08099999999999952,-0.0007572054165948587,0.04735483870967742,0.0,0.12345679012345746,-0.009766767966615129
26,2,932093,0,200,33.37,0.09,7.34,11.32,0.08318404707420618,-6.417191827297142e-05,0.08200000000000074,-0.0007825843691825712,0.04735483870967742,-0.00786782061368989,0.0,-0.011042983917906802
26,2,932134,0,200,33.26,0.08,7.24,11.361,0.08235371036286261,-6.698979093832591e-05,0.08300000000000018,-0.0008071059149195875,0.04670967741935484,-0.007773027594247895,-0.12048192771084304,-0.01784188076267129
26,2,932176,0,200,33.15,0.08,7.24,11.403,0.08170317097090446,-6.886551382158146e-05,0.08300000000000018,-0.0008297049858021844,0.04670967741935484,0.0,0.0,-0.02398610460147178
26,2,932217,0,200,33.04,0.08,7.24,11.444,0.08036286368094045,-6.907999180099189e-05,0.08199999999999896,-0.0008424389244023507,0.04670967741935484,-0.007867820613690145,0.0,-0.02328195887385459
26,2,932258,0,200,32.93,0.08,7.14,11.485,0.07979405034324841,-6.726846954150022e-05,0.08199999999999896,-0.0008203471895305009,0.04606451612903226,-0.007867820613690145,0.0,-0.010883518446168397
26,2,932299,0,200,32.93,0.08,7.14,11.526,0.07947041516835465,-6.351645570886788e-05,0.08500000000000085,-0.0007472524201043205,0.04606451612903226,0.0,0.0,-0.00434590312097392
26,2,932343,0,200,32.82,0.08,7.14,11.57,0.07942464857796562,-5.838203989130708e-05,0.08500000000000085,-0.0006868475281330175,0.04606451612903226,-0.007590132827324356,0.0,-0.00803799780781876
26,2,932384,0,200,32.71,0.08,7.04,11.611,0.07878718535469005,-5.2823349123565675e-05,0.08199999999999896,-0.0006441871844337359,0.04541935483870968,-0.00786782061369006,0.0,-0.004943429623900681
26,2,932425,0,200,32.6,0.08,7.04,11.652,0.07901928734880577,-4.802040316769407e-05,0.08300000000000018,-0.0005785590743095659,0.04541935483870968,0.0,0.0,-0.0011421954572129896
26,2,932467,0,200,32.49,0.08,7.04,11.694,0.07869238313174137,-4.5110911488645656e-05,0.08300000000000018,-0.0005435049576945248,0.04541935483870968,0.0,-0.12048192771084304,-0.007877210049744324
26,2,932508,0,200,32.49,0.07,7.04,11.735,0.07836547891467699,-4.490489936780495e-05,0.08199999999999896,-0.0005476207239976283,0.04541935483870968,-0.007081038552321138,0.0,0.0030298439630359344
26,2,932549,0,200,32.38,0.08,6.95,11.776,0.07894083033671032,-4.766197945945638e-05,0.08300000000000018,-0.0005742407163789912,0.044838709677419354,-0.006995724834823189,0.12048192771084304,0.00752273559750585
26,2,932591,0,200,32.27,0.08,6.95,11.818,0.07898986596926998,-5.298320245556631e-05,0.08300000000000018,-0.0006383518368140506,0.044838709677419354,0.0,0.0,0.0015754420099490319
26,2,932632,0,200,32.27,0.08,6.95,11.859,0.07907159202353609,-5.983684213792273e-05,0.08200000000000074,-0.0007297175870478316,0.044838709677419354,0.0,0.0,0.0023919820760809666
26,2,932673,0,200,32.05,0.08,6.95,11.9,0.07918600849950862,-6.674211797786445e-05,0.09399999999999942,-0.0007100225316794134,0.044838709677419354,-0.006863417982155188,0.0,0.002782163549484189
26,2,932726,0,200,32.05,0.08,6.85,11.953,0.0793331153971876,-7.212031200695001e-05,0.09699999999999953,-0.0007435083712056739,0.04419354838709677,-0.006651147322913266,0.0,0.009133097198397227
26,2,932770,0,200,31.94,0.08,6.85,11.997,0.08007191892775314,-7.473869979427761e-05,0.08699999999999974,-0.0008590655148767567,0.04419354838709677,-0.007415647015202053,0.0,0.007364738683289971
26,2,932813,0,200,31.83,0.08,6.75,12.04,0.07997384766263382,-7.408462892824552e-05,0.0860000000000003,-0.0008614491735842473,0.043548387096774194,-0.0075018754688671455,0.0,0.004979587492492539
26,2,932856,0,200,31.72,0.08,6.75,12.083,0.0805001634521075,-7.051602943837487e-05,0.09200000000000053,-0.0007664785808518964,0.043548387096774194,0.0,0.0,0.0027005130974885002
26,2,932905,0,200,31.61,0.08,6.75,12.132,0.08022229486760277,-6.514122787866938e-05,0.09399999999999942,-0.0006929917859432956,0.043548387096774194,-0.006863417982155114,0.0,0.0010780883754249939
26,2,932950,0,200,31.61,0.08,6.65,12.177,0.08060150375939745,-5.94924999241222e-05,0.08800000000000097,-0.0006760511355013812,0.04290322580645162,-0.00733137829912011,0.0,-0.00404915450682046
26,2,932993,0,200,31.5,0.08,6.65,12.22,0.07986596927100256,-5.51056354247974e-05,0.0860000000000003,-0.0006407632026139211,0.04290322580645162,0.0,0.0,-0.013076168682575722
26,2,933036,0,200,31.39,0.08,6.65,12.263,0.07947695325269594,-5.3120039508333325e-05,0.08699999999999974,-0.0006105751667624538,0.04290322580645162,0.0,0.0,-0.011009532827571092
26,2,933080,0,200,31.28,0.08,6.65,12.307,0.07890813991500388,-5.400735234176146e-05,0.08999999999999986,-0.0006000816926862393,0.04290322580645162,-0.007168458781362052,0.0,-0.014274817478478682
26,2,933126,0,200,31.28,0.08,6.55,12.353,0.07819221967963286,-5.750121827833876e-05,0.08900000000000041,-0.0006460811042509943,0.04225806451612903,-0.007249003262051469,0.0,-0.017373673558590836
26,2,933169,0,200,31.06,0.08,6.55,12.396,0.07736188296828929,-6.271979465610133e-05,0.0860000000000003,-0.0007292999378616409,0.04225806451612903,0.0,-0.1162790697674414,-0.02026045903433984
26,2,933212,0,200,30.95,0.07,6.55,12.439,0.07644982020267962,-6.840403262230232e-05,0.08599999999999852,-0.0007953957281663197,0.04225806451612903,-0.007501875468867381,0.0,-0.021780943764872333
26,2,933255,0,200,30.95,0.08,6.45,12.482,0.0754887218045103,-7.31936254792096e-05,0.0860000000000003,-0.0008510886683628995,0.04161290322580645,-0.007501875468867226,0.0,-0.022541186130137985
26,2,933298,0,200,30.84,0.07,6.45,12.525,0.07451127819548775,-7.589966468290754e-05,0.08700000000000152,-0.0008724099388839794,0.04161290322580645,0.0,0.0,-0.022282092036687812
26,2,933342,0,200,30.73,0.08,6.45,12.569,0.07355017979731843,-7.575628084488883e-05,0.08699999999999974,-0.0008707618487918282,0.04161290322580645,-0.007415647015202133,0.0,-0.021530588089413567
26,2,933385,0,200,30.62,0.07,6.35,12.612,0.07263811703170878,-7.262726477482229e-05,0.08599999999999852,-0.0008445030787770178,0.040967741935483866,-0.007501875468867381,-0.1162790697674438,-0.020260459034340098
26,2,933428,0,200,30.62,0.07,6.35,12.655,0.07180778032036521,-6.711062344268903e-05,0.0860000000000003,-0.000780356086542893,0.040967741935483866,-0.0075018754688671455,0.0,-0.017979731938541698
26,2,933471,0,200,30.51,0.07,6.25,12.698,0.07109186008499419,-6.045365626077448e-05,0.08900000000000041,-0.0006792545647278,0.04032258064516129,-0.0072490032620513905,0.0,-0.014435208686101948
26,2,933517,0,200,30.4,0.07,6.25,12.744,0.07052304674730213,-5.422605037938677e-05,0.08900000000000041,-0.0006092814649369272,0.04032258064516129,0.0,0.0,-0.010762127595490762
26,2,933560,0,200,30.29,0.07,6.25,12.787,0.0701340307289955,-4.9820651572406226e-05,0.0860000000000003,-0.0005793099020047215,0.04032258064516129,0.0,0.0,-0.006576096459551142
26,2,933603,0,200,30.29,0.07,6.25,12.83,0.06995750245178073,-4.7983953640687635e-05,0.08599999999999852,-0.0005579529493103309,0.04032258064516129,0.0,0.0,-0.0012543999026889403
26,2,933646,0,200,30.18,0.07,6.25,12.873,0.07002615233736426,-4.860146471215909e-05,0.0860000000000003,-0.0005651333106064991,0.04032258064516129,-0.0075018754688671455,0.0,0.0008362666017926635
26,2,933689,0,200,30.07,0.07,6.15,12.916,0.0700294213795349,-5.08336664391642e-05,0.08700000000000152,-0.0005842950165421071,0.03967741935483871,-0.007415647015201902,0.0,-0.0003006015789097788
26,2,933733,0,200,29.96,0.07,6.15,12.96,0.0699999999999991,-5.3507312958474e-05,0.08699999999999974,-0.000615026585729588,0.03967741935483871,0.0,0.0,-0.007101712301743729
26,2,933776,0,200,29.96,0.07,6.15,13.003,0.0694115724092832,-5.555774527665403e-05,0.08599999999999852,-0.0006460202939145928,0.03967741935483871,-0.007501875468867381,0.0,-0.0031930179341174347
26,2,933819,0,200,29.74,0.07,6.05,13.046,0.06972540045766501,-5.634245007425864e-05,0.0860000000000003,-0.0006551447683053308,0.03903225806451613,-0.007501875468867226,0.0,0.0011783756661621913
26,2,933862,0,200,29.74,0.07,6.05,13.089,0.06951291271657314,-5.574309208148343e-05,0.0860000000000003,-0.0006481754893195725,0.03903225806451613,0.0,0.0,-0.004561454191596287
26,2,933905,0,200,29.63,0.07,6.05,13.132,0.06933311539718773,-5.4075291165061936e-05,0.08900000000000041,-0.0006075875411804684,0.03903225806451613,0.0,0.0,-0.0036730810906111864
26,2,933951,0,200,29.52,0.07,6.05,13.178,0.06918600849950875,-5.1899908833378915e-05,0.08900000000000041,-0.0005831450430716704,0.03903225806451613,-0.0072490032620513905,0.0,-0.0029384648724888867
26,2,933994,0,200,29.41,0.07,5.95,13.221,0.06907159202353622,-4.983880408193997e-05,0.08599999999999852,-0.0005795209776969863,0.03838709677419355,-0.007501875468867301,0.0,-0.0022807270957980294
26,2,934037,0,200,29.41,0.07,5.95,13.264,0.06898986596927012,-4.8437248770780706e-05,0.0860000000000003,-0.0005632238229160527,0.03838709677419355,0.0,0.0,0.004979587492492539
26,2,934080,0,200,29.3,0.07,5.95,13.307,0.06949983654789058,-4.806076441056639e-05,0.08700000000000152,-0.0005524225794317879,0.03838709677419355,0.0,-0.11494252873563028,0.0021042110523684515
26,2,934124,0,200,29.19,0.06,5.95,13.351,0.06917293233082618,-4.882335646479419e-05,0.08699999999999974,-0.0005611880053424636,0.03838709677419355,-0.007415647015202133,0.0,-0.0003381767762734881
26,2,934167,0,200,29.08,0.07,5.85,13.394,0.06947041516835478,-5.056593160038592e-05,0.08599999999999852,-0.0005879759488417068,0.03774193548387097,-0.007501875468867381,0.11627906976744397,-0.0024327755688513175
26,2,934210,0,200,29.08,0.07,5.85,13.437,0.06896371363190497,-5.288346145923839e-05,0.0860000000000003,-0.0006149239704562582,0.03774193548387097,0.0,0.0,-0.010643393113724454
26,2,934253,0,200,28.97,0.07,5.85,13.48,0.06855508336057448,-5.5181427368431455e-05,0.08699999999999974,-0.0006342692800969152,0.03774193548387097,0.0,0.0,-0.0018411846708225722
26,2,934297,0,200,28.86,0.07,5.85,13.524,0.0688035305655434,-5.676972235942124e-05,0.08900000000000041,-0.0006378620489822581,0.03774193548387097,-0.007249003262051469,0.0,-0.003085388116113409
26,2,934342,0,200,28.75,0.07,5.75,13.569,0.06828048381824038,-5.7018817387785246e-05,0.08800000000000097,-0.0006479411066793707,0.037096774193548385,-0.007331378299120188,0.0,-0.004049154506820144
26,2,934385,0,200,28.75,0.07,5.75,13.612,0.06844720496894323,-5.5554739898322044e-05,0.08599999999999852,-0.0006459853476549186,0.037096774193548385,0.0,0.0,-0.004713502664649508
26,2,934428,0,200,28.64,0.07,5.75,13.655,0.06787512258908053,-5.2410513995294394e-05,0.08699999999999974,-0.0006024197010953396,0.037096774193548385,-0.006674082313681848,0.0,-0.011272559209117175
26,2,934472,0,200,28.53,0.07,5.66,13.699,0.06746649231775004,-4.8054747850642345e-05,0.08700000000000152,-0.000552353423570592,0.036516129032258066,-0.006674082313681712,-0.11494252873563028,-0.001089680723548008
26,2,934515,0,200,28.42,0.06,5.66,13.742,0.06778032036613185,-4.3273264350101925e-05,0.0860000000000003,-0.0005031774924430439,0.036516129032258066,0.0,0.0,-0.0009122908383193865
26,2,934558,0,200,28.42,0.07,5.66,13.785,0.06738803530565457,-3.894703294736956e-05,0.08599999999999852,-0.000452872476132212,0.036516129032258066,0.0,0.0,-0.01733352592806596
26,2,934601,0,200,28.31,0.06,5.66,13.828,0.0662896371363182,-3.582675778396993e-05,0.0860000000000003,-0.0004165902067903466,0.036516129032258066,0.0,0.0,-0.017143465336749035
26,2,934644,0,200,28.2,0.07,5.66,13.871,0.06591369728669415,-3.440884066166028e-05,0.08699999999999974,-0.00039550391565126874,0.036516129032258066,-0.007415647015202133,0.11494252873563263,-0.0003381767762734881
26,2,934688,0,200,28.09,0.07,5.56,13.915,0.06626021575678241,-3.4934411668864126e-05,0.08900000000000041,-0.0003925214794254378,0.03587096774193548,-0.007249003262051469,-0.11235955056179733,-0.00014692324362436637
26,2,934733,0,200,28.09,0.06,5.56,13.96,0.06590062111801158,-3.7424996250356557e-05,0.08800000000000097,-0.00042528404829950166,0.03587096774193548,0.0,0.0,-0.005943713037534459
26,2,934776,0,200,27.98,0.07,5.56,14.003,0.06573716900947937,-4.165656682979257e-05,0.08599999999999852,-0.0004843786840673638,0.03587096774193548,0.0,0.0,-0.0015204847305322346
26,2,934819,0,200,27.87,0.06,5.56,14.046,0.06576985943118581,-4.7081507766440824e-05,0.08699999999999974,-0.000541166755936103,0.03587096774193548,0.0,0.0,0.003006015789098009
26,2,934863,0,200,27.76,0.07,5.56,14.09,0.0659986923831309,-5.281176138996546e-05,0.08699999999999974,-0.0006070317401145473,0.03587096774193548,-0.007415647015202053,0.11494252873563263,0.013940398221941536
26,2,934906,0,200,27.65,0.07,5.46,14.133,0.06698267407649472,-5.775438471188465e-05,0.0860000000000003,-0.000671562612928889,0.035225806451612905,-0.0075018754688671455,-0.11627906976744155,0.021552871055292036
26,2,934949,0,200,27.54,0.06,5.46,14.176,0.06785223929388602,-6.087241295288504e-05,0.0860000000000003,-0.0007078187552661026,0.035225806451612905,0.0,0.0,0.0022807270957981435
26,2,934992,0,200,27.54,0.07,5.46,14.219,0.06717881660673336,-6.145806020347778e-05,0.0860000000000003,-0.0007146286070171809,0.035225806451612905,-0.007501875468867226,0.11627906976744155,-0.0065000722230245805
26,2,935035,0,200,27.54,0.07,5.36,14.262,0.0672932330827059,-5.931402965369692e-05,0.08699999999999974,-0.0006817704557896218,0.03458064516129032,-0.007415647015202133,0.0,-0.0051102268414663435
26,2,935079,0,200,27.32,0.07,5.36,14.306,0.06673422687152579,-5.4797308408971014e-05,0.08900000000000041,-0.0006157000944828176,0.03458064516129032,0.0,-0.11235955056179733,-0.004077120010578506
26,2,935124,0,200,27.32,0.06,5.36,14.351,0.06693036940176442,-4.873735810490487e-05,0.08900000000000041,-0.0005476107652236477,0.03458064516129032,0.0,0.0,0.006611545963100073
26,2,935168,0,200,27.21,0.07,5.36,14.395,0.0673226544622417,-4.227904074968336e-05,0.08799999999999919,-0.00048044364488276985,0.03458064516129032,-0.0073313782991203365,0.11363636363636478,0.007243900264495332
26,2,935212,0,200,27.21,0.07,5.26,14.439,0.06756783262504,-3.669362125036191e-05,0.08699999999999974,-0.00042176576149841397,0.03393548387096774,-0.007415647015202133,0.0,0.01037075447238782
26,2,935255,0,200,27.1,0.07,5.26,14.482,0.06822491010133944,-3.315173204035382e-05,0.0860000000000003,-0.0003854852562831826,0.03393548387096774,0.0,0.0,-0.0030409694610642455
26,2,935298,0,200,26.99,0.07,5.26,14.525,0.06730630925138847,-3.2439960304554205e-05,0.0860000000000003,-0.00037720884075062897,0.03393548387096774,0.0,-0.11627906976744155,-0.006081938922128329
26,2,935341,0,200,26.88,0.06,5.26,14.568,0.0677018633540364,-3.4680682370333395e-05,0.0860000000000003,-0.00040326374849224735,0.03393548387096774,0.0,-0.11627906976744155,0.007868508480503498
26,2,935384,0,200,26.77,0.06,5.26,14.611,0.06798300098071178,-3.9204013615225185e-05,0.08699999999999974,-0.00045062084615201493,0.03393548387096774,0.0,0.11494252873563263,-0.0048472004599204215
26,2,935428,0,200,26.77,0.07,5.26,14.655,0.06728015691402332,-4.470017190651632e-05,0.08699999999999974,-0.0005137950793852466,0.03393548387096774,-0.007415647015202053,0.11494252873563263,-0.017096714800494357
26,2,935471,0,200,26.66,0.07,5.16,14.698,0.06649558679306877,-4.963849896359651e-05,0.08800000000000097,-0.000564073851859045,0.03329032258064516,-0.00733137829912011,0.0,-0.008506939284971185
26,2,935516,0,200,26.55,0.07,5.16,14.743,0.06653154625694585,-5.278414873615933e-05,0.08799999999999919,-0.000599819872001816,0.03329032258064516,0.0,0.0,0.00026003744539215064
26,2,935559,0,200,26.43,0.07,5.16,14.786,0.06651847008826328,-5.359074212702009e-05,0.08699999999999974,-0.0006159855416898879,0.03329032258064516,-0.007415647015202133,0.0,-0.01085923203811612
26,2,935603,0,200,26.43,0.07,5.06,14.83,0.06558679306962975,-5.231605782381532e-05,0.08699999999999974,-0.0006013339979748906,0.03264516129032258,-0.007415647015202133,-0.11494252873563263,-0.015180379734944379
26,2,935646,0,200,26.32,0.06,5.06,14.873,0.06519777705132312,-4.983092411131729e-05,0.0860000000000003,-0.0005794293501315944,0.03264516129032258,0.0,-0.11627906976744155,-0.008856823555349285
26,2,935689,0,200,26.32,0.06,5.06,14.916,0.06482510624386971,-4.721216524497418e-05,0.0860000000000003,-0.0005489786656392327,0.03264516129032258,0.0,0.11627906976744155,-0.008096581190083345
26,2,935732,0,200,26.1,0.07,5.06,14.959,0.06450147106897595,-4.530406917217178e-05,0.08699999999999974,-0.0005207364272663439,0.03264516129032258,0.0,0.0,-0.01292586789312107
26,2,935776,0,200,26.1,0.06,5.06,15.003,0.06370055573716818,-4.444859313219851e-05,0.08699999999999974,-0.0005109033693356166,0.03264516129032258,-0.007415647015202053,-0.11494252873563263,-0.01747246677413155
26,2,935819,0,200,25.99,0.06,4.96,15.046,0.06298136645962651,-4.4480002069859916e-05,0.0860000000000003,-0.0005172093263937182,0.032,-0.0075018754688671455,0.0,-0.01976630149691687
26,2,935862,0,200,25.99,0.06,4.96,15.089,0.06200065380843332,-4.492063962443016e-05,0.08800000000000097,-0.0005104618139139735,0.032,0.0,0.1136363636363625,-0.015007875419774505
26,2,935907,0,200,25.88,0.07,4.96,15.134,0.06166067342268634,-4.523472796664496e-05,0.08900000000000041,-0.0005082553704117388,0.032,0.0,0.0,-0.006354430286757276
26,2,935951,0,200,25.77,0.06,4.96,15.178,0.06143510951291192,-4.503579948722525e-05,0.08699999999999974,-0.0005176528676692573,0.032,-0.007415647015202053,-0.11494252873563263,-0.00349449335482631
26,2,935994,0,200,25.66,0.06,4.86,15.221,0.061356652500816455,-4.4207118942333425e-05,0.08599999999999852,-0.0005140362667713277,0.031354838709677424,-0.007501875468867301,0.0,0.000266084827843133
26,2,936037,0,200,25.66,0.06,4.86,15.264,0.06145799280810643,-4.291090310582213e-05,0.0860000000000003,-0.0004989639896025811,0.031354838709677424,0.0,0.0,0.004827539019439415
26,2,936080,0,200,25.55,0.06,4.86,15.307,0.061771820856488246,-4.147882619628973e-05,0.0860000000000003,-0.0004823119325149952,0.031354838709677424,0.0,0.0,-0.00034210906436985065
26,2,936123,0,200,25.44,0.06,4.86,15.35,0.061428571428570625,-4.024298195300258e-05,0.08699999999999974,-0.000462563010954054,0.031354838709677424,0.0,0.0,-0.009018047367293707
26,2,936167,0,200,25.44,0.06,4.86,15.394,0.060987250735533696,-3.9416705836060827e-05,0.08699999999999974,-0.00045306558432253957,0.031354838709677424,-0.007415647015202173,0.11494252873563263,-0.0009018047367293548
26,2,936210,0,200,25.33,0.07,4.76,15.437,0.06135011441647517,-3.908240615571135e-05,0.0860000000000003,-0.0004544465832059443,0.030709677419354837,-0.007501875468867266,0.0,0.0011783756661623527
26,2,936253,0,200,25.22,0.06,4.76,15.48,0.06108859104282366,-3.923408699003783e-05,0.08800000000000097,-0.00044584189761406136,0.030709677419354837,0.0,-0.1136363636363625,-0.006686677167226168
26,2,936298,0,200,25.22,0.06,4.76,15.525,0.06076168682575926,-3.978758251983194e-05,0.08900000000000041,-0.0004470514889868737,0.030709677419354837,0.0,0.0,-0.008080778399344672
26,2,936342,0,200,25.11,0.06,4.76,15.569,0.06036940176528198,-4.0550395160644295e-05,0.08699999999999974,-0.00046609649609936107,0.030709677419354837,0.0,0.0,0.0006012031578195698
26,2,936385,0,200,25.0,0.06,4.76,15.612,0.060813991500489564,-4.122463245975983e-05,0.08599999999999852,-0.00047935619139256435,0.030709677419354837,-0.007501875468867301,0.0,0.003459102761960568
26,2,936428,0,200,24.89,0.06,4.66,15.655,0.060666884602810583,-4.149005291731278e-05,0.0860000000000003,-0.0004824424757827051,0.03006451612903226,-0.0075018754688671455,0.0,-0.003801211826330186
26,2,936471,0,200,24.78,0.06,4.66,15.698,0.06048708728342517,-4.111833317172753e-05,0.08700000000000152,-0.00047262451921525065,0.03006451612903226,0.0,0.0,-0.004509023683646841
26,2,936515,0,200,24.78,0.06,4.66,15.742,0.0602745995423333,-4.0036232941154105e-05,0.08699999999999974,-0.0004601865855305083,0.03006451612903226,0.0,0.0,-0.005260527630921316
26,2,936558,0,200,24.67,0.06,4.66,15.785,0.060029421379535014,-3.8326319652230546e-05,0.08599999999999852,-0.000445654879677107,0.03006451612903226,0.0,0.0,-0.006081938922128293
26,2,936601,0,200,24.67,0.06,4.66,15.828,0.05975155279503028,-3.622441354139827e-05,0.0860000000000003,-0.0004212141109464901,0.03006451612903226,-0.007501875468867226,0.0,-0.006842181287394431
26,2,936644,0,200,24.56,0.06,4.56,15.871,0.05944099378881909,-3.4139390590598676e-05,0.0860000000000003,-0.00039696965803021577,0.029419354838709676,-0.007501875468867226,0.0,0.0028889209880109605
26,2,936687,0,200,24.45,0.06,4.56,15.914,0.05999999999999922,-3.262909384401702e-05,0.08900000000000041,-0.0003666190319552457,0.029419354838709676,0.0,0.0,0.006280968664945249
26,2,936733,0,200,24.45,0.06,4.56,15.96,0.05999999999999922,-3.225258787911134e-05,0.08900000000000041,-0.0003623886278551819,0.029419354838709676,0.0,0.0,0.0
26,2,936776,0,200,24.34,0.06,4.56,16.003,0.05999999999999922,-3.33268995348357e-05,0.08699999999999974,-0.000383067810745239,0.029419354838709676,0.0,0.0,0.0
26,2,936820,0,200,24.23,0.06,4.56,16.047,0.05999999999999922,-3.573393845353934e-05,0.08699999999999974,-0.0004107349247533269,0.029419354838709676,0.0,0.0,0.0
26,2,936863,0,200,24.23,0.06,4.56,16.09,0.05999999999999922,-3.891946613136454e-05,0.08599999999999852,-0.0004525519317600606,0.029419354838709676,-0.007501875468867341,0.0,0.0
26,2,936906,0,200,24.12,0.06,4.46,16.133,0.05999999999999922,-4.209657171817316e-05,0.08599999999999852,-0.0004894950199787661,0.028774193548387096,-0.007501875468867341,0.0,0.0
26,2,936949,0,200,24.01,0.06,4.46,16.176,0.05999999999999922,-4.452895258108569e-05,0.08699999999999974,-0.000511827041161906,0.028774193548387096,0.0,0.0,0.0
26,2,936993,0,200,24.01,0.06,4.46,16.22,0.05999999999999922,-4.5743154573169245e-05,0.0870000000000033,-0.0005257833858984772,0.028774193548387096,0.0,0.0,0.0
26,2,937036,0,200,23.9,0.06,4.46,16.263,0.05999999999999922,-4.5605162676206843e-05,0.08600000000000207,-0.0005302925892582063,0.028774193548387096,-0.006751687921980332,0.0,0.0
26,2,937079,0,200,23.9,0.06,4.37,16.306,0.05999999999999922,-4.4285367561732516e-05,0.08899999999999864,-0.0004975883995700359,0.028193548387096774,-0.006524102935846421,0.0,0.0
26,2,937125,0,200,23.79,0.06,4.37,16.352,0.05999999999999922,-4.21524412530303e-05,0.08899999999999864,-0.00047362293542731404,0.028193548387096774,0.0,0.0,0.0
26,2,937168,0,200,23.68,0.06,4.37,16.395,0.05999999999999922,-3.962930787911745e-05,0.08599999999999852,-0.00046080590557114103,0.028193548387096774,0.0,0.0,0.0
26,2,937211,0,200,23.68,0.06,4.37,16.438,0.05999999999999922,-3.707126863912613e-05,0.08600000000000207,-0.0004310612632456423,0.028193548387096774,0.0,0.0,0.0
26,2,937254,0,200,23.57,0.06,4.37,16.481,0.05999999999999922,-3.473917378294189e-05,0.08600000000000207,-0.00040394388119698894,0.028193548387096774,-0.007501875468867071,0.0,0.0
26,2,937297,0,200,23.46,0.06,4.27,16.524,0.05999999999999922,-3.287008633569588e-05,0.08699999999999974,-0.00037781708431834453,0.02754838709677419,-0.007415647015202133,0.0,0.0
26,2,937341,0,200,23.46,0.06,4.27,16.568,0.05999999999999922,-3.174381086703537e-05,0.08699999999999974,-0.0003648713892762697,0.02754838709677419,0.0,0.0,0.0
26,2,937384,0,200,23.35,0.06,4.27,16.611,0.05999999999999922,-3.163303603153356e-05,0.08599999999999852,-0.00036782600036667563,0.02754838709677419,0.0,0.0,0.006500072223024714
26,2,937427,0,200,23.35,0.06,4.27,16.654,0.060559006211179336,-3.2641168654529376e-05,0.08599999999999852,-0.0003795484727270923,0.02754838709677419,0.0,0.0,0.0028889209880108586
26,2,937470,0,200,23.24,0.06,4.27,16.697,0.06024844720496815,-3.4558442680962644e-05,0.08999999999999986,-0.0003839826964551411,0.02754838709677419,0.0,0.0,-0.006538084341288045
26,2,937517,0,200,23.13,0.06,4.27,16.744,0.05997057862046341,-3.6870986773722694e-05,0.08999999999999986,-0.0004096776308191417,0.02754838709677419,-0.007168458781361975,0.0,-0.005811630525589168
26,2,937560,0,200,23.02,0.06,4.17,16.787,0.059725400457665126,-3.89354812641205e-05,0.08599999999999852,-0.00045273815423396707,0.026903225806451613,-0.007501875468867301,0.0,-0.005321696556862337
26,2,937603,0,200,23.02,0.06,4.17,16.83,0.05951291271657326,-4.020348035576138e-05,0.08600000000000207,-0.0004674823297181443,0.026903225806451613,0.0,0.0,-0.004561454191596193
26,2,937646,0,200,22.91,0.06,4.17,16.873,0.059333115397187844,-4.0365661630329616e-05,0.0870000000000033,-0.00046397312218767915,0.026903225806451613,0.0,0.0,-0.0037575197363720783
26,2,937690,0,200,22.8,0.06,4.17,16.917,0.05918600849950888,-3.938805917591814e-05,0.08699999999999974,-0.00045273631236687653,0.026903225806451613,0.0,0.0,-0.0030060157890978495
26,2,937733,0,200,22.8,0.06,4.17,16.96,0.05907159202353633,-3.7504589503538634e-05,0.08599999999999852,-0.00043609987794813115,0.026903225806451613,-0.007501875468867341,0.0,-0.0022807270957981907
26,2,937776,0,200,22.69,0.06,4.07,17.003,0.058989865969270236,-3.520692827880101e-05,0.08599999999999852,-0.0004093828869628095,0.026258064516129033,-0.007501875468867341,0.0,-0.0015204847305320733
26,2,937819,0,200,22.58,0.06,4.07,17.046,0.058940830336710576,-3.318205232078331e-05,0.08599999999999852,-0.00038583781768353344,0.026258064516129033,0.0,-0.1162790697674438,-0.0007602423652661173
26,2,937862,0,200,22.58,0.05,4.07,17.089,0.05892448512585735,-3.2129554097257264e-05,0.08900000000000219,-0.0003610062258118705,0.026258064516129033,0.0,0.0,0.0
26,2,937908,0,200,22.47,0.06,4.07,17.135,0.058940830336710576,-3.249172298716818e-05,0.08900000000000219,-0.00036507553918165594,0.026258064516129033,0.0,0.11235955056179493,0.000734616218122285
26,2,937951,0,200,22.47,0.06,4.07,17.178,0.058989865969270236,-3.4240696928922176e-05,0.08599999999999852,-0.00039814763870840426,0.026258064516129033,0.0,0.0,0.0015204847305320733
26,2,937994,0,200,22.36,0.06,4.07,17.221,0.05907159202353633,-3.686003408687455e-05,0.08599999999999852,-0.00042860504752180445,0.026258064516129033,-0.007501875468867341,0.0,0.008780799318822904
26,2,938037,0,200,22.36,0.06,3.97,17.264,0.05974501471068899,-3.953003854026393e-05,0.08699999999999974,-0.0004543682590834948,0.025612903225806453,-0.007415647015202093,0.0,0.012287089537937638
26,2,938081,0,200,22.25,0.06,3.97,17.308,0.0601405688133369,-4.139550132287528e-05,0.08699999999999974,-0.0004758103600330506,0.025612903225806453,0.0,0.0,-0.00015030078945497223
26,2,938124,0,200,22.14,0.06,3.97,17.351,0.05973193854200641,-4.1779941011550916e-05,0.08599999999999852,-0.0004858132675761818,0.025612903225806453,0.0,0.0,-0.008362666017926484
26,2,938167,0,200,22.03,0.06,3.97,17.394,0.05942137953579524,-4.0310273738744405e-05,0.08600000000000207,-0.0004687241132412027,0.025612903225806453,0.0,0.0,-0.006081938922128204
26,2,938210,0,200,22.03,0.06,3.97,17.437,0.05920889179470337,-3.7003518012446615e-05,0.08600000000000207,-0.0004302734652609968,0.025612903225806453,-0.007501875468867031,0.0,-0.0038012118263301073
26,2,938253,0,200,21.92,0.06,3.87,17.48,0.05909447531873084,-3.2337183256707646e-05,0.08899999999999864,-0.00036333913771582183,0.024967741935483873,-0.007249003262051574,0.0,-0.0014692324362444726
26,2,938299,0,200,21.81,0.06,3.87,17.526,0.059078130107877616,-2.7228212503537906e-05,0.08899999999999864,-0.0003059349719498688,0.024967741935483873,0.0,0.0,-0.003122118927019563
26,2,938342,0,200,21.81,0.06,3.87,17.569,0.058816606734226104,-2.2826619319066487e-05,0.08599999999999852,-0.0002654258060356614,0.024967741935483873,0.0,0.0,-0.008932847791876032
26,2,938385,0,200,21.7,0.06,3.87,17.612,0.05830990519777629,-2.0141855511933037e-05,0.08600000000000207,-0.00023420762223177384,0.024967741935483873,0.0,0.0,-0.010643393113724236
26,2,938428,0,200,21.7,0.06,3.87,17.655,0.0579012749264458,-1.9659670672017792e-05,0.0870000000000033,-0.00022597322611513847,0.024967741935483873,0.0,-0.11494252873562777,-0.0018411846708224972
26,2,938472,0,200,21.59,0.05,3.87,17.699,0.05814972213141473,-2.114716553941065e-05,0.08699999999999974,-0.00024307086826908864,0.024967741935483873,0.0,-0.11494252873563246,0.003269042170643931
26,2,938515,0,200,21.59,0.05,3.87,17.742,0.05818568159529182,-2.376032801921557e-05,0.08599999999999852,-0.00027628288394437184,0.024967741935483873,0.0,0.1162790697674438,-0.007754472125713655
26,2,938558,0,200,21.48,0.06,3.87,17.785,0.057482837528603364,-2.642099821315336e-05,0.08599999999999852,-0.0003072209094552769,0.024967741935483873,-0.007501875468867381,0.1162790697674438,-0.01444460494005494
26,2,938601,0,200,21.37,0.06,3.77,17.828,0.056943445570447115,-2.8288349521027102e-05,0.08599999999999852,-0.00032893429675613477,0.02432258064516129,-0.007501875468867381,0.0,-0.010643393113724675
26,2,938644,0,200,21.37,0.06,3.77,17.871,0.05656750572082306,-2.908412230083268e-05,0.08900000000000219,-0.0003267878910205839,0.02432258064516129,0.0,0.0,-0.006611545963099941
26,2,938690,0,200,21.26,0.06,3.77,17.917,0.056355017979731206,-2.910314873898745e-05,0.08900000000000219,-0.00032700167122457006,0.02432258064516129,0.0,0.0,-0.002938464872488828
26,2,938733,0,200,21.26,0.06,3.77,17.96,0.056305982347171546,-2.8930275259973827e-05,0.08599999999999852,-0.00033639854953458517,0.02432258064516129,0.0,-0.1162790697674438,0.000760242365265956
26,2,938776,0,200,21.15,0.05,3.77,18.003,0.05642039882314408,-2.9061440176870958e-05,0.08599999999999852,-0.0003379237229868774,0.02432258064516129,0.0,0.0,0.0045614541915963815
26,2,938819,0,200,21.15,0.06,3.77,18.046,0.05669826740764883,-2.966232893863463e-05,0.08699999999999974,-0.0003409463096394795,0.02432258064516129,0.0,0.11494252873563246,0.008266543420019324
26,2,938863,0,200,20.93,0.06,3.77,18.09,0.057139588100685756,-3.0581100752283155e-05,0.08699999999999974,-0.00035150690519865797,0.02432258064516129,-0.007415647015202093,-0.11494252873563246,0.012024063156391398
26,2,938906,0,200,20.93,0.05,3.67,18.133,0.057744360902254876,-3.155268222458396e-05,0.08599999999999852,-0.0003668916537742384,0.02367741935483871,-0.007501875468867341,-0.1162790697674438,0.011973817252940179
26,2,938949,0,200,20.93,0.05,3.67,18.176,0.058169336384438594,-3.24108401951877e-05,0.08600000000000207,-0.00037687023482775486,0.02367741935483871,0.0,0.116279069767439,-0.0026988603966941775
26,2,938992,0,200,20.82,0.06,3.67,18.219,0.05751225890813917,-3.314753109306867e-05,0.08600000000000207,-0.00038543640805892873,0.02367741935483871,0.0,0.116279069767439,-0.007260314588290371
26,2,939035,0,200,20.82,0.06,3.67,18.262,0.05754494932984561,-3.380936181807081e-05,0.08899999999999864,-0.00037988046986597,0.02367741935483871,0.0,0.0,0.00848481731931185
26,2,939081,0,200,20.71,0.06,3.67,18.308,0.058267407649557915,-3.436463532839307e-05,0.08899999999999864,-0.00038611949807183815,0.02367741935483871,0.0,0.0,0.007933855155720308
26,2,939124,0,200,20.71,0.06,3.67,18.351,0.058251062438704704,-3.468170552345429e-05,0.08599999999999852,-0.00040327564562156845,0.02367741935483871,-0.007501875468867341,0.0,0.008020556953556787
26,2,939167,0,200,20.6,0.06,3.57,18.394,0.05895717554756379,-3.4634022194344636e-05,0.08699999999999974,-0.0003980922091303993,0.02303225806451613,-0.007415647015202093,0.0,0.008116242630564194
26,2,939211,0,200,20.49,0.06,3.57,18.438,0.05895717554756379,-3.421685608961678e-05,0.0870000000000033,-0.00039329719643236183,0.02303225806451613,0.0,0.0,-0.008116242630563862
26,2,939254,0,200,20.49,0.06,3.57,18.481,0.058251062438704704,-3.3553192798933206e-05,0.08600000000000207,-0.0003901534046387488,0.02303225806451613,0.0,0.0,-0.0015204847305319298
26,2,939297,0,200,20.38,0.06,3.57,18.524,0.05882641386073804,-3.2786693523827905e-05,0.08599999999999852,-0.00038124062237009847,0.02303225806451613,0.0,0.0,0.00516964808380905
26,2,939340,0,200,20.27,0.06,3.57,18.567,0.058695652173912274,-3.198043793832195e-05,0.08599999999999852,-0.0003718655574223546,0.02303225806451613,0.0,-0.1162790697674438,-0.011251587005937584
26,2,939383,0,200,20.27,0.05,3.57,18.61,0.05785877737822742,-3.113388304129216e-05,0.08699999999999974,-0.00035786072461255463,0.02303225806451613,-0.007415647015202093,0.0,-0.014879778156034593
26,2,939427,0,200,20.27,0.06,3.47,18.654,0.05740111147433727,-3.0302071775850426e-05,0.08699999999999974,-0.0003482996755844887,0.022387096774193548,-0.007415647015202093,0.11494252873563246,-0.012587691116847424
26,2,939470,0,200,20.16,0.06,3.47,18.697,0.0567636482510617,-2.9678380212958542e-05,0.08800000000000097,-0.0003372543206017979,0.022387096774193548,0.0,-0.11363636363636233,-0.012630390204760547
26,2,939515,0,200,20.05,0.05,3.47,18.742,0.05628963713631833,-2.951217347024482e-05,0.08800000000000097,-0.0003353656076164147,0.022387096774193548,0.0,0.0,-0.0025632262474366476
26,2,939558,0,200,20.05,0.06,3.47,18.785,0.05653808434128727,-2.987879464054455e-05,0.08699999999999974,-0.00034343442115568546,0.022387096774193548,0.0,0.0,-0.002404812631278359
26,2,939602,0,200,19.94,0.05,3.47,18.829,0.05608041843739711,-3.0470778574295477e-05,0.08699999999999974,-0.00035023883418730534,0.022387096774193548,0.0,0.0,-0.008266543420019245
26,2,939645,0,200,19.94,0.06,3.47,18.872,0.0558188950637456,-3.060138440276816e-05,0.08599999999999852,-0.00035583005119498473,0.022387096774193548,0.0,0.1162790697674438,-0.0038012118263302643
26,2,939688,0,200,19.83,0.06,3.47,18.915,0.055753514220332714,-2.948628230419681e-05,0.08599999999999852,-0.0003428637477232246,0.022387096774193548,-0.007501875468867341,-0.1162790697674438,0.000760242365265956
26,2,939731,0,200,19.72,0.05,3.37,18.958,0.05588427590715847,-2.6683321787253522e-05,0.08600000000000207,-0.0003102711835727079,0.021741935483870968,-0.007501875468867031,0.0,0.011821768779886563
26,2,939774,0,200,19.72,0.06,3.37,19.001,0.05677018633540298,-2.244449976715046e-05,0.08800000000000097,-0.0002550511337176161,0.021741935483870968,0.0,0.11363636363636233,0.01883414068768723
26,2,939819,0,200,19.72,0.06,3.37,19.046,0.057541680287674965,-1.7761256259830828e-05,0.08799999999999741,-0.0002018324574980835,0.021741935483870968,0.0,-0.11363636363636692,0.0
26,2,939862,0,200,19.61,0.05,3.37,19.089,0.05677018633540298,-1.4055803624806628e-05,0.08800000000000097,-0.00015972504119098267,0.021741935483870968,0.0,0.0,-0.0022288923890754417
26,2,939907,0,200,19.5,0.06,3.37,19.134,0.057345537757436324,-1.2663325750703613e-05,0.08800000000000097,-0.00014390142898526676,0.021741935483870968,0.0,0.11363636363636233,0.012147463520460906
26,2,939950,0,200,19.39,0.06,3.37,19.177,0.057839163125203555,-1.4336275030018885e-05,0.08699999999999974,-0.00016478477045998768,0.021741935483870968,0.0,-0.11494252873563246,0.00041332717100089444
26,2,939994,0,200,19.39,0.05,3.37,19.221,0.0573814972213134,-1.896436224724507e-05,0.08699999999999974,-0.00021798117525569108,0.021741935483870968,0.0,0.0,-0.004659324473101746
26,2,940037,0,200,19.28,0.06,3.37,19.264,0.057433801896043704,-2.560136887923159e-05,0.08599999999999852,-0.00029769033580502363,0.021741935483870968,0.0,0.1162790697674438,-0.009465017447562217
26,2,940080,0,200,19.28,0.06,3.37,19.307,0.056567505720823065,-3.2771283333178136e-05,0.08600000000000207,-0.00038106143410671333,0.021741935483870968,-0.007501875468867031,0.0,-0.020336483270865905
26,2,940123,0,200,19.17,0.06,3.27,19.35,0.055684864334749194,-3.8917059509597344e-05,0.08699999999999974,-0.00044732252309882136,0.021096774193548388,-0.007415647015202093,0.0,-0.01653308684003841
26,2,940167,0,200,19.17,0.06,3.27,19.394,0.05512912716573973,-4.28008473222663e-05,0.08699999999999974,-0.0004919637623249014,0.021096774193548388,0.0,-0.11494252873563246,-0.012963443090484694
26,2,940210,0,200,19.06,0.05,3.27,19.437,0.05455704478587703,-4.3718917581487826e-05,0.08600000000000207,-0.000508359506761474,0.021096774193548388,0.0,-0.116279069767439,-0.013494301983471856
26,2,940253,0,200,19.06,0.05,3.27,19.48,0.05396861719516112,-4.153516977619631e-05,0.08799999999999741,-0.0004719905656386083,0.021096774193548388,0.0,0.11363636363636692,-0.003306190377128648
26,2,940298,0,200,19.06,0.06,3.27,19.525,0.05426610003268972,-3.664021022932618e-05,0.08899999999999864,-0.0004116877553856937,0.021096774193548388,-0.006524102935846421,0.0,-0.003269042170644088
26,2,940342,0,200,18.95,0.05,3.18,19.569,0.0536776724419738,-2.9910042090166123e-05,0.08699999999999974,-0.0003437935872432898,0.020516129032258065,-0.006674082313681888,-0.11494252873563246,-0.013339195064121966
26,2,940385,0,200,18.84,0.05,3.18,19.612,0.05310559006211111,-2.2624214561633328e-05,0.08600000000000207,-0.00026307226234456723,0.020516129032258065,0.0,0.0,-0.002622836160167698
26,2,940428,0,200,18.84,0.05,3.18,19.655,0.05345210853219937,-1.6255023014100533e-05,0.08600000000000207,-0.00018901189551279234,0.020516129032258065,0.0,0.0,-0.00836266601792614
26,2,940471,0,200,18.73,0.05,3.18,19.698,0.052386400784569444,-1.2118251653846724e-05,0.08599999999999852,-0.0001409099029517085,0.020516129032258065,0.0,0.0,-0.007602423652660609
26,2,940514,0,200,18.73,0.05,3.18,19.741,0.05279830009807057,-1.0996487975162061e-05,0.08699999999999974,-0.00012639641350761026,0.020516129032258065,0.0,0.11494252873563246,0.010032577696114252
26,2,940558,0,200,18.62,0.06,3.18,19.785,0.05325923504413138,-1.2895057372289908e-05,0.08699999999999974,-0.00014821905025620629,0.020516129032258065,0.0,0.11494252873563246,0.005110226841466503
26,2,940601,0,200,18.62,0.06,3.18,19.828,0.053242889833278156,-1.7044938963321156e-05,0.08599999999999852,-0.00019819696468978428,0.020516129032258065,0.0,-0.1162790697674438,0.00456145419159622
26,2,940644,0,200,18.62,0.05,3.18,19.871,0.05365152010460865,-2.2172294351082032e-05,0.08800000000000097,-0.00025195789035320216,0.020516129032258065,0.0,0.0,0.010215756783262258
26,2,940689,0,200,18.51,0.06,3.18,19.916,0.054141876430205245,-2.694891723858728e-05,0.08900000000000219,-0.0003027968229054676,0.020516129032258065,-0.007249003262051285,0.0,0.00808077839934451
26,2,940733,0,200,18.4,0.05,3.08,19.96,0.05437070938215033,-3.0445130148464282e-05,0.08699999999999974,-0.0003499440246949928,0.019870967741935485,-0.007415647015202093,-0.11494252873563246,0.012625266314211207
26,2,940776,0,200,18.29,0.05,3.08,20.003,0.05524027459954162,-3.237473814247682e-05,0.08999999999999986,-0.0003597193126941875,0.019870967741935485,0.0,0.11111111111111123,0.010569903018415473
26,2,940823,0,200,18.29,0.06,3.08,20.05,0.05532200065380772,-3.300958445159763e-05,0.09100000000000108,-0.0003627426862812883,0.019870967741935485,0.0,0.0,-0.0068613962043186085
26,2,940867,0,200,18.29,0.05,3.08,20.094,0.054615887544948616,-3.28302519718231e-05,0.08699999999999974,-0.0003773592180669333,0.019870967741935485,0.0,0.0,-0.015293105327035568
26,2,940910,0,200,18.18,0.06,3.08,20.137,0.05399150049035563,-3.2142674320296824e-05,0.08599999999999852,-0.00037375202698020207,0.019870967741935485,0.0,0.0,-0.013950447402631955
26,2,940953,0,200,18.07,0.05,3.08,20.18,0.05341614906832229,-3.0903838885425025e-05,0.08599999999999852,-0.0003593469637840181,0.019870967741935485,0.0,-0.1162790697674438,-0.013190205037366
26,2,940996,0,200,18.07,0.05,3.08,20.223,0.05285714285714217,-2.8856454188406655e-05,0.08599999999999852,-0.0003355401649814785,0.019870967741935485,-0.007501875468867381,0.1162790697674438,0.0038012118263302643
26,2,941039,0,200,18.07,0.06,2.98,20.266,0.053743053285386685,-2.5868470531428044e-05,0.08900000000000219,-0.0002906569722632293,0.0192258064516129,-0.007249003262051324,0.11235955056179493,0.020091753565642616
26,2,941085,0,200,17.96,0.06,2.98,20.312,0.05464530892448441,-2.223504840417645e-05,0.08900000000000219,-0.0002498320045413023,0.0192258064516129,0.0,-0.11235955056179493,0.01068866597367821
26,2,941128,0,200,17.96,0.05,2.98,20.355,0.05469434455704407,-1.8722220480458683e-05,0.08599999999999852,-0.00021770023814487216,0.0192258064516129,0.0,-0.1162790697674438,0.008210617544873438
26,2,941171,0,200,17.85,0.05,2.98,20.398,0.05535142203334351,-1.6302906258840454e-05,0.08699999999999974,-0.00018738972711310922,0.0192258064516129,0.0,0.0,0.00567385480192237
26,2,941215,0,200,17.85,0.05,2.98,20.442,0.055187969924811314,-1.5729059222453935e-05,0.08699999999999974,-0.0001807937841661377,0.0192258064516129,0.0,0.0,-0.00676353552547032
26,2,941258,0,200,17.73,0.05,2.98,20.485,0.0547629944426276,-1.716789456685186e-05,0.08599999999999852,-0.00019962668100990876,0.0192258064516129,0.0,0.1162790697674438,-0.0024327755688513175
26,2,941301,0,200,17.73,0.06,2.98,20.528,0.054978751225890105,-2.0084175942290284e-05,0.08600000000000207,-0.0002335369295615093,0.0192258064516129,0.0,0.116279069767439,-0.010643393113724316
26,2,941344,0,200,17.62,0.06,2.98,20.571,0.05384766263484728,-2.3433647790821243e-05,0.08600000000000207,-0.00027248427663744974,0.0192258064516129,0.0,0.0,-0.0083626660179263
26,2,941387,0,200,17.62,0.06,2.98,20.614,0.054259561948348425,-2.609727499474035e-05,0.08699999999999974,-0.0002999686781004647,0.0192258064516129,-0.007415647015202093,0.0,0.0004133271710011337
26,2,941431,0,200,17.62,0.06,2.88,20.658,0.05388362209872438,-2.736480625347637e-05,0.08899999999999864,-0.00030746973318513245,0.01858064516129032,-0.007249003262051574,-0.11235955056179942,-0.011019243271833623
26,2,941476,0,200,17.51,0.05,2.88,20.703,0.05327884929715525,-2.7224087259858365e-05,0.08799999999999741,-0.0003093646279529451,0.01858064516129032,0.0,-0.11363636363636692,-0.006092305863473062
26,2,941519,0,200,17.4,0.05,2.88,20.746,0.05334749918273877,-2.629294295209128e-05,0.08600000000000207,-0.00030573189479175166,0.01858064516129032,0.0,0.0,0.0033070542889070626
26,2,941562,0,200,17.4,0.05,2.88,20.789,0.05356325596600126,-2.5427131510022072e-05,0.08699999999999974,-0.00029226587942554193,0.01858064516129032,0.0,0.0,-0.003344192565371497
26,2,941606,0,200,17.29,0.05,2.88,20.833,0.05305655442955145,-2.52245759980827e-05,0.08699999999999974,-0.0002899376551503767,0.01858064516129032,0.0,0.0,-0.013527071050940481
26,2,941649,0,200,17.29,0.05,2.88,20.876,0.052386400784569444,-2.569708586513242e-05,0.08600000000000207,-0.0002988033240131605,0.01858064516129032,0.0,0.0,-0.017485574401118364
26,2,941692,0,200,17.18,0.05,2.88,20.919,0.05155279503105523,-2.6281867727025786e-05,0.08599999999999852,-0.0003056031131049563,0.01858064516129032,0.0,0.0,-0.02128678622744943
26,2,941735,0,200,17.18,0.05,2.88,20.962,0.050555737169008824,-2.6187013946830095e-05,0.08599999999999852,-0.0003045001621724482,0.01858064516129032,-0.007501875468867341,0.1162790697674438,-0.014596653413108228
26,2,941778,0,200,17.07,0.06,2.78,21.005,0.05029748283752795,-2.4888559873241345e-05,0.08699999999999974,-0.00028607540084185537,0.01793548387096774,-0.007415647015202093,0.0,-0.00349449335482631
26,2,941822,0,200,17.07,0.05,2.78,21.049,0.050251716247138936,-2.250215554854229e-05,0.08999999999999986,-0.0002500239505393592,0.01793548387096774,0.0,-0.11111111111111123,0.0017071664668919144
26,2,941868,0,200,16.96,0.05,2.78,21.095,0.05045112781954822,-1.98100594345858e-05,0.08900000000000219,-0.00022258493746725073,0.01793548387096774,0.0,0.0,0.0076032778575650176
26,2,941911,0,200,16.96,0.05,2.78,21.138,0.05092840797646224,-1.7918729852127503e-05,0.08600000000000207,-0.0002083573238619427,0.01793548387096774,0.0,0.0,0.00421934512722643
26,2,941954,0,200,16.96,0.05,2.78,21.181,0.0508139915004897,-1.7726370690895442e-05,0.08699999999999974,-0.00020375138725167236,0.01793548387096774,0.0,0.0,-0.0030060157890979293
26,2,941998,0,200,16.85,0.05,2.78,21.225,0.05066688460281072,-1.9464902531761917e-05,0.08699999999999974,-0.00022373451185933303,0.01793548387096774,0.0,0.0,-0.0037575197363723914
26,2,942041,0,200,16.74,0.05,2.78,21.268,0.050487087283425304,-2.2528375619393694e-05,0.08599999999999852,-0.00026195785603946604,0.01793548387096774,0.0,0.0,-0.0045614541915963815
26,2,942084,0,200,16.74,0.05,2.78,21.311,0.05027459954233344,-2.5671273143790696e-05,0.08599999999999852,-0.0002985031760905946,0.01793548387096774,0.0,0.0,-0.005321696556862337
26,2,942127,0,200,16.74,0.05,2.78,21.354,0.05002942137953515,-2.7509591953615242e-05,0.08599999999999852,-0.0003198789762048339,0.01793548387096774,-0.007501875468867341,0.0,-0.006081938922128293
26,2,942170,0,200,16.63,0.05,2.68,21.397,0.049751552795030414,-2.711943457067756e-05,0.08699999999999974,-0.00031171763874342115,0.01729032258064516,-0.007415647015202093,0.0,-0.0067635355254702404
26,2,942214,0,200,16.63,0.05,2.68,21.441,0.04944099378881924,-2.4458990023275896e-05,0.0870000000000033,-0.0002811378163594824,0.01729032258064516,0.0,0.0,0.00285571499964292
26,2,942257,0,200,16.52,0.05,2.68,21.484,0.04999999999999936,-2.0406894316936432e-05,0.08800000000000097,-0.00023189652632882055,0.01729032258064516,0.0,0.0,0.006352343308864883
26,2,942302,0,200,16.52,0.05,2.68,21.529,0.04999999999999936,-1.640140084072872e-05,0.08799999999999741,-0.0001863795550082864,0.01729032258064516,0.0,0.0,0.0
26,2,942345,0,200,16.52,0.05,2.68,21.572,0.04999999999999936,-1.3859621320213566e-05,0.08699999999999974,-0.0001593059921863633,0.01729032258064516,0.0,0.0,0.0
26,2,942389,0,200,16.41,0.05,2.68,21.616,0.04999999999999936,-1.363345726550902e-05,0.08699999999999974,-0.00015670640535067886,0.01729032258064516,0.0,0.0,-0.006425358749196752
26,2,942432,0,200,16.3,0.05,2.68,21.659,0.04944099378881924,-1.570711238929734e-05,0.08600000000000207,-0.00018264084173601116,0.01729032258064516,0.0,0.0,-0.0028889209880109006
26,2,942475,0,200,16.19,0.05,2.68,21.702,0.049751552795030414,-1.922642229716942e-05,0.08600000000000207,-0.0002235630499670809,0.01729032258064516,0.0,0.0,0.006842181287394129
26,2,942518,0,200,16.3,0.05,2.68,21.745,0.05002942137953515,-2.2827995098386287e-05,0.08599999999999852,-0.00026544180346961256,0.01729032258064516,-0.007501875468867341,0.0,0.006081938922128293
26,2,942561,0,200,16.3,0.05,2.58,21.788,0.05027459954233344,-2.5134788545243757e-05,0.08599999999999852,-0.00029226498308423476,0.01664516129032258,0.0,0.0,0.005321696556862337
26,2,942604,0,200,16.19,0.05,2.68,21.831,0.050487087283425304,-2.5235860562090373e-05,0.08699999999999974,-0.00029006736278264884,0.01729032258064516,0.0,0.0,0.004509023683646933
26,2,942648,0,200,16.08,0.05,2.58,21.875,0.05066688460281072,-2.2992034445795452e-05,0.08900000000000219,-0.00025833746568308864,0.01664516129032258,-0.007249003262051285,0.0,0.003673081090611113
26,2,942693,0,200,15.97,0.05,2.58,21.92,0.0508139915004897,-1.9080281249654886e-05,0.08800000000000097,-0.00021682137783698497,0.01664516129032258,0.0,0.0,0.0029718565187672294
26,2,942736,0,200,16.08,0.05,2.58,21.963,0.05092840797646224,-1.4767477814173979e-05,0.08699999999999974,-0.00016974112430085084,0.01664516129032258,0.0,0.0,0.002254511841823387
26,2,942780,0,200,15.97,0.05,2.58,22.007,0.051010134030728335,-1.1482233453024905e-05,0.08699999999999974,-0.00013197969486235562,0.01664516129032258,0.0,0.0,0.0015030078945489247
26,2,942823,0,200,15.97,0.05,2.58,22.05,0.051059169663287995,-1.032587155516218e-05,0.08599999999999852,-0.00012006827389723671,0.01664516129032258,0.0,0.1162790697674438,0.0007602423652660367
26,2,942866,0,200,15.86,0.06,2.58,22.093,0.05107551487414121,-1.1692246142677388e-05,0.08599999999999852,-0.00013595635049625104,0.01664516129032258,0.0,0.0,0.0
26,2,942909,0,200,15.86,0.05,2.58,22.136,0.051059169663287995,-1.512766043458047e-05,0.08599999999999852,-0.00017590302830907827,0.01664516129032258,0.0,-0.1162790697674438,-0.0007602423652660367
26,2,942952,0,200,15.86,0.05,2.58,22.179,0.051010134030728335,-1.9479231418310317e-05,0.08600000000000207,-0.00022650269091057962,0.01664516129032258,0.0,0.0,-0.0015204847305320107
26,2,942995,0,200,15.75,0.05,2.58,22.222,0.05092840797646224,-2.328471241460628e-05,0.08699999999999974,-0.0002676403725816822,0.01664516129032258,-0.007415647015202093,0.0,-0.002254511841823387
26,2,943039,0,200,15.75,0.05,2.48,22.266,0.0508139915004897,-2.5272620156848724e-05,0.08899999999999864,-0.0002839620242342597,0.016,0.0,0.0,-0.0029384648724890233
26,2,943084,0,200,15.64,0.05,2.58,22.311,0.05066688460281072,-2.480102929181127e-05,0.08800000000000097,-0.0002818298783160341,0.01664516129032258,0.0,0.0,-0.003714820648459017
26,2,943127,0,200,15.64,0.05,2.48,22.354,0.050487087283425304,-2.2089846044694993e-05,0.08699999999999974,-0.00025390627637580525,0.016,-0.007415647015202093,0.0,-0.004509023683646933
26,2,943171,0,200,15.53,0.05,2.48,22.398,0.05027459954233344,-1.8172489167977536e-05,0.08699999999999974,-0.00020887918583882285,0.016,0.0,0.0,-0.005260527630921316
26,2,943214,0,200,15.53,0.05,2.48,22.441,0.05002942137953515,-1.4571437708750245e-05,0.08600000000000207,-0.0001694353221947662,0.016,0.0,0.0,-0.006081938922128043
26,2,943257,0,200,15.42,0.05,2.48,22.484,0.049751552795030414,-1.2782820040962761e-05,0.08600000000000207,-0.0001486374423367727,0.016,0.0,0.0,-0.006842181287394129
26,2,943300,0,200,15.42,0.05,2.48,22.527,0.04944099378881924,-1.3731480749758163e-05,0.08599999999999852,-0.00015966838081114416,0.016,0.0,0.0,0.00288892098801102
26,2,943343,0,200,15.42,0.05,2.48,22.57,0.04999999999999936,-1.738865404038803e-05,0.08699999999999974,-0.00019986958667112738,0.016,0.0,0.0,0.006425358749196752
26,2,943387,0,200,15.31,0.05,2.48,22.614,0.04999999999999936,-2.2701903085261322e-05,0.08699999999999974,-0.00026094141477311944,0.016,0.0,0.0,0.0
26,2,943430,0,200,15.2,0.05,2.48,22.657,0.04999999999999936,-2.7889307741876924e-05,0.08800000000000097,-0.0003169239516122343,0.016,0.0,0.0,0.0
26,2,943475,0,200,15.2,0.05,2.48,22.702,0.04999999999999936,-3.102595298010869e-05,0.08800000000000097,-0.0003525676475012312,0.016,-0.007331378299120169,0.0,0.0
26,2,943518,0,200,15.2,0.05,2.38,22.745,0.04999999999999936,-3.072703319347259e-05,0.08699999999999974,-0.0003531842895801457,0.015354838709677418,-0.007415647015202113,0.0,0.0
26,2,943562,0,200,15.09,0.05,2.38,22.789,0.04999999999999936,-2.666330251254667e-05,0.08699999999999974,-0.00030647474152352584,0.015354838709677418,0.0,0.0,0.0
26,2,943605,0,200,15.09,0.05,2.38,22.832,0.04999999999999936,-1.9699543084192416e-05,0.08599999999999852,-0.00022906445446735761,0.015354838709677418,0.0,0.0,0.0
26,2,943648,0,200,15.09,0.05,2.38,22.875,0.04999999999999936,-1.161892437756773e-05,0.08599999999999852,-0.00013510377183218524,0.015354838709677418,0.0,0.0,0.0
26,2,943691,0,200,14.98,0.05,2.38,22.918,0.04999999999999936,-4.573014744129189e-06,0.08599999999999852,-5.317459004801474e-05,0.015354838709677418,0.0,0.0,0.0
26,2,943734,0,200,14.98,0.05,2.38,22.961,0.04999999999999936,-4.678654671157467e-07,0.08600000000000207,-5.440296129252738e-06,0.015354838709677418,0.0,0.0,0.0
26,2,943777,0,200,14.98,0.05,2.38,23.004,0.04999999999999936,-4.588815349206854e-07,0.08699999999999974,-5.274500401387204e-06,0.015354838709677418,0.0,0.0,0.0
26,2,943821,0,200,14.87,0.05,2.38,23.048,0.04999999999999936,-4.6538547836569854e-06,0.08899999999999864,-5.229050318715794e-05,0.015354838709677418,0.0,0.0,0.0
26,2,943866,0,200,14.87,0.05,2.38,23.093,0.04999999999999936,-1.2068003608210365e-05,0.08800000000000097,-0.00013713640463875265,0.015354838709677418,0.0,0.0,0.0
26,2,943909,0,200,14.76,0.05,2.38,23.136,0.04999999999999936,-2.084094406305992e-05,0.08699999999999974,-0.00023955108118459747,0.015354838709677418,0.0,0.0,0.0
26,2,943953,0,200,14.65,0.05,2.38,23.18,0.04999999999999936,-2.8690928890502397e-05,0.08699999999999974,-0.00032978079184485613,0.015354838709677418,0.0,0.0,0.0
26,2,943996,0,200,14.76,0.05,2.38,23.223,0.04999999999999936,-3.352361402372494e-05,0.08599999999999852,-0.0003898094653921572,0.015354838709677418,-0.007501875468867341,0.0,0.0
26,2,944039,0,200,14.76,0.05,2.28,23.266,0.04999999999999936,-3.403352099469581e-05,0.08600000000000207,-0.00039573861621738357,0.014709677419354838,-0.007501875468867031,0.0,0.0
26,2,944082,0,200,14.65,0.05,2.28,23.309,0.04999999999999936,-3.0088361215777403e-05,0.08600000000000207,-0.0003498646652997288,0.014709677419354838,0.0,0.0,0.0
26,2,944125,0,200,14.54,0.05,2.28,23.352,0.04999999999999936,-2.2741935342978527e-05,0.08699999999999974,-0.0002614015556664206,0.014709677419354838,0.0,0.0,0.0
26,2,944169,0,200,14.54,0.05,2.28,23.396,0.04999999999999936,-1.3880115198229959e-05,0.08699999999999974,-0.00015954155400264367,0.014709677419354838,0.0,0.0,0.0
26,2,944212,0,200,14.54,0.05,2.28,23.439,0.04999999999999936,-5.6601093426804635e-06,0.08899999999999864,-6.359673418742191e-05,0.014709677419354838,0.0,0.0,0.0
26,2,944258,0,200,14.43,0.05,2.28,23.485,0.04999999999999936,4.958625299078534e-08,0.08999999999999986,5.509583665642825e-07,0.014709677419354838,0.0,0.0,0.0
26,2,944302,0,200,14.43,0.05,2.28,23.529,0.04999999999999936,2.0800134142588966e-06,0.08699999999999974,2.3908200163895433e-05,0.014709677419354838,0.0,0.0,0.006425358749196752
26,2,944345,0,200,14.32,0.05,2.28,23.572,0.05055900621117947,1.631772060957104e-07,0.08599999999999852,1.8974093732059673e-06,0.014709677419354838,0.0,0.0,0.0028889209880108586
26,2,944388,0,200,14.32,0.05,2.28,23.615,0.05024844720496829,-5.075097037855691e-06,0.08600000000000207,-5.901275625413452e-05,0.014709677419354838,0.0,0.0,-0.006842181287394209
26,2,944431,0,200,14.32,0.05,2.28,23.658,0.04997057862046356,-1.2303270250736187e-05,0.0870000000000033,-0.0001414168994337439,0.014709677419354838,0.0,0.0,-0.0060120315781954535
26,2,944475,0,200,14.21,0.05,2.28,23.702,0.04972540045766526,-1.981305158016422e-05,0.08699999999999974,-0.00022773622505935953,0.014709677419354838,0.0,0.0,-0.005260527630921396
26,2,944518,0,200,14.21,0.05,2.28,23.745,0.0495129127165734,-2.5928758878387637e-05,0.08599999999999852,-0.00030149719626032653,0.014709677419354838,-0.007501875468867321,0.0,-0.0045614541915963815
26,2,944561,0,200,14.1,0.05,2.18,23.788,0.04933311539718798,-2.9405805786939964e-05,0.08699999999999974,-0.0003379977676659776,0.01406451612903226,0.0,0.0,-0.0037575197363723116
26,2,944605,0,200,14.1,0.05,2.28,23.832,0.04918600849950901,-2.9713604068740017e-05,0.08899999999999864,-0.00033386071987348846,0.014709677419354838,0.0,0.0,-0.0029384648724889452
26,2,944650,0,200,13.99,0.05,2.18,23.877,0.04907159202353647,-2.7128081398013037e-05,0.08899999999999864,-0.00030480990334846576,0.01406451612903226,-0.0072490032620515545,0.0,-0.002203848654366709
26,2,944694,0,200,13.99,0.05,2.18,23.921,0.04898986596927037,-2.2615098230514884e-05,0.08699999999999974,-0.00025994365782201095,0.01406451612903226,0.0,0.0,-0.0015030078945489247
26,2,944737,0,200,13.99,0.05,2.18,23.964,0.04894083033671071,-1.7536976499180845e-05,0.08699999999999974,-0.00020157444251932066,0.01406451612903226,0.0,-0.11494252873563254,-0.007176862696471295
26,2,944781,0,200,13.99,0.04,2.18,24.008,0.04836547891467737,-1.3260890953394e-05,0.08699999999999974,-0.0001524240339470579,0.01406451612903226,0.0,0.0,-0.002855714999643037
26,2,944824,0,200,13.99,0.05,2.18,24.051,0.04869238313174177,-1.0789397693752534e-05,0.08600000000000207,-0.0001254581127180497,0.01406451612903226,0.0,0.11627906976743908,0.007602423652660215
26,2,944867,0,200,13.88,0.05,2.18,24.094,0.049019287348806166,-1.053509566369959e-05,0.0870000000000033,-0.00012109305360573781,0.01406451612903226,0.0,0.0,0.007515039472744396
26,2,944911,0,200,13.77,0.05,2.18,24.138,0.049346191565870556,-1.2302490004302057e-05,0.08699999999999974,-0.00014140793108393212,0.01406451612903226,0.0,0.0,0.007515039472744783
26,2,944954,0,200,13.77,0.05,2.18,24.181,0.04967309578293496,-1.5448245136503224e-05,0.08599999999999852,-0.00017963075740120337,0.01406451612903226,-0.007501875468867361,0.0,0.0011023514296358945
26,2,944997,0,200,13.77,0.05,2.08,24.224,0.04944099378881924,-1.911588371820905e-05,0.08699999999999974,-0.00021972280135872536,0.013419354838709678,0.0,0.0,0.004659324473101746
26,2,945041,0,200,13.77,0.05,2.18,24.268,0.05007845701209481,-2.2429192151640633e-05,0.08899999999999864,-0.00025201339496225814,0.01406451612903226,0.0,0.0,0.013957708144322647
26,2,945086,0,200,13.66,0.05,2.08,24.313,0.05068322981366394,-2.459564467553177e-05,0.08800000000000097,-0.00027949596222194887,0.013419354838709678,0.0,0.0,0.013373354334452336
26,2,945129,0,200,13.66,0.05,2.18,24.356,0.05125531219352663,-2.4963404258100395e-05,0.08699999999999974,-0.0002869356811275916,0.01406451612903226,0.0,0.0,0.0127755671036661
26,2,945173,0,200,13.66,0.05,2.08,24.4,0.051794704151682885,-2.31036151641022e-05,0.08699999999999974,-0.00026555879498968123,0.013419354838709678,-0.007415647015202113,0.11494252873563246,0.012024063156391717
26,2,945216,0,200,13.55,0.06,2.08,24.443,0.052301405688132706,-1.89307720851315e-05,0.08600000000000207,-0.00022012525680384931,0.013419354838709678,0.0,0.0,0.0009122908383192063
26,2,945259,0,200,13.55,0.05,2.08,24.486,0.05187316116377834,-1.2802493968540051e-05,0.08699999999999974,-0.0001471551030866677,0.013419354838709678,0.0,-0.11494252873563246,-0.0041708469073733654
26,2,945303,0,200,13.44,0.05,2.08,24.53,0.051938542007191224,-5.535188559051107e-06,0.08699999999999974,-6.362285700058762e-05,0.013419354838709678,0.0,0.0,0.0007515039472745421
26,2,945346,0,200,13.44,0.05,2.08,24.573,0.051938542007191224,1.6761208594457954e-06,0.08599999999999852,1.948977743541656e-05,0.013419354838709678,0.0,0.0,-0.001029782840216297
26,2,945389,0,200,13.33,0.05,2.08,24.616,0.051849980682932624,7.407186853781944e-06,0.08699999999999974,8.514007877910306e-05,0.013419354838709678,0.0,0.11494252873563246,-0.002602367078016395
26,2,945433,0,200,13.33,0.06,2.08,24.66,0.0517121360714038,1.0203524116099149e-05,0.09600000000000009,0.00010628670954269938,0.013419354838709678,0.0,0.0,-0.003338179110490335
26,2,945485,0,200,13.44,0.05,2.08,24.712,0.05152951548832555,8.830017843479698e-06,0.09499999999999886,9.294755624715583e-05,0.013419354838709678,0.0,-0.10526315789473804,-0.0042685244419558115
26,2,945528,0,200,13.22,0.05,2.08,24.755,0.051306626249418,2.5674962646986544e-06,0.08699999999999974,2.9511451318375425e-05,0.013419354838709678,0.0,0.0,-0.005534940435911121
26,2,945572,0,200,13.33,0.05,2.08,24.799,0.051047975670401285,-8.484313410259681e-06,0.08699999999999974,-9.752084379608857e-05,0.013419354838709678,0.0,0.0,-0.006305231981867355
26,2,945615,0,200,13.22,0.05,2.08,24.842,0.05075807106699554,-2.318847740959207e-05,0.08699999999999974,-0.0002665342230987602,0.013419354838709678,0.0,0.0,-0.006971907074487314
26,2,945659,0,200,13.22,0.05,2.08,24.886,0.05044141975492089,-3.936259999806957e-05,0.08699999999999974,-0.00045244367813873204,0.013419354838709678,0.0,0.0,-0.007534965713771079
26,2,945702,0,200,13.11,0.05,2.08,24.929,0.05010252904989746,-5.409106940099839e-05,0.08699999999999974,-0.000621736429896535,0.013419354838709678,0.0,0.0,-0.00799440789971841
26,2,945746,0,200,13.11,0.05,2.08,24.973,0.04974590626764539,-6.437611026106271e-05,0.08699999999999974,-0.0007399552903570449,0.013419354838709678,-0.007415647015202113,0.0,-0.008350233632329384
26,2,945789,0,200,13.11,0.05,1.98,25.016,0.04937605872388481,0.0,0.0,0.0,0.012774193548387096,0.0,0.0,0.0
