MS,MPT,t (ms),PWMi,PWMe,Pressure (Psi),LW raw(V),Displacement (mm),t_rel(s),LW (V),delta d (m),delta t (s),vel (m/s),strain,strain rate (1/s),dv/dt raw,dv/dt
26,3,945882,0,200,13.0,0.05,1.98,0.0,-0.026168831168830994,0.0,0.0,0.0,0.0,0.0,0.0,0.0
26,3,945923,255,0,13.0,0.05,1.98,0.041,0.03846414455110114,0.002746702053631516,0.083,0.033092795826885735,0.012774193548387096,0.007773027594247975,0.0,1.5211125341808236
26,3,945965,255,0,16.08,0.05,2.08,0.083,0.10008350916817736,0.0031887260212229537,0.08299999999999999,0.03841838579786692,0.013419354838709678,0.17800233190827827,0.3614457831325302,1.4463106669001171
26,3,946006,255,0,32.6,0.08,4.27,0.124,0.15850792990381085,0.0037585141003797524,0.083,0.04528330241421388,0.02754838709677419,0.4554994170229304,1.2048192771084336,1.3671393350751502
26,3,946048,255,0,47.8,0.15,7.94,0.166,0.21355607397941484,0.004269884189201736,0.08199999999999999,0.05207175840489922,0.051225806451612906,0.5774980330448466,1.951219512195122,1.2992521794218503
26,3,946088,255,0,57.93,0.24,11.61,0.206,0.26504660861640256,0.00455639124964777,0.08199999999999999,0.05556574694692403,0.0749032258064516,0.5074744295830056,2.195121951219513,1.210269842155761
26,3,946130,255,0,64.76,0.33,14.39,0.248,0.3127982010361872,0.004519678914987839,0.08299999999999999,0.05445396283117879,0.09283870967741936,0.3622230858919551,1.9277108433734946,1.103408552334692
26,3,946171,255,0,69.49,0.4,16.27,0.289,0.356629518460182,0.004150690327538582,0.10299999999999998,0.04029796434503478,0.10496774193548387,0.23614155966176006,1.2621359223300974,0.811272107510805
26,3,946233,255,0,74.34,0.46,18.16,0.351,0.3963592281098001,0.0035209477274581982,0.10400000000000004,0.03385526661017497,0.11716129032258064,0.1724565756823821,0.7692307692307686,0.7228507571757004
26,3,946275,255,0,76.76,0.48,19.05,0.393,0.43180599720645485,0.002752121676534145,0.08300000000000002,0.03315809248836318,0.12290322580645162,0.12281383598911749,0.3614457831325297,0.8003525886958217
26,3,946316,255,0,78.86,0.49,19.74,0.434,0.46278849297155333,0.0019774152112891803,0.08199999999999996,0.024114819649868065,0.1273548387096774,0.09362706530291091,0.24390243902439057,0.7399415341592382
26,3,946357,255,0,80.62,0.5,20.24,0.475,0.49248120300751236,0.0013076464035474836,0.08200000000000002,0.015946907360335164,0.1305806451612903,0.07867820613690027,0.2439024390243904,0.6279351613391826
26,3,946398,255,0,82.16,0.51,20.74,0.516,0.5142791762013663,0.0008103905862581016,0.08300000000000007,0.009763742003109649,0.13380645161290322,0.06917994558880686,0.12048192771084337,0.411623611149398
26,3,946440,255,0,83.59,0.51,21.13,0.558,0.5266459627329124,0.0005046795068303638,0.08299999999999996,0.006080475985908,0.13632258064516128,0.06140691799455904,0.0,0.19846630720331196
26,3,946481,255,0,84.91,0.51,21.53,0.599,0.5307518796992412,0.00036872961059462384,0.08199999999999996,0.0044967025682271225,0.13890322580645162,0.055074744295830085,0.12195121951219529,0.03161402977220328
26,3,946522,255,0,86.12,0.52,21.83,0.64,0.5292383131742331,0.00035530887540937073,0.08200000000000007,0.004333035065967932,0.14083870967741935,0.05428796223446085,0.12195121951219512,-0.051467481003674674
26,3,946563,255,0,87.34,0.52,22.22,0.681,0.5265315462569399,0.0004088513751414489,0.08499999999999996,0.004810016178134695,0.1433548387096774,0.0523719165085391,0.0,-0.06276560967636359
26,3,946607,255,0,88.44,0.52,22.52,0.725,0.5239032363517422,0.00047966380835178055,0.08499999999999996,0.005643103627668009,0.14529032258064517,0.03795066413662251,0.0,-0.05968886410399318
26,3,946648,255,0,89.43,0.52,22.72,0.766,0.5214579928081005,0.0005326479353926174,0.08200000000000007,0.006495706529178255,0.14658064516129032,0.03933910306844977,0.0,-0.03328841722545999
26,3,946689,255,0,90.31,0.52,23.02,0.807,0.5211735861392545,0.0005500876962103724,0.08299999999999996,0.006627562604944249,0.14851612903225805,0.03886513797123958,0.0,-0.002245004864177117
26,3,946731,255,0,91.19,0.52,23.22,0.849,0.5212716574043738,0.0005296443659693679,0.08199999999999996,0.006459077633772782,0.1498064516129032,0.03147128245476019,0.0,0.009248997360846672
26,3,946771,255,0,92.07,0.52,23.42,0.889,0.5219320039228439,0.00047950807987741584,0.08100000000000007,0.0059198528379927826,0.1510967741935484,0.03106332138590233,0.0,0.015134454493722117
26,3,946812,255,0,92.84,0.52,23.61,0.93,0.5224975482183652,0.00041273292001841,0.08299999999999996,0.00497268578335434,0.1523225806451613,0.022541780023319125,0.0,0.015833192199985423
26,3,946854,255,0,93.5,0.52,23.71,0.972,0.5232461588754427,0.00034236703293974457,0.08299999999999985,0.004124904011322231,0.15296774193548388,0.02331908278274378,0.0,0.00638054014029322
26,3,946895,255,0,94.27,0.52,23.91,1.013,0.5230271330500096,0.0002783124908055399,0.08200000000000007,0.003394054765921215,0.15425806451612903,0.0236034618410702,0.12195121951219512,-0.00011959910380347388
26,3,946936,255,0,94.82,0.53,24.01,1.054,0.5232363517489308,0.0002261131033911852,0.08500000000000019,0.0026601541575433495,0.15490322580645163,0.022770398481973573,0.0,0.0029998269330614967
26,3,946980,255,0,95.37,0.52,24.21,1.098,0.5232821183393198,0.0001872681617313816,0.08499999999999996,0.0022031548438986082,0.1561935483870968,0.02277039848197298,-0.11764705882352956,0.009384073995730324
26,3,947021,255,0,95.82,0.52,24.31,1.139,0.5240339980385679,0.00016037180535145623,0.08199999999999985,0.0019557537237982502,0.15683870967741934,0.007867820613689637,0.12195121951219545,0.009129398257043212
26,3,947062,255,0,96.26,0.53,24.31,1.18,0.5240307289963974,0.0001424300113693171,0.08200000000000007,0.0017369513581624023,0.15683870967741934,0.007867820613690292,0.12195121951219512,0.008132739058675488
26,3,947103,255,0,96.48,0.53,24.41,1.221,0.5247008826413793,0.0001299790429176717,0.08299999999999996,0.0015660125652731537,0.15748387096774194,0.015546055188496166,0.0,0.013391257084564298
26,3,947145,255,0,96.7,0.53,24.51,1.263,0.5251422033344162,0.00011989025887539384,0.08299999999999996,0.0014444609503059505,0.15812903225806452,0.007773027594247916,-0.12048192771084354,0.007877210049745516
26,3,947186,255,0,96.81,0.52,24.51,1.304,0.5253546910755081,0.00010986484502695148,0.08200000000000007,0.0013398151832555046,0.15812903225806452,0.007867820613689954,-0.12195121951219512,-0.004425166840748842
26,3,947227,255,0,96.92,0.52,24.61,1.345,0.5247793396534748,9.864462216988557e-05,0.08299999999999996,0.0011884894237335617,0.1587741935483871,0.007773027594247916,0.0,-0.012879238431333363
26,3,947269,255,0,96.92,0.52,24.61,1.387,0.5242857142857075,8.597936469724488e-05,0.08299999999999996,0.00103589596020777,0.1587741935483871,0.007773027594247916,0.12048192771084354,-0.004568781828851302
26,3,947310,255,0,96.92,0.53,24.71,1.428,0.5244001307616801,7.241015924320138e-05,0.08400000000000007,0.0008620257052762061,0.15941935483870967,0.0076804915514592405,0.0,-0.0074331792213452414
26,3,947353,255,0,97.03,0.52,24.71,1.471,0.5236613272311145,5.8940724198269124e-05,0.08499999999999996,0.0006934202846855194,0.15941935483870967,0.0,0.0,-0.006576543660943685
26,3,947395,255,0,97.03,0.53,24.71,1.513,0.5238411245504999,4.66860041586834e-05,0.08299999999999996,0.0005624819778154629,0.15941935483870967,0.0,0.0,0.0045293957786027685
26,3,947436,255,0,97.14,0.52,24.71,1.554,0.5240372670807385,3.659589867966417e-05,0.08200000000000007,0.0004462914473129773,0.15941935483870967,0.007081038552321127,0.0,-0.006019821558136618
26,3,947477,255,0,97.03,0.53,24.8,1.595,0.5233474991827327,2.9305053517006742e-05,0.08199999999999985,0.00035737870142691215,0.16,0.007081038552321147,0.0,0.0007973273586952438
26,3,947518,255,0,97.03,0.52,24.8,1.636,0.5241026479241515,2.506843622956012e-05,0.08299999999999996,0.00030202935216337506,0.16,0.0,-0.12048192771084354,0.011658270873622131
26,3,947560,255,0,97.03,0.52,24.8,1.678,0.5243151356652433,2.3703420378886618e-05,0.08300000000000018,0.0002855833780588743,0.16,0.0,0.0,0.009452652059692186
26,3,947601,255,0,97.03,0.52,24.8,1.719,0.524887218045106,2.4529324728682412e-05,0.08200000000000007,0.0002991381064473462,0.16,0.0,0.12195121951219512,0.014152560616812106
26,3,947642,255,0,97.03,0.53,24.8,1.76,0.5254756456358219,2.6397844388739598e-05,0.08199999999999985,0.0003219249315699957,0.16,0.0,0.12195121951219545,0.01036525566301786
26,3,947683,255,0,97.03,0.53,24.8,1.801,0.5257371690094734,2.7922351137629418e-05,0.08499999999999996,0.0003284982486779933,0.16,0.0,-0.11764705882352956,-0.004268984481666207
26,3,947727,255,0,97.03,0.52,24.8,1.845,0.5251127819548803,2.790997391590011e-05,0.08499999999999996,0.0003283526343047073,0.16,0.007590132827324436,0.0,-0.0042689844816649015
26,3,947768,255,0,97.03,0.53,24.9,1.886,0.5253743053285319,2.584600424284034e-05,0.08200000000000007,0.0003151951736931746,0.16064516129032258,0.007867820613689954,0.12195121951219512,0.006179287029877291
26,3,947809,255,0,97.03,0.53,24.9,1.927,0.5256194834913303,2.2184053589136e-05,0.08300000000000018,0.0002672777540859753,0.16064516129032258,0.0,-0.1204819277108432,0.00571097728606545
26,3,947851,255,0,97.03,0.52,24.9,1.969,0.5258483164432753,1.8246131474576544e-05,0.08299999999999974,0.00021983290933224822,0.16064516129032258,0.0,0.0,0.005317116783577468
26,3,947892,255,0,96.92,0.53,24.9,2.01,0.5260608041843672,1.5725686690743147e-05,0.08200000000000007,0.00019177666696028212,0.16064516129032258,0.0,0.0,0.004983295991834428
26,3,947933,255,0,97.03,0.52,24.9,2.051,0.5262569467146058,1.598905033517539e-05,0.0820000000000003,0.00019498841872165042,0.16064516129032258,0.0,0.0,-0.002232516604342338
26,3,947974,255,0,97.03,0.53,24.9,2.092,0.5258777378228111,1.9459141786093426e-05,0.08299999999999974,0.0002344474913987167,0.16064516129032258,0.0,0.12048192771084386,-0.009728354411433309
26,3,948016,255,0,96.92,0.53,24.9,2.134,0.5254494932984568,2.5320310449423288e-05,0.08299999999999974,0.00030506398131835384,0.16064516129032258,0.0,-0.12048192771084386,-0.011303796421384021
26,3,948057,255,0,96.92,0.52,24.9,2.175,0.5249395227198362,3.1662911474573006e-05,0.08400000000000007,0.00037693942231634494,0.16064516129032258,0.0,-0.11904761904761904,-0.0027631189775693997
26,3,948100,255,0,96.92,0.52,24.9,2.218,0.525217391304341,3.603872256115892e-05,0.08499999999999996,0.0004239849713077522,0.16064516129032258,0.007590132827324436,0.11764705882352956,0.009230236717112523
26,3,948142,255,0,97.03,0.53,25.0,2.26,0.5257240928407908,3.6251043716831074e-05,0.08300000000000018,0.0004367595628533855,0.16129032258064516,0.007773027594247895,0.1204819277108432,0.010831163818398885
26,3,948183,255,0,96.92,0.53,25.0,2.301,0.5261163779012681,3.110854757549575e-05,0.0820000000000003,0.0003793725314084834,0.16129032258064516,0.0,-0.12195121951219479,0.008172605426609957
26,3,948224,255,0,96.92,0.52,25.0,2.342,0.5263942464857728,2.0896759983308755e-05,0.08099999999999996,0.00025798469115196005,0.16129032258064516,0.0,0.0,0.009686050875982278
26,3,948264,255,0,96.92,0.53,25.0,2.382,0.5269009480222226,7.460391623798302e-06,0.08199999999999985,9.098038565607702e-05,0.16129032258064516,0.0,0.0,0.010963251182037939
26,3,948306,255,0,96.92,0.52,25.0,2.424,0.5272932330826999,-6.064281326938925e-06,0.08299999999999974,-7.306363044504751e-05,0.16129032258064516,0.0,0.0,0.014809154893519574
26,3,948347,255,0,96.92,0.53,25.0,2.465,0.5281301078783848,-1.5776838095593602e-05,0.08199999999999985,-0.00019240046458041013,0.16129032258064516,0.0,0.12195121951219545,0.0015946547173864257
26,3,948388,255,0,96.92,0.53,25.0,2.506,0.5274239947695256,-1.7743241176887637e-05,0.0820000000000003,-0.00021638098996204359,0.16129032258064516,0.0,0.0,-0.0007973273586938855
26,3,948429,255,0,96.92,0.53,25.0,2.547,0.5280647270349719,-8.90666250195693e-06,0.08500000000000041,-0.00010478426472890456,0.16129032258064516,0.0,0.0,0.01411457031325117
26,3,948473,255,0,96.92,0.53,25.0,2.591,0.528623733246152,1.1865871714043408e-05,0.08499999999999996,0.0001395984907534519,0.16129032258064516,0.0,0.0,0.0019614253023874234
26,3,948514,255,0,96.92,0.53,25.0,2.632,0.5282314481856748,4.271735546158695e-05,0.08199999999999985,0.0005209433592876467,0.16129032258064516,0.007867820613690313,0.0,-0.021169041373316478
26,3,948555,255,0,96.92,0.53,25.1,2.673,0.52688787185354,7.792324561713215e-05,0.08299999999999974,0.0009388342845437637,0.16193548387096776,0.007773027594248271,-0.12048192771084386,-0.015754420099489734
26,3,948597,255,0,96.92,0.52,25.1,2.715,0.5269238313174172,0.00010751014229230193,0.08299999999999974,0.0012953029191843646,0.16193548387096776,0.0,0.0,0.0002757023517424113
26,3,948638,255,0,96.92,0.53,25.1,2.756,0.5269107551487346,0.00011777597627650849,0.0820000000000003,0.001436292393615952,0.16193548387096776,-0.00786782061369027,0.12195121951219479,-0.004704231416291623
26,3,948679,255,0,96.92,0.53,25.0,2.797,0.5265380843412812,9.312155884998318e-05,0.0820000000000003,0.0011356287664632055,0.16129032258064516,0.0,-0.12195121951219479,-0.0062590197657462565
26,3,948720,255,0,96.92,0.52,25.1,2.838,0.5263975155279434,1.933822219006842e-05,0.08299999999999974,0.0002329906287960058,0.16193548387096776,0.007773027594248271,-0.12048192771084386,-0.010673619617404807
26,3,948762,255,0,96.92,0.52,25.1,2.88,0.5256521739130366,-0.00011210998412618878,0.08299999999999974,-0.0013507227003155316,0.16193548387096776,-0.007773027594248271,0.12048192771084386,-0.010988708019393077
26,3,948803,255,0,96.92,0.53,25.0,2.921,0.5254854527623338,-0.0003000004930916482,0.08499999999999996,-0.003529417565784098,0.16129032258064516,0.0,0.0,-0.006191950464395262
26,3,948847,0,200,96.92,0.52,25.1,2.965,0.525125858123563,-0.0005310929351136053,0.08499999999999996,-0.006248152177807124,0.16193548387096776,0.0,-0.11764705882352956,-0.012845412764647847
26,3,948888,0,200,93.39,0.52,25.0,3.006,0.5243935926773388,-0.0007811081129773463,0.0820000000000003,-0.009525708694845652,0.16129032258064516,-0.062155782848151306,0.0,-0.024198885336352588
26,3,948929,0,200,87.56,0.52,24.31,3.047,0.5231415495259821,-0.0010193302580030056,0.0820000000000003,-0.012430856804914658,0.15683870967741934,-0.1172305271439805,0.12195121951219479,-0.03827171321729567
26,3,948970,0,200,82.27,0.53,23.51,3.088,0.5212553121935205,-0.0012156655858539017,0.08299999999999974,-0.01464657332354103,0.15167741935483872,-0.11581811115429476,0.0,-0.054077046991496305
26,3,949012,0,200,77.97,0.52,22.82,3.13,0.518653154625688,-0.0013477446281500284,0.08299999999999974,-0.016237887086144973,0.1472258064516129,-0.11504080839487013,-0.12048192771084386,-0.08278947762281516
26,3,949053,0,200,74.45,0.52,22.03,3.171,0.5143837855508269,-0.0014055752140723925,0.0820000000000003,-0.017141161147224238,0.14212903225806453,-0.11723052714398083,-0.12195121951219479,-0.10724052974429578
26,3,949094,0,200,71.48,0.51,21.33,3.212,0.5098594311866557,-0.0013924003481267952,0.0820000000000003,-0.01698049205032671,0.13761290322580644,-0.10149488591660097,-0.12195121951219479,-0.12007750021926288
26,3,949135,0,200,68.94,0.51,20.74,3.253,0.5045374305328473,-0.0013220170237144017,0.08299999999999974,-0.015927915948366334,0.13380645161290322,-0.08472600077730301,-0.12048192771084386,-0.14139592039291357
26,3,949177,0,200,66.85,0.5,20.24,3.295,0.4981235697940439,-0.0012140048562604947,0.08499999999999996,-0.014282410073652885,0.1305806451612903,-0.08273244781783684,-0.23529411764705913,-0.16683652866180618
26,3,949220,0,200,64.87,0.49,19.65,3.338,0.49035632559659376,-0.0010886835821171169,0.08400000000000007,-0.01296051883472757,0.1267741935483871,-0.08371735791090622,-0.23809523809523808,-0.19559768987686352
26,3,949261,0,200,63.33,0.48,19.15,3.379,0.4816933638443873,-0.0009632181977554737,0.08299999999999974,-0.011605038527174419,0.12354838709677418,-0.07773027594247987,-0.24096385542168772,-0.21776547182518632
26,3,949303,0,200,61.9,0.47,18.65,3.421,0.47228179143510335,-0.0008494940418990104,0.08300000000000018,-0.01023486797468685,0.12032258064516128,-0.06917994558880644,-0.24096385542168575,-0.24450859994406915
26,3,949344,0,200,60.68,0.46,18.26,3.462,0.46139915004902954,-0.0007536672323383584,0.0820000000000003,-0.009191063809004337,0.11780645161290323,-0.0542879622344607,-0.2439024390243889,-0.2701743754933418
26,3,949385,0,200,59.58,0.45,17.96,3.503,0.45012749264464924,-0.0006769312938008128,0.08199999999999985,-0.008255259680497732,0.11587096774193549,-0.05507474429583033,-0.2439024390243909,-0.2660681395960697
26,3,949426,0,200,58.7,0.44,17.56,3.544,0.43958156260215187,-0.0006169757865487533,0.08299999999999974,-0.007433443211430786,0.11329032258064516,-0.054411193159735895,-0.24096385542168772,-0.26636785783211103
26,3,949468,0,200,57.82,0.43,17.26,3.586,0.4280189604445841,-0.0005696599560118045,0.08299999999999974,-0.006863372963997666,0.11135483870967743,-0.04586086280606316,-0.24096385542168772,-0.2703064628569831
26,3,949509,0,200,57.05,0.42,16.97,3.627,0.41714612618502234,-0.0005305034808512268,0.0820000000000003,-0.006469554644527133,0.10948387096774193,-0.038552321007081,-0.24390243902438957,-0.26439375214281213
26,3,949550,0,200,56.39,0.41,16.77,3.668,0.4063386727688734,-0.000495736715128217,0.08500000000000041,-0.005832196648567232,0.10819354838709677,-0.03795066413662214,-0.3529411764705862,-0.250254792992707
26,3,949594,0,200,55.73,0.39,16.47,3.712,0.39587446878064214,-0.0004628373530653782,0.08499999999999996,-0.005445145330180923,0.10625806451612903,-0.03795066413662234,-0.35294117647058804,-0.24548583735553356
26,3,949635,0,200,55.18,0.38,16.27,3.753,0.3854723765936531,-0.0004306204367162607,0.08199999999999985,-0.005251468740442213,0.10496774193548387,-0.031471282454760066,-0.12195121951219545,-0.2431449780336288
26,3,949676,0,200,54.74,0.38,16.07,3.794,0.3759365805818846,-0.00039900550315552687,0.08099999999999996,-0.004925993866117618,0.1036774193548387,-0.03106332138590203,-0.24691358024691393,-0.23286880647673727
26,3,949716,0,200,54.3,0.36,15.88,3.834,0.36661000326903737,-0.00036859941372869366,0.08199999999999985,-0.004495114801569443,0.10245161290322581,-0.03068450039339107,-0.2439024390243909,-0.21551758505489357
26,3,949758,0,200,53.86,0.36,15.68,3.876,0.3582641386073834,-0.0003402371205837991,0.08299999999999974,-0.004099242416672291,0.10116129032258064,-0.02331908278274398,-0.12048192771084386,-0.19759981409784075
26,3,949799,0,200,53.42,0.35,15.58,3.917,0.35020921869891664,-0.0003146069784887828,0.0820000000000003,-0.0038366704693753866,0.10051612903225807,-0.023603461841069796,-0.2439024390243889,-0.18390355528268992
26,3,949840,0,200,53.09,0.34,15.38,3.958,0.34318404707420275,-0.00029204400587142844,0.0820000000000003,-0.003561512266724724,0.09922580645161291,-0.023603461841069966,-0.12195121951219412,-0.16759821079740383
26,3,949881,0,200,52.76,0.34,15.28,3.999,0.33646616541352947,-0.00027250613268544835,0.08300000000000018,-0.003283206417896961,0.09858064516129032,-0.02331908278274402,-0.1204819277108432,-0.15640200553767633
26,3,949923,0,200,52.42,0.33,15.08,4.041,0.3302026806145756,-0.000255671265551495,0.08599999999999985,-0.002972921692459249,0.09729032258064516,-0.022505626406601715,-0.23255813953488433,-0.1325482563841342
26,3,949967,0,200,52.2,0.32,14.98,4.085,0.32506701536449395,-0.00024105293106159743,0.08499999999999996,-0.0028359168360187945,0.09664516129032258,-0.015180265654648872,-0.11764705882352956,-0.11683941311077957
26,3,950008,0,200,51.98,0.32,14.88,4.126,0.3202713305001593,-0.00022807067979520036,0.08199999999999985,-0.0027813497536000095,0.096,-0.01573564122738012,0.0,-0.12282827960675698
26,3,950049,0,200,51.65,0.32,14.78,4.167,0.3149950964367399,-0.0002160996594709932,0.0829999999999993,-0.002603610355072229,0.09535483870967741,-0.015546055188496125,-0.1204819277108445,-0.12599597474566468
26,3,950091,0,200,51.43,0.31,14.68,4.209,0.30981366459626924,-0.0002045711986067733,0.08300000000000018,-0.0024647132362261787,0.09470967741935483,-0.014768752429071,-0.1204819277108432,-0.10630294962130092
26,3,950132,0,200,51.21,0.31,14.59,4.25,0.3061719516181719,-0.00019314448709406129,0.08200000000000074,-0.0023554205743177995,0.09412903225806452,-0.02281667977970068,-0.12195121951219413,-0.09866926063833767
26,3,950173,0,200,50.99,0.3,14.39,4.291,0.3017227852239255,-0.00018186331451126668,0.08199999999999985,-0.0022178452989178904,0.09283870967741936,-0.01573564122737995,-0.12195121951219545,-0.1011409754502894
26,3,950214,0,200,50.88,0.3,14.39,4.332,0.2978783916312482,-0.0001711638695922506,0.0829999999999993,-0.0020622152962921935,0.09283870967741936,-0.0077730275942481455,-0.1204819277108445,-0.08594036164271304
26,3,950256,0,200,50.66,0.29,14.29,4.374,0.29458973520758036,-0.0001616768128874444,0.08300000000000018,-0.0019479134082824583,0.09219354838709677,-0.015546055188495958,-0.1204819277108432,-0.08401044518052461
26,3,950297,0,200,50.44,0.29,14.19,4.415,0.2909055246812646,-0.00015391179789297737,0.08400000000000052,-0.0018322833082497192,0.0915483870967742,-0.0076804915514592,0.0,-0.08266006631485351
26,3,950340,0,200,50.33,0.29,14.19,4.458,0.2876462896371326,-0.00014800033916298716,0.08499999999999996,-0.001741180460741026,0.0915483870967742,-0.007590132827324436,-0.11764705882352891,-0.07922619848854807
26,3,950382,0,200,50.11,0.28,14.09,4.5,0.28417129780973804,-0.00014363839019577185,0.08300000000000018,-0.0017305830144068858,0.09090322580645162,-0.015546055188495958,-0.12048192771084254,-0.08097771931137349
26,3,950423,0,200,50.0,0.28,13.99,4.541,0.2809251389342886,-0.00014024542489216073,0.08199999999999985,-0.0017103100596604999,0.09025806451612903,-0.01573564122738012,0.0,-0.07777928384056505
26,3,950464,0,200,49.78,0.28,13.89,4.582,0.2777933965348117,-0.00013722710118859637,0.0829999999999993,-0.0016533385685373197,0.08961290322580645,-0.007773027594247978,0.0,-0.07132813700043672
26,3,950506,0,200,49.67,0.28,13.89,4.624,0.2750049035632524,-0.0001341850047050457,0.08300000000000018,-0.0016166868036752457,0.08961290322580645,-0.007773027594248062,-0.1204819277108432,-0.06443557820690982
26,3,950547,0,200,49.45,0.27,13.79,4.665,0.2724452435436382,-0.00013098371528574404,0.08200000000000074,-0.0015973623815334495,0.08896774193548386,-0.015735641227379946,-0.12195121951219413,-0.06785255822482858
26,3,950588,0,200,49.34,0.27,13.69,4.706,0.2694409937888164,-0.00012768429767727875,0.08199999999999985,-0.0015571255814302316,0.08832258064516128,-0.007867820613689975,0.0,-0.07630422822698278
26,3,950629,0,200,49.23,0.27,13.69,4.747,0.2661882968290256,-0.0001244062870466376,0.0829999999999993,-0.001498870928272755,0.08832258064516128,-0.007773027594247978,-0.1204819277108445,-0.06593224811636215
26,3,950671,0,200,49.12,0.26,13.59,4.789,0.2639686171951584,-0.00012119535604606924,0.08499999999999996,-0.0014258277181890505,0.0876774193548387,-0.007590132827324436,-0.11764705882352956,-0.05899659635020981
26,3,950714,0,200,49.01,0.26,13.59,4.832,0.2611735861392578,-0.00011797345228124456,0.08400000000000052,-0.001404445860490998,0.0876774193548387,-0.0076804915514592,0.0,-0.06479708588240664
26,3,950755,0,200,48.9,0.26,13.49,4.873,0.2585256619810362,-0.00011460695334947247,0.08300000000000018,-0.0013808066668611109,0.08703225806451613,-0.01554605518849579,0.0,-0.053328712036769865
26,3,950797,0,200,48.68,0.26,13.39,4.915,0.2567473030402059,-0.00011104329410323643,0.08300000000000018,-0.0013378710132920023,0.08638709677419355,-0.007773027594247895,-0.1204819277108432,-0.051753270026821833
26,3,950838,0,200,48.57,0.25,13.39,4.956,0.25423014056881,-0.00010740790694665491,0.08199999999999985,-0.0013098525237396964,0.08638709677419355,-0.007081038552320977,-0.12195121951219545,-0.06159353845908437
26,3,950879,0,200,48.46,0.25,13.3,4.997,0.25169663288656097,-0.00010398660271278714,0.08199999999999985,-0.0012681293013754552,0.08580645161290323,-0.007081038552320977,0.0,-0.059998883741696936
26,3,950920,0,200,48.35,0.25,13.3,5.038,0.24931023210199085,-0.00010111260619606633,0.08300000000000018,-0.001218224171036941,0.08580645161290323,-0.007773027594248062,-0.1204819277108432,-0.05376195858950641
26,3,950962,0,200,48.24,0.24,13.2,5.08,0.24723439032363193,-9.903954967170847e-05,0.08300000000000018,-0.0011932475864061235,0.08516129032258064,-0.007773027594248062,0.0,-0.0484448418059283
26,3,951003,0,200,48.13,0.25,13.2,5.121,0.2452893102320988,-9.786841015200132e-05,0.08199999999999985,-0.001193517196975628,0.08516129032258064,-0.007867820613689975,0.12195121951219545,-0.04803897336129197
26,3,951044,0,200,48.02,0.25,13.1,5.162,0.243295194508006,-9.754465442503601e-05,0.08499999999999996,-0.0011475841697063064,0.08451612903225807,-0.007590132827324436,-0.11764705882352956,-0.045574293790742265
26,3,951088,0,200,47.91,0.24,13.1,5.206,0.2414154952598857,-9.790287528099384e-05,0.08499999999999996,-0.001151798532717575,0.08451612903225807,-0.007590132827324436,-0.11764705882352956,-0.05157394765686527
26,3,951129,0,200,47.69,0.24,13.0,5.247,0.23891140895717244,-9.872559950423288e-05,0.08199999999999985,-0.0012039707256613788,0.08387096774193549,-0.007867820613689975,0.0,-0.060277948317240065
26,3,951170,0,200,47.69,0.24,13.0,5.288,0.23647270349787203,-9.979093363178926e-05,0.08300000000000018,-0.0012023004052022777,0.08387096774193549,-0.007773027594248062,-0.12048192771084287,-0.05640082395617053
26,3,951212,0,200,47.47,0.23,12.9,5.33,0.23423014056881028,-0.0001008981079531086,0.08199999999999985,-0.001230464731135473,0.0832258064516129,-0.007867820613690143,-0.12195121951219512,-0.05071002001291609
26,3,951252,0,200,47.36,0.23,12.9,5.37,0.23231448185681292,-0.00010187339848068788,0.08099999999999952,-0.001257696277539364,0.0832258064516129,-0.00796495420151334,0.0,-0.05278897727410295
26,3,951293,0,200,47.25,0.23,12.8,5.411,0.22995423340960797,-0.00010256731669196384,0.08199999999999985,-0.001250820935267854,0.08258064516129032,-0.007867820613689975,0.0,-0.04815857246509646
26,3,951334,0,200,47.25,0.23,12.8,5.452,0.228365478914675,-0.00010285525006619878,0.08300000000000018,-0.0012392198803156452,0.08258064516129032,-0.007773027594248062,0.0,-0.03828324084175783
26,3,951376,0,200,47.03,0.23,12.7,5.494,0.22677672441974206,-0.00010264737386623502,0.08300000000000018,-0.0012367153477859613,0.08193548387096773,-0.007773027594248062,-0.1204819277108432,-0.04757834870045655
26,3,951417,0,200,46.92,0.22,12.7,5.535,0.2244164759725371,-0.00010190051205584716,0.08400000000000052,-0.001213101333998173,0.08193548387096773,-0.0076804915514592,-0.11904761904761842,-0.046817353943865256
26,3,951460,0,200,46.92,0.22,12.6,5.578,0.22284406668845735,-0.00010060999001560411,0.08499999999999996,-0.0011836469413600487,0.08129032258064516,-0.015180265654648872,0.0,-0.03276734034574854
26,3,951502,0,200,46.7,0.22,12.5,5.62,0.22163125204314849,-9.876246449272763e-05,0.0829999999999993,-0.0011899092107557647,0.08064516129032258,0.0,0.0,-0.03418709161589065
26,3,951543,0,200,46.7,0.22,12.6,5.661,0.22000653808433845,-9.627421058990216e-05,0.08199999999999985,-0.001174075738901248,0.08129032258064516,0.0,0.0,-0.02982004321514241
26,3,951584,0,200,46.59,0.22,12.5,5.702,0.2191860084995068,-9.29955477960256e-05,0.08200000000000074,-0.0011340920462929848,0.08064516129032258,-0.01573564122737978,0.0,-0.019614253023864332
26,3,951625,0,200,46.48,0.22,12.4,5.743,0.21839816933638156,-8.884260641955955e-05,0.08300000000000018,-0.001070392848428426,0.08,-0.007773027594247895,0.0,-0.02788532357609549
26,3,951667,0,200,46.37,0.22,12.4,5.785,0.21687152664269088,-8.399858316424158e-05,0.0829999999999993,-0.0010120311224607506,0.08,-0.007773027594247978,0.0,-0.03777122218852529
26,3,951708,0,200,46.26,0.22,12.3,5.826,0.215263157894734,-7.902884833570312e-05,0.08199999999999985,-0.0009637664431183325,0.07935483870967742,-0.007867820613689975,-0.12195121951219545,-0.0390291742080546
26,3,951749,0,200,46.15,0.21,12.3,5.867,0.2136711343576304,-7.47956949244557e-05,0.08200000000000074,-0.0009121426210299393,0.07935483870967742,0.0,-0.12195121951219413,-0.03061737057383529
26,3,951790,0,200,46.04,0.21,12.3,5.908,0.21275253350767948,-7.219631567457441e-05,0.08499999999999996,-0.0008493684197008758,0.07935483870967742,-0.007590132827324599,0.0,-0.029344460896486124
26,3,951834,0,200,45.93,0.21,12.2,5.952,0.2111768551814291,-7.18502384558981e-05,0.08499999999999996,-0.0008452969230105662,0.07870967741935483,-0.007590132827324599,0.0,-0.03707478414706789
26,3,951875,0,200,45.82,0.21,12.2,5.993,0.2096011768551787,-7.386813896937738e-05,0.08199999999999985,-0.0009008309630411891,0.07870967741935483,0.0,0.0,-0.04142115628413492
26,3,951916,0,200,45.71,0.21,12.2,6.034,0.20778032036613003,-7.778137285645847e-05,0.0829999999999993,-0.0009371249741742064,0.07870967741935483,-0.007773027594247978,0.0,-0.04564843223826953
26,3,951958,0,200,45.6,0.21,12.1,6.076,0.20581235697940237,-8.265347265556144e-05,0.08300000000000018,-0.0009958249717537501,0.07806451612903226,-0.007773027594247895,-0.12048192771084287,-0.04801159525319242
26,3,951999,0,200,45.49,0.2,12.1,6.117,0.20379535796011505,-8.733857512745935e-05,0.08200000000000074,-0.0010651045747251044,0.07806451612903226,-0.0070810385523209,-0.12195121951219379,-0.04859710251237703
26,3,952040,0,200,45.38,0.2,12.01,6.158,0.20182739457338741,-9.079909385160256e-05,0.08300000000000018,-0.0010939649861638838,0.07748387096774194,-0.006995724834823106,0.0,-0.04564843223826938
26,3,952082,0,200,45.27,0.2,12.01,6.2,0.2000065380843387,-9.237577641663641e-05,0.0829999999999993,-0.0011129611616462313,0.07748387096774194,-0.007773027594247978,0.0,-0.04092210620842339
26,3,952123,0,200,45.16,0.2,11.91,6.241,0.1984308597580883,-9.193017183751806e-05,0.08199999999999985,-0.0011210996565551004,0.07683870967741936,-0.007867820613689975,0.0,-0.027428061139061415
26,3,952164,0,200,45.05,0.2,11.91,6.282,0.19775743707093565,-8.982634059941752e-05,0.08499999999999996,-0.0010567804776402065,0.07683870967741936,-0.007590132827324599,-0.11764705882352956,-0.02492163913620342
26,3,952208,0,200,44.94,0.19,11.81,6.326,0.196312520431511,-8.676447640416462e-05,0.08499999999999996,-0.001020758545931349,0.07619354838709677,-0.007590132827324599,0.0,-0.035344114762609784
26,3,952249,0,200,44.83,0.2,11.81,6.367,0.19475318731611382,-8.352665561721118e-05,0.08200000000000074,-0.0010186177514293956,0.07619354838709677,0.0,0.0,-0.03823184684935996
26,3,952290,0,200,44.83,0.19,11.81,6.408,0.19317750898986347,-8.073657686651359e-05,0.08199999999999985,-0.0009845924008111432,0.07619354838709677,-0.007867820613689975,-0.12195121951219545,-0.030617370573835623
26,3,952331,0,200,44.72,0.19,11.71,6.449,0.1922425629290593,-7.87336030601935e-05,0.0829999999999993,-0.0009485976272312551,0.0755483870967742,-0.007773027594247978,0.0,-0.030839277344750213
26,3,952373,0,200,44.5,0.19,11.71,6.491,0.19061784897024922,-7.759209000693623e-05,0.08300000000000018,-0.0009348444579148922,0.0755483870967742,-0.007773027594248062,0.0,-0.028673044581070173
26,3,952414,0,200,44.5,0.19,11.61,6.532,0.18986270022883048,-7.722492996046526e-05,0.08200000000000074,-0.0009417674385422508,0.0749032258064516,-0.007867820613690058,0.0,-0.02822538849775466
26,3,952455,0,200,44.39,0.19,11.61,6.573,0.18830336711343332,-7.747992237688273e-05,0.08199999999999985,-0.0009448771021571082,0.0749032258064516,0.0,0.0,-0.039826501566747816
26,3,952496,0,200,44.28,0.19,11.61,6.614,0.18659692710035716,-7.819011910617669e-05,0.0829999999999993,-0.0009420496277852692,0.0749032258064516,-0.007773027594247978,0.0,-0.041709827213397416
26,3,952538,0,200,44.17,0.19,11.51,6.656,0.18484145145472136,-7.920162943139708e-05,0.08499999999999996,-0.0009317838756634954,0.07425806451612903,-0.007590132827324436,-0.11764705882352956,-0.040728419514258325
26,3,952581,0,200,44.06,0.18,11.51,6.699,0.1831350114416452,-8.040150262656276e-05,0.08400000000000052,-0.0009571607455543126,0.07425806451612903,-0.0076804915514592,-0.11904761904761842,-0.038878251529443984
26,3,952622,0,200,43.95,0.18,11.41,6.74,0.18157567832624805,-8.172495662720713e-05,0.08300000000000018,-0.0009846380316530956,0.07361290322580645,-0.007773027594247895,0.0,-0.03875587344474257
26,3,952664,0,200,43.84,0.18,11.41,6.782,0.17991827394573157,-8.311489500416868e-05,0.08300000000000018,-0.0010013842771586566,0.07361290322580645,0.0,0.0,-0.0399374549522046
26,3,952705,0,200,43.72,0.18,11.41,6.823,0.17826086956521506,-8.446024764675286e-05,0.0810000000000004,-0.0010427191067500302,0.07361290322580645,-0.007964954201513254,-0.12345679012345594,-0.03971280859152623
26,3,952745,0,200,43.61,0.17,11.31,6.863,0.17670153644981793,-8.558406222505611e-05,0.08199999999999985,-0.0010437080759153202,0.07296774193548387,-0.007867820613689975,0.0,-0.039826501566747816
26,3,952787,0,200,43.61,0.18,11.31,6.905,0.17499509643674174,-8.631912913674889e-05,0.0829999999999993,-0.001039989507671682,0.07296774193548387,-0.007773027594247978,0.0,-0.04170982721339775
26,3,952828,0,200,43.5,0.17,11.21,6.946,0.17323962079110594,-8.662364161309277e-05,0.08199999999999985,-0.0010563858733304017,0.0723225806451613,-0.007867820613689975,-0.12195121951219512,-0.042218483642828805
26,3,952869,0,200,43.39,0.17,11.21,6.987,0.1715331807780298,-8.663918417001959e-05,0.08199999999999985,-0.001056575416707558,0.0723225806451613,-0.007867820613690143,0.0,-0.039826501566747476
26,3,952910,0,200,43.28,0.17,11.11,7.028,0.16997384766263265,-8.662471344488587e-05,0.08499999999999996,-0.0010191142758221871,0.0716774193548387,-0.007590132827324599,0.0,-0.03380574197642393
26,3,952954,0,200,43.17,0.17,11.11,7.072,0.16865969271003375,-8.678662470430965e-05,0.08500000000000085,-0.0010210191141683386,0.0716774193548387,0.0,0.0,-0.026883064438589583
26,3,952995,0,200,43.06,0.17,11.11,7.113,0.16768878718535252,-8.710795950184292e-05,0.08199999999999985,-0.0010622921890468668,0.0716774193548387,-0.007867820613689975,0.0,-0.02248463151516045
26,3,953036,0,200,42.95,0.17,11.01,7.154,0.1668159529257906,-8.730009967184316e-05,0.0829999999999993,-0.0010518084297812518,0.07103225806451613,-0.007773027594247978,-0.1204819277108445,-0.0228045230940105
26,3,953078,0,200,42.84,0.16,11.01,7.196,0.16579601176854966,-8.69297369364439e-05,0.08300000000000018,-0.001047346228149924,0.07103225806451613,-0.007773027594247895,0.0,-0.02516768610893397
26,3,953119,0,200,42.73,0.17,10.91,7.237,0.16472703497874908,-8.565741720181385e-05,0.08199999999999985,-0.0010446026488026099,0.07038709677419355,-0.007867820613689975,0.0,-0.025474609110262197
26,3,953160,0,200,42.62,0.16,10.91,7.278,0.16370709382150817,-8.34517086589539e-05,0.08300000000000018,-0.0010054422729994423,0.07038709677419355,-0.007773027594247895,-0.1204819277108432,-0.026940058370126006
26,3,953202,0,200,42.51,0.16,10.81,7.32,0.1624910101340286,-8.066184048405667e-05,0.08300000000000018,-0.0009718294034223674,0.06974193548387098,-0.007773027594247895,0.0,-0.03048480289251074
26,3,953243,0,200,42.4,0.16,10.81,7.361,0.16117685518142977,-7.791657166190902e-05,0.08199999999999985,-0.0009502020934379166,0.06974193548387098,0.0,0.0,-0.03886970873631528
26,3,953284,0,200,42.29,0.16,10.81,7.402,0.15930369401765077,-7.591213097717109e-05,0.08499999999999996,-0.0008930838938490719,0.06974193548387098,-0.006831119544592155,0.0,-0.036728650270176535
26,3,953328,0,200,42.18,0.16,10.72,7.446,0.15805491990846476,-7.519920632851651e-05,0.08499999999999996,-0.0008846965450413711,0.06916129032258064,-0.006831119544592155,0.0,-0.031498182797146126
26,3,953369,0,200,42.07,0.16,10.72,7.487,0.15662634847989335,-7.604603869932803e-05,0.08199999999999985,-0.0009273907158454654,0.06916129032258064,-0.007867820613689975,0.0,-0.03583986477327972
26,3,953410,0,200,42.07,0.16,10.62,7.528,0.15511605099705583,-7.837893036406208e-05,0.08199999999999985,-0.0009558406141958807,0.06851612903225807,-0.007867820613689975,-0.12195121951219545,-0.03663719213197327
26,3,953451,0,200,41.85,0.15,10.62,7.569,0.15362209872507154,-8.176628041217527e-05,0.08300000000000018,-0.0009851359085804228,0.06851612903225807,0.0,-0.1204819277108432,-0.03462033816862682
26,3,953493,0,200,41.74,0.15,10.62,7.611,0.1522425629290598,-8.544821277715897e-05,0.08300000000000018,-0.0010294965394838408,0.06851612903225807,-0.007773027594248062,0.0,-0.041552283012402165
26,3,953534,0,200,41.74,0.15,10.52,7.652,0.15017325923504216,-8.84569791694787e-05,0.08199999999999985,-0.0010787436484082787,0.06787096774193548,-0.007867820613690143,0.0,-0.04026503161402925
26,3,953575,0,200,41.63,0.15,10.52,7.693,0.1489408303367094,-8.984880657832583e-05,0.08300000000000018,-0.0010825157419075376,0.06787096774193548,-0.007773027594247895,-0.12048192771084287,-0.029303221385049052
26,3,953617,0,200,41.52,0.14,10.42,7.735,0.14774109186008308,-8.898839995823238e-05,0.08300000000000018,-0.0010721493970871348,0.0672258064516129,-0.007773027594247895,0.0,-0.038204468741260426
26,3,953658,0,200,41.41,0.15,10.42,7.776,0.14576985943118478,-8.577233128513662e-05,0.08399999999999963,-0.0010210991819659166,0.0672258064516129,-0.00768049155145928,0.11904761904761935,-0.03794423948068883
26,3,953701,0,200,41.3,0.15,10.32,7.819,0.14455377574370523,-8.06948619145782e-05,0.08499999999999996,-0.0009493513166420968,0.06658064516129032,-0.007590132827324436,-0.11764705882352924,-0.029190623617867995
26,3,953743,0,200,41.19,0.14,10.32,7.861,0.143288656423666,-7.473110679267591e-05,0.08699999999999974,-0.0008589782389962773,0.06658064516129032,0.0,-0.11494252873563231,-0.028519574799066503
26,3,953788,0,200,41.08,0.14,10.32,7.906,0.14207257273618645,-6.90915285224225e-05,0.08700000000000063,-0.0007941555002577242,0.06658064516129032,-0.007415647015201978,0.0,-0.02626506295724245
26,3,953830,0,200,41.08,0.14,10.22,7.948,0.1410035959463859,-6.494260029916354e-05,0.08300000000000018,-0.0007824409674598,0.06593548387096775,-0.007773027594247895,0.0,-0.02280452309400992
26,3,953871,0,200,40.97,0.14,10.22,7.989,0.14017979731938363,-6.317075288936457e-05,0.08199999999999896,-0.0007703750352361631,0.06593548387096775,0.0,0.0,-0.02690979835591095
26,3,953912,0,200,40.75,0.14,10.22,8.03,0.13879699248120123,-6.42215137913098e-05,0.08199999999999985,-0.0007831891925769502,0.06593548387096775,-0.007867820613690143,0.0,-0.03292961991404797
26,3,953953,0,200,40.64,0.14,10.12,8.071,0.1374795684864317,-6.801871916947455e-05,0.08300000000000018,-0.0008195026405960771,0.06529032258064515,-0.007773027594248062,0.0,-0.03016971449052147
26,3,953995,0,200,40.64,0.14,10.12,8.113,0.13629290617848794,-7.396570536857183e-05,0.08300000000000018,-0.0008911530767297791,0.06529032258064515,0.0,-0.1204819277108432,-0.01949609487311739
26,3,954036,0,200,40.42,0.13,10.12,8.154,0.13586139261196295,-8.103533721118161e-05,0.08399999999999963,-0.0009647063953712139,0.06529032258064515,-0.00768049155145928,0.0,-0.021599028627469
26,3,954079,0,200,40.42,0.14,10.02,8.197,0.13447858777378055,-8.79558824857476e-05,0.08500000000000085,-0.0010347750880676085,0.06464516129032258,-0.007590132827324356,0.0,-0.025767744168605305
26,3,954121,0,200,40.31,0.13,10.02,8.239,0.13367113435763148,-9.347656059398445e-05,0.08300000000000018,-0.001126223621614268,0.06464516129032258,-0.007773027594247895,-0.1204819277108432,-0.024813211656695162
26,3,954162,0,200,40.2,0.13,9.92,8.28,0.13241909120627485,-9.665171352414959e-05,0.08199999999999896,-0.0011786794332213513,0.064,-0.00786782061369006,0.0,-0.028344987601559426
26,3,954203,0,200,40.09,0.13,9.92,8.321,0.13134684537430363,-9.705661474728444e-05,0.08200000000000074,-0.0011836172530156532,0.064,-0.00786782061368989,0.0,-0.027348328403191798
26,3,954244,0,200,39.98,0.13,9.82,8.362,0.1301765282772131,-9.486759161304192e-05,0.08300000000000018,-0.0011429830314824301,0.06335483870967742,-0.007773027594247895,0.0,-0.028594272480572436
26,3,954286,0,200,39.87,0.13,9.82,8.404,0.12897352075841612,-9.078472824619688e-05,0.08300000000000018,-0.001093791906580683,0.06335483870967742,-0.007773027594247895,0.0,-0.028594272480572436
26,3,954327,0,200,39.87,0.13,9.72,8.445,0.12780320366132558,-8.582064032271398e-05,0.08200000000000074,-0.0010465931746672342,0.06270967741935485,-0.00786782061368989,0.0,-0.027348328403191798
26,3,954368,0,200,39.65,0.13,9.72,8.486,0.12673095782935437,-8.10194947413052e-05,0.08099999999999952,-0.0010002406758185887,0.06270967741935485,0.0,0.0,-0.024457278461855247
26,3,954408,0,200,39.65,0.13,9.72,8.526,0.12582216410591532,-7.720152800327363e-05,0.08399999999999963,-0.0009190658095627853,0.06270967741935485,-0.0076804915514595284,-0.11904761904761968,-0.01891374398729748
26,3,954452,0,200,39.54,0.12,9.62,8.57,0.1251422033344214,-7.482130722181779e-05,0.08500000000000085,-0.0008802506731978476,0.06206451612903225,-0.007590132827324601,-0.11764705882352834,-0.01657596677114733
26,3,954493,0,200,39.32,0.12,9.62,8.611,0.12441320693036778,-7.396381457781232e-05,0.08199999999999896,-0.0009019977387538201,0.06206451612903225,-0.007081038552321054,0.0,-0.01758106825919518
26,3,954534,0,200,39.32,0.12,9.53,8.652,0.1237005557371674,-7.442392633228856e-05,0.08199999999999896,-0.0009076088577108476,0.06148387096774193,-0.007081038552321054,0.12195121951219677,-0.02320222613798561
26,3,954575,0,200,39.21,0.13,9.53,8.693,0.12251062438705299,-7.579699071084e-05,0.08300000000000018,-0.0009132167555522872,0.06148387096774193,0.0,0.0,-0.020559518229833144
26,3,954617,0,200,39.1,0.12,9.53,8.735,0.12199411572409125,-7.756088237266923e-05,0.08300000000000018,-0.000934468462321314,0.06148387096774193,-0.007773027594247895,-0.1204819277108432,-0.014415294391032153
26,3,954658,0,200,38.99,0.12,9.43,8.776,0.12131415495259731,-7.917757387904168e-05,0.08200000000000074,-0.0009655801692565971,0.060838709677419354,-0.00786782061368989,0.0,-0.02459754901569872
26,3,954699,0,200,38.99,0.12,9.43,8.817,0.11997711670480393,-8.022190551932873e-05,0.08200000000000074,-0.0009783159209674147,0.060838709677419354,-0.00786782061368989,0.0,-0.02240489877929156
26,3,954740,0,200,38.88,0.12,9.33,8.858,0.11947695325269539,-8.048937623158637e-05,0.08199999999999896,-0.0009815777589217973,0.06019354838709678,-0.00786782061369006,0.0,-0.012199108588013059
26,3,954781,0,200,38.77,0.12,9.33,8.899,0.11897678980058687,-8.002553575750682e-05,0.08499999999999908,-0.0009414768912647964,0.06019354838709678,0.0,0.0,-0.017575909082168297
26,3,954825,0,200,38.66,0.12,9.33,8.943,0.1179830009807111,-7.90761906261146e-05,0.08500000000000085,-0.0009303081250131036,0.06019354838709678,-0.0075901328273244376,0.0,-0.01161471453569976
26,3,954866,0,200,38.55,0.12,9.23,8.984,0.11798953906505238,-7.800985267596693e-05,0.08200000000000074,-0.000951339666780076,0.059548387096774194,-0.007867820613689973,-0.12195121951219397,-0.008850333681499305
26,3,954907,0,200,38.44,0.11,9.23,9.025,0.11725727361882815,-7.724665423344312e-05,0.08300000000000018,-0.0009306825811258186,0.059548387096774194,-0.007773027594247895,0.0,-0.019417322772619986
26,3,954949,0,200,38.33,0.12,9.13,9.067,0.11637790127492492,-7.717109744437245e-05,0.08300000000000018,-0.000929772258365931,0.05890322580645162,-0.007773027594247895,0.12048192771084304,-0.022568206792517885
26,3,954990,0,200,38.33,0.12,9.13,9.108,0.11538411245504916,-7.799580606227253e-05,0.08199999999999896,-0.0009511683666130916,0.05890322580645162,0.0,-0.1219512195121966,-0.014232293352681958
26,3,955031,0,200,38.11,0.11,9.13,9.149,0.11521085322000502,-7.96061355891986e-05,0.08199999999999896,-0.0009708065315756049,0.05890322580645162,-0.00786782061369023,-0.1219512195121966,-0.004425166840749749
26,3,955072,0,200,38.0,0.11,9.03,9.19,0.11502124877410769,-8.148169601923173e-05,0.08300000000000018,-0.0009817071809545969,0.05825806451612903,-0.007773027594248062,0.12048192771084304,-0.01484854094376803
26,3,955114,0,200,38.0,0.12,9.03,9.232,0.11397842432167227,-8.278583939161167e-05,0.08300000000000018,-0.0009974197517061624,0.05825806451612903,0.0,0.0,-0.017408634209935415
26,3,955155,0,200,37.89,0.11,9.03,9.273,0.11357633213468304,-8.26394364028129e-05,0.0840000000000014,-0.0009838028143191848,0.05825806451612903,-0.007680491551459118,-0.119047619047617,-0.01856348946901383
26,3,955198,0,200,37.78,0.11,8.93,9.316,0.11241909120627508,-8.049528882887813e-05,0.08399999999999963,-0.0009582772479628391,0.05761290322580645,-0.01536098310291856,0.11904761904761951,-0.018758075312504664
26,3,955239,0,200,37.67,0.12,8.83,9.357,0.11200065380843266,-7.644265749621226e-05,0.08299999999999841,-0.0009209958734483581,0.05696774193548387,-0.007773027594248061,0.0,-0.011264410371134665
26,3,955281,0,200,37.56,0.11,8.83,9.399,0.11148414514547092,-7.126008612915769e-05,0.08300000000000018,-0.000858555254568163,0.05696774193548387,0.0,-0.12048192771084304,-0.012839852381083457
26,3,955322,0,200,37.45,0.11,8.83,9.44,0.11093494606080273,-6.615964385508733e-05,0.08200000000000074,-0.0008068249250620333,0.05696774193548387,0.0,0.0,-0.02399955349667831
26,3,955363,0,200,37.34,0.11,8.83,9.481,0.10951618175874328,-6.235865305096411e-05,0.08200000000000074,-0.0007604713786702872,0.05696774193548387,-0.00786782061368989,0.0,-0.02698953109177969
26,3,955404,0,200,37.34,0.11,8.73,9.522,0.10872180451127678,-6.0700891553603145e-05,0.08300000000000018,-0.0007313360428144941,0.056322580645161296,-0.007773027594247895,0.0,-0.01756617841093022
26,3,955446,0,200,37.12,0.11,8.73,9.564,0.10805818895063607,-6.146385454778169e-05,0.08300000000000018,-0.0007405283680455609,0.056322580645161296,0.0,-0.12048192771084304,-0.024498123254705222
26,3,955487,0,200,37.12,0.1,8.73,9.605,0.10668846028113624,-6.435288719855058e-05,0.08200000000000074,-0.0007847913072993903,0.056322580645161296,-0.007867820613689973,0.0,-0.034803339206977486
26,3,955528,0,200,37.01,0.11,8.63,9.646,0.10520431513566389,-6.862015029494018e-05,0.08499999999999908,-0.0008072958858228344,0.05567741935483871,-0.007590132827324596,0.0,-0.031844316674037816
26,3,955572,0,200,36.9,0.1,8.63,9.69,0.10398169336384305,-7.325259184594124e-05,0.08499999999999908,-0.0008617951981875534,0.05567741935483871,0.0,0.0,-0.025306232332749985
26,3,955613,0,200,36.9,0.11,8.63,9.731,0.10305328538738016,-7.719435732957258e-05,0.08200000000000074,-0.000941394601580145,0.05567741935483871,-0.007867820613690058,0.0,-0.022843428826572827
26,3,955654,0,200,36.79,0.1,8.53,9.772,0.10210853220006406,-7.957861324957527e-05,0.08200000000000074,-0.0009704708932874945,0.05503225806451612,-0.007867820613690058,-0.12195121951219397,-0.011840311276600683
26,3,955695,0,200,36.68,0.1,8.53,9.813,0.1020823798626989,-7.992913579812288e-05,0.08199999999999896,-0.000974745558513706,0.05503225806451612,-0.00786782061369006,0.0,0.0003587973114121189
26,3,955736,0,200,36.57,0.1,8.43,9.854,0.10213795357959986,-7.826658625644889e-05,0.08300000000000018,-0.0009429709187523942,0.054387096774193545,-0.007773027594247895,0.0,-0.001024037306466553
26,3,955778,0,200,36.46,0.1,8.43,9.896,0.10199738476626218,-7.506724563744527e-05,0.08300000000000018,-0.0009044246462342784,0.054387096774193545,0.0,0.0,-0.0049626423313389656
26,3,955819,0,200,36.46,0.1,8.43,9.937,0.10172605426609872,-7.108938260977916e-05,0.08099999999999952,-0.0008776466988861676,0.054387096774193545,-0.00796495420151334,0.0,-0.007506689428886341
26,3,955859,0,200,36.24,0.1,8.33,9.977,0.10138934292252239,-6.714690419386926e-05,0.0810000000000013,-0.0008289741258502245,0.05374193548387097,-0.007964954201513165,0.0,-0.008313860335217733
26,3,955900,0,200,36.13,0.1,8.33,10.018,0.10105263157894608,-6.39141351942083e-05,0.08499999999999908,-0.0007519310022848117,0.05374193548387097,0.0,0.0,-0.024344749341384142
26,3,955944,0,200,36.02,0.1,8.33,10.062,0.09932003922850476,-6.180603354351177e-05,0.08499999999999908,-0.000727129806394264,0.05374193548387097,-0.006831119544592063,0.11764705882353063,-0.022806376555198925
26,3,955985,0,200,36.02,0.11,8.24,10.103,0.09911408957175419,-6.094335314809918e-05,0.08200000000000074,-0.0007432116237573004,0.05316129032258065,-0.0070810385523209,0.0,-0.014431625192354781
26,3,956026,0,200,35.91,0.1,8.24,10.144,0.09813664596273165,-6.119278880654732e-05,0.08200000000000074,-0.0007462535220310581,0.05316129032258065,0.0,-0.12195121951219397,-0.015029620711375024
26,3,956067,0,200,35.8,0.1,8.24,10.185,0.09788166067342143,-6.225730328010215e-05,0.08300000000000018,-0.0007500879913265302,0.05316129032258065,-0.007773027594247979,0.0,-0.014257750190037685
26,3,956109,0,200,35.69,0.1,8.14,10.227,0.09695325269695852,-6.378294064273504e-05,0.08300000000000018,-0.0007684691643703001,0.052516129032258066,-0.007773027594247979,-0.1204819277108432,-0.0233559277974924
26,3,956150,0,200,35.69,0.09,8.14,10.268,0.09594311866622955,-6.544744471581331e-05,0.08199999999999896,-0.0007981395697050505,0.052516129032258066,0.0,-0.12195121951219677,-0.02523541090265417
26,3,956191,0,200,35.47,0.09,8.14,10.309,0.0948839490029409,-6.700535099360572e-05,0.08199999999999896,-0.0008171384267512996,0.052516129032258066,-0.00786782061369023,0.0,-0.026032738261348068
26,3,956232,0,200,35.47,0.09,8.04,10.35,0.09380843412879904,-6.828606846370456e-05,0.08200000000000074,-0.0008327569324841944,0.051870967741935475,-0.007867820613690058,0.0,-0.026032738261347502
26,3,956273,0,200,35.36,0.09,8.04,10.391,0.09274926446551039,-6.916195887222187e-05,0.08300000000000018,-0.0008332766129183339,0.051870967741935475,0.0,0.0,-0.0249313698074411
26,3,956315,0,200,35.25,0.09,8.04,10.433,0.09173913043478142,-6.951162629922524e-05,0.08500000000000085,-0.0008177838388144064,0.051870967741935475,-0.0075901328273242745,0.11764705882352834,-0.02280637655519812
26,3,956358,0,200,35.13,0.1,7.94,10.476,0.09081072245831853,-6.920406395120616e-05,0.08399999999999963,-0.0008238579041810293,0.051225806451612906,-0.007680491551459198,0.0,-0.02074285091611
26,3,956399,0,200,35.02,0.09,7.94,10.517,0.08999673095782819,-6.812037883829003e-05,0.08299999999999841,-0.0008207274558830282,0.051225806451612906,0.0,-0.12048192771084579,-0.006971330894024189
26,3,956441,0,200,35.02,0.09,7.94,10.559,0.09023210199411454,-6.621153419585291e-05,0.08300000000000018,-0.0007977293276608767,0.051225806451612906,-0.007773027594247979,0.0,0.0014966699094512961
26,3,956482,0,200,34.91,0.09,7.84,10.6,0.09012095456031265,-6.357361349166979e-05,0.08200000000000074,-0.0007752879694106001,0.05058064516129032,-0.007867820613689973,0.0,0.0002790645755427907
26,3,956523,0,200,34.8,0.09,7.84,10.641,0.09025498528930904,-6.050850439394928e-05,0.08200000000000074,-0.0007379085901701065,0.05058064516129032,0.0,0.0,0.006657683445091979
26,3,956564,0,200,34.69,0.09,7.84,10.682,0.0906668846028102,-5.753016881339778e-05,0.08200000000000074,-0.0007015874245536252,0.05058064516129032,-0.00786782061368989,0.0,0.0028305121233625674
26,3,956605,0,200,34.58,0.09,7.74,10.723,0.09048708728342478,-5.528684357839175e-05,0.08300000000000018,-0.0006661065491372486,0.049935483870967745,-0.007773027594247895,0.0,-0.004726326029846594
26,3,956647,0,200,34.47,0.09,7.74,10.765,0.09027459954233293,-5.4398855904399747e-05,0.08299999999999841,-0.0006554079024626602,0.049935483870967745,0.0,0.0,-0.005514047034821228
26,3,956688,0,200,34.47,0.09,7.74,10.806,0.09002942137953462,-5.5255837496486216e-05,0.08399999999999963,-0.0006578075892438864,0.049935483870967745,0.0,0.0,-0.006226746991702862
26,3,956731,0,200,34.36,0.09,7.74,10.849,0.08975155279502989,-5.7861585325222895e-05,0.08500000000000085,-0.0006807245332379096,0.049935483870967745,-0.0075901328273244376,0.0,-0.00692267753783432
26,3,956773,0,200,34.25,0.09,7.64,10.891,0.0894409937888187,-6.181228490995228e-05,0.08300000000000018,-0.0007447263242162908,0.04929032258064516,-0.007773027594247979,0.0,0.0029933398189029266
26,3,956814,0,200,34.14,0.09,7.64,10.932,0.08999999999999883,-6.642209223687434e-05,0.08200000000000074,-0.0008100255150838262,0.04929032258064516,0.0,0.0,0.006817148916830789
26,3,956855,0,200,34.03,0.09,7.64,10.973,0.08999999999999883,-7.093134856983419e-05,0.08300000000000018,-0.0008545945610823377,0.04929032258064516,-0.007773027594247979,0.0,0.006735014592531501
26,3,956897,0,200,34.03,0.09,7.54,11.015,0.09055900621117895,-7.470927175542119e-05,0.08299999999999841,-0.0009001117078966582,0.04864516129032258,-0.0077730275942481455,0.0,0.009728354411434636
26,3,956938,0,200,33.92,0.09,7.54,11.056,0.09080745341614789,-7.737625128658277e-05,0.08199999999999896,-0.0009436128205680945,0.04864516129032258,-0.00786782061369006,0.0,-0.0041461022652071215
26,3,956979,0,200,33.81,0.09,7.44,11.097,0.09021902582543197,-7.879364739174743e-05,0.08200000000000074,-0.0009608981389237405,0.048,-0.00786782061368989,0.0,-0.006737416180961299
26,3,957020,0,200,33.7,0.09,7.44,11.138,0.09025498528930906,-7.892689810731657e-05,0.08300000000000018,-0.0009509264832206794,0.048,0.0,0.0,-0.00882247525571381
26,3,957062,0,200,33.59,0.09,7.44,11.18,0.08948676037920772,-7.768508994495349e-05,0.08500000000000085,-0.0009139422346465025,0.048,0.0,0.0,-0.010345556987096704
26,3,957105,0,200,33.59,0.09,7.44,11.223,0.08937561294540583,-7.489469141504035e-05,0.08500000000000085,-0.0008811140166475247,0.048,-0.0075901328273244376,0.0,-0.00511508951406635
26,3,957147,0,200,33.48,0.09,7.34,11.265,0.08905197777051208,-7.048056966015626e-05,0.08299999999999841,-0.000849163489881417,0.04735483870967742,-0.015546055188496206,0.0,-0.009964670712927013
26,3,957188,0,200,33.37,0.09,7.24,11.306,0.0885485452762329,-6.473356562747679e-05,0.08199999999999896,-0.000789433727164361,0.04670967741935484,-0.00786782061369006,0.0,-0.02088997679777391
26,3,957229,0,200,33.26,0.09,7.24,11.347,0.08733899967309464,-5.842206549448825e-05,0.08300000000000018,-0.0007038803071625075,0.04670967741935484,0.0,0.0,-0.020047499576599702
26,3,957271,0,200,33.15,0.09,7.24,11.389,0.08688460281137513,-5.260467388570067e-05,0.08300000000000018,-0.0006337912516349465,0.04670967741935484,0.0,-0.12048192771084304,-0.012327833727850013
26,3,957312,0,200,33.15,0.08,7.24,11.43,0.08631578947368308,-4.82432821938108e-05,0.0810000000000013,-0.0005955960764667905,0.04670967741935484,0.0,-0.12345679012345476,-0.01505373740308858
26,3,957352,0,200,33.04,0.08,7.24,11.47,0.08566525008172493,-4.5864784130072776e-05,0.08200000000000074,-0.0005593266357325898,0.04670967741935484,-0.007867820613689973,0.12195121951219397,-0.016464809957023808
26,3,957394,0,200,32.93,0.09,7.14,11.512,0.08496567505720712,-4.545001807311699e-05,0.08300000000000018,-0.0005475905791941794,0.04606451612903226,-0.007773027594247979,0.0,-0.017054159757696773
26,3,957435,0,200,32.82,0.08,7.14,11.553,0.0842497548218361,-4.6545799411005006e-05,0.08399999999999963,-0.0005541166596548239,0.04606451612903226,0.0,0.0,-0.01685113404629557
26,3,957478,0,200,32.82,0.09,7.14,11.596,0.0835501797973183,-4.848665427573273e-05,0.08499999999999908,-0.0005704312267733325,0.04606451612903226,0.0,0.0,-0.015883699017364295
26,3,957520,0,200,32.6,0.08,7.14,11.638,0.08289964040536014,-5.06319603690395e-05,0.08399999999999963,-0.0006027614329647586,0.04606451612903226,-0.00768049155145928,-0.11904761904761951,-0.014516103924407305
26,3,957562,0,200,32.6,0.08,7.04,11.68,0.08233082706766809,-5.257221518496635e-05,0.08300000000000018,-0.0006334001829514004,0.04541935483870968,-0.007773027594247895,0.0,-0.005592819135318511
26,3,957603,0,200,32.49,0.08,7.04,11.721,0.08243543641712871,-5.425385899182e-05,0.08200000000000074,-0.0006616324267295062,0.04541935483870968,0.0,0.12195121951219397,0.0005581291510859199
26,3,957644,0,200,32.38,0.09,7.04,11.762,0.08237659365805713,-5.595939526500082e-05,0.08300000000000018,-0.0006742095815060325,0.04541935483870968,-0.006995724834823189,0.0,-0.009334493908947254
26,3,957686,0,200,32.27,0.08,6.95,11.804,0.08166067342268608,-5.812341979279978e-05,0.08300000000000018,-0.0007002821661783091,0.044838709677419354,-0.006995724834823189,-0.12048192771084304,-0.013903275737799212
26,3,957727,0,200,32.27,0.08,6.95,11.845,0.0812226217718198,-6.104586808586454e-05,0.08199999999999896,-0.0007444618059251867,0.044838709677419354,0.0,0.0,-0.0178999992026723
26,3,957768,0,200,32.27,0.08,6.95,11.886,0.08019287348806697,-6.462955042145868e-05,0.08199999999999896,-0.000788165249042189,0.044838709677419354,0.0,0.0,-0.01869732656136603
26,3,957809,0,200,32.05,0.08,6.95,11.927,0.0796894409937878,-6.828857879949002e-05,0.0940000000000012,-0.0007264742425477569,0.044838709677419354,-0.006863417982155059,0.0,-0.010711329665514293
26,3,957862,0,200,31.94,0.08,6.85,11.98,0.07918600849950862,-7.111345216136478e-05,0.09699999999999953,-0.0007331283727975786,0.04419354838709677,-0.006651147322913266,0.0,-0.015805987402392065
26,3,957906,0,200,31.94,0.08,6.85,12.024,0.07815626021575578,-7.223774241116932e-05,0.08699999999999974,-0.0008303188782893049,0.04419354838709677,-0.007415647015202053,0.0,-0.006500509143924159
26,3,957949,0,200,31.83,0.08,6.75,12.067,0.07862046420398722,-7.122324200367824e-05,0.0860000000000003,-0.0008281772326009069,0.043548387096774194,-0.0075018754688671455,0.0,-0.005055611729019261
26,3,957992,0,200,31.72,0.08,6.75,12.11,0.07772147760706012,-6.82720129477179e-05,0.08699999999999974,-0.0007847357810082541,0.043548387096774194,0.0,-0.11494252873563246,-0.013113743879939587
26,3,958036,0,200,31.61,0.07,6.75,12.154,0.07747956848643248,-6.418216091743911e-05,0.08800000000000097,-0.0007293427376981637,0.043548387096774194,-0.00733137829912011,-0.11363636363636233,-0.01426491129008248
26,3,958080,0,200,31.5,0.07,6.65,12.198,0.07646616541353285,-6.008905731317427e-05,0.08800000000000097,-0.0006828301967406092,0.04290322580645162,-0.00733137829912011,0.11363636363636233,-0.004940711462450605
26,3,958124,0,200,31.39,0.08,6.65,12.242,0.07704478587773682,-5.709811139452015e-05,0.08699999999999974,-0.0006563001309714979,0.04290322580645162,0.0,0.11494252873563246,-0.0012399815130030025
26,3,958167,0,200,31.28,0.08,6.65,12.285,0.07635828702190159,-5.593068031777282e-05,0.08699999999999974,-0.0006428813829629079,0.04290322580645162,0.0,0.0,-0.013527071050940481
26,3,958211,0,200,31.28,0.08,6.65,12.329,0.075867930696305,-5.670383531034684e-05,0.08900000000000041,-0.0006371217450600739,0.04290322580645162,-0.007249003262051469,-0.11235955056179718,-0.00881539461746666
26,3,958256,0,200,31.17,0.07,6.55,12.374,0.07557371690094705,-5.892527651376156e-05,0.08899999999999864,-0.0006620817585816007,0.04225806451612903,-0.0072490032620516134,0.0,-0.004407697308733574
26,3,958300,0,200,31.06,0.08,6.55,12.418,0.07547564563582772,-6.169080987797671e-05,0.08699999999999974,-0.000709089768712378,0.04225806451612903,0.0,0.11494252873563246,0.006425358749196594
26,3,958343,0,200,30.95,0.08,6.55,12.461,0.07613272311212715,-6.398655978319212e-05,0.0860000000000003,-0.0007440297649208361,0.04225806451612903,-0.007501875468867226,-0.1162790697674414,0.013950447402631828
26,3,958386,0,200,30.84,0.07,6.45,12.504,0.07667538411245406,-6.498369923014646e-05,0.0860000000000003,-0.0007556244096528633,0.04161290322580645,-0.007501875468867226,0.0,0.011669720306833685
26,3,958429,0,200,30.84,0.08,6.45,12.547,0.07713631905851485,-6.424829884636019e-05,0.08699999999999974,-0.0007384861936363262,0.04161290322580645,0.0,0.0,0.003607218946917419
26,3,958473,0,200,30.73,0.07,6.45,12.591,0.07698921216083587,-6.18277059243857e-05,0.08699999999999974,-0.0007106632864871939,0.04161290322580645,-0.007415647015202133,0.0,-0.003945395723191067
26,3,958516,0,200,30.62,0.08,6.35,12.634,0.07679306963059723,-5.820742346333585e-05,0.0860000000000003,-0.0006768305053876238,0.040967741935483866,-0.007501875468867226,0.0,-0.009122908383192413
26,3,958559,0,200,30.51,0.07,6.35,12.677,0.07620464203988132,-5.416013460328895e-05,0.08699999999999974,-0.0006225302827964265,0.040967741935483866,0.0,0.0,-0.007665340262199596
26,3,958603,0,200,30.51,0.08,6.35,12.721,0.07612618502778587,-5.053555022171974e-05,0.08900000000000041,-0.0005678151710305562,0.040967741935483866,0.0,0.11235955056179718,-0.008227701642968883
26,3,958648,0,200,30.4,0.08,6.35,12.766,0.07547237659365709,-4.8063876645443314e-05,0.08799999999999919,-0.0005461804164254972,0.040967741935483866,-0.007331378299120258,0.0,-0.011144461945377118
26,3,958691,0,200,30.29,0.08,6.25,12.809,0.07514547237659269,-4.723290064650598e-05,0.08699999999999974,-0.0005429069039828289,0.04032258064516129,-0.007415647015202053,0.0,-0.007702915459563459
26,3,958735,0,200,30.18,0.08,6.25,12.853,0.07480222294867507,-4.82389870500084e-05,0.08700000000000152,-0.0005544711155173282,0.04032258064516129,0.0,-0.11494252873563011,-0.0016533086840038631
26,3,958778,0,200,30.18,0.07,6.25,12.896,0.07500163452108435,-5.0973501692166856e-05,0.0860000000000003,-0.0005927151359554264,0.04032258064516129,0.0,-0.1162790697674414,-0.001672533203585327
26,3,958821,0,200,29.96,0.07,6.25,12.939,0.07465838509316673,-5.503511267739292e-05,0.08599999999999852,-0.0006399431706673706,0.04032258064516129,-0.007501875468867301,0.0,-0.0077924842439769364
26,3,958864,0,200,29.96,0.07,6.15,12.982,0.07433148087610235,-5.9792616225217365e-05,0.08699999999999974,-0.0006872714508645695,0.03967741935483871,-0.007415647015202053,0.11494252873563246,-0.0009018047367293548
26,3,958908,0,200,29.85,0.08,6.15,13.026,0.07457992808107128,-6.44984372574795e-05,0.08700000000000152,-0.0007413613477871077,0.03967741935483871,0.0,0.0,-0.004095696512645796
26,3,958951,0,200,29.74,0.07,6.15,13.069,0.07397515527950216,-6.841232827338484e-05,0.0860000000000003,-0.0007954921892254023,0.03967741935483871,-0.007501875468867226,-0.1162790697674414,-0.006994229760447554
26,3,958994,0,200,29.63,0.07,6.05,13.112,0.07397842432167279,-7.0899400782511e-05,0.08599999999999852,-0.0008244116370059561,0.03903225806451613,-0.007501875468867381,0.0,-0.009465017447562458
26,3,959037,0,200,29.63,0.07,6.05,13.155,0.0731611637790118,-7.149886434120667e-05,0.08900000000000041,-0.0008033580263056892,0.03903225806451613,0.0,0.11235955056179718,-0.01116616651545777
26,3,959083,0,200,29.52,0.08,6.05,13.201,0.07298463550179704,-6.997848353601643e-05,0.08900000000000041,-0.0007862750959102933,0.03903225806451613,-0.0072490032620513905,0.11235955056179718,-0.0026813491961459337
26,3,959126,0,200,29.41,0.08,5.95,13.244,0.07292252370055481,-6.638768736259593e-05,0.08699999999999974,-0.0007630768662367371,0.03838709677419355,-0.007415647015202053,-0.11494252873563246,0.00026302638154592227
26,3,959170,0,200,29.3,0.07,5.95,13.288,0.07300751879699154,-6.110339139354437e-05,0.08699999999999974,-0.0007023378321097075,0.03838709677419355,0.0,-0.11494252873563246,0.004020546117918314
26,3,959213,0,200,29.19,0.07,5.95,13.331,0.0732723112128137,-5.483734115941541e-05,0.0860000000000003,-0.0006376435018536654,0.03838709677419355,-0.007501875468867226,0.1162790697674414,-0.0018625937949017313
26,3,959256,0,200,29.19,0.08,5.85,13.374,0.07284733573062999,-4.85636809317862e-05,0.0860000000000003,-0.0005646939643230934,0.03774193548387097,-0.007501875468867226,0.0,-0.011403635478990556
26,3,959299,0,200,29.08,0.07,5.85,13.417,0.07229159856162051,-4.3341713705777885e-05,0.08699999999999974,-0.0004981806173077933,0.03774193548387097,0.0,-0.11494252873563246,-0.014278574998215023
26,3,959343,0,200,28.97,0.07,5.85,13.461,0.07160509970578528,-4.005641998307752e-05,0.08699999999999974,-0.00046041862049514526,0.03774193548387097,0.0,0.0,-0.0069138363149250535
26,3,959386,0,200,28.86,0.07,5.85,13.504,0.07169009480222203,-3.916842092886874e-05,0.0860000000000003,-0.00045544675498684423,0.03774193548387097,0.0,0.0,-0.005663805621231917
26,3,959429,0,200,28.75,0.07,5.85,13.547,0.07111801242235934,-4.059439655950481e-05,0.08900000000000041,-0.0004561168152753328,0.03774193548387097,-0.007249003262051469,0.0,-0.013957708144322446
26,3,959475,0,200,28.75,0.07,5.75,13.593,0.07044785877737733,-4.3769983474205354e-05,0.08899999999999864,-0.0004917975671259103,0.037096774193548385,-0.0072490032620516134,0.0,-0.01616155679868951
26,3,959518,0,200,28.64,0.07,5.75,13.636,0.06967963386727599,-4.783120116449613e-05,0.0860000000000003,-0.0005561767577266973,0.037096774193548385,0.0,0.0,-0.008514714490979758
26,3,959561,0,200,28.53,0.07,5.75,13.679,0.06971559333115307,-5.180958854683393e-05,0.0860000000000003,-0.0006024370761259738,0.037096774193548385,0.0,0.0,0.004067296654173313
26,3,959604,0,200,28.53,0.07,5.75,13.722,0.0700294213795349,-5.479963780360464e-05,0.08699999999999974,-0.0006298808942943081,0.037096774193548385,-0.006674082313681848,0.0,0.000413327171001054
26,3,959648,0,200,28.42,0.07,5.66,13.766,0.06975155279503016,-5.6120843605183876e-05,0.08699999999999974,-0.0006450671678756787,0.036516129032258066,-0.006674082313681848,0.0,-0.0067635355254702404
26,3,959691,0,200,28.31,0.07,5.66,13.809,0.06944099378881899,-5.54777924423e-05,0.0860000000000003,-0.0006450906097941839,0.036516129032258066,0.0,0.0,0.0028889209880109605
26,3,959734,0,200,28.2,0.07,5.66,13.852,0.0699999999999991,-5.306493459693051e-05,0.0860000000000003,-0.0006170341232201201,0.036516129032258066,-0.007501875468867226,0.0,0.013000144446049161
26,3,959777,0,200,28.09,0.07,5.56,13.895,0.07055900621117922,-4.9546735455862744e-05,0.08699999999999974,-0.0005695027063892286,0.03587096774193548,-0.007415647015202133,0.0,0.002855714999643037
26,3,959821,0,200,28.09,0.07,5.56,13.939,0.07024844720496805,-4.5880144871603965e-05,0.08900000000000041,-0.0005155072457483568,0.03587096774193548,0.0,0.0,-0.006611545963100073
26,3,959866,0,200,27.98,0.07,5.56,13.984,0.06997057862046331,-4.30158074767375e-05,0.08799999999999919,-0.0004888159940538398,0.03587096774193548,0.0,0.0,-0.0059437130375345785
26,3,959909,0,200,27.98,0.07,5.56,14.027,0.06972540045766501,-4.1594946987781434e-05,0.08699999999999974,-0.0004781028389400179,0.03587096774193548,0.0,0.0,-0.005260527630921476
26,3,959953,0,200,27.87,0.07,5.56,14.071,0.06951291271657314,-4.178656903253053e-05,0.08700000000000152,-0.0004803053911785034,0.03587096774193548,-0.007415647015201902,0.0,0.0019163350655499395
26,3,959996,0,200,27.76,0.07,5.46,14.114,0.06989212160836786,-4.33284429813563e-05,0.0860000000000003,-0.0005038191044343738,0.035225806451612905,-0.0075018754688671455,0.0,-0.0009122908383192252
26,3,960039,0,200,27.65,0.07,5.46,14.157,0.06943445570447769,-4.570266214183327e-05,0.08699999999999974,-0.0005253179556532576,0.035225806451612905,0.0,0.0,-0.00976955131456825
26,3,960083,0,200,27.54,0.07,5.46,14.201,0.06904217064400042,-4.832140033072019e-05,0.08699999999999974,-0.0005554183946059808,0.035225806451612905,0.0,0.0,-0.008266543420019165
26,3,960126,0,200,27.54,0.07,5.46,14.244,0.06871526642693603,-5.0655570984208254e-05,0.0860000000000003,-0.0005890182672582335,0.035225806451612905,-0.007501875468867226,0.0,-0.00034210906436968927
26,3,960169,0,200,27.43,0.07,5.36,14.287,0.06901274926446463,-5.230967862355573e-05,0.0860000000000003,-0.0006082520770180878,0.03458064516129032,-0.007501875468867226,-0.11627906976744155,0.004067296654173313
26,3,960212,0,200,27.32,0.06,5.36,14.33,0.06906505393919493,-5.3053611361814745e-05,0.08999999999999986,-0.0005894845706868314,0.03458064516129032,0.0,0.0,-0.00740982892012642
26,3,960259,0,200,27.21,0.07,5.36,14.377,0.06834586466165325,-5.281220232653983e-05,0.08999999999999986,-0.0005868022480726657,0.03458064516129032,0.0,0.11111111111111138,-0.014529076313973228
26,3,960302,0,200,27.21,0.07,5.36,14.42,0.06775743707093734,-5.1638739719792604e-05,0.08599999999999852,-0.0006004504618580638,0.03458064516129032,-0.007501875468867381,0.0,-0.005663805621232034
26,3,960345,0,200,27.1,0.07,5.26,14.463,0.0678587773782273,-4.9712293053909564e-05,0.08699999999999974,-0.0005714056672863185,0.03393548387096774,-0.007415647015202133,0.0,0.00026302638154608176
26,3,960389,0,200,26.99,0.07,5.26,14.507,0.06778032036613185,-4.735570915967635e-05,0.08700000000000152,-0.0005443184960882244,0.03393548387096774,0.0,-0.11494252873563028,-0.00991985210402286
26,3,960432,0,200,26.88,0.06,5.26,14.55,0.0669957502451773,-4.5029670838665934e-05,0.0860000000000003,-0.000523600823705416,0.03393548387096774,0.0,0.0,-0.01596508967058668
26,3,960475,0,200,26.88,0.07,5.26,14.593,0.06640732265446139,-4.327615213308178e-05,0.08599999999999852,-0.000503211071314913,0.03393548387096774,-0.007501875468867301,0.11627906976744397,-0.011403635478990792
26,3,960518,0,200,26.77,0.07,5.16,14.636,0.06601503759398411,-4.261573346521352e-05,0.08699999999999974,-0.0004898360168415362,0.03329032258064516,-0.007415647015202053,0.0,-0.0067635355254704
26,3,960562,0,200,26.66,0.07,5.16,14.68,0.06581889506374547,-4.339881903254561e-05,0.08700000000000152,-0.0004988370003740787,0.03329032258064516,0.0,-0.11494252873563028,0.004170846907373201
26,3,960605,0,200,26.55,0.06,5.16,14.723,0.06637790127492559,-4.562133066185847e-05,0.08800000000000097,-0.0005184242120665678,0.03329032258064516,0.0,-0.1136363636363625,0.011404499390769197
26,3,960650,0,200,26.55,0.06,5.16,14.768,0.06682249101013317,-4.878462308984677e-05,0.08899999999999864,-0.0005481418324701968,0.03329032258064516,0.0,0.11235955056179958,-0.007346162181222363
26,3,960694,0,200,26.43,0.07,5.16,14.812,0.0657240928407968,-5.19291726472364e-05,0.08699999999999974,-0.0005968870419222592,0.03329032258064516,-0.007415647015202133,0.11494252873563263,-0.00976955131456825
26,3,960737,0,200,26.32,0.07,5.06,14.855,0.06597254004576573,-5.3903205214205664e-05,0.0860000000000003,-0.0006267814559791334,0.03264516129032258,-0.007501875468867226,-0.11627906976744155,-0.001672533203585327
26,3,960780,0,200,26.21,0.06,5.06,14.898,0.06558025498528847,-5.37774653525549e-05,0.0860000000000003,-0.0006253193645645897,0.03264516129032258,0.0,-0.11627906976744155,0.0004181333008964124
26,3,960823,0,200,26.21,0.06,5.06,14.941,0.06600849950964283,-5.121900820700276e-05,0.08699999999999974,-0.0005887242322644013,0.03264516129032258,-0.007415647015202053,0.11494252873563263,0.00928107374883963
26,3,960867,0,200,26.1,0.07,4.96,14.985,0.06638770840143751,-4.665564610532691e-05,0.08699999999999974,-0.0005362717943141039,0.032,-0.007415647015202053,0.11494252873563263,-0.008266543420019324
26,3,960910,0,200,26.1,0.07,4.96,15.028,0.06528931023210115,-4.1155120642685005e-05,0.0860000000000003,-0.000478547914449824,0.032,0.0,0.0,-0.009122908383192251
26,3,960953,0,200,25.99,0.07,4.96,15.071,0.06560313828048298,-3.605803457802637e-05,0.08699999999999974,-0.0004144601675635227,0.032,0.0,0.0,0.007026561907016323
26,3,960997,0,200,25.88,0.07,4.96,15.115,0.06590062111801157,-3.251714477938172e-05,0.08900000000000041,-0.00036536117729642215,0.032,0.0,-0.11235955056179733,0.00686866163944287
26,3,961042,0,200,25.77,0.06,4.96,15.16,0.0662144491663934,-3.115238565035305e-05,0.08799999999999919,-0.00035400438239037885,0.032,0.0,-0.11363636363636478,-0.002563226247436778
26,3,961085,0,200,25.77,0.06,4.96,15.203,0.06567505720823713,-3.196616629736937e-05,0.08699999999999974,-0.00036742719882033864,0.032,-0.007415647015202053,0.11494252873563263,-0.01578158289276395
26,3,961129,0,200,25.66,0.07,4.86,15.247,0.06484145145472293,-3.450061064426446e-05,0.08699999999999974,-0.0003965587430375237,0.031354838709677424,-0.007415647015202053,0.0,-0.01217436394584637
26,3,961172,0,200,25.55,0.06,4.86,15.29,0.0646158875449485,-3.807976969075888e-05,0.0860000000000003,-0.00044278801965998545,0.031354838709677424,0.0,0.0,-0.00429536936375316
26,3,961215,0,200,25.55,0.07,4.86,15.333,0.06447204968944016,-4.19801591418425e-05,0.0860000000000003,-0.00048814138537025994,0.031354838709677424,0.0,0.0,-0.012505986908626348
26,3,961258,0,200,25.44,0.06,4.86,15.376,0.06354037267080663,-4.5501110002161836e-05,0.08699999999999974,-0.0005230012643926663,0.031354838709677424,0.0,-0.11494252873563263,-0.024048126312783275
26,3,961302,0,200,25.33,0.06,4.86,15.42,0.06237986270022802,-4.80220013704864e-05,0.08699999999999974,-0.0005519770272469718,0.031354838709677424,-0.007415647015202173,0.11494252873563263,-0.01893789947131677
26,3,961345,0,200,25.33,0.07,4.76,15.463,0.061892775416802076,-4.9116374958249056e-05,0.0860000000000003,-0.0005711206390494057,0.030709677419354837,-0.007501875468867266,0.0,-0.009617065920615387
26,3,961388,0,200,25.11,0.06,4.76,15.506,0.061552795031055096,-4.868209815164626e-05,0.08900000000000041,-0.0005469898668724274,0.030709677419354837,0.0,-0.11235955056179733,-0.005619814068635132
26,3,961434,0,200,25.11,0.06,4.76,15.552,0.06139261196469355,-4.6982289443212364e-05,0.08900000000000041,-0.0005278908926203612,0.030709677419354837,-0.0072490032620513905,0.0,-0.0012121167599016462
26,3,961477,0,200,25.11,0.06,4.66,15.595,0.06144491663942385,-4.454113258890136e-05,0.08699999999999974,-0.0005119670412517413,0.03006451612903226,0.0,0.0,-0.006350208354469347
26,3,961521,0,200,25.0,0.06,4.76,15.639,0.060840143837854715,-4.194077100463911e-05,0.08699999999999974,-0.0004820778276395314,0.030709677419354837,0.0,0.0,-0.015030078945489566
26,3,961564,0,200,24.89,0.06,4.66,15.682,0.06013729977116626,-3.962757827602115e-05,0.0860000000000003,-0.00046078579390722107,0.03006451612903226,-0.0075018754688671455,0.0,-0.006994229760447554
26,3,961607,0,200,24.89,0.06,4.66,15.725,0.060238640078456224,-3.7821890911675206e-05,0.0860000000000003,-0.0004397894292055241,0.03006451612903226,0.0,0.0,-0.011403635478990556
26,3,961650,0,200,24.78,0.06,4.66,15.768,0.05915658711997307,-3.6559579259844986e-05,0.09299999999999997,-0.00039311375548220425,0.03006451612903226,0.0,0.0,-0.010931958226562035
26,3,961700,0,200,24.67,0.06,4.66,15.818,0.059221967963385955,-3.582362385951576e-05,0.09299999999999997,-0.00038520025655393303,0.03006451612903226,-0.006937218175511655,0.0,-0.00196845550060278
26,3,961743,0,200,24.56,0.06,4.56,15.861,0.05897352075841701,-3.567392433554683e-05,0.0860000000000003,-0.0004148130736691478,0.029419354838709676,-0.007501875468867226,0.0,0.0031930179341173688
26,3,961786,0,200,24.56,0.06,4.56,15.904,0.05949656750572005,-3.6267018491974665e-05,0.08599999999999852,-0.0004217095173485499,0.029419354838709676,0.0,0.0,0.021134737754396223
26,3,961829,0,200,24.34,0.06,4.56,15.947,0.060791108205295055,-3.7711882258717464e-05,0.08900000000000041,-0.0004237290141428909,0.029419354838709676,0.0,0.0,0.01542694058056689
26,3,961875,0,200,24.34,0.06,4.56,15.993,0.06086956521739051,-3.983849225635971e-05,0.08900000000000219,-0.0004476235084984127,0.029419354838709676,0.0,0.0,0.010431550297335574
26,3,961918,0,200,24.34,0.06,4.56,16.036,0.061719516181757944,-4.206425876230213e-05,0.0860000000000003,-0.000489119287933744,0.029419354838709676,0.0,0.0,0.018245816766384825
26,3,961961,0,200,24.23,0.06,4.56,16.079,0.06243870545929961,-4.351212022495865e-05,0.08599999999999852,-0.0005059548863367372,0.029419354838709676,-0.007501875468867341,0.0,0.015204847305321057
26,3,962004,0,200,24.12,0.06,4.46,16.122,0.06302713305001553,-4.336445653933296e-05,0.08800000000000097,-0.0004927779152196874,0.028774193548387096,-0.007331378299120149,0.0,0.011887426075068918
26,3,962049,0,200,24.12,0.06,4.46,16.167,0.06348479895390569,-4.1257206021050766e-05,0.08800000000000097,-0.0004688318866028445,0.028774193548387096,-0.0065982404692081385,0.1136363636363625,0.008915569556301609
26,3,962092,0,200,24.01,0.07,4.37,16.21,0.06381170317097008,-3.747512550753207e-05,0.08599999999999852,-0.0004357572733434037,0.028193548387096774,0.0,0.11627906976744397,0.006081938922128293
26,3,962135,0,200,23.9,0.07,4.46,16.253,0.06400784570120871,-3.2845623419882844e-05,0.08599999999999852,-0.0003819258537195745,0.028774193548387096,0.006751687921980611,0.0,-0.003459102761960568
26,3,962178,0,200,23.9,0.07,4.46,16.296,0.06351422033344148,-2.8432190395415445e-05,0.08699999999999974,-0.0003268067861542015,0.028774193548387096,-0.006674082313681888,-0.11494252873563263,-0.0028557149996428772
26,3,962222,0,200,23.79,0.06,4.37,16.34,0.06375939849623978,-2.52184424793791e-05,0.08900000000000219,-0.0002833532862851515,0.028193548387096774,-0.0065241029358461605,-0.11235955056179509,-0.0026078875743338545
26,3,962267,0,200,23.68,0.06,4.37,16.385,0.06328211833932576,-2.38917754931931e-05,0.08899999999999864,-0.0002684469156538592,0.028193548387096774,0.0,0.11235955056179958,-0.002791541628864576
26,3,962311,0,200,23.68,0.07,4.37,16.429,0.06351095129127084,-2.471456241883896e-05,0.08699999999999974,-0.00028407543010159806,0.028193548387096774,0.0,0.0,0.0030060157890978495
26,3,962354,0,200,23.57,0.06,4.37,16.472,0.06354364171297727,-2.7456765604316756e-05,0.08600000000000207,-0.0003192647163292569,0.028193548387096774,0.0,-0.11627906976743915,-0.001520484730532172
26,3,962397,0,200,23.46,0.06,4.37,16.515,0.06338018960444507,-3.1428277059322165e-05,0.08599999999999852,-0.00036544508208514776,0.028193548387096774,0.0,0.0,-0.006081938922128455
26,3,962440,0,200,23.35,0.06,4.37,16.558,0.06302059496567423,-3.5659527169414674e-05,0.08599999999999852,-0.00041464566476064285,0.028193548387096774,-0.007501875468867381,0.0,-0.010643393113724675
26,3,962483,0,200,23.35,0.06,4.27,16.601,0.06246485779666476,-3.91915242827654e-05,0.08699999999999974,-0.0004504772906065002,0.02754838709677419,-0.007415647015202133,0.0,-0.015030078945489406
26,3,962527,0,200,23.24,0.06,4.27,16.645,0.06171297809741666,-4.134327537717208e-05,0.08699999999999974,-0.00047521006180657705,0.02754838709677419,0.0,0.0,-0.00916834815674852
26,3,962570,0,200,23.24,0.06,4.27,16.688,0.06166721150702764,-4.1836626825808134e-05,0.08600000000000207,-0.00048647240495124566,0.02754838709677419,0.0,0.11627906976743915,0.0010263271931090466
26,3,962613,0,200,23.13,0.07,4.27,16.731,0.06180124223602404,-4.0774761238986377e-05,0.08900000000000219,-0.00045814338470770086,0.02754838709677419,0.0,0.0,0.005399429203198319
26,3,962659,0,200,23.02,0.06,4.27,16.777,0.062147760706112304,-3.8566215768970124e-05,0.08899999999999864,-0.0004333282670670867,0.02754838709677419,-0.007249003262051535,0.0,0.0004040389199671715
26,3,962702,0,200,23.02,0.07,4.17,16.82,0.06183720169990112,-3.585760259837123e-05,0.08599999999999852,-0.00041694886742292845,0.026903225806451613,-0.007501875468867301,0.0,-0.008362666017926646
26,3,962745,0,200,22.91,0.06,4.17,16.863,0.061428571428570625,-3.343753502780711e-05,0.08599999999999852,-0.0003888085468349731,0.026903225806451613,0.0,-0.11627906976744397,-0.006652120696077841
26,3,962788,0,200,22.8,0.06,4.17,16.906,0.06126511932003843,-3.2046471446403934e-05,0.08699999999999974,-0.00036835024651039113,0.026903225806451613,0.0,0.0,-0.000939379934093058
26,3,962832,0,200,22.8,0.06,4.17,16.95,0.06134684537430453,-3.21215035691651e-05,0.08699999999999974,-0.0003692126847030482,0.026903225806451613,0.0,0.0,0.0007515039472743826
26,3,962875,0,200,22.69,0.06,4.17,16.993,0.061330500163451304,-3.361254683991621e-05,0.08600000000000207,-0.00039084356790599305,0.026903225806451613,0.0,0.0,-0.0015204847305320107
26,3,962918,0,200,22.69,0.06,4.17,17.036,0.06121608368747877,-3.599692233594709e-05,0.08600000000000207,-0.0004185688643714677,0.026903225806451613,-0.007501875468867031,0.0,-0.0038012118263301073
26,3,962961,0,200,22.58,0.06,4.07,17.079,0.06100359594638691,-3.848998755016631e-05,0.08699999999999974,-0.00044241365000191287,0.026258064516129033,-0.007415647015202093,0.0,-0.0060120315781958585
26,3,963005,0,200,22.47,0.06,4.07,17.123,0.060693036940175735,-4.0319893130898345e-05,0.08899999999999864,-0.0004530325070887524,0.026258064516129033,0.0,0.0,-0.008080778399344677
26,3,963050,0,200,22.47,0.06,4.07,17.168,0.06028440666884524,-4.09246276955022e-05,0.08799999999999741,-0.0004650525874489023,0.026258064516129033,0.0,0.0,-0.0001485928259382847
26,3,963093,0,200,22.36,0.06,4.07,17.211,0.060679960771493166,-4.003709589325055e-05,0.08699999999999974,-0.00046019650452012263,0.026258064516129033,0.0,0.0,0.0019163350655498192
26,3,963137,0,200,22.36,0.06,4.07,17.255,0.060451127819548076,-3.77200528852919e-05,0.08699999999999974,-0.00043356382626772425,0.026258064516129033,-0.007415647015202093,0.0,0.0043587228941919616
26,3,963180,0,200,22.25,0.06,3.97,17.298,0.061059169663287866,-3.438913912559594e-05,0.08600000000000207,-0.0003998737107627338,0.025612903225806453,-0.007501875468867031,0.11627906976743915,0.007260314588290532
26,3,963223,0,200,22.14,0.07,3.97,17.341,0.061075514874141076,-3.076848297030121e-05,0.08600000000000207,-0.0003577730577941915,0.025612903225806453,0.0,0.0,0.0
26,3,963266,0,200,22.03,0.06,3.97,17.384,0.061059169663287866,-2.7703586441627958e-05,0.08699999999999974,-0.0003184320280646901,0.025612903225806453,0.0,-0.11494252873563263,-0.0007515039472743826
26,3,963310,0,200,22.03,0.06,3.97,17.428,0.061010134030728205,-2.5861193711088415e-05,0.08699999999999974,-0.0002972551001274539,0.025612903225806453,0.0,0.0,-0.0015030078945489247
26,3,963353,0,200,21.92,0.06,3.97,17.471,0.06092840797646211,-2.5469568329555603e-05,0.08599999999999852,-0.00029615777127390744,0.025612903225806453,0.0,0.0,-0.0022807270957981907
26,3,963396,0,200,21.92,0.06,3.97,17.514,0.060813991500489564,-2.6265344407064185e-05,0.08899999999999864,-0.0002951162292928605,0.025612903225806453,0.0,0.0,-0.0029384648724891014
26,3,963442,0,200,21.81,0.06,3.97,17.56,0.060666884602810583,-2.7695621196413446e-05,0.08900000000000219,-0.00031118675501587374,0.025612903225806453,-0.007249003262051285,0.0,-0.003673081090611113
26,3,963485,0,200,21.81,0.06,3.87,17.603,0.06048708728342517,-2.925896554207075e-05,0.08600000000000207,-0.000340220529558954,0.024967741935483873,-0.007501875468867031,0.0,-0.004561454191596193
26,3,963528,0,200,21.7,0.06,3.87,17.646,0.0602745995423333,-3.0769683638986136e-05,0.08599999999999852,-0.00035778701905798445,0.024967741935483873,0.0,0.0,-0.005321696556862337
26,3,963571,0,200,21.7,0.06,3.87,17.689,0.060029421379535014,-3.2378113043839196e-05,0.08599999999999852,-0.0003764896865562762,0.024967741935483873,0.0,0.0,-0.006081938922128293
26,3,963614,0,200,21.59,0.06,3.87,17.732,0.05975155279503028,-3.43543275469087e-05,0.08699999999999974,-0.00039487732812538853,0.024967741935483873,0.0,0.0,-0.013188894274667153
26,3,963658,0,200,21.48,0.06,3.87,17.776,0.058881987577638975,-3.680592046226083e-05,0.08699999999999974,-0.00042305655703748205,0.024967741935483873,0.0,0.0,0.0
26,3,963701,0,200,21.37,0.06,3.87,17.819,0.05975155279503028,-3.951936007383372e-05,0.08599999999999852,-0.0004595274427190046,0.024967741935483873,-0.007501875468867381,0.0,0.013342253510419287
26,3,963744,0,200,21.37,0.06,3.77,17.862,0.060029421379535014,-4.199040832247158e-05,0.08600000000000207,-0.00048826056188919264,0.02432258064516129,-0.007501875468867071,0.0,0.006081938922128043
26,3,963787,0,200,21.26,0.06,3.77,17.905,0.0602745995423333,-4.356844972732654e-05,0.08900000000000219,-0.000489533143003657,0.02432258064516129,0.0,0.0,0.005142313526855527
26,3,963833,0,200,21.26,0.06,3.77,17.951,0.06048708728342517,-4.360870727644261e-05,0.08899999999999864,-0.0004899854750162166,0.02432258064516129,0.0,0.0,0.004407697308733574
26,3,963876,0,200,21.15,0.06,3.77,17.994,0.060666884602810583,-4.160833250067286e-05,0.08599999999999852,-0.00048381781977527413,0.02432258064516129,0.0,0.0,0.0038012118263302643
26,3,963919,0,200,21.04,0.06,3.77,18.037,0.060813991500489564,-3.737218103149686e-05,0.08699999999999974,-0.00042956529921260887,0.02432258064516129,-0.007415647015202093,0.0,0.009431374538294762
26,3,963963,0,200,21.04,0.06,3.67,18.081,0.061487414187642225,-3.120684838556498e-05,0.08699999999999974,-0.000358699406730633,0.02367741935483871,-0.007415647015202093,0.0,0.0051102268414663435
26,3,964006,0,200,21.04,0.06,3.67,18.124,0.061258581235697135,-2.403029012152569e-05,0.08600000000000207,-0.0002794219781572687,0.02367741935483871,0.0,0.0,-0.005321696556862279
26,3,964049,0,200,20.93,0.06,3.67,18.167,0.06102974828375206,-1.725787309823268e-05,0.08600000000000207,-0.00020067294300270074,0.02367741935483871,0.0,0.11627906976743915,-0.005321696556862118
26,3,964092,0,200,20.82,0.07,3.67,18.21,0.06080091533180698,-1.2440161830334252e-05,0.08699999999999974,-0.00014299036586591136,0.02367741935483871,0.0,0.0,-0.005260527630921316
26,3,964136,0,200,20.82,0.06,3.67,18.254,0.060572082379861905,-1.0782410116595641e-05,0.08699999999999974,-0.00012393574846661693,0.02367741935483871,0.0,-0.11494252873563263,-0.005260527630921316
26,3,964179,0,200,20.71,0.06,3.67,18.297,0.06034324942791683,-1.2744108028566626e-05,0.08899999999999864,-0.00014319222504007663,0.02367741935483871,0.0,0.0,-0.005142313526855733
26,3,964225,0,200,20.71,0.06,3.67,18.343,0.06011441647597175,-1.787570348551881e-05,0.08999999999999986,-0.000198618927616876,0.02367741935483871,0.0,0.0,-0.005085176709890599
26,3,964269,0,200,20.6,0.06,3.67,18.387,0.059885583524026675,-2.4952647012634e-05,0.08699999999999974,-0.00028681203462797784,0.02367741935483871,0.0,0.0,-0.005260527630921236
26,3,964312,0,200,20.49,0.06,3.67,18.43,0.059656750572081606,-3.235780659220433e-05,0.08599999999999852,-0.00037625356502563826,0.02367741935483871,-0.007501875468867341,0.0,-0.005321696556862337
26,3,964355,0,200,20.49,0.06,3.57,18.473,0.05942791762013652,-3.856383792434981e-05,0.08599999999999852,-0.0004484167200505869,0.02303225806451613,-0.007501875468867341,-0.1162790697674438,-0.005321696556862418
26,3,964398,0,200,20.38,0.05,3.57,18.516,0.059199084668191446,-4.252100776234613e-05,0.08699999999999974,-0.0004887472156591524,0.02303225806451613,0.0,0.0,-0.005260527630921316
26,3,964442,0,200,20.38,0.06,3.57,18.56,0.05897025171624637,-4.3817531149960675e-05,0.0870000000000033,-0.0005036497833328622,0.02303225806451613,0.0,0.11494252873562777,-0.005260527630921101
26,3,964485,0,200,20.27,0.06,3.57,18.603,0.05874141876430129,-4.262629874649582e-05,0.08600000000000207,-0.0004956546365871488,0.02303225806451613,0.0,0.0,-0.005321696556862118
26,3,964528,0,200,20.16,0.06,3.57,18.646,0.058512585812356216,-3.9559086930477606e-05,0.08599999999999852,-0.0004599893829125382,0.02303225806451613,-0.007501875468867341,0.0,0.005169648083809211
26,3,964571,0,200,20.16,0.06,3.47,18.689,0.05918600849950888,-3.5518612908068456e-05,0.08699999999999974,-0.00040825991848354666,0.022387096774193548,-0.007415647015202093,0.0,0.009431374538294603
26,3,964615,0,200,20.16,0.06,3.47,18.733,0.059333115397187844,-3.152911351478993e-05,0.08899999999999864,-0.00035425970241337545,0.022387096774193548,0.0,0.0,0.0036730810906111036
26,3,964660,0,200,20.05,0.06,3.47,18.778,0.05951291271657326,-2.8488961824785442e-05,0.08800000000000097,-0.00032373820255437644,0.022387096774193548,0.0,0.0,0.004457784778150883
26,3,964703,0,200,19.94,0.06,3.47,18.821,0.059725400457665126,-2.6878941007422607e-05,0.08699999999999974,-0.00030895334491290444,0.022387096774193548,0.0,0.0,0.005260527630921316
26,3,964747,0,200,19.94,0.06,3.47,18.865,0.05997057862046341,-2.6572185050077745e-05,0.08699999999999974,-0.0003054274143687106,0.022387096774193548,0.0,0.0,0.006012031578195699
26,3,964790,0,200,19.83,0.06,3.47,18.908,0.06024844720496815,-2.6895769093906897e-05,0.08600000000000207,-0.0003127415010919331,0.022387096774193548,0.0,0.0,0.00684218128739429
26,3,964833,0,200,19.83,0.06,3.47,18.951,0.060559006211179336,-2.6968786953217804e-05,0.08599999999999852,-0.00031359054596765426,0.022387096774193548,-0.007501875468867341,0.0,0.003611151235013856
26,3,964876,0,200,19.72,0.06,3.37,18.994,0.060559006211179336,-2.6169765312520354e-05,0.08699999999999974,-0.000300801900143913,0.021741935483870968,-0.007415647015202093,0.0,-0.0035696437495538755
26,3,964920,0,200,19.72,0.06,3.37,19.038,0.06024844720496815,-2.448223924649673e-05,0.08699999999999974,-0.00028140504881030804,0.021741935483870968,0.0,0.0,-0.0067635355254704
26,3,964963,0,200,19.61,0.06,3.37,19.081,0.05997057862046341,-2.2517175647291055e-05,0.08599999999999852,-0.00026182762380571445,0.021741935483870968,0.0,0.0,-0.006081938922128293
26,3,965006,0,200,19.5,0.06,3.37,19.124,0.059725400457665126,-2.119893261149164e-05,0.08900000000000219,-0.00023819025406169797,0.021741935483870968,0.0,0.0,-0.005142313526855527
26,3,965052,0,200,19.5,0.06,3.37,19.17,0.05951291271657326,-2.1296072545992306e-05,0.08900000000000219,-0.00023928171399990766,0.021741935483870968,0.0,0.0,-0.004407697308733398
26,3,965095,0,200,19.5,0.06,3.37,19.213,0.059333115397187844,-2.304808207949227e-05,0.08599999999999852,-0.00026800095441270545,0.021741935483870968,0.0,0.0,-0.003801211826330103
26,3,965138,0,200,19.39,0.06,3.37,19.256,0.05918600849950888,-2.606481167356334e-05,0.08599999999999852,-0.00030307920550655566,0.021741935483870968,0.0,0.0,0.003459102761960568
26,3,965181,0,200,19.28,0.06,3.37,19.299,0.05963059823471645,-2.9523451349466877e-05,0.08699999999999974,-0.0003393500155111145,0.021741935483870968,-0.007415647015202093,0.0,0.0006012031578194901
26,3,965225,0,200,19.28,0.06,3.27,19.343,0.05923831317423917,-3.253339737957006e-05,0.08699999999999974,-0.0003739470963168984,0.021096774193548388,-0.007415647015202093,0.0,-0.008266543420019324
26,3,965268,0,200,19.17,0.06,3.27,19.386,0.05891140895717477,-3.4456514469022536e-05,0.08599999999999852,-0.000400657144988641,0.021096774193548388,0.0,-0.1162790697674438,-0.006842181287394491
26,3,965311,0,200,19.17,0.05,3.27,19.429,0.058649885583523256,-3.5022263149456115e-05,0.08600000000000207,-0.00040723561801692175,0.021096774193548388,0.0,0.0,-0.005321696556862118
26,3,965354,0,200,19.06,0.06,3.27,19.472,0.058453743053284615,-3.424175553478292e-05,0.08699999999999974,-0.000393583396951529,0.021096774193548388,0.0,0.11494252873563246,0.002667839012824441
26,3,965398,0,200,18.95,0.06,3.27,19.516,0.05888198757763898,-3.226958096978461e-05,0.08899999999999864,-0.0003625795614582596,0.021096774193548388,0.0,0.0,0.006868661639443163
26,3,965443,0,200,18.95,0.06,3.27,19.561,0.05906505393919505,-2.9361935949729468e-05,0.08800000000000097,-0.00033365836306510394,0.021096774193548388,-0.0065982404692081385,0.0,0.0017459657047757995
26,3,965486,0,200,18.84,0.06,3.18,19.604,0.059035632559659254,-2.5944147654976212e-05,0.08699999999999974,-0.00029820859373535965,0.020516129032258065,-0.006674082313681888,0.0,-0.0091683481567486
26,3,965530,0,200,18.84,0.06,3.18,19.648,0.05826740764955792,-2.2661839813892916e-05,0.08699999999999974,-0.00026048091740106874,0.020516129032258065,0.0,0.0,-0.009356224143567356
26,3,965573,0,200,18.73,0.06,3.18,19.691,0.0582216410591689,-2.0277891415654724e-05,0.08699999999999974,-0.0002330792116741929,0.020516129032258065,0.0,-0.11494252873563246,-0.0027429894075518472
26,3,965617,0,200,18.73,0.05,3.18,19.735,0.05802876757110091,-1.9403454375367613e-05,0.08699999999999974,-0.00022302821121112265,0.020516129032258065,0.0,0.0,-0.01217436394584637
26,3,965660,0,200,18.62,0.06,3.18,19.778,0.057162471395880265,-2.02004782077978e-05,0.08600000000000207,-0.00023488928148601525,0.020516129032258065,0.0,0.116279069767439,-0.017485574401118444
26,3,965703,0,200,18.62,0.06,3.18,19.821,0.05652500817260469,-2.224265876195597e-05,0.08600000000000207,-0.00025863556699948177,0.020516129032258065,0.0,0.0,-0.00566380562123188
26,3,965746,0,200,18.62,0.06,3.18,19.864,0.05667538411245431,-2.4648115197446253e-05,0.08699999999999974,-0.00028331166893616466,0.020516129032258065,0.0,0.0,-0.007853216249018191
26,3,965790,0,200,18.51,0.06,3.18,19.908,0.05584177835894011,-2.6455030716758364e-05,0.08899999999999864,-0.000297247536143357,0.020516129032258065,-0.007249003262051574,-0.11235955056179942,-0.019650983834770232
26,3,965835,0,200,18.51,0.05,3.08,19.953,0.05492644655115979,-2.7068552815617595e-05,0.08899999999999864,-0.00030414104287211245,0.019870967741935485,-0.007249003262051574,-0.11235955056179942,-0.011349820569988844
26,3,965879,0,200,18.4,0.05,3.08,19.997,0.05483164432821112,-2.6537366309870247e-05,0.08699999999999974,-0.0003050271989640267,0.019870967741935485,0.0,0.0,-0.0027429894075517674
26,3,965922,0,200,18.29,0.05,3.08,20.04,0.054687806472702785,-2.5489203381575452e-05,0.08599999999999852,-0.0002963860858322778,0.019870967741935485,0.0,0.1162790697674438,-0.010035199221511765
26,3,965965,0,200,18.29,0.06,3.08,20.083,0.05396861719516112,-2.4749298397808595e-05,0.08600000000000207,-0.0002877825395093953,0.019870967741935485,0.0,0.0,-0.0064240479864978856
26,3,966008,0,200,18.29,0.05,3.08,20.126,0.054135338345863954,-2.4855291997925468e-05,0.0870000000000033,-0.00028569301147039685,0.019870967741935485,0.0,-0.11494252873562777,0.00402054611791815
26,3,966052,0,200,18.18,0.05,3.08,20.17,0.05431840470742001,-2.5737258120590577e-05,0.08699999999999974,-0.00029583055311023737,0.019870967741935485,0.0,0.11494252873563246,-0.005598704407194804
26,3,966095,0,200,18.07,0.06,3.08,20.213,0.05364825106243801,-2.6736052016184785e-05,0.08599999999999852,-0.00031088432576959586,0.019870967741935485,0.0,0.1162790697674438,-0.00851471449097961
26,3,966138,0,200,18.07,0.06,3.08,20.256,0.05358613926119578,-2.6956932963741575e-05,0.08599999999999852,-0.00031345270888072136,0.019870967741935485,-0.007501875468867381,-0.1162790697674438,-0.0004941575374229843
26,3,966181,0,200,17.96,0.05,2.98,20.299,0.05360575351421963,-2.5778820293550275e-05,0.08899999999999864,-0.00028964966621967047,0.0192258064516129,-0.0072490032620516134,-0.11235955056179942,0.001726348112587275
26,3,966227,0,200,17.96,0.05,2.98,20.345,0.05373978424321604,-2.3243446023895054e-05,0.08900000000000219,-0.0002611623148752189,0.0192258064516129,0.0,0.11235955056179493,-0.0016161556798688554
26,3,966270,0,200,17.85,0.06,2.98,20.388,0.0534619156587113,-2.0104121495679195e-05,0.08600000000000207,-0.00023376885460091524,0.0192258064516129,0.0,0.0,-0.0112515870059372
26,3,966313,0,200,17.85,0.05,2.98,20.431,0.05277214776070542,-1.750608833444822e-05,0.08599999999999852,-0.00020355916667963396,0.0192258064516129,0.0,-0.1162790697674438,-0.01471068976789799
26,3,966356,0,200,17.73,0.05,2.98,20.474,0.052196796338672094,-1.6471864427457737e-05,0.08799999999999741,-0.0001871802775847525,0.0192258064516129,0.0,0.11363636363636692,-0.005795120211596178
26,3,966401,0,200,17.73,0.06,2.98,20.519,0.05226217718208497,-1.7447350972664032e-05,0.08800000000000097,-0.0001982653519620891,0.0192258064516129,0.0,0.0,0.00241463342149829
26,3,966444,0,200,17.62,0.05,2.98,20.562,0.052409284079763946,-2.011080565315382e-05,0.08600000000000207,-0.00023384657736224806,0.0192258064516129,0.0,-0.116279069767439,-0.0021286786227448953
26,3,966487,0,200,17.62,0.05,2.98,20.605,0.05207911082052891,-2.352081611998047e-05,0.08599999999999852,-0.0002734978618602427,0.0192258064516129,0.0,0.0,-0.007108266115237544
26,3,966530,0,200,17.51,0.05,2.98,20.648,0.05179797319385353,-2.6536379160575497e-05,0.08699999999999974,-0.0003050158524204089,0.0192258064516129,-0.007415647015202093,0.0,0.010521055261842712
26,3,966574,0,200,17.51,0.05,2.88,20.692,0.05299444262830922,-2.8315811048134522e-05,0.08899999999999864,-0.0003181551803161231,0.01858064516129032,-0.007249003262051574,0.0,0.027437915746866014
26,3,966619,0,200,17.4,0.05,2.88,20.737,0.054239947695324565,-2.8646041920656006e-05,0.08800000000000097,-0.0003255232036438147,0.01858064516129032,0.0,0.0,0.018982733513625432
26,3,966662,0,200,17.4,0.05,2.88,20.78,0.054664923177508276,-2.7932479918327592e-05,0.0870000000000033,-0.00032106298756697166,0.01858064516129032,0.0,0.11494252873562777,0.00033817677627339456
26,3,966706,0,200,17.29,0.06,2.88,20.824,0.05426936907486035,-2.6874102625301432e-05,0.08699999999999974,-0.0003088977313253047,0.01858064516129032,0.0,0.11494252873563246,0.0018411846708224927
26,3,966749,0,200,17.29,0.06,2.88,20.867,0.05482510624386983,-2.6030073000320452e-05,0.08599999999999852,-0.00030267526744559185,0.01858064516129032,0.0,0.0,0.006994229760447699
26,3,966792,0,200,17.18,0.06,2.88,20.91,0.054870872834258844,-2.5526075263475166e-05,0.08599999999999852,-0.00029681482864506517,0.01858064516129032,0.0,-0.1162790697674438,0.001254399902689021
26,3,966835,0,200,17.18,0.05,2.88,20.953,0.054932984635501086,-2.5041166558727124e-05,0.08699999999999974,-0.0002878295006750253,0.01858064516129032,-0.007415647015202093,0.0,0.018036094734587414
26,3,966879,0,200,17.18,0.06,2.78,20.997,0.056440013076167944,-2.404937232038806e-05,0.08699999999999974,-0.000276429566901013,0.01793548387096774,0.0,0.11494252873563246,0.024461453483784087
26,3,966922,0,200,17.07,0.06,2.88,21.04,0.057061131088590296,-2.2168089586686256e-05,0.08599999999999852,-0.0002577684835661237,0.01858064516129032,0.0,0.0,0.010643393113724675
26,3,966965,0,200,17.07,0.06,2.78,21.083,0.05735534488394825,-1.9439032593296268e-05,0.08900000000000219,-0.00021841609655388528,0.01793548387096774,-0.007249003262051285,-0.11235955056179493,-0.0033425037924560614
26,3,967011,0,200,16.96,0.05,2.78,21.129,0.0567636482510617,-1.6415735940561226e-05,0.08900000000000219,-0.00018444647124225643,0.01793548387096774,0.0,-0.11235955056179493,-0.007199238937597629
26,3,967054,0,200,16.96,0.05,2.78,21.172,0.056714612618502046,-1.4009616197236952e-05,0.08599999999999852,-0.00016290251392136272,0.01793548387096774,0.0,0.0,-0.005321696556862337
26,3,967097,0,200,16.85,0.05,2.78,21.215,0.056305982347171546,-1.3139425930115412e-05,0.08599999999999852,-0.00015278402244320508,0.01793548387096774,0.0,0.1162790697674438,-0.013684362574788903
26,3,967140,0,200,16.85,0.06,2.78,21.258,0.05553775743707022,-1.432083771836412e-05,0.08699999999999974,-0.0001646073300961398,0.01793548387096774,0.0,0.11494252873563246,-0.017848218747768818
26,3,967184,0,200,16.85,0.06,2.78,21.302,0.05475318731611566,-1.7375833963702904e-05,0.08699999999999974,-0.00019972222946785005,0.01793548387096774,0.0,0.0,-0.014278574998215103
26,3,967227,0,200,16.74,0.06,2.78,21.345,0.05429552141222551,-2.1404951733364987e-05,0.08600000000000207,-0.0002488947875972613,0.01793548387096774,0.0,0.0,-0.006842181287394048
26,3,967270,0,200,16.74,0.06,2.78,21.388,0.05416475972539976,-2.5068439386173758e-05,0.08600000000000207,-0.00029149348123457154,0.01793548387096774,0.0,-0.116279069767439,-0.009731102275404949
26,3,967313,0,200,16.63,0.05,2.78,21.431,0.053458646616540664,-2.7097990439741705e-05,0.08699999999999974,-0.0003114711544797906,0.01793548387096774,-0.007415647015202093,-0.11494252873563246,-7.975740119433619e-17
26,3,967357,0,200,16.63,0.05,2.68,21.475,0.054164759725399754,-2.6840252936439325e-05,0.08699999999999974,-0.00030850865444183225,0.01729032258064516,-0.007415647015202093,0.0,0.009619250525113277
26,3,967400,0,200,16.52,0.05,2.68,21.518,0.05429552141222552,-2.457583735213298e-05,0.08899999999999864,-0.00027613300395655456,0.01729032258064516,0.0,0.11235955056179942,0.0066115459631002045
26,3,967446,0,200,16.52,0.06,2.68,21.564,0.05475318731611566,-2.1432708053942928e-05,0.08899999999999864,-0.00024081694442632873,0.01729032258064516,0.0,0.0,0.003820004334235629
26,3,967489,0,200,16.41,0.05,2.68,21.607,0.05463550179797248,-1.8910425968161616e-05,0.08599999999999852,-0.00021988867404839466,0.01729032258064516,0.0,-0.1162790697674438,0.0031930179341174347
26,3,967532,0,200,16.41,0.05,2.68,21.65,0.05502778685844976,-1.8229363133433375e-05,0.08600000000000207,-0.0002119693387608481,0.01729032258064516,0.0,0.0,0.004561454191596032
26,3,967575,0,200,16.41,0.05,2.68,21.693,0.05502778685844975,-1.979274052666158e-05,0.08699999999999974,-0.00022750276467427172,0.01729032258064516,0.0,0.11494252873563246,-0.000563627960455787
26,3,967619,0,200,16.3,0.06,2.68,21.737,0.054978751225890105,-2.29845815693821e-05,0.08699999999999974,-0.0002641905927515192,0.01729032258064516,0.0,0.11494252873563246,0.0022545118418234667
26,3,967662,0,200,16.19,0.06,2.68,21.78,0.05522392938868839,-2.6387608051547494e-05,0.08600000000000207,-0.00030683265176217276,0.01729032258064516,0.0,0.0,0.01562298060621659
26,3,967705,0,200,16.19,0.06,2.68,21.823,0.056322327558024764,-2.834646421795117e-05,0.08599999999999852,-0.0003296100490459495,0.01729032258064516,-0.007501875468867341,0.0,0.01885401065859803
26,3,967748,0,200,16.19,0.06,2.58,21.866,0.056845374305327795,-2.7657042319926717e-05,0.08699999999999974,-0.00031789703816007816,0.01664516129032258,-0.007415647015202093,-0.11494252873563246,0.011836187169572961
26,3,967792,0,200,16.08,0.05,2.58,21.91,0.05735207584177761,-2.4088419751817635e-05,0.08899999999999864,-0.0002706564017058203,0.01664516129032258,0.0,0.0,0.0073461621812225195
26,3,967837,0,200,16.08,0.06,2.58,21.955,0.05749918273945659,-1.8507174645890246e-05,0.08800000000000097,-0.00021030880279420503,0.01664516129032258,0.0,0.11363636363636233,-0.0007429641296917876
26,3,967880,0,200,15.97,0.06,2.58,21.998,0.05728669499836473,-1.2564023600924568e-05,0.0870000000000033,-0.00014441406437843785,0.01664516129032258,0.0,0.0,-0.005072651644102434
26,3,967924,0,200,15.97,0.06,2.58,22.042,0.05705786204641966,-8.100090769041835e-06,0.08699999999999974,-9.310449159818228e-05,0.01664516129032258,0.0,-0.11494252873563246,-0.005448403617739911
26,3,967967,0,200,15.97,0.05,2.58,22.085,0.05681268388362136,-6.515934695995096e-06,0.08599999999999852,-7.576668251157218e-05,0.01664516129032258,0.0,-0.1162790697674438,-0.009883150748458719
26,3,968010,0,200,15.86,0.05,2.58,22.128,0.056207911082052225,-8.312396827079293e-06,0.08599999999999852,-9.665577705906322e-05,0.01664516129032258,0.0,0.1162790697674438,-0.018245816766385203
26,3,968053,0,200,15.75,0.06,2.58,22.171,0.05524354364171226,-1.2927232432836445e-05,0.08699999999999974,-0.00014858887853835037,0.01664516129032258,0.0,0.11494252873563246,-0.01593188368221892
26,3,968097,0,200,15.75,0.06,2.58,22.215,0.05482183720169918,-1.8907225010808214e-05,0.08699999999999974,-0.0002173244254115893,0.01664516129032258,0.0,-0.11494252873563246,-0.009506524933022169
26,3,968140,0,200,15.75,0.05,2.58,22.258,0.05441647597253933,-2.437739073240497e-05,0.08599999999999852,-0.00028345803177215565,0.01664516129032258,0.0,0.0,-0.015356895778374102
26,3,968183,0,200,15.64,0.06,2.58,22.301,0.05350114416475903,-2.7683354196099685e-05,0.08900000000000219,-0.00031104892355167423,0.01664516129032258,-0.007249003262051285,0.0,-0.016161556798688866
26,3,968229,0,200,15.64,0.05,2.48,22.347,0.05297809741745599,-2.7995771011767535e-05,0.08900000000000219,-0.00031455922485131287,0.016,-0.007249003262051285,-0.11235955056179493,-0.011202897326363872
26,3,968272,0,200,15.53,0.05,2.48,22.39,0.052504086302712624,-2.5629449191509223e-05,0.08599999999999852,-0.00029801685106406586,0.016,0.0,0.0,-0.003953260299383391
26,3,968315,0,200,15.53,0.05,2.48,22.433,0.05263811703170902,-2.191438803058432e-05,0.08599999999999852,-0.00025481846547191505,0.016,0.0,0.1162790697674438,-0.002432775568851398
26,3,968358,0,200,15.42,0.06,2.48,22.476,0.05229486760379141,-1.8653902767273855e-05,0.08699999999999974,-0.00021441267548590702,0.016,0.0,0.0,0.0034193429600989033
26,3,968402,0,200,15.42,0.05,2.48,22.52,0.052935599869237626,-1.739818577373775e-05,0.08699999999999974,-0.00019997914682457244,0.016,0.0,-0.11494252873563246,-0.0007515039472744624
26,3,968445,0,200,15.31,0.05,2.48,22.563,0.05222948676037853,-1.8830289837522775e-05,0.08600000000000207,-0.00021895685857584093,0.016,0.0,0.0,-0.01547093213316347
26,3,968488,0,200,15.31,0.05,2.48,22.606,0.051605099705785536,-2.2494092455418e-05,0.08600000000000207,-0.0002615592145978774,0.016,0.0,0.0,-0.003459102761960344
26,3,968531,0,200,15.31,0.05,2.48,22.649,0.05193200392284993,-2.695564785067228e-05,0.08799999999999741,-0.00030631418012128493,0.016,0.0,0.0,0.01823976938393446
26,3,968576,0,200,15.2,0.05,2.48,22.694,0.05321019941157172,-3.033423621166964e-05,0.08999999999999986,-0.0003370470690185521,0.016,-0.007168458781362033,0.11111111111111123,0.013076168682575858
26,3,968621,0,200,15.2,0.06,2.38,22.739,0.05310885910428176,-3.09982848646233e-05,0.08800000000000097,-0.0003522532370979882,0.015354838709677418,-0.007331378299120169,0.11363636363636233,0.01485928259383591
26,3,968664,0,200,15.09,0.06,2.38,22.782,0.054517816279829295,-2.8146906855457398e-05,0.08599999999999852,-0.00032728961459834745,0.015354838709677418,0.0,-0.1162790697674438,0.023225404258877844
26,3,968707,0,200,15.09,0.05,2.38,22.825,0.05510624387054522,-2.2054030088626942e-05,0.08699999999999974,-0.00025349459871985066,0.015354838709677418,0.0,-0.11494252873563246,0.010521055261842792
26,3,968751,0,200,15.09,0.05,2.38,22.869,0.055433148087609616,-1.3926910086285992e-05,0.08699999999999974,-0.0001600794262791498,0.015354838709677418,0.0,0.11494252873563246,0.004509023683646774
26,3,968794,0,200,14.98,0.06,2.38,22.912,0.05549852893102249,-5.506035631878792e-06,0.08599999999999852,-6.402367013812658e-05,0.015354838709677418,0.0,0.0,0.008970859910139314
26,3,968837,0,200,14.98,0.05,2.38,22.955,0.05620464203988158,1.404431058911637e-06,0.08600000000000207,1.6330593708274456e-05,0.015354838709677418,0.0,0.0,0.007260314588290532
26,3,968880,0,200,14.98,0.06,2.38,22.998,0.05612291598561549,5.337017571936276e-06,0.0870000000000033,6.134502956248361e-05,0.015354838709677418,0.0,0.11494252873562777,-0.00450902368364667
26,3,968924,0,200,14.87,0.06,2.38,23.042,0.05581235697940431,5.436683305130696e-06,0.08699999999999974,6.249061270265186e-05,0.015354838709677418,0.0,0.0,-0.00976955131456825
26,3,968967,0,200,14.87,0.06,2.38,23.085,0.05527296502124805,1.6099030998550922e-06,0.08899999999999864,1.8088798874776593e-05,0.015354838709677418,0.0,-0.11235955056179942,-0.01469232436244496
26,3,969013,0,200,14.76,0.05,2.38,23.131,0.05450474011114673,-5.443855042730039e-06,0.08899999999999864,-6.116691059247328e-05,0.015354838709677418,0.0,0.0,-0.019834637889300694
26,3,969056,0,200,14.76,0.06,2.38,23.174,0.05350768224910032,-1.4323828130336836e-05,0.08599999999999852,-0.00016655614105043118,0.015354838709677418,0.0,0.0,-0.015356895778374183
26,3,969099,0,200,14.76,0.05,2.38,23.217,0.05318404707420657,-2.316316900337512e-05,0.08600000000000207,-0.00026933917445784374,0.015354838709677418,0.0,-0.116279069767439,-0.005815854094285001
26,3,969142,0,200,14.65,0.05,2.38,23.26,0.053007518796991795,-3.0016823801867433e-05,0.08699999999999974,-0.00034502096323985656,0.015354838709677418,0.0,0.0,-0.012362239932665125
26,3,969186,0,200,14.65,0.05,2.38,23.304,0.05210853220006471,-3.3356145502693394e-05,0.08699999999999974,-0.00038340397129532747,0.015354838709677418,-0.007415647015202093,0.0,-0.02254511841823427
26,3,969229,0,200,14.65,0.05,2.28,23.347,0.05104609349460542,-3.253615972077162e-05,0.08600000000000207,-0.0003783274386136143,0.014709677419354838,-0.007501875468867031,0.0,-0.016117138143639635
26,3,969272,0,200,14.54,0.05,2.28,23.39,0.050722458319711665,-2.804175927153718e-05,0.08599999999999852,-0.0003260669682736938,0.014709677419354838,0.0,0.0,-0.015546956369690753
26,3,969315,0,200,14.54,0.05,2.28,23.433,0.04970905524681204,-2.1368267134518783e-05,0.08699999999999974,-0.0002456122659140097,0.014709677419354838,0.0,0.0,-0.014428875787669836
26,3,969359,0,200,14.43,0.05,2.28,23.477,0.04946714612618439,-1.4552782236371798e-05,0.08899999999999864,-0.00016351440715024743,0.014709677419354838,0.0,0.0,-0.002681349196146143
26,3,969404,0,200,14.43,0.05,2.28,23.522,0.049470415168355035,-9.536805453475238e-06,0.08800000000000097,-0.0001083727892440356,0.014709677419354838,0.0,0.0,0.003231893964159296
26,3,969447,0,200,14.43,0.05,2.28,23.565,0.049751552795030414,-7.596080626702139e-06,0.0870000000000033,-8.731127157128565e-05,0.014709677419354838,0.0,0.0,-0.0003381767762734743
26,3,969491,0,200,14.32,0.05,2.28,23.609,0.04944099378881924,-9.015072120685642e-06,0.08699999999999974,-0.0001036215186285709,0.014709677419354838,0.0,0.0,0.002855714999643037
26,3,969534,0,200,14.21,0.05,2.28,23.652,0.04999999999999936,-1.3080108927561619e-05,0.08699999999999974,-0.0001503460796271455,0.014709677419354838,0.0,0.0,0.006425358749196752
26,3,969578,0,200,14.21,0.05,2.28,23.696,0.04999999999999936,-1.83678447981781e-05,0.09099999999999753,-0.00020184444833163295,0.014709677419354838,0.0,0.0,0.0
26,3,969625,0,200,14.21,0.05,2.28,23.743,0.04999999999999936,-2.3221924694927674e-05,0.08999999999999986,-0.0002580213854991968,0.014709677419354838,-0.007168458781361994,0.0,0.0
26,3,969668,0,200,14.1,0.05,2.18,23.786,0.04999999999999936,-2.6246007617150457e-05,0.08699999999999974,-0.00030167824847299467,0.01406451612903226,-0.007415647015202073,0.0,0.0
26,3,969712,0,200,14.1,0.05,2.18,23.83,0.04999999999999936,-2.6636828041477488e-05,0.08699999999999974,-0.00030617043725836285,0.01406451612903226,0.007415647015202073,0.0,0.0
26,3,969755,0,200,14.1,0.05,2.28,23.873,0.04999999999999936,-2.4276686594845387e-05,0.08900000000000219,-0.0002727717594926381,0.014709677419354838,0.0,0.0,0.0
26,3,969801,0,200,14.1,0.05,2.18,23.919,0.04999999999999936,-1.9644827128961318e-05,0.08899999999999864,-0.00022072839470743392,0.01406451612903226,-0.0072490032620515545,0.0,0.0
26,3,969844,0,200,13.99,0.05,2.18,23.962,0.04999999999999936,-1.3661388954005815e-05,0.08599999999999852,-0.0001588533599303029,0.01406451612903226,0.0,0.0,0.0
26,3,969887,0,200,13.99,0.05,2.18,24.005,0.04999999999999936,-7.514456893112698e-06,0.08699999999999974,-8.637306773692781e-05,0.01406451612903226,0.0,0.0,0.0
26,3,969931,0,200,13.88,0.05,2.18,24.049,0.04999999999999936,-2.45422258304373e-06,0.08699999999999974,-2.8209454977514225e-05,0.01406451612903226,0.0,0.0,0.0
26,3,969974,0,200,13.88,0.05,2.18,24.092,0.04999999999999936,4.491754931796876e-07,0.08600000000000207,5.222970850926474e-06,0.01406451612903226,0.0,0.0,0.0
26,3,970017,0,200,13.77,0.05,2.18,24.135,0.04999999999999936,5.414442241584716e-07,0.08699999999999974,6.223496829407738e-06,0.01406451612903226,0.0,0.0,-0.006425358749196752
26,3,970061,0,200,13.88,0.05,2.18,24.179,0.04944099378881924,-2.2456424036705336e-06,0.08699999999999974,-2.581198165138552e-05,0.01406451612903226,0.0,0.0,-0.002855714999643037
26,3,970104,0,200,13.77,0.05,2.18,24.222,0.049751552795030414,-7.337848671286729e-06,0.08600000000000207,-8.532382175914594e-05,0.01406451612903226,0.0,0.0,0.006842181287394129
26,3,970147,0,200,13.66,0.05,2.18,24.265,0.05002942137953515,-1.3609737752166229e-05,0.08699999999999974,-0.00015643376726627895,0.01406451612903226,0.0,0.0,0.006012031578195699
26,3,970191,0,200,13.66,0.05,2.18,24.309,0.05027459954233344,-1.9640135982515794e-05,0.08899999999999864,-0.00022067568519681005,0.01406451612903226,0.0,0.0,0.005142313526855733
26,3,970236,0,200,13.66,0.05,2.18,24.354,0.050487087283425304,-2.4112625492370032e-05,0.08899999999999864,-0.00027092837631876855,0.01406451612903226,0.0,0.0,0.005349341733788507
26,3,970280,0,200,13.66,0.05,2.18,24.398,0.05075069095664061,-2.627605078279416e-05,0.08699999999999974,-0.0003020235722160257,0.01406451612903226,-0.007415647015202113,0.0,0.005855088708406391
26,3,970323,0,200,13.55,0.05,2.08,24.441,0.05099648000105666,-2.6298839069753834e-05,0.08600000000000207,-0.0003058004542994558,0.013419354838709678,-0.007501875468867051,0.0,0.005308641889983924
26,3,970366,0,200,13.55,0.05,2.08,24.484,0.05120723415917924,-2.5316271021000868e-05,0.08800000000000097,-0.0002876848979659158,0.013419354838709678,0.0,0.0,0.004196058777918516
26,3,970411,0,200,13.44,0.05,2.08,24.529,0.05136573317351349,-2.5057486133724273e-05,0.08799999999999741,-0.00028474416061051146,0.013419354838709678,0.0,0.0,0.0028127571293788465
26,3,970454,0,200,13.44,0.05,2.08,24.572,0.05145475678656457,-2.7142036162036475e-05,0.08599999999999852,-0.0003156050716515923,0.013419354838709678,0.0,0.1162790697674438,0.0010622275270246078
26,3,970497,0,200,13.44,0.06,2.08,24.615,0.05145708474083761,-3.2330429646771466e-05,0.08699999999999974,-0.0003716141338709375,0.013419354838709678,0.0,0.0,-0.0011409196290438658
26,3,970541,0,200,13.33,0.05,2.08,24.659,0.05135549677883775,-4.006903372406567e-05,0.0870000000000033,-0.00046056360602372593,0.013419354838709678,0.0,-0.11494252873562777,-0.003727725261694813
26,3,970584,0,200,13.33,0.05,2.08,24.702,0.051132772643070146,-4.8562761345435576e-05,0.09600000000000009,-0.0005058620973482868,0.013419354838709678,0.0,0.0,-0.006081298987477288
26,3,970637,0,200,13.33,0.05,2.08,24.755,0.05077169207603993,-5.539664934400146e-05,0.09599999999999653,-0.0005770484306667026,0.013419354838709678,-0.006720430107527138,0.0,-0.009143102321020056
26,3,970680,0,200,13.22,0.05,1.98,24.798,0.05025503482025225,0.0,0.0,0.0,0.012774193548387096,0.0,0.0,0.0
