MS,MPT,t (ms),PWMi,PWMe,Pressure (Psi),LW raw(V),Displacement (mm),t_rel(s),LW (V),delta d (m),delta t (s),vel (m/s),strain,strain rate (1/s),dv/dt raw,dv/dt
26,1,895804,0,205,13.11,0.05,1.98,0.0,-0.024904009034443373,0.0,0.0,0.0,0.0,0.0,0.0,0.0
26,1,895845,255,0,13.11,0.05,1.98,0.041,0.03900056465273889,0.00275647253659304,0.083,0.033210512489072766,0.012774193548387096,0.007773027594247975,0.0,1.5051038950297286
26,1,895887,255,0,16.19,0.05,2.08,0.083,0.10001961425302411,0.0031754602801435396,0.08299999999999999,0.03825855759209084,0.013419354838709678,0.17800233190827827,0.3614457831325302,1.4332798518511607
26,1,895928,255,0,32.71,0.08,4.27,0.124,0.15796279235638522,0.003713643646002436,0.082,0.04528833714637117,0.02754838709677419,0.46105428796223447,1.219512195121951,1.3734163085337936
26,1,895969,255,0,47.8,0.15,7.94,0.165,0.2126397515527952,0.004193415522719564,0.08299999999999999,0.0505230785869827,0.051225806451612906,0.5627671978235522,1.927710843373494,1.2758717117571294
26,1,896011,255,0,57.93,0.24,11.51,0.207,0.26386014443222694,0.004457277762544764,0.08299999999999999,0.0537021417174068,0.07425806451612903,0.5013602798289936,2.168674698795181,1.1902876148416663
26,1,896052,255,0,64.76,0.33,14.39,0.248,0.3114336235846535,0.0044138922845266765,0.08199999999999999,0.05382795468934972,0.09283870967741936,0.37450826121164454,2.073170731707317,1.1135328922904975
26,1,896093,255,0,69.49,0.41,16.27,0.289,0.3551698416000477,0.0040573023718892195,0.08500000000000002,0.04773296908104963,0.10496774193548387,0.24819734345351036,1.4117647058823526,0.981703852749754
26,1,896137,255,0,73.13,0.45,17.66,0.333,0.3948784510683826,0.0034571222162218815,0.08500000000000002,0.0406720260731986,0.11393548387096775,0.18064516129032243,0.7058823529411763,0.8846972115245104
26,1,896178,255,0,75.88,0.47,18.65,0.374,0.4303691045796311,0.0027284711507243637,0.08299999999999996,0.032873146394269456,0.12032258064516128,0.13913719393703852,0.4819277108433735,0.8020843813900886
26,1,896220,255,0,78.08,0.49,19.45,0.416,0.4614514547237599,0.0019953169783347314,0.08300000000000002,0.024039963594394347,0.12548387096774194,0.10804508356004663,0.36144578313253034,0.7332142919801689
26,1,896261,255,0,79.96,0.5,20.04,0.457,0.49122589081398516,0.0013594734652493975,0.08200000000000002,0.01657894469816338,0.12929032258064516,0.09362706530291101,0.1219512195121952,0.6303271434152643
26,1,896302,255,0,81.61,0.5,20.64,0.498,0.5131382804838116,0.0008824038364923652,0.08200000000000002,0.010761022396248354,0.13316129032258064,0.0778914240755311,0.1219512195121952,0.41983272072014005
26,1,896343,255,0,83.04,0.51,21.03,0.539,0.5256521739130366,0.0005812801624714688,0.08299999999999996,0.007003375451463482,0.1356774193548387,0.06140691799455904,0.24096385542168708,0.1956698976356527
26,1,896385,255,0,84.36,0.52,21.43,0.581,0.5293788819875708,0.00043647421867908776,0.08199999999999996,0.005322856325354731,0.13825806451612904,0.055074744295830085,0.12195121951219529,0.04018529887815954
26,1,896425,255,0,85.68,0.52,21.73,0.621,0.5289473684210457,0.0004055378329467842,0.08200000000000007,0.004945583328619316,0.14019354838709677,0.055074744295829675,0.0,-0.04249754821837081
26,1,896467,255,0,86.89,0.52,22.13,0.663,0.5258940830336644,0.00043854730818183895,0.08999999999999997,0.004872747868687101,0.14277419354838708,0.04946236559139803,0.0,-0.05695397915077439
26,1,896515,255,0,88.22,0.52,22.42,0.711,0.523821510297476,0.0004907969197008164,0.08899999999999997,0.0055145721314698495,0.1446451612903226,0.04276911924610389,0.0,-0.034380039008120616
26,1,896556,255,0,89.21,0.52,22.72,0.752,0.5228342595619416,0.0005305755266154932,0.08100000000000007,0.006550315143401145,0.14658064516129032,0.039824771007566775,0.0,-0.008434935971167056
26,1,896596,255,0,90.2,0.52,22.92,0.792,0.5231382804838115,0.000541600730481683,0.08099999999999996,0.006686428771378806,0.1478709677419355,0.03185981680605353,0.0,0.00415693016760825
26,1,896637,255,0,91.08,0.52,23.12,0.833,0.5231709709055179,0.0005211570292521692,0.08299999999999996,0.006279000352435777,0.14916129032258066,0.031092110376991663,0.0,0.00382044687412515
26,1,896679,255,0,91.85,0.52,23.32,0.875,0.5234553775743639,0.00047576799033418026,0.08300000000000007,0.005732144461857588,0.1504516129032258,0.030314807617567,0.0,-0.0006301768039792123
26,1,896720,255,0,92.73,0.52,23.51,0.916,0.5231186662307876,0.0004162652699296387,0.08199999999999996,0.005076405730849255,0.15167741935483872,0.030684500393391028,0.0,-0.01279710410703265
26,1,896761,255,0,93.39,0.52,23.71,0.957,0.5224060150375872,0.00035361634960003486,0.08199999999999996,0.0043123945073175,0.15296774193548388,0.03147128245475986,0.12195121951219529,-0.01215924222007808
26,1,896802,255,0,94.16,0.53,23.91,0.998,0.5221216083687412,0.00029619552993298727,0.08199999999999996,0.003612140608938871,0.15425806451612903,0.01573564122737993,0.0,0.0016743874532567603
26,1,896843,255,0,94.71,0.52,23.91,1.039,0.5225433148087543,0.00024861876063542355,0.08499999999999996,0.0029249265957108665,0.15425806451612903,0.015180265654648872,0.0,0.01784512431974992
26,1,896887,255,0,95.26,0.53,24.11,1.083,0.52363844393592,0.00021190052697593842,0.08500000000000019,0.0024929473761875053,0.15554838709677418,0.030360531309297663,0.0,0.01649904813183758
26,1,896928,255,0,95.82,0.52,24.31,1.124,0.5239457338999605,0.00018447145963541088,0.08200000000000007,0.0022496519467733013,0.15683870967741934,0.015735641227379908,0.0,0.008491536370087264
26,1,896969,255,0,96.15,0.53,24.31,1.165,0.5243347499182671,0.00016349842376742175,0.08199999999999985,0.0019938832166758787,0.15683870967741934,0.007867820613690313,0.0,0.010086191087475067
26,1,897010,255,0,96.37,0.52,24.41,1.206,0.5247728015691334,0.00014603481090452063,0.08299999999999996,0.0017594555530665145,0.15748387096774194,0.015546055188496166,-0.12048192771084354,0.017487406310433197
26,1,897052,255,0,96.7,0.52,24.51,1.248,0.5257862046420331,0.00012976801128559146,0.08299999999999996,0.0015634700154890544,0.15812903225806452,0.007773027594247916,0.0,0.020480746129336466
26,1,897093,255,0,96.81,0.52,24.51,1.289,0.5264727034978683,0.0001133592779371959,0.08200000000000007,0.0013824302187462902,0.15812903225806452,0.007867820613689954,0.12195121951219512,0.012757237739098141
26,1,897134,255,0,96.92,0.53,24.61,1.33,0.5268322981366391,9.647496120727439e-05,0.08200000000000007,0.0011765239171618817,0.1587741935483871,0.007867820613689954,0.12195121951219512,-0.0020331847646698873
26,1,897175,255,0,96.92,0.53,24.61,1.371,0.5263059823471654,7.961188015625709e-05,0.08199999999999985,0.0009708765872714297,0.1587741935483871,0.007867820613689975,0.0,-0.01303630231464097
26,1,897216,255,0,97.03,0.53,24.71,1.412,0.5257633213468386,6.378878298088608e-05,0.08499999999999996,0.000750456270363366,0.15941935483870967,0.007590132827324436,0.0,-0.0027306116954790454
26,1,897260,255,0,97.03,0.53,24.71,1.456,0.5260738803530497,5.0157696619198335e-05,0.08500000000000019,0.0005900905484611555,0.15941935483870967,0.0,-0.11764705882352926,0.0001538372786178015
26,1,897301,255,0,97.03,0.52,24.71,1.497,0.5257763975155211,3.961255069388514e-05,0.08200000000000007,0.00048307988651079395,0.15941935483870967,0.0,0.0,0.009567928304323944
26,1,897342,255,0,97.03,0.53,24.71,1.538,0.5268584504740043,3.2514715405504545e-05,0.08199999999999985,0.00039652091957932445,0.15941935483870967,0.0,0.12195121951219545,0.014790422503766715
26,1,897383,255,0,97.03,0.53,24.71,1.579,0.52698921216083,2.864001874512212e-05,0.08299999999999996,0.00034506046680870037,0.15941935483870967,0.006995724834823291,0.0,0.009295107858698077
26,1,897425,255,0,97.03,0.53,24.8,1.621,0.5276299444262762,2.7342330695947937e-05,0.08299999999999996,0.00032942567103551746,0.16,0.006995724834823291,-0.12048192771084354,-0.002363163014922718
26,1,897466,255,0,97.03,0.52,24.8,1.662,0.5267930696305914,2.7801740429033827e-05,0.08200000000000007,0.0003390456149882171,0.16,0.0,-0.12195121951219512,-0.021009575901577104
26,1,897507,255,0,97.03,0.52,24.8,1.703,0.5259071592023469,2.9204869935362865e-05,0.08200000000000007,0.00035615695043125415,0.16,0.0,0.0,-0.02260423061896488
26,1,897548,255,0,97.03,0.52,24.8,1.744,0.5249395227198362,3.081413782876296e-05,0.08199999999999985,0.00037578216864345143,0.16,0.0,0.12195121951219545,-0.007175946228242301
26,1,897589,255,0,97.03,0.53,24.8,1.785,0.525318731611631,3.200547055608638e-05,0.08499999999999996,0.00037653494771866346,0.16,0.0,0.11764705882352956,0.0013845355075680539
26,1,897633,255,0,97.03,0.53,24.8,1.829,0.5250572082379795,3.236323874596181e-05,0.08500000000000019,0.0003807439852466087,0.16,0.007590132827324416,0.0,0.003499798088571964
26,1,897674,255,0,97.03,0.53,24.9,1.87,0.5256162144491596,3.181398087534859e-05,0.08200000000000007,0.000387975376528641,0.16064516129032258,0.007867820613689954,0.0,0.013036302314640934
26,1,897715,255,0,97.03,0.53,24.9,1.911,0.5261261850277801,3.06735436981036e-05,0.08199999999999985,0.0003740676060744348,0.16064516129032258,0.0,-0.12195121951219545,-0.005581291510855875
26,1,897756,255,0,97.03,0.52,24.9,1.952,0.5251585485452694,2.9497354243286366e-05,0.08200000000000007,0.00035972383223519926,0.16064516129032258,0.0,-0.12195121951219512,-0.006378618869549747
26,1,897797,255,0,96.92,0.52,24.9,1.993,0.525603138280477,2.876580750359281e-05,0.08300000000000018,0.0003465759940191897,0.16064516129032258,0.0,0.0,0.0037810608238766064
26,1,897839,255,0,97.03,0.52,24.9,2.035,0.5254723765936512,2.8581343930223825e-05,0.08299999999999996,0.00034435354132799804,0.16064516129032258,0.0,0.12048192771084354,0.0007877210049746853
26,1,897880,255,0,96.92,0.53,24.9,2.076,0.5256685191238899,2.8571562478877157e-05,0.08199999999999985,0.0003484336887667952,0.16064516129032258,0.0,0.12195121951219545,0.004584632312488174
26,1,897921,255,0,96.92,0.53,24.9,2.117,0.5258483164432752,2.8068755712492787e-05,0.08099999999999996,0.00034652784830238023,0.16064516129032258,0.007964954201513297,0.0,-0.0069013112491370645
26,1,897961,255,0,96.92,0.53,25.0,2.157,0.5251095129127098,2.645773256658046e-05,0.08499999999999996,0.00031126744195977027,0.16129032258064516,0.007590132827324436,-0.11764705882352956,-0.011383958617770893
26,1,898006,255,0,96.92,0.52,25.0,2.202,0.5248806799607647,2.3469175148932208e-05,0.08499999999999996,0.0002761079429286143,0.16129032258064516,0.0,0.0,0.0006153491144738199
26,1,898046,255,0,97.03,0.53,25.0,2.242,0.5251618175874401,1.9233848769427907e-05,0.08099999999999996,0.000237454923079357,0.16129032258064516,0.0,0.0,-0.00016143418126696524
26,1,898087,255,0,96.92,0.52,25.0,2.283,0.5248676037920821,1.4091687710617861e-05,0.08199999999999985,0.00017184985012948643,0.16129032258064516,0.0,-0.12195121951219545,-0.0031893094347742053
26,1,898128,255,0,96.92,0.52,25.0,2.324,0.5249002942137886,8.340343909015501e-06,0.0820000000000003,0.00010171151108555452,0.16129032258064516,-0.007867820613689932,0.12195121951219479,0.004783964152163313
26,1,898169,255,0,96.92,0.53,24.9,2.365,0.5252598888525595,2.1674284401491663e-06,0.0820000000000003,2.643205414816047e-05,0.16064516129032258,0.0,0.0,0.0017541201891257358
26,1,898210,255,0,96.92,0.52,25.0,2.406,0.5250441320692969,-4.108820670015945e-06,0.08299999999999974,-4.950386349416816e-05,0.16129032258064516,0.0077730275942479365,0.0,-0.005789749386562548
26,1,898252,255,0,96.92,0.53,25.0,2.448,0.5247793396534748,-9.59728585812769e-06,0.08299999999999974,-0.00011562995009792435,0.16129032258064516,0.0,0.12048192771084386,-0.0006301768039792149
26,1,898293,255,0,96.92,0.53,25.0,2.489,0.5249918273945666,-1.2490627886947436e-05,0.08199999999999985,-0.00015232473032862756,0.16129032258064516,0.0,-0.12195121951219545,0.01100311754997243
26,1,898334,255,0,96.92,0.52,25.0,2.53,0.5256815952925725,-1.013969099725287e-05,0.08400000000000007,-0.0001207106071101531,0.16129032258064516,0.0,0.0,0.009184451812761181
26,1,898377,255,0,96.92,0.53,25.0,2.573,0.5257633213468386,2.921499418135909e-07,0.08500000000000041,3.4370581389834057e-06,0.16129032258064516,0.0,0.0,0.005384304751647855
26,1,898419,255,0,96.92,0.52,25.0,2.615,0.5261392611964626,2.064122941182589e-05,0.08300000000000018,0.00024868951098585353,0.16129032258064516,0.00777302759424823,-0.1204819277108432,0.008468000803474835
26,1,898460,255,0,96.81,0.52,25.1,2.656,0.526466165413527,5.0240617015951726e-05,0.08199999999999985,0.0006126904514140466,0.16193548387096776,0.007867820613690313,0.12195121951219545,0.014192426984747989
26,1,898501,255,0,96.92,0.53,25.1,2.697,0.5273030402092119,8.447548390947901e-05,0.08199999999999985,0.00103018882816438,0.16193548387096776,-0.007867820613690313,0.12195121951219545,0.009209130992912193
26,1,898542,255,0,96.92,0.53,25.0,2.738,0.5272213141549458,0.00011393825683445513,0.08199999999999985,0.001389490937005553,0.16129032258064516,0.0,0.0,-0.006378618869551119
26,1,898583,255,0,96.92,0.53,25.1,2.779,0.5267799934619087,0.00012480751143704083,0.08199999999999985,0.0015220428224029397,0.16193548387096776,0.007867820613690313,0.0,-0.004146102265207415
26,1,898624,255,0,96.81,0.53,25.1,2.82,0.5268813337691988,0.00010089147030859636,0.08300000000000018,0.001215559883236098,0.16193548387096776,0.0,0.0,-0.001496669909449624
26,1,898666,255,0,96.92,0.53,25.1,2.862,0.5266557698594244,2.727866539433066e-05,0.08300000000000018,0.0003286586192088024,0.16193548387096776,0.0,-0.1204819277108432,0.004490009728354223
26,1,898707,255,0,96.81,0.52,25.1,2.903,0.5272540045766522,-0.00010511128106417189,0.08400000000000007,-0.0012513247745734738,0.16193548387096776,0.0,-0.11904761904761904,0.01447718675570828
26,1,898750,255,0,96.92,0.52,25.1,2.946,0.5278718535469039,-0.00029535385914103787,0.08400000000000007,-0.0035161173707266382,0.16193548387096776,0.0,0.11904761904761904,0.0016734382540213508
26,1,898791,0,200,96.92,0.53,25.1,2.987,0.52739457338999,-0.0005302792532641157,0.08299999999999974,-0.0063889066658327385,0.16193548387096776,-0.007773027594248271,0.12048192771084386,-0.01638459690346761
26,1,898833,0,200,93.39,0.53,25.0,3.029,0.5265119320039161,-0.000785461809781765,0.08299999999999974,-0.009463395298575511,0.16129032258064516,-0.06140691799455954,-0.12048192771084386,-0.028318570128832186
26,1,898874,0,200,87.56,0.52,24.31,3.07,0.5250441320692969,-0.0010297622675512629,0.0820000000000003,-0.01255807643355194,0.15683870967741934,-0.10936270653029057,-0.12195121951219479,-0.04891603345585627
26,1,898915,0,200,82.38,0.52,23.61,3.111,0.5225008172605359,-0.0012323019465044,0.0820000000000003,-0.015028072518346286,0.1523225806451613,-0.1172305271439805,0.0,-0.06554030888461762
26,1,898956,0,200,78.08,0.52,22.82,3.152,0.5196698267407582,-0.0013695920337919035,0.08199999999999985,-0.016702341875511048,0.1472258064516129,-0.12431156569630228,0.0,-0.07997193407697427
26,1,898997,0,200,74.45,0.52,22.03,3.193,0.515943118666224,-0.0014304235240254677,0.08299999999999974,-0.017234018361752677,0.14212903225806453,-0.11581811115429509,0.0,-0.10078890258648068
26,1,899039,0,200,71.48,0.52,21.33,3.235,0.5113043478260804,-0.0014171204255185828,0.08299999999999974,-0.017073740066489002,0.13761290322580644,-0.10027205596579922,-0.12048192771084386,-0.12256938837402283
26,1,899080,0,200,68.94,0.51,20.74,3.276,0.5057698594311801,-0.0013432368334521491,0.08400000000000007,-0.015990914683954142,0.13380645161290322,-0.09139784946236545,-0.23809523809523808,-0.13519824405734734
26,1,899123,0,200,66.74,0.5,20.14,3.319,0.4999476953252632,-0.0012289563992063464,0.08400000000000007,-0.014630433323885063,0.12993548387096773,-0.09139784946236545,-0.23809523809523808,-0.1688226778125424
26,1,899164,0,200,64.87,0.49,19.55,3.36,0.49158875449492656,-0.0010959012769624187,0.08199999999999985,-0.013364649719053911,0.12612903225806452,-0.07789142407553126,-0.2439024390243909,-0.21599598147011018
26,1,899205,0,200,63.22,0.48,19.15,3.401,0.4822360248447142,-0.0009628107541850568,0.08300000000000018,-0.011600129568494634,0.12354838709677418,-0.06995724834823155,-0.1204819277108432,-0.2183562625789165
26,1,899247,0,200,61.79,0.48,18.65,3.443,0.47346518470087645,-0.0008429243578582515,0.08300000000000018,-0.01015571515491867,0.12032258064516128,-0.06917994558880644,-0.24096385542168575,-0.2261153144779144
26,1,899288,0,200,60.68,0.46,18.26,3.484,0.46346845374304724,-0.0007432281227813177,0.08199999999999985,-0.009063757594894136,0.11780645161290323,-0.06215578284815114,-0.3658536585365857,-0.2561812803482704
26,1,899329,0,200,59.47,0.45,17.86,3.525,0.4524583197123183,-0.0006651983466672498,0.08099999999999996,-0.008212325267496915,0.1152258064516129,-0.055754679410593595,-0.24691358024691393,-0.274841693605992
26,1,899369,0,200,58.59,0.44,17.56,3.565,0.4412062765609619,-0.0006064075146431342,0.08099999999999996,-0.0074865125264584505,0.11329032258064516,-0.04778972520907995,-0.24691358024691393,-0.2846891786632399
26,1,899410,0,200,57.71,0.43,17.26,3.606,0.4293984962405959,-0.0005623544851741329,0.08300000000000018,-0.006775355243061827,0.11135483870967743,-0.04586086280606291,-0.2409638554216864,-0.27739595190175115
26,1,899452,0,200,57.05,0.42,16.97,3.648,0.4181824125531165,-0.0005280486815568218,0.08499999999999996,-0.006212337430080259,0.10948387096774193,-0.044781783681214334,-0.23529411764705913,-0.25367767244197137
26,1,899495,0,200,56.28,0.41,16.67,3.691,0.40783589408302834,-0.0004990885235728975,0.08400000000000007,-0.0059415300425344885,0.10754838709677421,-0.038402457757296365,-0.3571428571428565,-0.24969255436728113
26,1,899536,0,200,55.73,0.39,16.47,3.732,0.39720823798626487,-0.00047217425795192724,0.0820000000000003,-0.005758222657950312,0.10625806451612903,-0.031471282454760066,-0.2439024390243889,-0.25243384176240863
26,1,899577,0,200,55.18,0.39,16.27,3.773,0.38713631905851076,-0.00044517958982006435,0.08199999999999985,-0.005429019388049575,0.10496774193548387,-0.031471282454760066,-0.12195121951219545,-0.24649375294014164
26,1,899618,0,200,54.63,0.38,16.07,3.814,0.3769957502451733,-0.0004170222856169321,0.08299999999999974,-0.005024364886951005,0.1036774193548387,-0.03031480761756712,-0.36144578313253156,-0.23548919443711144
26,1,899660,0,200,54.19,0.36,15.88,3.856,0.36759071592023057,-0.0003875383002093322,0.08299999999999974,-0.004669136147100403,0.10245161290322581,-0.03808783521181506,-0.24096385542168772,-0.2148115180565329
26,1,899701,0,200,53.75,0.36,15.58,3.897,0.3591663942464811,-0.0003573913432687625,0.0820000000000003,-0.004358431015472698,0.10051612903225807,-0.0314712824547599,-0.12195121951219479,-0.20834163882664947
26,1,899742,0,200,53.42,0.35,15.48,3.938,0.35050670153644525,-0.0003278925859609139,0.0820000000000003,-0.003998690072694057,0.09987096774193549,-0.023603461841069966,-0.2439024390243889,-0.1982554477391758
26,1,899783,0,200,53.09,0.34,15.28,3.979,0.34290944753186864,-0.00030061573495778583,0.0819999999999994,-0.0036660455482657073,0.09858064516129032,-0.02360346184107022,-0.12195121951219544,-0.17433562697836721
26,1,899824,0,200,52.65,0.34,15.18,4.02,0.33621118012421924,-0.0002768610738326664,0.08499999999999996,-0.003257189103913724,0.09793548387096775,-0.015180265654649035,-0.11764705882352956,-0.15552948868334288
26,1,899868,0,200,52.31,0.33,15.08,4.064,0.3296894409937845,-0.0002571884922126202,0.08500000000000085,-0.0030257469672072663,0.09729032258064516,-0.015180265654648875,-0.23529411764705668,-0.14964521277618295
26,1,899909,0,200,52.09,0.32,14.98,4.105,0.32349133703824356,-0.00024125389299577016,0.08199999999999985,-0.002942120646289885,0.09664516129032258,-0.023603461841070095,-0.12195121951219545,-0.13901402498823764
26,1,899950,0,200,51.87,0.32,14.78,4.146,0.31829029094474903,-0.00022802627902000693,0.08199999999999985,-0.002780808280731797,0.09535483870967741,-0.023603461841070095,-0.12195121951219545,-0.13530645277031236
26,1,899991,0,200,51.54,0.31,14.68,4.187,0.31239620791107797,-0.00021624969160026098,0.08199999999999985,-0.0026371913609787973,0.09470967741935483,-0.014948859166010952,-0.12195121951219545,-0.13379153078879424
26,1,900032,0,200,51.32,0.31,14.59,4.228,0.3073193854200679,-0.00020490619735943837,0.0829999999999993,-0.0024687493657763867,0.09412903225806452,-0.014768752429071158,-0.1204819277108445,-0.11863078334915271
26,1,900074,0,200,51.1,0.3,14.49,4.27,0.3025498528930984,-0.00019349625561643612,0.08300000000000018,-0.0023312801881498276,0.09348387096774194,-0.01554605518849579,-0.1204819277108432,-0.1218998255197951
26,1,900115,0,200,50.99,0.3,14.39,4.311,0.2972016999019249,-0.00018208816075949841,0.08200000000000074,-0.0022205873263353264,0.09283870967741936,-0.015735641227379946,0.0,-0.1134596831421049
26,1,900156,0,200,50.77,0.3,14.29,4.352,0.2932461588754457,-0.00017117725179654464,0.08199999999999985,-0.002087527460933475,0.09219354838709677,-0.01573564122738012,-0.12195121951219545,-0.09751313596823376
26,1,900197,0,200,50.55,0.29,14.19,4.393,0.28920562275252976,-0.0001614255154741997,0.08499999999999996,-0.0018991237114611738,0.0915483870967742,-0.007590132827324436,-0.2352941176470585,-0.09007172663115469
26,1,900241,0,200,50.33,0.28,14.19,4.437,0.28559006211179755,-0.0001533769687459312,0.08499999999999996,-0.0018044349264227208,0.0915483870967742,-0.007590132827324436,-0.11764705882352891,-0.08722573697671164
26,1,900282,0,200,50.22,0.28,14.09,4.478,0.28179143510950927,-0.00014726257063097493,0.0829999999999993,-0.001774247838927424,0.09090322580645162,-0.015546055188496125,0.0,-0.09058791557206211
26,1,900324,0,200,50.0,0.28,13.99,4.52,0.27807126511931646,-0.00014296433503611006,0.08300000000000018,-0.0017224618679049365,0.09025806451612903,-0.015546055188495958,-0.1204819277108432,-0.0833408823262962
26,1,900365,0,200,49.89,0.27,13.89,4.561,0.27487414187642667,-0.0001401060684429787,0.08200000000000074,-0.0017086105907680174,0.08961290322580645,-0.00786782061368989,-0.12195121951219413,-0.07299531968840296
26,1,900406,0,200,49.67,0.27,13.89,4.602,0.27208564890486736,-0.00013817421935330643,0.08199999999999985,-0.0016850514555281303,0.08961290322580645,-0.007867820613690143,0.0,-0.071241199499278
26,1,900447,0,200,49.56,0.27,13.79,4.643,0.2690323635174859,-0.00013660574702405626,0.08199999999999985,-0.001665923744195811,0.08896774193548386,-0.01573564122738012,0.0,-0.061673271194954034
26,1,900488,0,200,49.45,0.27,13.69,4.684,0.26702844066688114,-0.0001348475751444642,0.08199999999999985,-0.001644482623712981,0.08832258064516128,-0.007867820613689975,0.0,-0.055294652325404946
26,1,900529,0,200,49.34,0.27,13.69,4.725,0.2644982020268027,-0.00013241429124064295,0.08300000000000018,-0.001595352906513767,0.08832258064516128,-0.007773027594247895,-0.1204819277108432,-0.0582125822676121
26,1,900571,0,200,49.12,0.26,13.59,4.767,0.2621967963386693,-0.00012895289232837647,0.08499999999999996,-0.0015170928509220768,0.0876774193548387,-0.015180265654648872,-0.11764705882352956,-0.04915101051862281
26,1,900614,0,200,49.01,0.26,13.49,4.81,0.26032036613271975,-0.00012430354479097972,0.08399999999999963,-0.001479804104654527,0.08703225806451613,-0.00768049155145928,-0.11904761904761968,-0.041368950326124816
26,1,900655,0,200,48.79,0.25,13.49,4.851,0.25872180451127486,-0.00011853710494738579,0.08200000000000074,-0.0014455744505778624,0.08703225806451613,-0.00786782061368989,0.0,-0.04839777067270424
26,1,900696,0,200,48.68,0.26,13.39,4.892,0.25635174893755797,-0.00011196108469579791,0.08300000000000018,-0.0013489287312746707,0.08638709677419355,-0.007773027594247895,0.1204819277108432,-0.057700563614379155
26,1,900738,0,200,48.57,0.26,13.39,4.934,0.2539326577312814,-0.00010510656954725484,0.0829999999999993,-0.0012663442114127196,0.08638709677419355,-0.00699572483482318,-0.1204819277108445,-0.050177828016873004
26,1,900779,0,200,48.46,0.25,13.3,4.975,0.25218698921215754,-9.870077370155883e-05,0.08099999999999952,-0.0012185280703896225,0.08580645161290323,-0.015133412982875518,-0.12345679012345763,-0.05464547035866518
26,1,900819,0,200,48.35,0.25,13.2,5.015,0.24950637463222952,-9.358832097586855e-05,0.0810000000000004,-0.0011554113700724454,0.08516129032258064,-0.007964954201513424,0.0,-0.07571263101392633
26,1,900860,0,200,48.24,0.25,13.2,5.056,0.24605426610002948,-9.055334622061473e-05,0.08200000000000074,-0.0011043091002513892,0.08516129032258064,0.0,-0.12195121951219413,-0.07419131072644344
26,1,900901,0,200,48.13,0.24,13.2,5.097,0.2434226871526611,-9.006412289626731e-05,0.08300000000000018,-0.0010851099144128567,0.08516129032258064,-0.007773027594247895,-0.1204819277108432,-0.062426889644224916
26,1,900943,0,200,48.02,0.24,13.1,5.139,0.2408728342595588,-9.205487392905987e-05,0.08499999999999996,-0.0010829985168124695,0.08451612903225807,-0.007590132827324436,0.0,-0.05711208968713292
26,1,900986,0,200,47.91,0.24,13.1,5.182,0.2385681595292548,-9.586885769749287e-05,0.08399999999999963,-0.0011412959249701583,0.08451612903225807,-0.00768049155145928,0.0,-0.06074970033780041
26,1,901027,0,200,47.8,0.24,13.0,5.223,0.2357698594311836,-0.00010040029650783388,0.08199999999999985,-0.001224393859851635,0.08387096774193549,-0.007867820613689975,-0.12195121951219512,-0.0658592398280956
26,1,901068,0,200,47.58,0.23,13.0,5.264,0.23316770186335098,-0.00010438041964801314,0.08300000000000018,-0.0012575954174459387,0.08387096774193549,-0.007773027594248062,-0.12048192771084287,-0.06963453683974133
26,1,901110,0,200,47.47,0.23,12.9,5.306,0.22999019287348504,-0.00010671815338544199,0.08300000000000018,-0.0012857608841619489,0.0832258064516129,-0.007773027594248062,0.0,-0.057976265966119225
26,1,901151,0,200,47.47,0.23,12.9,5.347,0.22835567178816307,-0.00010680878576366481,0.08199999999999985,-0.0013025461678495733,0.0832258064516129,-0.007867820613689975,-0.12195121951219545,-0.03687639033958123
26,1,901192,0,200,47.25,0.22,12.8,5.388,0.2269663288656394,-0.00010472463119651997,0.08199999999999985,-0.0012771296487380508,0.08258064516129032,-0.01573564122738012,-0.12195121951219545,-0.04672338321944732
26,1,901233,0,200,47.14,0.22,12.7,5.429,0.2245243543641684,-0.000101203430422375,0.08199999999999985,-0.0012341881758826242,0.08193548387096773,-0.007867820613690143,0.12195121951219545,-0.04656391774770868
26,1,901274,0,200,47.03,0.23,12.7,5.47,0.22314808761032728,-9.739730792312961e-05,0.08199999999999985,-0.0011877720478430463,0.08193548387096773,0.0,0.0,-0.02997950868688105
26,1,901315,0,200,47.03,0.22,12.7,5.511,0.22206603465184416,-9.445713559644631e-05,0.08499999999999996,-0.0011112604187817217,0.08193548387096773,-0.007590132827324436,-0.11764705882352956,-0.031075130280944885
26,1,901359,0,200,46.92,0.22,12.6,5.555,0.22050670153644697,-9.313185138527302e-05,0.08499999999999996,-0.001095668839826742,0.08129032258064516,-0.007590132827324436,0.0,-0.03457492836951686
26,1,901400,0,200,46.81,0.22,12.6,5.596,0.21912716574043523,-9.355486521744716e-05,0.08199999999999985,-0.0011409129904566748,0.08129032258064516,-0.007867820613689975,0.0,-0.030258573262424523
26,1,901441,0,200,46.7,0.22,12.5,5.637,0.21802549852892816,-9.527241997133018e-05,0.08199999999999985,-0.001161858780138175,0.08064516129032258,-0.007867820613689975,0.0,-0.01546815075865713
26,1,901482,0,200,46.59,0.22,12.5,5.678,0.21785877737822534,-9.745089844146903e-05,0.08300000000000018,-0.0011741072101381785,0.08064516129032258,-0.007773027594247895,0.0,-0.012918624481580524
26,1,901524,0,200,46.48,0.22,12.4,5.72,0.21695325269695698,-9.915795652188741e-05,0.08300000000000018,-0.0011946741749624963,0.08,-0.007773027594247895,-0.1204819277108432,-0.02280452309400992
26,1,901565,0,200,46.37,0.21,12.4,5.761,0.21596600196142252,-9.962982223292372e-05,0.08199999999999985,-0.001214997832108828,0.08,-0.007867820613689975,-0.12195121951219545,-0.03069710330970596
26,1,901606,0,200,46.26,0.21,12.3,5.802,0.2144360902255611,-9.846868653598584e-05,0.08199999999999985,-0.0012008376406827564,0.07935483870967742,-0.007867820613689975,0.12195121951219545,-0.03631826118849565
26,1,901647,0,200,46.15,0.22,12.3,5.843,0.21298790454396588,-9.573801336475895e-05,0.08200000000000074,-0.0011675367483507083,0.07935483870967742,-0.007867820613690058,0.0,-0.03089643514937808
26,1,901688,0,200,46.04,0.21,12.2,5.884,0.21190258254331207,-9.193930408159545e-05,0.08499999999999996,-0.0010816388715481821,0.07870967741935483,-0.007590132827324599,-0.11764705882352956,-0.020114224179374255
26,1,901732,0,200,45.93,0.21,12.2,5.928,0.21127819548871907,-8.786868155542393e-05,0.08499999999999996,-0.0010337491947696937,0.07870967741935483,-0.007590132827324436,0.0,-0.02492163913620342
26,1,901773,0,200,45.82,0.21,12.1,5.969,0.20978424321673478,-8.437541867875176e-05,0.08199999999999985,-0.0010289685204725844,0.07806451612903226,-0.007867820613689975,0.0,-0.0390291742080546
26,1,901814,0,200,45.71,0.21,12.1,6.01,0.2080778032036586,-8.208355616982033e-05,0.08199999999999985,-0.0010010189776807376,0.07806451612903226,0.0,0.0,-0.0430158110015227
26,1,901855,0,200,45.71,0.21,12.1,6.051,0.20625694671460992,-8.117932375968096e-05,0.08199999999999985,-0.0009899917531668429,0.07806451612903226,-0.007081038552320977,-0.12195121951219512,-0.04461046571890912
26,1,901896,0,200,45.49,0.2,12.01,6.092,0.20441974501470805,-8.13698650841701e-05,0.08300000000000018,-0.0009803598202912038,0.07748387096774194,-0.006995724834823106,-0.12048192771084287,-0.04328526922334533
26,1,901938,0,200,45.49,0.2,12.01,6.134,0.20266426936907225,-8.204851829305859e-05,0.08300000000000018,-0.0009885363649766072,0.07748387096774194,-0.007773027594247895,0.0,-0.0333993706109166
26,1,901979,0,200,45.38,0.2,11.91,6.175,0.20164759725400197,-8.25894902741311e-05,0.08199999999999985,-0.0010071889057820884,0.07683870967741936,-0.007867820613689975,0.12195121951219512,-0.036198662084692176
26,1,902020,0,200,45.27,0.21,11.91,6.216,0.1996959790781275,-8.262244175288913e-05,0.08199999999999985,-0.0010075907530840158,0.07683870967741936,-0.007867820613690143,0.0,-0.05098908458845889
26,1,902061,0,200,45.05,0.2,11.81,6.257,0.19746649231774835,-8.215599010952168e-05,0.08399999999999963,-0.0009780475013038338,0.07619354838709677,-0.007680491551459446,-0.23809523809523903,-0.044482323821976824
26,1,902104,0,200,45.05,0.19,11.81,6.3,0.19595946387708146,-8.150957150444072e-05,0.08499999999999996,-0.0009589361353463618,0.07619354838709677,0.0,-0.11764705882352956,-0.04261292617733554
26,1,902146,0,200,44.94,0.19,11.81,6.342,0.19384439359267483,-8.111694002627346e-05,0.08300000000000018,-0.0009773125304370273,0.07619354838709677,-0.007773027594247895,0.0,-0.04363974367558414
26,1,902187,0,200,44.83,0.19,11.71,6.383,0.19233736515200797,-8.13168716962327e-05,0.0810000000000004,-0.0010039119962497814,0.0755483870967742,-0.007964954201513254,0.0,-0.039228506047727395
26,1,902227,0,200,44.72,0.19,11.71,6.423,0.1906668846028089,-8.221490767015994e-05,0.0810000000000004,-0.0010149988601254262,0.0755483870967742,-0.007964954201513424,0.0,-0.04165001876672295
26,1,902268,0,200,44.61,0.19,11.61,6.464,0.1889637136319034,-8.362672590069131e-05,0.08199999999999985,-0.0010198381207401398,0.0749032258064516,-0.007867820613690143,0.0,-0.040344764349898574
26,1,902309,0,200,44.5,0.19,11.61,6.505,0.18735861392611722,-8.508231490278107e-05,0.0829999999999993,-0.0010250881313588168,0.0749032258064516,0.0,0.0,-0.0467906276954827
26,1,902351,0,200,44.39,0.19,11.61,6.547,0.18508009153317836,-8.59026255907196e-05,0.08300000000000018,-0.0010349713926592699,0.0749032258064516,-0.007773027594247895,-0.1204819277108432,-0.055101084297962566
26,1,902392,0,200,44.28,0.18,11.51,6.588,0.18278522392938631,-8.538710110606829e-05,0.08199999999999985,-0.0010413061110496151,0.07425806451612903,-0.007867820613689975,-0.12195121951219545,-0.05497572138192698
26,1,902433,0,200,44.17,0.18,11.51,6.629,0.18057208237986036,-8.310315523791445e-05,0.08399999999999963,-0.000989323276641843,0.07425806451612903,-0.00768049155145928,0.0,-0.03315742773081744
26,1,902476,0,200,44.06,0.18,11.41,6.672,0.17999999999999766,-7.917352905714026e-05,0.08400000000000052,-0.0009425420125849973,0.07361290322580645,-0.0076804915514592,0.0,-0.020275844891732002
26,1,902517,0,200,43.95,0.18,11.41,6.713,0.17886891140895486,-7.440465859719581e-05,0.08300000000000018,-0.0008964416698457306,0.07361290322580645,-0.007773027594247895,0.0,-0.03655025463081433
26,1,902559,0,200,43.84,0.18,11.31,6.755,0.17696632886564007,-7.014151900900956e-05,0.08300000000000018,-0.0008450785422772218,0.07296774193548387,-0.007773027594247895,-0.12048192771084287,-0.04722387424821808
26,1,902600,0,200,43.84,0.17,11.31,6.796,0.17494932984635275,-6.785375039023122e-05,0.08199999999999985,-0.0008274847608564799,0.07296774193548387,0.0,-0.12195121951219512,-0.04939442987107145
26,1,902641,0,200,43.61,0.17,11.31,6.837,0.17291598561621221,-6.85996996255085e-05,0.08199999999999985,-0.0008365817027501052,0.07296774193548387,0.0,0.0,-0.04859710251237823
26,1,902682,0,200,43.61,0.17,11.31,6.878,0.17096436744033774,-7.260368846097265e-05,0.08199999999999985,-0.000885410834889912,0.07296774193548387,-0.007867820613689975,0.0,-0.04540779307760369
26,1,902723,0,200,43.5,0.17,11.21,6.919,0.16919254658384872,-7.914322420986686e-05,0.08300000000000018,-0.0009535328218056227,0.0723225806451613,-0.007773027594247895,0.0,-0.03934666419847359
26,1,902765,0,200,43.39,0.17,11.21,6.961,0.16769859431186443,-8.678297490528486e-05,0.08300000000000018,-0.0010455780109070443,0.0723225806451613,-0.007773027594248062,0.0,-0.03146945414872909
26,1,902806,0,200,43.28,0.17,11.11,7.002,0.1665805818895042,-9.382492856822466e-05,0.08399999999999963,-0.0011169634353360128,0.0716774193548387,-0.007680491551459446,0.0,-0.025062656641603603
26,1,902849,0,200,43.17,0.17,11.11,7.045,0.16559333115396974,-9.878203198807078e-05,0.08400000000000052,-0.0011759765712865496,0.0716774193548387,-0.0076804915514592,-0.11904761904761842,-0.024868070798112568
26,1,902890,0,200,43.06,0.16,11.01,7.086,0.16449166394246273,-0.00010072934004997691,0.08199999999999985,-0.0012284065859753304,0.07103225806451613,-0.007867820613689975,-0.12195121951219545,-0.02706926382764964
26,1,902931,0,200,42.95,0.16,11.01,7.127,0.16337365152010247,-9.946924713334404e-05,0.0829999999999993,-0.0011984246642571673,0.07103225806451613,-0.007773027594247978,0.0,-0.025955407113908265
26,1,902973,0,200,42.84,0.16,10.91,7.169,0.16233736515200836,-9.550927197388858e-05,0.08300000000000018,-0.0011507141201673298,0.07038709677419355,-0.007773027594247895,0.0,-0.02280452309400992
26,1,903014,0,200,42.73,0.16,10.91,7.21,0.16148087610329964,-8.988287987374476e-05,0.08200000000000074,-0.0010961326813871213,0.07038709677419355,-0.00786782061368989,0.0,-0.02850445307329779
26,1,903055,0,200,42.62,0.16,10.81,7.251,0.15999999999999792,-8.386176994688022e-05,0.08199999999999985,-0.0010227045115473216,0.06974193548387098,-0.007867820613689975,0.0,-0.036118929348822514
26,1,903096,0,200,42.62,0.16,10.81,7.292,0.1585191238966962,-7.862943773927e-05,0.08199999999999985,-0.0009588955821862212,0.06974193548387098,0.0,0.0,-0.035321601990128626
26,1,903137,0,200,42.4,0.16,10.81,7.333,0.15710362863680738,-7.500927705495108e-05,0.08199999999999985,-0.0009147472811579417,0.06974193548387098,-0.007081038552321147,0.0,-0.03292961991404763
26,1,903178,0,200,42.4,0.16,10.72,7.374,0.1558188950637443,-7.333445184450937e-05,0.08499999999999996,-0.0008627582569942282,0.06916129032258064,-0.006831119544592155,0.0,-0.021344922408322545
26,1,903222,0,200,42.29,0.16,10.72,7.418,0.15528931023209996,-7.348377567211806e-05,0.08499999999999996,-0.0008645150079072717,0.06916129032258064,-0.007590132827324436,-0.11764705882352956,-0.013037709362921406
26,1,903263,0,200,42.18,0.15,10.62,7.459,0.15471068976789598,-7.50215398478975e-05,0.08199999999999985,-0.0009148968274133859,0.06851612903225807,-0.007867820613689975,-0.12195121951219545,-0.013514698729857574
26,1,903304,0,200,42.07,0.15,10.62,7.5,0.15418110493625165,-7.73471260007188e-05,0.08200000000000074,-0.0009432576341550988,0.06851612903225807,0.0,0.0,-0.022125834203748435
26,1,903345,0,200,41.96,0.15,10.62,7.541,0.1528963713631886,-7.980845345931798e-05,0.08300000000000018,-0.0009615476320399735,0.06851612903225807,-0.007773027594248062,0.0,-0.032532877505444514
26,1,903387,0,200,41.85,0.15,10.52,7.583,0.15148087610329974,-8.179664825927269e-05,0.0829999999999993,-0.000985501786256306,0.06787096774193548,-0.0077730275942481455,0.0,-0.02816102592783653
26,1,903428,0,200,41.74,0.15,10.52,7.624,0.15055900621117818,-8.284367235853551e-05,0.08199999999999985,-0.0010102886872992154,0.06787096774193548,-0.007867820613689975,0.0,-0.033089085385786275
26,1,903469,0,200,41.63,0.15,10.42,7.665,0.14876757110166527,-8.27027301642147e-05,0.08200000000000074,-0.0010085698800513898,0.0672258064516129,-0.00786782061368989,0.0,-0.03568039930154069
26,1,903510,0,200,41.52,0.15,10.42,7.706,0.14763321346845182,-8.137761665779841e-05,0.0810000000000004,-0.0010046619340468889,0.0672258064516129,0.0,0.0,-0.036726276238098696
26,1,903550,0,200,41.41,0.15,10.42,7.746,0.14579274272637927,-7.910754081754412e-05,0.08499999999999996,-0.0009306769507946371,0.0672258064516129,-0.007590132827324436,0.0,-0.033651904697805476
26,1,903595,0,200,41.3,0.15,10.32,7.791,0.14477280156913835,-7.634777728739373e-05,0.08499999999999996,-0.0008982091445575737,0.06658064516129032,-0.007590132827324436,-0.11764705882352924,-0.023806318866218805
26,1,903635,0,200,41.3,0.14,10.32,7.831,0.14376920562275067,-7.375524957538992e-05,0.08099999999999952,-0.0009105586367332143,0.06658064516129032,-0.00796495420151334,-0.1234567901234573,-0.023367597738306652
26,1,903676,0,200,41.19,0.14,10.22,7.872,0.14288002615233553,-7.212473412642061e-05,0.08199999999999985,-0.0008795699283709847,0.06593548387096775,-0.007867820613689975,0.0,-0.0300991077906852
26,1,903717,0,200,41.08,0.14,10.22,7.913,0.14130107878391449,-7.221365936809221e-05,0.08199999999999985,-0.0008806543825377115,0.06593548387096775,0.0,0.0,-0.03930823878359706
26,1,903758,0,200,40.86,0.14,10.22,7.954,0.13965675057208057,-7.446915469618709e-05,0.08300000000000018,-0.0008972187312793605,0.06593548387096775,-0.007773027594248062,0.0,-0.03962236655021466
26,1,903800,0,200,40.86,0.14,10.12,7.996,0.13801242236024666,-7.876171687514777e-05,0.08300000000000107,-0.0009489363478933344,0.06529032258064515,-0.007773027594247979,-0.12048192771084193,-0.038834645545239896
26,1,903841,0,200,40.75,0.13,10.12,8.037,0.13643347499182562,-8.425903952544545e-05,0.08199999999999896,-0.0010275492625054453,0.06529032258064515,0.0,0.0,-0.036916256707516464
26,1,903882,0,200,40.64,0.14,10.12,8.078,0.13498528931023035,-8.953609326424328e-05,0.08199999999999896,-0.0010919035763932246,0.06529032258064515,-0.00786782061369006,0.0,-0.02611247099721705
26,1,903923,0,200,40.64,0.13,10.02,8.119,0.13429225237005385,-9.294434737436141e-05,0.0840000000000014,-0.0011064803258852363,0.06464516129032258,-0.007680491551459118,0.0,-0.02373947290586632
26,1,903966,0,200,40.42,0.14,10.02,8.162,0.13299117358613755,-9.316155735394105e-05,0.08900000000000041,-0.0010467590713925912,0.06464516129032258,-0.0072490032620513905,0.0,-0.01891636761664762
26,1,904012,0,200,40.31,0.13,9.92,8.208,0.1326086956521722,-8.973020107629104e-05,0.08699999999999974,-0.0010313816215665667,0.064,-0.014831294030404106,-0.11494252873563263,-0.007477464275381239
26,1,904053,0,200,40.2,0.13,9.82,8.249,0.13234063419417938,-8.333672292465444e-05,0.08199999999999896,-0.0010163014990811647,0.06335483870967742,-0.00786782061369006,0.0,-0.014949887975506197
26,1,904094,0,200,40.09,0.13,9.82,8.29,0.1313828048381807,-7.566080005889652e-05,0.08199999999999896,-0.0009226926836450912,0.06335483870967742,0.0,0.0,-0.024159018968417812
26,1,904135,0,200,39.98,0.13,9.82,8.331,0.13035959463876914,-6.882817792253527e-05,0.08300000000000018,-0.0008292551556931941,0.06335483870967742,0.0,0.0,-0.024655667455700025
26,1,904177,0,200,39.98,0.13,9.82,8.373,0.1293363844393576,-6.470863178008379e-05,0.08300000000000018,-0.000779622069639562,0.06335483870967742,-0.007773027594247895,0.0,-0.023867946450725677
26,1,904218,0,200,39.87,0.13,9.72,8.414,0.1283785550833589,-6.435589736794967e-05,0.08200000000000074,-0.000784828016682306,0.06270967741935485,-0.00786782061368989,0.0,-0.02176703689233666
26,1,904259,0,200,39.76,0.13,9.72,8.455,0.12755148741418598,-6.77646428025227e-05,0.08200000000000074,-0.0008263980829575864,0.06270967741935485,0.0,0.0,-0.028783517648840583
26,1,904300,0,200,39.65,0.13,9.72,8.496,0.12601830663615396,-7.395432508032052e-05,0.08399999999999963,-0.0008804086319085815,0.06270967741935485,-0.0076804915514595284,-0.11904761904761968,-0.027125266582605185
26,1,904343,0,200,39.54,0.12,9.62,8.539,0.12527296502124716,-8.129730473542551e-05,0.08399999999999963,-0.0009678250563741175,0.06206451612903225,-0.0076804915514595284,0.0,-0.018329986456825164
26,1,904384,0,200,39.54,0.13,9.62,8.58,0.12447858777378065,-8.797838120838542e-05,0.08300000000000018,-0.001059980496486569,0.06206451612903225,-0.006995724834823106,0.0,-0.012209675577103911
26,1,904426,0,200,39.32,0.12,9.53,8.622,0.12425956194834753,-9.246062799046229e-05,0.08300000000000018,-0.0011139834697646033,0.06148387096774193,-0.006995724834823106,-0.1204819277108432,-0.021504783435802297
26,1,904467,0,200,39.32,0.12,9.53,8.663,0.12269369074860906,-9.384282082032591e-05,0.08200000000000074,-0.0011444246441503056,0.06148387096774193,-0.00786782061368989,0.0,-0.036397993924364914
26,1,904508,0,200,39.1,0.12,9.43,8.704,0.12127492644654958,-9.203449304254896e-05,0.08199999999999896,-0.0011223718663725625,0.060838709677419354,-0.00786782061369006,0.0,-0.025594208214066626
26,1,904549,0,200,39.1,0.12,9.43,8.745,0.12059496567505562,-8.772264267861373e-05,0.08199999999999896,-0.0010697883253489614,0.060838709677419354,-0.00786782061369006,0.0,-0.017780400098868655
26,1,904590,0,200,38.99,0.12,9.33,8.786,0.11981693363844237,-8.214475686542322e-05,0.08200000000000074,-0.0010017653276271033,0.06019354838709678,-0.00786782061368989,0.0,-0.026192203733086145
26,1,904631,0,200,38.88,0.12,9.33,8.827,0.11844720496894254,-7.67263694814968e-05,0.08200000000000074,-0.000935687432701172,0.06019354838709678,0.0,0.0,-0.022404898779291225
26,1,904672,0,200,38.77,0.12,9.33,8.868,0.11797973193854047,-7.268768953071892e-05,0.08500000000000085,-0.0008551492885966846,0.06019354838709678,-0.0075901328273244376,0.0,-0.0102301790281327
26,1,904716,0,200,38.66,0.12,9.23,8.912,0.11757763975155125,-7.074147737842296e-05,0.08499999999999908,-0.0008322526750402791,0.059548387096774194,-0.007590132827324596,0.0,-0.007922619848855086
26,1,904757,0,200,38.55,0.12,9.23,8.953,0.1173063092513878,-7.096772595296486e-05,0.08199999999999896,-0.0008654600725971433,0.059548387096774194,0.0,-0.1219512195121966,-0.015228952551048655
26,1,904798,0,200,38.44,0.11,9.23,8.994,0.11632886564236528,-7.288294952712703e-05,0.08200000000000074,-0.0008888164576478827,0.059548387096774194,-0.00786782061368989,-0.12195121951219397,-0.007415144435850861
26,1,904839,0,200,38.44,0.11,9.13,9.035,0.11669826740764802,-7.566242483177454e-05,0.08200000000000074,-0.0009227124979484618,0.05890322580645162,-0.00786782061368989,0.12195121951219397,-0.009009799153238286
26,1,904880,0,200,38.22,0.12,9.13,9.076,0.11559006211179973,-7.842914357498109e-05,0.08200000000000074,-0.0009564529704265901,0.05890322580645162,-0.007867820613690058,0.12195121951219397,-0.026830065620040876
26,1,904921,0,200,38.22,0.12,9.03,9.117,0.11449820202680465,-8.04990113095112e-05,0.08300000000000018,-0.0009698676061386871,0.05825806451612903,-0.007773027594248062,-0.12048192771084304,-0.02571909081241578
26,1,904963,0,200,38.11,0.11,9.03,9.159,0.11345537757436921,-8.150103295645295e-05,0.08299999999999841,-0.0009819401561018616,0.05825806451612903,0.0,-0.12048192771084562,-0.01740863420993562
26,1,905004,0,200,38.0,0.11,9.03,9.2,0.11305328538738002,-8.137372994402448e-05,0.08099999999999952,-0.0010046139499262341,0.05825806451612903,-0.00796495420151334,0.12345679012345746,-0.012349714866876992
26,1,905044,0,200,37.89,0.12,8.93,9.24,0.11245505067015218,-8.030436691298881e-05,0.0840000000000014,-0.0009560043680117555,0.05761290322580645,-0.007680491551459118,0.0,-0.015800370491445465
26,1,905088,0,200,37.78,0.11,8.93,9.284,0.11172605426609858,-7.866296455382127e-05,0.08399999999999963,-0.0009364638637359716,0.05761290322580645,-0.00768049155145928,-0.11904761904761951,-0.018135400613334726
26,1,905128,0,200,37.67,0.11,8.83,9.324,0.11093167701863207,-7.692005927623846e-05,0.08099999999999952,-0.0009496303614350484,0.05696774193548387,-0.00796495420151334,0.0,-0.019614253023864082
26,1,905169,0,200,37.67,0.11,8.83,9.365,0.1101372997711656,-7.551485767034904e-05,0.08300000000000018,-0.0009098175622933599,0.05696774193548387,0.0,0.0,-0.01835389941590423
26,1,905211,0,200,37.56,0.11,8.83,9.407,0.10940830336711202,-7.469023186401458e-05,0.08300000000000018,-0.0008998823116146315,0.05696774193548387,-0.007773027594247895,-0.12048192771084304,-0.02686128626962827
26,1,905252,0,200,37.45,0.1,8.73,9.448,0.10790781301078645,-7.43706399273023e-05,0.08200000000000074,-0.0009069590235036784,0.056322580645161296,-0.00786782061368989,0.0,-0.03878997600044554
26,1,905293,0,200,37.34,0.11,8.73,9.489,0.10622752533507546,-7.416032193716049e-05,0.08199999999999896,-0.0009043941699653833,0.056322580645161296,0.0,0.1219512195121966,-0.03177349524394231
26,1,905334,0,200,37.23,0.11,8.73,9.53,0.10530238640078321,-7.348705064972627e-05,0.08199999999999896,-0.0008961835445088683,0.056322580645161296,-0.007867820613690145,0.0,-0.019375054816255944
26,1,905375,0,200,37.12,0.11,8.63,9.571,0.10463877084014249,-7.185298669462092e-05,0.08200000000000074,-0.0008762559353002472,0.05567741935483871,-0.007867820613689973,-0.12195121951219397,-0.023202226137984935
26,1,905416,0,200,37.01,0.1,8.63,9.612,0.10339980385746843,-6.909581659876096e-05,0.08000000000000007,-0.0008636977074845112,0.05567741935483871,-0.008064516129032376,-0.12499999999999983,-0.030769859431186194
26,1,905455,0,200,37.01,0.1,8.53,9.651,0.10217718208564759,-6.552949999985103e-05,0.08099999999999952,-0.0008090061728376718,0.05503225806451612,-0.007964954201513512,0.0,-0.01844385520968269
26,1,905497,0,200,36.9,0.1,8.53,9.693,0.10190585158548414,-6.187187610278322e-05,0.08300000000000018,-0.0007454442903949769,0.05503225806451612,0.0,0.0,-0.011894587175114305
26,1,905538,0,200,36.79,0.1,8.53,9.734,0.1011899313501131,-5.898462248650915e-05,0.08200000000000074,-0.0007193246644696174,0.05503225806451612,0.0,0.0,-0.015667482598330094
26,1,905579,0,200,36.68,0.1,8.53,9.775,0.10062111801242106,-5.756715888077224e-05,0.08200000000000074,-0.0007020385229362405,0.05503225806451612,-0.00786782061368989,0.0,-0.011680845804861704
26,1,905620,0,200,36.57,0.1,8.43,9.816,0.10023210199411443,-5.795664136903156e-05,0.08199999999999896,-0.0007067883093784425,0.054387096774193545,-0.00786782061369006,0.0,-0.006896881652700259
26,1,905661,0,200,36.46,0.1,8.43,9.857,0.10005557371689965,-6.0087756309469495e-05,0.08199999999999896,-0.0007327775159691495,0.054387096774193545,0.0,0.0,-0.005501558774986275
26,1,905702,0,200,36.46,0.1,8.43,9.898,0.09978097417456556,-6.356375457182394e-05,0.08200000000000074,-0.0007751677386807728,0.054387096774193545,-0.00786782061368989,0.0,-0.007494877171720182
26,1,905743,0,200,36.35,0.1,8.33,9.939,0.09944099378881859,-6.776611626952267e-05,0.08200000000000074,-0.0008264160520673421,0.05374193548387097,-0.00786782061368989,0.0,0.0023122493402116463
26,1,905784,0,200,36.24,0.1,8.33,9.98,0.09997057862046292,-7.196328769254023e-05,0.08499999999999908,-0.0008466269140298943,0.05374193548387097,0.0,0.0,0.012845412764648309
26,1,905828,0,200,36.13,0.1,8.33,10.024,0.10053285387381368,-7.541627438291698e-05,0.08499999999999908,-0.0008872502868578565,0.05374193548387097,-0.006831119544592063,0.0,0.0037690133261541457
26,1,905869,0,200,36.02,0.1,8.24,10.065,0.10029094475318602,-7.749661092791982e-05,0.08200000000000074,-0.0009450806210721844,0.05316129032258065,-0.0070810385523209,0.0,-0.008491536370087533
26,1,905910,0,200,36.02,0.1,8.24,10.106,0.0998365478914665,-7.781626783243923e-05,0.08200000000000074,-0.0009489788760053479,0.05316129032258065,-0.007867820613689973,0.0,-0.013275500522249128
26,1,905951,0,200,35.91,0.1,8.14,10.147,0.09920235371036158,-7.632861338702491e-05,0.08200000000000074,-0.0009308367486222465,0.052516129032258066,-0.007867820613689973,0.0,-0.01726213731571718
26,1,905992,0,200,35.8,0.1,8.14,10.188,0.09842105263157767,-7.334574747641476e-05,0.08199999999999896,-0.00089446033507824,0.052516129032258066,0.0,0.0,-0.020451446750492472
26,1,906033,0,200,35.69,0.1,8.14,10.229,0.09752533507682122,-6.945914173863698e-05,0.08300000000000018,-0.0008368571293811666,0.052516129032258066,-0.007773027594248062,0.0,-0.022568206792517885
26,1,906075,0,200,35.58,0.1,8.04,10.271,0.09654789146779869,-6.540312896039424e-05,0.08300000000000018,-0.0007879895055469168,0.051870967741935475,-0.007773027594248062,-0.1204819277108432,-0.02414364880246675
26,1,906116,0,200,35.47,0.09,8.04,10.312,0.09552141222621648,-6.19088782977073e-05,0.08199999999999896,-0.0007549863207037571,0.051870967741935475,0.0,0.0,-0.02523541090265434
26,1,906157,0,200,35.47,0.1,8.04,10.353,0.09447858777378106,-5.956973760888573e-05,0.08200000000000074,-0.0007264602147425024,0.051870967741935475,-0.007867820613689805,0.0,-0.025235410902653792
26,1,906198,0,200,35.36,0.09,7.94,10.394,0.09345210853219885,-5.8721547214412694e-05,0.08399999999999963,-0.0006990660382668208,0.051225806451612906,-0.007680491551459198,-0.11904761904761968,-0.023856224411961516
26,1,906241,0,200,35.13,0.09,7.94,10.437,0.0924746649231763,-5.934865326374528e-05,0.08300000000000018,-0.0007150440152258452,0.051225806451612906,0.0,0.0,-0.022568206792517885
26,1,906281,0,200,35.13,0.09,7.94,10.477,0.09157894736841986,-6.105093569249753e-05,0.08200000000000074,-0.0007445236060060607,0.051225806451612906,0.0,0.0,-0.020451446750491858
26,1,906323,0,200,35.02,0.09,7.94,10.519,0.09079764628963595,-6.312927166524584e-05,0.08300000000000018,-0.0007605936345210326,0.051225806451612906,-0.007773027594247979,0.0,-0.010319145165165272
26,1,906364,0,200,34.91,0.09,7.84,10.56,0.09072245831971114,-6.481610715648411e-05,0.08200000000000074,-0.0007904403311766283,0.05058064516129032,-0.007867820613689973,0.0,-0.01024565655921326
26,1,906405,0,200,34.91,0.09,7.84,10.601,0.08995750245178046,-6.557560340051527e-05,0.08199999999999896,-0.0007997024804940988,0.05058064516129032,-0.00786782061369006,0.0,-0.015667482598330434
26,1,906446,0,200,34.8,0.09,7.74,10.642,0.08943772474664806,-6.530893067727473e-05,0.08199999999999896,-0.0007964503741131165,0.049935483870967745,-0.00786782061369006,0.0,-0.0024717148119503406
26,1,906487,0,200,34.69,0.09,7.74,10.683,0.08975482183720053,-6.433238649395711e-05,0.08200000000000074,-0.000784541298706787,0.049935483870967745,0.0,0.0,0.0009169264624976926
26,1,906528,0,200,34.58,0.09,7.74,10.724,0.08951291271657287,-6.314437415688002e-05,0.08200000000000074,-0.0007700533433765786,0.049935483870967745,0.0,0.0,-0.005501558774986155
26,1,906569,0,200,34.58,0.09,7.74,10.765,0.08930369401765166,-6.214036304924786e-05,0.08499999999999908,-0.0007310630946970417,0.049935483870967745,-0.007590132827324596,0.0,0.0024229371382419973
26,1,906613,0,200,34.36,0.09,7.64,10.809,0.08971886237332344,-6.145216398543063e-05,0.08499999999999908,-0.0007229666351227211,0.04929032258064516,-0.007590132827324596,0.0,0.0006922677537833812
26,1,906654,0,200,34.36,0.09,7.64,10.85,0.08936253677672325,-6.097729486203019e-05,0.08200000000000074,-0.0007436255470979224,0.04929032258064516,0.0,0.0,-0.010883518446168161
26,1,906695,0,200,34.25,0.09,7.64,10.891,0.08882641386073764,-6.053843582877771e-05,0.08200000000000074,-0.0007382736076680142,0.04929032258064516,-0.007867820613689973,0.0,-0.014870155239636383
26,1,906736,0,200,34.14,0.09,7.54,10.932,0.08814318404707305,-6.006353122556885e-05,0.08300000000000018,-0.0007236570027176954,0.04864516129032258,-0.007773027594247979,-0.12048192771084304,-0.01784188076267112
26,1,906778,0,200,34.03,0.08,7.54,10.974,0.08734553775743593,-5.969350360854531e-05,0.08300000000000018,-0.0007191988386571707,0.04864516129032258,0.0,0.0,-0.020205043777594505
26,1,906819,0,200,33.92,0.09,7.54,11.015,0.0864661654135327,-5.97646331296513e-05,0.08199999999999896,-0.0007288369893860007,0.04864516129032258,-0.00786782061369006,0.1219512195121966,-0.02204610146787976
26,1,906860,0,200,33.92,0.09,7.44,11.056,0.08553775743706982,-6.066287229948753e-05,0.08199999999999896,-0.0007397911256035158,0.048,-0.00786782061369006,-0.1219512195121966,-0.02284342882657332
26,1,906901,0,200,33.81,0.08,7.44,11.097,0.08459300424975372,-6.26003329517415e-05,0.08300000000000018,-0.0007542208789366429,0.048,0.0,0.0,-0.02256820679251772
26,1,906943,0,200,33.7,0.09,7.44,11.139,0.08366459627329084,-6.541153203524353e-05,0.08500000000000085,-0.0007695474357087397,0.048,0.0,0.0,-0.021268003769012934
26,1,906986,0,200,33.59,0.08,7.44,11.182,0.0827852239293876,-6.849235644614104e-05,0.0840000000000014,-0.0008153851957873798,0.048,-0.007680491551459201,-0.119047619047617,-0.019964507542146827
26,1,907027,0,200,33.48,0.08,7.34,11.223,0.08198757763975048,-7.096177807507864e-05,0.08300000000000018,-0.0008549611816274516,0.04735483870967742,-0.007773027594247979,0.0,-0.01784188076267112
26,1,907069,0,200,33.37,0.08,7.34,11.265,0.0813043478260859,-7.199991149406504e-05,0.08299999999999841,-0.0008674688131815231,0.04735483870967742,-0.007773027594248061,0.0,-0.01469099674277354
26,1,907110,0,200,33.37,0.08,7.24,11.306,0.0807682249101003,-7.11933573160195e-05,0.08199999999999896,-0.0008682116745856146,0.04670967741935484,-0.00786782061369006,0.0,-0.010883518446168397
26,1,907151,0,200,33.26,0.08,7.24,11.347,0.0804118993135001,-6.8709836755664e-05,0.08200000000000074,-0.0008379248384836997,0.04670967741935484,0.0,0.0,-0.006099554294006228
26,1,907192,0,200,33.15,0.08,7.24,11.388,0.08026806145799179,-6.523016805829318e-05,0.08200000000000074,-0.0007954898543694218,0.04670967741935484,-0.007867820613689973,0.0,-0.011521380333123063
26,1,907233,0,200,33.04,0.08,7.14,11.429,0.079467146126184,-6.168821372639232e-05,0.08300000000000018,-0.0007432314906794239,0.04606451612903226,-0.007773027594247979,0.0,-0.009610196260688325
26,1,907275,0,200,33.04,0.08,7.14,11.471,0.07947041516835465,-5.893114030211599e-05,0.08300000000000018,-0.0007100137385797091,0.04606451612903226,0.0,0.0,0.0034265863716388015
26,1,907316,0,200,32.93,0.08,7.14,11.512,0.07975155279503002,-5.74231225976094e-05,0.08399999999999963,-0.0006836086023524958,0.04606451612903226,0.0,0.0,-0.00035025451828342126
26,1,907359,0,200,32.82,0.08,7.14,11.555,0.07944099378881884,-5.710694400670313e-05,0.08499999999999908,-0.0006718464000788676,0.04606451612903226,-0.007590132827324515,0.0,0.0029229082937523077
26,1,907401,0,200,32.71,0.08,7.04,11.597,0.07999999999999896,-5.748880199837369e-05,0.08300000000000018,-0.0006926361686551032,0.04541935483870968,-0.007773027594247895,0.0,0.006735014592531501
26,1,907442,0,200,32.71,0.08,7.04,11.638,0.07999999999999896,-5.790886934628237e-05,0.08200000000000074,-0.0007062057237351445,0.04541935483870968,0.0,0.0,0.0
26,1,907483,0,200,32.49,0.08,7.04,11.679,0.07999999999999896,-5.7869481935791e-05,0.08200000000000074,-0.0007057253894608595,0.04541935483870968,-0.007081038552320985,0.0,0.0
26,1,907524,0,200,32.49,0.08,6.95,11.72,0.07999999999999896,-5.727791108384661e-05,0.08199999999999896,-0.000698511110778626,0.044838709677419354,-0.007081038552321138,0.0,0.006817148916830936
26,1,907565,0,200,32.38,0.08,6.95,11.761,0.08055900621117909,-5.650162488920518e-05,0.08300000000000018,-0.0006807424685446392,0.044838709677419354,-0.007773027594247979,0.0,0.009728354411434595
26,1,907607,0,200,32.27,0.08,6.85,11.803,0.08080745341614803,-5.619753031191532e-05,0.08300000000000018,-0.0006770786784568096,0.04419354838709677,0.0,0.0,-0.004096149225867216
26,1,907648,0,200,32.27,0.08,6.95,11.844,0.08021902582543211,-5.697208719900893e-05,0.08099999999999952,-0.0007033591012223367,0.044838709677419354,0.0,0.0,-0.0068205941585043044
26,1,907688,0,200,32.16,0.08,6.85,11.884,0.08025498528930919,-5.9033186520856874e-05,0.0940000000000012,-0.0006280126225622992,0.04419354838709677,-0.006863417982155059,0.0,-0.0018431833515332955
26,1,907742,0,200,32.05,0.08,6.85,11.938,0.08004576659038798,-6.20224164209624e-05,0.09799999999999898,-0.0006328818002139088,0.04419354838709677,0.0,0.0,-0.006438011621778487
26,1,907786,0,200,31.94,0.08,6.85,11.982,0.0796240601503749,-6.512531836765323e-05,0.08699999999999974,-0.0007485668777891198,0.04419354838709677,-0.007415647015202053,0.0,-0.011761036774845475
26,1,907829,0,200,31.83,0.08,6.75,12.025,0.07902255639097643,-6.740735934569652e-05,0.0860000000000003,-0.0007838065040197242,0.043548387096774194,-0.0075018754688671455,0.0,-0.015699004842743555
26,1,907872,0,200,31.72,0.08,6.75,12.068,0.07827394573389895,-6.820607740608598e-05,0.08699999999999974,-0.0007839779012193814,0.043548387096774194,-0.007415647015202053,0.0,-0.018524572300315876
26,1,907916,0,200,31.61,0.08,6.65,12.112,0.07741091860084895,-6.738160537309934e-05,0.08699999999999974,-0.0007745012111850522,0.04290322580645162,-0.007415647015202053,0.0,-0.027204442891335934
26,1,907959,0,200,31.5,0.08,6.65,12.155,0.07590715920235273,-6.530703642326241e-05,0.0860000000000003,-0.000759384144456537,0.04290322580645162,0.0,-0.1162790697674414,-0.025430107118148786
26,1,908002,0,200,31.5,0.07,6.65,12.198,0.07522392938868815,-6.26338537766582e-05,0.08700000000000152,-0.0007199293537546793,0.04290322580645162,0.0,-0.11494252873563011,-0.022695419207688697
26,1,908046,0,200,31.39,0.07,6.65,12.242,0.07393265773128378,-5.999718490512063e-05,0.08699999999999974,-0.0006896228150013885,0.04290322580645162,-0.007415647015202133,0.11494252873563246,-0.01987727940540983
26,1,908089,0,200,31.28,0.08,6.55,12.285,0.0734946060804175,-5.783019818667956e-05,0.08399999999999963,-0.0006884547403176168,0.04225806451612903,-0.007680491551459364,0.0,-0.010624387054592871
26,1,908130,0,200,31.17,0.07,6.55,12.326,0.07304020921869799,-5.634140611277694e-05,0.08499999999999908,-0.0006628400719150301,0.04225806451612903,0.0,-0.11764705882353063,-0.010499394265715539
26,1,908174,0,200,31.17,0.07,6.55,12.37,0.07260215756783168,-5.5588000435530915e-05,0.08699999999999974,-0.0006389425337417366,0.04225806451612903,-0.007415647015202133,0.0,-0.009506524933022169
26,1,908217,0,200,31.06,0.07,6.45,12.413,0.07221314154952506,-5.5544944900941754e-05,0.0860000000000003,-0.0006458714523365298,0.04161290322580645,-0.007501875468867226,0.0,-0.008096581190083184
26,1,908260,0,200,30.95,0.07,6.45,12.456,0.07190585158548453,-5.611168191744298e-05,0.0860000000000003,-0.0006524614176446836,0.04161290322580645,0.0,0.0,-0.005815854094285202
26,1,908303,0,200,30.95,0.07,6.45,12.499,0.07171297809741653,-5.706757603586432e-05,0.0860000000000003,-0.0006635764655333038,0.04161290322580645,0.0,0.0,-0.0027748846332209566
26,1,908346,0,200,30.73,0.07,6.45,12.542,0.07166721150702753,-5.804697774531409e-05,0.08699999999999974,-0.0006672066407507386,0.04161290322580645,-0.007415647015202133,0.11494252873563246,0.0010145303288204644
26,1,908390,0,200,30.73,0.08,6.35,12.586,0.07180124223602391,-5.8605913383276584e-05,0.08699999999999974,-0.000673631188313526,0.040967741935483866,-0.007415647015202133,0.0,0.005523554012467238
26,1,908433,0,200,30.62,0.07,6.35,12.629,0.07214776070611217,-5.837826907863875e-05,0.0860000000000003,-0.0006788170823097506,0.040967741935483866,0.0,0.0,0.0004181333008964124
26,1,908476,0,200,30.51,0.08,6.35,12.672,0.071837201699901,-5.724023459130745e-05,0.08800000000000097,-0.0006504572112648502,0.040967741935483866,-0.00733137829912011,0.0,-0.008172605426609586
26,1,908521,0,200,30.4,0.07,6.25,12.717,0.07142857142857052,-5.539042431581454e-05,0.08899999999999864,-0.0006223643181552291,0.04032258064516129,-0.007249003262051535,-0.11235955056179942,-0.00014692324362452523
26,1,908565,0,200,30.29,0.07,6.25,12.761,0.07182412553121842,-5.329963345295674e-05,0.08699999999999974,-0.0006126394649765161,0.04032258064516129,0.0,0.0,0.0019163350655498192
26,1,908608,0,200,30.29,0.07,6.25,12.804,0.07159529257927336,-5.15491073827361e-05,0.0860000000000003,-0.0005994082253806503,0.04032258064516129,0.0,0.0,-0.0060819389221281675
26,1,908651,0,200,30.18,0.07,6.25,12.847,0.0713010787839154,-5.063308397784905e-05,0.0860000000000003,-0.0005887567904401032,0.04032258064516129,-0.0075018754688671455,0.0,-0.007602423652660372
26,1,908694,0,200,30.07,0.07,6.15,12.89,0.07094148414514456,-5.0809934126136544e-05,0.0860000000000003,-0.0005908131875132135,0.03967741935483871,-0.0075018754688671455,0.0,-0.009122908383192413
26,1,908737,0,200,29.96,0.07,6.15,12.933,0.07051650866296084,-5.203502252574044e-05,0.0860000000000003,-0.000605058401462096,0.03967741935483871,0.0,0.0,-0.010643393113724454
26,1,908780,0,200,29.96,0.07,6.15,12.976,0.07002615233736426,-5.39646275281207e-05,0.08699999999999974,-0.000620283075035872,0.03967741935483871,0.0,0.0,-0.012024063156391557
26,1,908824,0,200,29.85,0.07,6.15,13.02,0.06947041516835478,-5.603243059264873e-05,0.08699999999999974,-0.0006440509263522862,0.03967741935483871,-0.007415647015202133,0.0,0.003269042170643931
26,1,908867,0,200,29.74,0.07,6.05,13.063,0.07031055900621028,-5.761117807279703e-05,0.0860000000000003,-0.0006698974194511259,0.03903225806451613,-0.007501875468867226,0.0,0.0025468119236411097
26,1,908910,0,200,29.74,0.07,6.05,13.106,0.06968944099378792,-5.8225420426054165e-05,0.08799999999999919,-0.0006616525048415307,0.03903225806451613,0.0,0.0,-0.003863413474397374
26,1,908955,0,200,29.52,0.07,6.05,13.151,0.06997057862046331,-5.7726214639026275e-05,0.08900000000000041,-0.0006486091532474832,0.03903225806451613,-0.0072490032620513905,0.0,0.00040403891996731935
26,1,908999,0,200,29.52,0.07,5.95,13.195,0.06972540045766501,-5.634393807642724e-05,0.08699999999999974,-0.0006476314721428438,0.03838709677419355,-0.007415647015202053,0.0,-0.005260527630921476
26,1,909042,0,200,29.41,0.07,5.95,13.238,0.06951291271657314,-5.459113048857489e-05,0.0860000000000003,-0.00063478058707645,0.03838709677419355,0.0,0.0,-0.004561454191596287
26,1,909085,0,200,29.3,0.07,5.95,13.281,0.06933311539718773,-5.305491090156167e-05,0.0860000000000003,-0.0006169175686228079,0.03838709677419355,0.0,0.0,-0.003801211826330186
26,1,909128,0,200,29.19,0.07,5.95,13.324,0.06918600849950875,-5.21728274886053e-05,0.0860000000000003,-0.0006066607847512223,0.03838709677419355,-0.007501875468867226,0.0,-0.0030409694610640838
26,1,909171,0,200,29.19,0.07,5.85,13.367,0.06907159202353622,-5.208801335008673e-05,0.0860000000000003,-0.0006056745738382157,0.03774193548387097,-0.007501875468867226,0.0,0.004219345127226598
26,1,909214,0,200,29.08,0.07,5.85,13.41,0.06954887218045024,-5.261906716833309e-05,0.08699999999999974,-0.0006048168640038304,0.03774193548387097,0.0,0.0,0.0013527071050941119
26,1,909258,0,200,28.97,0.07,5.85,13.454,0.0691892775416794,-5.332575834002906e-05,0.08699999999999974,-0.0006129397510348186,0.03774193548387097,0.0,-0.11494252873563263,-0.007515039472744783
26,1,909301,0,200,28.86,0.06,5.85,13.497,0.06889506374632144,-5.365384011791896e-05,0.08799999999999919,-0.0006097027286127211,0.03774193548387097,-0.0073313782991203365,0.0,0.0004086302713304323
26,1,909346,0,200,28.86,0.07,5.75,13.542,0.06922523700555648,-5.3146396233962886e-05,0.08800000000000097,-0.0006039363208404807,0.037096774193548385,-0.007331378299120188,0.1136363636363625,-0.0016345210853220117
26,1,909389,0,200,28.75,0.07,5.75,13.585,0.0687512258908131,-5.166168444776797e-05,0.0860000000000003,-0.0006007172610205557,0.037096774193548385,0.0,0.0,-0.003383078525433773
26,1,909432,0,200,28.64,0.07,5.75,13.628,0.06893429225236918,-4.949097604341191e-05,0.08699999999999974,-0.0005688617936024374,0.037096774193548385,-0.006674082313681848,0.0,-0.004659324473101746
26,1,909476,0,200,28.53,0.07,5.66,13.672,0.06834586466165325,-4.729384429008565e-05,0.08699999999999974,-0.0005436074056331699,0.036516129032258066,-0.006674082313681848,0.0,-0.005598704407194804
26,1,909519,0,200,28.53,0.07,5.66,13.715,0.06844720496894323,-4.5848617807497935e-05,0.08599999999999852,-0.0005331234628778921,0.036516129032258066,0.0,0.0,-0.006233987395181582
26,1,909562,0,200,28.42,0.07,5.66,13.758,0.06780974174566765,-4.5706436551164134e-05,0.0860000000000003,-0.0005314701924553951,0.036516129032258066,0.0,0.0,-0.01292412020952276
26,1,909605,0,200,28.31,0.07,5.66,13.801,0.06733573063092427,-4.690882083907955e-05,0.0860000000000003,-0.0005454514051055743,0.036516129032258066,0.0,-0.11627906976744155,-0.009122908383192413
26,1,909648,0,200,28.2,0.06,5.66,13.844,0.0670251716247131,-4.893058941708084e-05,0.08699999999999974,-0.0005624205680124251,0.036516129032258066,-0.007415647015202133,0.0,0.0011648311182754366
26,1,909692,0,200,28.2,0.07,5.56,13.888,0.06743707093821423,-5.09007143962803e-05,0.08900000000000041,-0.0005719181392840457,0.03587096774193548,-0.007249003262051469,0.11235955056179733,0.007603277857565169
26,1,909737,0,200,28.09,0.07,5.56,13.933,0.0677018633540364,-5.199118929431901e-05,0.08800000000000097,-0.0005908089692536186,0.03587096774193548,0.0,-0.1136363636363625,-0.01188742607506876
26,1,909780,0,200,27.98,0.06,5.56,13.976,0.06639097744360817,-5.17732620164475e-05,0.08699999999999974,-0.0005950949657062949,0.03587096774193548,-0.007415647015202053,0.0,-0.015030078945489566
26,1,909824,0,200,27.87,0.07,5.46,14.02,0.06639424648577881,-5.037422236889366e-05,0.08699999999999974,-0.0005790140502171702,0.035225806451612905,-0.007415647015202053,0.0,-0.001239981513002843
26,1,909867,0,200,27.76,0.06,5.46,14.063,0.06628309905197692,-4.8373839085996905e-05,0.08699999999999974,-0.0005560211389195063,0.035225806451612905,0.0,0.0,-0.00349449335482631
26,1,909911,0,200,27.76,0.07,5.46,14.107,0.06609022556390892,-4.649857735584817e-05,0.08699999999999974,-0.000534466406389061,0.035225806451612905,0.0,0.0,-0.004997501249375394
26,1,909954,0,200,27.65,0.06,5.46,14.15,0.06584831644328126,-4.52728647376377e-05,0.0860000000000003,-0.0005264286597399714,0.035225806451612905,0.0,0.0,-0.005815854094285202
26,1,909997,0,200,27.54,0.07,5.46,14.193,0.06559006211180039,-4.481330354565216e-05,0.0860000000000003,-0.0005210849249494419,0.035225806451612905,-0.007501875468867226,0.11627906976744155,-0.00581585409428504
26,1,910040,0,200,27.54,0.07,5.36,14.236,0.06534815299117275,-4.485719781256847e-05,0.0860000000000003,-0.0005215953234019571,0.03458064516129032,-0.007501875468867226,0.0,-0.0050556117290191
26,1,910083,0,200,27.43,0.07,5.36,14.279,0.06515527950310475,-4.496435750796923e-05,0.08899999999999864,-0.0005052175000895497,0.03458064516129032,0.0,-0.11235955056179958,-0.013553669224355552
26,1,910129,0,200,27.32,0.06,5.36,14.325,0.06414187643020512,-4.475383381372921e-05,0.08900000000000041,-0.0005028520653227978,0.03458064516129032,0.0,-0.11235955056179733,-0.015573863824191412
26,1,910172,0,200,27.21,0.06,5.36,14.368,0.0637692056227517,-4.4075553743755155e-05,0.0860000000000003,-0.0005125064388808721,0.03458064516129032,-0.007501875468867226,0.11627906976744155,-0.0073363388248172436
26,1,910215,0,200,27.1,0.07,5.26,14.411,0.06351095129127084,-4.30797362033335e-05,0.0860000000000003,-0.0005009271651550389,0.03393548387096774,-0.007501875468867226,0.0,-0.01478671400442433
26,1,910258,0,200,27.1,0.06,5.26,14.454,0.06249754821837121,-4.2164307588254066e-05,0.0860000000000003,-0.0004902826463750456,0.03393548387096774,0.0,-0.11627906976744155,-0.015356895778374027
26,1,910301,0,200,26.99,0.06,5.26,14.497,0.062190258254330666,-4.1800581036579134e-05,0.08699999999999974,-0.0004804664486963133,0.03393548387096774,0.0,0.0,-0.015368255721763055
26,1,910345,0,200,26.88,0.06,5.26,14.541,0.06116050997057783,-4.230921669898269e-05,0.08699999999999974,-0.0004863128356204921,0.03393548387096774,0.0,0.0,-0.015180379734944379
26,1,910388,0,200,26.88,0.06,5.26,14.584,0.06086956521739051,-4.371348290820531e-05,0.0860000000000003,-0.0005082963128861066,0.03393548387096774,-0.0075018754688671455,0.0,-0.014786714004424491
26,1,910431,0,200,26.77,0.06,5.16,14.627,0.05988885256619732,-4.574570321190574e-05,0.0860000000000003,-0.0005319267815337859,0.03329032258064516,-0.0075018754688671455,0.0,-0.013836411047841824
26,1,910474,0,200,26.77,0.06,5.16,14.67,0.05967963386727611,-4.796619137454794e-05,0.08899999999999864,-0.0005389459705005469,0.03329032258064516,0.0,0.0,-0.008227701642969203
26,1,910520,0,200,26.55,0.06,5.16,14.716,0.05915658711997307,-4.989930331728232e-05,0.08900000000000041,-0.0005606663294076639,0.03329032258064516,0.0,0.0,0.0011386551380894632
26,1,910563,0,200,26.55,0.06,5.16,14.759,0.05978097417456607,-5.1137412935291946e-05,0.0860000000000003,-0.0005946210806429276,0.03329032258064516,-0.007501875468867226,0.0,0.007260314588290682
26,1,910606,0,200,26.43,0.06,5.06,14.802,0.05978097417456607,-5.141862472175696e-05,0.0860000000000003,-0.0005978909851367067,0.03264516129032258,-0.007501875468867226,0.0,-0.0007602423652661017
26,1,910649,0,200,26.32,0.06,5.06,14.845,0.059715593331153186,-5.067735653579497e-05,0.0860000000000003,-0.0005892715876255209,0.03264516129032258,0.0,0.0,0.008210617544873188
26,1,910692,0,200,26.32,0.06,5.06,14.888,0.06048708728342517,-4.904770045301987e-05,0.08599999999999852,-0.0005703220982909386,0.03264516129032258,0.0,0.0,0.011061526414621096
26,1,910735,0,200,26.21,0.06,5.06,14.931,0.060666884602810583,-4.6822662085872936e-05,0.08699999999999974,-0.0005381915182284261,0.03264516129032258,-0.007415647015202053,0.0,0.0037575197363723914
26,1,910779,0,200,26.1,0.06,4.96,14.975,0.060813991500489564,-4.4393819288417904e-05,0.08700000000000152,-0.0005102737849243348,0.032,-0.007415647015201902,0.0,0.0030060157890979475
26,1,910822,0,200,25.99,0.06,4.96,15.018,0.06092840797646211,-4.21719536410059e-05,0.0860000000000003,-0.0004903715539651832,0.032,0.0,0.0,0.0022807270957981435
26,1,910865,0,200,25.99,0.06,4.96,15.061,0.061010134030728205,-4.047619003478431e-05,0.08399999999999963,-0.0004818594051760058,0.032,0.0,0.0,0.0015566867479256744
26,1,910906,0,200,25.88,0.06,4.96,15.102,0.061059169663287866,-3.942849122407566e-05,0.08399999999999963,-0.00046938680028661705,0.032,0.0,0.11904761904761968,0.0007783433739627546
26,1,910949,0,200,25.77,0.07,4.96,15.145,0.061075514874141076,-3.8934201844899265e-05,0.0860000000000003,-0.00045272327726626895,0.032,-0.0075018754688671455,0.0,0.0
26,1,910992,0,200,25.77,0.06,4.86,15.188,0.061059169663287866,-3.877848271478612e-05,0.08699999999999974,-0.00044572968637685326,0.031354838709677424,-0.007415647015202053,-0.11494252873563263,-0.0007515039472743826
26,1,911036,0,200,25.66,0.06,4.86,15.232,0.061010134030728205,-3.8764166042402514e-05,0.08699999999999974,-0.00044556512692416815,0.031354838709677424,0.0,0.0,-0.0015030078945489247
26,1,911079,0,200,25.55,0.06,4.86,15.275,0.06092840797646211,-3.878741810177999e-05,0.0860000000000003,-0.0004510164895555797,0.031354838709677424,0.0,0.0,-0.0022807270957981435
26,1,911122,0,200,25.55,0.06,4.86,15.318,0.060813991500489564,-3.8830992830916065e-05,0.0860000000000003,-0.00045152317245251083,0.031354838709677424,0.0,0.0,-0.0030409694610642455
26,1,911165,0,200,25.44,0.06,4.86,15.361,0.060666884602810583,-3.8940885822400515e-05,0.0860000000000003,-0.00045280099793488816,0.031354838709677424,-0.007501875468867266,0.0,-0.003801211826330186
26,1,911208,0,200,25.33,0.06,4.76,15.404,0.06048708728342517,-3.92319818420015e-05,0.08699999999999974,-0.00045094232002300703,0.030709677419354837,-0.007415647015202173,0.0,-0.004509023683646933
26,1,911252,0,200,25.33,0.06,4.76,15.448,0.0602745995423333,-3.988187055996662e-05,0.08900000000000041,-0.00044811090516816215,0.030709677419354837,0.0,0.0,0.0011386551380894632
26,1,911297,0,200,25.22,0.06,4.76,15.493,0.06058842759071513,-4.105106867977337e-05,0.08799999999999919,-0.0004664894168156108,0.030709677419354837,0.0,0.0,-0.0031204493447054924
26,1,911340,0,200,25.11,0.06,4.76,15.536,0.05999999999999922,-4.275236906976154e-05,0.0860000000000003,-0.0004971205705786209,0.030709677419354837,0.0,0.0,-0.013684362574788701
26,1,911383,0,200,25.0,0.06,4.76,15.579,0.0594115724092833,-4.4772967486404804e-05,0.0860000000000003,-0.0005206159010047052,0.030709677419354837,-0.0075018754688671455,0.0,-0.0031930179341173688
26,1,911426,0,200,25.0,0.06,4.66,15.622,0.059725400457665126,-4.6720567330956085e-05,0.08699999999999974,-0.0005370180152983473,0.03006451612903226,-0.007415647015202053,0.0,0.0011648311182754366
26,1,911470,0,200,24.89,0.06,4.66,15.666,0.05951291271657326,-4.815667221885711e-05,0.08699999999999974,-0.0005535249680328419,0.03006451612903226,0.0,0.0,-0.004509023683646933
26,1,911513,0,200,24.89,0.06,4.66,15.709,0.059333115397187844,-4.872635326998243e-05,0.0860000000000003,-0.0005665855031393286,0.03006451612903226,0.0,0.0,-0.003801211826330024
26,1,911556,0,200,24.78,0.06,4.66,15.752,0.05918600849950888,-4.823669222176097e-05,0.0860000000000003,-0.0005608917700204745,0.03006451612903226,-0.007501875468867226,0.0,-0.0030409694610640838
26,1,911599,0,200,24.67,0.06,4.56,15.795,0.05907159202353633,-4.6688535302919834e-05,0.08599999999999852,-0.000542889945382798,0.029419354838709676,-0.007501875468867381,0.0,-0.0022807270957981907
26,1,911642,0,200,24.67,0.06,4.56,15.838,0.058989865969270236,-4.42623748950659e-05,0.08699999999999974,-0.0005087629298283452,0.029419354838709676,0.0,0.0,-0.0015030078945489247
26,1,911686,0,200,24.56,0.06,4.56,15.882,0.058940830336710576,-4.125222101690973e-05,0.09000000000000163,-0.00045835801129898867,0.029419354838709676,0.0,-0.11111111111110904,-0.0007264538156987087
26,1,911732,0,200,24.45,0.05,4.56,15.928,0.05892448512585735,-3.7985647003404564e-05,0.08900000000000041,-0.00042680502251016164,0.029419354838709676,0.0,0.0,0.0
26,1,911775,0,200,24.34,0.06,4.56,15.971,0.058940830336710576,-3.480166725630251e-05,0.08599999999999852,-0.00040467054949189663,0.029419354838709676,-0.007501875468867341,0.1162790697674438,0.0007602423652661173
26,1,911818,0,200,24.34,0.06,4.46,16.014,0.058989865969270236,-3.209865575902793e-05,0.08599999999999852,-0.0003732401832445172,0.028774193548387096,-0.007501875468867341,0.0,0.0015204847305320733
26,1,911861,0,200,24.23,0.06,4.46,16.057,0.05907159202353633,-3.0360573458387385e-05,0.08600000000000207,-0.0003530299239347285,0.028774193548387096,0.0,0.0,0.0022807270957980966
26,1,911904,0,200,24.12,0.06,4.46,16.1,0.05918600849950888,-3.005556073282012e-05,0.08600000000000207,-0.00034948326433510924,0.028774193548387096,0.0,0.0,0.0030409694610640213
26,1,911947,0,200,24.12,0.06,4.46,16.143,0.059333115397187844,-3.1416376961915125e-05,0.09199999999999875,-0.00034148235828169077,0.028774193548387096,0.0,0.0,0.003553306707221605
26,1,911996,0,200,24.01,0.06,4.46,16.192,0.05951291271657326,-3.42426529779063e-05,0.09199999999999875,-0.0003722027497598561,0.028774193548387096,0.0,0.0,0.004263968048666167
26,1,912039,0,200,23.9,0.06,4.46,16.235,0.059725400457665126,-3.7876683155638526e-05,0.08699999999999974,-0.00043536417420274293,0.028774193548387096,-0.006674082313681888,0.0,0.005260527630921316
26,1,912083,0,200,23.79,0.06,4.37,16.279,0.05997057862046341,-4.1388730218954176e-05,0.08999999999999986,-0.0004598747802106027,0.028193548387096774,-0.006451612903225816,0.0,0.005811630525589168
26,1,912129,0,200,23.79,0.06,4.37,16.325,0.06024844720496815,-4.3874240580417554e-05,0.08899999999999864,-0.0004929689952855981,0.028193548387096774,0.0,0.0,0.006611545963100361
26,1,912172,0,200,23.79,0.06,4.37,16.368,0.060559006211179336,-4.4724746287197805e-05,0.08600000000000207,-0.0005200551893860085,0.028193548387096774,0.0,0.0,-0.0028889209880107393
26,1,912215,0,200,23.57,0.06,4.37,16.411,0.05999999999999922,-4.37901161631622e-05,0.08699999999999974,-0.0005033346685420957,0.028193548387096774,-0.007415647015202133,0.0,-0.006425358749196752
26,1,912259,0,200,23.57,0.06,4.27,16.455,0.05999999999999922,-4.1409103351218056e-05,0.08699999999999974,-0.00047596670518641586,0.02754838709677419,-0.007415647015202133,0.0,0.0
26,1,912302,0,200,23.46,0.06,4.27,16.498,0.05999999999999922,-3.829474707784719e-05,0.08600000000000207,-0.00044528775671914264,0.02754838709677419,0.0,0.0,0.0
26,1,912345,0,200,23.46,0.06,4.27,16.541,0.05999999999999922,-3.528019093873969e-05,0.08599999999999852,-0.00041023477835744527,0.02754838709677419,0.0,0.0,0.0
26,1,912388,0,200,23.35,0.06,4.27,16.584,0.05999999999999922,-3.301043561210193e-05,0.08599999999999852,-0.00038384227455933134,0.02754838709677419,0.0,0.0,0.0
26,1,912431,0,200,23.35,0.06,4.27,16.627,0.05999999999999922,-3.1736989001644566e-05,0.08600000000000207,-0.00036903475583306743,0.02754838709677419,0.0,0.0,0.0
26,1,912474,0,200,23.13,0.06,4.27,16.67,0.05999999999999922,-3.1330998198095375e-05,0.08900000000000219,-0.0003520336876190405,0.02754838709677419,-0.007249003262051246,0.0,0.0
26,1,912520,0,200,23.13,0.06,4.17,16.716,0.05999999999999922,-3.148265738482614e-05,0.08899999999999864,-0.00035373772342501826,0.026903225806451613,-0.007249003262051535,0.0,0.0
26,1,912563,0,200,23.02,0.06,4.17,16.759,0.05999999999999922,-3.1923159822585314e-05,0.08599999999999852,-0.00037119953282076587,0.026903225806451613,0.0,0.0,0.0
26,1,912606,0,200,23.02,0.06,4.17,16.802,0.05999999999999922,-3.251082980475584e-05,0.08599999999999852,-0.0003780329047064697,0.026903225806451613,0.0,0.0,0.0
26,1,912649,0,200,22.91,0.06,4.17,16.845,0.05999999999999922,-3.3162873234483745e-05,0.08600000000000207,-0.0003856148050521273,0.026903225806451613,0.0,0.0,0.0
26,1,912692,0,200,22.91,0.06,4.17,16.888,0.05999999999999922,-3.3754682342618025e-05,0.08699999999999974,-0.000387984854512852,0.026903225806451613,0.0,0.0,0.0
26,1,912736,0,200,22.8,0.06,4.17,16.932,0.05999999999999922,-3.4117610199791315e-05,0.08699999999999974,-0.00039215643907806227,0.026903225806451613,-0.007415647015202093,0.0,0.0
26,1,912779,0,200,22.69,0.06,4.07,16.975,0.05999999999999922,-3.414517731417632e-05,0.08600000000000207,-0.0003970369455136686,0.026258064516129033,-0.007501875468867031,0.0,0.0
26,1,912822,0,200,22.69,0.06,4.07,17.018,0.05999999999999922,-3.3892464414840616e-05,0.08599999999999852,-0.000394098423428386,0.026258064516129033,0.0,0.0,0.006500072223024714
26,1,912865,0,200,22.58,0.06,4.07,17.061,0.060559006211179336,-3.3550656739134153e-05,0.08800000000000097,-0.0003812574629447021,0.026258064516129033,0.0,0.0,0.0028232636928287144
26,1,912910,0,200,22.58,0.06,4.07,17.106,0.06024844720496815,-3.330285566483315e-05,0.08899999999999864,-0.00037418938949251304,0.026258064516129033,0.0,0.0,-0.006611545963100361
26,1,912954,0,200,22.47,0.06,4.07,17.15,0.05997057862046341,-3.3190831013925505e-05,0.08699999999999974,-0.0003815038047577655,0.026258064516129033,0.0,0.0,-0.006012031578195699
26,1,912997,0,200,22.36,0.06,4.07,17.193,0.059725400457665126,-3.3117562174156844e-05,0.08600000000000207,-0.00038508793225762846,0.026258064516129033,-0.007501875468867031,0.0,-0.005321696556862118
26,1,913040,0,200,22.25,0.06,3.97,17.236,0.05951291271657326,-3.2981114359705186e-05,0.08599999999999852,-0.00038350132976402036,0.025612903225806453,-0.007501875468867341,0.0,-0.0045614541915963815
26,1,913083,0,200,22.25,0.06,3.97,17.279,0.059333115397187844,-3.280775178833739e-05,0.08599999999999852,-0.0003814854859109065,0.025612903225806453,0.0,0.0,-0.003801211826330103
26,1,913126,0,200,22.14,0.06,3.97,17.322,0.05918600849950888,-3.2751991255623115e-05,0.08599999999999852,-0.00038083710762353115,0.025612903225806453,0.0,0.0,0.003459102761960568
26,1,913169,0,200,22.14,0.06,3.97,17.365,0.05963059823471645,-3.2961429279122264e-05,0.08600000000000207,-0.0003832724334781566,0.025612903225806453,0.0,0.0,0.0006081938922127236
26,1,913212,0,200,22.03,0.06,3.97,17.408,0.05923831317423917,-3.343519581826193e-05,0.0870000000000033,-0.0003843125956121915,0.025612903225806453,0.0,0.0,-0.0018411846708223376
26,1,913256,0,200,22.03,0.06,3.97,17.452,0.0594704151683549,-3.400715341749061e-05,0.08899999999999864,-0.0003821028473875408,0.025612903225806453,-0.007249003262051574,-0.11235955056179942,0.0024609643307095114
26,1,913301,0,200,21.92,0.05,3.87,17.497,0.059457338999672316,-3.4460749829774876e-05,0.08799999999999741,-0.00039159942988381693,0.024967741935483873,-0.007331378299120445,0.0,-0.009064162382240412
26,1,913344,0,200,21.81,0.06,3.87,17.54,0.058672768878717765,-3.4656585551114284e-05,0.08599999999999852,-0.00040298355291994045,0.024967741935483873,0.0,0.1162790697674438,-0.01672533203585305
26,1,913387,0,200,21.81,0.06,3.87,17.583,0.05801896044458898,-3.455123855863063e-05,0.08600000000000207,-0.0004017585878910441,0.024967741935483873,0.0,0.0,-0.013684362574788257
26,1,913430,0,200,21.7,0.06,3.87,17.626,0.05749591369728595,-3.410942656240401e-05,0.0870000000000033,-0.00039206237428049103,0.024967741935483873,0.0,0.0,-0.010521055261842282
26,1,913474,0,200,21.59,0.06,3.87,17.67,0.057103628636808665,-3.323253143040894e-05,0.08699999999999974,-0.00038198311988975905,0.024967741935483873,0.0,0.0,-0.007515039472744783
26,1,913517,0,200,21.59,0.06,3.87,17.713,0.05684210526315715,-3.181717838398601e-05,0.08599999999999852,-0.00036996719051147163,0.024967741935483873,-0.007501875468867381,0.0,0.0019386180314284944
26,1,913560,0,200,21.48,0.06,3.77,17.756,0.05727034978751151,-2.992342665230785e-05,0.08599999999999852,-0.0003479468215384693,0.02432258064516129,-0.007501875468867381,-0.1162790697674438,0.0013684362574789468
26,1,913603,0,200,21.37,0.05,3.77,17.799,0.05695979078130034,-2.7902186804496854e-05,0.08599999999999852,-0.0003244440326104341,0.02432258064516129,0.0,0.0,-0.005321696556862337
26,1,913646,0,200,21.37,0.06,3.77,17.842,0.05681268388362136,-2.6335114110980662e-05,0.08399999999999963,-0.00031351326322596166,0.02432258064516129,0.0,0.0,-0.0015566867479256744
26,1,913687,0,200,21.26,0.05,3.77,17.883,0.056829029094474584,-2.578373756394159e-05,0.08500000000000085,-0.0003033380889875451,0.02432258064516129,0.0,-0.11764705882352818,0.0023075591792779434
26,1,913731,0,200,21.26,0.05,3.77,17.927,0.057008826413859987,-2.6500729123558832e-05,0.08699999999999974,-0.00030460608187998745,0.02432258064516129,0.0,0.11494252873563246,-0.0043587228941919616
26,1,913774,0,200,21.15,0.06,3.77,17.97,0.056449820202679885,-2.8292259994282088e-05,0.08600000000000207,-0.00032897976737536515,0.02432258064516129,0.0,0.116279069767439,0.001520484730532172
26,1,913817,0,200,21.04,0.06,3.77,18.013,0.057139588100685756,-3.061716163493955e-05,0.08600000000000207,-0.00035601350738300944,0.02432258064516129,-0.007501875468867031,0.0,0.013950447402631379
26,1,913860,0,200,21.04,0.06,3.67,18.056,0.05764955867930621,-3.2848267630710916e-05,0.08599999999999852,-0.00038195660035711024,0.02367741935483871,-0.007501875468867341,0.0,0.0036491633532769762
26,1,913903,0,200,20.93,0.06,3.67,18.099,0.05745341614906757,-3.451638288631198e-05,0.08599999999999852,-0.00040135328937572755,0.02367741935483871,0.0,0.0,-0.0022807270957981907
26,1,913946,0,200,20.93,0.06,3.67,18.142,0.05745341614906757,-3.5389770670744e-05,0.08599999999999852,-0.000411508961287728,0.02367741935483871,0.0,-0.1162790697674438,0.008780799318822904
26,1,913989,0,200,20.93,0.05,3.67,18.185,0.05820856489048633,-3.53925294370887e-05,0.08699999999999974,-0.0004068106831849288,0.02367741935483871,0.0,0.0,0.009619250525113277
26,1,914033,0,200,20.82,0.06,3.67,18.229,0.058290290944752424,-3.450125140867266e-05,0.08900000000000219,-0.00038765451020979566,0.02367741935483871,0.0,0.11235955056179493,-0.005730006501353292
26,1,914078,0,200,20.71,0.06,3.67,18.274,0.05769859431186587,-3.2754709593924234e-05,0.08800000000000097,-0.0003722126090218622,0.02367741935483871,-0.007331378299120149,0.0,-0.004866415049481308
26,1,914121,0,200,20.71,0.06,3.57,18.317,0.057862046420398064,-3.0374385702791606e-05,0.08599999999999852,-0.00035319053142781546,0.02303225806451613,-0.007501875468867341,0.0,-0.004409405718543094
26,1,914164,0,200,20.6,0.06,3.57,18.36,0.05731938542007117,-2.7856855678031867e-05,0.08599999999999852,-0.00032391692648874824,0.02303225806451613,0.0,0.0,-0.014710689767898072
26,1,914207,0,200,20.49,0.06,3.57,18.403,0.05659692710035885,-2.5894936795750835e-05,0.08699999999999974,-0.00029764295167529785,0.02303225806451613,0.0,-0.11494252873563246,-0.0022545118418234667
26,1,914251,0,200,20.49,0.05,3.57,18.447,0.05712324288983253,-2.512173790813277e-05,0.08699999999999974,-0.000288755608139458,0.02303225806451613,0.0,-0.11494252873563246,0.0036072189469175788
26,1,914294,0,200,20.38,0.05,3.57,18.49,0.05691075514874068,-2.5824435936098843e-05,0.08600000000000207,-0.0003002841387918398,0.02303225806451613,0.0,0.116279069767439,0.003459102761960425
26,1,914337,0,200,20.38,0.06,3.57,18.533,0.057420725727361135,-2.78103070749931e-05,0.08600000000000207,-0.0003233756636627027,0.02303225806451613,0.0,0.116279069767439,0.010149235576301272
26,1,914380,0,200,20.27,0.06,3.57,18.576,0.05778358940830261,-3.0506579684920432e-05,0.08599999999999852,-0.00035472767075489487,0.02303225806451613,-0.007501875468867341,-0.1162790697674438,0.0006081938922128294
26,1,914423,0,200,20.27,0.05,3.47,18.619,0.05747303040209144,-3.321910454142163e-05,0.08599999999999852,-0.00038626865745839767,0.022387096774193548,-0.007501875468867341,0.0,-0.008552726609243054
26,1,914466,0,200,20.16,0.06,3.47,18.662,0.05704805491990772,-3.537378326622864e-05,0.08899999999999864,-0.0003974582389463953,0.022387096774193548,0.0,0.11235955056179942,-0.004554620552357943
26,1,914512,0,200,20.16,0.06,3.47,18.708,0.05706766917293159,-3.659970763392861e-05,0.08900000000000219,-0.0004112326700441316,0.022387096774193548,0.0,0.0,-0.006758469206724305
26,1,914555,0,200,20.05,0.06,3.47,18.751,0.05644655116050924,-3.666355979023894e-05,0.08600000000000207,-0.0004263204626771867,0.022387096774193548,0.0,0.0,-0.004903563255965794
26,1,914598,0,200,19.94,0.06,3.47,18.794,0.05664596273291852,-3.539790668648823e-05,0.08599999999999852,-0.00041160356612196324,0.022387096774193548,0.0,0.0,0.004067296654173236
26,1,914641,0,200,19.94,0.06,3.47,18.837,0.056796338672768135,-3.275558623806907e-05,0.08599999999999852,-0.0003808789097449957,0.022387096774193548,-0.007501875468867341,-0.1162790697674438,-0.0031930179341174347
26,1,914684,0,200,19.83,0.05,3.37,18.88,0.056371363190584424,-2.8977988931875308e-05,0.08699999999999974,-0.00033308033255029186,0.021741935483870968,-0.007415647015202093,0.0,-0.009957427301386686
26,1,914728,0,200,19.83,0.06,3.37,18.924,0.055930042497547496,-2.4721322309482207e-05,0.08699999999999974,-0.0002841531299940492,0.021741935483870968,0.0,0.0,-0.014278574998214943
26,1,914771,0,200,19.72,0.05,3.37,18.967,0.05512912716573973,-2.0977491295248285e-05,0.08600000000000207,-0.00024392431738660207,0.021741935483870968,0.0,-0.116279069767439,-0.012315926317309609
26,1,914814,0,200,19.72,0.05,3.37,19.01,0.054870872834258844,-1.876709944609667e-05,0.08600000000000207,-0.00021822208658251415,0.021741935483870968,0.0,0.116279069767439,-0.005815854094285163
26,1,914857,0,200,19.61,0.06,3.37,19.053,0.05462896371363119,-1.8748389506521245e-05,0.08999999999999986,-0.0002083154389613475,0.021741935483870968,0.0,0.0,-0.021067160655261118
26,1,914904,0,200,19.5,0.05,3.37,19.1,0.052974828375285346,-2.0947056348601835e-05,0.08999999999999986,-0.00023274507054002076,0.021741935483870968,0.0,-0.11111111111111123,-0.02034070683956247
26,1,914947,0,200,19.39,0.05,3.37,19.143,0.05279830009807057,-2.474472005552153e-05,0.08599999999999852,-0.00028772930297118554,0.021741935483870968,0.0,0.1162790697674438,-0.010035199221511765
26,1,914990,0,200,19.39,0.06,3.37,19.186,0.05211180124223535,-2.912801248291341e-05,0.08599999999999852,-0.0003386978195687664,0.021741935483870968,-0.007501875468867341,0.0,-0.0049035632559659165
26,1,915033,0,200,19.39,0.05,3.27,19.229,0.05237659365805751,-3.306437373722026e-05,0.08599999999999852,-0.0003844694620607073,0.021096774193548388,-0.007501875468867341,-0.1162790697674438,0.007108266115237463
26,1,915076,0,200,19.28,0.05,3.27,19.272,0.05272311212814576,-3.5803322036832784e-05,0.08600000000000207,-0.0004163176981026967,0.021096774193548388,0.0,0.116279069767439,0.00288892098801082
26,1,915119,0,200,19.28,0.06,3.27,19.315,0.05262504086302645,-3.696243895722473e-05,0.0870000000000033,-0.00042485562019796934,0.021096774193548388,0.0,0.0,-0.0009393799340930196
26,1,915163,0,200,19.28,0.05,3.27,19.359,0.052641386073879665,-3.6422311194820975e-05,0.08699999999999974,-0.000418647255112886,0.021096774193548388,0.0,-0.11494252873563246,0.008116242630564353
26,1,915206,0,200,19.17,0.05,3.27,19.402,0.05333115397188554,-3.419368581183724e-05,0.08599999999999852,-0.0003976009978120678,0.021096774193548388,0.0,0.0,0.007260314588290832
26,1,915249,0,200,19.06,0.05,3.27,19.445,0.053265773128472665,-3.0410764140468503e-05,0.08799999999999741,-0.0003455768652326068,0.021096774193548388,-0.006598240469208405,0.0,-0.0037148206484590883
26,1,915294,0,200,19.06,0.05,3.18,19.49,0.05300424975482115,-2.5458541783955013e-05,0.08800000000000097,-0.0002893016111813038,0.020516129032258065,-0.0065982404692081385,0.11363636363636233,0.002080299563137084
26,1,915337,0,200,18.95,0.06,3.18,19.533,0.05344883949002873,-2.0091861358163765e-05,0.0870000000000033,-0.00023094093515129888,0.020516129032258065,0.0,0.0,0.001916335065549741
26,1,915381,0,200,18.95,0.05,3.18,19.577,0.05317097090552399,-1.538115877364188e-05,0.08699999999999974,-0.0001767949284326658,0.020516129032258065,0.0,0.0,-0.014691902169215999
26,1,915424,0,200,18.84,0.06,3.18,19.62,0.05217064400130694,-1.2440352989173232e-05,0.08599999999999852,-0.0001446552673159703,0.020516129032258065,0.0,0.0,-0.00456145419159622
26,1,915467,0,200,18.84,0.05,3.18,19.663,0.05277868584504672,-1.204685888253776e-05,0.08599999999999852,-0.0001400797544481159,0.020516129032258065,0.0,-0.1162790697674438,0.005739829857758597
26,1,915510,0,200,18.73,0.05,3.18,19.706,0.052664269369074174,-1.4334510061473793e-05,0.08599999999999852,-0.00016668034955202372,0.020516129032258065,0.0,0.1162790697674438,-0.011061526414621015
26,1,915553,0,200,18.62,0.06,3.18,19.749,0.05182739457338933,-1.870488581573282e-05,0.08600000000000207,-0.00021749867227595777,0.020516129032258065,0.0,0.0,-0.007260314588290532
26,1,915596,0,200,18.62,0.05,3.18,19.792,0.05203988231448117,-2.400895447153273e-05,0.08699999999999974,-0.0002759649939256644,0.020516129032258065,0.0,-0.11494252873563246,0.006575659538651565
26,1,915640,0,200,18.51,0.05,3.18,19.836,0.05239947695325201,-2.8940156020151873e-05,0.08899999999999864,-0.000325170292361262,0.020516129032258065,-0.007249003262051574,0.0,0.005876929744978047
26,1,915685,0,200,18.51,0.05,3.08,19.881,0.05256292906178421,-3.247748731104361e-05,0.08800000000000097,-0.0003690623558073097,0.019870967741935485,-0.007331378299120149,0.0,-0.004866415049481229
26,1,915728,0,200,18.51,0.05,3.08,19.924,0.05197123242889766,-3.417260424019819e-05,0.08599999999999852,-0.0003973558632581253,0.019870967741935485,0.0,0.0,-0.005929890449075167
26,1,915771,0,200,18.4,0.05,3.08,19.967,0.052052958483163755,-3.4148225831908796e-05,0.08600000000000207,-0.00039707239339427874,0.019870967741935485,0.0,0.0,0.009731102275405029
26,1,915814,0,200,18.4,0.05,3.08,20.01,0.05280810722458251,-3.2848439965201594e-05,0.08699999999999974,-0.0003775682754620884,0.019870967741935485,0.0,0.11494252873563246,0.00867987059102022
26,1,915858,0,200,18.29,0.06,3.08,20.054,0.05280810722458251,-3.072988078843997e-05,0.08699999999999974,-0.0003532170205567823,0.019870967741935485,0.0,0.0,0.008116242630564353
26,1,915901,0,200,18.18,0.05,3.08,20.097,0.05351422033344161,-2.808785793696922e-05,0.08699999999999974,-0.00032284894180424487,0.019870967741935485,-0.007415647015202133,-0.11494252873563246,0.007928366643745677
26,1,915945,0,200,18.18,0.05,2.98,20.141,0.053497875122588384,-2.5084827120763542e-05,0.08699999999999974,-0.00028833134621567377,0.0192258064516129,0.0,0.11494252873563246,-0.0022545118418234667
26,1,915988,0,200,18.07,0.06,3.08,20.184,0.05331807780320297,-2.1907130650499875e-05,0.08600000000000207,-0.00025473407733138777,0.019870967741935485,0.0,0.116279069767439,0.004409405718542912
26,1,916031,0,200,18.07,0.06,2.98,20.227,0.053877084014383084,-1.891534206457157e-05,0.08799999999999741,-0.00021494706891559236,0.0192258064516129,-0.007331378299120485,-0.11363636363636692,0.004866415049481504
26,1,916076,0,200,17.96,0.05,2.98,20.272,0.05374632232755733,-1.6675607787306478e-05,0.08800000000000097,-0.00018949554303757154,0.0192258064516129,0.0,-0.11363636363636233,-0.0044577847781507255
26,1,916119,0,200,17.96,0.05,2.98,20.315,0.053484798953905816,-1.5822685371353006e-05,0.0870000000000033,-0.00018186994679715408,0.0192258064516129,0.0,0.11494252873562777,-0.007515039472744476
26,1,916163,0,200,17.96,0.06,2.98,20.359,0.05309251389342853,-1.6791349414693623e-05,0.08699999999999974,-0.00019300401626084682,0.0192258064516129,0.0,0.0,-0.016946414011039544
26,1,916206,0,200,17.85,0.05,2.98,20.402,0.05201046093494538,-1.9539864667862616e-05,0.08599999999999852,-0.00022720772869608085,0.0192258064516129,0.0,-0.1162790697674438,-0.023073355785824555
26,1,916249,0,200,17.73,0.05,2.98,20.445,0.051108205295847656,-2.3423756002296957e-05,0.08599999999999852,-0.00027236925584066696,0.0192258064516129,0.0,0.0,-0.01927214395949429
26,1,916292,0,200,17.73,0.05,2.98,20.488,0.0503530565544289,-2.7325345830691016e-05,0.08599999999999852,-0.00031773657942664517,0.0192258064516129,0.0,0.0,-0.0057398298577586776
26,1,916335,0,200,17.73,0.05,2.98,20.531,0.05061457992808042,-3.002472233664921e-05,0.08600000000000207,-0.0003491246783331219,0.0192258064516129,-0.007501875468867031,0.0,0.007412363061343733
26,1,916378,0,200,17.62,0.05,2.88,20.574,0.050990519777704475,-3.066378214767118e-05,0.08699999999999974,-0.00035245726606518706,0.01858064516129032,-0.007415647015202093,0.0,0.006012031578195779
26,1,916422,0,200,17.62,0.05,2.88,20.618,0.05113762667538345,-2.9079562986642494e-05,0.0849999999999973,-0.0003421125057252167,0.01858064516129032,0.0,0.0,0.011383958617772229
26,1,916463,0,200,17.51,0.05,2.88,20.659,0.051958156260215084,-2.5836037706246096e-05,0.08400000000000318,-0.000307571877455299,0.01858064516129032,0.0,0.0,0.021287691277883047
26,1,916506,0,200,17.51,0.05,2.88,20.702,0.05292579274272569,-2.195311743365691e-05,0.08600000000000207,-0.00025526880736809746,0.01858064516129032,0.0,0.0,0.007602423652660215
26,1,916549,0,200,17.4,0.05,2.88,20.745,0.05261196469434388,-1.849725005950953e-05,0.08599999999999852,-0.00021508430301755638,0.01858064516129032,0.0,0.0,0.0009122908383193247
26,1,916592,0,200,17.4,0.05,2.88,20.788,0.05300424975482115,-1.6240207062484746e-05,0.08599999999999852,-0.00018883961700563983,0.01858064516129032,0.0,0.1162790697674438,0.01733352592806588
26,1,916635,0,200,17.29,0.06,2.88,20.831,0.05410264792415752,-1.5505773509577826e-05,0.08699999999999974,-0.00017822728171928588,0.01858064516129032,-0.007415647015202093,0.11494252873563246,0.016946414011039305
26,1,916679,0,200,17.29,0.06,2.78,20.875,0.05447858777378157,-1.6197830952632943e-05,0.08699999999999974,-0.000186181964972793,0.01793548387096774,0.0,0.0,0.0067635355254702404
26,1,916722,0,200,17.18,0.06,2.88,20.918,0.05469107551487343,-1.7933903286283305e-05,0.08599999999999852,-0.00020853375914283272,0.01858064516129032,0.007501875468867341,0.0,0.0030409694610642273
26,1,916765,0,200,17.18,0.06,2.88,20.961,0.05474011114743309,-2.022057247606579e-05,0.08600000000000207,-0.00023512293576820117,0.01858064516129032,-0.007501875468867031,-0.116279069767439,-0.007260314588290371
26,1,916808,0,200,17.07,0.05,2.78,21.004,0.05406668846028044,-2.263214348119691e-05,0.08800000000000097,-0.0002571834486499621,0.01793548387096774,-0.007331378299120149,-0.11363636363636233,-0.007281048470979598
26,1,916853,0,200,17.07,0.05,2.78,21.049,0.054099378881986876,-2.4928613676372447e-05,0.08899999999999864,-0.0002800967828805936,0.01793548387096774,0.0,0.0,-0.0014692324362445507
26,1,916897,0,200,16.96,0.05,2.78,21.093,0.05393592677345468,-2.703205573061851e-05,0.08699999999999974,-0.0003107132842599838,0.01793548387096774,0.0,0.0,-0.0060120315781958585
26,1,916940,0,200,16.85,0.05,2.78,21.136,0.05357633213468384,-2.886172975740564e-05,0.08599999999999852,-0.00033560150880704813,0.01793548387096774,0.0,0.1162790697674438,-0.01714346533674939
26,1,916983,0,200,16.85,0.06,2.78,21.179,0.052461588754494255,-3.015819491723626e-05,0.08600000000000207,-0.0003506766850841341,0.01793548387096774,0.0,0.0,-0.018093768293331168
26,1,917026,0,200,16.85,0.05,2.78,21.222,0.05202026806145732,-3.046666792390207e-05,0.08600000000000207,-0.0003542635805104806,0.01793548387096774,0.0,-0.116279069767439,-0.01942419243254678
26,1,917069,0,200,16.85,0.05,2.78,21.265,0.05079110820529519,-2.934787815677664e-05,0.08699999999999974,-0.0003373319328365141,0.01793548387096774,-0.007415647015202093,0.0,-0.010521055261842712
26,1,917113,0,200,16.74,0.05,2.68,21.309,0.05110493625367701,-2.671327111329358e-05,0.08699999999999974,-0.0003070490932562489,0.01729032258064516,-0.007415647015202093,0.0,0.0021042110523684945
26,1,917156,0,200,16.74,0.05,2.68,21.352,0.05097417456685125,-2.3062531706911305e-05,0.08599999999999852,-0.0002681689733361826,0.01729032258064516,0.0,0.0,0.00228072709579811
26,1,917199,0,200,16.63,0.05,2.68,21.395,0.05130107878391564,-1.9430836632154948e-05,0.08599999999999852,-0.0002259399608390149,0.01729032258064516,0.0,0.1162790697674438,0.012924120209522865
26,1,917242,0,200,16.63,0.06,2.68,21.438,0.0520856489048702,-1.7024207235260214e-05,0.13299999999999912,-0.0001280015581598521,0.01729032258064516,0.0,0.0,0.008455266967680732
26,1,917332,0,200,16.41,0.05,2.68,21.528,0.05242562929061717,-1.67096964524589e-05,0.13400000000000034,-0.00012469922725715567,0.01729032258064516,0.0,-0.07462686567164156,0.005684230042985368
26,1,917376,0,200,16.41,0.05,2.68,21.572,0.05284733573063024,-1.8605230595604815e-05,0.08699999999999974,-0.00021385322523683758,0.01729032258064516,0.0,0.0,0.016683387629493302
26,1,917419,0,200,16.41,0.05,2.68,21.615,0.053877084014383084,-2.1961691901134282e-05,0.08600000000000207,-0.00025536851047829945,0.01729032258064516,0.0,0.116279069767439,0.020526543862182545
26,1,917462,0,200,16.41,0.06,2.68,21.658,0.05461261850277798,-2.5406045845573377e-05,0.08600000000000207,-0.0002954191377392182,0.01729032258064516,0.0,0.0,0.017675634992434925
26,1,917505,0,200,16.3,0.05,2.68,21.701,0.055397188623732524,-2.7470376857592793e-05,0.08699999999999974,-0.0003157514581332514,0.01729032258064516,-0.007415647015202093,0.0,0.012174363945846528
26,1,917549,0,200,16.3,0.06,2.58,21.745,0.055671788166066626,-2.7199873024368328e-05,0.08699999999999974,-0.00031264221867090123,0.01664516129032258,-0.007415647015202093,0.0,0.012925867893120991
26,1,917592,0,200,16.19,0.05,2.58,21.788,0.05652173913043405,-2.4568589907292715e-05,0.08599999999999852,-0.00028568127799178067,0.01664516129032258,0.0,0.0,0.009465017447562217
26,1,917635,0,200,16.08,0.06,2.58,21.831,0.05648577966655696,-2.05012768132673e-05,0.08599999999999852,-0.00023838693968915875,0.01664516129032258,0.0,0.1162790697674438,0.005473745029915545
26,1,917678,0,200,16.08,0.06,2.58,21.874,0.056992481203006776,-1.649129410840544e-05,0.08800000000000097,-0.00018740106941369614,0.01664516129032258,0.0,0.0,0.0010772979880531513
26,1,917723,0,200,16.08,0.06,2.58,21.919,0.05658058188950564,-1.3998726790233728e-05,0.08900000000000219,-0.00015728906505880206,0.01664516129032258,0.0,0.0,0.006611545963100019
26,1,917767,0,200,15.97,0.06,2.58,21.963,0.05758090879372269,-1.3889309167228524e-05,0.08699999999999974,-0.00015964723180722488,0.01664516129032258,0.0,0.0,0.0060120315781958585
26,1,917810,0,200,15.97,0.06,2.58,22.006,0.05710362863680868,-1.6122430374597484e-05,0.08599999999999852,-0.00018747012063485767,0.01664516129032258,0.0,-0.1162790697674438,-0.005169648083809292
26,1,917853,0,200,15.86,0.05,2.58,22.049,0.0571363190585151,-1.978120065227307e-05,0.08599999999999852,-0.00023001396107294662,0.01664516129032258,0.0,-0.1162790697674438,-0.01030128404935514
26,1,917896,0,200,15.86,0.05,2.58,22.092,0.05621771820856415,-2.3414227667331032e-05,0.08600000000000207,-0.0002722584612480287,0.01664516129032258,-0.007501875468867031,0.116279069767439,-0.011821768779886563
26,1,917939,0,200,15.86,0.06,2.48,22.135,0.05611964694344483,-2.5555471263847273e-05,0.08600000000000207,-0.0002971566426028681,0.016,0.0,0.116279069767439,-0.009731102275405029
26,1,917982,0,200,15.75,0.06,2.58,22.178,0.0553808434128793,-2.5236723733423005e-05,0.08699999999999974,-0.0002900772842922193,0.01664516129032258,0.0,-0.11494252873563246,-0.001503007894548845
26,1,918026,0,200,15.64,0.05,2.48,22.222,0.05598888525661908,-2.2327568439893587e-05,0.08699999999999974,-0.00025663871769992705,0.016,-0.007415647015202093,0.0,-0.0037575197363723116
26,1,918069,0,200,15.64,0.06,2.48,22.265,0.05505393919581491,-1.7605220898972096e-05,0.08799999999999741,-0.00020005932839741608,0.016,0.0,0.0,-0.005943713037534699
26,1,918114,0,200,15.64,0.05,2.48,22.31,0.055465838509316044,-1.2532676035822643e-05,0.08800000000000097,-0.00014241677313434666,0.016,0.0,0.0,0.0020802995631370056
26,1,918157,0,200,15.53,0.06,2.48,22.353,0.05523700555737097,-8.803029354554681e-06,0.08600000000000207,-0.00010236080644830778,0.016,0.0,0.0,0.00421934512722643
26,1,918200,0,200,15.53,0.05,2.48,22.396,0.055828702190257526,-7.786216617316378e-06,0.08699999999999974,-8.949674272777472e-05,0.016,0.0,0.0,0.01303859348521218
26,1,918244,0,200,15.53,0.06,2.48,22.44,0.056371363190584424,-1.0054206314380032e-05,0.08699999999999974,-0.00011556558982046047,0.016,0.0,0.0,0.012287089537937638
26,1,918287,0,200,15.42,0.05,2.48,22.483,0.0568976789800581,-1.5137906622266772e-05,0.08599999999999852,-0.00017602217002636085,0.016,0.0,0.0,0.0019386180314284137
26,1,918330,0,200,15.42,0.06,2.48,22.526,0.056538084341287265,-2.160363019518119e-05,0.08599999999999852,-0.00025120500226955304,0.016,0.0,0.1162790697674438,-0.012163877844256748
26,1,918373,0,200,15.31,0.06,2.48,22.569,0.055851585485452035,-2.7453756063674283e-05,0.08599999999999852,-0.0003192297216706367,0.016,0.0,0.0,-0.015775029079270444
26,1,918416,0,200,15.31,0.06,2.48,22.612,0.05518143184047003,-3.075827253068653e-05,0.08600000000000207,-0.0003576543317521603,0.016,-0.007501875468867051,-0.116279069767439,-0.004903563255965794
26,1,918459,0,200,15.31,0.05,2.38,22.655,0.055429879045438966,-3.0320527109671593e-05,0.08900000000000219,-0.0003406800798839421,0.015354838709677418,-0.007249003262051305,0.0,-0.0040036583887661644
26,1,918505,0,200,15.2,0.06,2.38,22.701,0.05482510624386983,-2.612439687752577e-05,0.08899999999999864,-0.0002935325491856873,0.015354838709677418,0.0,0.0,-0.00675846920672473
26,1,918548,0,200,15.09,0.05,2.38,22.744,0.054828375286040475,-1.9371773608853892e-05,0.08599999999999852,-0.00022525318149830493,0.015354838709677418,0.0,0.0,-0.009465017447562297
26,1,918591,0,200,15.09,0.06,2.38,22.787,0.05401111474337949,-1.2095073764979426e-05,0.08599999999999852,-0.00014064039261604225,0.015354838709677418,0.0,0.0,-0.011555683952044
26,1,918634,0,200,15.09,0.05,2.38,22.83,0.05383458646616471,-6.508856220156289e-06,0.08600000000000207,-7.568437465297828e-05,0.015354838709677418,0.0,-0.116279069767439,-0.013266229273892014
26,1,918677,0,200,14.98,0.05,2.38,22.873,0.05287021902582475,-4.336854987646799e-06,0.0870000000000033,-4.984890790398431e-05,0.015354838709677418,0.0,0.0,-0.014428875787669247
26,1,918721,0,200,14.98,0.05,2.38,22.917,0.052579274272637436,-6.311577625364162e-06,0.08699999999999974,-7.254686925705954e-05,0.015354838709677418,0.0,0.0,-0.021793614470959805
26,1,918764,0,200,14.98,0.05,2.38,22.96,0.05097417456685125,-1.1962137409139651e-05,0.08599999999999852,-0.00013909462103650996,0.015354838709677418,0.0,0.0,-0.025506131354676036
26,1,918807,0,200,14.87,0.05,2.38,23.003,0.050385746976135334,-1.973191249590611e-05,0.08599999999999852,-0.0002294408429756564,0.015354838709677418,0.0,0.1162790697674438,-0.0018625937949017697
26,1,918850,0,200,14.87,0.06,2.38,23.046,0.0508139915004897,-2.7402636184270523e-05,0.08800000000000097,-0.0003113935930030707,0.015354838709677418,0.0,0.0,0.011404499390769197
26,1,918895,0,200,14.87,0.05,2.38,23.091,0.051389342922523035,-3.272720509323346e-05,0.08900000000000219,-0.0003677214055419399,0.015354838709677418,-0.007249003262051285,-0.11235955056179493,0.004811736228700476
26,1,918939,0,200,14.76,0.05,2.28,23.135,0.051242236024844054,-3.409012105941933e-05,0.08699999999999974,-0.0003918404719473498,0.014709677419354838,-0.007415647015202093,0.0,0.005110226841466423
26,1,918982,0,200,14.65,0.05,2.28,23.178,0.05183393265773061,-3.096960165342066e-05,0.08599999999999852,-0.00036011164713280457,0.014709677419354838,0.0,0.0,0.0057398298577586776
26,1,919025,0,200,14.76,0.05,2.28,23.221,0.05173586139261129,-2.4036175840266072e-05,0.08599999999999852,-0.0002794904167472847,0.014709677419354838,0.0,0.0,0.006690132814341284
26,1,919068,0,200,14.65,0.05,2.28,23.264,0.05240928407976395,-1.4884517211541048e-05,0.08599999999999852,-0.00017307578152955005,0.014709677419354838,0.0,0.0,0.008020556953556869
26,1,919111,0,200,14.54,0.05,2.28,23.307,0.05242562929061717,-5.550118211069322e-06,0.08600000000000207,-6.453625826824637e-05,0.014709677419354838,0.0,0.0,-0.0007602423652661667
26,1,919154,0,200,14.54,0.05,2.28,23.35,0.05234390323635106,1.9946356971769496e-06,0.08699999999999974,2.2926847093987993e-05,0.014709677419354838,0.0,0.11494252873563246,-0.003006015789098009
26,1,919198,0,200,14.54,0.06,2.28,23.394,0.052164105916965645,6.2343450483126616e-06,0.08699999999999974,7.165913848635265e-05,0.014709677419354838,0.0,0.11494252873563246,-0.005260527630921316
26,1,919241,0,200,14.54,0.06,2.28,23.437,0.05188623733246091,6.353921326808454e-06,0.08400000000000318,7.564192055724063e-05,0.014709677419354838,0.0,-0.11904761904761448,-0.007783433739628042
26,1,919282,0,200,14.43,0.05,2.28,23.478,0.051510297482836864,2.3456248464754914e-06,0.08399999999999963,2.7924105315184544e-05,0.014709677419354838,0.0,-0.11904761904761951,0.0006226746991704349
26,1,919325,0,200,14.32,0.05,2.28,23.521,0.051938542007191224,-4.99739274912514e-06,0.08599999999999852,-5.810921801308403e-05,0.014709677419354838,0.0,0.0,0.0026988603966944503
26,1,919368,0,200,14.32,0.05,2.28,23.564,0.05174239947695258,-1.4197697974086764e-05,0.08699999999999974,-0.00016319193073662994,0.014709677419354838,0.0,0.0,-0.005260527630921396
26,1,919412,0,200,14.32,0.05,2.28,23.608,0.051480876103301064,-2.3337326576048146e-05,0.08699999999999974,-0.00026824513305802544,0.014709677419354838,0.0,0.0,-0.00676353552547032
26,1,919455,0,200,14.32,0.05,2.28,23.651,0.05115397188623667,-3.043969028687732e-05,0.08599999999999852,-0.0003539498870567191,0.014709677419354838,0.0,0.0,-0.008362666017926484
26,1,919498,0,200,14.21,0.05,2.28,23.694,0.0507616868257594,-3.394975027670455e-05,0.08599999999999852,-0.00039476453810122247,0.014709677419354838,-0.007501875468867321,0.0,-0.009883150748458558
26,1,919541,0,200,14.21,0.05,2.18,23.737,0.050304020921869246,-3.318697882059585e-05,0.08699999999999974,-0.0003814595266735166,0.01406451612903226,-0.007415647015202073,0.0,-0.011272559209117175
26,1,919585,0,200,14.21,0.05,2.18,23.781,0.04978097417456621,-2.858595969410471e-05,0.0870000000000033,-0.000328574249357513,0.01406451612903226,0.0,0.0,-0.012775567103665578
26,1,919628,0,200,14.1,0.05,2.18,23.824,0.0491925465838503,-2.1585078337470253e-05,0.08800000000000097,-0.00024528498110761384,0.01406451612903226,0.0,0.0,-0.0038634134743972958
26,1,919673,0,200,14.1,0.05,2.18,23.869,0.04944099378881924,-1.4178263165501637e-05,0.08899999999999864,-0.00015930632770226803,0.01406451612903226,0.0,0.0,0.009072510293809795
26,1,919717,0,200,13.99,0.05,2.18,23.913,0.04999999999999936,-8.302227611191704e-06,0.08699999999999974,-9.542790357691642e-05,0.01406451612903226,0.0,0.0,0.006425358749196752
26,1,919760,0,200,13.99,0.05,2.18,23.956,0.04999999999999936,-5.283540952506715e-06,0.08599999999999852,-6.143652270356751e-05,0.01406451612903226,0.0,0.0,0.0
26,1,919803,0,200,13.88,0.05,2.18,23.999,0.04999999999999936,-5.5125658150325664e-06,0.08600000000000207,-6.409960250037713e-05,0.01406451612903226,0.0,0.0,0.0
26,1,919846,0,200,13.88,0.05,2.18,24.042,0.04999999999999936,-8.414628336775642e-06,0.08699999999999974,-9.671986593995019e-05,0.01406451612903226,0.0,0.0,0.0
26,1,919890,0,200,13.88,0.05,2.18,24.086,0.04999999999999936,-1.270456216608773e-05,0.08699999999999974,-0.00014602945018491687,0.01406451612903226,0.0,0.0,0.0
26,1,919933,0,200,13.88,0.05,2.18,24.129,0.04999999999999936,-1.68446956881807e-05,0.08600000000000207,-0.00019586855451372436,0.01406451612903226,0.0,0.0,0.0
26,1,919976,0,200,13.77,0.05,2.18,24.172,0.04999999999999936,-1.9565491996921038e-05,0.08599999999999852,-0.00022750572089443459,0.01406451612903226,-0.007501875468867361,0.0,0.0
26,1,920019,0,200,13.77,0.05,2.08,24.215,0.04999999999999936,-2.0258047017329694e-05,0.08800000000000097,-0.00023020507974238035,0.013419354838709678,-0.007331378299120169,0.0,0.0
26,1,920064,0,200,13.66,0.05,2.08,24.26,0.04999999999999936,-1.9059072179952175e-05,0.08999999999999986,-0.00021176746866613562,0.013419354838709678,0.0,0.0,0.0
26,1,920109,0,200,13.66,0.05,2.08,24.305,0.04999999999999936,-1.6584310065884012e-05,0.08799999999999741,-0.00018845806893050566,0.013419354838709678,0.007331378299120465,0.0,0.0
26,1,920152,0,200,13.66,0.05,2.18,24.348,0.04999999999999936,-1.3491558050113816e-05,0.08699999999999974,-0.00015507537988636617,0.01406451612903226,0.007415647015202113,0.0,0.0
26,1,920196,0,200,13.66,0.05,2.18,24.392,0.04999999999999936,-1.0191761060235116e-05,0.08699999999999974,-0.00011714667885327754,0.01406451612903226,-0.007415647015202113,0.0,0.0
26,1,920239,0,200,13.55,0.05,2.08,24.435,0.04999999999999936,-6.91128896501958e-06,0.08600000000000207,-8.036382517464434e-05,0.013419354838709678,-0.007501875468867051,0.0,7.745742032268347e-15
26,1,920282,0,200,13.44,0.05,2.08,24.478,0.050000000000000024,-4.009999838424427e-06,0.08600000000000207,-4.662790509795733e-05,0.013419354838709678,0.0,0.0,7.665057219432218e-15
26,1,920325,0,200,13.55,0.05,2.08,24.521,0.05000000000000002,-2.2488798924475973e-06,0.08699999999999974,-2.5849194166064414e-05,0.013419354838709678,0.0,0.0,-7.975740119433619e-17
26,1,920369,0,200,13.44,0.05,2.08,24.565,0.05000000000000002,-2.753821317092786e-06,0.08699999999999974,-3.1653118587273495e-05,0.013419354838709678,0.0,0.0,0.0
26,1,920412,0,200,13.44,0.05,2.08,24.608,0.05000000000000002,-6.645922497533707e-06,0.08599999999999852,-7.727816857597466e-05,0.013419354838709678,0.0,0.0,0.0
26,1,920455,0,200,13.33,0.05,2.08,24.651,0.05000000000000002,-1.4502629010989309e-05,0.09600000000000009,-0.00015106905219780517,0.013419354838709678,0.0,0.0,-7.22801448323669e-17
26,1,920508,0,200,13.33,0.05,2.08,24.704,0.05000000000000001,-2.588803242093407e-05,0.09600000000000009,-0.0002696670043847297,0.013419354838709678,0.0,0.0,-7.22801448323669e-17
26,1,920551,0,200,13.33,0.05,2.08,24.747,0.05000000000000001,-3.9171066993422875e-05,0.08599999999999852,-0.0004554775231793436,0.013419354838709678,0.0,0.0,0.0
26,1,920594,0,200,13.33,0.05,2.08,24.79,0.05000000000000001,-5.1770788790402645e-05,0.08699999999999974,-0.0005950665378207218,0.013419354838709678,0.0,0.0,0.0
26,1,920638,0,200,13.22,0.05,2.08,24.834,0.05000000000000001,-6.0828958192598035e-05,0.08699999999999974,-0.0006991834275011289,0.013419354838709678,-0.007415647015202113,0.0,-7.975740119433619e-17
26,1,920681,0,200,13.11,0.05,1.98,24.877,0.05,0.0,0.0,0.0,0.012774193548387096,0.0,0.0,0.0
