MS,MPT,t (ms),PWMi,PWMe,Pressure (Psi),LW raw(V),Displacement (mm),t_rel(s),LW (V),delta d (m),delta t (s),vel (m/s),strain,strain rate (1/s),dv/dt raw,dv/dt
27,2,1047718,0,195,12.89,0.05,1.98,0.0,-0.02513739883305084,0.0,0.0,0.0,0.0,0.0,0.0,0.0
27,2,1047760,255,0,12.89,0.05,1.98,0.042,0.038947863730472515,0.0027536891438732303,0.084,0.03278201361753846,0.012774193548387096,0.007680491551459308,0.0,1.4897226833317045
27,2,1047802,255,0,16.08,0.05,2.08,0.084,0.09999930656681234,0.0031831583647549664,0.08299999999999999,0.03835130559945743,0.013419354838709678,0.17800233190827827,0.3614457831325302,1.4325438499020695
27,2,1047843,255,0,32.71,0.08,4.27,0.125,0.15784900327234427,0.003733259592581491,0.083,0.04497903123592158,0.02754838709677419,0.46327244461717826,1.2048192771084336,1.3533701310437543
27,2,1047885,255,0,47.8,0.15,8.04,0.167,0.21232902744344395,0.004220511923196578,0.08299999999999999,0.05084954124333227,0.051870967741935475,0.5705402254178001,1.927710843373494,1.2701499928209974
27,2,1047926,255,0,57.82,0.24,11.61,0.208,0.26327145267648705,0.004483301712244648,0.08299999999999999,0.05401568328005601,0.0749032258064516,0.4935872522347457,2.168674698795181,1.1828834352337982
27,2,1047968,255,0,64.65,0.33,14.39,0.25,0.3105083525678492,0.004429508181788022,0.08399999999999999,0.05273224025938122,0.09283870967741936,0.35791090629800326,1.9047619047619053,1.078575571874036
27,2,1048010,255,0,69.38,0.4,16.27,0.292,0.35387180071390606,0.0040557223745110865,0.08600000000000002,0.047159562494314945,0.10496774193548387,0.2453113278319579,1.395348837209302,0.9614595132928386
27,2,1048054,255,0,73.02,0.45,17.66,0.336,0.39319387071103334,0.003436161769504649,0.08500000000000002,0.040425432582407626,0.11393548387096775,0.18064516129032243,0.8235294117647051,0.8757039463729467
27,2,1048095,255,0,75.66,0.47,18.65,0.377,0.42830663615560655,0.002690844567014274,0.08299999999999996,0.03241981406041296,0.12032258064516128,0.13913719393703852,0.4819277108433735,0.7933530112405062
27,2,1048137,255,0,77.86,0.49,19.45,0.419,0.45904217064399533,0.001947436086863469,0.08300000000000002,0.02346308538389721,0.12548387096774194,0.10804508356004663,0.36144578313253034,0.7272634178425897
27,2,1048178,255,0,79.74,0.5,20.04,0.46,0.4886694998365415,0.001309434460222132,0.08300000000000002,0.01577631879785701,0.12929032258064516,0.08472600077730273,0.12048192771084346,0.6203696774676262
27,2,1048220,255,0,81.39,0.5,20.54,0.502,0.5105328538738083,0.0008379239957433384,0.08300000000000002,0.010095469828232992,0.13251612903225807,0.07695297318305482,0.12048192771084346,0.4147744951692963
27,2,1048261,255,0,82.93,0.51,21.03,0.543,0.5230957829355931,0.0005481688087483434,0.08199999999999996,0.0066849854725407765,0.1356774193548387,0.06215578284815088,0.12195121951219529,0.2072652468924143
27,2,1048302,255,0,84.14,0.51,21.33,0.584,0.5275286041189863,0.0004178993169130578,0.08299999999999996,0.005034931529072988,0.13761290322580644,0.05441119315973575,0.0,0.04742080449946054
27,2,1048344,255,0,85.46,0.51,21.73,0.626,0.5270317097090483,0.00040201056575431694,0.08300000000000007,0.004843500792220682,0.14019354838709677,0.054411193159736006,0.12048192771084337,-0.041985529565137424
27,2,1048385,255,0,86.67,0.52,22.03,0.667,0.5240438051650799,0.0004483391080343857,0.08499999999999996,0.005274577741581011,0.14212903225806453,0.044781783681214334,0.11764705882352956,-0.06380401130703897
27,2,1048429,255,0,87.78,0.52,22.32,0.711,0.52160836874795,0.0005105118770240437,0.08599999999999997,0.00593618461655865,0.144,0.04426106526631649,0.0,-0.03637759717797979
27,2,1048471,255,0,88.88,0.52,22.62,0.753,0.5209153318077736,0.000555767095589406,0.08300000000000007,0.006695989103486814,0.14593548387096775,0.03886513797123986,0.0,-0.010831163818397561
27,2,1048512,255,0,89.76,0.52,22.82,0.794,0.520709382151023,0.0005674728844060617,0.08299999999999996,0.006837022703687494,0.1472258064516129,0.038865137971239916,0.0,-0.0033084282208928756
27,2,1048554,255,0,90.64,0.52,23.12,0.836,0.5206407322654395,0.0005433825052737262,0.08299999999999996,0.006546777171972608,0.14916129032258066,0.038865137971239916,0.0,0.005907907537308133
27,2,1048595,255,0,91.52,0.52,23.32,0.877,0.5211997384766196,0.0004913026004394254,0.08200000000000007,0.00599149512731006,0.1504516129032258,0.030684500393390986,0.0,0.01706280547604351
27,2,1048636,255,0,92.29,0.52,23.51,0.918,0.5220398823144751,0.00042389612179614744,0.08299999999999996,0.005107182190315032,0.15167741935483872,0.03031480761756704,0.0,0.01571503404923982
27,2,1048678,255,0,93.06,0.52,23.71,0.96,0.5225040863027065,0.00035401142771873494,0.08299999999999985,0.0042651979243221155,0.15296774193548388,0.02331908278274378,0.0,0.023080225445751754
27,2,1048719,255,0,93.72,0.52,23.81,1.001,0.5239555410264725,0.0002914311875560749,0.08299999999999996,0.0035112191271816267,0.15361290322580645,0.015546055188495831,0.0,0.028869974832314255
27,2,1048761,255,0,94.38,0.52,23.91,1.043,0.5249002942137886,0.00024139924559870706,0.08600000000000008,0.0028069679720779867,0.15425806451612903,0.022505626406601493,0.11627906976744186,0.009198932619718837
27,2,1048805,255,0,95.04,0.53,24.11,1.087,0.5247466492317683,0.00020478130537213702,0.08499999999999996,0.0024091918279074954,0.15554838709677418,0.022770398481973632,0.11764705882352956,0.003922850604772234
27,2,1048846,255,0,95.48,0.53,24.21,1.128,0.5252337365151942,0.00017932272749318656,0.08200000000000007,0.0021868625304047123,0.1561935483870968,0.015735641227379908,-0.12195121951219512,0.012478173163555348
27,2,1048887,255,0,95.93,0.52,24.31,1.169,0.5257698594311798,0.00016129535516241233,0.08300000000000018,0.0019433175320772527,0.15683870967741934,0.01554605518849579,0.0,0.019850569325355862
27,2,1048929,255,0,96.26,0.53,24.41,1.211,0.5268813337691988,0.00014693572357998619,0.08299999999999996,0.0017703099226504368,0.15748387096774194,0.0077730275942482505,0.12048192771084354,0.016108894551727832
27,2,1048970,255,0,96.48,0.53,24.41,1.252,0.5271068976789732,0.00013337256717060696,0.08299999999999996,0.0016068983996458677,0.15748387096774194,0.007773027594247916,0.0,0.005238344683080386
27,2,1049012,255,0,96.7,0.53,24.51,1.294,0.5273161163778944,0.0001190218546122388,0.08299999999999996,0.0014339982483402272,0.15812903225806452,0.015546055188495831,0.0,0.004450623678105701
27,2,1049053,255,0,96.81,0.53,24.61,1.335,0.527476299444256,0.00010356237277257207,0.08299999999999996,0.0012477394309948447,0.1587741935483871,0.007773027594247916,0.0,0.002875181668157668
27,2,1049095,255,0,96.92,0.53,24.61,1.377,0.5275547564563515,8.76239124474587e-05,0.08600000000000008,0.001018882702877426,0.1587741935483871,0.0,-0.11627906976744186,0.0004941575374231368
27,2,1049139,255,0,97.03,0.52,24.61,1.421,0.5275187969924744,7.232488975382622e-05,0.08499999999999996,0.0008508810559273676,0.1587741935483871,0.007590132827324436,-0.11764705882352956,-0.0025767744168612434
27,2,1049180,255,0,97.03,0.52,24.71,1.462,0.5273357306309183,5.881059839934366e-05,0.08299999999999996,0.0007085614264981167,0.15941935483870967,0.007773027594247916,0.12048192771084354,0.0001575442009954721
27,2,1049222,255,0,97.03,0.53,24.71,1.504,0.527531873161157,4.791505347036207e-05,0.08299999999999996,0.000577289800847736,0.15941935483870967,0.0,0.12048192771084354,0.002560093266166724
27,2,1049263,255,0,97.03,0.53,24.71,1.545,0.5275482183720102,3.999848667630701e-05,0.08200000000000007,0.00048778642288179234,0.15941935483870967,0.0,0.0,0.002391982076080309
27,2,1049304,255,0,97.03,0.53,24.71,1.586,0.5277280156913956,3.495329987680762e-05,0.08299999999999996,0.0004211240949012968,0.15941935483870967,0.006995724834823291,-0.12048192771084354,-0.004568781828852639
27,2,1049346,255,0,97.03,0.52,24.8,1.628,0.5271690094802154,3.232829968143136e-05,0.08299999999999996,0.0003894975865232696,0.16,0.006995724834823291,0.0,-0.005159572582583319
27,2,1049387,255,0,97.03,0.53,24.8,1.669,0.5272997711670412,3.147897263292521e-05,0.08200000000000007,0.0003838899101576242,0.16,0.0,0.12195121951219512,0.004783964152161972
27,2,1049428,255,0,97.03,0.53,24.8,1.71,0.5275612945406927,3.165891677675603e-05,0.08199999999999985,0.0003860843509360499,0.16,0.0,0.0,0.014790422503766715
27,2,1049469,255,0,97.03,0.53,24.8,1.751,0.52851258581235,3.205843064461433e-05,0.08099999999999996,0.0003957830943779549,0.16,0.0,0.0,0.014367642132707822
27,2,1049509,255,0,97.03,0.53,24.8,1.791,0.528725073553442,3.188809537891046e-05,0.08100000000000018,0.0003936801898630912,0.16,0.0,0.0,0.007264538156987374
27,2,1049550,255,0,97.03,0.53,24.8,1.832,0.529101013403066,3.0583011993851274e-05,0.08300000000000018,0.0003684700240223037,0.16,0.007773027594247895,0.0,0.00015754420099413406
27,2,1049592,255,0,97.03,0.53,24.9,1.874,0.5287381497221245,2.806746891766565e-05,0.08299999999999996,0.0003381622761164538,0.16064516129032258,0.007773027594247916,-0.12048192771084354,-0.011303796421383992
27,2,1049633,255,0,97.03,0.52,24.9,1.915,0.5281627983000912,2.4895784618809812e-05,0.08299999999999996,0.0002999492122748172,0.16064516129032258,0.0,0.0,-0.005947293587556667
27,2,1049675,255,0,97.03,0.53,24.9,1.957,0.5282445243543573,2.2104387826875182e-05,0.08299999999999996,0.0002663179256250023,0.16064516129032258,0.0,0.12048192771084354,0.003150884019898741
27,2,1049716,255,0,97.03,0.53,24.9,1.998,0.5284243216737428,2.077984713584513e-05,0.08299999999999996,0.000250359604046327,0.16064516129032258,0.0,0.0,0.012249061627351473
27,2,1049758,255,0,97.03,0.53,24.9,2.04,0.5292611964694275,2.1534639273554036e-05,0.08299999999999996,0.0002594534852235427,0.16064516129032258,0.0,0.0,0.0
27,2,1049799,255,0,96.92,0.53,24.9,2.081,0.5284243216737428,2.4147471763537707e-05,0.08199999999999985,0.0002944813629699726,0.16064516129032258,0.0,0.0,-0.005581291510854521
27,2,1049840,255,0,96.92,0.53,24.9,2.122,0.5288035305655374,2.754423713806986e-05,0.08599999999999985,0.0003202818271868594,0.16064516129032258,0.0,-0.11627906976744216,-0.00015204847305376977
27,2,1049885,255,0,97.03,0.52,24.9,2.167,0.5284112455050601,3.013437964919774e-05,0.0860000000000003,0.0003503997633627632,0.16064516129032258,0.0075018754688671455,0.0,-0.007602423652660048
27,2,1049926,255,0,96.92,0.53,25.0,2.208,0.5281497221314086,3.0351601796773765e-05,0.08300000000000018,0.00036568194935871927,0.16129032258064516,0.007773027594247895,0.1204819277108432,-0.004726326029846762
27,2,1049968,255,0,96.92,0.53,25.0,2.25,0.5280189604445829,2.7155459030495875e-05,0.08299999999999974,0.0003271742051866983,0.16129032258064516,0.0,0.0,-0.0015754420099493747
27,2,1050009,255,0,96.92,0.53,25.0,2.291,0.5280189604445829,2.0302840149241775e-05,0.08300000000000018,0.00024461253191857506,0.16129032258064516,0.0,0.0,0.0083104566024807
27,2,1050051,255,0,96.92,0.53,25.0,2.333,0.5287087283425888,1.0378834968239658e-05,0.08300000000000018,0.0001250462044366221,0.16129032258064516,-0.007773027594247895,0.0,0.003584130572633939
27,2,1050092,255,0,97.03,0.53,24.9,2.374,0.5283164432821115,-1.2603979235557006e-06,0.08299999999999974,-1.5185517151273549e-05,0.16064516129032258,0.0,0.0,-0.004883870230840921
27,2,1050134,255,0,96.92,0.53,25.0,2.416,0.528303367113429,-1.2493447534225765e-05,0.08299999999999974,-0.00015052346426778078,0.16129032258064516,0.0077730275942479365,-0.12048192771084386,-0.002087460663181651
27,2,1050175,255,0,96.92,0.52,25.0,2.457,0.5281431840470674,-2.044081277194465e-05,0.0820000000000003,-0.0002492782045359095,0.16129032258064516,0.0,0.0,-0.012119375852144895
27,2,1050216,255,0,96.92,0.53,25.0,2.498,0.5273095782935531,-2.1714850395959217e-05,0.08499999999999996,-0.0002554688281877556,0.16129032258064516,0.0,0.0,-0.016922100648040495
27,2,1050260,255,0,97.03,0.52,25.0,2.542,0.526704805491984,-1.3145514867911601e-05,0.08599999999999985,-0.000152854824045484,0.16129032258064516,0.0,0.0,-0.011403635478990131
27,2,1050302,255,0,96.92,0.53,25.0,2.584,0.5263288656423599,7.0051016033509936e-06,0.08300000000000018,8.439881449820456e-05,0.16129032258064516,0.0,0.1204819277108432,-0.010437303315910874
27,2,1050343,255,0,96.92,0.53,25.0,2.625,0.5258385093167633,3.7608446124234976e-05,0.08299999999999974,0.000453113808725724,0.16129032258064516,0.0,0.0,-0.006459312240790297
27,2,1050385,255,0,96.92,0.53,25.0,2.667,0.5257927427263743,7.348294426216028e-05,0.08300000000000018,0.0008853366778573508,0.16129032258064516,0.0,0.0,-0.0020874606631816396
27,2,1050426,255,0,96.92,0.53,25.0,2.708,0.5256652500817193,0.00010497580963290787,0.0820000000000003,0.0012801928004013109,0.16129032258064516,0.00786782061369027,-0.12195121951219479,-0.0037075722179252812
27,2,1050467,255,0,96.92,0.52,25.1,2.749,0.5254887218045045,0.00011872942443271484,0.08299999999999974,0.0014304749931652436,0.16193548387096776,0.007773027594248271,-0.12048192771084386,-0.004450623678105713
27,2,1050509,255,0,96.92,0.52,25.1,2.791,0.5252958483164365,9.980989443529608e-05,0.08299999999999974,0.001202528848618029,0.16193548387096776,-0.007773027594248271,0.0,0.0022843909144269945
27,2,1050550,255,0,96.92,0.52,25.0,2.832,0.5256783262504019,3.504599144172005e-05,0.08300000000000018,0.00042224086074361413,0.16129032258064516,0.0,0.0,0.006065451738303589
27,2,1050592,255,0,96.92,0.52,25.1,2.874,0.5257992808107157,-8.298860460746126e-05,0.0860000000000003,-0.0009649837745053602,0.16193548387096776,0.007501875468867468,0.11627906976744155,-0.0034591027619619488
27,2,1050636,255,0,96.92,0.53,25.1,2.918,0.5253808434128732,-0.000252403368412331,0.08499999999999996,-0.0029694513930862486,0.16193548387096776,0.0,0.11764705882352956,-0.002269099859624333
27,2,1050677,0,195,96.81,0.53,25.1,2.959,0.5256064073226476,-0.00046022931023360767,0.08199999999999985,-0.005612552563824494,0.16193548387096776,-0.007867820613690313,0.0,-0.01387349604126935
27,2,1050718,0,195,93.83,0.53,25.0,3.0,0.5242432167374891,-0.0006836681486038856,0.08299999999999974,-0.008236965645829973,0.16129032258064516,-0.05363389040031127,-0.12048192771084386,-0.0264674257671404
27,2,1050760,0,195,88.33,0.52,24.41,3.042,0.523409610983975,-0.0008945779183363704,0.08300000000000018,-0.010778047208871908,0.15748387096774194,-0.10027205596579836,-0.1204819277108432,-0.02934260743529792
27,2,1050801,0,195,83.59,0.52,23.71,3.083,0.5218077803203593,-0.0010660051015875425,0.08300000000000018,-0.012843434958886025,0.15296774193548388,-0.10027205596579836,0.0,-0.03914973394723092
27,2,1050843,0,195,79.74,0.52,23.12,3.125,0.5201601830663548,-0.001178538026478897,0.08299999999999974,-0.014199253331071093,0.14916129032258066,-0.10027205596579888,0.0,-0.042024915615387466
27,2,1050884,0,195,76.32,0.52,22.42,3.166,0.5183197123242822,-0.0012242950090742327,0.08300000000000018,-0.01475054227800277,0.1446451612903226,-0.10027205596579869,0.0,-0.05892153117208838
27,2,1050926,0,195,73.68,0.52,21.83,3.208,0.5152696959790715,-0.0012074350220798245,0.08300000000000018,-0.014547409904576166,0.14083870967741935,-0.0847260007773029,-0.1204819277108432,-0.08271070552231631
27,2,1050967,0,195,71.26,0.51,21.33,3.249,0.5114547237659299,-0.0011414919230595935,0.08499999999999996,-0.013429316741877577,0.13761290322580644,-0.0751423149905124,-0.11764705882352956,-0.10630155952541051
27,2,1051011,0,195,69.16,0.51,20.84,3.293,0.5062340634194116,-0.0010448540486447655,0.08499999999999996,-0.012292400572291364,0.1344516129032258,-0.07514231499051208,-0.11764705882352956,-0.12972328519508317
27,2,1051052,0,195,67.4,0.5,20.34,3.334,0.5004282445243479,-0.0009360145109336493,0.08299999999999974,-0.011277283264260871,0.13122580645161291,-0.06995724834823176,-0.24096385542168772,-0.13666959436306747
27,2,1051094,0,195,65.97,0.49,19.94,3.376,0.494890487087277,-0.000829894071021318,0.08199999999999985,-0.010120659402699019,0.12864516129032258,-0.062155782848151306,-0.12195121951219545,-0.1452331783860481
27,2,1051134,0,195,64.65,0.49,19.55,3.416,0.48851912389669194,-0.0007359080726425446,0.0820000000000003,-0.008974488690762707,0.12612903225806452,-0.05428796223446087,-0.12195121951219479,-0.15436257664309047
27,2,1051176,0,195,63.55,0.48,19.25,3.458,0.48223275580254354,-0.0006578265394893066,0.08300000000000018,-0.00792562095770247,0.12419354838709677,-0.05441119315973544,-0.1204819277108432,-0.16073447106503708
27,2,1051217,0,195,62.56,0.48,18.85,3.499,0.47517816279829383,-0.0005950110889246645,0.08299999999999974,-0.007168808300297185,0.12161290322580647,-0.05441119315973573,-0.12048192771084386,-0.1719201093356737
27,2,1051259,0,195,61.68,0.47,18.55,3.541,0.4679633867276827,-0.0005443361574651142,0.08299999999999974,-0.006558266957411034,0.11967741935483872,-0.04586086280606316,-0.24096385542168705,-0.1815303055963614
27,2,1051300,0,195,60.9,0.46,18.26,3.582,0.4601111474337959,-0.0005020550441979239,0.08499999999999996,-0.005906529931740284,0.11780645161290323,-0.03719165085389022,-0.2352941176470585,-0.18068188373747432
27,2,1051344,0,195,60.13,0.45,18.06,3.626,0.45260542660999736,-0.00046507445985404417,0.08499999999999996,-0.0054714642335769925,0.11651612903225805,-0.03795066413662234,-0.23529411764705913,-0.17775897544372235
27,2,1051385,0,195,59.47,0.44,17.76,3.667,0.4450016345210795,-0.0004314570694212065,0.08300000000000018,-0.005198277944833802,0.11458064516129034,-0.03109211037699158,-0.1204819277108432,-0.18302697550581207
27,2,1051427,0,195,58.92,0.44,17.66,3.709,0.43741418764301493,-0.00040030241536716813,0.08300000000000018,-0.004822920667074304,0.11393548387096775,-0.023319082782743854,-0.1204819277108432,-0.18125460324462003
27,2,1051468,0,195,58.37,0.43,17.46,3.75,0.429957502451776,-0.0003713337255634954,0.08299999999999974,-0.0044739003079939344,0.11264516129032259,-0.031092110376991916,-0.24096385542168772,-0.17672520746601822
27,2,1051510,0,195,57.93,0.42,17.26,3.792,0.42274599542333546,-0.0003445057909003744,0.08300000000000018,-0.004150672179522573,0.11135483870967743,-0.030314807617567125,-0.1204819277108432,-0.18030933803864987
27,2,1051551,0,195,57.49,0.42,17.07,3.833,0.414991827394568,-0.000319794002795188,0.08300000000000018,-0.0038529397927130997,0.11012903225806452,-0.02254178002331923,-0.1204819277108432,-0.1815303055963611
27,2,1051593,0,195,57.16,0.41,16.97,3.875,0.40767898005883746,-0.0002971486647447037,0.08299999999999974,-0.0035801043945145133,0.10948387096774193,-0.02331908278274398,-0.24096385542168705,-0.1699114207729891
27,2,1051634,0,195,56.83,0.4,16.77,3.916,0.40088917947041,-0.00027651549792683737,0.08199999999999985,-0.003372140218619974,0.10819354838709677,-0.023603461841069755,-0.24390243902439024,-0.1582296143327539
27,2,1051675,0,195,56.5,0.39,16.67,3.957,0.39470415168355166,-0.00025783697299043595,0.08500000000000041,-0.003033376152828644,0.10754838709677421,-0.02277039848197335,-0.11764705882352895,-0.14403015210660658
27,2,1051719,0,195,56.17,0.39,16.47,4.001,0.38864661654134836,-0.00024100124557574886,0.0860000000000003,-0.0028023400648342794,0.10625806451612903,-0.015003750937734614,-0.11627906976744155,-0.13232018367455417
27,2,1051761,0,195,55.84,0.38,16.47,4.043,0.38332461588753997,-0.00022577218728027758,0.0829999999999993,-0.0027201468347021625,0.10625806451612903,-0.007773027594247812,-0.1204819277108445,-0.12965887741879573
27,2,1051802,0,195,55.51,0.38,16.37,4.084,0.3778849297155884,-0.00021178995390630108,0.08199999999999985,-0.0025828043159305055,0.10561290322580646,-0.023603461841069925,-0.12195121951219545,-0.13391112989259837
27,2,1051843,0,195,55.29,0.37,16.17,4.125,0.3723439032363469,-0.0001987025908671356,0.08300000000000018,-0.0023940071188811468,0.1043225806451613,-0.02331908278274402,-0.1204819277108432,-0.11733104369094315
27,2,1051885,0,195,55.07,0.37,16.07,4.167,0.3681464530892401,-0.00018636398897183072,0.08300000000000018,-0.002245349264720847,0.1036774193548387,-0.007773027594248062,-0.1204819277108432,-0.10236434459642951
27,2,1051926,0,195,54.85,0.36,16.07,4.208,0.36384766263484325,-0.00017494475243412744,0.08300000000000018,-0.0021077681016159885,0.1036774193548387,-0.014768752429071,-0.1204819277108432,-0.10500320996309463
27,2,1051968,0,195,54.63,0.36,15.88,4.25,0.3594311866623032,-0.00016486143370013907,0.08300000000000018,-0.0019862823337366106,0.10245161290322581,-0.014768752429071,0.0,-0.09755924646608569
27,2,1052009,0,195,54.41,0.36,15.88,4.291,0.3557502451781581,-0.00015656305188916698,0.08300000000000018,-0.0018863018299899593,0.10245161290322581,-0.007773027594248062,-0.1204819277108432,-0.08042631460789067
27,2,1052051,0,195,54.3,0.35,15.78,4.333,0.3527558025498483,-0.00015028789138091093,0.08499999999999996,-0.0017680928397754234,0.10180645161290322,-0.015180265654649035,-0.11764705882352956,-0.07357267849931577
27,2,1052094,0,195,54.08,0.35,15.68,4.376,0.3494965675057163,-0.00014589714554113088,0.08499999999999996,-0.0017164370063662464,0.10116129032258064,-0.007590132827324436,0.0,-0.08076457127473327
27,2,1052136,0,195,53.86,0.35,15.68,4.418,0.34589081399149596,-0.00014285474828863265,0.0829999999999993,-0.001721141545646191,0.10116129032258064,-0.007773027594247978,-0.12048192771084383,-0.07483349547257297
27,2,1052177,0,195,53.75,0.34,15.58,4.459,0.3432853873814928,-0.00014037194963161247,0.08300000000000018,-0.0016912283088146042,0.10051612903225807,-0.01554605518849579,-0.12048192771084254,-0.06931944843775138
27,2,1052219,0,195,53.53,0.34,15.48,4.501,0.3401372997711626,-0.0001376615681812101,0.08300000000000018,-0.0016585731106169856,0.09987096774193549,-0.01554605518849579,0.0,-0.07290357901038533
27,2,1052260,0,195,53.42,0.34,15.38,4.542,0.3372343903236308,-0.00013417722349065643,0.0829999999999993,-0.001616593054104308,0.09922580645161291,-0.007773027594247978,-0.1204819277108445,-0.07510919782431337
27,2,1052302,0,195,53.31,0.33,15.38,4.584,0.3339032363517446,-0.00012971879386420326,0.08300000000000018,-0.0015628770345084695,0.09922580645161291,-0.007773027594248062,-0.1204819277108432,-0.07633016538202313
27,2,1052343,0,195,53.09,0.33,15.28,4.625,0.33089898659692285,-0.00012439007919238599,0.08300000000000018,-0.0014986756529203097,0.09858064516129032,-0.007773027594248062,0.0,-0.07022532759347166
27,2,1052385,0,195,52.98,0.33,15.28,4.667,0.32807453416148646,-0.0001185035631578213,0.08300000000000018,-0.0014277537729857955,0.09858064516129032,-0.007773027594247895,0.0,-0.06766523432730495
27,2,1052426,0,195,52.87,0.33,15.18,4.708,0.3252827721477565,-0.00011252621254108774,0.08499999999999996,-0.0013238377946010328,0.09793548387096775,-0.015180265654649035,-0.11764705882352956,-0.06299636559429225
27,2,1052470,0,195,52.65,0.32,15.08,4.752,0.3227198430859716,-0.0001070587639609073,0.08499999999999996,-0.0012595148701283218,0.09729032258064516,-0.007590132827324599,-0.11764705882352956,-0.05934273022710117
27,2,1052511,0,195,52.54,0.32,15.08,4.793,0.32023864007845293,-0.00010275936335911062,0.08300000000000018,-0.0012380646187844626,0.09729032258064516,-0.007773027594247895,0.0,-0.06057574528253481
27,2,1052553,0,195,52.42,0.32,14.98,4.835,0.3176920562275212,-0.0001001553215139328,0.08300000000000018,-0.00120669062064979,0.09664516129032258,-0.007773027594247895,-0.1204819277108432,-0.05978802427756146
27,2,1052594,0,195,52.31,0.31,14.98,4.876,0.3152762340634153,-9.940691121949819e-05,0.08300000000000018,-0.001197673629150578,0.09664516129032258,0.0,-0.1204819277108432,-0.06514452711138677
27,2,1052636,0,195,52.09,0.31,14.98,4.918,0.3122850604772761,-0.0001001785361274532,0.0829999999999993,-0.0012069703147886029,0.09664516129032258,-0.007773027594247978,0.0,-0.07030409969397015
27,2,1052677,0,195,52.09,0.31,14.88,4.959,0.30944099378881584,-0.00010173860594655792,0.08300000000000018,-0.0012257663367055145,0.096,-0.015546055188495958,0.0,-0.06479005265914796
27,2,1052719,0,195,51.87,0.31,14.78,5.001,0.3069074861065668,-0.0001032585046809924,0.08300000000000018,-0.0012440783696505081,0.09535483870967741,-0.007773027594248062,0.0,-0.05947293587557052
27,2,1052760,0,195,51.76,0.31,14.78,5.042,0.3045047401111435,-0.00010413577591384105,0.0829999999999993,-0.0012546479025764088,0.09535483870967741,-0.007773027594247978,-0.1204819277108445,-0.0584882846193538
27,2,1052802,0,195,51.65,0.3,14.68,5.084,0.3020529584831605,-0.00010415859269679472,0.08499999999999996,-0.0012253952081975855,0.09470967741935483,-0.007590132827324436,-0.11764705882352956,-0.05634290329404032
27,2,1052845,0,195,51.54,0.3,14.68,5.127,0.29971559333115005,-0.00010345471778884807,0.08499999999999996,-0.0012171143269276248,0.09470967741935483,-0.006831119544591992,0.0,-0.05172778493548406
27,2,1052887,0,195,51.43,0.3,14.59,5.169,0.29765609676364435,-0.00010230342266834746,0.08300000000000018,-0.0012325713574499668,0.09412903225806452,-0.006995724834823106,-0.1204819277108432,-0.05517985639845963
27,2,1052928,0,195,51.32,0.29,14.59,5.21,0.2951356652500779,-0.00010093845042689331,0.08200000000000074,-0.001230956712523078,0.09412903225806452,-0.00786782061368989,-0.12195121951219413,-0.05868329359985165
27,2,1052969,0,195,51.21,0.29,14.49,5.251,0.2928440666884565,-9.943860818769856e-05,0.08199999999999985,-0.0012126659535085212,0.09348387096774194,-0.007867820613689975,0.0,-0.044690198454778784
27,2,1053010,0,195,50.99,0.29,14.49,5.292,0.29147106897678604,-9.773751748309856e-05,0.0829999999999993,-0.001177560451603607,0.09348387096774194,-0.007773027594247978,0.0,-0.04178859931389515
27,2,1053052,0,195,50.99,0.29,14.39,5.334,0.2893756129454032,-9.57238857534719e-05,0.08300000000000018,-0.0011532998283550807,0.09283870967741936,-0.007773027594247895,0.0,-0.050886776921349415
27,2,1053093,0,195,50.77,0.29,14.39,5.375,0.28724746649231403,-9.336877765876394e-05,0.08200000000000074,-0.0011386436299849157,0.09283870967741936,-0.007867820613690058,0.0,-0.050710020012914865
27,2,1053134,0,195,50.77,0.29,14.29,5.416,0.28521739130434415,-9.081093301460541e-05,0.08300000000000018,-0.0010941076266819906,0.09219354838709677,-0.007773027594248062,-0.12048192771084254,-0.046160450891502655
27,2,1053176,0,195,50.66,0.28,14.29,5.458,0.2834161490683193,-8.835015178698669e-05,0.08599999999999941,-0.0010273273463603174,0.09219354838709677,-0.007501875468867223,-0.11627906976744212,-0.037708021317195674
27,2,1053220,0,195,50.44,0.28,14.19,5.502,0.28197450147106534,-8.63378460649269e-05,0.08499999999999996,-0.0010157393654697286,0.0915483870967742,-0.007590132827324436,0.0,-0.03219045055092917
27,2,1053261,0,195,50.33,0.28,14.19,5.543,0.2806799607714903,-8.500908369923721e-05,0.08300000000000018,-0.0010242058277016507,0.0915483870967742,0.0,0.0,-0.03198147280196237
27,2,1053303,0,195,50.22,0.28,14.19,5.585,0.27932003922850246,-8.435188682947725e-05,0.08300000000000018,-0.0010162877931262297,0.0915483870967742,-0.007773027594247895,0.0,-0.03198147280196237
27,2,1053344,0,195,50.11,0.28,14.09,5.626,0.27802549852892744,-8.411218620622307e-05,0.08199999999999985,-0.001025758368368576,0.09090322580645162,-0.007867820613689975,0.0,-0.033368149961329745
27,2,1053385,0,195,50.11,0.28,14.09,5.667,0.2765838509316734,-8.395666607847297e-05,0.0829999999999993,-0.0010115260973310083,0.09090322580645162,-0.0077730275942481455,-0.1204819277108445,-0.039070961846732935
27,2,1053427,0,195,49.89,0.27,13.99,5.709,0.27478260869564863,-8.370386085140247e-05,0.08300000000000018,-0.0010084802512217142,0.09025806451612903,-0.007773027594248062,-0.1204819277108432,-0.046160450891502655
27,2,1053468,0,195,49.78,0.27,13.99,5.75,0.2727525335076787,-8.34766557410056e-05,0.08300000000000018,-0.0010057428402530772,0.09025806451612903,-0.007773027594247895,0.0,-0.050099055916374736
27,2,1053510,0,195,49.67,0.27,13.89,5.792,0.2706243870545895,-8.367095306430272e-05,0.0860000000000003,-0.0009729180588872376,0.08961290322580645,-0.0075018754688671455,0.0,-0.04911165679618536
27,2,1053554,0,195,49.56,0.27,13.89,5.836,0.26852893102320674,-8.474349943461412e-05,0.08499999999999996,-0.0009969823462895784,0.08961290322580645,0.0,0.0,-0.04738188181451026
27,2,1053595,0,195,49.45,0.27,13.89,5.877,0.26659692710035615,-8.693132563253947e-05,0.08199999999999985,-0.0010601381174699955,0.08961290322580645,-0.007867820613690143,0.0,-0.04772004241781502
27,2,1053636,0,195,49.34,0.27,13.79,5.918,0.2646158875449459,-9.005972727643119e-05,0.08300000000000018,-0.0010850569551377229,0.08896774193548386,-0.007773027594248062,-0.1204819277108432,-0.050886776921349415
27,2,1053678,0,195,49.23,0.26,13.79,5.96,0.26237332461588414,-9.354085284417124e-05,0.08800000000000008,-0.0010629642368655812,0.08896774193548386,-0.007331378299120184,-0.11363636363636363,-0.05245326755624192
27,2,1053724,0,195,49.12,0.26,13.69,6.006,0.2599999999999966,-9.655208459126464e-05,0.08699999999999974,-0.0011097940757616657,0.08832258064516128,-0.007415647015202053,0.0,-0.04813382782293041
27,2,1053765,0,195,49.01,0.26,13.69,6.047,0.2581856815952892,-9.830039512819155e-05,0.08300000000000018,-0.0011843421099782087,0.08832258064516128,-0.007773027594247895,-0.1204819277108432,-0.05261976313229292
27,2,1053807,0,195,48.9,0.25,13.59,6.089,0.2556325596600163,-9.826790895765213e-05,0.08300000000000018,-0.0011839507103331556,0.0876774193548387,-0.007773027594247895,-0.1204819277108432,-0.05124125137358756
27,2,1053848,0,195,48.79,0.25,13.59,6.13,0.25393265773128143,-9.636669173664104e-05,0.0829999999999993,-0.0011610444787547212,0.0876774193548387,-0.007773027594247978,0.0,-0.05045353036861408
27,2,1053890,0,195,48.68,0.25,13.49,6.172,0.25144491663942137,-9.296728784151753e-05,0.08499999999999996,-0.0010937327981355009,0.08703225806451613,-0.007590132827324436,0.0,-0.05968886410399318
27,2,1053933,0,195,48.57,0.25,13.49,6.215,0.248859104282442,-8.879428341312767e-05,0.08499999999999996,-0.0010446386283897377,0.08703225806451613,-0.007590132827324436,0.0,-0.060458050497086115
27,2,1053975,0,195,48.46,0.25,13.39,6.257,0.24630598234716905,-8.471188061621504e-05,0.08300000000000018,-0.0010206250676652391,0.08638709677419355,-0.007773027594247895,0.0,-0.05281669338353659
27,2,1054016,0,195,48.35,0.25,13.39,6.298,0.24447531873160847,-8.146235719118878e-05,0.08300000000000018,-0.0009814741830263686,0.08638709677419355,0.0,-0.1204819277108432,-0.05104432112234389
27,2,1054058,0,195,48.24,0.24,13.39,6.34,0.2420693036940145,-7.945998236131758e-05,0.08300000000000018,-0.0009573491850761132,0.08638709677419355,-0.006995724834823106,-0.1204819277108432,-0.045727204338766446
27,2,1054099,0,195,48.13,0.24,13.3,6.381,0.24067996077149084,-7.874182191433299e-05,0.08199999999999985,-0.0009602661209065016,0.08580645161290323,-0.007081038552320977,0.0,-0.04150088902000458
27,2,1054140,0,195,48.02,0.24,13.3,6.422,0.23866623079437413,-7.910155839359589e-05,0.08300000000000018,-0.0009530308240192255,0.08580645161290323,-0.007773027594248062,-0.12048192771084287,-0.047735892901451686
27,2,1054182,0,195,47.91,0.23,13.2,6.464,0.23671788166067034,-8.031832279966621e-05,0.08300000000000018,-0.0009676906361405546,0.08516129032258064,-0.007773027594248062,0.0,-0.044585008881553624
27,2,1054223,0,195,47.8,0.24,13.2,6.505,0.23496567505720517,-8.232809248027451e-05,0.0829999999999993,-0.0009919047286780147,0.08516129032258064,-0.007773027594247978,0.0,-0.04915379071040611
27,2,1054265,0,195,47.69,0.23,13.1,6.547,0.23263811703170667,-8.522263468405633e-05,0.08499999999999996,-0.0010026192315771337,0.08451612903225807,-0.007590132827324436,-0.11764705882352924,-0.05380458819683418
27,2,1054308,0,195,47.58,0.23,13.1,6.59,0.23039228506047427,-8.90750357001302e-05,0.08499999999999996,-0.0010479415964721203,0.08451612903225807,0.0,0.0,-0.05072784262446312
27,2,1054350,0,195,47.47,0.23,13.1,6.632,0.2283262504086273,-9.371116254280132e-05,0.08300000000000018,-0.0011290501511180856,0.08451612903225807,-0.007773027594247895,0.0,-0.04643615324324373
27,2,1054391,0,195,47.36,0.23,13.0,6.673,0.22653808434128503,-9.859401502900056e-05,0.08300000000000018,-0.0011878796991445825,0.08387096774193549,-0.007773027594247895,-0.1204819277108432,-0.03182392860096757
27,2,1054433,0,195,47.25,0.22,13.0,6.715,0.225684864334747,-0.00010291870325399621,0.08300000000000018,-0.0012399843765541685,0.08387096774193549,-0.007773027594248062,0.0,-0.025325230309928105
27,2,1054474,0,195,47.14,0.23,12.9,6.756,0.224436090225561,-0.00010587153873614241,0.08300000000000018,-0.0012755607076643635,0.0832258064516129,-0.015546055188495958,0.0,-0.026940058370126006
27,2,1054516,0,195,47.03,0.22,12.8,6.798,0.22344883949002653,-0.00010689766987191085,0.08300000000000018,-0.0012879237333965133,0.08258064516129032,-0.007773027594247895,-0.1204819277108432,-0.023592244098984604
27,2,1054557,0,195,46.92,0.22,12.8,6.839,0.22247793396534526,-0.00010583531658441991,0.08300000000000018,-0.0012751242961978274,0.08258064516129032,0.0,0.0,-0.022016802089035906
27,2,1054599,0,195,46.81,0.22,12.8,6.881,0.22162144491663655,-0.00010289557291958929,0.0829999999999993,-0.0012397056978263874,0.08258064516129032,-0.0077730275942481455,0.0,-0.02221373234027948
27,2,1054640,0,195,46.7,0.22,12.7,6.922,0.22063419418110208,-9.85732626822582e-05,0.08499999999999996,-0.0011596854433206852,0.08193548387096773,-0.015180265654649035,0.0,-0.017037478607003196
27,2,1054684,0,195,46.59,0.22,12.6,6.966,0.22017325923504127,-9.35586050749091e-05,0.08499999999999996,-0.0011006894714695192,0.08129032258064516,-0.007590132827324436,0.0,-0.020306520777647812
27,2,1054725,0,195,46.48,0.22,12.6,7.007,0.21890813991500202,-8.863367399513323e-05,0.08300000000000018,-0.0010678755903028075,0.08129032258064516,0.0,0.0,-0.03225717515370411
27,2,1054767,0,195,46.37,0.22,12.6,7.049,0.21749591369728383,-8.452393227515209e-05,0.08300000000000018,-0.0010183606298211072,0.08129032258064516,-0.007773027594247895,0.0,-0.034620338168626155
27,2,1054808,0,195,46.26,0.22,12.5,7.09,0.21603465184700604,-8.174380839578177e-05,0.08199999999999985,-0.000996875712143682,0.08064516129032258,-0.007867820613689975,-0.12195121951219545,-0.035042537414585156
27,2,1054849,0,195,46.15,0.21,12.5,7.131,0.21462242562928785,-8.050335876690973e-05,0.08300000000000018,-0.0009699199851434886,0.08064516129032258,-0.007773027594247895,0.0,-0.04312772502235153
27,2,1054891,0,195,46.04,0.22,12.4,7.173,0.21245505067015086,-8.068972629171079e-05,0.08199999999999985,-0.0009840210523379383,0.08,-0.007867820613689975,0.0,-0.043454341048804135
27,2,1054931,0,195,45.93,0.21,12.4,7.213,0.21105916966328592,-8.189488623272645e-05,0.08199999999999985,-0.0009987181247893488,0.08,0.0,-0.12195121951219545,-0.034444541895565076
27,2,1054973,0,195,45.82,0.21,12.4,7.255,0.20963059823471453,-8.348850758391713e-05,0.08300000000000018,-0.001005885633541168,0.08,-0.007773027594247895,0.0,-0.03777122218852489
27,2,1055014,0,195,45.71,0.21,12.3,7.296,0.20792415822163834,-8.47703267259181e-05,0.08499999999999996,-0.0009972979614813898,0.07935483870967742,-0.007590132827324436,-0.11764705882352924,-0.04226679230044352
27,2,1055058,0,195,45.6,0.2,12.3,7.34,0.20603792088917683,-8.520275827342693e-05,0.08499999999999996,-0.001002385391452082,0.07935483870967742,-0.007590132827324599,-0.11764705882352924,-0.045343537872814255
27,2,1055099,0,195,45.49,0.2,12.2,7.381,0.20406995750244913,-8.464144207951563e-05,0.08300000000000018,-0.0010197764105965715,0.07870967741935483,-0.007773027594248062,0.0,-0.04722387424821841
27,2,1055141,0,195,45.38,0.2,12.2,7.423,0.2021183393265747,-8.343723612550491e-05,0.08300000000000018,-0.001005267905126563,0.07870967741935483,-0.007773027594247895,0.0,-0.03891341764573771
27,2,1055182,0,195,45.27,0.2,12.1,7.464,0.2008401438378529,-8.232639966185573e-05,0.08300000000000018,-0.000991884333275368,0.07806451612903226,-0.007773027594247895,0.0,-0.03198147280196271
27,2,1055224,0,195,45.16,0.2,12.1,7.506,0.19946387708401178,-8.213031913667202e-05,0.0829999999999993,-0.0009895219173093098,0.07806451612903226,0.0,0.0,-0.03276919380693707
27,2,1055265,0,195,45.05,0.2,12.1,7.547,0.19812030075187714,-8.33925634380801e-05,0.08300000000000018,-0.0010047296799768665,0.07806451612903226,-0.006995724834823106,0.0,-0.04127658066066109
27,2,1055307,0,195,44.94,0.2,12.01,7.589,0.1960379208891769,-8.61255877415914e-05,0.08300000000000018,-0.001037657683633629,0.07748387096774194,-0.006995724834823106,0.0,-0.04029192940444307
27,2,1055348,0,195,44.83,0.2,12.01,7.63,0.19477607061130836,-8.978387180329683e-05,0.0829999999999993,-0.001081733395220453,0.07748387096774194,-0.007773027594247978,-0.1204819277108445,-0.036550254630814384
27,2,1055390,0,195,44.72,0.19,11.91,7.672,0.19300424975481933,-9.345902580861143e-05,0.08499999999999996,-0.0010995179506895468,0.07683870967741936,-0.007590132827324436,-0.11764705882352956,-0.03995923312116572
27,2,1055433,0,195,44.61,0.19,11.91,7.715,0.19137953579600928,-9.619330348920308e-05,0.08499999999999996,-0.0011316859234023896,0.07683870967741936,-0.007590132827324599,0.0,-0.03534411476260946
27,2,1055475,0,195,44.61,0.19,11.81,7.757,0.18999999999999753,-9.728392065771452e-05,0.08300000000000018,-0.0011720954296110158,0.07619354838709677,-0.007773027594248062,0.0,-0.039976841002453134
27,2,1055516,0,195,44.5,0.19,11.81,7.798,0.18806145799280566,-9.64835261130581e-05,0.08300000000000018,-0.0011624521218440709,0.07619354838709677,-0.007773027594247895,0.0,-0.03918911999747878
27,2,1055558,0,195,44.28,0.19,11.71,7.84,0.18674730304020679,-9.405053816005449e-05,0.08300000000000018,-0.0011331390139765576,0.0755483870967742,-0.007773027594247895,-0.1204819277108432,-0.033832617163652476
27,2,1055599,0,195,44.28,0.18,11.71,7.881,0.1852533507682225,-9.064573501346196e-05,0.08300000000000018,-0.0010921172893188164,0.0755483870967742,-0.007773027594248062,-0.1204819277108432,-0.036983501183550205
27,2,1055641,0,195,44.06,0.18,11.61,7.923,0.1836776724419721,-8.710941364757296e-05,0.08300000000000018,-0.0010495110078020816,0.0749032258064516,-0.007773027594248062,0.0,-0.03777122218852456
27,2,1055682,0,195,43.95,0.18,11.61,7.964,0.18211833932657495,-8.41933203700087e-05,0.08200000000000074,-0.0010267478093903407,0.0749032258064516,0.0,0.0,-0.036637192131972876
27,2,1055723,0,195,43.95,0.18,11.61,8.005,0.1806734226871503,-8.235381108633888e-05,0.08499999999999908,-0.0009688683657216445,0.0749032258064516,-0.007590132827324515,0.0,-0.03149818279714645
27,2,1055767,0,195,43.84,0.18,11.51,8.049,0.17944099378881753,-8.1700405628089e-05,0.08599999999999852,-0.0009500047166057024,0.07425806451612903,-0.007501875468867301,0.0,-0.01854991371249178
27,2,1055809,0,195,43.61,0.18,11.51,8.091,0.17907813010787604,-8.211175882107469e-05,0.08300000000000018,-0.0009892982990490904,0.07425806451612903,-0.007773027594247895,0.0,-0.025167686108933638
27,2,1055850,0,195,43.61,0.18,11.41,8.132,0.17735207584177604,-8.342308192413306e-05,0.08300000000000018,-0.0010050973725799141,0.07361290322580645,-0.007773027594247895,0.0,-0.03288735195768299
27,2,1055892,0,195,43.5,0.18,11.41,8.174,0.17634847989538835,-8.554295537186718e-05,0.08300000000000018,-0.0010306380165285179,0.07361290322580645,-0.007773027594247895,0.0,-0.0251676861089333
27,2,1055933,0,195,43.39,0.18,11.31,8.215,0.17526315789473457,-8.841208205969586e-05,0.08200000000000074,-0.0010781961226792082,0.07296774193548387,-0.00786782061368989,-0.12195121951219379,-0.026271936468955464
27,2,1055974,0,195,43.28,0.17,11.31,8.256,0.17419418110493398,-9.183282523480863e-05,0.08300000000000018,-0.0011064195811422701,0.07296774193548387,0.0,-0.12048192771084287,-0.024379965103958953
27,2,1056016,0,195,43.17,0.17,11.31,8.298,0.17323962079110597,-9.53042440768872e-05,0.08300000000000018,-0.001148243904540807,0.07296774193548387,-0.007773027594247895,0.0,-0.03131190994773396
27,2,1056057,0,195,43.06,0.17,11.21,8.339,0.17159529257927206,-9.802172975009782e-05,0.08300000000000018,-0.0011809846957843086,0.0723225806451613,-0.007773027594247895,0.0,-0.03367507296265801
27,2,1056099,0,195,42.95,0.17,11.21,8.381,0.17044458973520535,-9.910755744585132e-05,0.0860000000000003,-0.0011524134586726857,0.0723225806451613,-0.007501875468867307,0.0,-0.030371682492378364
27,2,1056143,0,195,42.84,0.17,11.11,8.425,0.1689833278849275,-9.797672006498282e-05,0.08499999999999908,-0.0011526672948821634,0.0716774193548387,-0.015180265654649193,0.0,-0.03688248754879505
27,2,1056184,0,195,42.73,0.17,11.01,8.466,0.1673095782935578,-9.462761538162035e-05,0.08199999999999896,-0.00115399530953197,0.07103225806451613,-0.00786782061369006,-0.12195121951219677,-0.04221848364282926
27,2,1056225,0,195,42.62,0.16,11.01,8.507,0.16552141222621555,-8.967407555877217e-05,0.08300000000000018,-0.001080410548900867,0.07103225806451613,0.0,0.0,-0.04328526922334566
27,2,1056267,0,195,42.51,0.17,11.01,8.549,0.1637169009480201,-8.409539996651993e-05,0.08300000000000018,-0.0010131975899580691,0.07103225806451613,-0.007773027594247895,0.0,-0.04249754821837132
27,2,1056308,0,195,42.4,0.16,10.91,8.59,0.16199411572409073,-7.885429733289407e-05,0.08300000000000018,-0.0009500517750951071,0.07038709677419355,-0.007773027594247895,-0.1204819277108432,-0.03934666419847359
27,2,1056350,0,195,42.4,0.16,10.91,8.632,0.1604511278195468,-7.458845608446829e-05,0.08300000000000018,-0.0008986560974032304,0.07038709677419355,0.0,0.0,-0.02709760257112081
27,2,1056391,0,195,42.29,0.16,10.91,8.673,0.1597450147106877,-7.15073151376231e-05,0.08300000000000018,-0.0008615339173207584,0.07038709677419355,-0.007773027594247895,0.0,-0.02709760257112081
27,2,1056433,0,195,42.18,0.16,10.81,8.715,0.15820202680614376,-6.950450344731607e-05,0.08300000000000018,-0.000837403655991758,0.06974193548387098,-0.007773027594247895,0.0,-0.04608167879100492
27,2,1056474,0,195,42.07,0.16,10.81,8.756,0.15592023537103428,-6.839145851762041e-05,0.08500000000000085,-0.000804605394324938,0.06974193548387098,-0.006831119544592084,-0.11764705882352834,-0.044420514201103066
27,2,1056518,0,195,41.85,0.15,10.72,8.8,0.15442628309904996,-6.810170332417087e-05,0.08499999999999908,-0.0008011965096961365,0.06916129032258064,-0.006831119544592226,-0.1176470588235308,-0.03534411476261016
27,2,1056559,0,195,41.85,0.15,10.72,8.841,0.15291598561621245,-6.874451422438454e-05,0.08299999999999841,-0.0008282471593299501,0.06916129032258064,0.0,0.0,-0.03540805917360193
27,2,1056601,0,195,41.74,0.15,10.72,8.883,0.15148741418764106,-7.049238125723001e-05,0.08300000000000018,-0.0008493057982798778,0.06916129032258064,-0.007773027594247895,0.0,-0.032257175153703445
27,2,1056642,0,195,41.63,0.15,10.62,8.924,0.15023864007845505,-7.338818011561089e-05,0.08300000000000018,-0.0008841949411519364,0.06851612903225807,-0.007773027594247895,0.0,-0.037613677987530084
27,2,1056684,0,195,41.52,0.15,10.62,8.966,0.14836547891467605,-7.718709342815445e-05,0.08200000000000074,-0.0009413060174165091,0.06851612903225807,0.0,0.0,-0.03468374010317334
27,2,1056724,0,195,41.41,0.15,10.62,9.006,0.14739457338999482,-8.131760839107648e-05,0.08200000000000074,-0.00099167815111068,0.06851612903225807,-0.007867820613690058,0.0,-0.022484631515160544
27,2,1056766,0,195,41.3,0.15,10.52,9.048,0.14652173913043287,-8.499614468158434e-05,0.08300000000000018,-0.0010240499359227006,0.06787096774193548,-0.007773027594248062,-0.12048192771084287,-0.02280452309400992
27,2,1056807,0,195,41.19,0.14,10.52,9.089,0.145501797973192,-8.746640407993133e-05,0.08300000000000018,-0.001053812097348568,0.06787096774193548,-0.007773027594247895,-0.12048192771084287,-0.0251676861089333
27,2,1056849,0,195,41.19,0.14,10.42,9.131,0.1444328211833914,-8.826577821789172e-05,0.08499999999999908,-0.0010384209202105022,0.0672258064516129,-0.007590132827324515,0.11764705882353046,-0.02457550525931199
27,2,1056892,0,195,40.97,0.15,10.42,9.174,0.1434128800261505,-8.739398365744577e-05,0.08499999999999908,-0.0010281645136170203,0.0672258064516129,-0.007590132827324515,0.0,-0.022267946080033834
27,2,1056934,0,195,40.86,0.14,10.32,9.216,0.14254004576658855,-8.530378429424169e-05,0.08300000000000018,-0.001027756437280018,0.06658064516129032,-0.007773027594247895,-0.12048192771084287,-0.028948746932810913
27,2,1056975,0,195,40.86,0.14,10.32,9.257,0.14101013403072718,-8.272464499039778e-05,0.08300000000000018,-0.0009966824697638264,0.06658064516129032,0.0,0.0,-0.037259203535291274
27,2,1057017,0,195,40.75,0.14,10.32,9.299,0.13944753187315936,-8.041426173526744e-05,0.08300000000000018,-0.000968846526930931,0.06658064516129032,-0.007773027594247895,0.0,-0.030524188942759944
27,2,1057058,0,195,40.64,0.14,10.22,9.34,0.1384766263484781,-7.895700808481543e-05,0.08300000000000018,-0.0009512892540339188,0.06593548387096775,-0.007773027594247895,0.0,-0.03269042170643932
27,2,1057100,0,195,40.53,0.14,10.22,9.382,0.1367342268715249,-7.867039888678563e-05,0.08300000000000018,-0.0009478361311660898,0.06593548387096775,-0.007773027594248062,0.0,-0.03962236655021466
27,2,1057141,0,195,40.53,0.14,10.12,9.423,0.13518796992481028,-7.959182929795183e-05,0.08200000000000074,-0.00097063206460916,0.06529032258064515,-0.007867820613690058,-0.12195121951219413,-0.03452427463143504
27,2,1057182,0,195,40.31,0.13,10.12,9.464,0.1339032363517472,-8.14881319906462e-05,0.08300000000000018,-0.0009817847227788677,0.06529032258064515,0.0,-0.1204819277108432,-0.02028381587809207
27,2,1057224,0,195,40.2,0.13,10.12,9.506,0.13350441320692863,-8.388160692331504e-05,0.0860000000000003,-0.0009753675223641249,0.06529032258064515,-0.0075018754688671455,0.0,-0.0188159985403342
27,2,1057268,0,195,40.09,0.13,10.02,9.55,0.13228506047727845,-8.613941599385022e-05,0.08499999999999908,-0.0010134048940453077,0.06464516129032258,-0.007590132827324515,0.0,-0.03099821164163598
27,2,1057309,0,195,40.09,0.13,10.02,9.591,0.1308695652173896,-8.764951278324417e-05,0.08299999999999841,-0.001056018226304167,0.06464516129032258,-0.007773027594248061,0.0,-0.024813211656695693
27,2,1057351,0,195,39.98,0.13,9.92,9.633,0.13022556390977275,-8.80261004791123e-05,0.08300000000000018,-0.001060555427459182,0.064,-0.007773027594247895,0.0,-0.02264697889301545
27,2,1057392,0,195,39.87,0.13,9.92,9.674,0.1289898659692693,-8.723894461329174e-05,0.08200000000000074,-0.0010638895684547678,0.064,-0.00786782061368989,0.0,-0.022923161562441976
27,2,1057433,0,195,39.76,0.13,9.82,9.715,0.1283458646616525,-8.559190261282267e-05,0.08300000000000018,-0.0010312277423231624,0.06335483870967742,-0.007773027594247895,-0.1204819277108432,-0.02481321165669483
27,2,1057475,0,195,39.65,0.12,9.82,9.757,0.12693036940176364,-8.356112013849425e-05,0.08399999999999963,-0.0009947752397439836,0.06335483870967742,0.0,0.0,-0.031367237970703205
27,2,1057517,0,195,39.54,0.13,9.82,9.799,0.12571101667211343,-8.158550249295615e-05,0.08300000000000018,-0.0009829578613609153,0.06335483870967742,-0.007773027594247895,0.1204819277108432,-0.026231109465649056
27,2,1057558,0,195,39.43,0.13,9.72,9.84,0.12475318731611476,-7.99247303539694e-05,0.08300000000000018,-0.0009629485584815569,0.06270967741935485,-0.007773027594247895,0.0,-0.012406605828347581
27,2,1057600,0,195,39.32,0.13,9.72,9.882,0.12468126838836058,-7.863895187055724e-05,0.08500000000000085,-0.0009251641396536053,0.06270967741935485,-0.007590132827324601,-0.11764705882352834,-0.017922042959059612
27,2,1057643,0,195,39.21,0.12,9.62,9.925,0.12322981366459468,-7.765006817848707e-05,0.08500000000000085,-0.0009135302138645446,0.06206451612903225,-0.007590132827324601,-0.11764705882352834,-0.026229256004460667
27,2,1057685,0,195,39.1,0.12,9.62,9.967,0.1224517816279814,-7.680912455876765e-05,0.08299999999999841,-0.0009254111392622787,0.06206451612903225,0.0,0.0,-0.02071706243082839
27,2,1057726,0,195,38.99,0.12,9.62,10.008,0.12151029748283595,-7.594315524844575e-05,0.08300000000000018,-0.0009149777740776575,0.06206451612903225,-0.006995724834823106,0.0,-0.023867946450725677
27,2,1057768,0,195,38.99,0.12,9.53,10.05,0.12047074207257116,-7.491254896828892e-05,0.08300000000000018,-0.000902560830943238,0.06148387096774193,-0.006995724834823106,0.0,-0.025443388460674708
27,2,1057809,0,195,38.88,0.12,9.53,10.091,0.11939849624059995,-7.369736982732001e-05,0.08199999999999896,-0.0008987484125283042,0.06148387096774193,-0.00786782061369006,-0.1219512195121966,-0.02575367368580527
27,2,1057850,0,195,38.77,0.11,9.43,10.132,0.11835894083033516,-7.246690593152039e-05,0.08300000000000018,-0.0008730952521869906,0.060838709677419354,-0.007773027594247895,0.0,-0.02386794645072601
27,2,1057892,0,195,38.66,0.12,9.43,10.174,0.11741745668518969,-7.156070319834207e-05,0.08300000000000018,-0.0008621771469679748,0.060838709677419354,0.0,0.12048192771084304,-0.031587612299475196
27,2,1057933,0,195,38.55,0.12,9.43,10.215,0.11573716900947871,-7.13631220055877e-05,0.08300000000000018,-0.0008597966506697294,0.060838709677419354,-0.007773027594247895,0.0,-0.03139068204823136
27,2,1057975,0,195,38.44,0.12,9.33,10.257,0.11481203007518648,-7.213052579601964e-05,0.08500000000000085,-0.0008485944211296344,0.06019354838709678,-0.007590132827324356,-0.11764705882352818,-0.01211468569121006
27,2,1058018,0,195,38.33,0.11,9.33,10.3,0.11470742072572584,-7.38572855885451e-05,0.08500000000000085,-0.000868909242218169,0.06019354838709678,0.0,0.0,-0.0022690998596236567
27,2,1058060,0,195,38.33,0.12,9.33,10.342,0.11461915658711846,-7.624047378333643e-05,0.08299999999999841,-0.0009185599251004565,0.06019354838709678,-0.0077730275942481455,0.0,-0.018353899415904793
27,2,1058101,0,195,38.11,0.11,9.23,10.383,0.11318404707420578,-7.875914740928458e-05,0.08300000000000018,-0.000948905390473306,0.059548387096774194,-0.007773027594247979,-0.12048192771084304,-0.026073565264654253
27,2,1058143,0,195,38.11,0.11,9.23,10.425,0.11245505067015216,-8.083400699650412e-05,0.08300000000000018,-0.0009739036987530595,0.059548387096774194,-0.007773027594247895,0.0,-0.025876635013410417
27,2,1058184,0,195,38.0,0.11,9.13,10.466,0.11103628636809271,-8.19908158651792e-05,0.08199999999999896,-0.0009998879983558566,0.05890322580645162,-0.00786782061369006,0.0,-0.02479688085537239
27,2,1058225,0,195,37.89,0.11,9.13,10.507,0.11042170644001165,-8.195951657960698e-05,0.08300000000000018,-0.0009874640551759855,0.05890322580645162,0.0,0.0,-0.015203015396006837
27,2,1058267,0,195,37.78,0.11,9.13,10.549,0.10977443609022414,-8.070655569851582e-05,0.08300000000000018,-0.0009723681409459715,0.05890322580645162,-0.007773027594248062,0.0,-0.026073565264654253
27,2,1058308,0,195,37.67,0.11,9.03,10.59,0.10825760052304534,-7.844934786219504e-05,0.08300000000000018,-0.0009451728658095767,0.05825806451612903,-0.007773027594248062,0.0,-0.029027519033308313
27,2,1058350,0,195,37.67,0.11,9.03,10.632,0.10736515201045954,-7.567453302510075e-05,0.08500000000000085,-0.0008902886238247058,0.05825806451612903,-0.007590132827324356,0.0,-0.019460415745244965
27,2,1058393,0,195,37.45,0.11,8.93,10.675,0.1066034651846995,-7.311101394226683e-05,0.08500000000000085,-0.0008601295757913658,0.05761290322580645,-0.007590132827324356,-0.11764705882352818,-0.015614483779781507
27,2,1058435,0,195,37.45,0.1,8.93,10.717,0.1060379208891781,-7.159090351549401e-05,0.08299999999999841,-0.0008625410062107878,0.05761290322580645,0.0,-0.12048192771084562,-0.02134723923480778
27,2,1058476,0,195,37.34,0.1,8.93,10.758,0.10483164432821049,-7.179998258800069e-05,0.08300000000000018,-0.0008650600311807293,0.05761290322580645,-0.007773027594247895,0.12048192771084304,-0.01878714596864061
27,2,1058518,0,195,37.23,0.11,8.83,10.8,0.10447858777378093,-7.400587289230032e-05,0.0840000000000014,-0.0008810222963368938,0.05696774193548387,-0.007680491551459118,0.0,-0.014866358442690247
27,2,1058560,0,195,37.12,0.1,8.83,10.842,0.10358287021902449,-7.788018229369875e-05,0.08199999999999896,-0.0009497583206548748,0.05696774193548387,0.0,0.0,-0.02124877410918603
27,2,1058600,0,195,37.01,0.11,8.83,10.882,0.1027361882968277,-8.249943619035883e-05,0.08199999999999896,-0.0010060906852482911,0.05696774193548387,-0.00786782061369006,0.0,-0.01965411939179874
27,2,1058642,0,195,37.01,0.1,8.73,10.924,0.10197123242889701,-8.655431847917328e-05,0.08300000000000018,-0.0010428231142069046,0.056322580645161296,-0.007773027594247895,-0.12048192771084304,-0.010319145165165272
27,2,1058683,0,195,36.9,0.1,8.73,10.965,0.10187969924811897,-8.872520841981313e-05,0.08300000000000018,-0.0010689784146965414,0.056322580645161296,-0.007773027594247979,0.0,-0.004174921326364617
27,2,1058725,0,195,36.68,0.1,8.63,11.007,0.10162471395880875,-8.810455997718059e-05,0.10500000000000043,-0.0008390910474017165,0.05567741935483871,-0.006144393241167439,0.0,-0.01111474338018927
27,2,1058788,0,195,36.68,0.1,8.63,11.07,0.1007126511931991,-8.451037077086098e-05,0.10400000000000098,-0.0008125997189505788,0.05567741935483871,-0.006203473945409467,0.0,-0.00949279553398512
27,2,1058829,0,195,36.57,0.1,8.53,11.111,0.10063746322327428,-7.857167356231365e-05,0.08300000000000018,-0.0009466466694254635,0.05503225806451612,-0.007773027594248062,0.0,-0.0018117583114412362
27,2,1058871,0,195,36.46,0.1,8.53,11.153,0.10056227525334947,-7.155594694417643e-05,0.08300000000000018,-0.000862119842700919,0.05503225806451612,0.0,0.0,-0.011894587175114305
27,2,1058912,0,195,36.35,0.1,8.53,11.194,0.0996502124877398,-6.500398229514204e-05,0.08300000000000018,-0.0007831805095800228,0.05503225806451612,-0.007773027594247895,0.0,-0.02493136980744143
27,2,1058954,0,195,36.24,0.1,8.43,11.236,0.09849297155933183,-6.0295387993013705e-05,0.08299999999999841,-0.000726450457747167,0.054387096774193545,-0.007773027594248061,0.0,-0.019574866973615376
27,2,1058995,0,195,36.13,0.1,8.43,11.277,0.09802549852892975,-5.826913553346103e-05,0.08300000000000018,-0.0007020377775115771,0.054387096774193545,0.0,0.0,-0.019771797224858462
27,2,1059037,0,195,36.02,0.1,8.43,11.319,0.09685191238966857,-5.899916029814456e-05,0.08300000000000018,-0.0007108332566041497,0.054387096774193545,0.0,0.0,-0.01878714596864061
27,2,1059078,0,195,36.02,0.1,8.43,11.36,0.09646616541353258,-6.180262813886727e-05,0.08299999999999841,-0.0007446099775767284,0.054387096774193545,-0.007773027594248061,-0.12048192771084579,-0.016620913204961254
27,2,1059120,0,195,35.91,0.09,8.33,11.402,0.09547237659365682,-6.550268355355371e-05,0.0860000000000003,-0.0007616591110878311,0.05374193548387097,-0.0075018754688671455,-0.11627906976744155,-0.023301428495403925
27,2,1059164,0,195,35.8,0.09,8.33,11.446,0.09446224256292783,-6.885392016919134e-05,0.08500000000000085,-0.0008100461196375371,0.05374193548387097,-0.00683111954459192,0.11764705882352834,-0.023575562948290878
27,2,1059205,0,195,35.69,0.1,8.24,11.487,0.09346845374305207,-7.094496208689094e-05,0.08300000000000018,-0.0008547585793601299,0.05316129032258065,-0.006995724834823106,0.0,-0.0233559277974924
27,2,1059247,0,195,35.58,0.09,8.24,11.529,0.09252370055573596,-7.14160416796279e-05,0.08300000000000018,-0.0008604342371039487,0.05316129032258065,0.0,-0.1204819277108432,-0.021780485787543536
27,2,1059288,0,195,35.58,0.09,8.24,11.57,0.09166067342268595,-7.045274382649147e-05,0.08300000000000018,-0.0008488282388733893,0.05316129032258065,-0.007773027594247979,0.0,-0.019417322772619986
27,2,1059330,0,195,35.47,0.09,8.14,11.612,0.0909120627656085,-6.862805196946909e-05,0.08300000000000018,-0.0008268439996321559,0.052516129032258066,-0.007773027594247979,0.0,-0.016266438752722257
27,2,1059371,0,195,35.36,0.09,8.14,11.653,0.09031055900621,-6.6689912742941e-05,0.08200000000000074,-0.0008132916188163463,0.052516129032258066,0.0,0.0,-0.012478173163555584
27,2,1059412,0,195,35.25,0.09,8.14,11.694,0.08988885256619693,-6.535805606517719e-05,0.08199999999999896,-0.000797049464209488,0.052516129032258066,-0.00786782061369023,0.0,-0.007694209011393819
27,2,1059453,0,195,35.13,0.09,8.04,11.735,0.08967963386727572,-6.516030390061544e-05,0.08299999999999841,-0.0007850639024170686,0.051870967741935475,-0.007773027594248229,0.0,-0.002087460663182353
27,2,1059495,0,195,35.02,0.09,8.04,11.777,0.0897155933311528,-6.63207856485375e-05,0.09600000000000009,-0.000690841517172265,0.051870967741935475,0.0,0.0,0.009466601285823138
27,2,1059549,0,195,35.02,0.09,8.04,11.831,0.09058842759071474,-6.870504245564568e-05,0.09700000000000131,-0.0007082994067592242,0.051870967741935475,-0.0066511473229130015,0.0,0.008694978144599377
27,2,1059592,0,195,34.91,0.09,7.94,11.874,0.09055900621117895,-7.183059006920267e-05,0.08699999999999974,-0.0008256389663126768,0.051225806451612906,-0.007415647015201973,0.0,-0.010671356051297605
27,2,1059636,0,195,34.69,0.09,7.94,11.918,0.08966001961425185,-7.495504248116003e-05,0.08699999999999974,-0.0008615522124271293,0.051225806451612906,0.0,0.0,-0.00349449335482631
27,2,1059679,0,195,34.69,0.09,7.94,11.961,0.09025498528930906,-7.724514605283338e-05,0.08700000000000152,-0.0008878752419865751,0.051225806451612906,-0.007415647015201982,0.0,0.004433873288919437
27,2,1059723,0,195,34.58,0.09,7.84,12.005,0.09004576659038785,-7.800797260854341e-05,0.08799999999999919,-0.0008864542341880015,0.05058064516129032,-0.0073313782991203365,0.0,-0.013521947160391045
27,2,1059767,0,195,34.47,0.09,7.84,12.049,0.08906505393919466,-7.692565907752957e-05,0.08699999999999974,-0.0008842029779026414,0.05058064516129032,-0.007415647015202053,0.0,-0.014616751774488672
27,2,1059810,0,195,34.36,0.09,7.74,12.092,0.08877410918600734,-7.419495688343325e-05,0.08699999999999974,-0.0008528155963613042,0.049935483870967745,-0.007415647015202053,0.0,-0.008755020985747786
27,2,1059854,0,195,34.25,0.09,7.74,12.136,0.0883033671134346,-7.048574290779008e-05,0.08799999999999919,-0.0008009743512248946,0.049935483870967745,0.0,0.0,-0.01237035275936873
27,2,1059898,0,195,34.14,0.09,7.74,12.18,0.0876855181431829,-6.671555842313826e-05,0.09000000000000163,-0.0007412839824793005,0.049935483870967745,-0.007168458781361911,0.0,-0.015001271294176955
27,2,1059944,0,195,34.03,0.09,7.64,12.226,0.08695325269695865,-6.372794714140629e-05,0.08900000000000041,-0.0007160443499034381,0.04929032258064516,-0.007249003262051469,-0.11235955056179718,-0.017373673558590836
27,2,1059987,0,195,33.92,0.08,7.64,12.269,0.08613926119646831,-6.199728602380539e-05,0.08599999999999852,-0.0007208986746954239,0.04929032258064516,0.0,-0.1162790697674438,-0.019500216669074144
27,2,1060030,0,195,33.92,0.08,7.64,12.312,0.0852762340634183,-6.14719288412493e-05,0.08699999999999974,-0.0007065738947270055,0.04929032258064516,0.0,0.11494252873563246,-0.0200275801948648
27,2,1060074,0,195,33.81,0.09,7.64,12.356,0.08439686171951508,-6.163890933445159e-05,0.08699999999999974,-0.000708493210740825,0.04929032258064516,-0.007415647015202133,0.0,-0.0200275801948648
27,2,1060117,0,195,33.7,0.08,7.54,12.399,0.08353383458646507,-6.18195383198783e-05,0.08699999999999974,-0.0007105694059756147,0.04864516129032258,-0.007415647015202133,-0.11494252873563246,-0.019276076247590257
27,2,1060161,0,195,33.59,0.08,7.54,12.443,0.08271984308597473,-6.157222892677794e-05,0.08700000000000152,-0.0007077267692732973,0.04864516129032258,-0.007415647015201902,0.11494252873563011,-0.01777306835304097
27,2,1060204,0,195,33.48,0.09,7.44,12.486,0.08198757763975048,-6.097760101974536e-05,0.08699999999999974,-0.0007008919657442017,0.048,-0.007415647015202053,0.0,-0.015518556511217866
27,2,1060248,0,195,33.37,0.08,7.44,12.53,0.08136972866949878,-6.06246744968626e-05,0.08699999999999974,-0.0006968353390443998,0.048,0.0,-0.11494252873563246,-0.012512540722120017
27,2,1060291,0,195,33.26,0.08,7.44,12.573,0.08089898659692604,-6.129719964993984e-05,0.08900000000000041,-0.0006887325803363995,0.048,0.0,0.0,-0.00855827894112402
27,2,1060337,0,195,33.26,0.08,7.44,12.619,0.08060804184373874,-6.354089727117617e-05,0.08900000000000041,-0.0007139426659682683,0.048,-0.007249003262051469,0.0,-0.004150581632390377
27,2,1060380,0,195,33.15,0.08,7.34,12.662,0.0805295848316433,-6.734002263074235e-05,0.08699999999999974,-0.0007740232486292246,0.04735483870967742,-0.007415647015202133,0.0,0.0010145303288204644
27,2,1060424,0,195,33.04,0.08,7.34,12.706,0.08069630598234612,-7.203506138372351e-05,0.08699999999999974,-0.0008279892113071692,0.04735483870967742,0.0,0.0,0.0030811661838252556
27,2,1060467,0,195,32.93,0.08,7.34,12.749,0.0807976462896361,-7.648357308946796e-05,0.08699999999999974,-0.0008791215297640022,0.04735483870967742,-0.007415647015202053,0.0,-0.008416844209473978
27,2,1060511,0,195,32.93,0.08,7.24,12.793,0.07996404053612188,-7.939169240697019e-05,0.08699999999999974,-0.000912548188585867,0.04670967741935484,-0.007415647015202053,0.0,-0.00916834815674868
27,2,1060554,0,195,32.82,0.08,7.24,12.836,0.07999999999999896,-7.97091991187866e-05,0.08700000000000152,-0.0009161976910205196,0.04670967741935484,-0.007415647015201982,0.0,-0.00559870440719469
27,2,1060598,0,195,32.71,0.08,7.14,12.88,0.07947695325269594,-7.695863809394776e-05,0.08699999999999974,-0.0008845820470568734,0.04606451612903226,-0.007415647015202133,0.0,-0.012024063156391557
27,2,1060641,0,195,32.6,0.08,7.14,12.923,0.0789539065053929,-7.138896490527103e-05,0.08899999999999864,-0.0008021232011828328,0.04606451612903226,0.0,0.0,-0.0016161556798689979
27,2,1060687,0,195,32.49,0.08,7.14,12.969,0.0793331153971876,-6.392139938030893e-05,0.08900000000000041,-0.0007182179705652656,0.04606451612903226,-0.0072490032620513905,0.0,0.008888856239279
27,2,1060730,0,195,32.38,0.08,7.04,13.012,0.07974501471068873,-5.593327786063629e-05,0.08699999999999974,-0.0006429112397774305,0.04541935483870968,-0.007415647015202053,0.0,-0.00015030078945497223
27,2,1060774,0,195,32.27,0.08,7.04,13.056,0.07932003922850502,-4.895129836729239e-05,0.08699999999999974,-0.0005626586019229027,0.04541935483870968,0.0,0.0,-0.002592688618096955
27,2,1060817,0,195,32.27,0.08,7.04,13.099,0.0795194508009143,-4.4321094444835116e-05,0.0860000000000003,-0.0005153615633120345,0.04541935483870968,0.0,0.0,0.0017865695583751695
27,2,1060860,0,195,32.16,0.08,7.04,13.142,0.07947368421052528,-4.2924983357903736e-05,0.08699999999999974,-0.0004933906133092398,0.04541935483870968,-0.006674082313681928,-0.11494252873563246,-0.00349449335482631
27,2,1060904,0,195,32.05,0.07,6.95,13.186,0.07921542987904441,-4.501129770358148e-05,0.08699999999999974,-0.0005173712379722025,0.044838709677419354,-0.006674082313681928,0.0,-0.008003517038473084
27,2,1060947,0,195,31.94,0.08,6.95,13.229,0.07877737822817812,-5.0153099763374346e-05,0.08799999999999919,-0.0005699215882201682,0.044838709677419354,0.0,0.11363636363636463,-0.01162738862967685
27,2,1060992,0,195,31.83,0.08,6.95,13.274,0.07819221967963286,-5.732182327226276e-05,0.08800000000000097,-0.0006513843553666151,0.044838709677419354,0.0,0.0,-0.014599245148443922
27,2,1061035,0,195,31.72,0.08,6.95,13.317,0.07749264465511504,-6.507903469020082e-05,0.08900000000000041,-0.0007312251088786575,0.044838709677419354,-0.007249003262051469,0.0,-0.01663905734046869
27,2,1061081,0,195,31.72,0.08,6.85,13.363,0.07671134357633114,-7.189257067440646e-05,0.08900000000000041,-0.0008077816929708554,0.04419354838709677,-0.007249003262051469,0.0,-0.01810828977671298
27,2,1061124,0,195,31.61,0.08,6.85,13.406,0.07588100686498758,-7.651373283430817e-05,0.08699999999999974,-0.0008794681934977976,0.04419354838709677,-0.007415647015202053,-0.11494252873563246,-0.019276076247590257
27,2,1061168,0,195,31.5,0.07,6.75,13.45,0.07503432494279079,-7.827534270290748e-05,0.08699999999999974,-0.0008997165827920427,0.043548387096774194,-0.007415647015202053,0.0,-0.019276076247590417
27,2,1061211,0,195,31.39,0.08,6.75,13.493,0.07420398823144722,-7.718954930795974e-05,0.08700000000000152,-0.0008872361989420505,0.043548387096774194,0.0,0.0,-0.018524572300315338
27,2,1061255,0,195,31.28,0.07,6.75,13.537,0.07342268715266333,-7.383550016031392e-05,0.08699999999999974,-0.0008486839098886682,0.043548387096774194,-0.007415647015202053,-0.11494252873563246,-0.01702156440576679
27,2,1061298,0,195,31.28,0.07,6.65,13.58,0.07272311212814551,-6.91276894995374e-05,0.08699999999999974,-0.000794571143672846,0.04290322580645162,-0.007415647015202053,0.0,-0.014767052563943325
27,2,1061342,0,195,31.17,0.07,6.65,13.624,0.07213795357960026,-6.407058313316849e-05,0.08699999999999974,-0.0007364434842892951,0.04290322580645162,0.0,0.0,-0.028557149996430047
27,2,1061385,0,195,31.06,0.07,6.65,13.667,0.07023864007845611,-5.955745227660891e-05,0.08699999999999974,-0.0006845684169725182,0.04290322580645162,-0.007415647015202133,0.0,-0.02555113420733236
27,2,1061429,0,195,30.95,0.07,6.55,13.711,0.06991500490356235,-5.622527395358201e-05,0.08900000000000041,-0.0006317446511638399,0.04225806451612903,-0.007249003262051469,0.0,-0.005619814068635132
27,2,1061474,0,195,30.84,0.07,6.55,13.756,0.06973847662634758,-5.436075890281433e-05,0.08900000000000041,-0.0006107950438518436,0.04225806451612903,0.0,0.0,-0.001946732978023946
27,2,1061518,0,195,30.73,0.07,6.55,13.8,0.06974174566851822,-5.3865480767104404e-05,0.08699999999999974,-0.0006191434570931559,0.04225806451612903,0.0,0.0,0.0025175382233695487
27,2,1061561,0,195,30.73,0.07,6.55,13.843,0.06995750245178073,-5.431453837389277e-05,0.08699999999999974,-0.0006243050387803786,0.04225806451612903,-0.007415647015202133,0.0,0.007778065854290864
27,2,1061605,0,195,30.62,0.07,6.45,13.887,0.07041843739784152,-5.513190905566123e-05,0.08699999999999974,-0.000633700104088062,0.04161290322580645,-0.007415647015202133,0.0,0.0034193429600989033
27,2,1061648,0,195,30.51,0.07,6.45,13.93,0.07025498528930933,-5.583348655096998e-05,0.08699999999999974,-0.0006417642132295418,0.04161290322580645,0.0,0.0,0.0058617307887410455
27,2,1061692,0,195,30.51,0.07,6.45,13.974,0.070928407976462,-5.622404406121984e-05,0.08699999999999974,-0.000646253380014023,0.04161290322580645,-0.007415647015202133,0.0,0.00867987059102006
27,2,1061735,0,195,30.4,0.07,6.35,14.017,0.07101013403072808,-5.644763524030338e-05,0.0860000000000003,-0.0006563678516314324,0.040967741935483866,-0.007501875468867226,0.0,0.0015204847305320419
27,2,1061778,0,195,30.29,0.07,6.35,14.06,0.07105916966328775,-5.686490250699183e-05,0.08699999999999974,-0.0006536195690458851,0.040967741935483866,0.0,0.11494252873563246,0.0007515039472745421
27,2,1061822,0,195,30.18,0.08,6.35,14.104,0.07107551487414096,-5.7817074464210804e-05,0.08999999999999986,-0.0006424119384912322,0.040967741935483866,0.0,0.0,0.0
27,2,1061868,0,195,30.07,0.07,6.35,14.15,0.07105916966328775,-5.940160989131993e-05,0.08900000000000041,-0.0006674338190035917,0.040967741935483866,-0.0072490032620513905,-0.11235955056179718,-0.0007346162181222996
27,2,1061911,0,195,30.07,0.07,6.25,14.193,0.07101013403072808,-6.138112021260422e-05,0.08699999999999974,-0.0007055301173862575,0.04032258064516129,-0.007415647015202053,0.0,-0.0015030078945489247
27,2,1061955,0,195,29.96,0.07,6.25,14.237,0.070928407976462,-6.326032834055972e-05,0.08699999999999974,-0.0007271302108110334,0.04032258064516129,0.0,0.0,-0.002254511841823307
27,2,1061998,0,195,29.85,0.07,6.25,14.28,0.07081399150048945,-6.44701520083304e-05,0.0860000000000003,-0.0007496529303294207,0.04032258064516129,-0.0075018754688671455,0.0,-0.0030409694610642455
27,2,1062041,0,195,29.74,0.07,6.15,14.323,0.07066688460281047,-6.456812374300824e-05,0.08700000000000152,-0.0007421623418736449,0.03967741935483871,-0.007415647015201902,0.0,-0.0037575197363723147
27,2,1062085,0,195,29.74,0.07,6.15,14.367,0.07048708728342505,-6.338525649189464e-05,0.08699999999999974,-0.0007285661665735037,0.03967741935483871,0.0,0.0,-0.004509023683646774
27,2,1062128,0,195,29.63,0.07,6.15,14.41,0.0702745995423332,-6.107868278178685e-05,0.08699999999999974,-0.0007020538250780119,0.03967741935483871,-0.007415647015202133,0.0,-0.005260527630921316
27,2,1062172,0,195,29.52,0.07,6.05,14.454,0.0700294213795349,-5.807828019522532e-05,0.08699999999999974,-0.0006675664390255804,0.03903225806451613,-0.007415647015202133,0.0,-0.0060120315781958585
27,2,1062215,0,195,29.41,0.07,6.05,14.497,0.06975155279503016,-5.494483040624143e-05,0.08899999999999864,-0.0006173576450139582,0.03903225806451613,0.0,0.0,-0.0066115459631002045
27,2,1062261,0,195,29.3,0.07,6.05,14.543,0.06944099378881899,-5.218887013479634e-05,0.08900000000000041,-0.0005863917992673718,0.03903225806451613,0.0,0.0,0.00279154162886452
27,2,1062304,0,195,29.19,0.07,6.05,14.586,0.0699999999999991,-5.012739982083669e-05,0.08700000000000152,-0.0005761770094348945,0.03903225806451613,-0.007415647015201902,0.0,0.012850717498393243
27,2,1062348,0,195,29.19,0.07,5.95,14.63,0.07055900621117922,-4.884110592571389e-05,0.08699999999999974,-0.000561392022134644,0.03838709677419355,-0.007415647015202053,0.0,0.002855714999643037
27,2,1062391,0,195,29.08,0.07,5.95,14.673,0.07024844720496805,-4.822568985662023e-05,0.08699999999999974,-0.0005543182742140273,0.03838709677419355,0.0,0.0,-0.0067635355254702404
27,2,1062435,0,195,28.97,0.07,5.95,14.717,0.06997057862046331,-4.807967994941098e-05,0.08699999999999974,-0.0005526399994185187,0.03838709677419355,0.0,0.0,-0.0060120315781958585
27,2,1062478,0,195,28.86,0.07,5.95,14.76,0.06972540045766501,-4.819089174354563e-05,0.08699999999999974,-0.000553918295902825,0.03838709677419355,-0.007415647015202133,0.0,0.0011648311182754366
27,2,1062522,0,195,28.86,0.07,5.85,14.804,0.07007191892775327,-4.8415245619828794e-05,0.08699999999999974,-0.0005564970760899878,0.03774193548387097,-0.007415647015202133,0.0,-0.001653308684003897
27,2,1062565,0,195,28.75,0.07,5.85,14.847,0.06958156260215667,-4.872595820524594e-05,0.08699999999999974,-0.0005600684851177711,0.03774193548387097,0.0,0.0,-0.004095696512646039
27,2,1062609,0,195,28.75,0.07,5.85,14.891,0.06971559333115307,-4.919828365167067e-05,0.09100000000000108,-0.0005406404796886823,0.03774193548387097,0.0,0.0,-0.005891460615226379
27,2,1062656,0,195,28.53,0.07,5.85,14.938,0.06904543968617106,-4.993630427225515e-05,0.08999999999999986,-0.0005548478252472803,0.03774193548387097,-0.007168458781362052,0.0,-0.007591442374050985
27,2,1062699,0,195,28.53,0.07,5.75,14.981,0.06903236351748848,-5.098793169383864e-05,0.08699999999999974,-0.0005860681803889516,0.037096774193548385,-0.007415647015202133,0.0,-0.002742989407551927
27,2,1062743,0,195,28.42,0.07,5.75,15.025,0.06880679960771405,-5.227679748970804e-05,0.08699999999999974,-0.0006008827297667609,0.037096774193548385,0.0,-0.11494252873563263,-0.007252013091198701
27,2,1062786,0,195,28.31,0.06,5.75,15.068,0.0684014383785542,-5.355750804236426e-05,0.08699999999999974,-0.0006156035407168324,0.037096774193548385,0.0,0.0,-0.011009532827570933
27,2,1062830,0,195,28.2,0.07,5.75,15.112,0.06784897025171538,-5.442564102524905e-05,0.08699999999999974,-0.000625582080749991,0.037096774193548385,-0.006674082313681848,0.11494252873563263,-0.014015548616668943
27,2,1062873,0,195,28.09,0.07,5.66,15.155,0.067182085648904,-5.442776120660486e-05,0.08699999999999974,-0.0006256064506506324,0.036516129032258066,-0.006674082313681848,0.0,-0.01627006045849241
27,2,1062917,0,195,28.09,0.07,5.66,15.199,0.06643347499182654,-5.3258421627941034e-05,0.08700000000000152,-0.000612165765838392,0.036516129032258066,0.0,-0.11494252873563028,-0.02419842710223759
27,2,1062960,0,195,27.98,0.06,5.66,15.242,0.0650768224910093,-5.0952051248420285e-05,0.08699999999999974,-0.0005856557614760969,0.036516129032258066,-0.007415647015202133,0.0,-0.021380287299958913
27,2,1063004,0,195,27.87,0.07,5.56,15.286,0.06457338999673012,-4.7957865840789536e-05,0.08899999999999864,-0.0005388524251774188,0.03587096774193548,-0.0072490032620516134,0.0,-0.011496743813613135
27,2,1063049,0,195,27.87,0.06,5.56,15.331,0.06405361229159774,-4.5032383832299236e-05,0.08900000000000041,-0.0005059818408123486,0.03587096774193548,0.0,0.0,-0.01149674381361306
27,2,1063093,0,195,27.76,0.07,5.56,15.375,0.06355017979731856,-4.297123715339612e-05,0.08699999999999974,-0.0004939222661309913,0.03587096774193548,0.0,0.0,-0.011009532827571092
27,2,1063136,0,195,27.65,0.06,5.56,15.418,0.06309578293559906,-4.230141249545394e-05,0.08699999999999974,-0.0004862231321316559,0.03587096774193548,0.0,-0.11494252873563263,-0.00950652493302201
27,2,1063180,0,195,27.54,0.06,5.56,15.462,0.06272311212814564,-4.3095981276561445e-05,0.08700000000000152,-0.0004953561066271344,0.03587096774193548,-0.007415647015201902,0.0,-0.0072520130911987125
27,2,1063223,0,195,27.43,0.06,5.46,15.505,0.06246485779666476,-4.499451621250472e-05,0.08699999999999974,-0.0005171783472701707,0.035225806451612905,-0.007415647015202053,0.0,-0.014616751774488672
27,2,1063267,0,195,27.43,0.06,5.46,15.549,0.061451454723765134,-4.737340747573171e-05,0.08699999999999974,-0.0005445219250084121,0.035225806451612905,0.0,0.0,-0.015180379734944379
27,2,1063310,0,195,27.32,0.06,5.46,15.592,0.061144164759724604,-4.954732988726995e-05,0.08699999999999974,-0.000569509538934139,0.035225806451612905,0.0,0.0,-0.0049975012493752346
27,2,1063354,0,195,27.32,0.06,5.46,15.636,0.06101667211506949,-5.093408000616595e-05,0.08699999999999974,-0.0005854491954731735,0.035225806451612905,-0.007415647015202133,0.11494252873563263,-0.0004884775657284604
27,2,1063397,0,195,27.1,0.07,5.36,15.679,0.06110166721150623,-5.1177967386294654e-05,0.08900000000000041,-0.0005750333414190384,0.03458064516129032,-0.007249003262051469,0.0,-0.0054728908250106095
27,2,1063443,0,195,27.1,0.06,5.36,15.725,0.06052958483164354,-5.0224096161048056e-05,0.08900000000000041,-0.0005643156872027845,0.03458064516129032,0.0,-0.11235955056179733,-0.0038200043342355525
27,2,1063486,0,195,26.99,0.06,5.36,15.768,0.06076168682575926,-4.831887160874171e-05,0.08699999999999974,-0.0005553893288361133,0.03458064516129032,0.0,0.0,-0.0018411846708225722
27,2,1063530,0,195,26.99,0.06,5.36,15.812,0.06036940176528198,-4.593994593296014e-05,0.08699999999999974,-0.0005280453555512675,0.03458064516129032,-0.007415647015202133,0.0,0.0006012031578195698
27,2,1063573,0,195,26.88,0.06,5.26,15.855,0.060813991500489564,-4.3685060197118374e-05,0.08699999999999974,-0.0005021271287025115,0.03393548387096774,-0.007415647015202133,0.0,0.0034193429600989033
27,2,1063617,0,195,26.66,0.06,5.26,15.899,0.060666884602810583,-4.2127787781824466e-05,0.08699999999999974,-0.00048422744576809875,0.03393548387096774,0.0,0.0,-0.0037575197363723914
27,2,1063660,0,195,26.77,0.06,5.26,15.942,0.06048708728342517,-4.1639427968542365e-05,0.08700000000000152,-0.00047861411458093836,0.03393548387096774,0.0,0.0,-0.004509023683646841
27,2,1063704,0,195,26.55,0.06,5.26,15.986,0.0602745995423333,-4.223404861147806e-05,0.08699999999999974,-0.00048544883461469173,0.03393548387096774,0.0,0.0,-0.005260527630921316
27,2,1063747,0,195,26.55,0.06,5.26,16.029,0.060029421379535014,-4.354287184017824e-05,0.08699999999999974,-0.0005004927797721652,0.03393548387096774,-0.007415647015202053,0.0,-0.006012031578195699
27,2,1063791,0,195,26.43,0.06,5.16,16.073,0.05975155279503028,-4.496591801667371e-05,0.08899999999999864,-0.000505235033895218,0.03329032258064516,-0.007249003262051535,0.0,-0.006611545963100361
27,2,1063836,0,195,26.32,0.06,5.16,16.118,0.05944099378881909,-4.592379947036562e-05,0.08899999999999864,-0.0005159977468580486,0.03329032258064516,0.0,0.0,0.002791541628864576
27,2,1063880,0,195,26.21,0.06,5.16,16.162,0.05999999999999922,-4.607603150115924e-05,0.08699999999999974,-0.0005296095574845905,0.03329032258064516,0.0,0.0,0.006425358749196912
27,2,1063923,0,195,26.21,0.06,5.16,16.205,0.05999999999999922,-4.542700270548661e-05,0.08699999999999974,-0.0005221494563849051,0.03329032258064516,-0.007415647015202133,0.0,0.0
27,2,1063967,0,195,26.1,0.06,5.06,16.249,0.05999999999999922,-4.431119815758766e-05,0.0870000000000033,-0.0005093241167538618,0.03264516129032258,-0.00741564701520183,0.0,0.0
27,2,1064010,0,195,25.99,0.06,5.06,16.292,0.05999999999999922,-4.326340126528638e-05,0.08699999999999974,-0.0004972804743136381,0.03264516129032258,0.0,0.0,0.0
27,2,1064054,0,195,25.99,0.06,5.06,16.336,0.05999999999999922,-4.279242349915524e-05,0.08699999999999974,-0.0004918669367719007,0.03264516129032258,0.0,0.0,0.0
27,2,1064097,0,195,25.88,0.06,5.06,16.379,0.05999999999999922,-4.314350788654497e-05,0.08600000000000207,-0.0005016686963551619,0.03264516129032258,0.0,0.0,0.0
27,2,1064140,0,195,25.77,0.06,5.06,16.422,0.05999999999999922,-4.418322430548738e-05,0.08699999999999974,-0.000507853152936638,0.03264516129032258,-0.007415647015202053,0.0,0.0
27,2,1064184,0,195,25.66,0.06,4.96,16.466,0.05999999999999922,-4.547653391955464e-05,0.08999999999999986,-0.0005052948213283857,0.032,-0.007168458781361975,0.0,0.0
27,2,1064230,0,195,25.66,0.06,4.96,16.512,0.05999999999999922,-4.649294438199547e-05,0.08899999999999864,-0.0005223926335055751,0.032,0.0,0.0,0.0
27,2,1064273,0,195,25.55,0.06,4.96,16.555,0.05999999999999922,-4.681472631690387e-05,0.08699999999999974,-0.0005381003024931495,0.032,0.0,0.0,0.0
27,2,1064317,0,195,25.44,0.06,4.96,16.599,0.05999999999999922,-4.626855374991212e-05,0.08699999999999974,-0.0005318224568955431,0.032,-0.007415647015202053,0.0,0.0
27,2,1064360,0,195,25.44,0.06,4.86,16.642,0.05999999999999922,-4.49667315683584e-05,0.08699999999999974,-0.0005168589835443509,0.031354838709677424,-0.007415647015202053,0.0,0.0
27,2,1064404,0,195,25.33,0.06,4.86,16.686,0.05999999999999922,-4.325273580264799e-05,0.08800000000000097,-0.0004915083613937218,0.031354838709677424,0.0,0.0,0.0
27,2,1064448,0,195,25.22,0.06,4.86,16.73,0.05999999999999922,-4.155294131470111e-05,0.08699999999999974,-0.00047762001511150845,0.031354838709677424,0.0,0.0,0.0
27,2,1064491,0,195,25.22,0.06,4.86,16.773,0.05999999999999922,-4.0198129751200185e-05,0.08699999999999974,-0.0004620474684046012,0.031354838709677424,0.0,0.0,0.006425358749196752
27,2,1064535,0,195,25.11,0.06,4.86,16.817,0.060559006211179336,-3.932518448579891e-05,0.08699999999999974,-0.00045201361477929916,0.031354838709677424,-0.007415647015202173,0.0,0.0028557149996428772
27,2,1064578,0,195,25.0,0.06,4.76,16.86,0.06024844720496815,-3.8909672012545474e-05,0.08500000000000085,-0.00045776084720641275,0.030709677419354837,-0.007590132827324478,0.0,-0.00692267753783432
27,2,1064620,0,195,25.0,0.06,4.76,16.902,0.05997057862046341,-3.886152439380286e-05,0.08500000000000085,-0.00045719440463297026,0.030709677419354837,0.0,0.0,-0.0061534911447414
27,2,1064663,0,195,24.89,0.06,4.76,16.945,0.059725400457665126,-3.9078911897276746e-05,0.08699999999999974,-0.0004491828953709984,0.030709677419354837,0.0,0.0,-0.005260527630921316
27,2,1064707,0,195,24.78,0.06,4.76,16.989,0.05951291271657326,-3.9440565252990114e-05,0.08699999999999974,-0.00045333983049414056,0.030709677419354837,0.0,0.0,-0.004509023683646933
27,2,1064750,0,195,24.78,0.06,4.76,17.032,0.059333115397187844,-3.980618315867978e-05,0.08699999999999974,-0.00045754233515724025,0.030709677419354837,-0.007415647015202053,0.0,-0.003757519736372232
27,2,1064794,0,195,24.67,0.06,4.66,17.076,0.05918600849950888,-4.007042745361922e-05,0.08699999999999974,-0.00046057962590367055,0.03006451612903226,-0.007415647015202053,0.0,-0.0030060157890978495
27,2,1064837,0,195,24.56,0.06,4.66,17.119,0.05907159202353633,-4.0220116962355055e-05,0.08699999999999974,-0.00046230019496959967,0.03006451612903226,0.0,0.0,-0.0022545118418234667
27,2,1064881,0,195,24.45,0.06,4.66,17.163,0.058989865969270236,-4.0317180140157836e-05,0.08699999999999974,-0.0004634158636799765,0.03006451612903226,0.0,0.0,-0.0015030078945489247
27,2,1064924,0,195,24.45,0.06,4.66,17.206,0.058940830336710576,-4.0415275542609486e-05,0.08699999999999974,-0.00046454339704148973,0.03006451612903226,0.0,-0.11494252873563246,-0.0007515039472745421
27,2,1064968,0,195,24.34,0.05,4.66,17.25,0.05892448512585735,-4.050121901643599e-05,0.08900000000000219,-0.0004550698765891573,0.03006451612903226,-0.007249003262051324,0.0,0.0
27,2,1065013,0,195,24.23,0.06,4.56,17.295,0.058940830336710576,-4.051918537355626e-05,0.08899999999999864,-0.000455271745770302,0.029419354838709676,-0.0072490032620516134,0.11235955056179942,0.0007346162181223143
27,2,1065057,0,195,24.23,0.06,4.56,17.339,0.058989865969270236,-4.04304354481928e-05,0.08699999999999974,-0.00046471764882980365,0.029419354838709676,0.0,0.0,0.0015030078945489247
27,2,1065100,0,195,24.12,0.06,4.56,17.382,0.05907159202353633,-4.0226217284458523e-05,0.08699999999999974,-0.00046237031361446717,0.029419354838709676,0.0,0.0,0.0022545118418234667
27,2,1065144,0,195,24.01,0.06,4.56,17.426,0.05918600849950888,-3.989077159168364e-05,0.08699999999999974,-0.000458514615996365,0.029419354838709676,0.0,0.0,0.0030060157890978495
27,2,1065187,0,195,23.9,0.06,4.56,17.469,0.059333115397187844,-3.939079238166698e-05,0.0870000000000033,-0.00045276772852489067,0.029419354838709676,-0.00741564701520179,0.0,0.0037575197363720783
27,2,1065231,0,195,23.9,0.06,4.46,17.513,0.05951291271657326,-3.873324290944602e-05,0.08699999999999974,-0.0004452096886143234,0.028774193548387096,-0.007415647015202093,0.0,0.004509023683646933
27,2,1065274,0,195,23.79,0.06,4.46,17.556,0.059725400457665126,-3.80299875529051e-05,0.08699999999999974,-0.00043712629371155413,0.028774193548387096,0.0,0.0,0.005260527630921316
27,2,1065318,0,195,23.79,0.06,4.46,17.6,0.05997057862046341,-3.747819537386388e-05,0.08699999999999974,-0.00043078385487199986,0.028774193548387096,0.0,0.0,0.006012031578195699
27,2,1065361,0,195,23.68,0.06,4.46,17.643,0.06024844720496815,-3.725486012336621e-05,0.08899999999999864,-0.00041859393397041325,0.028774193548387096,0.0,0.0,0.006611545963100361
27,2,1065407,0,195,23.68,0.06,4.46,17.689,0.060559006211179336,-3.741761374248309e-05,0.08899999999999864,-0.0004204226263200411,0.028774193548387096,-0.006524102935846421,0.0,-0.00279154162886442
27,2,1065450,0,195,23.57,0.06,4.37,17.732,0.05999999999999922,-3.788501503579944e-05,0.08699999999999974,-0.0004354599429402248,0.028193548387096774,-0.006674082313681888,0.0,-0.006425358749196752
27,2,1065494,0,195,23.46,0.06,4.37,17.776,0.05999999999999922,-3.847400379501664e-05,0.08699999999999974,-0.0004422299286783535,0.028193548387096774,0.0,0.0,0.0
27,2,1065537,0,195,23.46,0.06,4.37,17.819,0.05999999999999922,-3.8932922874195696e-05,0.08699999999999974,-0.00044750486062294036,0.028193548387096774,0.0,0.0,0.0
27,2,1065581,0,195,23.35,0.06,4.37,17.863,0.05999999999999922,-3.896904467444884e-05,0.08699999999999974,-0.00044792005372929833,0.028193548387096774,0.0,0.0,0.0
27,2,1065624,0,195,23.24,0.06,4.37,17.906,0.05999999999999922,-3.832750836832855e-05,0.08600000000000207,-0.00044566870195729793,0.028193548387096774,-0.007501875468867071,0.0,0.006500072223024446
27,2,1065667,0,195,23.24,0.06,4.27,17.949,0.060559006211179336,-3.6932895813837516e-05,0.08699999999999974,-0.0004245160438372141,0.02754838709677419,-0.007415647015202133,0.0,0.0028557149996428772
27,2,1065711,0,195,23.13,0.06,4.27,17.993,0.06024844720496815,-3.500260190713078e-05,0.08699999999999974,-0.00040232875755322856,0.02754838709677419,0.0,0.0,-0.0067635355254704
27,2,1065754,0,195,23.02,0.06,4.27,18.036,0.05997057862046341,-3.302058117953433e-05,0.08900000000000219,-0.0003710177660621743,0.02754838709677419,0.0,0.0,-0.005876929744977656
27,2,1065800,0,195,22.91,0.06,4.27,18.082,0.059725400457665126,-3.156286201204494e-05,0.08899999999999864,-0.00035463889901174634,0.02754838709677419,0.0,0.0,0.0011386551380894857
27,2,1065843,0,195,22.91,0.06,4.27,18.125,0.060071918927753376,-3.1079631746397496e-05,0.08699999999999974,-0.0003572371465103171,0.02754838709677419,-0.007415647015202053,0.0,0.004772050065192856
27,2,1065887,0,195,22.91,0.06,4.17,18.169,0.0601405688133369,-3.174694863216043e-05,0.08699999999999974,-0.000364907455542075,0.026903225806451613,0.0,0.0,-0.007665340262199596
27,2,1065930,0,195,22.8,0.06,4.27,18.212,0.05940503432494201,-3.342765138573167e-05,0.08699999999999974,-0.0003842258779969169,0.02754838709677419,0.0,0.0,-0.01578158289276395
27,2,1065974,0,195,22.69,0.06,4.17,18.256,0.058767571101666444,-3.57234720919104e-05,0.08699999999999974,-0.00041061462174609776,0.026903225806451613,-0.007415647015202053,0.0,-0.013527071050940481
27,2,1066017,0,195,22.58,0.06,4.17,18.299,0.058228179143510195,-3.808947594162504e-05,0.08699999999999974,-0.00043781006829454196,0.026903225806451613,0.0,0.0,-0.011272559209117175
27,2,1066061,0,195,22.58,0.06,4.17,18.343,0.05778685845047325,-3.9983214811254444e-05,0.08699999999999974,-0.0004595771817385582,0.026903225806451613,0.0,-0.11494252873563246,-0.009018047367293707
27,2,1066104,0,195,22.58,0.05,4.17,18.386,0.057443609022555644,-4.10141810718363e-05,0.08699999999999974,-0.0004714273686417979,0.026903225806451613,-0.007415647015202093,0.0,-0.0067635355254702404
27,2,1066148,0,195,22.47,0.06,4.07,18.43,0.05719843085975734,-4.1043501760346325e-05,0.08900000000000219,-0.00046116294112747547,0.026258064516129033,-0.007249003262051285,0.11235955056179493,-0.00440769730873332
27,2,1066193,0,195,22.36,0.06,4.07,18.475,0.05705132396207837,-4.0172205781230375e-05,0.08899999999999864,-0.00045137309866551676,0.026258064516129033,0.0,0.0,-0.002203848654366631
27,2,1066237,0,195,22.25,0.06,4.07,18.519,0.057002288329518716,-3.859565575338397e-05,0.08699999999999974,-0.0004436282270503918,0.026258064516129033,0.0,-0.11494252873563246,-7.975740119433619e-17
27,2,1066280,0,195,22.25,0.05,4.07,18.562,0.05705132396207836,-3.640761242635637e-05,0.0870000000000033,-0.0004184783037512068,0.026258064516129033,0.0,-0.11494252873562777,0.008679870591019706
27,2,1066324,0,195,22.14,0.05,4.07,18.606,0.05775743707093746,-3.351894213840634e-05,0.08799999999999741,-0.00038089706975462866,0.026258064516129033,0.0,0.11363636363636692,0.007281048470980049
27,2,1066368,0,195,22.03,0.06,4.07,18.65,0.05769205622752459,-2.9802105446115944e-05,0.08799999999999741,-0.0003386602891604184,0.026258064516129033,-0.007331378299120445,0.11363636363636692,7.885106708985718e-17
27,2,1066412,0,195,22.03,0.06,3.97,18.694,0.057757437070937466,-2.5396661712497437e-05,0.08699999999999974,-0.0002919156518677875,0.025612903225806453,-0.007415647015202093,0.0,0.009431374538294603
27,2,1066455,0,195,21.92,0.06,3.97,18.737,0.058512585812356216,-2.0954369941260432e-05,0.08699999999999974,-0.00024085482691104017,0.025612903225806453,0.0,0.0,0.015293105327035568
27,2,1066499,0,195,21.81,0.06,3.97,18.781,0.059087937234389556,-1.76060614060658e-05,0.0870000000000033,-0.00020236852190879464,0.025612903225806453,0.0,0.0,0.005110226841466135
27,2,1066542,0,195,21.81,0.06,3.97,18.824,0.05895717554756379,-1.660472418708858e-05,0.08900000000000219,-0.00018656993468638396,0.025612903225806453,0.0,0.0,-0.004591351363263853
27,2,1066588,0,195,21.7,0.06,3.97,18.87,0.058679306963059064,-1.8804080254000157e-05,0.08899999999999864,-0.00021128180060674657,0.025612903225806453,0.0,0.0,-0.00789712434481406
27,2,1066631,0,195,21.7,0.06,3.97,18.913,0.058254331480875346,-2.4224665714994486e-05,0.08699999999999974,-0.00027844443350568456,0.025612903225806453,0.0,0.0,-0.007515039472744783
27,2,1066675,0,195,21.59,0.06,3.97,18.957,0.05802549852893027,-3.190975843061672e-05,0.08800000000000097,-0.0003626108912570042,0.025612903225806453,0.0,0.0,-0.0029718565187673083
27,2,1066719,0,195,21.59,0.06,3.97,19.001,0.05799280810722382,-4.0138620908769964e-05,0.08699999999999974,-0.0004613634587214952,0.025612903225806453,-0.007415647015202093,-0.11494252873563246,-0.002442387828642142
27,2,1066762,0,195,21.48,0.05,3.87,19.044,0.057813010787838404,-4.6910893588324676e-05,0.08699999999999974,-0.0005392056734290208,0.024967741935483873,-0.007415647015202093,0.0,-0.00976955131456809
27,2,1066806,0,195,21.37,0.06,3.87,19.088,0.0571428571428564,-5.051089682582077e-05,0.08699999999999974,-0.0005805850209864473,0.024967741935483873,0.0,0.11494252873563246,-0.010671356051297445
27,2,1066849,0,195,21.37,0.06,3.87,19.131,0.05688460281137553,-4.996456572526853e-05,0.09299999999999997,-0.0005372533948953607,0.024967741935483873,0.0,-0.10752688172043008,-0.006784141278863284
27,2,1066899,0,195,21.26,0.05,3.87,19.181,0.05651193200392211,-4.529532484278276e-05,0.09299999999999997,-0.00048704650368583624,0.024967741935483873,-0.006937218175511655,-0.10752688172043008,-0.008893200743794908
27,2,1066942,0,195,21.26,0.05,3.77,19.224,0.0560575351422026,-3.7560667067175314e-05,0.08899999999999864,-0.0004220299670469201,0.02432258064516129,-0.0072490032620516134,0.11235955056179942,-0.017043096260436118
27,2,1066988,0,195,21.15,0.06,3.77,19.27,0.05499509643674332,-2.865249819718807e-05,0.08899999999999864,-0.00032193818199088213,0.02432258064516129,0.0,0.0,-0.02056925410742293
27,2,1067031,0,195,21.04,0.05,3.77,19.313,0.05422687152664199,-2.0850016149926098e-05,0.08699999999999974,-0.00023965535804512826,0.02432258064516129,0.0,0.0,-0.014278574998215103
27,2,1067075,0,195,21.04,0.06,3.77,19.357,0.05375286041189861,-1.620211548251893e-05,0.08699999999999974,-0.00018623121244274688,0.02432258064516129,0.0,0.11494252873563246,-0.0010896807235480303
27,2,1067118,0,195,20.93,0.06,3.77,19.4,0.05413206930369331,-1.592942744848047e-05,0.08699999999999974,-0.000183096867223914,0.02432258064516129,0.0,0.0,0.0021042110523684945
27,2,1067162,0,195,20.93,0.06,3.77,19.444,0.05393592677345467,-2.0063240827160823e-05,0.08699999999999974,-0.00023061196353058486,0.02432258064516129,0.0,-0.11494252873563246,0.00567385480192237
27,2,1067205,0,195,20.82,0.05,3.77,19.487,0.054625694671460556,-2.7455173494714825e-05,0.08699999999999974,-0.0003155767068358035,0.02432258064516129,0.0,-0.11494252873563246,0.00567385480192237
27,2,1067249,0,195,20.71,0.05,3.77,19.531,0.054429552141221915,-3.615102729289399e-05,0.0870000000000033,-0.0004155290493435934,0.02432258064516129,-0.00741564701520179,0.0,-0.004321147696828161
27,2,1067292,0,195,20.71,0.05,3.67,19.574,0.05424975482183649,-4.398388001042663e-05,0.08699999999999974,-0.0005055618392003076,0.02367741935483871,-0.007415647015202093,0.0,0.0
27,2,1067336,0,195,20.6,0.05,3.67,19.618,0.054429552141221915,-4.916393517801687e-05,0.08899999999999864,-0.0005524037660451418,0.02367741935483871,0.0,0.0,-0.0020569254107421836
27,2,1067381,0,195,20.6,0.05,3.67,19.663,0.05406668846028044,-5.067837614820148e-05,0.08900000000000219,-0.000569419956721351,0.02367741935483871,0.0,0.11235955056179493,-0.008337894075687148
27,2,1067425,0,195,20.49,0.06,3.67,19.707,0.05368747956848574,-4.843713400410232e-05,0.08699999999999974,-0.0005567486667138214,0.02367741935483871,-0.007415647015202093,0.11494252873563246,0.007515039472744703
27,2,1067468,0,195,20.49,0.06,3.57,19.75,0.05472049689440923,-4.3196659077899825e-05,0.08699999999999974,-0.0004965133227344822,0.02303225806451613,-0.007415647015202093,0.0,0.0067635355254702404
27,2,1067512,0,195,20.38,0.06,3.57,19.794,0.05427590715920165,-3.630281392091028e-05,0.08699999999999974,-0.0004172737232288551,0.02303225806451613,0.0,-0.11494252873563246,-0.00041332717100097424
27,2,1067555,0,195,20.27,0.05,3.57,19.837,0.05468453743053214,-2.9290947306766402e-05,0.08599999999999852,-0.00034059241054380123,0.02303225806451613,0.0,0.0,0.01942419243254758
27,2,1067598,0,195,20.27,0.06,3.57,19.88,0.05594638770840071,-2.3442440726503476e-05,0.08699999999999974,-0.0002694533416839488,0.02303225806451613,0.0,0.0,0.022394817628779377
27,2,1067642,0,195,20.16,0.05,3.57,19.924,0.05663288656423594,-1.946614526010526e-05,0.08699999999999974,-0.00022374879609316458,0.02303225806451613,0.0,-0.11494252873563246,0.00916834815674852
27,2,1067685,0,195,20.16,0.05,3.57,19.967,0.05674403399803783,-1.7444734889193293e-05,0.08699999999999974,-0.00020051419412865914,0.02303225806451613,0.0,0.11494252873563246,0.001991485460277385
27,2,1067729,0,195,20.16,0.06,3.57,20.011,0.056806145799280075,-1.7049412922552242e-05,0.08900000000000219,-0.00019156643733204295,0.02303225806451613,-0.007249003262051285,0.11235955056179493,0.000477500541779493
27,2,1067774,0,195,19.94,0.06,3.47,20.056,0.05678653154625621,-1.7870265077813307e-05,0.08999999999999986,-0.0001985585008645926,0.022387096774193548,-0.007168458781362013,0.0,-0.0017071664668919144
27,2,1067819,0,195,19.94,0.06,3.47,20.101,0.0566525008172598,-1.9647222447827682e-05,0.08799999999999741,-0.00022326389145259387,0.022387096774193548,0.007331378299120445,0.0,-0.0047178222235432195
27,2,1067862,0,195,19.83,0.06,3.57,20.144,0.05637136319058442,-2.2278676621006798e-05,0.08699999999999974,-0.0002560767427701938,0.02303225806451613,0.0,-0.11494252873563246,0.0018411846708224927
27,2,1067906,0,195,19.83,0.05,3.47,20.188,0.05681268388362136,-2.5660799997091475e-05,0.0870000000000033,-0.00029495172410448856,0.022387096774193548,-0.00741564701520179,0.0,0.018449421905587716
27,2,1067949,0,195,19.72,0.06,3.47,20.231,0.05797646289637061,-2.951083001159338e-05,0.08699999999999974,-0.0003392049426619939,0.022387096774193548,0.0,0.11494252873563246,0.025062656641603738
27,2,1067993,0,195,19.72,0.06,3.47,20.275,0.05899313501144088,-3.329219373497416e-05,0.08699999999999974,-0.00038266889350545123,0.022387096774193548,0.0,-0.11494252873563246,0.005260527630921316
27,2,1068036,0,195,19.61,0.05,3.47,20.318,0.05843412880026076,-3.62823717098526e-05,0.08699999999999974,-0.0004170387552856633,0.022387096774193548,0.0,0.0,0.002254511841823307
27,2,1068080,0,195,19.5,0.06,3.47,20.362,0.059189277541679505,-3.777487459479412e-05,0.08699999999999974,-0.0004341939608597038,0.022387096774193548,-0.007415647015202093,0.11494252873563246,-0.0007515039472744624
27,2,1068123,0,195,19.5,0.06,3.37,20.405,0.058368747956847884,-3.734858418124221e-05,0.08900000000000219,-0.000419647013272374,0.021741935483870968,-0.007249003262051285,0.0,-0.020091753565642616
27,2,1068169,0,195,19.5,0.06,3.37,20.451,0.05740111147433727,-3.506941276512388e-05,0.08899999999999864,-0.0003940383456755552,0.021741935483870968,0.0,0.0,-0.013627130846167816
27,2,1068212,0,195,19.39,0.06,3.37,20.494,0.05715593331153897,-3.1498310418179634e-05,0.08699999999999974,-0.0003620495450365486,0.021741935483870968,0.0,0.0,-0.0037575197363723914
27,2,1068256,0,195,19.28,0.06,3.37,20.538,0.05707420725727287,-2.7497048693823968e-05,0.08699999999999974,-0.0003160580309634948,0.021741935483870968,0.0,0.0,0.006425358749196832
27,2,1068299,0,195,19.28,0.06,3.37,20.581,0.05771493952271909,-2.3943701801844687e-05,0.08699999999999974,-0.0002752149632395949,0.021741935483870968,-0.007415647015202093,0.0,0.01303859348521218
27,2,1068343,0,195,19.17,0.06,3.27,20.625,0.05820856489048633,-2.1487489585735542e-05,0.08699999999999974,-0.0002469826389165012,0.021096774193548388,0.0,-0.11494252873563246,-0.00676353552547032
27,2,1068386,0,195,19.06,0.05,3.37,20.668,0.057126511932003174,-2.041674781426117e-05,0.08599999999999852,-0.00023740404435187816,0.021741935483870968,0.007501875468867341,-0.1162790697674438,-0.016383222971483435
27,2,1068429,0,195,19.06,0.05,3.37,20.711,0.05679960771493878,-2.0668760359708216e-05,0.08699999999999974,-0.0002375719581575664,0.021741935483870968,-0.007415647015202093,0.11494252873563246,-0.005260527630921236
27,2,1068473,0,195,19.06,0.06,3.27,20.755,0.05666884602811303,-2.1970412780500937e-05,0.08699999999999974,-0.0002525334802356437,0.021096774193548388,-0.007415647015202093,0.0,-0.00469689967046537
27,2,1068516,0,195,19.06,0.05,3.27,20.798,0.05639097744360829,-2.402354311424748e-05,0.08900000000000219,-0.0002699274507218752,0.021096774193548388,0.0,0.0,-0.007897124344813978
27,2,1068562,0,195,18.84,0.06,3.27,20.844,0.055966001961424566,-2.660342693660489e-05,0.09000000000000341,-0.000295593632628932,0.021096774193548388,0.0,0.11111111111110684,-0.0010533580327630528
27,2,1068606,0,195,18.84,0.06,3.27,20.888,0.05629617522065961,-2.9514593179195357e-05,0.08699999999999974,-0.0003392481974620166,0.021096774193548388,0.0,0.0,0.00627505795974194
27,2,1068649,0,195,18.73,0.06,3.27,20.931,0.05651193200392211,-3.2485865704309005e-05,0.08599999999999852,-0.00037774262446871586,0.021096774193548388,0.0,0.0,0.004067296654173317
27,2,1068692,0,195,18.73,0.06,3.27,20.974,0.05664596273291851,-3.513390434110031e-05,0.08699999999999974,-0.0004038379809321886,0.021096774193548388,-0.006674082313681888,-0.11494252873563246,0.002517538223369389
27,2,1068736,0,195,18.73,0.05,3.18,21.018,0.05673095782935525,-3.703744140334742e-05,0.08699999999999974,-0.00042571771727985665,0.020516129032258065,-0.006674082313681888,-0.11494252873563246,0.0017660342760950065
27,2,1068779,0,195,18.62,0.05,3.18,21.061,0.05679960771493878,-3.78488696983208e-05,0.08699999999999974,-0.00043504447929104494,0.020516129032258065,0.0,0.11494252873563246,-0.004659324473101587
27,2,1068823,0,195,18.51,0.06,3.18,21.105,0.05632559660019541,-3.7350573402607615e-05,0.08699999999999974,-0.00042931693566215773,0.020516129032258065,0.0,0.11494252873563246,-0.010708931248661228
27,2,1068866,0,195,18.51,0.06,3.18,21.148,0.05586793069630525,-3.544881689116108e-05,0.08699999999999974,-0.00040745766541564583,0.020516129032258065,0.0,0.0,-0.014278574998215023
27,2,1068910,0,195,18.51,0.06,3.18,21.192,0.05508336057535071,-3.2173179613473215e-05,0.08899999999999864,-0.00036149640015139,0.020516129032258065,-0.007249003262051574,-0.11235955056179942,-0.011166166515458148
27,2,1068955,0,195,18.4,0.05,3.08,21.237,0.05487414187642949,-2.7718936081810418e-05,0.08899999999999864,-0.00031144872002034654,0.019870967741935485,-0.007249003262051574,0.0,-0.014288285442477788
27,2,1068999,0,195,18.29,0.06,3.08,21.281,0.053811703170970206,-2.248621797259709e-05,0.0870000000000033,-0.0002584622755470832,0.019870967741935485,0.00741564701520179,0.0,-0.017434891576767055
27,2,1069042,0,195,18.29,0.05,3.18,21.324,0.0533573063092507,-1.705868612172523e-05,0.08699999999999974,-0.0001960768519738538,0.020516129032258065,0.0,-0.11494252873563246,-0.01593188368221892
27,2,1069086,0,195,18.29,0.05,3.08,21.368,0.052425629290617164,-1.2133204244463958e-05,0.08699999999999974,-0.0001394621177524597,0.019870967741935485,-0.007415647015202093,0.0,-0.01653308684003857
27,2,1069129,0,195,18.18,0.05,3.08,21.411,0.05191892775416735,-8.441933648751565e-06,0.08699999999999974,-9.703372010059298e-05,0.019870967741935485,0.0,0.0,-0.0003381767762734881
27,2,1069173,0,195,18.07,0.05,3.08,21.455,0.05239620791108137,-6.657038619774625e-06,0.08699999999999974,-7.651768528476603e-05,0.019870967741935485,0.0,0.0,0.001916335065549899
27,2,1069216,0,195,18.07,0.05,3.08,21.498,0.05208564890487019,-7.237851064181289e-06,0.0870000000000033,-8.319369039288522e-05,0.019870967741935485,0.0,0.11494252873562777,-0.009769551314567691
27,2,1069260,0,195,18.07,0.06,3.08,21.542,0.05154625694671395,-1.0237220281886116e-05,0.08699999999999974,-0.0001176691986423695,0.019870967741935485,0.0,0.0,-0.004659324473101746
27,2,1069303,0,195,17.96,0.05,3.08,21.585,0.05168028767571034,-1.5160479667427396e-05,0.08899999999999864,-0.00017034246817334414,0.019870967741935485,0.0,-0.11235955056179942,0.00466481298507622
27,2,1069349,0,195,17.85,0.05,3.08,21.631,0.051961425302385726,-2.0984924619958266e-05,0.08899999999999864,-0.00023578566988717516,0.019870967741935485,0.0,0.0,0.008337894075687557
27,2,1069392,0,195,17.85,0.05,3.08,21.674,0.05242236024844652,-2.6392931356017168e-05,0.08699999999999974,-0.000303367027080658,0.019870967741935485,0.0,0.0,0.002667839012824441
27,2,1069436,0,195,17.73,0.05,3.08,21.718,0.05219352729650145,-3.0175083586623684e-05,0.08699999999999974,-0.0003468400412255606,0.019870967741935485,-0.007415647015202133,0.0,0.003607218946917499
27,2,1069479,0,195,17.73,0.05,2.98,21.761,0.05273618829682834,-3.165209970476601e-05,0.08599999999999852,-0.0003680476709856576,0.0192258064516129,-0.007501875468867381,0.1162790697674438,0.00497958749249248
27,2,1069522,0,195,17.62,0.06,2.98,21.804,0.0526217718208558,-3.090775948101942e-05,0.08699999999999974,-0.00035526160323010936,0.0192258064516129,0.0,0.11494252873563246,-0.0037575197363723914
27,2,1069566,0,195,17.62,0.06,2.98,21.848,0.052409284079763946,-2.8692951566133827e-05,0.08699999999999974,-0.00032980404099004496,0.0192258064516129,0.0,-0.11494252873563246,-0.006012031578195699
27,2,1069609,0,195,17.51,0.05,2.98,21.891,0.052098725073552773,-2.604319023121171e-05,0.08800000000000097,-0.00029594534353649346,0.0192258064516129,0.0,-0.11363636363636233,-0.008172605426609744
27,2,1069654,0,195,17.51,0.05,2.98,21.936,0.05169009480222228,-2.3820974708101516e-05,0.08800000000000097,-0.0002706928944102415,0.0192258064516129,0.0,0.0,-0.010401497815685185
27,2,1069697,0,195,17.51,0.05,2.98,21.979,0.05118339326577247,-2.242265527791698e-05,0.08899999999999864,-0.0002519399469428913,0.0192258064516129,0.0,0.0,-0.002350771897991234
27,2,1069743,0,195,17.4,0.05,2.98,22.025,0.051480876103301064,-2.177062340600777e-05,0.08900000000000219,-0.0002446137461349128,0.0192258064516129,-0.007249003262051285,0.0,-0.0003305772981550516
27,2,1069786,0,195,17.4,0.05,2.88,22.068,0.05115397188623667,-2.1541603669283482e-05,0.08699999999999974,-0.0002476046398768224,0.01858064516129032,0.0,0.0,-0.008266543420019165
27,2,1069830,0,195,17.29,0.05,2.98,22.112,0.0507616868257594,-2.14681341185905e-05,0.08699999999999974,-0.00024676016228265016,0.0192258064516129,0.0,0.0,-0.00976955131456809
27,2,1069873,0,195,17.29,0.05,2.88,22.155,0.050304020921869246,-2.154327085279473e-05,0.0870000000000033,-0.00024762380290567715,0.01858064516129032,-0.00741564701520179,0.0,-0.011272559209116713
27,2,1069917,0,195,17.18,0.05,2.88,22.199,0.04978097417456621,-2.2029947714412134e-05,0.08699999999999974,-0.00025321778982082986,0.01858064516129032,0.0,0.0,-0.0127755671036661
27,2,1069960,0,195,17.07,0.05,2.88,22.242,0.0491925465838503,-2.3271755695537967e-05,0.08699999999999974,-0.00026749144477629925,0.01858064516129032,0.0,0.0,-0.003907820525827204
27,2,1070004,0,195,17.07,0.05,2.88,22.286,0.04944099378881924,-2.5397906765108225e-05,0.08699999999999974,-0.0002919299628173368,0.01858064516129032,0.0,0.0,0.00928107374883979
27,2,1070047,0,195,17.07,0.05,2.88,22.329,0.04999999999999936,-2.8088530538195488e-05,0.08599999999999852,-0.0003266108202115811,0.01858064516129032,0.0,0.0,0.006500072223024714
27,2,1070090,0,195,16.96,0.05,2.88,22.372,0.04999999999999936,-3.056262470267379e-05,0.08899999999999864,-0.0003434002775581377,0.01858064516129032,0.0,0.0,0.0
27,2,1070136,0,195,16.96,0.05,2.88,22.418,0.04999999999999936,-3.184144022147528e-05,0.08999999999999986,-0.0003537937802386148,0.01858064516129032,-0.007168458781362013,0.0,0.0
27,2,1070180,0,195,16.85,0.05,2.78,22.462,0.04999999999999936,-3.117442570254037e-05,0.08699999999999974,-0.00035832673221310873,0.01793548387096774,-0.007415647015202093,0.0,0.0
27,2,1070223,0,195,16.85,0.05,2.78,22.505,0.04999999999999936,-2.839942595628342e-05,0.08599999999999852,-0.00033022588321260355,0.01793548387096774,0.0,0.0,0.0
27,2,1070266,0,195,16.74,0.05,2.78,22.548,0.04999999999999936,-2.403790291404384e-05,0.08699999999999974,-0.0002762977346441829,0.01793548387096774,0.0,0.0,0.0
27,2,1070310,0,195,16.74,0.05,2.78,22.592,0.04999999999999936,-1.9091197541391215e-05,0.0870000000000033,-0.00021943905219989072,0.01793548387096774,0.0,0.0,0.0
27,2,1070353,0,195,16.74,0.05,2.78,22.635,0.04999999999999936,-1.4675978274649726e-05,0.08699999999999974,-0.00016868940545574447,0.01793548387096774,0.0,0.0,0.0
27,2,1070397,0,195,16.63,0.05,2.78,22.679,0.04999999999999936,-1.168740891970188e-05,0.08699999999999974,-0.0001343380335597921,0.01793548387096774,0.0,0.0,0.0
27,2,1070440,0,195,16.63,0.05,2.78,22.722,0.04999999999999936,-1.0600394558477167e-05,0.08699999999999974,-0.00012184361561468044,0.01793548387096774,-0.007415647015202093,0.0,0.0
27,2,1070484,0,195,16.52,0.05,2.68,22.766,0.04999999999999936,-1.1407700379869378e-05,0.08899999999999864,-0.00012817640876257926,0.01729032258064516,0.0,0.0,0.0
27,2,1070529,0,195,16.52,0.05,2.78,22.811,0.04999999999999936,-1.365038314466771e-05,0.08900000000000219,-0.00015337509151311658,0.01793548387096774,0.007249003262051285,0.0,0.0
27,2,1070573,0,195,16.41,0.05,2.78,22.855,0.04999999999999936,-1.6542095891928453e-05,0.08699999999999974,-0.0001901390332405575,0.01793548387096774,0.0,0.0,-0.006425358749196752
27,2,1070616,0,195,16.41,0.05,2.78,22.898,0.04944099378881924,-1.9227424448637896e-05,0.08699999999999974,-0.00022100487871997646,0.01793548387096774,-0.007415647015202093,0.0,-0.002855714999643037
27,2,1070660,0,195,16.41,0.05,2.68,22.942,0.049751552795030414,-2.1134783724054083e-05,0.08699999999999974,-0.0002429285485523465,0.01729032258064516,-0.007415647015202093,0.0,0.0067635355254702404
27,2,1070703,0,195,16.3,0.05,2.68,22.985,0.05002942137953515,-2.224072378192021e-05,0.08699999999999974,-0.00025564050324046293,0.01729032258064516,0.0,0.0,0.006012031578195699
27,2,1070747,0,195,16.19,0.05,2.68,23.029,0.05027459954233344,-2.3041975687124517e-05,0.08699999999999974,-0.00026485029525430556,0.01729032258064516,0.0,0.0,0.005260527630921316
27,2,1070790,0,195,16.19,0.05,2.68,23.072,0.050487087283425304,-2.4204735504967268e-05,0.08699999999999974,-0.0002782153506318085,0.01729032258064516,0.0,0.0,0.004509023683646933
27,2,1070834,0,195,16.08,0.05,2.68,23.116,0.05066688460281072,-2.608182623325739e-05,0.08800000000000097,-0.00029638438901428526,0.01729032258064516,0.0,0.0,0.003714820648459017
27,2,1070878,0,195,16.08,0.05,2.68,23.16,0.0508139915004897,-2.8378531120682558e-05,0.08899999999999864,-0.0003188599002323932,0.01729032258064516,0.0,0.0,0.0029384648724890233
27,2,1070923,0,195,16.08,0.05,2.68,23.205,0.05092840797646224,-3.0168090905750233e-05,0.08899999999999864,-0.00033896731354776064,0.01729032258064516,0.0,0.0,-0.0040771200105785095
27,2,1070967,0,195,15.97,0.05,2.68,23.249,0.05045112781954822,-3.0278148727554744e-05,0.0870000000000033,-0.00034802469801785744,0.01729032258064516,-0.00741564701520179,0.0,-0.0013527071050940568
27,2,1071010,0,195,15.97,0.05,2.58,23.292,0.05081072245831905,-2.7875979119242443e-05,0.08699999999999974,-0.0003204135530947417,0.01664516129032258,-0.007415647015202093,0.11494252873563246,0.0010896807235479505
27,2,1071054,0,195,15.86,0.06,2.58,23.336,0.05054593004249689,-2.2961672700076096e-05,0.08699999999999974,-0.0002639272724146685,0.01664516129032258,0.0,0.0,0.0031563165785528217
27,2,1071097,0,195,15.86,0.05,2.58,23.379,0.05108532200065315,-1.651476966573595e-05,0.08699999999999974,-0.00018982493868662068,0.01664516129032258,0.0,-0.11494252873563246,0.011272559209117175
27,2,1071141,0,195,15.75,0.05,2.58,23.423,0.05152664269369008,-1.0222744887516733e-05,0.08799999999999741,-0.00011616755553996628,0.01664516129032258,0.0,0.0,0.00891556955630197
27,2,1071185,0,195,15.75,0.05,2.58,23.467,0.0518698921216077,-5.922982281615141e-06,0.0870000000000033,-6.808025611051628e-05,0.01664516129032258,0.0,0.0,0.006763535525469965
27,2,1071228,0,195,15.64,0.05,2.58,23.51,0.05211507028440599,-4.986125923100992e-06,0.08699999999999974,-5.73117922195518e-05,0.01664516129032258,0.0,0.0,0.0045090236836468536
27,2,1071272,0,195,15.64,0.05,2.58,23.554,0.05226217718208497,-7.845706968531373e-06,0.08999999999999986,-8.717452187257096e-05,0.01664516129032258,0.0,0.0,-0.004031818677127505
27,2,1071318,0,195,15.53,0.05,2.58,23.6,0.051752206603464516,-1.3805188433331227e-05,0.08999999999999986,-0.00015339098259256942,0.01664516129032258,0.0,0.0,-0.0027605244996548547
27,2,1071362,0,195,15.53,0.05,2.58,23.644,0.052013729977116036,-2.1179573538823603e-05,0.08799999999999741,-0.00024067697203209349,0.01664516129032258,0.0,0.11363636363636692,0.004457784778150906
27,2,1071406,0,195,15.53,0.06,2.58,23.688,0.052144491663941785,-2.7756295645637864e-05,0.0870000000000033,-0.00031903788098433116,0.01664516129032258,0.0,0.0,0.0015030078945488634
27,2,1071449,0,195,15.42,0.05,2.58,23.731,0.05214449166394179,-3.1471909930329114e-05,0.08699999999999974,-0.00036174609115320925,0.01664516129032258,-0.007415647015202093,0.0,-0.0015030078945489247
27,2,1071493,0,195,15.42,0.06,2.48,23.775,0.05201372997711603,-3.1101535893522936e-05,0.08699999999999974,-0.00035748891831635665,0.016,-0.007415647015202093,0.0,0.005861730788740886
27,2,1071536,0,195,15.42,0.05,2.48,23.818,0.05265446224256225,-2.6702889414579546e-05,0.08699999999999974,-0.0003069297633859727,0.016,0.0,-0.11494252873563246,0.007176862696471215
27,2,1071580,0,195,15.31,0.05,2.48,23.862,0.05263811703170902,-1.9622588862282964e-05,0.08699999999999974,-0.00022554699841704622,0.016,0.0,0.0,-0.0015030078945490045
27,2,1071623,0,195,15.2,0.05,2.48,23.905,0.052523700555736484,-1.2057205327647757e-05,0.0870000000000033,-0.00013858856698445172,0.016,0.0,0.0,-0.003757519736372158
27,2,1071667,0,195,15.2,0.05,2.48,23.949,0.05231121281464463,-6.348998607680123e-06,0.08999999999999986,-7.05444289742237e-05,0.016,0.0,0.0,-0.005811630525589245
27,2,1071713,0,195,15.2,0.05,2.48,23.995,0.05200065380843345,-4.269653979871002e-06,0.08899999999999864,-4.7973640223270425e-05,0.016,0.0,0.11235955056179942,-0.014361747064290052
27,2,1071756,0,195,15.09,0.06,2.48,24.038,0.05103301732592284,-6.501004613135741e-06,0.08699999999999974,-7.472419095558346e-05,0.016,0.0,0.0,-0.01337677026148567
27,2,1071800,0,195,15.09,0.05,2.48,24.082,0.0508368747956842,-1.24335885018092e-05,0.08699999999999974,-0.0001429148103656234,0.016,0.0,-0.11494252873563246,-0.006012031578195779
27,2,1071843,0,195,15.09,0.05,2.48,24.125,0.050509970578619806,-2.032438482715637e-05,0.08699999999999974,-0.0002336136187029475,0.016,0.0,0.0,0.0013527071050941119
27,2,1071887,0,195,14.98,0.05,2.48,24.169,0.05095456031382739,-2.7784904010184073e-05,0.08699999999999974,-0.00031936671276073744,0.016,0.0,0.0,0.002667839012824441
27,2,1071930,0,195,14.87,0.05,2.48,24.212,0.05074207257273553,-3.248949729265416e-05,0.08699999999999974,-0.00037344249761671555,0.016,-0.007415647015202113,0.0,0.004358722894191882
27,2,1071974,0,195,14.87,0.05,2.38,24.256,0.05133376920562208,-3.290171947850551e-05,0.08699999999999974,-0.000378180683660984,0.015354838709677418,-0.007415647015202113,0.0,0.006425358749196752
27,2,1072017,0,195,14.87,0.05,2.38,24.299,0.05130107878391565,-2.876596108000218e-05,0.08699999999999974,-0.0003306432308046237,0.015354838709677418,0.0,0.0,-0.0015030078945489247
27,2,1072061,0,195,14.87,0.05,2.38,24.343,0.05120300751879633,-2.1176409746007874e-05,0.09700000000000131,-0.0002183135025361607,0.015354838709677418,0.0,0.0,-0.0026961172541393355
27,2,1072114,0,195,14.76,0.05,2.38,24.396,0.05103955541026413,-1.2213172548439566e-05,0.09600000000000009,-0.0001272205473795787,0.015354838709677418,0.0,0.0,-0.00990928407976448
27,2,1072157,0,195,14.76,0.05,2.38,24.439,0.050251716247138936,-4.311590735582627e-06,0.08699999999999974,-4.9558514202099305e-05,0.015354838709677418,0.0,0.11494252873563246,-0.008867746577838816
27,2,1072201,0,195,14.65,0.06,2.38,24.483,0.050268061457992154,4.0744575394047186e-07,0.08800000000000097,4.630065385687129e-06,0.015354838709677418,0.0,0.0,0.009509940860055039
27,2,1072245,0,195,14.65,0.05,2.38,24.527,0.05108859104282379,6.691211477787285e-07,0.08699999999999974,7.69104767561759e-06,0.015354838709677418,0.0,-0.11494252873563246,0.011685886380118068
27,2,1072288,0,195,14.65,0.05,2.38,24.57,0.05128473357306242,-3.6554023403265746e-06,0.08699999999999974,-4.2016118854328566e-05,0.015354838709677418,0.0,0.0,0.0037575197363723914
27,2,1072332,0,195,14.54,0.05,2.38,24.614,0.051415495259888186,-1.1515675951728976e-05,0.08800000000000097,-0.00013085995399691875,0.015354838709677418,0.0,0.0,0.0022288923890754417
27,2,1072376,0,195,14.54,0.05,2.38,24.658,0.051480876103301064,-2.0918693283188184e-05,0.08699999999999974,-0.00024044475038147408,0.015354838709677418,0.0,0.0,0.0007515039472744624
27,2,1072419,0,195,14.54,0.05,2.38,24.701,0.051480876103301064,-2.9408919065607277e-05,0.08699999999999974,-0.00033803355247824556,0.015354838709677418,0.0,0.0,-0.0007515039472744624
27,2,1072463,0,195,14.43,0.05,2.38,24.745,0.051415495259888186,-3.470902528325226e-05,0.08999999999999986,-0.0003856558364805813,0.015354838709677418,-0.007168458781362013,0.0,-0.002179361447096015
27,2,1072509,0,195,14.43,0.05,2.28,24.791,0.05128473357306242,-3.535767381974209e-05,0.08899999999999864,-0.0003972772339296925,0.014709677419354838,-0.007249003262051574,0.0,-0.0036730810906112597
27,2,1072552,0,195,14.32,0.05,2.28,24.834,0.05108859104282379,-3.112873858760601e-05,0.08699999999999974,-0.00035780159296098965,0.014709677419354838,0.0,0.11494252873563246,-0.005260527630921316
27,2,1072596,0,195,14.32,0.06,2.28,24.878,0.05082706766917227,-2.3070824270195357e-05,0.08800000000000097,-0.00026216845761585343,0.014709677419354838,0.0,0.0,-0.01303902047609105
27,2,1072640,0,195,14.21,0.05,2.28,24.922,0.049941157240927764,-1.3167754936313613e-05,0.08800000000000097,-0.00014963357882174396,0.014709677419354838,0.0,-0.11363636363636233,-0.0007429641296917876
27,2,1072684,0,195,14.21,0.05,2.28,24.966,0.05076168682575939,-3.7787415063799124e-06,0.08699999999999974,-4.343381041816004e-05,0.014709677419354838,0.0,0.0,0.011685886380118068
27,2,1072727,0,195,14.21,0.05,2.28,25.009,0.05095782935599803,2.938327267355323e-06,0.08699999999999974,3.377387663626818e-05,0.014709677419354838,0.0,0.0,0.0037575197363723914
27,2,1072771,0,195,14.1,0.05,2.28,25.053,0.05108859104282379,5.480146190560475e-06,0.08699999999999974,6.299018609839645e-05,0.014709677419354838,0.0,0.0,0.002254511841823387
27,2,1072814,0,195,14.1,0.05,2.28,25.096,0.05115397188623667,3.2747661614127565e-06,0.08699999999999974,3.764099036106628e-05,0.014709677419354838,0.0,0.0,0.0007515039472744624
27,2,1072858,0,195,14.1,0.05,2.28,25.14,0.05115397188623667,-3.2208111481062395e-06,0.08899999999999864,-3.618888930456504e-05,0.014709677419354838,0.0,0.0,-0.007015584883067454
27,2,1072903,0,195,13.99,0.05,2.28,25.185,0.05052958483164367,-1.2597136381193419e-05,0.08899999999999864,-0.00014154085821565856,0.014709677419354838,0.0,0.0,-0.004995390283231285
27,2,1072947,0,195,13.99,0.05,2.28,25.229,0.05070938215102909,-2.274740930834085e-05,0.08699999999999974,-0.0002614644748085163,0.014709677419354838,0.0,0.0,0.0030060157890979293
27,2,1072990,0,195,13.88,0.05,2.28,25.272,0.05079110820529519,-3.1299879314929504e-05,0.08699999999999974,-0.0003597687277578114,0.014709677419354838,0.0,0.0,0.0007515039472743826
27,2,1073034,0,195,13.88,0.05,2.28,25.316,0.05077476299444196,-3.617906305492635e-05,0.0870000000000033,-0.0004158512994818963,0.014709677419354838,-0.0074156470152017704,0.11494252873562777,0.008867746577838374
27,2,1073077,0,195,13.88,0.06,2.18,25.359,0.05156260215756716,-3.616289888684765e-05,0.08699999999999974,-0.00041566550444652596,0.01406451612903226,-0.007415647015202073,0.0,0.010934382432843686
27,2,1073121,0,195,13.77,0.05,2.18,25.403,0.05172605426609936,-3.124074411250222e-05,0.08699999999999974,-0.0003590890127873829,0.01406451612903226,0.0,-0.11494252873563246,0.0030060157890979293
27,2,1073164,0,195,13.77,0.05,2.18,25.446,0.05182412553121868,-2.2619285514533072e-05,0.08699999999999974,-0.00025999178752336943,0.01406451612903226,0.0,0.0,0.0015030078945490045
27,2,1073208,0,195,13.77,0.05,2.18,25.49,0.05185681595292512,-1.2374714138964737e-05,0.08699999999999974,-0.00014223809355131924,0.01406451612903226,0.0,0.0,0.0
27,2,1073251,0,195,13.66,0.05,2.18,25.533,0.05182412553121868,-2.90100915071978e-06,0.08900000000000219,-3.2595608435052905e-05,0.01406451612903226,0.0,0.0,-0.001469232436244492
27,2,1073297,0,195,13.66,0.05,2.18,25.579,0.05172605426609936,3.6529735089625425e-06,0.08899999999999864,4.104464616811908e-05,0.01406451612903226,0.0,0.11235955056179942,-0.0029384648724890233
27,2,1073340,0,195,13.55,0.06,2.18,25.622,0.05156260215756716,5.825865267778063e-06,0.08699999999999974,6.696396859515035e-05,0.01406451612903226,0.0,0.0,-0.004509023683646933
27,2,1073384,0,195,13.55,0.05,2.18,25.666,0.051333769205622076,3.1163640657720925e-06,0.08699999999999974,3.582027661807013e-05,0.01406451612903226,0.0,-0.11494252873563246,-0.006012031578195779
27,2,1073427,0,195,13.55,0.05,2.18,25.709,0.05103955541026413,-3.918412196593835e-06,0.08699999999999974,-4.503922065050398e-05,0.01406451612903226,0.0,0.0,-0.007515039472744623
27,2,1073471,0,195,13.44,0.05,2.18,25.753,0.050679960771493296,-1.3739962972628028e-05,0.08699999999999974,-0.00015793060888078238,0.01406451612903226,0.0,0.0,-0.009018047367293627
27,2,1073514,0,195,13.44,0.05,2.18,25.796,0.050254985289309585,-2.4093488683675003e-05,0.08699999999999974,-0.0002769366515364951,0.01406451612903226,0.0,0.0,-0.00015030078945489246
27,2,1073558,0,195,13.44,0.05,2.18,25.84,0.05066688460281072,-3.24663065568469e-05,0.08699999999999974,-0.00037317593743502295,0.01406451612903226,0.0,0.0,-0.0037575197363723914
27,2,1073601,0,195,13.33,0.05,2.18,25.883,0.04992808107224519,-3.669252360878339e-05,0.08699999999999974,-0.0004217531449285459,0.01406451612903226,-0.007415647015202113,0.0,-0.007364738683289811
27,2,1073645,0,195,13.33,0.05,2.08,25.927,0.05002615233736451,-3.556467920486028e-05,0.08900000000000219,-0.0003996031371332518,0.013419354838709678,-0.007249003262051305,0.0,-0.004811736228700554
27,2,1073690,0,195,13.33,0.05,2.08,25.972,0.04949983654789083,-2.9242361370337644e-05,0.08899999999999864,-0.00032856585809368645,0.013419354838709678,0.0,0.0,-0.002791541628864576
27,2,1073734,0,195,13.22,0.05,2.08,26.016,0.049777705132395565,-1.9283636497873235e-05,0.08699999999999974,-0.00022165099422842864,0.013419354838709678,0.0,0.0,0.006162332367658408
27,2,1073777,0,195,13.33,0.05,2.08,26.059,0.05003595946387711,-8.275448484740711e-06,0.0870000000000033,-9.51200975257517e-05,0.013419354838709678,0.0,0.0,0.006841722299790129
27,2,1073821,0,195,13.22,0.05,2.08,26.103,0.05037293497247733,8.022604004951361e-07,0.08699999999999974,9.221383913737224e-06,0.013419354838709678,0.0,0.0,0.008521219757706708
27,2,1073864,0,195,13.22,0.05,2.08,26.146,0.05077730558279759,5.284857722213321e-06,0.08699999999999974,6.0745491059923405e-05,0.013419354838709678,0.0,0.0,0.00994034766622146
27,2,1073908,0,195,13.11,0.05,2.08,26.19,0.051237745219438594,3.4472003711205624e-06,0.08699999999999974,3.962299277150083e-05,0.013419354838709678,0.0,0.0,0.011099106025327087
27,2,1073951,0,195,13.11,0.05,2.08,26.233,0.05174292780700104,-5.056023117815389e-06,0.08599999999999852,-5.8790966486226463e-05,0.013419354838709678,0.0,0.0,0.012137000588919223
27,2,1073994,0,195,13.11,0.05,2.08,26.276,0.05228152727008563,-1.9007035423439067e-05,0.08699999999999974,-0.000218471671533783,0.013419354838709678,0.0,0.11494252873563246,0.012635514095310486
27,2,1074038,0,195,13.0,0.06,2.08,26.32,0.05284221753329305,-3.576743074438049e-05,0.08999999999999986,-0.00039741589715978383,0.013419354838709678,0.0,0.0,0.012579391679315299
27,2,1074084,0,195,13.0,0.05,2.08,26.366,0.053413672521224004,-5.179205808407872e-05,0.08899999999999864,-0.0005819332368997698,0.013419354838709678,0.0,0.0,0.012835377811080425
27,2,1074127,0,195,13.0,0.06,2.08,26.409,0.05398456615847919,-6.347702631189666e-05,0.08699999999999974,-0.0007296209920907683,0.013419354838709678,-0.007415647015202113,0.0,0.012987354579716186
27,2,1074171,0,195,12.89,0.05,1.98,26.453,0.05454357236965931,0.0,0.0,0.0,0.012774193548387096,0.0,0.0,0.0
