MS,MPT,t (ms),PWMi,PWMe,Pressure (Psi),LW raw(V),Displacement (mm),t_rel(s),LW (V),delta d (m),delta t (s),vel (m/s),strain,strain rate (1/s),dv/dt raw,dv/dt
28,5,1266727,0,190,12.56,0.04,2.08,0.0,-0.037416713721061215,0.0,0.0,0.0,0.0,0.0,0.0,0.0
28,5,1266771,255,0,12.56,0.04,1.98,0.044,0.031942405420666536,0.002789643350515961,0.089,0.0313443073091681,0.012774193548387096,0.0072490032620514825,0.0,1.5126031760130425
28,5,1266816,255,0,16.52,0.04,2.18,0.089,0.09720496894409957,0.0033112128949495585,0.08900000000000001,0.03720463926909616,0.01406451612903226,0.19427328742297936,0.449438202247191,1.419754920899084
28,5,1266860,255,0,34.69,0.08,4.66,0.133,0.15830059338068503,0.003963288569196624,0.088,0.04503737010450709,0.03006451612903226,0.4802052785923755,1.3636363636363638,1.3403855263383029
28,5,1266904,255,0,49.89,0.16,8.73,0.177,0.2151588952618702,0.0045107032491879225,0.088,0.05125799146804458,0.056322580645161296,0.560117302052786,1.9318181818181817,1.2432829288456504
28,5,1266948,255,0,59.58,0.25,12.3,0.221,0.26770949111910225,0.004757990899368684,0.08800000000000002,0.054068078401916846,0.07935483870967742,0.46554252199413465,2.045454545454545,1.1445807070677056
28,5,1266992,255,0,66.08,0.34,15.08,0.265,0.31588199748382834,0.004610790533797466,0.088,0.05239534697497121,0.09729032258064516,0.33504398826979476,1.818181818181818,1.04427886100447
28,5,1267036,255,0,70.6,0.41,16.87,0.309,0.3596060308874956,0.004093637174135219,0.08999999999999997,0.045484857490391335,0.10883870967741936,0.22078853046594996,1.2222222222222225,0.9214356708635898
28,5,1267082,255,0,74.01,0.45,18.16,0.355,0.3988112078615514,0.0033250295969605988,0.09000000000000002,0.0369447732995622,0.11716129032258064,0.14910394265232957,0.6666666666666664,0.8202346005549672
28,5,1267126,255,0,76.54,0.47,18.95,0.399,0.43342714493744267,0.002467329705937388,0.08800000000000002,0.02803783756747031,0.12225806451612903,0.11583577712609945,0.4545454545454542,0.7337755771029438
28,5,1267170,255,0,78.64,0.49,19.74,0.443,0.46338345864661046,0.0016741562939204258,0.08799999999999997,0.019024503340004845,0.1273548387096774,0.10190615835777148,0.34090909090909133,0.6716632130090914
28,5,1267214,255,0,80.51,0.5,20.34,0.487,0.4925335076822427,0.0010526741197905238,0.08800000000000002,0.011962205906710495,0.13122580645161291,0.0806451612903227,0.1136363636363637,0.5629067728609992
28,5,1267258,255,0,82.16,0.5,20.84,0.531,0.5129192546583784,0.0006481637830114976,0.08799999999999997,0.007365497534221567,0.1344516129032258,0.06524926686216988,0.11363636363636379,0.362120716811788
28,5,1267302,255,0,83.59,0.51,21.23,0.575,0.52440013076168,0.0004490414420496691,0.08699999999999997,0.005161395885628383,0.13696774193548386,0.05116796440489452,0.11494252873563233,0.17464951734658762
28,5,1267345,255,0,84.91,0.51,21.53,0.618,0.5281137626675315,0.0004050681280091659,0.08700000000000008,0.004655955494358224,0.13890322580645162,0.05190952910641449,0.11494252873563218,0.036823693416448755
28,5,1267389,255,0,86.23,0.52,21.93,0.662,0.5276037920889111,0.0004501153186469864,0.08799999999999997,0.005114946802806665,0.14148387096774193,0.05058651026392949,0.11363636363636379,-0.0378540224077979
28,5,1267433,255,0,87.34,0.52,22.22,0.706,0.5247826086956453,0.0005223065128293669,0.08999999999999997,0.005803405698104079,0.1433548387096774,0.042293906810036065,0.0,-0.047982274526895796
28,5,1267479,255,0,88.55,0.52,22.52,0.752,0.5232853873814904,0.0005771712666438234,0.09000000000000008,0.006413014073820254,0.14529032258064517,0.04301075268817205,0.0,-0.0208492245105502
28,5,1267523,255,0,89.54,0.52,22.82,0.796,0.5229061784896958,0.0005924881851018285,0.08799999999999997,0.006732820285248053,0.1472258064516129,0.04398826979472147,0.0,-0.00980712651193155
28,5,1267567,255,0,90.53,0.52,23.12,0.84,0.5224223602484405,0.0005659868106668143,0.08799999999999997,0.006431668303031983,0.14916129032258066,0.029325513196480774,0.0,-0.009807126511932811
28,5,1267611,255,0,91.41,0.52,23.22,0.884,0.5220431513566457,0.0005086139620550156,0.08800000000000008,0.005779704114261536,0.1498064516129032,0.021994134897360552,0.0,-0.0018574103242294485
28,5,1267655,255,0,92.18,0.52,23.42,0.928,0.5222589081399083,0.0004365414113481911,0.08699999999999997,0.00501771737181829,0.1510967741935484,0.028921023359288412,0.11494252873563233,0.007815641051655345
28,5,1267698,255,0,92.95,0.53,23.61,0.971,0.5227231121281397,0.0003645770988735677,0.08699999999999986,0.004190541366362854,0.1523225806451613,0.02892102335928813,0.0,0.01239981513002937
28,5,1267742,255,0,93.72,0.52,23.81,1.015,0.5233376920562208,0.00030242861002178145,0.08799999999999997,0.0034366887502475176,0.15361290322580645,0.02199413489736058,-0.11363636363636379,0.008581235697939634
28,5,1267786,255,0,94.38,0.52,23.91,1.059,0.5234782608695584,0.00025390663390013657,0.08900000000000019,0.0028528835269678206,0.15425806451612903,0.021747009786154226,0.0,0.000955001083558072
28,5,1267831,255,0,94.93,0.52,24.11,1.104,0.5234226871526575,0.00021820422825375729,0.09099999999999997,0.002397848662129202,0.15554838709677418,0.021269053527118227,0.10989010989011003,0.005819613534553149
28,5,1267877,255,0,95.48,0.53,24.21,1.15,0.5240078457012027,0.00019205579946046569,0.08999999999999986,0.002133953327338511,0.1561935483870968,0.01433691756272395,0.0,0.013548363662780422
28,5,1267921,255,0,95.93,0.52,24.31,1.194,0.5246420398823077,0.00017174530153724987,0.08800000000000008,0.0019516511538323832,0.15683870967741934,0.014662756598240368,-0.11363636363636363,0.014599245148444701
28,5,1267965,255,0,96.26,0.52,24.41,1.238,0.5252925792742659,0.00015437396992874143,0.08699999999999997,0.0017744134474567987,0.15748387096774194,0.007415647015202353,0.11494252873563233,0.021192411313139384
28,5,1268008,255,0,96.48,0.53,24.41,1.281,0.5264857796665509,0.00013829047880371448,0.09400000000000008,0.0014711753064224932,0.15748387096774194,0.006863417982155066,0.10638297872340426,0.015614892921479733
28,5,1268059,255,0,96.81,0.53,24.51,1.332,0.526760379208885,0.00012292329810268044,0.09499999999999997,0.001293929453712426,0.15812903225806452,0.013582342954159514,0.0,0.011149154350407083
28,5,1268103,255,0,96.92,0.53,24.61,1.376,0.5275449493298395,0.00010833949316465663,0.08799999999999986,0.0012311306041438274,0.1587741935483871,0.007331378299120202,0.0,0.007021011025588014
28,5,1268147,255,0,96.92,0.53,24.61,1.42,0.5273782281791367,9.47762979139668e-05,0.08800000000000008,0.0010770033853859855,0.1587741935483871,0.0,-0.11363636363636363,0.011887426075068722
28,5,1268191,255,0,97.03,0.52,24.61,1.464,0.5285910428244456,8.231399364474257e-05,0.09000000000000008,0.0009145999293860278,0.1587741935483871,0.007168458781361958,0.0,0.010170353419780556
28,5,1268237,255,0,97.03,0.53,24.71,1.51,0.528293559986917,7.080551712582306e-05,0.09000000000000008,0.0007867279680647,0.15941935483870967,0.007168458781361958,0.1111111111111111,-0.0013076168682574823
28,5,1268281,255,0,97.03,0.53,24.71,1.554,0.5284733573063024,6.005478385029406e-05,0.08699999999999997,0.0006902848718424607,0.15941935483870967,0.0066740823136819906,0.0,-0.0071768626964712765
28,5,1268324,255,0,97.14,0.53,24.8,1.597,0.527669172932324,5.006271647415162e-05,0.08699999999999997,0.0005754335226913982,0.16,0.0066740823136819906,0.0,-0.0030060157890975225
28,5,1268368,255,0,97.03,0.53,24.8,1.641,0.5282118339326509,4.1107643540509996e-05,0.08800000000000008,0.00046713231296034046,0.16,0.0,0.0,0.0011515944010230907
28,5,1268412,255,0,97.03,0.53,24.8,1.685,0.527770513239614,3.3578584470561165e-05,0.08800000000000008,0.00038157482352910383,0.16,0.0,-0.11363636363636363,-0.01485928259383685
28,5,1268456,255,0,97.14,0.52,24.8,1.729,0.5269042170643933,2.770845344820927e-05,0.08799999999999986,0.0003148687891841968,0.16,0.0,0.0,-0.014264911290082503
28,5,1268500,255,0,97.03,0.53,24.8,1.773,0.5265152010460867,2.3453678686792046e-05,0.08799999999999986,0.0002665190759862737,0.16,0.0,0.0,-0.01575083954946657
28,5,1268544,255,0,97.03,0.52,24.8,1.817,0.5255181431840402,2.064217992668915e-05,0.08700000000000019,0.00023726643593895526,0.16,0.007415647015202015,0.0,-0.019539102629137037
28,5,1268587,255,0,97.03,0.53,24.9,1.86,0.5248152991173518,1.925573068816533e-05,0.08499999999999996,0.0002265380080960628,0.16064516129032258,0.007590132827324436,0.0,-0.013076168682575856
28,5,1268629,255,0,97.03,0.52,24.9,1.902,0.5244066688460213,1.9546727786767804e-05,0.08599999999999985,0.00022728753240427717,0.16064516129032258,0.0,0.0,-0.01657328356280023
28,5,1268673,255,0,97.03,0.53,24.9,1.946,0.523389996730951,2.1797180211315493e-05,0.08800000000000008,0.0002476952296740395,0.16064516129032258,-0.007331378299120184,0.0,-0.013781984605782583
28,5,1268717,255,0,97.03,0.52,24.8,1.99,0.5231938542007124,2.5857431220803308e-05,0.08799999999999986,0.0002938344456909472,0.16,0.0,0.0,-0.0014859282593828055
28,5,1268761,255,0,97.03,0.53,24.9,2.034,0.5232592350441253,3.0846386101774924e-05,0.08799999999999986,0.0003505271147928974,0.16064516129032258,0.007331378299120202,0.0,0.010810128087015746
28,5,1268805,255,0,97.03,0.52,24.9,2.078,0.5241451454723698,3.529462494653046e-05,0.08700000000000019,0.00040568534421299294,0.16064516129032258,0.0,-0.11494252873563204,0.019802129010681842
28,5,1268848,255,0,97.03,0.52,24.9,2.121,0.5249820202680546,3.766326997925873e-05,0.08700000000000019,0.000432911149186881,0.16064516129032258,0.007415647015202015,0.0,0.01262526631421186
28,5,1268892,255,0,97.03,0.52,25.0,2.165,0.5252435436417062,3.6902210802388424e-05,0.08800000000000008,0.00041934330457259536,0.16129032258064516,0.007331378299120184,0.0,-0.0005943713037531208
28,5,1268936,255,0,96.92,0.52,25.0,2.209,0.5249297155933244,3.271923894333639e-05,0.08800000000000008,0.00037180953344700414,0.16129032258064516,0.0,0.11363636363636363,0.0025632262474358063
28,5,1268980,255,0,96.92,0.53,25.0,2.253,0.5254691075514806,2.547659369182398e-05,0.08999999999999986,0.0002830732632424891,0.16129032258064516,-0.007168458781361975,0.11111111111111138,0.011441647597253307
28,5,1269026,255,0,97.03,0.53,24.9,2.299,0.5259594638770771,1.593219328197293e-05,0.08999999999999986,0.00017702436979969948,0.16064516129032258,0.0,0.0,0.010351966873705609
28,5,1269070,255,0,96.92,0.53,25.0,2.343,0.5264007845701141,5.154080806573091e-06,0.08700000000000019,5.9242308121529654e-05,0.16129032258064516,0.007415647015202015,0.0,0.003156316578552965
28,5,1269113,255,0,97.03,0.53,25.0,2.386,0.5262340634194113,-5.274936101045568e-06,0.08700000000000019,-6.063144943730525e-05,0.16129032258064516,0.0,0.0,0.0055987044071960515
28,5,1269157,255,0,96.92,0.53,25.0,2.43,0.5268878718535401,-1.2998657145846692e-05,0.08800000000000008,-0.00014771201302098502,0.16129032258064516,0.0,0.0,0.013930577431721495
28,5,1269201,255,0,96.92,0.53,25.0,2.474,0.5274599542334028,-1.496774502896514e-05,0.08799999999999963,-0.0001700880116927864,0.16129032258064516,0.0,-0.11363636363636422,0.012073167107490845
28,5,1269245,255,0,96.92,0.52,25.0,2.518,0.5279503105589993,-8.099949648919136e-06,0.08799999999999963,-9.204488237408148e-05,0.16129032258064516,0.0,-0.11363636363636422,0.0038634134743978274
28,5,1269289,255,0,96.92,0.52,25.0,2.562,0.5277999346191498,9.529058289245995e-06,0.08900000000000041,0.00010706807066568484,0.16129032258064516,0.0,0.11235955056179733,-0.004664812985075035
28,5,1269334,255,0,96.92,0.53,25.0,2.607,0.5275351422033276,3.7258830672104894e-05,0.08800000000000008,0.0004233958030921007,0.16129032258064516,0.0,0.11363636363636363,-0.007689678742311203
28,5,1269377,255,0,96.92,0.53,25.0,2.65,0.5271232428898264,7.061484053286194e-05,0.08899999999999997,0.0007934251745265389,0.16129032258064516,0.007249003262051738,0.0,-0.004995390283232224
28,5,1269423,255,0,96.92,0.53,25.1,2.696,0.52709055246812,0.0001007406295512574,0.0900000000000003,0.0011193403283473007,0.16193548387096776,0.007168458781362248,-0.11111111111111084,0.0034869783153541
28,5,1269467,255,0,96.92,0.52,25.1,2.74,0.5274370709382082,0.00011489777134972457,0.08799999999999963,0.001305656492610512,0.16193548387096776,0.0,0.0,0.006203750482927171
28,5,1269511,255,0,96.92,0.53,25.1,2.784,0.5276364825106176,9.832304551074955e-05,0.08799999999999963,0.0011173073353494313,0.16193548387096776,0.0,0.11363636363636422,0.00958423727302385
28,5,1269555,255,0,96.92,0.53,25.1,2.828,0.5282804838182343,3.7500988490485554e-05,0.08800000000000008,0.00042614759648279,0.16193548387096776,0.0,0.0,0.010178608576778185
28,5,1269599,255,0,96.92,0.53,25.1,2.872,0.528532200065374,-7.557026444940363e-05,0.08800000000000008,-0.0008587530051068587,0.16193548387096776,0.0,-0.11363636363636363,0.00835834645903315
28,5,1269643,255,0,96.92,0.52,25.1,2.916,0.5290160183066293,-0.00023925624968386928,0.08700000000000019,-0.0027500718354467675,0.16193548387096776,0.0,0.0,0.004546598881010454
28,5,1269686,0,190,96.92,0.53,25.1,2.959,0.528927754168022,-0.0004400275743793074,0.08700000000000019,-0.005057788211256396,0.16193548387096776,-0.007415647015202334,0.11494252873563204,-0.011422859998572088
28,5,1269730,0,190,93.94,0.53,25.0,3.003,0.5280222294867535,-0.0006536632888472305,0.08800000000000008,-0.0074279919187185215,0.16129032258064516,-0.05058651026392974,0.0,-0.03265327349995489
28,5,1269774,0,190,88.77,0.53,24.41,3.047,0.5260542661000259,-0.0008503412990178987,0.08999999999999986,-0.009448236655754444,0.15748387096774194,-0.08530465949820797,0.0,-0.03821147070574885
28,5,1269820,0,190,84.14,0.53,23.81,3.093,0.5245831971232361,-0.00100220433014033,0.08999999999999986,-0.011135603668225906,0.15361290322580645,-0.08530465949820827,-0.11111111111111138,-0.041589480948748696
28,5,1269864,0,190,80.51,0.52,23.22,3.137,0.5223112128146385,-0.0010906039147472449,0.08800000000000008,-0.012393226303945954,0.1498064516129032,-0.08724340175953066,-0.11363636363636363,-0.052527563969210114
28,5,1269908,0,190,77.53,0.52,22.62,3.181,0.5199607714939456,-0.0011102942490539612,0.08800000000000008,-0.012616980102885911,0.14593548387096775,-0.07991202346041047,0.0,-0.07258759547088993
28,5,1269952,0,190,75.0,0.52,22.13,3.225,0.5159235044132002,-0.0010693191910960812,0.08699999999999974,-0.012291025185012464,0.14277419354838708,-0.0734149054505008,-0.11494252873563263,-0.08709930748911278
28,5,1269995,0,190,72.91,0.51,21.63,3.268,0.5123831317423928,-0.0009851913398877805,0.08699999999999974,-0.011324038389514752,0.1395483870967742,-0.0667408231368188,-0.11494252873563263,-0.08984229689666423
28,5,1270039,0,190,71.04,0.51,21.23,3.312,0.5081072245831905,-0.0008791887813204475,0.08800000000000008,-0.009990781605914167,0.13696774193548386,-0.05791788856304993,-0.11363636363636363,-0.0965853368599351
28,5,1270083,0,190,69.49,0.5,20.84,3.356,0.5038836220987185,-0.0007708390408545149,0.08800000000000008,-0.008759534555164934,0.1344516129032258,-0.05058651026392943,-0.11363636363636363,-0.11293054771315475
28,5,1270127,0,190,68.17,0.5,20.54,3.4,0.49816933638443284,-0.0006741245037538021,0.08800000000000008,-0.007660505724475018,0.13251612903225807,-0.051319648093841604,-0.11363636363636363,-0.1212517459657035
28,5,1270171,0,190,66.96,0.49,20.14,3.444,0.4932134684537366,-0.0005960326039830796,0.0900000000000003,-0.006622584488700863,0.12993548387096773,-0.050179211469533885,-0.11111111111111084,-0.10845955468380865
28,5,1270217,0,190,65.86,0.49,19.84,3.49,0.48840797646289,-0.0005371965700333199,0.08999999999999986,-0.005968850778148008,0.128,-0.03512544802867383,-0.11111111111111138,-0.11151066070974373
28,5,1270261,0,190,64.98,0.48,19.65,3.534,0.48317750898985967,-0.0004938500223453879,0.08699999999999974,-0.005676437038452751,0.1267741935483871,-0.03633667037449022,-0.11494252873563263,-0.12136788748482794
28,5,1270304,0,190,64.1,0.48,19.35,3.577,0.47784897025171,-0.00046023996730843207,0.08700000000000019,-0.005290114566763576,0.12483870967741936,-0.037078235076010393,-0.11494252873563204,-0.12381027531346914
28,5,1270348,0,190,63.44,0.47,19.15,3.621,0.47240601503758783,-0.00043082027114103736,0.08800000000000008,-0.0048956848993299655,0.12354838709677418,-0.03665689149560108,-0.11363636363636363,-0.12518945585306948
28,5,1270392,0,190,62.78,0.47,18.85,3.665,0.4668322981366399,-0.00040176048380248373,0.08800000000000008,-0.004565460043210038,0.12161290322580647,-0.029325513196480735,-0.11363636363636301,-0.12444649172337809
28,5,1270436,0,190,62.23,0.46,18.75,3.709,0.46145472376593055,-0.00037153091875177324,0.08800000000000008,-0.004221942258542874,0.12096774193548387,-0.02199413489736071,-0.11363636363636301,-0.12017444797765049
28,5,1270480,0,190,61.68,0.46,18.55,3.753,0.45625694671460665,-0.0003406156257015063,0.08699999999999974,-0.003915122134500084,0.11967741935483872,-0.028921023359288325,-0.11494252873563263,-0.11761036774845507
28,5,1270523,0,190,61.24,0.45,18.36,3.796,0.451222621771815,-0.00031067169496736826,0.09099999999999975,-0.003413974669971089,0.1184516129032258,-0.020560085076214193,-0.10989010989011029,-0.11517087031960996
28,5,1270571,0,190,60.9,0.45,18.26,3.844,0.44577639751552217,-0.00028355628461645564,0.09100000000000019,-0.0031160031276533523,0.11780645161290323,-0.01417936901807858,-0.10989010989010975,-0.10870463305899608
28,5,1270614,0,190,60.46,0.44,18.16,3.887,0.4413305001634463,-0.0002605730159084523,0.08700000000000019,-0.0029950921368787553,0.11716129032258064,-0.022246941045606206,-0.2298850574712641,-0.10769051564443241
28,5,1270658,0,190,60.13,0.43,17.96,3.931,0.43640732265445653,-0.00024212110485423465,0.08800000000000008,-0.0027513761915253913,0.11587096774193549,-0.02199413489736071,-0.11363636363636363,-0.10126601087699377
28,5,1270702,0,190,59.8,0.43,17.86,3.975,0.43241909120627087,-0.0002277278805595735,0.08800000000000008,-0.0025878168245406057,0.1152258064516129,-0.014662756598240368,0.0,-0.09680822609884221
28,5,1270746,0,190,59.47,0.43,17.76,4.019,0.4278881987577584,-0.00021630510636951072,0.08799999999999963,-0.0024580125723808136,0.11458064516129034,-0.014662756598240442,-0.11363636363636422,-0.09944574875924861
28,5,1270790,0,190,59.14,0.42,17.66,4.063,0.423667865315457,-0.0002064777697579885,0.08699999999999974,-0.0023733076983676908,0.11393548387096775,-0.014831294030404426,-0.11494252873563263,-0.1004385025532333
28,5,1270833,0,190,58.92,0.42,17.56,4.106,0.41915004903562714,-0.0001969279023159558,0.08700000000000063,-0.0022635391070799354,0.11329032258064516,-0.014831294030403955,0.0,-0.09142045518593851
28,5,1270877,0,190,58.7,0.42,17.46,4.15,0.4157142857142803,-0.00018673140643069884,0.08800000000000008,-0.0021219478003488487,0.11264516129032259,-0.014662756598240368,-0.11363636363636363,-0.08295194508009081
28,5,1270921,0,190,58.48,0.41,17.36,4.194,0.41185027786857914,-0.00017561273552929536,0.08999999999999986,-0.0019512526169921738,0.112,-0.014336917562724105,-0.11111111111111138,-0.08150811812138924
28,5,1270967,0,190,58.26,0.41,17.26,4.24,0.4083785550833553,-0.00016399570973695888,0.08999999999999986,-0.0018221745526328793,0.11135483870967743,-0.014336917562724105,0.0,-0.07369873960262907
28,5,1271011,0,190,58.04,0.41,17.16,4.284,0.40521739130434253,-0.00015277677430181313,0.08800000000000008,-0.0017360997079751475,0.11070967741935483,-0.007331378299120342,-0.11363636363636301,-0.06924425688727641
28,5,1271055,0,190,57.82,0.4,17.16,4.328,0.40228506047727497,-0.00014289007109723073,0.08800000000000008,-0.001623750807923075,0.11070967741935483,-0.006598240469208165,-0.11363636363636301,-0.07132455645041233
28,5,1271099,0,190,57.6,0.4,17.07,4.372,0.39894083033670624,-0.00013487560229780016,0.08699999999999974,-0.0015502942792850638,0.11012903225806452,-0.014089729328884061,-0.11494252873563263,-0.08292846058173901
28,5,1271142,0,190,57.49,0.39,16.97,4.415,0.3950702844066637,-0.00012867529207473183,0.08699999999999974,-0.001479026345686577,0.10948387096774193,-0.007415647015202213,-0.11494252873563263,-0.07992244479264149
28,5,1271186,0,190,57.27,0.39,16.97,4.459,0.39198757763974645,-0.0001237441975784357,0.08800000000000008,-0.0014061840633913135,0.10948387096774193,-0.007331378299120026,0.0,-0.06876133020297653
28,5,1271230,0,190,57.05,0.39,16.87,4.503,0.38901928734880176,-0.00011938843232789864,0.08800000000000008,-0.001356686730998847,0.10883870967741936,-0.014662756598240368,0.0,-0.07381348628488184
28,5,1271274,0,190,56.94,0.39,16.77,4.547,0.38549199084667685,-0.00011513867348242713,0.08800000000000008,-0.0013083940168457616,0.10819354838709677,-0.007331378299120342,-0.11363636363636363,-0.07793693720467053
28,5,1271318,0,190,56.72,0.38,16.77,4.591,0.38216083687479074,-0.00011096855123108896,0.08999999999999986,-0.0012329839025676571,0.10819354838709677,-0.007168458781361821,-0.11111111111111138,-0.06345574080127712
28,5,1271364,0,190,56.61,0.38,16.67,4.637,0.3797809741745619,-0.0001072637608338134,0.08999999999999986,-0.0011918195648201507,0.10754838709677421,-0.007168458781361821,0.0,-0.05982347172278521
28,5,1271408,0,190,56.5,0.38,16.67,4.681,0.3767767244197401,-0.00010459191675704815,0.08700000000000063,-0.001202205939736177,0.10754838709677421,-0.007415647015202137,-0.11494252873563145,-0.06756020485997495
28,5,1271451,0,190,56.28,0.37,16.57,4.724,0.37390323635174405,-0.00010341770020935215,0.08699999999999974,-0.0011887091978086488,0.10690322580645162,-0.007415647015202213,-0.11494252873563263,-0.062299677229054
28,5,1271495,0,190,56.17,0.37,16.57,4.768,0.3713566525008124,-0.00010390012514724134,0.08800000000000008,-0.0011806832403095597,0.10690322580645162,-0.007331378299120342,0.0,-0.062186097655204005
28,5,1271539,0,190,56.06,0.37,16.47,4.812,0.3684308597580861,-0.00010583800583083302,0.08800000000000008,-0.0012027046117140106,0.10625806451612903,-0.007331378299120342,0.0,-0.056242384617670275
28,5,1271583,0,190,55.84,0.37,16.47,4.856,0.3664073226544574,-0.00010875269832699885,0.08800000000000008,-0.0012358261173522585,0.10625806451612903,-0.007331378299120026,-0.11363636363636363,-0.05401349222859544
28,5,1271627,0,190,55.73,0.36,16.37,4.9,0.3636776724419697,-0.00011203444567878407,0.08699999999999974,-0.00128775224918143,0.10561290322580646,-0.014831294030404106,-0.11494252873563263,-0.06256270361059944
28,5,1271670,0,190,55.62,0.36,16.27,4.943,0.3609643674403353,-0.00011504932414339919,0.08699999999999974,-0.0013224060246367763,0.10496774193548387,-0.007415647015202213,0.0,-0.060308191768775984
28,5,1271714,0,190,55.51,0.36,16.27,4.987,0.3584308597580862,-0.0001171558807549431,0.09000000000000075,-0.001301732008388246,0.10496774193548387,0.0,0.0,-0.05248628818422825
28,5,1271760,0,190,55.29,0.36,16.27,5.033,0.3562406015037547,-0.00011771334176499337,0.08999999999999986,-0.0013079260196110394,0.10496774193548387,-0.007168458781361975,-0.11111111111111138,-0.046856271112563394
28,5,1271804,0,190,55.29,0.35,16.17,5.077,0.3542137953579555,-0.0001162325597533247,0.08800000000000008,-0.001320824542651416,0.1043225806451613,-0.014662756598240526,-0.11363636363636363,-0.04624951707331478
28,5,1271848,0,190,55.07,0.35,16.07,5.121,0.352170644001303,-0.00011267445334674874,0.08800000000000008,-0.001280391515303962,0.1036774193548387,-0.014662756598240526,0.0,-0.044763588813931346
28,5,1271892,0,190,54.96,0.35,15.97,5.165,0.35027459954232953,-0.00010765264528145302,0.08899999999999952,-0.0012095802840612763,0.10303225806451613,-0.0072490032620514625,0.0,-0.04297504876015098
28,5,1271937,0,190,54.74,0.35,15.97,5.21,0.3483458646616496,-0.0001022671834507065,0.08800000000000008,-0.0011621270846671184,0.10303225806451613,0.0,0.0,-0.04624951707331478
28,5,1271980,0,190,54.63,0.35,15.97,5.253,0.34620464203987783,-9.758715409105357e-05,0.08699999999999974,-0.0011216914263339523,0.10303225806451613,-0.006674082313681848,-0.11494252873563199,-0.04978713650693399
28,5,1272024,0,190,54.52,0.34,15.88,5.297,0.34401438378554633,-9.412262239209391e-05,0.08899999999999952,-0.0010575575549673529,0.10245161290322581,-0.006524102935846317,-0.11235955056179783,-0.04793370823247667
28,5,1272069,0,190,54.41,0.34,15.88,5.342,0.34193854200718743,-9.165199767505072e-05,0.08800000000000008,-0.0010414999735801208,0.10245161290322581,-0.007331378299120342,0.0,-0.054273529673986326
28,5,1272112,0,190,54.19,0.34,15.78,5.385,0.33923831317423553,-8.950454605640168e-05,0.09000000000000075,-0.0009944949561822326,0.10180645161290322,-0.007168458781362058,0.0,-0.05927863136101016
28,5,1272159,0,190,54.19,0.34,15.78,5.432,0.33660346518469647,-8.709711372850571e-05,0.08999999999999986,-0.0009677457080945093,0.10180645161290322,-0.007168458781361975,0.0,-0.05016163597399249
28,5,1272202,0,190,53.97,0.34,15.68,5.475,0.3347237659365762,-8.4385866690738e-05,0.08699999999999974,-0.0009699524906981408,0.10116129032258064,-0.014831294030404106,-0.11494252873563263,-0.04302360098146295
28,5,1272246,0,190,53.86,0.33,15.58,5.519,0.3328604118993092,-8.19534041033414e-05,0.08800000000000008,-0.000931288682992515,0.10051612903225807,0.0,-0.11363636363636363,-0.050558709025526796
28,5,1272290,0,190,53.75,0.33,15.68,5.563,0.33027459954232985,-8.067465344021052e-05,0.08800000000000008,-0.0009167574254569369,0.10116129032258064,0.0,0.0,-0.05913994472346831
28,5,1272334,0,190,53.64,0.33,15.58,5.607,0.327656096763644,-8.118663070361799e-05,0.08800000000000008,-0.000922575348904749,0.10051612903225807,-0.007331378299120184,-0.11363636363636363,-0.05839698059377628
28,5,1272378,0,190,53.42,0.32,15.58,5.651,0.32513566525007753,-8.352111152127328e-05,0.08699999999999974,-0.0009600127761065923,0.10051612903225807,-0.007415647015202053,-0.11494252873563263,-0.048885331770204474
28,5,1272421,0,190,53.31,0.32,15.48,5.694,0.3234030728996362,-8.711646218239543e-05,0.08700000000000063,-0.001001338645774653,0.09987096774193549,-0.007415647015201978,0.0,-0.039266081245091594
28,5,1272465,0,190,53.2,0.32,15.48,5.738,0.32171951618175454,-9.114204380246704e-05,0.08800000000000008,-0.0010357050432098518,0.09987096774193549,-0.007331378299120184,0.0,-0.0461009242473765
28,5,1272509,0,190,53.09,0.32,15.38,5.782,0.3193461915658671,-9.48965934902688e-05,0.08999999999999986,-0.0010544065943363218,0.09922580645161291,-0.007168458781361975,0.0,-0.052740547019722694
28,5,1272555,0,190,52.98,0.32,15.38,5.828,0.3169728669499795,-9.806459849987626e-05,0.08999999999999986,-0.0010896066499986269,0.09922580645161291,-0.0071684587813621295,0.0,-0.0450764592641022
28,5,1272599,0,190,52.87,0.32,15.28,5.872,0.3152893102320979,-0.00010073718534590092,0.08800000000000008,-0.001144740742567055,0.09858064516129032,-0.007331378299120342,-0.11363636363636363,-0.038819875776396985
28,5,1272643,0,190,52.65,0.31,15.28,5.916,0.31355671788165657,-0.00010322256448642265,0.08800000000000008,-0.0011729836873457108,0.09858064516129032,-0.007331378299120184,-0.11363636363636363,-0.03807691164670495
28,5,1272687,0,190,52.54,0.31,15.18,5.96,0.31193854200718785,-0.00010574749063943223,0.08799999999999919,-0.0012016760299935591,0.09793548387096775,-0.007331378299120258,0.0,-0.04387203185830148
28,5,1272731,0,190,52.42,0.31,15.18,6.004,0.30969597907812607,-0.00010818363870803083,0.08699999999999974,-0.0012434901000923121,0.09793548387096775,-0.007415647015202213,0.0,-0.04437630808655818
28,5,1272774,0,190,52.31,0.31,15.08,6.047,0.3080778032036573,-0.00010992562244456039,0.08700000000000063,-0.0012635129016616044,0.09729032258064516,-0.007415647015202137,0.0,-0.03851457729781626
28,5,1272818,0,190,52.2,0.31,15.08,6.091,0.30634521085321603,-0.00011000417381026928,0.08800000000000008,-0.0012500474296621498,0.09729032258064516,-0.007331378299120184,-0.11363636363636363,-0.04907278076614337
28,5,1272862,0,190,52.09,0.3,14.98,6.135,0.3037593984962367,-0.00010744235392495405,0.08999999999999986,-0.0011938039324994913,0.09664516129032258,-0.007168458781361975,-0.11111111111111138,-0.05927863136101074
28,5,1272908,0,190,51.98,0.3,14.98,6.181,0.3010101340307251,-0.00010176122286329558,0.08999999999999986,-0.0011306802540366194,0.09664516129032258,-0.007168458781361975,0.0,-0.06145799280810676
28,5,1272952,0,190,51.76,0.3,14.88,6.225,0.2982281791435071,-9.343293282254806e-05,0.08800000000000008,-0.0010617378729834996,0.096,-0.014662756598240526,0.0,-0.055759457933370386
28,5,1272996,0,190,51.65,0.3,14.78,6.269,0.2961033017325885,-8.401832453797731e-05,0.08800000000000008,-0.0009547536879315595,0.09535483870967741,-0.007331378299120342,-0.11363636363636363,-0.04922137359208228
28,5,1273040,0,190,51.54,0.29,14.78,6.313,0.29389669826740383,-7.580715606112775e-05,0.08699999999999974,-0.0008713466213922756,0.09535483870967741,0.0,-0.11494252873563263,-0.04978713650693335
28,5,1273083,0,190,51.43,0.29,14.78,6.356,0.2917718208564853,-7.10388648017446e-05,0.08700000000000063,-0.0008165386758821159,0.09535483870967741,0.0,0.0,-0.05640037124294836
28,5,1273127,0,190,51.32,0.29,14.78,6.4,0.2889898659692673,-7.106658414459588e-05,0.08800000000000008,-0.0008075748198249524,0.09535483870967741,-0.007331378299120184,0.0,-0.0628547653719272
28,5,1273171,0,190,51.21,0.29,14.68,6.444,0.2862406015037557,-7.588032286460944e-05,0.08899999999999952,-0.0008525878973551668,0.09470967741935483,-0.0072490032620514625,-0.11235955056179783,-0.059944683398775137
28,5,1273216,0,190,51.1,0.28,14.68,6.489,0.28365478914677633,-8.416757831061438e-05,0.08900000000000041,-0.0009457031270855505,0.09470967741935483,-0.0065241029358462516,-0.11235955056179671,-0.054802369871918596
28,5,1273260,0,190,50.88,0.28,14.59,6.533,0.2813631905851549,-9.378948153290346e-05,0.08999999999999986,-0.0010421053503655957,0.09412903225806452,-0.006451612903225778,0.0,-0.03999128255421067
28,5,1273306,0,190,50.77,0.28,14.59,6.579,0.2800555737168974,-0.00010242365787844499,0.08999999999999986,-0.001138040643093835,0.09412903225806452,-0.007168458781361975,0.0,-0.036359013475718134
28,5,1273350,0,190,50.66,0.28,14.49,6.623,0.2780908793723403,-0.00010817457632908223,0.08700000000000063,-0.001243385934817028,0.09348387096774194,-0.007415647015201978,0.0,-0.044789635257558615
28,5,1273393,0,190,50.55,0.28,14.49,6.666,0.27615887544948975,-0.00011003657258366317,0.08699999999999974,-0.0012647881906168218,0.09348387096774194,-0.007415647015202053,-0.11494252873563263,-0.036109764666538376
28,5,1273437,0,190,50.44,0.27,14.39,6.71,0.27494932984635145,-0.00010812399439818243,0.08799999999999919,-0.0012286817545248117,0.09283870967741936,-0.014662756598240673,-0.11363636363636478,-0.03402775713988543
28,5,1273481,0,190,50.33,0.27,14.29,6.754,0.27316443282117986,-0.00010358270023443516,0.08800000000000008,-0.0011770761390276713,0.09219354838709677,-0.007331378299120342,0.0,-0.03926565425421183
28,5,1273525,0,190,50.22,0.27,14.29,6.798,0.2714939522719808,-9.815847595977445e-05,0.08800000000000008,-0.0011154372268156177,0.09219354838709677,0.0,0.0,-0.039079913221789137
28,5,1273569,0,190,50.0,0.27,14.29,6.842,0.2697254004576624,-9.355999541049442e-05,0.08800000000000008,-0.0010631817660283448,0.09219354838709677,-0.007331378299120184,0.0,-0.03982287735148116
28,5,1273613,0,190,49.89,0.27,14.19,6.886,0.26798953906505046,-9.090071176543724e-05,0.08700000000000063,-0.0010448357674188113,0.0915483870967742,-0.007415647015201978,0.0,-0.03802609973208829
28,5,1273656,0,190,49.78,0.27,14.19,6.929,0.2664171297809707,-9.046702060723356e-05,0.08899999999999952,-0.0010164833776093712,0.0915483870967742,-0.0072490032620514625,0.0,-0.035886002255271644
28,5,1273702,0,190,49.67,0.27,14.09,6.975,0.2647956848643313,-9.185093574781255e-05,0.08999999999999986,-0.0010205659527534744,0.09090322580645162,-0.007168458781361975,-0.11111111111111138,-0.04514910464567171
28,5,1273746,0,190,49.56,0.26,14.09,7.019,0.26235371036286026,-9.429329596037306e-05,0.08800000000000008,-0.0010715147268224201,0.09090322580645162,-0.007331378299120342,-0.11363636363636363,-0.04710392582246068
28,5,1273790,0,190,49.45,0.26,13.99,7.063,0.26065053939195476,-9.703635322051696e-05,0.08800000000000008,-0.0011026858320513282,0.09025806451612903,-0.007331378299120342,0.0,-0.039079913221788505
28,5,1273834,0,190,49.23,0.26,13.99,7.107,0.25891467799934287,-9.954959717305201e-05,0.08800000000000008,-0.0011312454224210444,0.09025806451612903,-0.007331378299120184,-0.11363636363636363,-0.0383369490920971
28,5,1273878,0,190,49.12,0.25,13.89,7.151,0.2572768878718502,-0.0001015850161583316,0.08699999999999974,-0.0011676438638888724,0.08961290322580645,-0.007415647015202053,0.0,-0.03896547966618237
28,5,1273921,0,190,49.01,0.26,13.89,7.194,0.255524681268385,-0.00010309139723756112,0.08700000000000063,-0.0011849585889374755,0.08961290322580645,-0.007415647015202137,0.0,-0.044038131310284556
28,5,1273965,0,190,48.9,0.25,13.79,7.238,0.25344557044785543,-0.00010405989719276399,0.08800000000000008,-0.0011824988317359533,0.08896774193548386,-0.007331378299120342,-0.11363636363636363,-0.04948141103747442
28,5,1274009,0,190,48.79,0.25,13.79,7.282,0.25117031709708726,-0.000104384939170993,0.08799999999999919,-0.001186192490579477,0.08896774193548386,-0.007331378299120258,0.0,-0.04610092424737665
28,5,1274053,0,190,48.68,0.25,13.69,7.326,0.24938868911408632,-0.0001038097192609726,0.08999999999999986,-0.0011534413251219195,0.08832258064516128,-0.007168458781361975,0.0,-0.04852711488867001
28,5,1274099,0,190,48.57,0.25,13.69,7.372,0.24680287675710696,-0.00010199087774354432,0.09000000000000075,-0.0011332319749282607,0.08832258064516128,-0.007168458781361904,-0.11111111111111029,-0.04870872834259456
28,5,1274143,0,190,48.46,0.24,13.59,7.416,0.24500490356325277,-9.867053131284287e-05,0.08800000000000008,-0.0011212560376459408,0.0876774193548387,-0.007331378299120184,0.0,-0.04030580403578073
28,5,1274187,0,190,48.35,0.25,13.59,7.46,0.24325596600195826,-9.389624090144366e-05,0.08699999999999974,-0.001079267136798206,0.0876774193548387,-0.007415647015202053,0.0,-0.04813382782293009
28,5,1274230,0,190,48.13,0.24,13.49,7.503,0.24081726054265787,-8.819367780083453e-05,0.08699999999999974,-0.0010137204344923538,0.08703225806451613,-0.007415647015202053,-0.11494252873563263,-0.05606219446667577
28,5,1274274,0,190,48.13,0.24,13.49,7.547,0.23837855508335748,-8.258847692913207e-05,0.08800000000000008,-0.0009385054196492272,0.08703225806451613,-0.007331378299120184,0.0,-0.053939195815625667
28,5,1274318,0,190,47.91,0.24,13.39,7.591,0.2360706113108828,-7.840974875709428e-05,0.08800000000000008,-0.000891019872239707,0.08638709677419355,-0.007331378299120184,-0.11363636363636333,-0.05973431602722175
28,5,1274362,0,190,47.8,0.23,13.39,7.635,0.23312193527296196,-7.689676523664169e-05,0.08800000000000008,-0.0008738268776891093,0.08638709677419355,0.0,-0.11363636363636333,-0.05657671847603125
28,5,1274406,0,190,47.69,0.23,13.39,7.679,0.23109186008499205,-7.874658162620207e-05,0.08800000000000008,-0.0008948475184795681,0.08638709677419355,-0.006598240469208165,0.0,-0.05081874647091926
28,5,1274450,0,190,47.58,0.23,13.3,7.723,0.22864988558352106,-8.38055239391906e-05,0.0909999999999993,-0.0009209398235075962,0.08580645161290323,-0.006380716058135423,-0.10989010989011083,-0.05097550373784376
28,5,1274497,0,190,47.47,0.22,13.3,7.77,0.2264530892448483,-9.105016481343675e-05,0.08999999999999986,-0.0010116684979270766,0.08580645161290323,-0.0071684587813621295,0.0,-0.038792633758308694
28,5,1274540,0,190,47.36,0.23,13.2,7.813,0.22515854854527328,-9.885769777767272e-05,0.08700000000000063,-0.0011362953767548507,0.08516129032258064,-0.007415647015202137,0.0,-0.028256548417519813
28,5,1274584,0,190,47.25,0.22,13.2,7.857,0.22399476953252406,-0.00010544935796707478,0.08800000000000008,-0.0011982881587167579,0.08516129032258064,-0.007331378299120184,-0.11363636363636363,-0.03373057148800789
28,5,1274628,0,190,47.14,0.22,13.1,7.901,0.2221902582543286,-0.0001093680044127634,0.08800000000000008,-0.0012428182319632194,0.08451612903225807,-0.007331378299120184,0.0,-0.030572973936818338
28,5,1274672,0,190,47.03,0.22,13.1,7.945,0.22130434782608405,-0.00010987902451783071,0.08800000000000008,-0.0012486252786117116,0.08451612903225807,-0.007331378299120184,0.0,-0.02481500193170604
28,5,1274716,0,190,46.92,0.22,13.0,7.989,0.22000653808433845,-0.00010719523266252651,0.08799999999999919,-0.0012181276438923579,0.08387096774193549,-0.014662756598240673,0.0,-0.020357217153555315
28,5,1274760,0,190,46.81,0.22,12.9,8.033,0.2195129127165712,-0.00010242281596675973,0.08700000000000063,-0.0011772737467443562,0.0832258064516129,-0.007415647015202137,0.0,-0.010971957630207597
28,5,1274803,0,190,46.7,0.22,12.9,8.076,0.2190519777705104,-9.718333673035318e-05,0.08699999999999974,-0.001117049847475327,0.0832258064516129,0.0,0.0,-0.01908820026077206
28,5,1274847,0,190,46.59,0.22,12.9,8.12,0.21785223929388403,-9.302858614840481e-05,0.08999999999999986,-0.0010336509572044996,0.0832258064516129,-0.007168458781361975,0.0,-0.02756892230576394
28,5,1274893,0,190,46.48,0.22,12.8,8.166,0.21657077476299164,-9.091817194649465e-05,0.09000000000000163,-0.0010102019105165888,0.08258064516129032,-0.007168458781361834,0.0,-0.02829537612146226
28,5,1274937,0,190,46.37,0.22,12.8,8.21,0.21530565544295238,-9.100310249908361e-05,0.08799999999999919,-0.0010341261647623234,0.08258064516129032,-0.0073313782991204154,-0.11363636363636478,-0.03770542958185995
28,5,1274981,0,190,46.26,0.21,12.7,8.254,0.213252696959788,-9.275939179186921e-05,0.08799999999999919,-0.0010540839976348872,0.08193548387096773,-0.0073313782991204154,-0.11363636363636478,-0.03191030937026318
28,5,1275025,0,190,46.15,0.21,12.7,8.298,0.21249754821836925,-9.532927260144852e-05,0.08699999999999974,-0.0010957387655338943,0.08193548387096773,-0.007415647015202053,0.0,-0.02810624762806529
28,5,1275068,0,190,46.04,0.21,12.6,8.341,0.21080745341614632,-9.788051620168581e-05,0.08699999999999974,-0.0011250634046170815,0.08129032258064516,-0.007415647015202053,0.0,-0.04204664585000698
28,5,1275112,0,190,45.82,0.21,12.6,8.385,0.20883949002941865,-9.985389656843147e-05,0.08800000000000097,-0.0011347033700957996,0.08129032258064516,-0.00733137829912011,0.0,-0.046769591964098606
28,5,1275156,0,190,45.71,0.21,12.5,8.429,0.2066917293233056,-0.0001010519089744335,0.08800000000000097,-0.0011483171474367317,0.08064516129032258,-0.00733137829912011,-0.11363636363636218,-0.04974144848286544
28,5,1275200,0,190,45.6,0.2,12.5,8.473,0.20446224256292644,-0.00010158514197004464,0.08999999999999986,-0.0011287237996671644,0.08064516129032258,-0.007168458781361975,-0.11111111111111108,-0.04936253677672378
28,5,1275246,0,190,45.49,0.2,12.4,8.519,0.20224910101340046,-0.00010172809309533904,0.08999999999999986,-0.0011303121455037688,0.08,-0.007168458781361975,0.0,-0.047909629145326954
28,5,1275290,0,190,45.38,0.2,12.4,8.563,0.20015037593984703,-0.0001017473925213217,0.08799999999999919,-0.0011562203695604843,0.08,-0.007331378299120258,0.0,-0.038931320395851246
28,5,1275334,0,190,45.27,0.2,12.3,8.607,0.19882314481856558,-0.00010175924641126955,0.08699999999999974,-0.001169646510474366,0.07935483870967742,-0.007415647015202053,0.0,-0.03051106025934389
28,5,1275377,0,190,45.16,0.2,12.3,8.65,0.19749591369728411,-0.00010165647673518841,0.08700000000000152,-0.0011684652498297314,0.07935483870967742,-0.007415647015202061,0.0,-0.029008052364793892
28,5,1275421,0,190,45.05,0.2,12.2,8.694,0.19629944426282847,-0.00010112416146295722,0.08799999999999919,-0.0011491381984427063,0.07870967741935483,-0.0073313782991204154,-0.11363636363636478,-0.03447353561769996
28,5,1275465,0,190,44.94,0.19,12.2,8.738,0.19446224256292655,-9.974000098137559e-05,0.08799999999999919,-0.0011334091020610967,0.07870967741935483,-0.007331378299120258,-0.11363636363636478,-0.04156884305625748
28,5,1275509,0,190,44.83,0.19,12.1,8.782,0.19264138607387785,-9.713389348350887e-05,0.08800000000000097,-0.0011037942441307705,0.07806451612903226,-0.00733137829912011,0.0,-0.03373057148800787
28,5,1275553,0,190,44.72,0.19,12.1,8.826,0.19149395227198182,-9.316427562859886e-05,0.08699999999999974,-0.0010708537428574614,0.07806451612903226,-0.006674082313681848,0.0,-0.02750504447024572
28,5,1275596,0,190,44.61,0.19,12.01,8.869,0.19024844720496648,-8.805991144634539e-05,0.08999999999999986,-0.0009784434605149502,0.07748387096774194,-0.006451612903225778,0.0,-0.027314663470269396
28,5,1275643,0,190,44.5,0.19,12.01,8.916,0.18903563255965758,-8.247570443204922e-05,0.08999999999999986,-0.0009163967159116594,0.07748387096774194,-0.007168458781361975,0.0,-0.03516036467981523
28,5,1275686,0,190,44.39,0.19,11.91,8.959,0.1870840143837831,-7.742232667218296e-05,0.08699999999999974,-0.0008899118008296918,0.07683870967741936,-0.007415647015202053,0.0,-0.045804165586379536
28,5,1275730,0,190,44.28,0.19,11.91,9.003,0.18505067015364257,-7.406396157283801e-05,0.08800000000000097,-0.0008416359269640591,0.07683870967741936,0.0,-0.1136363636363625,-0.0460266278344069
28,5,1275774,0,190,44.17,0.18,11.91,9.047,0.18303367113435526,-7.3436940590895e-05,0.08900000000000041,-0.0008251341639426366,0.07683870967741936,-0.007249003262051547,-0.11235955056179733,-0.03775927361148274
28,5,1275819,0,190,44.06,0.18,11.81,9.092,0.1816900948022206,-7.617953146936429e-05,0.08899999999999864,-0.0008559497917906231,0.07619354838709677,-0.0072490032620516915,0.0,-0.031294650892007815
28,5,1275863,0,190,43.95,0.18,11.81,9.136,0.1802484472049666,-8.233076279528185e-05,0.08699999999999974,-0.0009463306068423228,0.07619354838709677,-0.007415647015202053,0.0,-0.03276557210116704
28,5,1275906,0,190,43.72,0.18,11.71,9.179,0.17883949002941907,-9.119633975707764e-05,0.08700000000000152,-0.001048233790311219,0.0755483870967742,-0.007415647015201902,0.0,-0.040881814731730554
28,5,1275950,0,190,43.72,0.18,11.71,9.223,0.17669172932330598,-0.00010129497828761736,0.08799999999999919,-0.0011510792987229352,0.0755483870967742,0.0,-0.11363636363636447,-0.04974144848286707
28,5,1275994,0,190,43.61,0.17,11.71,9.267,0.1744622425629268,-0.00011048961761257736,0.0909999999999993,-0.0012141716221162442,0.0755483870967742,-0.007089684509039512,-0.10989010989011053,-0.04882009131763951
28,5,1276041,0,190,43.5,0.17,11.61,9.314,0.17224910101340082,-0.00011642953953981916,0.0940000000000012,-0.001238612122764018,0.0749032258064516,-0.013726835964310118,0.0,-0.039924046935098316
28,5,1276088,0,190,43.39,0.17,11.51,9.361,0.17070938215102752,-0.00011727324779475268,0.0909999999999993,-0.0012887170087335557,0.07425806451612903,-0.007089684509039359,0.0,-0.034917681207317926
28,5,1276132,0,190,43.28,0.17,11.51,9.405,0.16907159202353492,-0.00011243156218316308,0.08799999999999919,-0.0012776313884450467,0.07425806451612903,-0.007331378299120258,0.0,-0.043203364141578895
28,5,1276176,0,190,43.17,0.17,11.41,9.449,0.1669074861065686,-0.00010297350564334095,0.08800000000000097,-0.0011701534732197706,0.07361290322580645,-0.01466275659824022,0.0,-0.04379773544533209
28,5,1276220,0,190,43.06,0.17,11.31,9.493,0.16521739130434565,-9.14442537791924e-05,0.08800000000000097,-0.0010391392474908114,0.07296774193548387,-0.00733137829912011,-0.1136363636363625,-0.035810871051145034
28,5,1276264,0,190,42.84,0.16,11.31,9.537,0.1637561294540678,-8.108017458049943e-05,0.08699999999999974,-0.0009319560296609158,0.07296774193548387,0.0,-0.11494252873563263,-0.033780102429987184
28,5,1276307,0,190,42.84,0.16,11.31,9.58,0.16227852239293677,-7.468925998814236e-05,0.08699999999999974,-0.0008584972412430181,0.07296774193548387,0.0,0.0,-0.03302859848271312
28,5,1276351,0,190,42.73,0.16,11.31,9.624,0.16088264138607178,-7.367542466966448e-05,0.08799999999999919,-0.0008372207348825586,0.07296774193548387,-0.007331378299120258,0.0,-0.029681416981188324
28,5,1276395,0,190,42.62,0.16,11.21,9.668,0.15966655769859223,-7.764378007553318e-05,0.08999999999999986,-0.0008627086675059256,0.0723225806451613,-0.007168458781361975,0.0,-0.023936653227270788
28,5,1276441,0,190,42.51,0.16,11.21,9.714,0.1587283425956174,-8.470947628753044e-05,0.08999999999999986,-0.0009412164031947842,0.0723225806451613,-0.0071684587813621295,0.0,-0.020485997602702047
28,5,1276485,0,190,42.4,0.16,11.11,9.758,0.15782281791434905,-9.228122028110875e-05,0.08799999999999919,-0.0010486502304671546,0.0716774193548387,-0.0073313782991204154,-0.11363636363636478,-0.022994739813961863
28,5,1276529,0,190,42.29,0.15,11.11,9.802,0.15670480549198879,-9.794532366385234e-05,0.08800000000000097,-0.0011130150416346733,0.0716774193548387,-0.00733137829912011,-0.1136363636363625,-0.02670956046242026
28,5,1276573,0,190,42.18,0.15,11.01,9.846,0.15547237659365604,-0.00010015123618852151,0.08699999999999974,-0.0011511636343508253,0.07103225806451613,-0.007415647015202053,0.11494252873563263,-0.028519574799066184
28,5,1276616,0,190,42.07,0.16,11.01,9.889,0.15422360248447003,-9.855392190806e-05,0.08699999999999974,-0.001132803700092647,0.07103225806451613,-0.007415647015202053,0.11494252873563263,-0.027768070851792122
28,5,1276660,0,190,41.96,0.16,10.91,9.933,0.15305655442955013,-9.399142992868903e-05,0.08800000000000097,-0.0010680844310078182,0.07038709677419355,-0.00733137829912011,-0.1136363636363625,-0.018128324764479776
28,5,1276704,0,190,41.85,0.15,10.91,9.977,0.1526283099051958,-8.814600143942996e-05,0.08800000000000097,-0.0010016591072662387,0.07038709677419355,-0.00733137829912011,-0.1136363636363625,-0.020357217153554902
28,5,1276748,0,190,41.74,0.15,10.81,10.021,0.15126511932003728,-8.29814985405175e-05,0.08799999999999919,-0.0009429715743240712,0.06974193548387098,-0.007331378299120258,0.0,-0.040491545068203835
28,5,1276792,0,190,41.63,0.15,10.81,10.065,0.1490650539391939,-8.010112941443381e-05,0.08999999999999986,-0.0008900125490492659,0.06974193548387098,0.0,0.0,-0.04122625404089895
28,5,1276838,0,190,41.41,0.15,10.81,10.111,0.14755475645635638,-8.022488459732812e-05,0.08900000000000041,-0.0009014031977227837,0.06974193548387098,-0.006524102935846408,0.0,-0.03522484765896133
28,5,1276881,0,190,41.41,0.15,10.72,10.154,0.14593004249754632,-8.298626120651598e-05,0.08699999999999974,-0.0009538650713392669,0.06916129032258064,-0.006674082313682008,-0.11494252873563231,-0.03753762216636005
28,5,1276925,0,190,41.3,0.14,10.72,10.198,0.14428898332788306,-8.71344658800286e-05,0.08800000000000097,-0.0009901643850003142,0.06916129032258064,-0.00733137829912011,-0.11363636363636218,-0.030015750839548695
28,5,1276969,0,190,41.19,0.14,10.62,10.242,0.143288656423666,-9.104451305791095e-05,0.08900000000000041,-0.0010229720568304553,0.06851612903225807,-0.0072490032620513905,0.0,-0.040367161185816645
28,5,1277014,0,190,41.08,0.14,10.62,10.287,0.14069630598234537,-9.330894787473731e-05,0.08899999999999864,-0.0010484151446599858,0.06851612903225807,-0.0072490032620516915,0.0,-0.058989682315216396
28,5,1277058,0,190,40.97,0.14,10.52,10.331,0.13803857469761183,-9.318358410554417e-05,0.08799999999999919,-0.001058904364835739,0.06787096774193548,-0.0073313782991204154,0.0,-0.05015007875419782
28,5,1277102,0,190,40.86,0.14,10.52,10.375,0.136283099051976,-9.075085882707156e-05,0.08699999999999974,-0.0010431133198514004,0.06787096774193548,-0.007415647015202053,-0.11494252873563263,-0.028857751575339992
28,5,1277145,0,190,40.75,0.13,10.42,10.418,0.13552795031055725,-8.67824383957725e-05,0.08699999999999974,-0.0009974992919054339,0.0672258064516129,-0.007415647015202053,-0.11494252873563263,-0.02510023183896744
28,5,1277189,0,190,40.75,0.13,10.42,10.462,0.13409937888198584,-8.239350597403217e-05,0.08999999999999986,-0.00091548339971147,0.0672258064516129,0.0,0.11111111111111138,-0.03192764519995628
28,5,1277235,0,190,40.53,0.14,10.42,10.508,0.1326544622425612,-7.865983352153805e-05,0.08999999999999986,-0.000873998150239313,0.0672258064516129,-0.007168458781361975,0.0,-0.031201191384257403
28,5,1277279,0,190,40.42,0.13,10.32,10.552,0.13129127165740268,-7.636489781209655e-05,0.08800000000000097,-0.0008677829296829057,0.06658064516129032,-0.00733137829912011,-0.1136363636363625,-0.028938452851495385
28,5,1277323,0,190,40.31,0.13,10.32,10.596,0.13010787839162957,-7.593098767980777e-05,0.08800000000000097,-0.0008628521327250789,0.06658064516129032,-0.00733137829912011,0.0,-0.02373770394365311
28,5,1277367,0,190,40.2,0.13,10.22,10.64,0.12920235371036118,-7.744651892271292e-05,0.08699999999999974,-0.0008901898726748638,0.06593548387096775,-0.007415647015202053,-0.11494252873563263,-0.02686626611506261
28,5,1277410,0,190,40.09,0.12,10.22,10.683,0.12777051323961913,-8.067100564011831e-05,0.08699999999999974,-0.0009272529383921672,0.06593548387096775,0.0,0.0,-0.031788616969710116
28,5,1277454,0,190,40.09,0.13,10.22,10.727,0.1264367440339964,-8.50070508091214e-05,0.08800000000000097,-0.0009659892137400053,0.06593548387096775,-0.007331378299120267,0.1136363636363625,-0.028455526167196137
28,5,1277498,0,190,39.87,0.13,10.12,10.771,0.12526642693690584,-8.954137310084676e-05,0.08799999999999919,-0.0010175156034187224,0.06529032258064515,-0.0073313782991204154,0.0,-0.02399774138904574
28,5,1277542,0,190,39.87,0.13,10.12,10.815,0.1243249427917604,-9.323910489156794e-05,0.08999999999999986,-0.0010359900543507566,0.06529032258064515,-0.007168458781361975,-0.11111111111111138,-0.01765282772147729
28,5,1277588,0,190,39.65,0.12,10.02,10.861,0.12367767244197289,-9.525144661935947e-05,0.08999999999999986,-0.0010583494068817736,0.06464516129032258,-0.007168458781361975,-0.11111111111111138,-0.020413352221132528
28,5,1277632,0,190,39.65,0.12,10.02,10.905,0.12248774109185848,-9.519981265929012e-05,0.08799999999999919,-0.0010818160529464885,0.06464516129032258,-0.007331378299120258,0.0,-0.02013432791464821
28,5,1277676,0,190,39.54,0.12,9.92,10.949,0.12190585158548387,-9.330358843020647e-05,0.08700000000000152,-0.0010724550394276419,0.064,-0.007415647015201902,0.0,-0.005636279604558233
28,5,1277719,0,190,39.43,0.12,9.92,10.992,0.1219973847662619,-9.028958746239724e-05,0.08699999999999974,-0.0010378113501425,0.064,-0.007415647015202053,0.0,-0.005824155591377342
28,5,1277763,0,190,39.32,0.12,9.82,11.036,0.12139915004903404,-8.710681289170453e-05,0.08799999999999919,-0.0009898501464966514,0.06335483870967742,-0.007331378299120258,0.0,-0.014339207703052068
28,5,1277807,0,190,39.21,0.12,9.82,11.08,0.12073553448839333,-8.45537811754653e-05,0.08800000000000097,-0.0009608384224484588,0.06335483870967742,0.0,0.0,-0.015082171832743487
28,5,1277851,0,190,39.1,0.12,9.82,11.124,0.1200719189277526,-8.298915348622948e-05,0.08699999999999974,-0.000953898315933675,0.06335483870967742,-0.007415647015202053,0.0,-0.02487478065478522
28,5,1277894,0,190,38.99,0.12,9.72,11.167,0.11857142857142702,-8.228255490356062e-05,0.08699999999999974,-0.0009457764931443778,0.06270967741935485,-0.007415647015202053,0.0,-0.02694141650979001
28,5,1277938,0,190,38.88,0.12,9.72,11.211,0.11772801569140087,-8.203219629475811e-05,0.08999999999999986,-0.000911468847719536,0.06270967741935485,-0.007168458781362207,0.0,-0.01692637390577872
28,5,1277984,0,190,38.77,0.12,9.62,11.257,0.11704805491990694,-8.190079872688472e-05,0.08999999999999986,-0.000910008874743165,0.06206451612903225,-0.007168458781362207,0.0,-0.01256765101158669
28,5,1278028,0,190,38.66,0.12,9.62,11.301,0.11659692710035807,-8.18433003670016e-05,0.08800000000000097,-0.0009300375041704625,0.06206451612903225,-0.006598240469208099,0.0,-0.01716247139588065
28,5,1278072,0,190,38.55,0.12,9.53,11.345,0.11553775743706943,-8.208180884504479e-05,0.08799999999999919,-0.0009327478277846085,0.06148387096774193,-0.006598240469208232,-0.11363636363636463,-0.01790543552557272
28,5,1278116,0,190,38.44,0.11,9.53,11.389,0.11502124877410769,-8.285994609654246e-05,0.08799999999999919,-0.0009415902965516275,0.06148387096774193,0.0,-0.11363636363636463,-0.015082171832744106
28,5,1278160,0,190,38.44,0.11,9.53,11.433,0.11421052631578796,-8.416213332186474e-05,0.08800000000000097,-0.0009563878786575433,0.06148387096774193,-0.00733137829912011,0.0,-0.02737822817914283
28,5,1278204,0,190,38.22,0.11,9.43,11.477,0.11261196469434309,-8.561083643106393e-05,0.08800000000000097,-0.0009728504139893521,0.060838709677419354,-0.00733137829912011,0.0,-0.028306933341257227
28,5,1278248,0,190,38.22,0.11,9.43,11.521,0.1117195161817573,-8.6626308479822e-05,0.08699999999999974,-0.0009957046951703707,0.060838709677419354,-0.007415647015202053,0.0,-0.022019065655142184
28,5,1278291,0,190,38.11,0.11,9.33,11.564,0.11069630598234573,-8.674213613269899e-05,0.08799999999999919,-0.000985706092417043,0.06019354838709678,-0.007331378299120258,0.0,-0.02399774138904574
28,5,1278336,0,190,38.0,0.11,9.33,11.609,0.10960771493952129,-8.586631130477685e-05,0.0909999999999993,-0.0009435858385140385,0.06019354838709678,-0.007089684509039435,0.0,-0.02392507786427355
28,5,1278382,0,190,37.89,0.11,9.23,11.655,0.10851912389669685,-8.432565690521266e-05,0.08999999999999986,-0.0009369517433912532,0.059548387096774194,-0.007168458781362052,0.0,-0.023464458247066458
28,5,1278426,0,190,37.78,0.11,9.23,11.699,0.10749591369728531,-8.267726066421055e-05,0.08800000000000097,-0.000939514325729655,0.059548387096774194,0.0,0.0,-0.021768848999969812
28,5,1278470,0,190,37.67,0.11,9.23,11.743,0.10660346518469949,-8.14163906433354e-05,0.08800000000000097,-0.0009251862573106194,0.059548387096774194,-0.00733137829912011,0.0,-0.018054028351510796
28,5,1278514,0,190,37.56,0.11,9.13,11.787,0.10590715920235234,-8.076242379812193e-05,0.08799999999999919,-0.0009177548158877576,0.05890322580645162,-0.007331378299120258,-0.11363636363636463,-0.012853279443668146
28,5,1278558,0,190,37.45,0.1,9.13,11.831,0.1054723765936567,-8.062068527938315e-05,0.08799999999999919,-0.0009161441509020897,0.05890322580645162,-0.0073313782991204154,-0.11363636363636463,-0.016419507266189116
28,5,1278602,0,190,37.34,0.1,9.03,11.875,0.10446224256292772,-8.067606707193775e-05,0.08800000000000097,-0.000916773489453828,0.05825806451612903,-0.007331378299120267,0.11363636363636233,-0.016419507266188942
28,5,1278646,0,190,37.34,0.11,9.03,11.919,0.10402745995423206,-8.051675383921619e-05,0.08799999999999919,-0.0009149631118092833,0.05825806451612903,0.0,0.0,-0.012853279443668462
28,5,1278690,0,190,37.12,0.1,9.03,11.963,0.1033311539718849,-7.975169292843986e-05,0.08699999999999974,-0.000916686125614254,0.05825806451612903,-0.007415647015202053,-0.11494252873563246,-0.018261545918769634
28,5,1278733,0,190,37.12,0.1,8.93,12.006,0.1024387054592991,-7.815643683028383e-05,0.09000000000000163,-0.0008684048536698046,0.05761290322580645,-0.007168458781361834,0.0,-0.02128509679997033
28,5,1278780,0,190,37.01,0.1,8.93,12.053,0.10141549525988754,-7.58443101674171e-05,0.08999999999999986,-0.0008427145574157469,0.05761290322580645,-0.007168458781361975,0.0,-0.023464458247066763
28,5,1278823,0,190,36.9,0.1,8.83,12.096,0.1003269042170631,-7.335908966939187e-05,0.08699999999999974,-0.0008432079272343917,0.05696774193548387,-0.007415647015202053,0.0,-0.025025081444240035
28,5,1278867,0,190,36.79,0.1,8.83,12.14,0.09923831317423866,-7.156736523507767e-05,0.08799999999999919,-0.000813265514034981,0.05696774193548387,0.0,0.0,-0.02399774138904574
28,5,1278911,0,190,36.68,0.1,8.83,12.184,0.09821510297482709,-7.134369758666459e-05,0.08799999999999919,-0.000810723836212105,0.05696774193548387,-0.007331378299120258,0.0,-0.021768848999970253
28,5,1278955,0,190,36.57,0.1,8.73,12.228,0.0973226544622413,-7.318154327301585e-05,0.08800000000000097,-0.0008316084462842619,0.056322580645161296,-0.00733137829912011,0.0,-0.018054028351510636
28,5,1278999,0,190,36.46,0.1,8.73,12.272,0.09662634847989414,-7.690825242580423e-05,0.08800000000000097,-0.0008739574139295839,0.056322580645161296,0.0,0.0,-0.02310618443341495
28,5,1279043,0,190,36.46,0.1,8.73,12.316,0.09528931023210076,-8.163470138950757e-05,0.08799999999999919,-0.0009276670612444128,0.056322580645161296,-0.0073313782991203365,-0.11363636363636478,-0.030944456001664192
28,5,1279087,0,190,36.24,0.09,8.63,12.36,0.09390323635174772,-8.598775561063121e-05,0.08699999999999974,-0.0009883650070187525,0.05567741935483871,-0.007415647015202133,-0.11494252873563263,-0.021680888878868695
28,5,1279130,0,190,36.13,0.09,8.63,12.403,0.09340307289963919,-8.856868400900808e-05,0.0990000000000002,-0.0008946331718081606,0.05567741935483871,-0.006516780710329185,0.0,-0.015255530129671825
28,5,1279186,0,190,36.13,0.09,8.53,12.459,0.0923929388689102,-8.846762164782618e-05,0.10299999999999976,-0.0008589089480371495,0.05503225806451612,-0.006263701847792157,0.0,-0.013393551417589777
28,5,1279233,0,190,35.91,0.09,8.53,12.506,0.09202353710362744,-8.561570353463566e-05,0.09299999999999997,-0.0009205989627380181,0.05503225806451612,-0.00693721817551158,0.0,-0.016064002924562254
28,5,1279279,0,190,35.8,0.09,8.43,12.552,0.09089898659692591,-8.082083858773003e-05,0.09200000000000053,-0.0008784873759535823,0.054387096774193545,-0.007012622720897533,0.0,-0.016416276987364187
28,5,1279325,0,190,35.8,0.09,8.43,12.598,0.09051323962078993,-7.547492923949406e-05,0.09200000000000053,-0.0008203796656466698,0.054387096774193545,0.0,0.0,-0.01552795031055865
28,5,1279371,0,190,35.69,0.09,8.43,12.644,0.08947041516835451,-7.106434389820215e-05,0.09199999999999875,-0.0007724385206326425,0.054387096774193545,-0.007012622720897668,0.0,-0.013573631621587008
28,5,1279417,0,190,35.58,0.09,8.33,12.69,0.08926446551160394,-6.868680831479068e-05,0.09200000000000053,-0.0007465957425520684,0.05374193548387097,-0.007012622720897533,0.0,-0.004477166451099419
28,5,1279463,0,190,35.47,0.09,8.33,12.736,0.08905851585485336,-6.87424816449056e-05,0.09200000000000053,-0.0007472008874446219,0.05374193548387097,0.0,0.0,-0.0037665051096550215
28,5,1279509,0,190,35.36,0.09,8.33,12.782,0.08891794704151568,-7.087359344884625e-05,0.09199999999999875,-0.0007703651461831219,0.05374193548387097,-0.006311360448807902,0.0,-0.0016345210853220106
28,5,1279555,0,190,35.25,0.09,8.24,12.828,0.08890813991500374,-7.414419930563732e-05,0.09399999999999942,-0.0007887680777195508,0.05316129032258065,-0.006177076183939603,0.0,-0.007720503849818808
28,5,1279603,0,190,35.13,0.09,8.24,12.876,0.08819221967963271,-7.738181641325248e-05,0.0940000000000012,-0.0008232108129069309,0.05316129032258065,-0.006863417982155059,0.0,-0.01644954198632523
28,5,1279649,0,190,35.02,0.09,8.14,12.922,0.08736188296828915,-7.954265633380509e-05,0.09100000000000108,-0.0008740951245472982,0.052516129032258066,-0.007089684509039297,-0.10989010989010853,-0.019147246999485844
28,5,1279694,0,190,34.91,0.08,8.14,12.967,0.08644982020267948,-7.996900104642002e-05,0.0909999999999993,-0.0008787802312793477,0.052516129032258066,0.0,0.0,-0.020584188612955922
28,5,1279740,0,190,34.8,0.09,8.14,13.013,0.08548872180451017,-7.85017550848206e-05,0.09299999999999997,-0.000844104893385168,0.052516129032258066,-0.0069372181755117295,0.0,-0.020844537711740583
28,5,1279787,0,190,34.69,0.08,8.04,13.06,0.08451127819548761,-7.549677978338032e-05,0.09299999999999997,-0.0008117933310040897,0.051870967741935475,-0.0069372181755117295,0.0,-0.020844537711740583
28,5,1279833,0,190,34.58,0.09,8.04,13.106,0.0835501797973183,-7.177074734286038e-05,0.09199999999999875,-0.0007801168189441452,0.051870967741935475,-0.007012622720897593,0.0,-0.020360447432380437
28,5,1279879,0,190,34.58,0.08,7.94,13.152,0.08263811703170863,-6.84202045390121e-05,0.0909999999999993,-0.0007518703795495892,0.051225806451612906,-0.007089684509039283,-0.10989010989011068,-0.01914724699948622
28,5,1279924,0,190,34.47,0.08,7.94,13.197,0.08180778032036506,-6.646533404750344e-05,0.09100000000000108,-0.0007303882862362928,0.051225806451612906,0.0,0.0,-0.01699183457928087
28,5,1279970,0,190,34.36,0.08,7.94,13.243,0.08109186008499406,-6.641690175514725e-05,0.0940000000000012,-0.0007065627846292171,0.051225806451612906,0.0,0.0,-0.0136673784368408
28,5,1280018,0,190,34.25,0.08,7.94,13.291,0.08052304674730201,-6.801218921296303e-05,0.09499999999999886,-0.0007159177811890931,0.051225806451612906,-0.00679117147707991,0.0,-0.010082414273670607
28,5,1280065,0,190,34.14,0.08,7.84,13.338,0.08013403072899536,-7.032663018992302e-05,0.09299999999999997,-0.0007562003246228285,0.05058064516129032,-0.006937218175511655,0.0,-0.006081121457219508
28,5,1280111,0,190,34.03,0.08,7.84,13.384,0.0799575024517806,-7.222935853761747e-05,0.09100000000000108,-0.0007937292146990837,0.05058064516129032,-0.007089684509039221,0.0,-0.001185476831112438
28,5,1280156,0,190,33.92,0.08,7.74,13.429,0.08002615233736413,-7.291609766086093e-05,0.0909999999999993,-0.0008012757984710054,0.049935483870967745,-0.007089684509039359,0.0,-0.005352607510175278
28,5,1280202,0,190,33.81,0.08,7.74,13.475,0.07947041516835465,-7.222718717965914e-05,0.09200000000000053,-0.0007850781215180296,0.049935483870967745,0.0,0.0,-0.0029847776340663802
28,5,1280248,0,190,33.81,0.08,7.74,13.521,0.07975155279503002,-7.063461177539221e-05,0.09200000000000053,-0.0007677675192977371,0.049935483870967745,-0.007012622720897609,0.0,0.005756356865698973
28,5,1280294,0,190,33.7,0.08,7.64,13.567,0.07999999999999896,-6.89789475921101e-05,0.09199999999999875,-0.0007497711694794678,0.04929032258064516,-0.007012622720897744,0.0,0.011477180664326424
28,5,1280340,0,190,33.59,0.08,7.64,13.613,0.08080745341614803,-6.811399403410156e-05,0.09299999999999997,-0.0007324085380010923,0.04929032258064516,0.0,0.0,0.008365935877562151
28,5,1280387,0,190,33.48,0.08,7.64,13.66,0.08077803203661224,-6.85903596793862e-05,0.09500000000000064,-0.0007220037860987973,0.04929032258064516,-0.006791171477079782,0.0,-0.0090844961373684
28,5,1280435,0,190,33.37,0.08,7.54,13.708,0.07994442628309803,-7.04625788610791e-05,0.09299999999999997,-0.0007576621382911733,0.04864516129032258,-0.006937218175511655,0.0,-0.010861656244397838
28,5,1280480,0,190,33.26,0.08,7.54,13.753,0.07976789800588324,-7.326486598607663e-05,0.0909999999999993,-0.0008051084174294196,0.04864516129032258,0.0,0.0,-0.012357697875841083
28,5,1280526,0,190,33.15,0.08,7.54,13.799,0.0788198757763965,-7.616105199888246e-05,0.09200000000000053,-0.0008278375217269786,0.04864516129032258,-0.007012622720897533,0.0,-0.01918785621899708
28,5,1280572,0,190,33.04,0.08,7.44,13.845,0.0780026152337355,-7.823287387337352e-05,0.09200000000000053,-0.0008503573247105768,0.048,-0.007012622720897533,0.0,-0.010269056383870741
28,5,1280618,0,190,32.93,0.08,7.44,13.891,0.07787512258908039,-7.881468581565532e-05,0.09199999999999875,-0.0008566813675614825,0.048,-0.007012622720897744,0.0,-0.0047258979206048915
28,5,1280664,0,190,32.93,0.08,7.34,13.937,0.07756783262503986,-7.773034849692983e-05,0.0909999999999993,-0.0008541796538124222,0.04735483870967742,-0.007089684509039435,0.0,-0.008370184898462056
28,5,1280709,0,190,32.82,0.08,7.34,13.982,0.07711343576332035,-7.531446529748464e-05,0.09100000000000108,-0.0008276314867855357,0.04735483870967742,0.0,-0.10989010989010853,-0.011244068125401551
28,5,1280755,0,190,32.71,0.07,7.34,14.028,0.0765446224256283,-7.222438227089611e-05,0.09200000000000053,-0.000785047633379301,0.04735483870967742,-0.007012622720897533,-0.10869565217391237,-0.01932998848728587
28,5,1280801,0,190,32.6,0.07,7.24,14.074,0.07533507682249004,-6.916791590464122e-05,0.09399999999999942,-0.0007358288926025707,0.04670967741935484,-0.006863417982155114,0.0,-0.017005974696222382
28,5,1280849,0,190,32.49,0.07,7.24,14.122,0.07494606080418341,-6.668318877622425e-05,0.09500000000000064,-0.000701928302907619,0.04670967741935484,0.0,0.10526315789473609,-0.008705975464978111
28,5,1280896,0,190,32.38,0.08,7.24,14.169,0.07450800915331711,-6.503630815128058e-05,0.09299999999999997,-0.0006993151414116193,0.04670967741935484,-0.006937218175511655,0.0,-0.009596220565438832
28,5,1280942,0,190,32.27,0.07,7.14,14.215,0.0740536122915976,-6.423358792729061e-05,0.09199999999999875,-0.0006981911731227335,0.04606451612903226,-0.007012622720897744,0.0,-0.00970052731071532
28,5,1280988,0,190,32.16,0.08,7.14,14.261,0.07361556064073131,-6.410580469606497e-05,0.0909999999999993,-0.0007044593922644557,0.04606451612903226,0.0,0.10989010989011068,-0.009088655705196756
28,5,1281033,0,190,32.16,0.08,7.14,14.306,0.0732265446224247,-6.440790991909395e-05,0.09100000000000108,-0.0007077792298801449,0.04606451612903226,-0.007089684509039221,-0.10989010989010853,-0.007651714091726901
28,5,1281079,0,190,32.05,0.07,7.04,14.352,0.07291925465838416,-6.489113004626557e-05,0.09200000000000053,-0.0007053383700681,0.04541935483870968,-0.007012622720897533,-0.10869565217391237,-0.005436559262049349
28,5,1281125,0,190,31.94,0.07,7.04,14.398,0.07272638117031616,-6.533079997537694e-05,0.09200000000000053,-0.0007101173910367018,0.04541935483870968,0.0,0.0,-0.0025939138962719085
28,5,1281171,0,190,31.83,0.07,7.04,14.444,0.07268061457992714,-6.551854812622615e-05,0.09200000000000053,-0.0007121581318068019,0.04541935483870968,-0.006311360448807856,0.0,0.0009593928109499295
28,5,1281217,0,190,31.72,0.07,6.95,14.49,0.07281464530892355,-6.525291451032267e-05,0.09399999999999942,-0.0006941799415991816,0.044838709677419354,-0.006177076183939677,0.10638297872340487,0.0014606358634793098
28,5,1281265,0,190,31.61,0.08,6.95,14.538,0.07281791435109419,-6.436987691290508e-05,0.09399999999999942,-0.0006847859246053774,0.044838709677419354,0.0,0.0,-0.010572221488040065
28,5,1281311,0,190,31.5,0.07,6.95,14.584,0.07182085648904779,-6.282778977592862e-05,0.0909999999999993,-0.0006904152722629571,0.044838709677419354,-0.007089684509039435,-0.10989010989011068,-0.022991065815518182
28,5,1281356,0,190,31.39,0.07,6.85,14.629,0.07072572736188205,-6.0817078853296455e-05,0.09100000000000108,-0.0006683195478384146,0.04419354838709677,-0.007089684509039297,0.0,-0.009088655705196883
28,5,1281402,0,190,31.39,0.07,6.85,14.675,0.07099378881987486,-5.8826375573604926e-05,0.09200000000000053,-0.0006394171258000499,0.04419354838709677,0.0,0.0,-0.01041118865215953
28,5,1281448,0,190,31.28,0.07,6.85,14.721,0.06976789800588337,-5.758754884236428e-05,0.09299999999999997,-0.0006192209552942397,0.04419354838709677,-0.00693721817551158,0.0,-0.011002260208726383
28,5,1281495,0,190,31.17,0.07,6.75,14.768,0.06997057862046331,-5.7862392980164045e-05,0.09299999999999997,-0.0006221762686039146,0.043548387096774194,-0.00693721817551158,0.0,-0.0013005866700410292
28,5,1281541,0,190,31.06,0.07,6.75,14.814,0.06964694344556956,-6.010982357914063e-05,0.09199999999999875,-0.0006533676475993635,0.043548387096774194,0.0,0.0,-0.006324885938854705
28,5,1281587,0,190,30.95,0.07,6.75,14.86,0.06938868911408869,-6.416047170780637e-05,0.0909999999999993,-0.0007050601286572182,0.043548387096774194,0.0,0.0,-0.014513110296045793
28,5,1281632,0,190,30.84,0.07,6.75,14.905,0.0683262504086294,-6.90900518952926e-05,0.09299999999999997,-0.0007429037838203508,0.043548387096774194,-0.00693721817551158,0.0,-0.02179361447095987
28,5,1281680,0,190,30.84,0.07,6.65,14.953,0.06736188296828942,-7.34365949624669e-05,0.0940000000000012,-0.0007812403719411273,0.04290322580645162,-0.006863417982154984,-0.106382978723403,-0.013528270259366962
28,5,1281726,0,190,30.73,0.06,6.65,14.999,0.06705459300424889,-7.571395452439233e-05,0.09200000000000053,-0.0008229777665694772,0.04290322580645162,-0.007012622720897609,0.0,-0.005258893926688061
28,5,1281772,0,190,30.62,0.07,6.55,15.045,0.06687806472703411,-7.497483635683544e-05,0.09199999999999875,-0.0008149438734438745,0.04225806451612903,-0.007012622720897744,0.10869565217391462,-0.002060917890188537
28,5,1281818,0,190,30.51,0.07,6.55,15.091,0.06686498855835155,-7.115313725603301e-05,0.09200000000000053,-0.0007734036658264414,0.04225806451612903,0.0,-0.10869565217391251,-0.0018832525548275107
28,5,1281864,0,190,30.4,0.06,6.55,15.137,0.06670480549198998,-6.507036098038377e-05,0.09100000000000108,-0.0007150589118723406,0.04225806451612903,-0.007089684509039297,0.0,-0.004777830864787394
28,5,1281909,0,190,30.4,0.07,6.45,15.182,0.06643020594965589,-5.8163525696941496e-05,0.0909999999999993,-0.000639159623043318,0.04161290322580645,-0.007089684509039435,0.0,-0.006933243284992198
28,5,1281955,0,190,30.29,0.06,6.45,15.228,0.0660738803530557,-5.2062689183504316e-05,0.09199999999999875,-0.0005658987954728807,0.04161290322580645,0.0,0.0,-0.008279204627826647
28,5,1282001,0,190,30.18,0.07,6.45,15.274,0.06566851912389585,-4.8146591775076075e-05,0.09299999999999997,-0.000517705287904044,0.04161290322580645,0.0,0.0,-0.01490402021884977
28,5,1282048,0,190,30.07,0.06,6.45,15.321,0.06468780647270267,-4.7201408688124505e-05,0.09500000000000064,-0.000496856933559202,0.04161290322580645,-0.006791171477079782,0.0,-0.011321209201493142
28,5,1282096,0,190,29.96,0.07,6.35,15.369,0.06459300424975399,-4.92713704312493e-05,0.09399999999999942,-0.0005241635152260596,0.040967741935483866,-0.006863417982155188,0.106382978723405,-0.0018431833515333304
28,5,1282142,0,190,29.85,0.07,6.35,15.415,0.06451454723765854,-5.369678055680982e-05,0.09200000000000053,-0.0005836606582261904,0.040967741935483866,0.0,-0.10869565217391251,-0.001172591213383264
28,5,1282188,0,190,29.74,0.06,6.35,15.461,0.06448512585812273,-5.9280219588895734e-05,0.09200000000000053,-0.000644350212922776,0.040967741935483866,0.0,0.0,-0.009558395042426343
28,5,1282234,0,190,29.74,0.07,6.35,15.507,0.06363517489375531,-6.456529072925576e-05,0.0909999999999993,-0.0007095086893324864,0.040967741935483866,-0.007089684509039359,0.0,-0.011639227069105924
28,5,1282279,0,190,29.63,0.06,6.25,15.552,0.0634259561948341,-6.823556889759086e-05,0.09100000000000108,-0.0007498414164570335,0.04032258064516129,-0.007089684509039221,-0.10989010989010868,-0.009483814648901029
28,5,1282325,0,190,29.52,0.06,6.25,15.598,0.0627721477607053,-6.953816232137377e-05,0.09200000000000053,-0.0007558495904497106,0.04032258064516129,-0.007012622720897533,0.0,-0.012969569481359241
28,5,1282371,0,190,29.41,0.06,6.15,15.644,0.06223275580254904,-6.851727020159082e-05,0.09199999999999875,-0.0007447529369738234,0.03967741935483871,-0.007012622720897668,0.0,-0.00440610031695511
28,5,1282417,0,190,29.3,0.06,6.15,15.69,0.06236678653154544,-6.589332996174325e-05,0.09200000000000053,-0.0007162318474102485,0.03967741935483871,0.0,0.0,-0.005294426993760259
28,5,1282463,0,190,29.3,0.06,6.15,15.736,0.061745668519123095,-6.26474484305879e-05,0.0940000000000012,-0.0006664622173466713,0.03967741935483871,0.0,0.106382978723403,-0.005703435276442553
28,5,1282511,0,190,29.19,0.07,6.15,15.784,0.06183066361555983,-5.957694243531098e-05,0.09299999999999997,-0.0006406122842506558,0.03967741935483871,-0.006937218175511655,0.0,-0.005940517492890663
28,5,1282556,0,190,29.08,0.06,6.05,15.829,0.061193200392284264,-5.7084877725044336e-05,0.09199999999999875,-0.000620487801359186,0.03903225806451613,-0.007012622720897744,-0.10869565217391462,-0.005827422999843631
28,5,1282603,0,190,28.97,0.06,6.05,15.876,0.061294540699574226,-5.5262368070191134e-05,0.09299999999999997,-0.0005942190115074317,0.03903225806451613,0.0,0.0,0.0044641758674384665
28,5,1282649,0,190,28.86,0.06,6.05,15.922,0.06160836874795604,-5.411537037132597e-05,0.09200000000000053,-0.0005882105475144093,0.03903225806451613,-0.007012622720897533,0.0,-0.0003197976036499262
28,5,1282695,0,190,28.75,0.06,5.95,15.968,0.06126511932003843,-5.37354295123329e-05,0.09199999999999875,-0.0005840807555688438,0.03838709677419355,-0.007012622720897668,0.0,0.0012791904145998804
28,5,1282741,0,190,28.75,0.06,5.95,16.014,0.06172605426609923,-5.4295784436471096e-05,0.09199999999999875,-0.0005901715699616504,0.03838709677419355,0.0,0.10869565217391462,0.003233509103571673
28,5,1282787,0,190,28.64,0.07,5.95,16.06,0.06156260215756702,-5.588732514765837e-05,0.09100000000000108,-0.0006141464301940407,0.03838709677419355,0.0,0.0,-0.004310824840409642
28,5,1282832,0,190,28.53,0.06,5.95,16.105,0.061333769205621946,-5.8329617273638945e-05,0.09100000000000108,-0.000640984805204816,0.03838709677419355,-0.007089684509039297,-0.10989010989010868,-0.005747766453879319
28,5,1282878,0,190,28.42,0.06,5.85,16.151,0.061039555410264,-6.111433165985236e-05,0.0940000000000012,-0.0006501524644665061,0.03774193548387097,-0.006863417982155059,0.0,-0.006955408873710341
28,5,1282926,0,190,28.42,0.06,5.85,16.199,0.060679960771493166,-6.352871677822592e-05,0.0940000000000012,-0.0006758374125343097,0.03774193548387097,0.0,0.0,-0.008346490648452557
28,5,1282972,0,190,28.2,0.06,5.85,16.245,0.06025498528930945,-6.487787536931222e-05,0.09199999999999875,-0.0007051942974925337,0.03774193548387097,-0.007012622720897744,0.0,-0.00014213226828894263
28,5,1283018,0,190,28.2,0.06,5.75,16.291,0.060666884602810583,-6.469223109879163e-05,0.09199999999999875,-0.0007031764249868751,0.037096774193548385,-0.007012622720897744,0.0,0.002522847762127412
28,5,1283064,0,190,28.09,0.06,5.75,16.337,0.06048708728342517,-6.284680178714375e-05,0.09100000000000108,-0.0006906241954631099,0.037096774193548385,0.0,0.0,-0.004310824840409642
28,5,1283109,0,190,27.98,0.06,5.75,16.382,0.0602745995423333,-5.956617544517329e-05,0.09100000000000108,-0.000654573356540358,0.037096774193548385,-0.0063807160581352985,0.0,-0.005029295647144481
28,5,1283155,0,190,27.87,0.06,5.66,16.428,0.060029421379535014,-5.533011545215949e-05,0.09299999999999997,-0.0005949474779802097,0.036516129032258066,-0.006243496357960422,0.0,-0.0056241585731508
28,5,1283202,0,190,27.76,0.06,5.66,16.475,0.05975155279503028,-5.072546873733153e-05,0.09299999999999997,-0.0005454351477132424,0.036516129032258066,0.0,0.0,-0.006327178394794874
28,5,1283248,0,190,27.76,0.06,5.66,16.521,0.05944099378881909,-4.630699115256753e-05,0.09199999999999875,-0.0005033368603540018,0.036516129032258066,0.0,0.0,0.0027005130974885527
28,5,1283294,0,190,27.65,0.06,5.66,16.567,0.05999999999999922,-4.253106096079673e-05,0.09399999999999764,-0.0004524580953276361,0.036516129032258066,-0.006863417982155318,0.0,0.005946874587022806
28,5,1283342,0,190,27.54,0.06,5.56,16.615,0.05999999999999922,-3.977633053963103e-05,0.0940000000000012,-0.0004231524525492609,0.03587096774193548,-0.006863417982155059,0.0,0.0
28,5,1283388,0,190,27.43,0.06,5.56,16.661,0.05999999999999922,-3.837042669146928e-05,0.0920000000000023,-0.000417069855342047,0.03587096774193548,0.0,0.0,0.0
28,5,1283434,0,190,27.43,0.06,5.56,16.707,0.05999999999999922,-3.8521818913578976e-05,0.09099999999999753,-0.00042331669135802223,0.03587096774193548,0.0,0.0,0.0
28,5,1283479,0,190,27.32,0.06,5.56,16.752,0.05999999999999922,-4.017789683999862e-05,0.09099999999999753,-0.0004415153498901067,0.03587096774193548,0.0,0.0,0.0
28,5,1283525,0,190,27.21,0.06,5.56,16.798,0.05999999999999922,-4.2952625563870586e-05,0.0920000000000023,-0.0004668763648246686,0.03587096774193548,-0.007012622720897398,0.0,0.0
28,5,1283571,0,190,27.21,0.06,5.46,16.844,0.05999999999999922,-4.6218877251849474e-05,0.0920000000000023,-0.0005023791005635687,0.035225806451612905,-0.007012622720897398,0.0,0.0
28,5,1283617,0,190,27.1,0.06,5.46,16.89,0.05999999999999922,-4.9298260276934514e-05,0.09199999999999875,-0.000535850655184078,0.035225806451612905,0.0,0.0,0.0
28,5,1283663,0,190,26.99,0.06,5.46,16.936,0.05999999999999922,-5.1614023947282204e-05,0.09100000000000108,-0.0005671870763437537,0.035225806451612905,0.0,0.0,0.0
28,5,1283708,0,190,26.88,0.06,5.46,16.981,0.05999999999999922,-5.2763172666411506e-05,0.0940000000000012,-0.0005613103475150089,0.035225806451612905,-0.006863417982155059,0.0,0.0
28,5,1283757,0,190,26.77,0.06,5.36,17.03,0.05999999999999922,-5.2555744612377e-05,0.09499999999999886,-0.0005532183643408171,0.03458064516129032,-0.00679117147707991,0.0,0.0
28,5,1283803,0,190,26.66,0.06,5.36,17.076,0.05999999999999922,-5.104549167772632e-05,0.09199999999999875,-0.0005548423008448588,0.03458064516129032,0.0,0.0,0.0
28,5,1283849,0,190,26.55,0.06,5.36,17.122,0.05999999999999922,-4.852592090894348e-05,0.09199999999999875,-0.0005274556620537406,0.03458064516129032,0.0,0.0,0.0
28,5,1283895,0,190,26.55,0.06,5.36,17.168,0.05999999999999922,-4.548808777477209e-05,0.09199999999999875,-0.000494435736682312,0.03458064516129032,-0.007012622720897744,0.0,0.0
28,5,1283941,0,190,26.55,0.06,5.26,17.214,0.05999999999999922,-4.256110100195709e-05,0.0920000000000023,-0.0004626206630647394,0.03393548387096774,-0.007012622720897473,0.0,0.006076154469348933
28,5,1283987,0,190,26.32,0.06,5.26,17.26,0.060559006211179336,-4.041177142276187e-05,0.09100000000000108,-0.00044408540025012513,0.03393548387096774,0.0,0.0,0.0027301890655926004
28,5,1284032,0,190,26.32,0.06,5.26,17.305,0.06024844720496815,-3.95635655205373e-05,0.09099999999999753,-0.00043476445626965246,0.03393548387096774,0.0,0.0,-0.0003233118630307053
28,5,1284078,0,190,26.21,0.06,5.26,17.351,0.06052958483164354,-4.019313810014236e-05,0.09199999999999875,-0.0004368819358711185,0.03393548387096774,0.0,0.0,0.003091376835283032
28,5,1284124,0,190,26.1,0.06,5.26,17.397,0.060532853873814185,-4.2055188178608204e-05,0.0940000000000012,-0.0004473956189213582,0.03393548387096774,-0.006863417982154984,0.0,-0.008485598825926836
28,5,1284172,0,190,25.99,0.06,5.16,17.445,0.05973193854200641,-4.461392616639248e-05,0.0940000000000012,-0.00047461623581267995,0.03329032258064516,-0.006863417982154984,0.0,-0.01599744040953415
28,5,1284218,0,190,25.99,0.06,5.16,17.491,0.059029094475317956,-4.7283612164862985e-05,0.09199999999999875,-0.0005139523061398221,0.03329032258064516,0.0,0.0,-0.014213226828887024
28,5,1284264,0,190,25.88,0.06,5.16,17.537,0.05842432167374882,-4.9611850147932124e-05,0.09299999999999997,-0.0005334607542788402,0.03329032258064516,0.0,0.0,-0.011951336967945526
28,5,1284311,0,190,25.77,0.06,5.16,17.584,0.05791762013729902,-5.1339420289935766e-05,0.09299999999999997,-0.0005520367773111374,0.03329032258064516,-0.006937218175511655,0.0,-0.009842277503013974
28,5,1284357,0,190,25.66,0.06,5.06,17.63,0.05750898986596852,-5.2380122290638373e-05,0.09199999999999875,-0.0005693491553330336,0.03264516129032258,-0.007012622720897744,0.0,-0.007817274755887922
28,5,1284403,0,190,25.66,0.06,5.06,17.676,0.05719843085975734,-5.276224932789475e-05,0.0920000000000023,-0.0005735027100857981,0.03264516129032258,0.0,-0.10869565217391026,0.0003908637377943886
28,5,1284449,0,190,25.55,0.05,5.06,17.722,0.05754494932984561,-5.254304158030632e-05,0.09100000000000108,-0.0005773960613220406,0.03264516129032258,0.0,0.0,-0.0008621649680818979
28,5,1284494,0,190,25.44,0.06,5.06,17.767,0.05711997384766189,-5.174094043422883e-05,0.09699999999999775,-0.0005334117570539178,0.03264516129032258,-0.006651147322913316,0.0,-0.007414322448883462
28,5,1284546,0,190,25.44,0.05,4.96,17.819,0.05682576005230393,-5.034962210521243e-05,0.10000000000000142,-0.0005034962210521171,0.032,-0.0064516129032256755,-0.09999999999999853,-0.0045766590389014665
28,5,1284594,0,190,25.33,0.05,4.96,17.867,0.056662307943771736,-4.842514420607813e-05,0.0940000000000012,-0.0005151611085752927,0.032,0.0,0.10638297872340285,-0.0020866226621130282
28,5,1284640,0,190,25.22,0.06,4.96,17.913,0.0566296175220653,-4.616759269983284e-05,0.09199999999999875,-0.0005018216597807985,0.032,0.0,0.10869565217391447,0.000710661341444336
28,5,1284686,0,190,25.11,0.06,4.96,17.959,0.056727688787184614,-4.39454669168402e-05,0.09199999999999875,-0.00047766811866131303,0.032,-0.007012622720897668,0.0,0.003553306707221756
28,5,1284732,0,190,25.11,0.06,4.86,18.005,0.0569565217391297,-4.2255897095889064e-05,0.09100000000000108,-0.00046435051753723695,0.031354838709677424,-0.007089684509039221,0.0,0.0064662372606143865
28,5,1284777,0,190,25.0,0.06,4.86,18.05,0.05731611637790053,-4.159621829955196e-05,0.0920000000000023,-0.00045213280760381434,0.031354838709677424,0.0,0.0,0.009238597438776088
28,5,1284824,0,190,24.89,0.06,4.86,18.097,0.05780647270349712,-4.2231088394814264e-05,0.09299999999999997,-0.00045409772467542236,0.031354838709677424,0.0,0.0,0.011951336967945526
28,5,1284870,0,190,24.78,0.06,4.86,18.143,0.058427590715919464,-4.395309799544655e-05,0.09199999999999875,-0.0004777510651679038,0.031354838709677424,0.0,-0.10869565217391447,0.014923888170331284
28,5,1284916,0,190,24.78,0.05,4.86,18.189,0.05917947041516758,-4.602846673417637e-05,0.09199999999999875,-0.000500309421023663,0.031354838709677424,-0.007012622720897782,0.0,0.007959407024176714
28,5,1284962,0,190,24.67,0.06,4.76,18.235,0.05915985616214371,-4.7431345399795435e-05,0.0940000000000012,-0.0005045887808488813,0.030709677419354837,-0.006863417982155095,0.10638297872340285,0.012519735972678908
28,5,1285010,0,190,24.56,0.06,4.76,18.283,0.06035632559659941,-4.726353619533086e-05,0.0940000000000012,-0.0005028035765460665,0.030709677419354837,0.0,0.0,0.01359782434810403
28,5,1285056,0,190,24.45,0.06,4.76,18.329,0.06043805165086551,-4.514794807695388e-05,0.09099999999999753,-0.0004961312975489572,0.030709677419354837,0.0,0.0,-0.010453750237993668
28,5,1285101,0,190,24.45,0.06,4.76,18.374,0.05940503432494201,-4.144740542739189e-05,0.09100000000000108,-0.0004554659937075978,0.030709677419354837,-0.007089684509039221,0.0,-0.009340120487554122
28,5,1285147,0,190,24.34,0.06,4.66,18.42,0.05958810068649807,-3.725252378728783e-05,0.0920000000000023,-0.0004049187368183358,0.03006451612903226,-0.007012622720897398,0.0,0.0016700541523941442
28,5,1285193,0,190,24.23,0.06,4.66,18.466,0.05955867930696228,-3.4100212230264045e-05,0.09199999999999875,-0.00037065448076374467,0.03006451612903226,0.0,0.0,-0.008670068365620976
28,5,1285239,0,190,24.12,0.06,4.66,18.512,0.05879045439686095,-3.342643511404919e-05,0.09199999999999875,-0.00036333081645706133,0.03006451612903226,0.0,0.0,-0.008847733700982116
28,5,1285285,0,190,24.12,0.06,4.66,18.558,0.058744687806471935,-3.591699252855296e-05,0.09100000000000108,-0.00039469222558848933,0.03006451612903226,0.0,0.0,-0.0026224184445825726
28,5,1285330,0,190,24.01,0.06,4.66,18.603,0.058551814318403936,-4.107645986119035e-05,0.09199999999999875,-0.0004464832593607708,0.03006451612903226,0.0,0.0,-0.0054365592620492275
28,5,1285377,0,190,23.9,0.06,4.66,18.65,0.05824452435436341,-4.729263749415136e-05,0.09499999999999886,-0.0004978172367805466,0.03006451612903226,-0.00679117147707991,0.0,-0.01682696443626224
28,5,1285425,0,190,23.9,0.06,4.56,18.698,0.05695325269695904,-5.241777250992463e-05,0.0940000000000012,-0.0005576358777651486,0.029419354838709676,-0.006863417982155059,-0.10638297872340285,-0.02239641657334774
28,5,1285471,0,190,23.79,0.05,4.56,18.744,0.0561392611964687,-5.460390561300254e-05,0.09199999999999875,-0.0005935207131848183,0.029419354838709676,0.0,-0.10869565217391447,-0.02430461787739667
28,5,1285517,0,190,23.68,0.05,4.56,18.79,0.05471722785223858,-5.301467422623585e-05,0.09199999999999875,-0.0005762464589808323,0.029419354838709676,-0.007012622720897707,0.10869565217391447,-0.021639637846980392
28,5,1285563,0,190,23.68,0.06,4.46,18.836,0.05414841451454653,-4.812440289594999e-05,0.09100000000000108,-0.0005288395922631805,0.028774193548387096,-0.007089684509039258,0.0,-0.01268100973887138
28,5,1285608,0,190,23.57,0.05,4.46,18.881,0.05356325596600127,-4.150047356053399e-05,0.09100000000000108,-0.00045604916000586266,0.028774193548387096,0.0,-0.10989010989010853,-0.012681009738871457
28,5,1285654,0,190,23.46,0.05,4.46,18.927,0.05299444262830921,-3.516235983854976e-05,0.09199999999999875,-0.00038219956346250257,0.028774193548387096,0.0,0.10869565217391447,-0.011832511335048403
28,5,1285700,0,190,23.46,0.06,4.46,18.973,0.05247466492317683,-3.079222593625186e-05,0.09199999999999875,-0.00033469810800274214,0.028774193548387096,0.0,0.0,-0.01041118865215973
28,5,1285746,0,190,23.35,0.05,4.46,19.019,0.05203661327231053,-2.915712189843589e-05,0.0920000000000023,-0.00031692523802646916,0.028774193548387096,0.0,-0.10869565217391026,-0.008279204627826404
28,5,1285792,0,190,23.24,0.05,4.46,19.065,0.05171297809741678,-2.999103572561079e-05,0.0940000000000012,-0.00031905357154904694,0.028774193548387096,-0.006177076183939523,0.0,-0.0053208877883884655
28,5,1285840,0,190,23.13,0.05,4.37,19.113,0.05153644982020201,-3.231536162915916e-05,0.09299999999999997,-0.00034747700676515236,0.028193548387096774,-0.006243496357960459,0.0,-0.0018630025273561838
28,5,1285885,0,190,23.13,0.05,4.37,19.158,0.05153971886237266,-3.4942355528342794e-05,0.09199999999999875,-0.00037980821226460073,0.028193548387096774,0.0,0.0,0.0023807154938385445
28,5,1285932,0,190,22.91,0.05,4.37,19.205,0.05175547564563515,-3.6886206601146834e-05,0.09299999999999997,-0.0003966258774316865,0.028193548387096774,0.0,0.10752688172043008,-0.002425418384671413
28,5,1285978,0,190,23.02,0.06,4.37,19.251,0.051314154952598216,-3.758395253687574e-05,0.0920000000000023,-0.0004085212232269,0.028193548387096774,0.0,0.0,-0.010659920121664855
28,5,1286024,0,190,22.91,0.05,4.37,19.297,0.05077476299444196,-3.699375663626281e-05,0.09199999999999875,-0.00040210605039416644,0.028193548387096774,-0.007012622720897744,-0.10869565217391447,-0.0029847776340662115
28,5,1286070,0,190,22.8,0.05,4.27,19.343,0.05103955541026413,-3.56192961453905e-05,0.09100000000000108,-0.00039142083676252826,0.02754838709677419,-0.007089684509039297,0.0,-0.0010417826697655312
28,5,1286115,0,190,22.69,0.05,4.27,19.388,0.050679960771493296,-3.4383557343392825e-05,0.09100000000000108,-0.00037784128948782874,0.02754838709677419,0.0,0.0,-0.008621649680819054
28,5,1286161,0,190,22.69,0.05,4.27,19.434,0.050254985289309585,-3.426824796747496e-05,0.09199999999999875,-0.00037248095616821113,0.02754838709677419,0.0,0.0,-0.006218286737638035
28,5,1286207,0,190,22.58,0.05,4.27,19.48,0.050107878391630604,-3.5817022805304966e-05,0.09399999999999764,-0.0003810321575032539,0.02754838709677419,0.0,0.0,-0.00017388522184282046
28,5,1286255,0,190,22.47,0.05,4.27,19.528,0.05023864007845636,-3.8785856274381026e-05,0.0940000000000012,-0.000412615492280644,0.02754838709677419,0.0,0.0,0.002086622662113176
28,5,1286301,0,190,22.36,0.05,4.27,19.574,0.050304020921869246,-4.219435313001885e-05,0.0920000000000023,-0.0004586342731523673,0.02754838709677419,-0.007012622720897398,0.0,0.0007106613414443841
28,5,1286347,0,190,22.36,0.05,4.17,19.62,0.050304020921869246,-4.4782814052128474e-05,0.09099999999999753,-0.000492118835737689,0.026903225806451613,-0.007089684509039498,0.0,-0.0007184708067350192
28,5,1286392,0,190,22.36,0.05,4.17,19.665,0.05023864007845636,-4.5612665952650565e-05,0.09099999999999753,-0.000501238087391778,0.026903225806451613,0.0,0.0,-0.002155412420204905
28,5,1286438,0,190,22.25,0.05,4.17,19.711,0.050107878391630604,-4.447164871425446e-05,0.0920000000000023,-0.00048338748602449295,0.026903225806451613,-0.007012622720897435,0.0,0.006253819804710067
28,5,1286484,0,190,22.14,0.05,4.07,19.757,0.0508139915004897,-4.1894684523461123e-05,0.09299999999999997,-0.0004504804787468939,0.026258064516129033,0.0,0.0,0.008822898761630485
28,5,1286531,0,190,22.03,0.05,4.17,19.804,0.05092840797646224,-3.884380646298524e-05,0.09299999999999997,-0.00041767533831166937,0.026903225806451613,0.0,0.0,0.0021090594649315502
28,5,1286577,0,190,22.03,0.05,4.07,19.85,0.051010134030728335,-3.624441126169664e-05,0.09100000000000108,-0.0003982902336450133,0.026258064516129033,-0.007089684509039258,0.0,0.0014369416134698298
28,5,1286622,0,190,21.92,0.05,4.07,19.895,0.051059169663287995,-3.459360993025129e-05,0.09399999999999764,-0.00036801712691757616,0.026258064516129033,0.0,0.10638297872340687,0.0006955408873710603
28,5,1286671,0,190,21.92,0.06,4.07,19.944,0.05107551487414121,-3.378646285637821e-05,0.0940000000000012,-0.00035943045591891253,0.026258064516129033,0.0,0.0,0.0
28,5,1286716,0,190,21.81,0.05,4.07,19.989,0.051059169663287995,-3.32240342597041e-05,0.09100000000000108,-0.0003650992775791616,0.026258064516129033,0.0,-0.10989010989010853,-0.0007184708067349149
28,5,1286762,0,190,21.7,0.05,4.07,20.035,0.051010134030728335,-3.2182866908163634e-05,0.09199999999999875,-0.00034981377074091383,0.026258064516129033,-0.007012622720897707,0.0,-0.001421322682888672
28,5,1286808,0,190,21.7,0.05,3.97,20.081,0.05092840797646224,-3.0294861929952343e-05,0.09199999999999875,-0.00032929197749948647,0.025612903225806453,-0.007012622720897707,0.0,-0.0021319840243330082
28,5,1286854,0,190,21.59,0.05,3.97,20.127,0.0508139915004897,-2.7862757411585726e-05,0.09100000000000108,-0.0003061841473800593,0.025612903225806453,0.0,0.0,-0.002873883226939736
28,5,1286899,0,190,21.59,0.05,3.97,20.172,0.05066688460281072,-2.5778655724526977e-05,0.09100000000000108,-0.00028328193103875464,0.025612903225806453,0.0,0.0,-0.009735279431258268
28,5,1286945,0,190,21.37,0.05,3.97,20.218,0.04992808107224519,-2.506151045492322e-05,0.09199999999999875,-0.00027240772233612566,0.025612903225806453,0.0,0.0,-0.006964481146154569
28,5,1286991,0,190,21.37,0.05,3.97,20.264,0.05002615233736451,-2.6294799216926014e-05,0.09199999999999875,-0.000285813034966591,0.025612903225806453,0.0,0.0,0.001421322682888672
28,5,1287037,0,190,21.26,0.05,3.97,20.31,0.050058842759070944,-2.9308395193772263e-05,0.09500000000000242,-0.0003085094230923318,0.025612903225806453,0.0,0.0,0.0
28,5,1287086,0,190,21.26,0.05,3.97,20.359,0.05002615233736451,-3.327594147108437e-05,0.09500000000000242,-0.0003502730681166687,0.025612903225806453,-0.006791171477079619,0.0,-0.001376438808692134
28,5,1287132,0,190,21.15,0.05,3.87,20.405,0.04992808107224519,-3.712747630353297e-05,0.09099999999999753,-0.00040799424509377997,0.024967741935483873,-0.007089684509039536,0.0,0.007041013906002517
28,5,1287177,0,190,21.04,0.05,3.87,20.45,0.05066688460281072,-3.9992630226034275e-05,0.09099999999999753,-0.0004394794530333556,0.024967741935483873,0.0,0.0,0.009735279431258648
28,5,1287223,0,190,21.04,0.05,3.87,20.496,0.0508139915004897,-4.142605720893977e-05,0.0920000000000023,-0.0004502832305319427,0.024967741935483873,0.0,0.0,0.00284264536577731
28,5,1287269,0,190,20.93,0.05,3.87,20.542,0.05092840797646224,-4.138701276074963e-05,0.0920000000000023,-0.00044985883435596304,0.024967741935483873,0.0,0.0,0.002131984024332926
28,5,1287315,0,190,20.93,0.05,3.87,20.588,0.051010134030728335,-4.012843696617718e-05,0.09199999999999875,-0.00043617866267584487,0.024967741935483873,-0.007012622720897744,0.0,0.001421322682888672
28,5,1287361,0,190,20.82,0.05,3.77,20.634,0.051059169663287995,-3.81181490672855e-05,0.09099999999999753,-0.0004188807589811708,0.02432258064516129,-0.007089684509039574,0.10989010989011282,0.000718470806734943
28,5,1287406,0,190,20.71,0.06,3.77,20.679,0.05107551487414121,-3.595036330301449e-05,0.09100000000000108,-0.00039505893739575894,0.02432258064516129,0.0,0.0,0.0
28,5,1287452,0,190,20.6,0.05,3.77,20.725,0.051059169663287995,-3.415177535613578e-05,0.0940000000000012,-0.00036331675910782285,0.02432258064516129,0.0,-0.10638297872340285,-0.0006955408873710341
28,5,1287500,0,190,20.71,0.05,3.77,20.773,0.051010134030728335,-3.2926787466054816e-05,0.09399999999999764,-0.00035028497304314516,0.02432258064516129,0.0,0.0,-0.0013910817747421207
28,5,1287546,0,190,20.49,0.05,3.77,20.819,0.05092840797646224,-3.204183990185605e-05,0.09199999999999875,-0.00034828086849844007,0.02432258064516129,0.0,0.0,-0.0021319840243330082
28,5,1287592,0,190,20.49,0.05,3.77,20.865,0.0508139915004897,-3.100745445284181e-05,0.09299999999999997,-0.0003334134887402346,0.02432258064516129,-0.006937218175511618,0.0,-0.0028120792865754746
28,5,1287639,0,190,20.38,0.05,3.67,20.912,0.05066688460281072,-2.948252154098352e-05,0.09299999999999997,-0.00031701636065573687,0.02367741935483871,-0.006937218175511618,0.0,-0.003515099108219325
28,5,1287685,0,190,20.38,0.05,3.67,20.958,0.050487087283425304,-2.7610494489813674e-05,0.09100000000000108,-0.0003034120273605862,0.02367741935483871,0.0,0.0,-0.004310824840409642
28,5,1287730,0,190,20.27,0.05,3.67,21.003,0.05027459954233344,-2.6014492768393627e-05,0.09100000000000108,-0.0002858735469054211,0.02367741935483871,0.0,0.0,-0.005029295647144481
28,5,1287776,0,190,20.27,0.05,3.67,21.049,0.05002942137953515,-2.5433590052537536e-05,0.09199999999999875,-0.00027645206578845525,0.02367741935483871,0.0,0.0,-0.005685290731554688
28,5,1287822,0,190,20.16,0.05,3.67,21.095,0.049751552795030414,-2.625689736555792e-05,0.09199999999999875,-0.00028540105832128564,0.02367741935483871,0.0,0.0,-0.006395952072999101
28,5,1287868,0,190,20.16,0.05,3.67,21.141,0.04944099378881924,-2.8279360502601046e-05,0.0940000000000012,-0.00030084426066596476,0.02367741935483871,0.0,0.0,0.002643055372010003
28,5,1287916,0,190,20.05,0.05,3.67,21.189,0.04999999999999936,-3.083165735246007e-05,0.0940000000000012,-0.0003279963548134009,0.02367741935483871,-0.0068634179821550215,0.0,0.005946874587022434
28,5,1287962,0,190,19.94,0.05,3.57,21.235,0.04999999999999936,-3.316663484081861e-05,0.09100000000000108,-0.00036446851473426607,0.02303225806451613,-0.007089684509039258,0.0,0.0
28,5,1288007,0,190,19.94,0.05,3.57,21.28,0.04999999999999936,-3.4807880395781865e-05,0.09100000000000108,-0.00038250418017342255,0.02303225806451613,0.0,0.0,0.0
28,5,1288053,0,190,19.83,0.05,3.57,21.326,0.04999999999999936,-3.562157376065755e-05,0.09199999999999875,-0.00038719101913758735,0.02303225806451613,0.0,0.0,0.0
28,5,1288099,0,190,19.72,0.05,3.57,21.372,0.04999999999999936,-3.562774615136011e-05,0.09199999999999875,-0.000387258110340876,0.02303225806451613,0.0,0.0,0.0
28,5,1288145,0,190,19.72,0.05,3.57,21.418,0.04999999999999936,-3.479608183256344e-05,0.09299999999999997,-0.0003741514175544457,0.02303225806451613,0.0,0.0,0.0
28,5,1288192,0,190,19.61,0.05,3.57,21.465,0.04999999999999936,-3.305991582870549e-05,0.0920000000000023,-0.00035934691118157244,0.02303225806451613,-0.007012622720897435,0.0,0.006076154469348933
28,5,1288237,0,190,19.5,0.05,3.47,21.51,0.05055900621117947,-3.054485374773952e-05,0.09100000000000108,-0.0003356577334916391,0.022387096774193548,-0.007089684509039258,0.0,0.0027301890655926004
28,5,1288283,0,190,19.5,0.05,3.47,21.556,0.05024844720496829,-2.777147516332512e-05,0.09399999999999764,-0.00029544122514176403,0.022387096774193548,0.0,0.0,-0.006259867986339691
28,5,1288331,0,190,19.39,0.05,3.47,21.604,0.04997057862046356,-2.5581133149548575e-05,0.09399999999999764,-0.00027213971435690655,0.022387096774193548,0.0,0.0,-0.005564327098968483
28,5,1288377,0,190,19.39,0.05,3.47,21.65,0.04972540045766526,-2.476525603205637e-05,0.0920000000000023,-0.0002691875655658234,0.022387096774193548,0.0,0.0,0.0011015250792387728
28,5,1288423,0,190,19.28,0.05,3.47,21.696,0.05007191892775353,-2.563781037324908e-05,0.0920000000000023,-0.0002786718518831352,0.022387096774193548,0.0,0.0,-0.0015634549511775544
28,5,1288469,0,190,19.28,0.05,3.47,21.742,0.049581562602156924,-2.785226733649182e-05,0.09099999999999753,-0.00030606887182958877,0.022387096774193548,0.0,0.0,-0.010058591294289506
28,5,1288514,0,190,19.17,0.05,3.47,21.787,0.04915658711997321,-3.059453836741355e-05,0.09099999999999753,-0.00033620371832323497,0.022387096774193548,-0.007089684509039536,0.0,-0.008621649680819467
28,5,1288560,0,190,19.06,0.05,3.37,21.833,0.048796992481202374,-3.301902945379753e-05,0.0920000000000023,-0.00035890249406300766,0.021741935483870968,-0.007012622720897435,0.0,-0.0071066134144431616
28,5,1288606,0,190,19.06,0.05,3.37,21.879,0.04850277868584442,-3.46247050784334e-05,0.0920000000000023,-0.00037635548998296234,0.021741935483870968,0.0,0.0,-0.00568529073155462
28,5,1288652,0,190,18.95,0.05,3.37,21.925,0.048273945733899336,-3.532929168456844e-05,0.09199999999999875,-0.00038401404004966217,0.021741935483870968,0.0,-0.10869565217391454,-0.004263968048666092
28,5,1288698,0,190,18.95,0.04,3.37,21.971,0.048110493625367144,-3.5259019874572585e-05,0.09499999999999886,-0.0003711475776270843,0.021741935483870968,0.0,0.0,-0.002752877617384371
28,5,1288747,0,190,18.84,0.05,3.37,22.02,0.048012422360247824,-3.450369423347421e-05,0.09499999999999886,-0.0003631967814049961,0.021741935483870968,0.0,0.10526315789473813,-0.0013764388086921855
28,5,1288793,0,190,18.84,0.05,3.37,22.066,0.04797973193854139,-3.307866702666429e-05,0.09199999999999875,-0.0003595507285507037,0.021741935483870968,-0.007012622720897707,0.0,0.0
28,5,1288839,0,190,18.73,0.05,3.27,22.112,0.048012422360247824,-3.1101576503441034e-05,0.0920000000000023,-0.00033806061416782884,0.021096774193548388,-0.007012622720897435,-0.10869565217391035,0.0074974771522375505
28,5,1288885,0,190,18.62,0.04,3.27,22.158,0.04866949983654726,-2.8957915660271727e-05,0.09100000000000108,-0.00031821885340957564,0.021096774193548388,0.0,0.0,0.005604072292532412
28,5,1288930,0,190,18.62,0.05,3.27,22.203,0.04852239293886828,-2.7220293208533252e-05,0.09099999999999753,-0.00029912410119268125,0.021096774193548388,0.0,0.1098901098901129,0.003987512977379029
28,5,1288976,0,190,18.51,0.05,3.27,22.249,0.04903236351748874,-2.6314890800195112e-05,0.0920000000000023,-0.00028603142174124405,0.021096774193548388,0.0,0.0,0.002700513097488448
28,5,1289022,0,190,18.51,0.05,3.27,22.295,0.04877084014383722,-2.6179598025863003e-05,0.0920000000000023,-0.00028456084810719943,0.021096774193548388,0.0,0.0,-0.004263968048665927
28,5,1289068,0,190,18.4,0.05,3.27,22.341,0.04864007845701147,-2.6206548563457943e-05,0.09199999999999875,-0.0002848537887332424,0.021096774193548388,0.0,0.0,-0.001421322682888672
28,5,1289114,0,190,18.4,0.05,3.27,22.387,0.04864007845701147,-2.5576286377902326e-05,0.09399999999999764,-0.00027208815295641454,0.021096774193548388,-0.006177076183939757,0.0,0.0013910817747421207
28,5,1289162,0,190,18.29,0.05,3.18,22.435,0.04877084014383722,-2.381233634863067e-05,0.0940000000000012,-0.00025332272711308903,0.020516129032258065,-0.006177076183939523,0.0,-0.005425218921494213
28,5,1289208,0,190,18.29,0.05,3.18,22.481,0.048130107878391004,-2.1202814710922e-05,0.09100000000000108,-0.00023299796385628296,0.020516129032258065,0.0,0.0,-0.0007184708067349149
28,5,1289253,0,190,18.18,0.05,3.18,22.526,0.048705459300424345,-1.8788880322149203e-05,0.09099999999999753,-0.00020647121233131552,0.020516129032258065,0.0,0.0,0.004167130679062745
28,5,1289299,0,190,18.18,0.05,3.18,22.572,0.048509316770185704,-1.7889601664353272e-05,0.09299999999999997,-0.00019236130821885246,0.020516129032258065,0.0,-0.10752688172043016,0.0031987401884796107
28,5,1289346,0,190,18.07,0.04,3.18,22.619,0.04900294213795295,-1.9422993108912934e-05,0.09299999999999997,-0.00020884938826788108,0.020516129032258065,0.0,0.0,-0.0070301982164385005
28,5,1289392,0,190,18.07,0.05,3.18,22.665,0.04785550833605692,-2.3393685548167565e-05,0.09199999999999875,-0.00025427919074095525,0.020516129032258065,0.0,0.0,-0.01744673593245877
28,5,1289438,0,190,17.96,0.04,3.18,22.711,0.04739784243216676,-2.8814337805364243e-05,0.09100000000000108,-0.0003166410747842187,0.020516129032258065,0.0,0.0,-0.00247872428323559
28,5,1289483,0,190,17.85,0.05,3.18,22.756,0.04762994442628248,-3.410138583536471e-05,0.09100000000000108,-0.000374740503685322,0.020516129032258065,-0.007089684509039258,0.10989010989010861,-0.0030175773882867188
28,5,1289529,0,190,17.85,0.05,3.08,22.802,0.04712324288983267,-3.774271545857078e-05,0.0940000000000012,-0.00040151824955925847,0.019870967741935485,-0.0068634179821550215,0.0,-0.009042031535823591
28,5,1289577,0,190,17.85,0.05,3.08,22.85,0.046779993461915054,-3.8889256528157115e-05,0.0940000000000012,-0.00041371549498038957,0.019870967741935485,0.0,0.0,-0.00556432709896842
28,5,1289623,0,190,17.73,0.05,3.08,22.896,0.04660019614252963,-3.757907812751293e-05,0.09199999999999875,-0.00040846824051645044,0.019870967741935485,0.0,0.0,0.003944170445016084
28,5,1289669,0,190,17.73,0.05,3.08,22.942,0.04714285714285653,-3.4535625321255646e-05,0.09199999999999875,-0.0003753872317527839,0.019870967741935485,-0.007012622720897744,-0.10869565217391454,0.0041218357803773
28,5,1289715,0,190,17.62,0.04,2.98,22.988,0.04697940503432434,-3.0712895205744494e-05,0.09199999999999875,-0.00033383581745374905,0.0192258064516129,0.0,0.0,0.004654831786460496
28,5,1289761,0,190,17.51,0.05,3.08,23.034,0.04757110166721089,-2.6852396191518137e-05,0.09100000000000108,-0.00029508127682986615,0.019870967741935485,0.007089684509039297,0.0,0.005604072292532412
28,5,1289806,0,190,17.51,0.04,3.08,23.079,0.04748937561294479,-2.327915025614047e-05,0.09100000000000108,-0.00025581483797956257,0.019870967741935485,-0.007089684509039297,0.0,-0.009196426326207064
28,5,1289852,0,190,17.51,0.05,2.98,23.125,0.046734226871526036,-2.0022821967113025e-05,0.09299999999999997,-0.00021529916093669926,0.0192258064516129,-0.006937218175511655,0.10752688172043016,-0.008119878939986636
28,5,1289899,0,190,17.4,0.05,2.98,23.172,0.046734226871526036,-1.712858815264573e-05,0.09299999999999997,-0.00018417836723274984,0.0192258064516129,0.0,-0.10752688172043016,-0.007592614073753729
28,5,1289945,0,190,17.29,0.04,2.98,23.218,0.04602811376266694,-1.4875948989030884e-05,0.09399999999999764,-0.00015825477647905595,0.0192258064516129,0.0,0.0,-0.007337956361764853
28,5,1289993,0,190,17.29,0.05,2.98,23.266,0.04604445897352016,-1.3718301759247264e-05,0.0940000000000012,-0.00014593938041752223,0.0192258064516129,0.0,0.10638297872340292,0.002086622662113176
28,5,1290039,0,190,17.18,0.05,2.98,23.312,0.04622425629290558,-1.4006899275261996e-05,0.09100000000000108,-0.0001539219700578223,0.0192258064516129,0.0,0.0,0.005747766453879472
28,5,1290084,0,190,17.18,0.05,2.98,23.357,0.046567505720823195,-1.572617730274306e-05,0.10699999999999932,-0.00014697361965180524,0.0192258064516129,0.0,-0.09345794392523425,0.007943466956704988
28,5,1290146,0,190,17.07,0.04,2.98,23.419,0.04707420725727301,-1.8436299944731173e-05,0.10800000000000054,-0.00017070648096973224,0.0192258064516129,0.0,0.0,0.01089680723547981
28,5,1290192,0,190,17.07,0.05,2.98,23.465,0.04774436090225502,-2.14654860790211e-05,0.09199999999999875,-0.0002333205008589282,0.0192258064516129,-0.007012622720897707,0.0,0.01261423881063721
28,5,1290238,0,190,16.96,0.04,2.88,23.511,0.048234717227851616,-2.4232517009727505e-05,0.09199999999999875,-0.0002633969240187808,0.01858064516129032,0.0,0.0,0.00870560143269325
28,5,1290284,0,190,16.96,0.05,2.98,23.557,0.04854527623406279,-2.6501339981257034e-05,0.0920000000000023,-0.0002880580432745258,0.0192258064516129,0.0,0.10869565217391035,-0.0012791904145997555
28,5,1290330,0,190,16.85,0.05,2.88,23.603,0.048117031709708435,-2.8417601466757424e-05,0.0920000000000023,-0.0003088869724647469,0.01858064516129032,-0.007012622720897435,0.0,-0.001812186420683006
28,5,1290376,0,190,16.85,0.05,2.88,23.649,0.04837855508335995,-3.0302913690968048e-05,0.09399999999999764,-0.00032237142224434903,0.01858064516129032,0.0,0.0,0.012902283460733336
28,5,1290424,0,190,16.74,0.05,2.88,23.697,0.04932984635501734,-3.230588188764827e-05,0.09399999999999764,-0.00034367959454945833,0.01858064516129032,0.0,0.0,0.002782163549484315
28,5,1290470,0,190,16.74,0.05,2.88,23.743,0.04864007845701147,-3.409987899464495e-05,0.0920000000000023,-0.0003706508586374358,0.01858064516129032,0.0,0.0,-0.0074974771522375505
28,5,1290516,0,190,16.63,0.05,2.88,23.789,0.04864007845701147,-3.484707328197878e-05,0.09100000000000108,-0.0003829348712305315,0.01858064516129032,0.0,0.0,0.0014369416134698298
28,5,1290561,0,190,16.63,0.05,2.88,23.834,0.04877084014383722,-3.3543541680325805e-05,0.09099999999999753,-0.0003686103481354584,0.01858064516129032,-0.007089684509039536,0.0,0.0043108248404097336
28,5,1290607,0,190,16.63,0.05,2.78,23.88,0.04903236351748874,-2.9619697753501928e-05,0.09199999999999875,-0.0003219532364511123,0.01793548387096774,-0.007012622720897707,0.0,-0.0027005130974885527
28,5,1290653,0,190,16.52,0.05,2.78,23.926,0.04852239293886828,-2.345246781426047e-05,0.0920000000000023,-0.0002549181284158683,0.01793548387096774,0.0,-0.10869565217391035,-0.003944170445016007
28,5,1290699,0,190,16.52,0.04,2.78,23.972,0.04866949983654726,-1.6449082594787168e-05,0.0920000000000023,-0.00017879437603029083,0.01793548387096774,0.0,0.0,-0.005543158463265683
28,5,1290745,0,190,16.41,0.05,2.78,24.018,0.048012422360247824,-1.0609721873797273e-05,0.09099999999999753,-0.00011659035026151166,0.01793548387096774,0.0,0.1098901098901129,-0.0075798670110537435
28,5,1290790,0,190,16.3,0.05,2.78,24.063,0.04797973193854139,-7.77209973491777e-06,0.09499999999999886,-8.181157615703013e-05,0.01793548387096774,0.0,0.0,0.005884275907159184
28,5,1290840,0,190,16.3,0.05,2.78,24.113,0.04857142857142794,-8.878669021674223e-06,0.09500000000000242,-9.345967391235787e-05,0.01793548387096774,0.0,-0.10526315789473419,0.003991672545207262
28,5,1290885,0,190,16.19,0.04,2.78,24.158,0.04835894083033609,-1.3559059020220587e-05,0.09100000000000108,-0.00014900064857385084,0.01793548387096774,0.0,0.0,-0.0035923540336746506
28,5,1290931,0,190,16.19,0.05,2.78,24.204,0.04824452435436354,-2.0185714372742412e-05,0.09199999999999875,-0.00021940993883415964,0.01793548387096774,0.0,0.10869565217391454,-0.0014213226828887475
28,5,1290977,0,190,16.08,0.05,2.78,24.25,0.048228179143510325,-2.6411145102193334e-05,0.09199999999999875,-0.00028707766415427926,0.01793548387096774,0.0,0.0,0.000710661341444336
28,5,1291023,0,190,16.08,0.05,2.78,24.296,0.04830990519777642,-3.003520921488745e-05,0.09199999999999875,-0.00032646966537921583,0.01793548387096774,-0.007012622720897707,0.0,0.008918799835126587
28,5,1291069,0,190,16.08,0.05,2.68,24.342,0.04904870872834196,-2.988921114752463e-05,0.09100000000000108,-0.00032845286975301404,0.01729032258064516,-0.007089684509039258,0.0,0.013902410110320926
28,5,1291114,0,190,15.97,0.05,2.68,24.387,0.04957502451781564,-2.634404519543665e-05,0.09100000000000108,-0.0002894950021476521,0.01729032258064516,0.0,0.0,0.009591585269911286
28,5,1291160,0,190,15.97,0.05,2.68,24.433,0.0499215429879039,-2.116855850797883e-05,0.09199999999999875,-0.00023009302726064256,0.01729032258064516,0.0,0.0,-0.0038731043108716882
28,5,1291206,0,190,15.86,0.05,2.68,24.479,0.04921869892121545,-1.6772938040339193e-05,0.0940000000000012,-0.00017843551106743597,0.01729032258064516,0.0,0.0,-0.01057222148803994
28,5,1291254,0,190,15.86,0.05,2.68,24.527,0.04892775416802813,-1.517816064959865e-05,0.0940000000000012,-0.00016146979414466444,0.01729032258064516,0.0,-0.10638297872340292,-0.007407510450501716
28,5,1291300,0,190,15.75,0.04,2.68,24.573,0.04852239293886828,-1.7160971969784723e-05,0.09199999999999875,-0.0001865323040194017,0.01729032258064516,0.0,0.0,-0.015776681780064486
28,5,1291346,0,190,15.75,0.05,2.68,24.619,0.04747629944426222,-2.191714668688238e-05,0.09299999999999997,-0.0002356682439449719,0.01729032258064516,0.0,0.10752688172043016,-0.029386228544713452
28,5,1291393,0,190,15.64,0.05,2.68,24.666,0.04578947368420993,-2.737067605408461e-05,0.09299999999999997,-0.0002943083446675765,0.01729032258064516,0.0,0.0,-0.021793614470959722
28,5,1291439,0,190,15.64,0.05,2.68,24.712,0.04544949329846296,-3.101666669307113e-05,0.09199999999999875,-0.0003371376814464299,0.01729032258064516,-0.007012622720897707,0.0,-0.008279204627826647
28,5,1291485,0,190,15.53,0.05,2.58,24.758,0.04502778685844989,-3.0965792898407954e-05,0.09100000000000108,-0.0003402834384440394,0.01664516129032258,-0.007089684509039258,-0.10989010989010861,-0.015950051909515414
28,5,1291530,0,190,15.53,0.04,2.58,24.803,0.04399803857469704,-2.6742443715129573e-05,0.09100000000000108,-0.00029387300785856324,0.01664516129032258,0.0,-0.10989010989010861,-0.019398711781843006
28,5,1291576,0,190,15.53,0.04,2.58,24.849,0.04326250408630215,-1.9485547286213656e-05,0.09199999999999875,-0.00021179942702406437,0.01664516129032258,0.0,0.0,-0.012791904145998201
28,5,1291622,0,190,15.42,0.04,2.58,24.895,0.042821183393265225,-1.1495769284337154e-05,0.0940000000000012,-0.00012229541791847882,0.01664516129032258,0.0,0.0,-0.0062598679863393805
28,5,1291670,0,190,15.42,0.04,2.58,24.943,0.042674076495586244,-5.373756680485453e-06,0.0940000000000012,-5.7167624260482815e-05,0.01664516129032258,0.0,0.0,-1.4763604050866256e-16
28,5,1291716,0,190,15.31,0.04,2.58,24.989,0.04282118339326521,-3.113788184391897e-06,0.09199999999999875,-3.384552374339064e-05,0.01664516129032258,0.0,0.0,0.012472106542348193
28,5,1291762,0,190,15.31,0.04,2.58,25.035,0.04382151029748226,-5.45110926607606e-06,0.09199999999999875,-5.925118767474059e-05,0.01664516129032258,0.0,0.10869565217391454,0.011761445200904082
28,5,1291808,0,190,15.2,0.05,2.58,25.081,0.04390323635174837,-1.1628558453706806e-05,0.09199999999999875,-0.00012639737449681481,0.01664516129032258,0.0,0.10869565217391454,0.0076751424875989805
28,5,1291854,0,190,15.2,0.05,2.58,25.127,0.04452762340634136,-1.963245292291571e-05,0.09199999999999875,-0.00021339622742299973,0.01664516129032258,0.0,-0.10869565217391454,0.013751296956948073
28,5,1291900,0,190,15.09,0.04,2.58,25.173,0.04516835567178758,-2.6848838578778623e-05,0.09299999999999997,-0.00028869718901912504,0.01664516129032258,0.0,-0.10752688172043016,0.014306453370452665
28,5,1291947,0,190,15.2,0.04,2.58,25.22,0.045858123569793456,-3.097479402251979e-05,0.09299999999999997,-0.0003330623013174172,0.01664516129032258,-0.006937218175511618,0.10752688172043016,0.009701673538685354
28,5,1291993,0,190,14.98,0.05,2.48,25.266,0.046070611310885315,-3.0885514601554755e-05,0.0920000000000023,-0.0003357121152342824,0.016,-0.007012622720897435,0.10869565217391035,0.005507625396193486
28,5,1292039,0,190,14.98,0.05,2.48,25.312,0.04636482510624327,-2.709049147140785e-05,0.0940000000000012,-0.00028819671778093094,0.016,0.0,0.0,0.0034777044368551704
28,5,1292087,0,190,14.87,0.05,2.48,25.36,0.046397515527949705,-2.1531026126947683e-05,0.09399999999999764,-0.0002290534694356194,0.016,0.0,0.0,-0.002086622662113181
28,5,1292133,0,190,14.87,0.05,2.48,25.406,0.046168682576004635,-1.6772662408678583e-05,0.0920000000000023,-0.00018231154792041482,0.016,0.0,0.0,-0.007817274755887546
28,5,1292179,0,190,14.87,0.05,2.48,25.452,0.04567832625040803,-1.4942673475546897e-05,0.09100000000000108,-0.00016420520302798592,0.016,0.0,-0.10989010989010861,-0.013650945327963689
28,5,1292224,0,190,14.76,0.04,2.48,25.497,0.044926446551159925,-1.68628092791856e-05,0.09099999999999753,-0.00018530559647457205,0.016,0.0,-0.1098901098901129,-0.025541637179427697
28,5,1292270,0,190,14.76,0.04,2.48,25.543,0.043354037267080175,-2.1715750650297405e-05,0.09199999999999875,-0.00023604076793801848,0.016,0.0,0.0,-0.017766533536108704
28,5,1292316,0,190,14.76,0.04,2.48,25.589,0.04329192546583795,-2.7367160469099706e-05,0.0920000000000023,-0.000297469135533685,0.016,0.0,0.0,-0.0004619298719387063
28,5,1292362,0,190,14.65,0.04,2.48,25.635,0.04331153971886181,-3.122651892748207e-05,0.0920000000000023,-0.0003394186839943618,0.016,-0.007012622720897454,0.0,-0.0142132268288864
28,5,1292408,0,190,14.65,0.04,2.38,25.681,0.041984308597580365,-3.131212710756293e-05,0.09199999999999875,-0.000340349207690906,0.015354838709677418,-0.007012622720897725,0.10869565217391454,-0.021888369316485853
28,5,1292454,0,190,14.54,0.05,2.38,25.727,0.04129780974174514,-2.7071481502242367e-05,0.10200000000000031,-0.0002654066813945322,0.015354838709677418,0.0,0.0,-0.007179073002198486
28,5,1292510,0,190,14.54,0.04,2.38,25.783,0.04125204315135612,-1.9604931896177735e-05,0.10200000000000031,-0.00019220521466840857,0.015354838709677418,0.0,-0.09803921568627423,0.0002243460313185794
28,5,1292556,0,190,14.54,0.04,2.38,25.829,0.04132069303693964,-1.1233338248743951e-05,0.09199999999999875,-0.00012210150270374026,0.015354838709677418,0.0,0.0,-0.0029847776340662115
28,5,1292602,0,190,14.43,0.04,2.38,25.875,0.04097744360902203,-4.648569829878823e-06,0.09199999999999875,-5.0527932933466156e-05,0.015354838709677418,0.0,0.0,0.003944170445016084
28,5,1292648,0,190,14.43,0.04,2.38,25.921,0.04168355671788111,-2.003201773004282e-06,0.09199999999999875,-2.177393231526423e-05,0.015354838709677418,0.0,0.0,0.01730460366416983
28,5,1292694,0,190,14.32,0.04,2.38,25.967,0.04256946714612563,-4.2300546526892195e-06,0.0920000000000023,-4.597885492053385e-05,0.015354838709677418,0.0,0.10869565217391035,0.011761445200903553
28,5,1292740,0,190,14.32,0.05,2.38,26.013,0.042765609676364266,-1.0753953147002448e-05,0.0920000000000023,-0.00011689079507611065,0.015354838709677418,0.0,0.0,0.0028426453657772344
28,5,1292786,0,190,14.32,0.04,2.38,26.059,0.042830990519777144,-1.965118083623585e-05,0.09199999999999875,-0.00021359979169821867,0.015354838709677418,0.0,-0.10869565217391454,-0.0060761544693491674
28,5,1292832,0,190,14.21,0.04,2.38,26.105,0.04220660346518415,-2.822484950351756e-05,0.09199999999999875,-0.00030679184242954284,0.015354838709677418,0.0,0.10869565217391454,-0.01161931293261499
28,5,1292878,0,190,14.21,0.05,2.38,26.151,0.04176201372997658,-3.3858984859627126e-05,0.0940000000000012,-0.00036020196659177335,0.015354838709677418,-0.0068634179821550215,0.0,-0.0019475144846389692
28,5,1292926,0,190,14.1,0.04,2.28,26.199,0.042023537103628085,-3.488555171451102e-05,0.09499999999999886,-0.0003672163338369625,0.014709677419354838,-0.006791171477079873,-0.10526315789473813,0.0070542488945475055
28,5,1292973,0,190,14.1,0.04,2.28,26.246,0.042432167374958585,-3.11257238594016e-05,0.09299999999999997,-0.00033468520278926464,0.014709677419354838,0.0,0.0,0.00435872289419202
28,5,1293019,0,190,13.99,0.04,2.28,26.292,0.04242889833278794,-2.386572248479668e-05,0.0920000000000023,-0.0002594100270086531,0.014709677419354838,0.0,0.10869565217391035,0.007248745682732175
28,5,1293065,0,190,13.99,0.05,2.28,26.338,0.04309905197776996,-1.529525008842336e-05,0.09199999999999875,-0.0001662527183524301,0.014709677419354838,0.0,0.0,0.006005088335204697
28,5,1293111,0,190,13.99,0.04,2.28,26.384,0.04298136645962677,-7.692679103327826e-06,0.09099999999999753,-8.453493520140697e-05,0.014709677419354838,0.0,-0.1098901098901129,0.00445451900175657
28,5,1293156,0,190,13.88,0.04,2.28,26.429,0.0435044132069298,-2.70812041986046e-06,0.09100000000000108,-2.9759565053411295e-05,0.014709677419354838,0.0,0.0,0.00247872428323559
28,5,1293202,0,190,13.88,0.04,2.28,26.475,0.04320693036940121,-9.780288897403012e-07,0.0920000000000023,-1.0630748801524746e-05,0.014709677419354838,0.0,0.0,0.003873104310871614
28,5,1293248,0,190,13.88,0.04,2.28,26.521,0.043860738803529996,-2.1324565331557466e-06,0.09199999999999875,-2.3178875360388864e-05,0.014709677419354838,0.0,0.10869565217391454,0.00867006836562105
28,5,1293294,0,190,13.77,0.05,2.28,26.567,0.044004576659038334,-5.124382733001642e-06,0.09399999999999764,-5.451470992555075e-05,0.014709677419354838,0.0,0.10638297872340695,0.009181139713298144
28,5,1293342,0,190,13.77,0.05,2.28,26.615,0.04472376593658,-8.733378114465395e-06,0.0940000000000012,-9.290827781346047e-05,0.014709677419354838,0.0,-0.10638297872340292,0.02142265933102822
28,5,1293388,0,190,13.66,0.04,2.28,26.661,0.04601830663615501,-1.2051403895105839e-05,0.0920000000000023,-0.00013099352059897323,0.014709677419354838,-0.007012622720897417,0.0,0.018868058615346715
28,5,1293434,0,190,13.66,0.05,2.18,26.707,0.04645962732919194,-1.4747826026548783e-05,0.09199999999999875,-0.00016030245681031505,0.01406451612903226,0.0,0.10869565217391454,0.006395952072999101
28,5,1293480,0,190,13.66,0.05,2.28,26.753,0.04660673422687092,-1.6980838471642557e-05,0.09199999999999875,-0.00018457433121350856,0.014709677419354838,0.0,-0.10869565217391454,0.0
28,5,1293526,0,190,13.55,0.04,2.18,26.799,0.04645962732919194,-1.9004749676561073e-05,0.09199999999999875,-0.0002065733660495797,0.01406451612903226,0.0,0.0,0.003411174438932964
28,5,1293572,0,190,13.55,0.05,2.28,26.845,0.04692056227525275,-2.0734045461817896e-05,0.09199999999999875,-0.00022537005936758888,0.014709677419354838,0.0070126227208976875,0.0,0.0011015250792387398
28,5,1293618,0,190,13.55,0.04,2.28,26.891,0.046560967636481904,-2.159154157926979e-05,0.0920000000000023,-0.00023469066933988315,0.014709677419354838,-0.007012622720897417,0.0,-0.010659920121664931
28,5,1293664,0,190,13.44,0.05,2.18,26.937,0.04593984962405955,-2.0786942379217078e-05,0.0920000000000023,-0.00022594502586104954,0.01406451612903226,-0.007012622720897417,0.10869565217391035,-0.022421365322568335
28,5,1293710,0,190,13.44,0.05,2.18,26.983,0.044498202026805565,-1.7852157374211418e-05,0.09399999999999764,-0.00018991656781076454,0.01406451612903226,0.0,0.0,-0.024204822880513344
28,5,1293758,0,190,13.33,0.05,2.18,27.031,0.043664596273291355,-1.3067818819521015e-05,0.0940000000000012,-0.00013901934914383883,0.01406451612903226,0.0,-0.10638297872340292,-0.011267762375410974
28,5,1293804,0,190,13.33,0.04,2.18,27.077,0.04343903236351692,-7.515951804960785e-06,0.09100000000000108,-8.259287697759006e-05,0.01406451612903226,0.0,-0.10989010989010861,-0.0040593600580523265
28,5,1293849,0,190,13.33,0.04,2.18,27.122,0.04329519450800859,-2.760389549415265e-06,0.09099999999999753,-3.0333951092476266e-05,0.01406451612903226,0.0,0.0,-0.01181884477079002
28,5,1293895,0,190,13.22,0.04,2.18,27.168,0.04236351748937506,-3.4111960313421006e-07,0.09199999999999875,-3.707821773197986e-06,0.01406451612903226,0.0,0.0,-0.01901019088363631
28,5,1293941,0,190,13.22,0.04,2.18,27.214,0.04154625694671407,-1.2853028749542083e-06,0.0920000000000023,-1.3970683423414959e-05,0.01406451612903226,0.0,0.0,-0.012791904145997707
28,5,1293987,0,190,13.11,0.04,2.18,27.26,0.04118666230794324,-5.771777350402907e-06,0.0920000000000023,-6.273671033046481e-05,0.01406451612903226,0.0,0.0,-0.01264977187770892
28,5,1294033,0,190,13.11,0.04,2.18,27.306,0.04038247793396482,-1.302358216339794e-05,0.09299999999999997,-0.0001400385178859994,0.01406451612903226,0.0,0.0,-0.0007030198216439246
28,5,1294080,0,190,13.11,0.04,2.18,27.353,0.041121281464530354,-2.1456217660370314e-05,0.09199999999999875,-0.00023321975717794136,0.01406451612903226,0.0,0.0,0.007497477152237916
28,5,1294125,0,190,13.11,0.04,2.18,27.398,0.0410722458319707,-2.905298466342554e-05,0.09299999999999997,-0.0003123976845529629,0.01406451612903226,-0.006937218175511636,0.10752688172043016,0.006186574430466029
28,5,1294173,0,190,13.0,0.05,2.08,27.446,0.041696632886563695,-3.3868207449723186e-05,0.0940000000000012,-0.0003603000792523697,0.013419354838709678,0.0,0.0,0.014849797945371817
28,5,1294219,0,190,13.0,0.04,2.18,27.492,0.04246812683883567,-3.4516288292980146e-05,0.09299999999999997,-0.0003711428848707544,0.01406451612903226,0.0,-0.10752688172043016,0.012513752825260753
28,5,1294266,0,190,13.0,0.04,2.08,27.539,0.042860411899312945,-3.052683866134531e-05,0.09299999999999997,-0.0003282455770037131,0.013419354838709678,-0.006937218175511636,0.0,0.00435872289419202
28,5,1294312,0,190,12.89,0.04,2.08,27.585,0.04287348806799553,-2.2501143277628087e-05,0.09099999999999753,-0.0002472653107431725,0.013419354838709678,0.0,0.0,0.008046873035431513
28,5,1294357,0,190,12.89,0.04,2.08,27.63,0.04359267734553719,-1.2043496506873641e-05,0.09099999999999753,-0.0001323461154601535,0.013419354838709678,0.0,0.1098901098901129,0.01081951719415583
28,5,1294403,0,190,12.89,0.05,2.08,27.676,0.04385806413266368,-1.4760023318975968e-06,0.0920000000000023,-1.6043503607582172e-05,0.013419354838709678,0.0,0.10869565217391035,0.005294247533831732
28,5,1294449,0,190,12.78,0.05,2.08,27.722,0.044079748118649724,6.604792673965854e-06,0.0920000000000023,7.179122471701835e-05,0.013419354838709678,0.0,0.0,0.0043052438336487805
28,5,1294495,0,190,12.78,0.05,2.08,27.768,0.04425414656535938,9.844393911973448e-06,0.09199999999999875,0.00010700428165188676,0.013419354838709678,0.0,-0.10869565217391454,0.003238354521808907
28,5,1294541,0,190,12.78,0.04,2.08,27.814,0.04437767673465614,6.65001012252997e-06,0.09399999999999764,7.074478853755464e-05,0.013419354838709678,0.0,-0.10638297872340695,0.0020490353515331223
28,5,1294589,0,190,12.67,0.04,2.08,27.862,0.04444675588840349,-3.346328333455162e-06,0.09499999999999886,-3.5224508773212654e-05,0.013419354838709678,0.0,0.0,0.0008434163558818052
28,5,1294636,0,190,12.67,0.04,2.08,27.909,0.04445780128846491,-1.8974416928894568e-05,0.0920000000000023,-0.00020624366227058798,0.013419354838709678,0.0,0.0,-0.00042962708369128234
28,5,1294681,0,190,12.56,0.04,2.08,27.954,0.04440723019670389,-3.750867123262225e-05,0.09100000000000108,-0.0004121832003584813,0.013419354838709678,0.0,0.10989010989010861,-0.0018279276206703062
28,5,1294727,0,190,12.56,0.05,2.08,28.0,0.04429145987498391,-5.509904373559005e-05,0.09199999999999875,-0.0005989026492999,0.013419354838709678,0.0,0.10869565217391454,-0.003264376212341547
28,5,1294773,0,190,12.56,0.05,2.08,28.046,0.04410690758516847,-6.769145377443753e-05,0.09199999999999875,-0.0007357766714612874,0.013419354838709678,-0.007012622720897725,-0.10869565217391454,-0.004798579194161674
28,5,1294819,0,190,12.56,0.04,1.98,28.092,0.04384999058912104,0.0,0.0,0.0,0.012774193548387096,0.0,0.0,0.0
