MS,MPT,t (ms),PWMi,PWMe,Pressure (Psi),LW raw(V),Displacement (mm),t_rel(s),LW (V),delta d (m),delta t (s),vel (m/s),strain,strain rate (1/s),dv/dt raw,dv/dt
28,3,1210559,0,190,12.67,0.04,2.08,0.0,-0.03061264822134366,0.0,0.0,0.0,0.0,0.0,0.0,0.0
28,3,1210601,255,0,12.56,0.05,1.98,0.042,0.03275550536420116,0.002713205266489,0.084,0.032300062696297614,0.012774193548387096,0.0,0.0,1.4754365444950588
28,3,1210643,255,0,15.97,0.04,2.08,0.084,0.09332402151624129,0.003162073238600571,0.08399999999999999,0.03764372903095919,0.013419354838709678,0.18356374807987713,0.23809523809523817,1.406528980082428
28,3,1210685,255,0,32.93,0.07,4.37,0.126,0.15090393969112512,0.003735924861673883,0.084,0.04447529597230813,0.028193548387096774,0.46543778801843316,1.3095238095238093,1.333122355106663
28,3,1210727,255,0,47.91,0.15,8.14,0.168,0.205306299345201,0.004242414978121095,0.08399999999999999,0.05050494021572733,0.052516129032258066,0.5637480798771123,2.0238095238095237,1.2552166695677642
28,3,1210769,255,0,58.04,0.24,11.71,0.21,0.2563421399348173,0.004513268240035636,0.08399999999999999,0.05372938380994806,0.0755483870967742,0.4877112135176652,2.023809523809524,1.1728119234657317
28,3,1210811,255,0,64.76,0.32,14.49,0.252,0.30382250091632246,0.004454209681024442,0.08399999999999999,0.05302630572648146,0.09348387096774194,0.35791090629800326,1.7857142857142863,1.085908116800566
28,3,1210853,255,0,69.49,0.39,16.37,0.294,0.3475584217460648,0.004064466227202629,0.08600000000000002,0.04726123520003056,0.10561290322580646,0.24531132783195805,1.395348837209302,0.9713772205124452
28,3,1210897,255,0,73.13,0.44,17.76,0.338,0.3873609418803928,0.00342415834393255,0.08500000000000002,0.04028421581097117,0.11458064516129034,0.18064516129032243,0.9411764705882346,0.8880315179951742
28,3,1210938,255,0,75.77,0.47,18.75,0.379,0.42304110077565465,0.0026600342115007435,0.08299999999999996,0.032048604957840295,0.12096774193548387,0.13136416634279044,0.4819277108433735,0.8078192290096398
28,3,1210980,255,0,77.86,0.48,19.45,0.421,0.45440993788819284,0.0019050115054644152,0.08400000000000002,0.02267870839838589,0.12548387096774194,0.09907834101382476,0.23809523809523825,0.7298030508229156
28,3,1211022,255,0,79.74,0.49,20.04,0.463,0.4843445570447796,0.0012649760684593971,0.08400000000000002,0.015059238910230914,0.12929032258064516,0.09139784946236551,0.23809523809523825,0.6296797895359425
28,3,1211064,255,0,81.39,0.5,20.64,0.505,0.507303040209212,0.0008003316752738599,0.08300000000000002,0.009642550304504333,0.13316129032258064,0.07695297318305482,0.2409638554216869,0.4330496224847035
28,3,1211105,255,0,82.82,0.51,21.03,0.546,0.52028767571101,0.0005233372369577154,0.08299999999999996,0.0063052679151532,0.1356774193548387,0.05363389040031079,0.12048192771084354,0.21315730394608723
28,3,1211147,255,0,84.14,0.51,21.33,0.588,0.5249950964367373,0.00040760284138872293,0.08399999999999996,0.0048524147784371795,0.13761290322580644,0.05376344086021508,0.0,0.06199504973613971
28,3,1211189,255,0,85.35,0.51,21.73,0.63,0.5254952598888457,0.0004040324106239197,0.08400000000000007,0.004809909650284754,0.14019354838709677,0.05376344086021534,0.11904761904761904,-0.009145534644064549
28,3,1211231,255,0,86.67,0.52,22.03,0.672,0.5242268715266358,0.0004576110357857033,0.08599999999999997,0.005321058555647715,0.14212903225806453,0.04426106526631649,0.11627906976744201,-0.035275245748344154
28,3,1211275,255,0,87.78,0.52,22.32,0.716,0.5224615887544881,0.0005208733383191735,0.08499999999999996,0.006127921627284397,0.144,0.044781783681214334,0.0,-0.03338268946022236
28,3,1211316,255,0,88.77,0.52,22.62,0.757,0.5213893429225169,0.000561854228179861,0.08300000000000007,0.006769328050359766,0.14593548387096775,0.0466381655654881,0.0,-0.015399945647250194
28,3,1211358,255,0,89.76,0.52,22.92,0.799,0.5211833932657663,0.0005662174169291241,0.08399999999999996,0.006740683534870528,0.1478709677419355,0.03840245775729658,0.0,-0.0054094864490409735
28,3,1211400,255,0,90.64,0.52,23.12,0.841,0.5209349460607975,0.0005346859430738177,0.08299999999999996,0.006441999314142385,0.14916129032258066,0.031092110376991663,0.0,-0.0073258053462620315
28,3,1211441,255,0,91.41,0.52,23.32,0.882,0.5205753514220266,0.00047769411952449303,0.08300000000000007,0.00575535083764449,0.1504516129032258,0.030314807617567,0.0,-0.007837823999495633
28,3,1211483,255,0,92.18,0.52,23.51,0.924,0.5202844066688393,0.00040934564201780435,0.08399999999999996,0.004873162404973864,0.15167741935483872,0.022273425499231992,0.0,0.00307445632715305
28,3,1211525,255,0,92.95,0.52,23.61,0.966,0.5208336057535075,0.0003423965149838182,0.08399999999999996,0.004076148987902599,0.1523225806451613,0.02304147465437775,0.0,0.008989865969270093
28,3,1211567,255,0,93.72,0.52,23.81,1.008,0.521039555410258,0.0002852653309047639,0.08299999999999996,0.0034369316976477597,0.15361290322580645,0.02331908278274375,0.0,0.004174921326364628
28,3,1211608,255,0,94.38,0.52,23.91,1.049,0.5211801242235957,0.00024125345328279834,0.08499999999999996,0.0028382759209740994,0.15425806451612903,0.022770398481973306,0.0,0.008345672365056244
28,3,1211652,255,0,94.93,0.52,24.11,1.093,0.5217489375612878,0.00020947851225405146,0.08600000000000008,0.0024357966541168753,0.15554838709677418,0.022505626406601816,0.0,0.017827683465488298
28,3,1211694,255,0,95.37,0.52,24.21,1.135,0.5227133050016277,0.00018666430660379873,0.08400000000000007,0.002222194126235697,0.1561935483870968,0.015360983102918481,0.0,0.014360435249614414
28,3,1211736,255,0,95.82,0.52,24.31,1.177,0.5229552141222554,0.00016894604452949124,0.08400000000000007,0.002011262434874894,0.15683870967741934,0.015360983102918481,0.0,0.007511013558742475
28,3,1211778,255,0,96.26,0.52,24.41,1.219,0.5233442301405621,0.00015314928609096512,0.08399999999999985,0.001823205786797207,0.15748387096774194,0.007680491551459591,0.11904761904761936,0.01727922290197436
28,3,1211820,255,0,96.48,0.53,24.41,1.261,0.5244066688460213,0.00013738607159484673,0.08199999999999985,0.001675439897498134,0.15748387096774194,0.007867820613689975,0.12195121951219545,0.023122493402114683
28,3,1211860,255,0,96.7,0.53,24.51,1.301,0.5252402745995355,0.00012108991171038142,0.08200000000000007,0.0014767062403705038,0.15812903225806452,0.015735641227379908,0.0,0.01072405297443096
28,3,1211902,255,0,96.92,0.53,24.61,1.343,0.5252860411899246,0.00010470256419731073,0.08400000000000007,0.0012464590975870314,0.1587741935483871,0.0076804915514592405,-0.11904761904761904,0.00206260994100223
28,3,1211944,255,0,96.92,0.52,24.61,1.385,0.5254135338345797,8.91955255397967e-05,0.08600000000000008,0.0010371572737185653,0.1587741935483871,0.0,0.0,0.003535126998486906
28,3,1211988,255,0,96.92,0.53,24.61,1.429,0.5255900621117945,7.557585224499874e-05,0.08600000000000008,0.0008787889795930079,0.1587741935483871,0.007501875468867165,0.11627906976744186,0.010795441586777607
28,3,1212030,255,0,97.03,0.53,24.71,1.471,0.5263419418110425,6.451422069167733e-05,0.08399999999999985,0.0007680264368056838,0.15941935483870967,0.00768049155145926,-0.11904761904761936,0.014010180731330205
28,3,1212072,255,0,97.03,0.52,24.71,1.513,0.5267669172932262,5.618166574668138e-05,0.08399999999999985,0.0006688293541271604,0.15941935483870967,0.0,-0.11904761904761936,0.006226746991703342
28,3,1212114,255,0,97.14,0.52,24.71,1.555,0.5268649885583456,5.02846325521098e-05,0.09000000000000008,0.0005587181394678862,0.15941935483870967,0.006451612903225916,0.1111111111111111,-0.0014529076313965173
28,3,1212162,255,0,97.03,0.53,24.8,1.603,0.5266361556064005,4.621451820873901e-05,0.09000000000000008,0.0005134946467637663,0.16,0.006451612903225916,0.1111111111111111,-0.008717445788384038
28,3,1212204,255,0,97.03,0.53,24.8,1.645,0.5260804184373911,4.3215986292214125e-05,0.08400000000000007,0.0005144760272882629,0.16,0.0,-0.11904761904761904,-0.023778390074565975
28,3,1212246,255,0,97.03,0.52,24.8,1.687,0.524638770840137,4.051722585042228e-05,0.08200000000000007,0.000494112510371003,0.16,0.0,-0.12195121951219512,-0.024358350808091973
28,3,1212286,255,0,97.03,0.52,24.8,1.727,0.5240830336711275,3.7426824734566824e-05,0.08199999999999985,0.0004564246918849621,0.16,0.007867820613689975,0.12195121951219545,-0.0027507793874920923
28,3,1212328,255,0,97.03,0.53,24.9,1.769,0.5244132069303626,3.343553938204025e-05,0.08199999999999985,0.00040775048026878423,0.16064516129032258,0.0,0.12195121951219545,0.0014351892456484602
28,3,1212368,255,0,97.03,0.53,24.8,1.809,0.5242007191892707,2.833656584198252e-05,0.08200000000000007,0.00034556787612173773,0.16,0.0,0.0,-0.011800444908666288
28,3,1212410,255,0,97.14,0.53,24.9,1.851,0.523445570447852,2.2329485196863175e-05,0.08299999999999996,0.0002690299421308818,0.16064516129032258,0.007773027594247916,-0.12048192771084354,-0.007522735597504699
28,3,1212451,255,0,97.03,0.52,24.9,1.892,0.5235763321346778,1.604545224472176e-05,0.08299999999999996,0.00019331870174363574,0.16064516129032258,0.0,-0.12048192771084354,0.0070894890447708294
28,3,1212493,255,0,97.03,0.52,24.9,1.934,0.524033998038568,1.0437522047386238e-05,0.08400000000000007,0.00012425621484983605,0.16064516129032258,0.0,0.0,0.004047385544605905
28,3,1212535,255,0,97.03,0.52,24.9,1.976,0.5239163125204247,6.5280497885140675e-06,0.08299999999999996,7.865120227125385e-05,0.16064516129032258,0.0,0.0,-0.003426586371639814
28,3,1212576,255,0,97.03,0.52,24.9,2.017,0.5237495913697219,5.081371677395197e-06,0.08300000000000018,6.122134551078536e-05,0.16064516129032258,0.0,0.0,0.0058685214870595834
28,3,1212618,255,0,97.03,0.52,24.9,2.059,0.5244033998038506,6.320698477672693e-06,0.08400000000000007,7.524641044848437e-05,0.16064516129032258,0.0,0.11904761904761904,0.018680240975108654
28,3,1212660,255,0,97.03,0.53,24.9,2.101,0.525318731611631,9.798009062205181e-06,0.08299999999999974,0.00011804830195427966,0.16064516129032258,0.0,0.12048192771084386,0.014336522290535832
28,3,1212701,255,0,96.92,0.53,24.9,2.142,0.5255933311539651,1.4473632335068488e-05,0.08499999999999996,0.00017027802747139405,0.16064516129032258,0.0,-0.11764705882352956,0.005115089514065424
28,3,1212745,255,0,96.92,0.52,24.9,2.186,0.5257535142203266,1.8996645407330704e-05,0.0860000000000003,0.00022089122566663533,0.16064516129032258,0.0,0.0,0.01900605913165012
28,3,1212787,255,0,97.03,0.53,24.9,2.228,0.527227852239287,2.2104118691313346e-05,0.08400000000000007,0.00026314427013468246,0.16064516129032258,0.0076804915514592405,0.11904761904761904,0.027086349413908077
28,3,1212829,255,0,96.92,0.53,25.0,2.27,0.5280287675710948,2.2989535741110955e-05,0.08399999999999963,0.00027368494929894116,0.16129032258064516,0.00768049155145928,0.0,0.02179361447095977
28,3,1212871,255,0,97.03,0.53,25.0,2.312,0.5290585158548476,2.148446818911509e-05,0.08300000000000018,0.00025884901432668726,0.16129032258064516,-0.007773027594247895,0.0,0.023434699897988465
28,3,1212912,255,0,96.92,0.53,24.9,2.353,0.5299738476626279,1.800731280060219e-05,0.08300000000000018,0.0002169555759108693,0.16064516129032258,0.0,0.0,0.009807126511931661
28,3,1212954,255,0,96.92,0.53,25.0,2.395,0.529872507355338,1.3399821433036862e-05,0.08399999999999963,0.00015952168372663,0.16129032258064516,0.0,0.0,-0.004164137050699795
28,3,1212996,255,0,96.92,0.53,24.9,2.437,0.5296240601503691,8.832144794489239e-06,0.08300000000000018,0.00010641138306613518,0.16064516129032258,0.0,0.0,-0.008152912401485229
28,3,1213037,255,0,96.92,0.53,25.0,2.478,0.5291958156260147,5.830217114496605e-06,0.08300000000000018,7.024357969273003e-05,0.16129032258064516,0.007773027594247895,0.0,-0.006144223838800656
28,3,1213079,255,0,96.92,0.53,25.0,2.52,0.5291140895717487,6.280048121741544e-06,0.08599999999999985,7.302381536908785e-05,0.16129032258064516,0.0,0.0,0.002128678622745031
28,3,1213123,255,0,96.92,0.53,25.0,2.564,0.5293788819875708,1.217112928750197e-05,0.08599999999999985,0.0001415247591569999,0.16129032258064516,0.0,0.0,0.004067296654173173
28,3,1213165,255,0,96.92,0.53,25.0,2.606,0.5294638770840076,2.4923956395586088e-05,0.08299999999999974,0.0003002886312721225,0.16129032258064516,0.007773027594248271,-0.12048192771084386,-0.017329862109437773
28,3,1213206,255,0,96.92,0.52,25.1,2.647,0.5279405034324874,4.434114322211258e-05,0.08300000000000018,0.0005342306412302708,0.16193548387096776,0.00777302759424823,0.0,-0.02800348172684109
28,3,1213248,255,0,96.92,0.53,25.1,2.689,0.5271395881006797,6.74426034559481e-05,0.08400000000000007,0.0008028881363803339,0.16193548387096776,-0.007680491551459571,0.11904761904761904,-0.010468718379800332
28,3,1213290,255,0,96.92,0.53,25.0,2.731,0.5270611310885842,8.764923019642267e-05,0.08400000000000007,0.0010434432166240785,0.16129032258064516,0.0,-0.11904761904761904,-0.003619296688928392
28,3,1213332,255,0,96.92,0.52,25.1,2.773,0.5268355671788097,9.488264721852957e-05,0.08300000000000018,0.001143164424319631,0.16193548387096776,0.00777302759424823,0.0,-0.006813786693028401
28,3,1213373,255,0,96.92,0.53,25.1,2.814,0.5264955867930629,7.700281417796972e-05,0.08299999999999974,0.0009277447491321682,0.16193548387096776,0.0,0.12048192771084386,-0.009176949707952499
28,3,1213415,255,0,96.92,0.53,25.1,2.856,0.5260738803530497,2.2574395255375634e-05,0.08400000000000007,0.0002687428006592335,0.16193548387096776,0.0,0.0,-0.003969551207211316
28,3,1213457,255,0,96.92,0.53,25.1,2.898,0.5261621444916571,-7.559756747855673e-05,0.0860000000000003,-0.0008790414823087961,0.16193548387096776,0.0,-0.11627906976744155,-0.0017485574401112432
28,3,1213501,255,0,96.92,0.52,25.1,2.942,0.5259235044132001,-0.00021718282912778619,0.08499999999999996,-0.002555092107385721,0.16193548387096776,0.0,-0.11764705882352956,-0.002115262581003919
28,3,1213542,0,190,96.92,0.52,25.1,2.983,0.5259823471722718,-0.00039252592228501725,0.08299999999999974,-0.004729227979337572,0.16193548387096776,-0.007773027594248271,0.0,-0.0046869399795982526
28,3,1213584,0,190,94.05,0.52,25.0,3.025,0.5255344883948935,-0.0005833485379174519,0.08400000000000007,-0.006944625451398231,0.16129032258064516,-0.04531490015361001,0.11904761904761904,-0.008873114463176214
28,3,1213626,0,190,89.32,0.53,24.51,3.067,0.525237005557365,-0.0007661897252954546,0.08400000000000007,-0.009121306253517309,0.15812903225806452,-0.08371735791090622,0.11904761904761904,-0.025218325316395625
28,3,1213668,0,190,85.02,0.53,23.91,3.109,0.5234161490683162,-0.0009176846526729889,0.08299999999999974,-0.01105644159846978,0.15425806451612903,-0.08472600077730301,-0.12048192771084386,-0.04344281342434137
28,3,1213709,0,190,81.39,0.52,23.42,3.15,0.5216312520431446,-0.00101993197996849,0.08300000000000018,-0.012288337108054069,0.1510967741935484,-0.07695297318305433,-0.1204819277108432,-0.04100087830892002
28,3,1213751,0,190,78.41,0.52,22.92,3.192,0.5200130761686759,-0.0010642061866203499,0.08400000000000007,-0.012669121269289868,0.1478709677419355,-0.0844854070660523,0.0,-0.04942480424664176
28,3,1213793,0,190,75.88,0.52,22.32,3.234,0.5174795684864267,-0.0010520666656350707,0.08299999999999974,-0.0126755019956033,0.144,-0.08472600077730334,0.0,-0.06337215485019575
28,3,1213834,0,190,73.68,0.52,21.83,3.275,0.5147531873161096,-0.0009939002514602144,0.08499999999999996,-0.011692944134826057,0.14083870967741935,-0.0751423149905124,-0.11764705882352956,-0.06411168586427589
28,3,1213878,0,190,71.7,0.51,21.33,3.319,0.5120300751879633,-0.0009056267155290456,0.0860000000000003,-0.010530543203826076,0.13761290322580644,-0.06001500375093748,-0.11627906976744155,-0.07112067327063741
28,3,1213920,0,190,70.16,0.51,21.03,3.361,0.5086368094148348,-0.0008046306741224569,0.08400000000000007,-0.009578936596695908,0.1356774193548387,-0.05299539170506892,-0.11904761904761904,-0.0901321627048978
28,3,1213962,0,190,68.72,0.5,20.64,3.403,0.5044589735207519,-0.0007060341204158753,0.08299999999999974,-0.008506435185733465,0.13316129032258064,-0.053633890400310934,-0.12048192771084386,-0.11150190825413268
28,3,1214003,0,190,67.51,0.5,20.34,3.444,0.4993821510297418,-0.000620191054042845,0.08300000000000018,-0.0074721813740101645,0.13122580645161291,-0.04663816556548771,-0.1204819277108432,-0.1236721977809878
28,3,1214045,0,190,66.41,0.49,20.04,3.486,0.49419418110492985,-0.0005518093843886333,0.08400000000000007,-0.006569159337959915,0.12929032258064516,-0.0460829493087561,-0.11904761904761904,-0.1217329036877899
28,3,1214087,0,190,65.53,0.49,19.74,3.528,0.48915658711996746,-0.0005005743742862094,0.08299999999999974,-0.006031016557665192,0.1273548387096774,-0.03808783521181506,0.0,-0.1160313040327368
28,3,1214128,0,190,64.65,0.49,19.55,3.569,0.48456358287021273,-0.0004627772225632043,0.08300000000000018,-0.005575629187508473,0.12612903225806452,-0.038087835211814684,-0.1204819277108432,-0.12312079307750566
28,3,1214170,0,190,63.88,0.48,19.25,3.611,0.47893756129453446,-0.0004333202510596372,0.08599999999999985,-0.0050386075704609064,0.12419354838709677,-0.037509377344336084,-0.23255813953488433,-0.13292837756676734
28,3,1214214,0,190,63.22,0.47,19.05,3.655,0.47313174239947076,-0.00040752279540811286,0.08599999999999985,-0.004738637155908297,0.12290322580645162,-0.030007501875468738,-0.11627906976744216,-0.12718854770900787
28,3,1214256,0,190,62.67,0.47,18.85,3.697,0.4679993461915598,-0.0003823133236440199,0.08300000000000018,-0.0046061846222170974,0.12161290322580647,-0.031092110376991916,-0.12048192771084254,-0.12249061627352645
28,3,1214297,0,190,62.12,0.46,18.65,3.738,0.46296502124876804,-0.0003566155194859597,0.08299999999999974,-0.004296572523927239,0.12032258064516128,-0.031092110376992083,-0.12048192771084319,-0.1270593981023791
28,3,1214339,0,190,61.68,0.46,18.45,3.78,0.4574534161490624,-0.0003309743480636875,0.08400000000000007,-0.003940170810281991,0.11903225806451613,-0.02227342549923196,-0.11904761904761904,-0.12009838260246716
28,3,1214381,0,190,61.24,0.45,18.36,3.822,0.4528767571101608,-0.00030667600277584485,0.08400000000000007,-0.0036509047949505307,0.1184516129032258,-0.02227342549923196,-0.11904761904761904,-0.11542832235869066
28,3,1214423,0,190,60.79,0.45,18.16,3.864,0.44775743707093235,-0.0002847575348810949,0.08299999999999974,-0.003430813673266214,0.11716129032258064,-0.015546055188495873,-0.12048192771084386,-0.1196154346053701
28,3,1214464,0,190,60.46,0.44,18.16,3.905,0.4429486760379151,-0.0002653332714428522,0.0820000000000003,-0.003235771602961601,0.11716129032258064,-0.015735641227379863,-0.12195121951219479,-0.11409754502906008
28,3,1214505,0,190,60.13,0.44,17.96,3.946,0.4384014383785494,-0.00024753186744875676,0.08300000000000018,-0.002982311656009111,0.11587096774193549,-0.023319082782743854,-0.1204819277108432,-0.10701189852577854
28,3,1214547,0,190,59.8,0.43,17.86,3.988,0.43406668846027546,-0.0002300436643472956,0.08700000000000019,-0.002644180049968909,0.1152258064516129,-0.022246941045606206,-0.11494252873563204,-0.08739990906802196
28,3,1214592,0,190,59.47,0.43,17.66,4.033,0.43079764628963146,-0.0002119482603505709,0.08500000000000041,-0.002493508945300822,0.11393548387096775,-0.02277039848197335,0.0,-0.08176451358575312
28,3,1214632,0,190,59.14,0.43,17.56,4.073,0.4271167048054864,-0.0001933320723480385,0.08199999999999985,-0.0023577081993663273,0.11329032258064516,-0.01573564122737995,-0.12195121951219545,-0.09540021846769488
28,3,1214674,0,190,58.92,0.42,17.46,4.115,0.4229748283752805,-0.000175342994174315,0.08399999999999963,-0.002087416597313283,0.11264516129032259,-0.007680491551459116,-0.11904761904761968,-0.09433521692429801
28,3,1214716,0,190,58.7,0.42,17.46,4.157,0.4191925465838454,-0.0001596796532985607,0.08300000000000018,-0.0019238512445609681,0.11264516129032259,-0.007773027594248062,0.0,-0.08779150600440122
28,3,1214757,0,190,58.48,0.42,17.36,4.198,0.4156881333769152,-0.00014782782979579068,0.08300000000000018,-0.001781058190310727,0.112,-0.015546055188495958,-0.1204819277108432,-0.08208052871833643
28,3,1214799,0,190,58.26,0.41,17.26,4.24,0.4123798627002235,-0.00014043544571830326,0.08399999999999963,-0.0016718505442655223,0.11135483870967743,-0.00768049155145928,-0.11904761904761968,-0.0840610843879874
28,3,1214841,0,190,58.04,0.41,17.26,4.282,0.40862700228832427,-0.00013707169356689164,0.08399999999999963,-0.0016318058757963361,0.11135483870967743,-0.007680491551459446,0.0,-0.08526751661763064
28,3,1214883,0,190,57.82,0.41,17.16,4.324,0.40521739130434253,-0.0001364045764682551,0.08300000000000018,-0.001643428632147648,0.11070967741935483,-0.014768752429071169,-0.12048192771084254,-0.0794022773014248
28,3,1214924,0,190,57.71,0.4,17.07,4.365,0.402036613272306,-0.00013667045097056274,0.08499999999999996,-0.0016078876584772093,0.11012903225806452,-0.01442125237191659,-0.11764705882352891,-0.07349575986000621
28,3,1214968,0,190,57.49,0.4,16.97,4.409,0.398970251716242,-0.0001362244590485311,0.08599999999999941,-0.0015840053377736282,0.10948387096774193,-0.007501875468867384,-0.11627906976744276,-0.07781080608497952
28,3,1215010,0,190,57.38,0.39,16.97,4.451,0.3953448839489978,-0.00013396860918772545,0.08400000000000052,-0.0015948643950919599,0.10948387096774193,-0.007680491551459034,-0.11904761904761842,-0.07732841420320914
28,3,1215052,0,190,57.16,0.39,16.87,4.493,0.3924746649231724,-0.00012955013477819932,0.08300000000000018,-0.0015608449973276992,0.10883870967741936,-0.01554605518849579,0.0,-0.06817725298053856
28,3,1215093,0,190,57.05,0.39,16.77,4.534,0.3896861719516131,-0.00012332987895305437,0.0829999999999993,-0.0014859021560609087,0.10819354838709677,-0.0077730275942481455,0.0,-0.07432147681933934
28,3,1215135,0,190,56.83,0.39,16.77,4.576,0.3863059823471673,-0.00011617362478564175,0.08400000000000052,-0.0013830193426862029,0.10819354838709677,-0.007680491551459034,-0.11904761904761842,-0.07188001058546827
28,3,1215177,0,190,56.61,0.38,16.67,4.618,0.3836482510624337,-0.00010914196384333153,0.08300000000000018,-0.0013149634197991721,0.10754838709677421,-0.007773027594247728,-0.1204819277108432,-0.0701859415432238
28,3,1215218,0,190,56.5,0.38,16.67,4.659,0.3804805491990797,-0.0001031779595403961,0.0829999999999993,-0.001243107946269843,0.10754838709677421,-0.0077730275942481455,0.0,-0.07337621161337052
28,3,1215260,0,190,56.39,0.38,16.57,4.701,0.377558025498524,-9.888965530281979e-05,0.08400000000000052,-0.0011772578012240378,0.10690322580645162,-0.0076804915514593645,0.0,-0.06841638257133369
28,3,1215302,0,190,56.17,0.38,16.57,4.743,0.37473357306308763,-9.647559226895907e-05,0.0860000000000003,-0.0011218092124297527,0.10690322580645162,-0.007501875468867307,-0.11627906976744155,-0.062263849715287964
28,3,1215346,0,190,56.17,0.37,16.47,4.787,0.37220333442300924,-9.577750417649966e-05,0.08499999999999996,-0.0011267941667823494,0.10625806451612903,-0.007590132827324599,-0.11764705882352956,-0.06438090110185835
28,3,1215387,0,190,55.95,0.37,16.47,4.828,0.3692611964694297,-9.640470364691822e-05,0.08300000000000018,-0.0011615024535773255,0.10625806451612903,-0.007773027594247728,0.0,-0.060418201081540675
28,3,1215429,0,190,55.84,0.37,16.37,4.87,0.36718862373324135,-9.786884581539824e-05,0.08399999999999963,-0.0011651053073261745,0.10561290322580646,-0.007680491551459116,-0.11904761904761968,-0.05814225003502513
28,3,1215471,0,190,55.73,0.36,16.37,4.912,0.3643772474664876,-9.968515939267064e-05,0.08399999999999963,-0.001186728088007989,0.10561290322580646,-0.007680491551459446,-0.11904761904761968,-0.06713211600429592
28,3,1215513,0,190,55.51,0.36,16.27,4.954,0.3615495259888805,-0.00010142320031977903,0.08300000000000018,-0.0012219662689129977,0.10496774193548387,-0.007773027594248062,0.0,-0.06636549466909733
28,3,1215554,0,190,55.4,0.36,16.27,4.995,0.3588689114089525,-0.00010271553400546552,0.08300000000000018,-0.0012375365542827144,0.10496774193548387,-0.007773027594247895,-0.1204819277108432,-0.060851447634275885
28,3,1215596,0,190,55.29,0.35,16.17,5.037,0.3564988558352356,-0.00010324892827981102,0.08399999999999963,-0.0012291539080929938,0.1043225806451613,-0.00768049155145928,0.0,-0.05487320786438097
28,3,1215638,0,190,55.18,0.36,16.17,5.079,0.3542595619483445,-0.00010276604277776257,0.08300000000000018,-0.0012381450937079801,0.1043225806451613,-0.007773027594248062,0.0,-0.05454967959448042
28,3,1215679,0,190,55.07,0.35,16.07,5.12,0.3519712324288937,-0.00010109642995004008,0.08499999999999996,-0.001189369764118119,0.1036774193548387,-0.007590132827324599,-0.11764705882352956,-0.05249697132857699
28,3,1215723,0,190,54.96,0.35,16.07,5.164,0.3497973193854155,-9.821748318372948e-05,0.0860000000000003,-0.0011420637579503388,0.1036774193548387,-0.0075018754688671455,0.0,-0.047325087237810995
28,3,1215765,0,190,54.74,0.35,15.97,5.206,0.34790127492644196,-9.432514523815882e-05,0.08400000000000052,-0.00112291839569236,0.10303225806451613,-0.0076804915514592,0.0,-0.050631236476282745
28,3,1215807,0,190,54.63,0.35,15.97,5.248,0.3455442955214077,-8.987881137714204e-05,0.0829999999999993,-0.0010828772455077447,0.10303225806451613,-0.00699572483482318,-0.12048192771084383,-0.04730264634871532
28,3,1215848,0,190,54.52,0.34,15.88,5.289,0.3439751552794986,-8.558193170046025e-05,0.08300000000000018,-0.0010311076108489164,0.10245161290322581,-0.006995724834823106,-0.12048192771084254,-0.03721981748504208
28,3,1215890,0,190,54.41,0.34,15.88,5.331,0.3424550506701492,-8.227171005110457e-05,0.08400000000000052,-0.0009794251196560007,0.10245161290322581,-0.0076804915514593645,0.0,-0.04440448948458077
28,3,1215932,0,190,54.3,0.34,15.78,5.373,0.3402451781627938,-8.071758078834357e-05,0.08399999999999963,-0.0009609235808136181,0.10180645161290322,-0.007680491551459446,0.0,-0.052616012079888946
28,3,1215974,0,190,54.19,0.34,15.78,5.415,0.33803530565543854,-8.137052925034993e-05,0.08399999999999963,-0.0009686967767898844,0.10180645161290322,0.0,0.0,-0.05105932533196211
28,3,1216016,0,190,54.08,0.34,15.78,5.457,0.335956194834909,-8.415503774379652e-05,0.08399999999999963,-0.0010018456874261534,0.10180645161290322,-0.00768049155145928,-0.11904761904761968,-0.050475567801490796
28,3,1216058,0,190,53.86,0.33,15.68,5.499,0.33379535796011334,-8.841261580875503e-05,0.0860000000000003,-0.0010280536721948223,0.10116129032258064,-0.0075018754688671455,-0.11627906976744155,-0.043181766347110316
28,3,1216102,0,190,53.75,0.33,15.68,5.543,0.3322425629290575,-9.305060156642142e-05,0.08499999999999996,-0.0010947129596049583,0.10116129032258064,-0.007590132827324436,0.0,-0.044651270119030556
28,3,1216143,0,190,53.64,0.33,15.58,5.584,0.32999999999999574,-9.684896820937005e-05,0.08300000000000018,-0.0011668550386671065,0.10051612903225807,-0.007773027594247895,0.0,-0.04730264634871615
28,3,1216185,0,190,53.64,0.33,15.58,5.626,0.32831644328211407,-9.881000313748167e-05,0.08400000000000052,-0.001176309561160489,0.10051612903225807,-0.0076804915514592,0.0,-0.042225128037484023
28,3,1216227,0,190,53.42,0.33,15.48,5.668,0.32645308924484706,-9.843861631507522e-05,0.0829999999999993,-0.001186007425482844,0.09987096774193549,-0.007773027594247978,-0.1204819277108445,-0.045097027534787386
28,3,1216268,0,190,53.31,0.32,15.48,5.709,0.32457338999672675,-9.588314532604158e-05,0.08300000000000018,-0.0011552186183860407,0.09987096774193549,-0.007773027594247895,-0.1204819277108432,-0.061127149986016954
28,3,1216310,0,190,53.2,0.32,15.38,5.751,0.32137953579600764,-9.190710158509141e-05,0.08400000000000052,-0.001094132161727272,0.09922580645161291,-0.0076804915514592,0.0,-0.066470524136426
28,3,1216352,0,190,53.09,0.32,15.38,5.793,0.31898986596926693,-8.769253485058214e-05,0.08399999999999963,-0.0010439587482212207,0.09922580645161291,-0.007680491551459446,0.0,-0.05650772894970305
28,3,1216394,0,190,52.98,0.32,15.28,5.835,0.3166328865642326,-8.45080713952786e-05,0.08499999999999996,-0.000994212604650337,0.09858064516129032,-0.007590132827324599,0.0,-0.046958829298309995
28,3,1216437,0,190,52.87,0.32,15.28,5.878,0.3149983654789106,-8.332058826748856e-05,0.08499999999999996,-0.0009802422149116305,0.09858064516129032,0.0,-0.11764705882352956,-0.0386516162529082
28,3,1216479,0,190,52.65,0.31,15.28,5.92,0.3133474991827354,-8.447703873756574e-05,0.08399999999999963,-0.0010056790325900728,0.09858064516129032,-0.00768049155145928,-0.11904761904761968,-0.04829620635439468
28,3,1216521,0,190,52.54,0.31,15.18,5.962,0.31094148414514144,-8.75870645081065e-05,0.08399999999999963,-0.0010427031489060343,0.09793548387096775,-0.00768049155145928,0.0,-0.05806441569762922
28,3,1216563,0,190,52.54,0.31,15.18,6.004,0.3084700882641346,-9.166208337378023e-05,0.08300000000000018,-0.0011043624502865062,0.09793548387096775,-0.007773027594248062,-0.1204819277108432,-0.058763986971094244
28,3,1216604,0,190,52.31,0.3,15.08,6.045,0.3060640732265406,-9.544945847209618e-05,0.08300000000000018,-0.0011499934755674214,0.09729032258064516,-0.007773027594248062,-0.1204819277108432,-0.048878088358664175
28,3,1216646,0,190,52.2,0.3,15.08,6.087,0.30441320693036544,-9.782602058513667e-05,0.08399999999999963,-0.001164595483156394,0.09729032258064516,-0.00768049155145928,0.0,-0.03911175454163345
28,3,1216688,0,190,52.09,0.3,14.98,6.129,0.3027786858450434,-9.812077850714296e-05,0.08300000000000018,-0.0011821780543029247,0.09664516129032258,-0.007773027594247895,0.1204819277108432,-0.054825381946221496
28,3,1216729,0,190,51.98,0.31,14.98,6.17,0.29986270022882905,-9.628676724975449e-05,0.08300000000000018,-0.0011600815331295694,0.09664516129032258,-0.007773027594247895,0.0,-0.06018188478004747
28,3,1216771,0,190,51.76,0.3,14.88,6.212,0.29778358940829946,-9.28916775570876e-05,0.0860000000000003,-0.0010801357855475264,0.096,-0.0075018754688671455,-0.11627906976744155,-0.04759117206565348
28,3,1216815,0,190,51.65,0.3,14.88,6.256,0.29576985943118284,-8.893395229966039e-05,0.0860000000000003,-0.0010341157244146521,0.096,-0.007501875468867307,-0.11627906976744155,-0.044550202604589716
28,3,1216857,0,190,51.65,0.29,14.78,6.298,0.29395227198430474,-8.552582998949276e-05,0.08399999999999963,-0.0010181646427320612,0.09535483870967741,-0.007680491551459446,-0.11904761904761968,-0.03938417472252047
28,3,1216899,0,190,51.43,0.29,14.78,6.34,0.29246158875449113,-8.352826276606251e-05,0.08300000000000018,-0.001006364611639305,0.09535483870967741,0.0,0.0,-0.03454156606812909
28,3,1216940,0,190,51.32,0.29,14.78,6.381,0.29108532200065,-8.32640243472369e-05,0.08300000000000018,-0.0010031810162317676,0.09535483870967741,-0.007773027594247895,0.0,-0.03434463581688575
28,3,1216982,0,190,51.21,0.29,14.68,6.423,0.2896109839816896,-8.44322768438417e-05,0.08399999999999963,-0.0010051461529028817,0.09470967741935483,-0.00768049155145928,0.0,-0.03471411447874328
28,3,1217024,0,190,51.1,0.29,14.68,6.465,0.2881693363844356,-8.62683161500879e-05,0.08199999999999985,-0.0010520526359766836,0.09470967741935483,-0.007081038552320977,-0.12195121951219477,-0.03735478675479784
28,3,1217064,0,190,50.99,0.28,14.59,6.505,0.2865478914677962,-8.787521974595691e-05,0.08199999999999985,-0.0010716490212921595,0.09412903225806452,-0.007081038552320977,-0.12195121951219477,-0.051148550060196855
28,3,1217106,0,190,50.88,0.28,14.59,6.547,0.28397515527949946,-8.858234775211748e-05,0.08400000000000052,-0.001054551758953773,0.09412903225806452,-0.0076804915514592,0.11904761904761776,-0.06067186600040286
28,3,1217148,0,190,50.77,0.29,14.49,6.589,0.2814514547237623,-8.819234442059277e-05,0.0860000000000003,-0.0010254923769836334,0.09348387096774194,-0.0075018754688671455,0.0,-0.03998874841299343
28,3,1217192,0,190,50.66,0.28,14.49,6.633,0.280536122915982,-8.7031888643617e-05,0.08499999999999996,-0.0010239045722778475,0.09348387096774194,-0.007590132827324436,-0.11764705882352891,-0.028498355864084293
28,3,1217233,0,190,50.44,0.28,14.39,6.674,0.27902909447531515,-8.579075618442111e-05,0.08300000000000018,-0.001033623568486999,0.09283870967741936,-0.007773027594247895,0.0,-0.03513235682186044
28,3,1217275,0,190,50.33,0.28,14.39,6.716,0.2776201372997676,-8.52132908638712e-05,0.08399999999999963,-0.001014443938855614,0.09283870967741936,0.0,0.0,-0.03490870032223438
28,3,1217317,0,190,50.22,0.28,14.39,6.758,0.2760967636482475,-8.577912263038456e-05,0.08300000000000018,-0.0010334834051853538,0.09283870967741936,-0.007773027594248062,-0.1204819277108432,-0.04064640385668188
28,3,1217358,0,190,50.11,0.27,14.29,6.799,0.274246485779663,-8.752595090885684e-05,0.08300000000000018,-0.0010545295290223691,0.09219354838709677,-0.007773027594248062,-0.1204819277108432,-0.04694817189647667
28,3,1217400,0,190,50.0,0.27,14.29,6.841,0.2722000653808399,-9.009118125472071e-05,0.08399999999999963,-0.0010725140625562036,0.09219354838709677,-0.00768049155145928,0.0,-0.049502638584037265
28,3,1217442,0,190,49.89,0.27,14.19,6.883,0.2700882641386039,-9.292476874431977e-05,0.08399999999999963,-0.0011062472469561926,0.0915483870967742,-0.00768049155145928,-0.11904761904761968,-0.049502638584037265
28,3,1217484,0,190,49.78,0.26,14.19,6.925,0.2680418437397808,-9.55457555950332e-05,0.08300000000000018,-0.0011511536818678673,0.0915483870967742,-0.007773027594247895,0.0,-0.057818721765124086
28,3,1217525,0,190,49.67,0.27,14.09,6.966,0.26528931023209856,-9.772220688021172e-05,0.08499999999999996,-0.0011496730221201383,0.09090322580645162,-0.007590132827324436,0.11764705882352956,-0.05876584043228245
28,3,1217569,0,190,49.56,0.27,14.09,7.01,0.2630467473030368,-9.951389562963086e-05,0.08599999999999941,-0.0011571383212747855,0.09090322580645162,-0.007501875468867384,-0.11627906976744276,-0.0447022510776433
28,3,1217611,0,190,49.45,0.26,13.99,7.052,0.26144491663942127,-0.0001011796572606265,0.08400000000000052,-0.0012045197292931652,0.09025806451612903,-0.0076804915514593645,-0.11904761904761842,-0.045961176232505604
28,3,1217653,0,190,49.34,0.26,13.99,7.094,0.2591860084995063,-0.00010299539922439571,0.08300000000000018,-0.001240908424390307,0.09025806451612903,-0.007773027594247895,0.0,-0.054037660941247484
28,3,1217694,0,190,49.23,0.26,13.89,7.135,0.2569597907812977,-0.00010505257173110038,0.0829999999999993,-0.0012656936353144731,0.08961290322580645,-0.007773027594247978,-0.1204819277108445,-0.044939483333793245
28,3,1217736,0,190,49.12,0.25,13.89,7.177,0.2554560313828015,-0.00010711247905096144,0.08400000000000052,-0.0012751485601304854,0.08961290322580645,-0.0076804915514593645,-0.11904761904761842,-0.035998381045780736
28,3,1217778,0,190,49.01,0.25,13.79,7.219,0.2539359267734521,-0.00010858020205474439,0.08300000000000018,-0.0013081952054788452,0.08896774193548386,-0.007773027594248062,0.0,-0.04572720433876611
28,3,1217819,0,190,48.9,0.25,13.79,7.26,0.2516606734226839,-0.00010863324234792771,0.0829999999999993,-0.0013088342451557666,0.08896774193548386,-0.007773027594247978,0.0,-0.05561310295119677
28,3,1217861,0,190,48.79,0.25,13.69,7.302,0.24932003922850282,-0.00010649470586435328,0.08400000000000052,-0.0012677941174327693,0.08832258064516128,-0.0076804915514592,0.0,-0.05495104220177696
28,3,1217903,0,190,48.57,0.25,13.69,7.344,0.2470447858777346,-0.00010178165884912004,0.0860000000000003,-0.0011835076610362755,0.08832258064516128,-0.0075018754688671455,0.0,-0.0546234139443648
28,3,1217947,0,190,48.57,0.25,13.59,7.388,0.24462242562928743,-9.479686476965198e-05,0.08599999999999941,-0.001102289125228519,0.0876774193548387,-0.015003750937734445,-0.11627906976744276,-0.05652401985753007
28,3,1217989,0,190,48.35,0.24,13.49,7.43,0.24218372016998704,-8.660032432916509e-05,0.08300000000000018,-0.0010433774015562035,0.08703225806451613,-0.007773027594247895,-0.1204819277108432,-0.0532499399362728
28,3,1218030,0,190,48.24,0.24,13.49,7.471,0.24020268061457678,-7.87556683695474e-05,0.08300000000000018,-0.0009488634743318943,0.08703225806451613,0.0,0.0,-0.04478193913279763
28,3,1218072,0,190,48.24,0.24,13.49,7.513,0.23846681922196483,-7.281715534026923e-05,0.08399999999999963,-0.0008668708969079708,0.08703225806451613,0.0,0.0,-0.040940861470445976
28,3,1218114,0,190,48.02,0.24,13.49,7.555,0.23676364825105933,-6.980233887309417e-05,0.08300000000000018,-0.0008409920346155905,0.08703225806451613,-0.007773027594247895,-0.12048192771084287,-0.03907096184673218
28,3,1218155,0,190,48.02,0.23,13.39,7.596,0.23522392938868605,-6.991489352533442e-05,0.08300000000000018,-0.0008423481147630635,0.08638709677419355,-0.007773027594247895,-0.12048192771084287,-0.044427464680558484
28,3,1218197,0,190,47.8,0.23,13.39,7.638,0.23307616868257297,-7.26094499299812e-05,0.08399999999999963,-0.0008643982134521608,0.08638709677419355,-0.006912442396313352,0.0,-0.05055340213888704
28,3,1218239,0,190,47.8,0.23,13.3,7.68,0.23097744360901956,-7.688912810058213e-05,0.08300000000000018,-0.0009263750373564092,0.08580645161290323,-0.006995724834823106,0.0,-0.04879931625816711
28,3,1218280,0,190,47.58,0.23,13.3,7.721,0.2290258254331451,-8.166324872520647e-05,0.08499999999999996,-0.0009607441026494882,0.08580645161290323,0.0,0.0,-0.03645943503259407
28,3,1218324,0,190,47.47,0.23,13.3,7.765,0.22787839163124907,-8.60588300195655e-05,0.0860000000000003,-0.0010006840699949443,0.08580645161290323,-0.007501875468867307,-0.11627906976744155,-0.03280445806122899
28,3,1218366,0,190,47.36,0.22,13.2,7.807,0.2262046420398794,-8.964247541834425e-05,0.08400000000000052,-0.0010671723264088536,0.08516129032258064,-0.015360983102918564,0.0,-0.027553355438284723
28,3,1218408,0,190,47.25,0.23,13.1,7.849,0.22556390977443314,-9.249527756198361e-05,0.08399999999999963,-0.001101134256690286,0.08451612903225807,-0.00768049155145928,0.11904761904761968,-0.022883295194507824
28,3,1218450,0,190,47.14,0.23,13.1,7.891,0.22428244524354074,-9.506941740890973e-05,0.08300000000000018,-0.001145414667577223,0.08451612903225807,0.0,-0.1204819277108432,-0.030681733143754077
28,3,1218491,0,190,47.03,0.22,13.1,7.932,0.22301732592350154,-9.784737348038952e-05,0.08300000000000018,-0.0011788840178360157,0.08451612903225807,-0.007773027594247895,-0.1204819277108432,-0.022371276541274715
28,3,1218533,0,190,46.92,0.22,13.0,7.974,0.22242562929061493,-0.00010097233173922682,0.08399999999999963,-0.001202051568324134,0.08387096774193549,-0.00768049155145928,0.0,-0.015255530129672103
28,3,1218575,0,190,46.81,0.22,13.0,8.016,0.2217358613926091,-0.00010406072505325881,0.08300000000000018,-0.0012537436753404648,0.08387096774193549,-0.007773027594248062,0.0,-0.02709760257112081
28,3,1218616,0,190,46.7,0.22,12.9,8.057,0.2201765282772119,-0.00010629803705273843,0.08500000000000085,-0.0012505651417969103,0.0832258064516129,-0.007590132827324519,0.0,-0.04576659038901502
28,3,1218660,0,190,46.59,0.22,12.9,8.101,0.21784570120954277,-0.00010676503082994949,0.0860000000000003,-0.0012414538468598735,0.0832258064516129,-0.0075018754688671455,0.0,-0.04542448132464534
28,3,1218702,0,190,46.48,0.22,12.8,8.143,0.2162700228832924,-0.0001048410400544224,0.08399999999999963,-0.0012481076196955102,0.08258064516129032,-0.015360983102918727,-0.11904761904761968,-0.03809990815548131
28,3,1218744,0,190,46.37,0.21,12.7,8.185,0.21464530892448236,-0.00010050179747390864,0.08300000000000018,-0.0012108650298061254,0.08193548387096773,-0.007773027594248062,0.0,-0.03855894319349957
28,3,1218785,0,190,46.26,0.22,12.7,8.226,0.21306963059823192,-9.438000334557017e-05,0.08300000000000018,-0.0011371084740430116,0.08193548387096773,0.0,0.0,-0.04706633004722361
28,3,1218827,0,190,46.15,0.21,12.7,8.268,0.2107388035305628,-8.758695469111189e-05,0.08399999999999963,-0.0010427018415608603,0.08193548387096773,-0.00768049155145928,-0.11904761904761968,-0.03965659490340682
28,3,1218869,0,190,46.04,0.21,12.6,8.31,0.20973847662634576,-8.14198345683117e-05,0.08300000000000018,-0.0009809618622688135,0.08129032258064516,-0.007773027594247895,0.0,-0.024104262752217546
28,3,1218910,0,190,46.04,0.21,12.6,8.351,0.20873814972212873,-7.70894409199414e-05,0.08300000000000018,-0.0009287884448185691,0.08129032258064516,-0.007773027594247895,-0.12048192771084287,-0.03339937061091627
28,3,1218952,0,190,45.82,0.2,12.5,8.393,0.2069663288656397,-7.550958116645212e-05,0.08399999999999963,-0.0008989235853149102,0.08064516129032258,-0.00768049155145928,-0.11904761904761935,-0.04354831177322158
28,3,1218994,0,190,45.71,0.2,12.5,8.435,0.20508009153317813,-7.71220823765475e-05,0.08599999999999852,-0.000896768399727312,0.08064516129032258,0.0,0.0,-0.044056045067167815
28,3,1219038,0,190,45.6,0.2,12.5,8.479,0.20317750898986334,-8.176058014692166e-05,0.0860000000000003,-0.0009507044203130393,0.08064516129032258,-0.0075018754688671455,0.11627906976744123,-0.04329580270190064
28,3,1219080,0,190,45.6,0.21,12.4,8.521,0.20135665250081466,-8.861385551196577e-05,0.08300000000000018,-0.0010676368133971756,0.08,-0.007773027594247895,0.0,-0.0349748126208653
28,3,1219121,0,190,45.38,0.2,12.4,8.562,0.2002745995423315,-9.634264014893113e-05,0.08299999999999841,-0.001160754700589554,0.08,-0.007773027594248061,-0.12048192771084545,-0.02646742576714216
28,3,1219163,0,190,45.27,0.2,12.3,8.604,0.1991598561621419,-0.00010333713418265766,0.0840000000000014,-0.0012302039783649516,0.07935483870967742,-0.007680491551459118,0.0,-0.03611513255187554
28,3,1219205,0,190,45.16,0.2,12.3,8.646,0.19724092840797391,-0.00010805048608390244,0.08300000000000018,-0.0013018130853482193,0.07935483870967742,-0.007773027594248062,0.0,-0.037141045384545344
28,3,1219246,0,190,45.05,0.2,12.2,8.687,0.19607714939522464,-0.00010934045176501606,0.08299999999999841,-0.0013173548405423874,0.07870967741935483,-0.007773027594248229,-0.12048192771084579,-0.03497481262086638
28,3,1219288,0,190,44.94,0.19,12.2,8.729,0.19433801896044206,-0.00010676286205464436,0.0840000000000014,-0.0012709864530314591,0.07870967741935483,-0.007680491551459118,-0.11904761904761715,-0.04043493827736938
28,3,1219330,0,190,44.83,0.19,12.1,8.771,0.19268061457992555,-0.00010074910429631423,0.08300000000000018,-0.0012138446300760724,0.07806451612903226,-0.014768752429071,0.0,-0.03103620759599322
28,3,1219371,0,190,44.72,0.19,12.01,8.812,0.19176201372997462,-9.258046108515927e-05,0.08499999999999908,-0.0010891818951195326,0.07748387096774194,-0.006831119544592063,0.0,-0.03261350306713043
28,3,1219415,0,190,44.61,0.19,12.01,8.856,0.1899084668192195,-8.410293651532186e-05,0.0860000000000003,-0.000977941122271181,0.07748387096774194,0.0,0.0,-0.04633677216296472
28,3,1219457,0,190,44.5,0.19,12.01,8.898,0.18777705132395964,-7.723494105919749e-05,0.08399999999999963,-0.0009194635840380693,0.07748387096774194,-0.00768049155145928,0.0,-0.05288843226077563
28,3,1219499,0,190,44.5,0.19,11.91,8.94,0.18546583850931436,-7.343677002266346e-05,0.08200000000000074,-0.0008955703661300342,0.07683870967741936,-0.00786782061368989,-0.12195121951219413,-0.04636458590803538
28,3,1219539,0,190,44.28,0.18,11.91,8.98,0.1839751552795007,-7.333277214436152e-05,0.08200000000000074,-0.0008943020993214739,0.07683870967741936,0.0,-0.12195121951219413,-0.04257728095424046
28,3,1219581,0,190,44.28,0.18,11.91,9.022,0.1819745014710666,-7.660029735821183e-05,0.08399999999999963,-0.0009119083018834782,0.07683870967741936,-0.007680491551459446,0.0,-0.04588334189510985
28,3,1219623,0,190,44.17,0.18,11.81,9.064,0.1801209545603115,-8.213754884094904e-05,0.08399999999999963,-0.0009778279623922548,0.07619354838709677,-0.007680491551459446,0.0,-0.034558445803950795
28,3,1219665,0,190,44.06,0.18,11.81,9.106,0.17907159202353476,-8.843459900907468e-05,0.08300000000000018,-0.0010654770964948733,0.07619354838709677,-0.007773027594247895,0.0,-0.024891983757192565
28,3,1219706,0,190,43.95,0.18,11.71,9.147,0.1780549199084645,-9.400815627558856e-05,0.08300000000000018,-0.0011326283888625102,0.0755483870967742,-0.007773027594247895,0.0,-0.03339937061091627
28,3,1219748,0,190,43.84,0.18,11.71,9.189,0.1762994442628287,-9.775160807387273e-05,0.08999999999999986,-0.0010861289785985876,0.0755483870967742,-0.0071684587813621295,-0.11111111111111108,-0.03991863717264115
28,3,1219796,0,190,43.72,0.17,11.61,9.237,0.1744622425629268,-9.910844653193963e-05,0.08999999999999986,-0.0011012049614659975,0.0749032258064516,-0.0071684587813621295,-0.11111111111111108,-0.04064509098834003
28,3,1219838,0,190,43.5,0.17,11.61,9.279,0.1726413860738781,-9.806015319711215e-05,0.08399999999999963,-0.001167382776156102,0.0749032258064516,-0.00768049155145928,0.0,-0.04199162502529574
28,3,1219880,0,190,43.5,0.17,11.51,9.321,0.17093494606080198,-9.498608421327682e-05,0.08300000000000018,-0.0011444106531720074,0.07425806451612903,-0.007773027594247895,0.0,-0.038558943193499236
28,3,1219921,0,190,43.39,0.17,11.51,9.362,0.16944099378881766,-9.049010049361606e-05,0.08300000000000018,-0.0010902421746218777,0.07425806451612903,0.0,0.0,-0.02552216056117211
28,3,1219963,0,190,43.28,0.17,11.51,9.404,0.1688166067342247,-8.528891301023834e-05,0.08399999999999963,-0.0010153442025028418,0.07425806451612903,-0.00768049155145928,0.0,-0.024439981942433665
28,3,1220005,0,190,43.17,0.17,11.41,9.446,0.16738803530565324,-8.019585899550918e-05,0.08300000000000018,-0.0009662151686205903,0.07361290322580645,-0.01554605518849579,0.0,-0.03619578017857586
28,3,1220046,0,190,43.06,0.17,11.31,9.487,0.1658123569794029,-7.612028162579598e-05,0.08300000000000018,-0.0009171118268168169,0.07296774193548387,-0.007773027594247895,-0.1204819277108432,-0.038558943193499236
28,3,1220088,0,190,42.95,0.16,11.31,9.529,0.1641876430205928,-7.394189357151327e-05,0.08399999999999963,-0.0008802606377561142,0.07296774193548387,0.0,-0.11904761904761968,-0.03809990815548131
28,3,1220130,0,190,42.84,0.16,11.31,9.571,0.16261196469434247,-7.422107771504472e-05,0.0860000000000003,-0.000863035787384238,0.07296774193548387,0.0,0.0,-0.028433064460948943
28,3,1220174,0,190,42.73,0.16,11.31,9.615,0.16174239947695118,-7.690034733364825e-05,0.08500000000000085,-0.0009047099686311468,0.07296774193548387,-0.007590132827324356,0.0,-0.02122954444935832
28,3,1220215,0,190,42.62,0.16,11.21,9.656,0.160807453416147,-8.122603463821321e-05,0.08300000000000018,-0.0009786269233519641,0.0723225806451613,-0.007773027594247895,0.0,-0.032611649605942254
28,3,1220257,0,190,42.51,0.16,11.21,9.698,0.15903563255965797,-8.598285513696347e-05,0.08399999999999963,-0.0010236054182971887,0.0723225806451613,-0.007680491551459446,0.0,-0.04432665514718467
28,3,1220299,0,190,42.4,0.16,11.11,9.74,0.1570840143837835,-8.992758784622978e-05,0.08300000000000018,-0.0010834649138099948,0.0716774193548387,-0.007773027594248062,0.0,-0.05474660984572443
28,3,1220340,0,190,42.29,0.16,11.11,9.781,0.15449166394246283,-9.220884524937744e-05,0.08300000000000018,-0.0011109499427635811,0.0716774193548387,-0.007773027594247895,-0.1204819277108432,-0.051792656077069704
28,3,1220382,0,190,42.18,0.15,11.01,9.823,0.1527852239293867,-9.259932391554848e-05,0.08399999999999963,-0.0011023729037565344,0.07103225806451613,-0.00768049155145928,-0.11904761904761968,-0.03965659490340682
28,3,1220424,0,190,42.07,0.15,11.01,9.865,0.15116050997057667,-9.146959486423612e-05,0.08300000000000018,-0.0011020433116173001,0.07103225806451613,-0.007773027594247895,0.0,-0.036983501183550205
28,3,1220465,0,190,41.96,0.15,10.91,9.906,0.14971559333115203,-8.953469247613199e-05,0.08300000000000018,-0.0010787312346521903,0.07038709677419355,-0.007773027594247895,0.0,-0.03146945414872943
28,3,1220507,0,190,41.85,0.15,10.91,9.948,0.14854854527623212,-8.748816820633109e-05,0.0860000000000003,-0.0010173042814689626,0.07038709677419355,0.0,0.0,-0.033260603480389006
28,3,1220551,0,190,41.85,0.15,10.91,9.992,0.14685518143183857,-8.569038598039747e-05,0.0860000000000003,-0.0009963998369813625,0.07038709677419355,-0.0075018754688671455,-0.11627906976744123,-0.0317401187498568
28,3,1220593,0,190,41.63,0.14,10.81,10.034,0.14581889506374443,-8.406316612447107e-05,0.08299999999999841,-0.0010128092304153334,0.06974193548387098,-0.007773027594248061,-0.12048192771084545,-0.02674312811888324
28,3,1220634,0,190,41.63,0.14,10.81,10.075,0.1446355017979713,-8.223978763963125e-05,0.08300000000000018,-0.000990840814935314,0.06974193548387098,-0.006995724834823273,0.0,-0.029106291133805716
28,3,1220676,0,190,41.52,0.14,10.72,10.117,0.14340307289963855,-7.98789848805761e-05,0.0840000000000014,-0.0009509402961973186,0.06916129032258064,-0.006912442396313371,0.0,-0.028759787667926327
28,3,1220718,0,190,41.41,0.14,10.72,10.159,0.14221967963386545,-7.69685076274822e-05,0.08299999999999841,-0.0009273314171985986,0.06916129032258064,-0.007773027594248061,0.12048192771084545,-0.026743128118882905
28,3,1220759,0,190,41.3,0.15,10.62,10.2,0.1411833932657713,-7.396131326089694e-05,0.08300000000000018,-0.0008911001597698406,0.06851612903225807,-0.007773027594247895,0.0,-0.022016802089035573
28,3,1220801,0,190,41.19,0.14,10.62,10.242,0.1403922850604755,-7.167698327673832e-05,0.0840000000000014,-0.0008532974199611562,0.06851612903225807,0.0,-0.11904761904761683,-0.025490745497282894
28,3,1220843,0,190,41.08,0.14,10.62,10.284,0.1390421706439995,-7.101184488577594e-05,0.08599999999999852,-0.0008257191265788042,0.06851612903225807,-0.007501875468867462,0.0,-0.030637767320222126
28,3,1220887,0,190,40.97,0.14,10.52,10.328,0.13775743707093643,-7.258195465686689e-05,0.08599999999999852,-0.0008439762169403272,0.06787096774193548,-0.007501875468867462,0.0,-0.02185696800139906
28,3,1220929,0,190,40.86,0.14,10.52,10.37,0.13716247139587923,-7.643797424669074e-05,0.08300000000000018,-0.000920939448755308,0.06787096774193548,0.0,0.0,-0.015715034049240115
28,3,1220970,0,190,40.75,0.14,10.52,10.411,0.1364530892448495,-8.195408432663597e-05,0.08300000000000018,-0.0009873986063450096,0.06787096774193548,-0.007773027594247895,-0.1204819277108432,-0.017290476059188813
28,3,1221012,0,190,40.75,0.13,10.42,10.453,0.13572736188296655,-8.793891700603496e-05,0.08399999999999963,-0.0010468918691194683,0.0672258064516129,-0.00768049155145928,-0.11904761904761968,-0.027047432245209273
28,3,1221054,0,190,40.64,0.13,10.42,10.495,0.13418110493625193,-9.294814905825178e-05,0.08300000000000018,-0.001119857217569296,0.0672258064516129,-0.007773027594247895,0.0,-0.03962236655021499
28,3,1221095,0,190,40.53,0.13,10.32,10.536,0.1324387054592987,-9.570154825405908e-05,0.08300000000000018,-0.001153030701856131,0.06658064516129032,-0.007773027594247895,0.0,-0.04356097157508674
28,3,1221137,0,190,40.42,0.13,10.32,10.578,0.13056554429551973,-9.546501536676999e-05,0.08399999999999963,-0.0011364882781758382,0.06658064516129032,-0.00768049155145928,0.0,-0.04537741870203411
28,3,1221179,0,190,40.31,0.13,10.22,10.62,0.12862700228832785,-9.227689934469474e-05,0.08300000000000018,-0.0011117698716228256,0.06593548387096775,-0.007773027594247895,0.0,-0.03584130572633738
28,3,1221220,0,190,40.09,0.13,10.22,10.661,0.12759071592023372,-8.69528565478781e-05,0.08500000000000085,-0.0010229747829162026,0.06593548387096775,-0.007590132827324519,0.0,-0.02980597273234183
28,3,1221264,0,190,40.09,0.13,10.12,10.705,0.12609349460607877,-8.086434422690659e-05,0.0860000000000003,-0.0009402830724058873,0.06529032258064515,-0.007501875468867307,0.0,-0.032918494416019316
28,3,1221306,0,190,39.98,0.13,10.12,10.747,0.12475972540045605,-7.55484640094437e-05,0.08399999999999963,-0.0008993864763029052,0.06529032258064515,0.0,-0.11904761904761968,-0.02903220784881428
28,3,1221348,0,190,39.87,0.12,10.12,10.789,0.12365478914677838,-7.22669025097229e-05,0.08399999999999963,-0.0008603202679728954,0.06529032258064515,-0.00768049155145928,-0.11904761904761968,-0.022805460857111583
28,3,1221390,0,190,39.87,0.12,10.02,10.831,0.12284406668845868,-7.165757223954828e-05,0.08399999999999963,-0.0008530663361851023,0.06464516129032258,-0.00768049155145928,0.0,-0.00836719127010052
28,3,1221432,0,190,39.65,0.12,10.02,10.873,0.12295194508008994,-7.358760784014607e-05,0.08300000000000018,-0.000886597684821035,0.06464516129032258,0.0,0.0,-0.013627573386057806
28,3,1221473,0,190,39.54,0.12,10.02,10.914,0.12171297809741588,-7.724445598681307e-05,0.08300000000000018,-0.0009306560962266614,0.06464516129032258,-0.007773027594247895,0.0,-0.021347239234807493
28,3,1221515,0,190,39.43,0.12,9.92,10.956,0.12118012422360092,-8.14331203007832e-05,0.08399999999999963,-0.0009694419083426614,0.064,-0.00768049155145928,0.0,-0.01424368374352029
28,3,1221557,0,190,39.43,0.12,9.92,10.998,0.12051650866296018,-8.49854668999015e-05,0.08399999999999963,-0.0010117317488083557,0.064,-0.00768049155145928,0.0,-0.016578713865408885
28,3,1221599,0,190,39.32,0.12,9.82,11.04,0.11978751225890658,-8.713563344381292e-05,0.0860000000000003,-0.0010132050400443327,0.06335483870967742,-0.0075018754688671455,0.0,-0.01695340474543263
28,3,1221643,0,190,39.21,0.12,9.82,11.084,0.11905851585485297,-8.771512666205972e-05,0.08500000000000085,-0.001031942666612457,0.06335483870967742,-0.007590132827324356,0.0,-0.016383670172874426
28,3,1221684,0,190,39.1,0.12,9.72,11.125,0.11839490029421224,-8.709582783955661e-05,0.08300000000000018,-0.0010493473233681495,0.06270967741935485,-0.007773027594247895,0.0,-0.014415294391032488
28,3,1221726,0,190,38.99,0.12,9.72,11.167,0.11786204642039727,-8.592570332054272e-05,0.08399999999999963,-0.001022925039530275,0.06270967741935485,0.0,0.0,-0.010351966873705858
28,3,1221768,0,190,38.88,0.12,9.72,11.209,0.11752533507682095,-8.480056454140339e-05,0.08399999999999963,-0.0010095305302548067,0.06270967741935485,-0.0076804915514595284,0.0,-0.015644701816653315
28,3,1221810,0,190,38.77,0.12,9.62,11.251,0.1165478914677984,-8.403769323441778e-05,0.08399999999999963,-0.0010004487289811685,0.06206451612903225,-0.0076804915514595284,-0.11904761904761951,-0.02385622441196135
28,3,1221852,0,190,38.77,0.11,9.62,11.293,0.1155214122262162,-8.36395761332458e-05,0.08300000000000018,-0.0010077057365451279,0.06206451612903225,-0.006995724834823106,0.0,-0.018196355214909764
28,3,1221893,0,190,38.66,0.12,9.53,11.334,0.11503759398496088,-8.341132799474949e-05,0.08300000000000018,-0.001004955758972883,0.06148387096774193,-0.006995724834823106,0.0,-0.015203015396006837
28,3,1221935,0,190,38.55,0.11,9.53,11.376,0.11425956194834763,-8.311882288453631e-05,0.08399999999999963,-0.0009895097962444842,0.06148387096774193,-0.00768049155145928,-0.11904761904761951,-0.021248774109185742
28,3,1221977,0,190,38.44,0.11,9.43,11.418,0.11325269695978929,-8.258787373657128e-05,0.0860000000000003,-0.0009603241132159418,0.060838709677419354,-0.0075018754688671455,0.0,-0.02531607076335894
28,3,1222021,0,190,38.33,0.11,9.43,11.462,0.11208237986269876,-8.17161772967392e-05,0.0860000000000003,-0.0009501881081016153,0.060838709677419354,0.0,0.0,-0.028357040224423025
28,3,1222063,0,190,38.22,0.11,9.43,11.504,0.1108139915004889,-8.044503998640983e-05,0.08300000000000018,-0.0009692173492338512,0.060838709677419354,-0.007773027594247895,0.0,-0.030957435495495483
28,3,1222104,0,190,38.11,0.11,9.33,11.545,0.10951291271657262,-7.876431884340285e-05,0.08300000000000018,-0.0009489676969084659,0.06019354838709678,-0.007773027594247895,0.0,-0.030957435495495483
28,3,1222146,0,190,38.0,0.11,9.33,11.587,0.10824452435436277,-7.677306693338615e-05,0.08399999999999963,-0.0009139650825403154,0.06019354838709678,-0.007680491551459364,0.0,-0.02903220784881428
28,3,1222188,0,190,38.0,0.11,9.23,11.629,0.10707420725727224,-7.47354020651283e-05,0.08399999999999963,-0.0008897071674420074,0.059548387096774194,-0.007680491551459364,0.0,-0.02591883435296293
28,3,1222230,0,190,37.89,0.11,9.23,11.671,0.1060673422687139,-7.304925119062666e-05,0.08200000000000074,-0.0008908445267149513,0.059548387096774194,0.0,0.0,-0.021767036892336493
28,3,1222270,0,190,37.78,0.11,9.23,11.711,0.10528931023210063,-7.211383868806998e-05,0.08200000000000074,-0.0008794370571715772,0.059548387096774194,-0.00786782061368989,-0.12195121951219397,-0.019574386655928828
28,3,1222312,0,190,37.67,0.1,9.13,11.753,0.10446224256292772,-7.216598120705164e-05,0.08399999999999963,-0.0008591188238934757,0.05890322580645162,-0.00768049155145928,-0.11904761904761951,-0.019497501517769297
28,3,1222354,0,190,37.56,0.1,9.13,11.795,0.10365152010460801,-7.317599313493161e-05,0.09600000000000009,-0.0007622499284888702,0.05890322580645162,0.0,0.0,-0.02186171951618147
28,3,1222408,0,190,37.45,0.1,9.13,11.849,0.10236351748937429,-7.48553255544433e-05,0.09800000000000075,-0.0007638298525963542,0.05890322580645162,-0.006583278472679446,0.0,-0.025118252596886662
28,3,1222452,0,190,37.34,0.1,9.03,11.893,0.1011899313501131,-7.677459902053308e-05,0.08799999999999919,-0.0008724386252333385,0.05825806451612903,-0.0073313782991204154,0.0,-0.025000742964129612
28,3,1222496,0,190,37.23,0.1,9.03,11.937,0.1001634521085309,-7.85369961452691e-05,0.08799999999999919,-0.0008924658652871571,0.05825806451612903,-0.007331378299120258,0.0,-0.021285922315670364
28,3,1222540,0,190,37.12,0.1,8.93,11.981,0.09931677018633413,-7.991281063499933e-05,0.08800000000000097,-0.0009081001208522551,0.05761290322580645,-0.00733137829912011,0.0,-0.010475794228654325
28,3,1222584,0,190,37.12,0.1,8.93,12.025,0.09924158221640932,-8.086151081756476e-05,0.08800000000000097,-0.000918880804745044,0.05761290322580645,0.0,0.0,-0.0024517816279830177
28,3,1222628,0,190,36.9,0.1,8.93,12.069,0.09910101340307162,-8.145276240835031e-05,0.08699999999999974,-0.0009362386483718454,0.05761290322580645,-0.007415647015202053,0.0,-0.0032314669732803874
28,3,1222671,0,190,36.79,0.1,8.83,12.112,0.09896044458973392,-8.176878238076846e-05,0.08699999999999974,-0.000939871061847916,0.05696774193548387,-0.007415647015202053,0.0,-0.0024799630260058454
28,3,1222715,0,190,36.79,0.1,8.83,12.156,0.09888525661980911,-8.185394193192686e-05,0.08799999999999919,-0.0009301584310446319,0.05696774193548387,-0.007331378299120258,-0.11363636363636478,-0.00022288923890742253
28,3,1222759,0,190,36.68,0.09,8.73,12.2,0.09894083033671007,-8.170538777522474e-05,0.08999999999999986,-0.000907837641946943,0.056322580645161296,-0.007168458781361975,0.0,-0.006610729722857871
28,3,1222805,0,190,36.57,0.1,8.73,12.246,0.0982902909447519,-8.126693405237439e-05,0.08999999999999986,-0.0009029659339152724,0.056322580645161296,0.0,0.11111111111111138,-0.015727725109876127
28,3,1222849,0,190,36.46,0.1,8.73,12.29,0.09752533507682122,-8.042904595353129e-05,0.08799999999999919,-0.0009139664312901367,0.056322580645161296,-0.0073313782991203365,0.0,-0.018314065796903152
28,3,1222893,0,190,36.35,0.1,8.63,12.334,0.09667865315462444,-7.907756840475599e-05,0.08700000000000152,-0.0009089375678707426,0.05567741935483871,-0.007415647015201982,0.0,-0.020027580194864232
28,3,1222936,0,190,36.24,0.1,8.63,12.377,0.095782935599868,-7.72001996780638e-05,0.08699999999999974,-0.0008873586169892417,0.05567741935483871,-0.007415647015202213,0.0,-0.01435372539294243
28,3,1222980,0,190,36.13,0.1,8.53,12.421,0.09542987904543845,-7.49842761380588e-05,0.08799999999999919,-0.0008520940470234034,0.05503225806451612,-0.0073313782991204154,-0.11363636363636478,-0.01771969449314987
28,3,1223024,0,190,36.02,0.09,8.53,12.465,0.09422360248447083,-7.281905633197638e-05,0.08800000000000097,-0.0008274892764997225,0.05503225806451612,0.0,-0.1136363636363625,-0.02648667122351284
28,3,1223068,0,190,36.02,0.09,8.53,12.509,0.0930990519777693,-7.118289511266695e-05,0.08699999999999974,-0.0008181941966973237,0.05503225806451612,-0.007415647015202053,0.0,-0.024536603878511733
28,3,1223111,0,190,35.91,0.09,8.43,12.552,0.09208891794704031,-7.047842649661894e-05,0.08699999999999974,-0.0008100968562829787,0.054387096774193545,-0.007415647015202053,0.0,-0.015105229340216972
28,3,1223155,0,190,35.8,0.09,8.43,12.596,0.09178489702517043,-7.089980188971445e-05,0.08999999999999986,-0.000787775576552384,0.054387096774193545,0.0,0.0,-0.014420108241618334
28,3,1223201,0,190,35.69,0.09,8.43,12.642,0.09079110820529467,-7.238121662844676e-05,0.08999999999999986,-0.0008042357403160764,0.054387096774193545,-0.007168458781361975,0.0,-0.02317387672078715
28,3,1223245,0,190,35.58,0.09,8.33,12.686,0.08969924812029959,-7.463137622947436e-05,0.08699999999999974,-0.0008578319106836158,0.05374193548387097,-0.007415647015202053,0.0,-0.025851735786241982
28,3,1223288,0,190,35.47,0.09,8.33,12.729,0.08854200719189162,-7.721847504956614e-05,0.08699999999999974,-0.0008875686787306479,0.05374193548387097,-0.006674082313681848,0.0,-0.023033595983962808
28,3,1223332,0,190,35.36,0.09,8.24,12.773,0.08769532526969483,-7.964547330894334e-05,0.08800000000000097,-0.0009050621966925279,0.05316129032258065,-0.006598240469208099,0.0,-0.008989865969270748
28,3,1223376,0,190,35.25,0.09,8.24,12.817,0.08775089898659579,-8.13815501580617e-05,0.08699999999999974,-0.0009354201167593326,0.05316129032258065,0.0,-0.11494252873563246,0.0020290606576410884
28,3,1223419,0,190,35.25,0.08,8.24,12.86,0.0878718535469096,-8.188647031082575e-05,0.08699999999999974,-0.0009412237966761607,0.05316129032258065,-0.007415647015202133,0.0,0.0042835724994643954
28,3,1223463,0,190,35.13,0.09,8.14,12.904,0.08812356979404919,-8.070106763981677e-05,0.08800000000000097,-0.0009170575868160896,0.052516129032258066,-0.007331378299120188,0.11363636363636233,-0.0023031888020444233
28,3,1223507,0,190,35.02,0.09,8.14,12.948,0.08766917293232969,-7.76206317874486e-05,0.08900000000000041,-0.0008721419301960477,0.052516129032258066,-0.007249003262051547,0.0,-0.011496743813612905
28,3,1223552,0,190,34.91,0.09,8.04,12.993,0.08710035959463763,-7.286869019685583e-05,0.0909999999999993,-0.0008007548373280922,0.051870967741935475,-0.007089684509039512,-0.10989010989011068,-0.013399480545606787
28,3,1223598,0,190,34.8,0.08,8.04,13.039,0.08644982020267948,-6.715227540444069e-05,0.08999999999999986,-0.0007461363933826755,0.051870967741935475,0.0,0.0,-0.01500127129417725
28,3,1223642,0,190,34.69,0.09,8.04,13.083,0.08575024517816168,-6.154063070407822e-05,0.08800000000000097,-0.0006993253489099721,0.051870967741935475,-0.007331378299120031,0.0,-0.0160851734078275
28,3,1223686,0,190,34.58,0.08,7.94,13.127,0.08503432494279065,-5.7199123033188745e-05,0.08699999999999974,-0.0006574611842895278,0.051225806451612906,-0.007415647015201973,0.0,-0.01627006045849257
28,3,1223729,0,190,34.47,0.09,7.94,13.17,0.08433474991827283,-5.5058927034789205e-05,0.08699999999999974,-0.0006328612302849353,0.051225806451612906,0.0,0.11494252873563246,-0.015518556511217706
28,3,1223773,0,190,34.36,0.09,7.94,13.214,0.08368421052631471,-5.552004982860748e-05,0.08799999999999919,-0.0006309096571432726,0.051225806451612906,0.0,-0.11363636363636463,-0.013856281018752336
28,3,1223817,0,190,34.36,0.08,7.94,13.258,0.08311539718862264,-5.829755005294945e-05,0.08699999999999974,-0.0006700867822178118,0.051225806451612906,-0.007415647015202133,-0.11494252873563246,-0.011761036774845794
28,3,1223860,0,190,34.25,0.08,7.84,13.301,0.08266100032690313,-6.249361674763155e-05,0.08700000000000152,-0.0007183174338808099,0.05058064516129032,-0.007415647015201982,0.0,-0.019125775458134736
28,3,1223904,0,190,34.14,0.08,7.84,13.345,0.08145145472376489,-6.688493346579349e-05,0.08799999999999919,-0.0007600560621112966,0.05058064516129032,0.0,0.0,-0.019465660197925307
28,3,1223948,0,190,34.03,0.08,7.84,13.389,0.08094802222948572,-7.031965249406991e-05,0.08999999999999986,-0.0007813294721563335,0.05058064516129032,-0.007168458781361975,0.0,-0.009189640768588083
28,3,1223994,0,190,33.92,0.08,7.74,13.435,0.08062438705459196,-7.208752762050974e-05,0.08900000000000041,-0.0008099722204551619,0.049935483870967745,-0.0072490032620513905,0.0,-0.004885197850512833
28,3,1224037,0,190,33.81,0.08,7.74,13.478,0.08051323962079007,-7.213913931041471e-05,0.08699999999999974,-0.000829185509315114,0.049935483870967745,-0.007415647015202133,0.0,-0.010107728090841738
28,3,1224081,0,190,33.81,0.08,7.64,13.522,0.07974501471068873,-7.105821515652177e-05,0.08800000000000097,-0.0008074797176877385,0.04929032258064516,-0.007331378299120188,0.0,-0.0019688549436832964
28,3,1224125,0,190,33.7,0.08,7.64,13.566,0.08033998038574594,-6.976873633114256e-05,0.08699999999999974,-0.0008019394980591122,0.04929032258064516,0.0,0.0,0.002930865394370443
28,3,1224168,0,190,33.59,0.08,7.64,13.609,0.07999999999999896,-6.909587306476794e-05,0.08699999999999974,-0.0007942054375260707,0.04929032258064516,0.0,0.0,-0.007815641051654408
28,3,1224212,0,190,33.48,0.08,7.64,13.653,0.07966001961425201,-6.940713570418921e-05,0.08799999999999919,-0.0007887174511839756,0.04929032258064516,-0.0073313782991203365,0.0,0.00289756010579807
28,3,1224256,0,190,33.37,0.08,7.54,13.697,0.08025498528930919,-7.052319928185735e-05,0.08799999999999919,-0.0008013999918392954,0.04864516129032258,-0.0073313782991203365,0.0,0.0043834883651815175
28,3,1224300,0,190,33.37,0.08,7.54,13.741,0.08004576659038798,-7.190922668336519e-05,0.08700000000000152,-0.0008265428354409647,0.04864516129032258,-0.007415647015201902,0.0,-0.007252013091198553
28,3,1224343,0,190,33.26,0.08,7.44,13.784,0.0796240601503749,-7.29819880994551e-05,0.08900000000000041,-0.000820022338196121,0.048,-0.0072490032620513905,0.0,-0.011496743813612905
28,3,1224389,0,190,33.04,0.08,7.44,13.83,0.07902255639097643,-7.333786672135467e-05,0.08999999999999986,-0.000814865185792831,0.048,0.0,0.0,-0.01500127129417725
28,3,1224433,0,190,33.04,0.08,7.44,13.874,0.07827394573389895,-7.281744459547212e-05,0.08799999999999919,-0.0008274709613121908,0.048,-0.0073313782991203365,0.0,-0.018314065796903308
28,3,1224477,0,190,32.93,0.08,7.34,13.918,0.07741091860084895,-7.144997022493182e-05,0.08699999999999974,-0.0008212640255739314,0.04735483870967742,-0.007415647015202133,0.0,-0.020779084142139182
28,3,1224520,0,190,32.82,0.08,7.34,13.961,0.07646616541353285,-6.936688231467691e-05,0.08700000000000152,-0.0007973204863755827,0.04735483870967742,0.0,-0.11494252873563011,-0.022282092036687653
28,3,1224564,0,190,32.71,0.07,7.34,14.005,0.07547237659365709,-6.674601846261829e-05,0.08799999999999919,-0.0007584774825297603,0.04735483870967742,-0.007331378299120258,-0.11363636363636463,-0.022771850575054126
28,3,1224608,0,190,32.71,0.07,7.24,14.049,0.0744622425629281,-6.380383943995849e-05,0.08799999999999919,-0.0007250436299995349,0.04670967741935484,-0.007331378299120258,0.11363636363636463,-0.022771850575054126
28,3,1224652,0,190,32.6,0.08,7.24,14.093,0.07346845374305234,-6.081664844545109e-05,0.08699999999999974,-0.0006990419361546123,0.04670967741935484,0.0,0.0,-0.022282092036688107
28,3,1224695,0,190,32.49,0.07,7.24,14.136,0.07252370055573625,-5.812938226987452e-05,0.08699999999999974,-0.000668153819193962,0.04670967741935484,-0.007415647015202133,-0.11494252873563246,-0.02077908414213934
28,3,1224739,0,190,32.38,0.07,7.14,14.18,0.07166067342268623,-5.611377055144029e-05,0.09000000000000163,-0.0006234863394604364,0.04606451612903226,-0.007168458781361911,0.0,-0.017907086556971635
28,3,1224785,0,190,32.27,0.07,7.14,14.226,0.07091206276560877,-5.50653549954081e-05,0.08999999999999986,-0.0006118372777267577,0.04606451612903226,0.0,0.0,-0.01500127129417725
28,3,1224829,0,190,32.16,0.07,7.14,14.27,0.07031055900621028,-5.507379869842044e-05,0.08699999999999974,-0.0006330321689473633,0.04606451612903226,0.0,0.0,-0.011761036774845635
28,3,1224872,0,190,32.05,0.07,7.14,14.313,0.0698888525661972,-5.594592977994583e-05,0.08699999999999974,-0.0006430566641373103,0.04606451612903226,-0.007415647015202053,0.0,-0.007252013091198701
28,3,1224916,0,190,31.94,0.07,7.04,14.357,0.06967963386727599,-5.7254010305860526e-05,0.08899999999999864,-0.0006433034865827124,0.04541935483870968,-0.007249003262051535,0.0,-0.0019467329780239848
28,3,1224961,0,190,31.94,0.07,7.04,14.402,0.06971559333115307,-5.85012802021021e-05,0.08800000000000097,-0.0006647872750238802,0.04541935483870968,0.0,0.0,0.010327201402716046
28,3,1225004,0,190,31.83,0.07,7.04,14.445,0.07058842759071501,-5.9317560755014046e-05,0.08700000000000152,-0.0006818110431610691,0.04541935483870968,-0.006674082313681791,0.0,0.003269042170644024
28,3,1225048,0,190,31.72,0.07,6.95,14.489,0.0699999999999991,-5.9593482584245016e-05,0.08799999999999919,-0.0006771986657300633,0.044838709677419354,-0.006598240469208311,0.0,-0.013373354334452605
28,3,1225092,0,190,31.61,0.07,6.95,14.533,0.0694115724092832,-5.9508090038810304e-05,0.08799999999999919,-0.0006762282958955779,0.044838709677419354,0.0,0.0,-0.00312044934470565
28,3,1225136,0,190,31.61,0.07,6.95,14.577,0.06972540045766501,-5.9446574279387045e-05,0.08999999999999986,-0.0006605174919931904,0.044838709677419354,-0.007168458781362052,0.0,0.0011260034143327662
28,3,1225182,0,190,31.5,0.07,6.85,14.623,0.06951291271657314,-5.983240882117258e-05,0.08900000000000041,-0.0006722742564176663,0.04419354838709677,-0.007249003262051469,0.0,-0.004407697308733486
28,3,1225225,0,190,31.39,0.07,6.85,14.666,0.06933311539718773,-6.092177358533313e-05,0.08700000000000152,-0.0007002502710957709,0.04419354838709677,0.0,0.0,-0.0037575197363723147
28,3,1225269,0,190,31.28,0.07,6.85,14.71,0.06918600849950875,-6.263745589252335e-05,0.08799999999999919,-0.0007117892715059537,0.04419354838709677,0.0,0.0,-0.0029718565187672108
28,3,1225313,0,190,31.17,0.07,6.85,14.754,0.06907159202353622,-6.454175329850375e-05,0.08699999999999974,-0.0007418592333161372,0.04419354838709677,-0.007415647015202053,0.0,-0.002254511841823307
28,3,1225356,0,190,31.06,0.07,6.75,14.797,0.06898986596927012,-6.600637841277024e-05,0.08699999999999974,-0.0007586940047444878,0.043548387096774194,-0.007415647015202053,0.0,-0.0015030078945489247
28,3,1225400,0,190,31.06,0.07,6.75,14.841,0.06894083033671046,-6.651054565586367e-05,0.08799999999999919,-0.000755801655180276,0.043548387096774194,-0.007331378299120258,-0.11363636363636478,0.00560937917917313
28,3,1225444,0,190,30.95,0.06,6.65,14.885,0.06948349133703735,-6.588478910956485e-05,0.08800000000000097,-0.000748690785335956,0.04290322580645162,-0.00733137829912011,0.0,0.002823263692828872
28,3,1225488,0,190,30.84,0.07,6.65,14.929,0.0691892775416794,-6.434247190490173e-05,0.08699999999999974,-0.0007395686425850795,0.04290322580645162,0.0,0.11494252873563263,0.000413327171001054
28,3,1225531,0,190,30.73,0.07,6.65,14.972,0.06951945080091444,-6.229944929478304e-05,0.08900000000000041,-0.0006999938123009297,0.04290322580645162,0.0,0.0,-0.0016161556798689656
28,3,1225577,0,190,30.73,0.07,6.65,15.018,0.06904543968617106,-6.013766639838991e-05,0.08999999999999986,-0.0006681962933154445,0.04290322580645162,-0.007168458781362052,0.0,-0.009443899604082628
28,3,1225621,0,190,30.62,0.07,6.55,15.062,0.06866949983654701,-5.8084601610515204e-05,0.08799999999999919,-0.0006600522910285879,0.04225806451612903,-0.0073313782991203365,0.0,-0.007429641296918184
28,3,1225665,0,190,30.51,0.07,6.55,15.106,0.06839163125204227,-5.625697465200119e-05,0.08699999999999974,-0.0006466318925517397,0.04225806451612903,0.0,0.0,0.0011648311182754366
28,3,1225708,0,190,30.4,0.07,6.55,15.149,0.06877084014383697,-5.4784175921800405e-05,0.08699999999999974,-0.0006297031715149491,0.04225806451612903,-0.007415647015202133,0.0,-0.00015030078945481271
28,3,1225752,0,190,30.29,0.07,6.45,15.193,0.0683785550833597,-5.389050463996092e-05,0.08800000000000097,-0.0006123920981813673,0.04161290322580645,-0.007331378299120188,0.0,-0.0010772979880531513
28,3,1225796,0,190,30.29,0.07,6.45,15.237,0.06867603792088829,-5.3864529174664e-05,0.08699999999999974,-0.0006191325192490134,0.04161290322580645,0.0,0.0,-0.001653308684003897
28,3,1225839,0,190,30.18,0.07,6.45,15.28,0.06823471722785136,-5.492640276861671e-05,0.08699999999999974,-0.0006313379628576652,0.04161290322580645,0.0,-0.11494252873563263,-0.0018411846708224129
28,3,1225883,0,190,30.07,0.06,6.45,15.324,0.06851585485452674,-5.708011536406321e-05,0.08800000000000097,-0.0006486376745916203,0.04161290322580645,-0.007331378299120188,0.0,-0.0055350827662040344
28,3,1225927,0,190,29.96,0.07,6.35,15.368,0.0677476299444254,-6.0051607974419776e-05,0.08999999999999986,-0.0006672400886046652,0.040967741935483866,-0.007168458781362052,0.0,-0.012495005630017018
28,3,1225973,0,190,29.96,0.06,6.35,15.414,0.06739130434782521,-6.334377211372821e-05,0.08999999999999986,-0.0007038196901525368,0.040967741935483866,0.0,0.0,-0.009189640768587928
28,3,1226017,0,190,29.74,0.07,6.35,15.458,0.06692056227525249,-6.635985874913963e-05,0.08699999999999974,-0.0007627569971165498,0.040967741935483866,-0.007415647015202053,0.11494252873563263,-0.011761036774845475
28,3,1226060,0,190,29.74,0.07,6.25,15.501,0.06636809414841366,-6.853241506647656e-05,0.08699999999999974,-0.0007877289088100778,0.04032258064516129,-0.007415647015202053,0.0,-0.01326404466939456
28,3,1226104,0,190,29.63,0.07,6.25,15.545,0.06576659038901517,-6.94255125561467e-05,0.08800000000000097,-0.0007889262790471129,0.04032258064516129,0.0,-0.1136363636363625,-0.013856281018752057
28,3,1226148,0,190,29.52,0.06,6.25,15.589,0.06514874141876346,-6.880501968927354e-05,0.08699999999999974,-0.0007908622952790085,0.04032258064516129,-0.007415647015202053,0.0,-0.014015548616668943
28,3,1226191,0,190,29.52,0.07,6.15,15.632,0.06454723765936497,-6.66829990106299e-05,0.08699999999999974,-0.0007664712529957483,0.03967741935483871,-0.007415647015202053,0.0,-0.01326404466939456
28,3,1226235,0,190,29.41,0.06,6.15,15.676,0.06399476953252614,-6.333743941162595e-05,0.08800000000000097,-0.0007197436296775597,0.03967741935483871,0.0,0.0,-0.011627388629676773
28,3,1226279,0,190,29.3,0.07,6.15,15.72,0.0635240274599534,-5.929387168429567e-05,0.08799999999999919,-0.000673793996412457,0.03967741935483871,-0.0073313782991203365,0.0,-0.00939849624060152
28,3,1226323,0,190,29.19,0.06,6.05,15.764,0.06316770186335322,-5.5249868400979455e-05,0.0909999999999993,-0.0006071414109997789,0.03903225806451613,-0.007089684509039435,-0.10989010989011083,-0.01612966961119944
28,3,1226370,0,190,29.08,0.06,6.05,15.811,0.06205622752533427,-5.1934892885081574e-05,0.08999999999999986,-0.0005770543653897961,0.03903225806451613,0.0,0.0,-0.023064908648432414
28,3,1226413,0,190,28.97,0.06,6.05,15.854,0.0610918600849943,-4.992841533137415e-05,0.08699999999999974,-0.0005738898313951069,0.03903225806451613,0.0,0.0,-0.020478482563229396
28,3,1226457,0,190,28.97,0.06,6.05,15.898,0.060274599542333315,-4.949934212243168e-05,0.08800000000000097,-0.0005624925241185356,0.03903225806451613,-0.00733137829912011,0.0,-0.01055009064162362
28,3,1226501,0,190,28.86,0.06,5.95,15.942,0.06016345210853141,-5.053279871825911e-05,0.08699999999999974,-0.0005808367668765432,0.03838709677419355,-0.007415647015202053,0.0,-0.0004884775657284604
28,3,1226544,0,190,28.75,0.06,5.95,15.985,0.06023210199411494,-5.255642307040453e-05,0.08699999999999974,-0.0006040968169012033,0.03838709677419355,0.0,0.0,0.0040205461179184734
28,3,1226588,0,190,28.64,0.06,5.95,16.029,0.06051323962079032,-5.483705933899952e-05,0.08800000000000097,-0.0006231484015795331,0.03838709677419355,0.0,0.0,-0.0010772979880531513
28,3,1226632,0,190,28.64,0.06,5.95,16.073,0.06013729977116626,-5.653979983444124e-05,0.08699999999999974,-0.0006498827567177173,0.03838709677419355,-0.007415647015202133,0.0,0.0006012031578195698
28,3,1226675,0,190,28.53,0.06,5.85,16.116,0.06056554429552062,-5.6956899453321165e-05,0.08699999999999974,-0.00065467700521059,0.03774193548387097,-0.007415647015202133,0.0,0.0026678390128243613
28,3,1226719,0,190,28.42,0.06,5.85,16.16,0.06036940176528198,-5.575985553298235e-05,0.08999999999999986,-0.0006195539503664715,0.03774193548387097,0.0,0.0,0.0049398859467509465
28,3,1226765,0,190,28.31,0.06,5.85,16.206,0.061010134030728205,-5.3163262466623175e-05,0.08999999999999986,-0.000590702916295814,0.03774193548387097,-0.007168458781362052,0.0,0.007664087755620965
28,3,1226809,0,190,28.31,0.06,5.75,16.25,0.061059169663287866,-4.9896941204169207e-05,0.08800000000000097,-0.0005670106955019165,0.037096774193548385,-0.007331378299120188,0.1136363636363625,0.0007429641296917088
28,3,1226853,0,190,28.2,0.07,5.75,16.294,0.061075514874141076,-4.695758226909952e-05,0.08699999999999974,-0.00053974232493218,0.037096774193548385,0.0,0.0,0.0
28,3,1226896,0,190,28.09,0.06,5.75,16.337,0.061059169663287866,-4.521295377797685e-05,0.08699999999999974,-0.0005196891238847929,0.037096774193548385,0.0,-0.11494252873563263,-0.0007515039472743826
28,3,1226940,0,190,28.09,0.06,5.75,16.381,0.061010134030728205,-4.502997144802024e-05,0.08800000000000097,-0.0005117042210002244,0.037096774193548385,0.0,0.0,-0.0014859282593835752
28,3,1226984,0,190,27.98,0.06,5.75,16.425,0.06092840797646211,-4.6124644329729844e-05,0.08699999999999974,-0.0005301683256290803,0.037096774193548385,-0.006674082313681848,0.0,-0.0022545118418234667
28,3,1227027,0,190,27.87,0.06,5.66,16.468,0.060813991500489564,-4.772526692446721e-05,0.08699999999999974,-0.0005485662864881304,0.036516129032258066,-0.006674082313681848,0.0,-0.003006015789098009
28,3,1227071,0,190,27.76,0.06,5.66,16.512,0.060666884602810583,-4.8958086979479454e-05,0.08800000000000097,-0.0005563418974940786,0.036516129032258066,0.0,0.0,-0.003714820648459017
28,3,1227115,0,190,27.65,0.06,5.66,16.556,0.06048708728342517,-4.924802436186759e-05,0.08999999999999986,-0.0005472002706874185,0.036516129032258066,-0.007168458781362052,0.0,0.0018524572300316435
28,3,1227161,0,190,27.65,0.06,5.56,16.602,0.06083360575351343,-4.854180218807436e-05,0.08899999999999864,-0.0005454135077311809,0.03587096774193548,-0.0072490032620516134,0.0,0.003930196766954061
28,3,1227204,0,190,27.54,0.06,5.56,16.645,0.06083687479568407,-4.726097193630352e-05,0.08699999999999974,-0.000543229562486249,0.03587096774193548,0.0,0.0,-0.009919852104023222
28,3,1227248,0,190,27.43,0.06,5.56,16.689,0.05997057862046341,-4.6022272975763556e-05,0.08800000000000097,-0.0005229803747245801,0.03587096774193548,0.0,0.0,-0.019317067371986952
28,3,1227292,0,190,27.43,0.06,5.56,16.733,0.0591369728669492,-4.5286387093303124e-05,0.08800000000000097,-0.0005146180351511662,0.03587096774193548,0.0,0.0,-0.008321198252548023
28,3,1227336,0,190,27.21,0.06,5.56,16.777,0.05923831317423918,-4.5139660486573694e-05,0.08699999999999974,-0.0005188466722594692,0.03587096774193548,-0.007415647015202053,0.0,-0.0033441925653713376
28,3,1227379,0,190,27.21,0.06,5.46,16.82,0.0588460281137619,-4.5316255857883014e-05,0.08699999999999974,-0.0005208765041135994,0.035225806451612905,-0.007415647015202053,0.0,-0.0018411846708225722
28,3,1227423,0,190,27.1,0.06,5.46,16.864,0.059078130107877616,-4.540035251001484e-05,0.08800000000000097,-0.0005159130967047085,0.035225806451612905,0.0,0.0,-0.0038634134743972958
28,3,1227467,0,190,26.99,0.06,5.46,16.908,0.05850604772801493,-4.506143347499503e-05,0.08699999999999974,-0.0005179475112068409,0.035225806451612905,0.0,0.0,-0.012024063156391557
28,3,1227510,0,190,26.88,0.06,5.46,16.951,0.058032036613271554,-4.421786662531346e-05,0.08899999999999864,-0.0004968299620821813,0.035225806451612905,-0.0072490032620516134,0.0,-0.009550010835589305
28,3,1227556,0,190,26.88,0.06,5.36,16.997,0.057656096763647496,-4.309271551427418e-05,0.09100000000000108,-0.00047354632433267767,0.03458064516129032,-0.007089684509039297,-0.10989010989010853,-0.007184708067349301
28,3,1227601,0,190,26.77,0.05,5.36,17.042,0.05737822817914276,-4.2142349477662044e-05,0.08800000000000097,-0.0004788903349734271,0.03458064516129032,0.0,-0.11363636363636233,0.0011515944010222906
28,3,1227644,0,190,26.66,0.05,5.36,17.085,0.05775743707093746,-4.1858737806304446e-05,0.08699999999999974,-0.00048113491731384563,0.03458064516129032,0.0,0.11494252873563246,-0.00015030078945481271
28,3,1227688,0,190,26.66,0.06,5.36,17.129,0.05736515201046019,-4.252638803703057e-05,0.08799999999999741,-0.0004832544095117253,0.03458064516129032,0.0,0.11363636363636692,-0.001077297988053116
28,3,1227732,0,190,26.55,0.06,5.36,17.173,0.05766263484798879,-4.4076626623963834e-05,0.08899999999999864,-0.0004952429957748822,0.03458064516129032,-0.0072490032620516134,0.0,-0.0016161556798689979
28,3,1227777,0,190,26.43,0.06,5.26,17.218,0.05722131415495185,-4.6123054217688694e-05,0.08800000000000097,-0.000524125616110093,0.03393548387096774,-0.007331378299120188,0.0,-0.008172605426609822
28,3,1227820,0,190,26.43,0.06,5.26,17.261,0.056943445570447115,-4.812824549519501e-05,0.09299999999999997,-0.0005175080160773659,0.03393548387096774,0.0,-0.10752688172043008,0.0017927005451919109
28,3,1227870,0,190,26.21,0.05,5.26,17.311,0.0573880353056547,-4.958774821619372e-05,0.0940000000000012,-0.0005275292363424797,0.03393548387096774,0.0,0.0,0.0019475144846388954
28,3,1227914,0,190,26.21,0.06,5.26,17.355,0.057126511932003174,-5.016779251074688e-05,0.08999999999999986,-0.0005574199167860773,0.03393548387096774,-0.007168458781361975,0.11111111111111123,0.0025789110457302123
28,3,1227960,0,190,26.1,0.06,5.16,17.401,0.05762013729977042,-4.979413496924501e-05,0.08899999999999864,-0.0005594846625757952,0.03329032258064516,-0.007249003262051535,0.0,0.0035261578469868125
28,3,1228003,0,190,25.99,0.06,5.16,17.444,0.057440339980384995,-4.868240371984989e-05,0.08699999999999974,-0.0005595678588488509,0.03329032258064516,0.0,0.0,-0.0015030078945490841
28,3,1228047,0,190,25.99,0.06,5.16,17.488,0.05748937561294465,-4.728261250765975e-05,0.08800000000000097,-0.000537302414859764,0.03329032258064516,0.0,-0.11363636363636233,-0.0001857410324229272
28,3,1228091,0,190,25.88,0.05,5.16,17.532,0.05742399476953178,-4.6145482519773574e-05,0.08699999999999974,-0.0005304078450548703,0.03329032258064516,-0.007415647015202133,0.0,-0.006763535525470161
28,3,1228134,0,190,25.77,0.06,5.06,17.575,0.056900948022228746,-4.575481957450656e-05,0.08699999999999974,-0.0005259174663736401,0.03264516129032258,-0.007415647015202133,0.0,-0.006913836314925133
28,3,1228178,0,190,25.66,0.05,5.06,17.619,0.05682249101013329,-4.635591247534077e-05,0.08800000000000097,-0.0005267717326743212,0.03264516129032258,0.0,0.0,-0.009064162382239968
28,3,1228222,0,190,25.66,0.06,5.06,17.663,0.05610330173259162,-4.780399493968357e-05,0.08699999999999974,-0.000549471206203261,0.03264516129032258,0.0,0.11494252873563246,-0.007101712301743808
28,3,1228265,0,190,25.55,0.06,5.06,17.706,0.05620464203988158,-4.951128338223399e-05,0.08699999999999974,-0.0005690952112900475,0.03264516129032258,0.0,-0.11494252873563246,0.0017660342760950065
28,3,1228309,0,190,25.44,0.05,5.06,17.75,0.056256946714611886,-5.060227082418489e-05,0.08999999999999986,-0.0005622474536020552,0.03264516129032258,-0.007168458781361975,0.0,-0.015255530129671874
28,3,1228355,0,190,25.33,0.06,4.96,17.796,0.05483164432821112,-5.0288483858307306e-05,0.08999999999999986,-0.0005587609317589709,0.032,-0.007168458781361975,0.0,-0.015981983945370443
28,3,1228399,0,190,25.33,0.05,4.96,17.84,0.05481856815952855,-4.829523944704128e-05,0.08699999999999974,-0.0005551176947935796,0.032,-0.007415647015202053,0.0,-0.006913836314925133
28,3,1228442,0,190,25.22,0.06,4.86,17.883,0.05423014056881263,-4.508588976944328e-05,0.08699999999999974,-0.0005182286180395794,0.031354838709677424,0.0,0.11494252873563246,-0.0033441925653714174
28,3,1228486,0,190,25.22,0.06,4.96,17.927,0.054527623406341236,-4.1731628608903114e-05,0.08800000000000097,-0.0004742230523738938,0.032,0.0,-0.11363636363636233,0.0005943713037534301
28,3,1228530,0,190,25.11,0.05,4.86,17.971,0.054282445243542934,-3.948269344736577e-05,0.08699999999999974,-0.00045382406261340103,0.031354838709677424,-0.007415647015202053,-0.11494252873563246,-0.005448403617739911
28,3,1228573,0,190,25.0,0.05,4.86,18.014,0.054053612291597865,-3.924368401119871e-05,0.08699999999999974,-0.00045107682771492906,0.031354838709677424,0.0,0.0,0.0013527071050941119
28,3,1228617,0,190,25.0,0.05,4.86,18.058,0.05440013076168612,-4.1172919458372095e-05,0.08800000000000097,-0.00046787408475422324,0.031354838709677424,0.0,0.11363636363636233,-0.0018202621177450177
28,3,1228661,0,190,24.89,0.06,4.86,18.102,0.0538934292252363,-4.4567095146939015e-05,0.08699999999999974,-0.0005122654614590706,0.031354838709677424,0.0,0.0,-0.004659324473101746
28,3,1228704,0,190,24.78,0.05,4.86,18.145,0.05399476953252627,-4.810083292436307e-05,0.08899999999999864,-0.0005404587969029641,0.031354838709677424,-0.0072490032620516525,-0.11235955056179942,0.0031955805488318254
28,3,1228750,0,190,24.67,0.05,4.76,18.191,0.05417783589408233,-5.034992243684666e-05,0.08999999999999986,-0.0005594435826316305,0.030709677419354837,-0.00716845878136209,0.11111111111111123,-0.004685627111256324
28,3,1228794,0,190,24.67,0.06,4.76,18.235,0.0535730630925132,-5.0370623038819674e-05,0.08800000000000097,-0.0005723934436229445,0.030709677419354837,-0.00733137829912011,0.0,-0.006092305863472738
28,3,1228838,0,190,24.56,0.05,4.66,18.279,0.05364171297809672,-4.8055865210791636e-05,0.08699999999999974,-0.0005523662667907101,0.03006451612903226,0.0,0.0,-0.007101712301743888
28,3,1228881,0,190,24.56,0.06,4.76,18.322,0.052955214122261486,-4.411377346248724e-05,0.08699999999999974,-0.0005070548673849122,0.030709677419354837,0.0,0.0,-0.007665340262199676
28,3,1228925,0,190,24.45,0.05,4.66,18.366,0.05297482837528535,-3.972584438053861e-05,0.08800000000000097,-0.0004514300497788429,0.03006451612903226,-0.00733137829912011,0.0,0.002488929834467587
28,3,1228969,0,190,24.34,0.06,4.66,18.41,0.053174239947694636,-3.607951769388773e-05,0.08699999999999974,-0.00041470709992974525,0.03006451612903226,0.0,0.0,-0.0033441925653714174
28,3,1229012,0,190,24.23,0.05,4.66,18.453,0.05268388362209804,-3.397242054825966e-05,0.08800000000000097,-0.00038605023350294645,0.03006451612903226,0.0,-0.11363636363636233,-0.012630390204760627
28,3,1229057,0,190,24.23,0.05,4.66,18.498,0.05206276560967569,-3.3618090908931644e-05,0.08900000000000219,-0.00037773135852731257,0.03006451612903226,0.0,0.0,-0.015426940580566581
28,3,1229101,0,190,24.12,0.05,4.66,18.542,0.05131088591042758,-3.469955509957412e-05,0.08999999999999986,-0.00038555061221749086,0.03006451612903226,-0.007168458781362052,0.0,-0.00813628273582499
28,3,1229147,0,190,24.01,0.05,4.56,18.588,0.05133050016345144,-3.661028216712658e-05,0.08899999999999864,-0.0004113514850239005,0.029419354838709676,-0.0072490032620516134,0.0,-0.00694212326125527
28,3,1229190,0,190,24.01,0.05,4.56,18.631,0.05069303694017587,-3.8725251657916185e-05,0.08699999999999974,-0.0004451178351484632,0.029419354838709676,0.0,0.0,-0.01578158289276395
28,3,1229234,0,190,23.9,0.05,4.56,18.675,0.04995750245178098,-4.0553966980322545e-05,0.08800000000000097,-0.0004608405338672966,0.029419354838709676,0.0,0.0,-0.007578234122856313
28,3,1229278,0,190,23.79,0.05,4.56,18.719,0.05002615233736451,-4.175670116983188e-05,0.08699999999999974,-0.00047996208241186207,0.029419354838709676,0.0,0.0,-0.005598704407194804
28,3,1229321,0,190,23.79,0.05,4.56,18.762,0.049470415168355035,-4.212239164555332e-05,0.08699999999999974,-0.00048416542121325795,0.029419354838709676,-0.007415647015202093,0.0,-0.0031563165785528217
28,3,1229365,0,190,23.68,0.05,4.46,18.806,0.049751552795030414,-4.158671592612162e-05,0.08800000000000097,-0.00047257631734228596,0.028774193548387096,-0.007331378299120149,0.0,-0.00033433385836128475
28,3,1229409,0,190,23.68,0.05,4.46,18.85,0.04944099378881924,-4.0260009274011745e-05,0.08699999999999974,-0.00046275872728749267,0.028774193548387096,0.0,0.0,0.002855714999643037
28,3,1229452,0,190,23.57,0.05,4.46,18.893,0.04999999999999936,-3.839200315313818e-05,0.08699999999999974,-0.000441287392564808,0.028774193548387096,0.0,0.0,0.006425358749196752
28,3,1229496,0,190,23.46,0.05,4.46,18.937,0.04999999999999936,-3.627684108074902e-05,0.08999999999999986,-0.00040307601200832314,0.028774193548387096,0.0,0.0,0.0
28,3,1229542,0,190,23.35,0.05,4.46,18.983,0.04999999999999936,-3.41819733927613e-05,0.08999999999999986,-0.0003797997043640151,0.028774193548387096,-0.006451612903225816,0.0,0.0
28,3,1229586,0,190,23.35,0.05,4.37,19.027,0.04999999999999936,-3.234999593468668e-05,0.08699999999999974,-0.0003718390337320319,0.028193548387096774,-0.006674082313681888,0.0,0.0
28,3,1229629,0,190,23.24,0.05,4.37,19.07,0.04999999999999936,-3.1017604508496e-05,0.08699999999999974,-0.0003565241897528286,0.028193548387096774,0.0,0.0,0.0
28,3,1229673,0,190,23.24,0.05,4.37,19.114,0.04999999999999936,-3.036606059430813e-05,0.08800000000000097,-0.00034506887038986134,0.028193548387096774,0.0,0.0,0.0
28,3,1229717,0,190,23.13,0.05,4.37,19.158,0.04999999999999936,-3.0411697225126488e-05,0.08699999999999974,-0.0003495597382198457,0.028193548387096774,0.0,0.0,0.0
28,3,1229760,0,190,23.02,0.05,4.37,19.201,0.04999999999999936,-3.095035715818284e-05,0.08699999999999974,-0.00035575123170325203,0.028193548387096774,0.0,0.0,0.0
28,3,1229804,0,190,22.91,0.05,4.37,19.245,0.04999999999999936,-3.1653875561922894e-05,0.08800000000000097,-0.0003597031313854835,0.028193548387096774,-0.007331378299120188,0.0,0.0
28,3,1229848,0,190,22.91,0.05,4.27,19.289,0.04999999999999936,-3.22806214843725e-05,0.08699999999999974,-0.00037104162625715623,0.02754838709677419,-0.007415647015202133,0.0,0.0
28,3,1229891,0,190,22.8,0.05,4.27,19.332,0.04999999999999936,-3.2836846652205764e-05,0.08899999999999864,-0.00036895333317085694,0.02754838709677419,0.0,0.0,0.0
28,3,1229937,0,190,22.8,0.05,4.27,19.378,0.04999999999999936,-3.3544138028486436e-05,0.08999999999999986,-0.000372712644760961,0.02754838709677419,0.0,0.0,0.0
28,3,1229981,0,190,22.69,0.05,4.27,19.422,0.04999999999999936,-3.462955820535818e-05,0.08800000000000097,-0.00039351770687906594,0.02754838709677419,0.0,0.0,0.0
28,3,1230025,0,190,22.69,0.05,4.27,19.466,0.04999999999999936,-3.611063415509896e-05,0.08699999999999974,-0.00041506476040343757,0.02754838709677419,0.0,0.0,0.0
28,3,1230068,0,190,22.58,0.05,4.27,19.509,0.04999999999999936,-3.774931558175787e-05,0.08699999999999974,-0.00043390017910066646,0.02754838709677419,-0.007415647015202053,0.0,0.0
28,3,1230112,0,190,22.47,0.05,4.17,19.553,0.04999999999999936,-3.919953566582457e-05,0.08800000000000097,-0.0004454492689298198,0.026903225806451613,-0.00733137829912011,0.0,0.0
28,3,1230156,0,190,22.47,0.05,4.17,19.597,0.04999999999999936,-4.0213532938221165e-05,0.08699999999999974,-0.00046222451653127913,0.026903225806451613,0.0,0.0,0.0
28,3,1230199,0,190,22.36,0.05,4.17,19.64,0.04999999999999936,-4.074427970504679e-05,0.08699999999999974,-0.00046832505408099897,0.026903225806451613,0.0,0.0,0.0
28,3,1230243,0,190,22.25,0.05,4.17,19.684,0.04999999999999936,-4.089174340915314e-05,0.08800000000000097,-0.0004646789023767351,0.026903225806451613,-0.007331378299120149,0.0,0.0
28,3,1230287,0,190,22.25,0.05,4.07,19.728,0.04999999999999936,-4.07648354229142e-05,0.08999999999999986,-0.0004529426158101585,0.026258064516129033,0.0,0.0,0.0
28,3,1230333,0,190,22.03,0.05,4.17,19.774,0.04999999999999936,-4.036736307088517e-05,0.08899999999999864,-0.00045356587720096395,0.026903225806451613,0.0,0.0,0.0
28,3,1230376,0,190,22.03,0.05,4.07,19.817,0.04999999999999936,-3.957921609763115e-05,0.08699999999999974,-0.0004549335183635778,0.026258064516129033,-0.007415647015202093,0.0,0.0
28,3,1230420,0,190,21.92,0.05,4.07,19.861,0.04999999999999936,-3.824340522007219e-05,0.08899999999999864,-0.00042970118224800873,0.026258064516129033,0.0,0.0,0.0
28,3,1230465,0,190,21.92,0.05,4.07,19.906,0.04999999999999936,-3.630655844704478e-05,0.08800000000000097,-0.0004125745278073225,0.026258064516129033,-0.007331378299120149,0.0,0.0
28,3,1230508,0,190,21.81,0.05,3.97,19.949,0.04999999999999936,-3.3923479163889604e-05,0.08699999999999974,-0.0003899250478608012,0.025612903225806453,0.0,0.0,0.0
28,3,1230552,0,190,21.7,0.05,4.07,19.993,0.04999999999999936,-3.145784419666864e-05,0.08799999999999741,-0.0003574755022348814,0.026258064516129033,0.0,0.0,0.0
28,3,1230596,0,190,21.7,0.05,3.97,20.037,0.04999999999999936,-2.9373733772013465e-05,0.08699999999999974,-0.0003376291238162477,0.025612903225806453,-0.007415647015202093,0.0,0.0
28,3,1230639,0,190,21.7,0.05,3.97,20.08,0.04999999999999936,-2.806296521765006e-05,0.08699999999999974,-0.0003225628185936798,0.025612903225806453,0.0,0.0,0.0
28,3,1230683,0,190,21.59,0.05,3.97,20.124,0.04999999999999936,-2.7672149344500686e-05,0.09000000000000341,-0.00030746832604999595,0.025612903225806453,0.0,0.0,0.0
28,3,1230729,0,190,21.48,0.05,3.97,20.17,0.04999999999999936,-2.8006162947992853e-05,0.08999999999999986,-0.0003111795883110322,0.025612903225806453,0.0,0.0,0.0
28,3,1230773,0,190,21.37,0.05,3.97,20.214,0.04999999999999936,-2.8588485965538533e-05,0.08699999999999974,-0.000328603286960214,0.025612903225806453,0.0,0.0,0.0
28,3,1230816,0,190,21.48,0.05,3.97,20.257,0.04999999999999936,-2.890183135729263e-05,0.08699999999999974,-0.0003322049581298013,0.025612903225806453,-0.007415647015202093,0.0,0.0
28,3,1230860,0,190,21.37,0.05,3.87,20.301,0.04999999999999936,-2.8705293830959987e-05,0.08799999999999741,-0.0003261965208063731,0.024967741935483873,-0.007331378299120445,0.0,0.0
28,3,1230904,0,190,21.26,0.05,3.87,20.345,0.04999999999999936,-2.822269516056153e-05,0.0870000000000033,-0.0003243987949489708,0.024967741935483873,0.0,0.0,0.0
28,3,1230947,0,190,21.15,0.05,3.87,20.388,0.04999999999999936,-2.8040779560330354e-05,0.08699999999999974,-0.0003223078110382809,0.024967741935483873,0.0,0.0,0.0
28,3,1230991,0,190,21.15,0.05,3.87,20.432,0.04999999999999936,-2.8745762745699734e-05,0.08799999999999741,-0.0003266563948375066,0.024967741935483873,0.0,0.0,0.0
28,3,1231035,0,190,21.04,0.05,3.87,20.476,0.04999999999999936,-3.0516672164458303e-05,0.08699999999999974,-0.00035076634671791254,0.024967741935483873,0.0,0.0,0.0
28,3,1231078,0,190,21.04,0.05,3.87,20.519,0.04999999999999936,-3.2933336039810525e-05,0.08900000000000219,-0.0003700374835933676,0.024967741935483873,0.0,0.0,0.0
28,3,1231124,0,190,20.93,0.05,3.87,20.565,0.04999999999999936,-3.512521622776266e-05,0.09000000000000341,-0.0003902801803084592,0.024967741935483873,-0.0071684587813617695,0.0,0.0
28,3,1231168,0,190,20.82,0.05,3.77,20.609,0.04999999999999936,-3.617992054229102e-05,0.08799999999999741,-0.0004111354607078646,0.02432258064516129,-0.007331378299120485,0.0,0.006352343308865139
28,3,1231212,0,190,20.82,0.05,3.77,20.653,0.05055900621117947,-3.557816533152946e-05,0.08699999999999974,-0.000408944429098041,0.02432258064516129,0.0,0.0,0.0028557149996428772
28,3,1231255,0,190,20.71,0.05,3.77,20.696,0.05024844720496829,-3.342304276793806e-05,0.08699999999999974,-0.00038417290537859946,0.02432258064516129,0.0,0.0,-0.00676353552547032
28,3,1231299,0,190,20.6,0.05,3.77,20.74,0.04997057862046356,-3.03736859470205e-05,0.08799999999999741,-0.0003451555221252431,0.02432258064516129,-0.007331378299120445,0.0,-0.005943713037534541
28,3,1231343,0,190,20.6,0.05,3.67,20.784,0.04972540045766526,-2.7355121834272022e-05,0.0870000000000033,-0.0003144266877502412,0.02367741935483871,0.0,0.0,-0.005260527630921181
28,3,1231386,0,190,20.6,0.05,3.77,20.827,0.0495129127165734,-2.520004909380713e-05,0.08699999999999974,-0.0002896557367104276,0.02432258064516129,0.007415647015202093,0.0,-0.004509023683646933
28,3,1231430,0,190,20.49,0.05,3.77,20.871,0.04933311539718798,-2.438359439378246e-05,0.08799999999999741,-0.0002770862999293543,0.02432258064516129,-0.007331378299120445,0.0,-0.0037148206484590883
28,3,1231474,0,190,20.38,0.05,3.67,20.915,0.04918600849950901,-2.4948377036009715e-05,0.08999999999999986,-0.00027720418928899726,0.02367741935483871,-0.007168458781362013,0.0,-0.002905815262794584
28,3,1231520,0,190,20.38,0.05,3.67,20.961,0.04907159202353647,-2.6591904626600994e-05,0.08900000000000219,-0.00029878544524270044,0.02367741935483871,0.0,0.0,-0.0022038486543666212
28,3,1231563,0,190,20.27,0.05,3.67,21.004,0.04898986596927037,-2.879665754873617e-05,0.08699999999999974,-0.00033099606377857765,0.02367741935483871,0.0,0.0,0.004922350854647828
28,3,1231607,0,190,20.27,0.05,3.67,21.048,0.04949983654789083,-3.0927587369036666e-05,0.08799999999999741,-0.0003514498564663361,0.02367741935483871,0.0,-0.113636363636367,0.0020802995631370893
28,3,1231651,0,190,20.16,0.04,3.67,21.092,0.04917293233082643,-3.233864962819011e-05,0.0870000000000033,-0.00037170861641596417,0.02367741935483871,0.0,0.0,-0.006763535525470044
28,3,1231694,0,190,20.16,0.05,3.67,21.135,0.04891140895717491,-3.255725575533175e-05,0.08699999999999974,-0.00037422133052105567,0.02367741935483871,-0.007415647015202093,0.11494252873563254,-0.005260527630921316
28,3,1231738,0,190,20.05,0.05,3.57,21.179,0.04871526642693628,-3.150957545192901e-05,0.08799999999999741,-0.0003580633574082947,0.02303225806451613,-0.007331378299120445,0.0,-0.003714820648459167
28,3,1231782,0,190,19.94,0.05,3.57,21.223,0.048584504740110515,-2.9633003228417997e-05,0.08800000000000097,-0.0003367386730502008,0.02303225806451613,0.0,0.0,0.0041234509197894415
28,3,1231826,0,190,19.94,0.05,3.57,21.267,0.04907813010787775,-2.7739686080229033e-05,0.08800000000000097,-0.00031522370545714463,0.02303225806451613,0.0,0.0,0.002080299563137084
28,3,1231870,0,190,19.83,0.05,3.57,21.311,0.04876757110166658,-2.6658049534424856e-05,0.09100000000000108,-0.00029294559927939057,0.02303225806451613,0.0,0.0,-0.0057477664538793955
28,3,1231917,0,190,19.83,0.05,3.57,21.358,0.04855508336057472,-2.6848359300892798e-05,0.08999999999999986,-0.0002983151033432538,0.02303225806451613,0.0,0.0,0.0025789110457302895
28,3,1231960,0,190,19.72,0.05,3.57,21.401,0.048999673095782306,-2.8217670553551956e-05,0.08699999999999974,-0.00032434104084542575,0.02303225806451613,0.0,0.0,0.0013527071050940323
28,3,1232004,0,190,19.61,0.05,3.57,21.445,0.0486727688787179,-3.0231184809448753e-05,0.08800000000000097,-0.00034353619101645935,0.02303225806451613,-0.007331378299120149,-0.11363636363636241,-0.005943713037534538
28,3,1232048,0,190,19.61,0.04,3.47,21.489,0.04847662634847926,-3.2226824591233605e-05,0.08699999999999974,-0.00037042327116360577,0.022387096774193548,-0.007415647015202093,0.0,-0.0030060157890978495
28,3,1232091,0,190,19.5,0.05,3.47,21.532,0.04841124550506639,-3.37165683622116e-05,0.08699999999999974,-0.0003875467627840425,0.022387096774193548,0.0,0.11494252873563254,-0.01037075447238774
28,3,1232135,0,190,19.5,0.05,3.47,21.576,0.04757437070938153,-3.4494818814194696e-05,0.08800000000000097,-0.0003919865774340263,0.022387096774193548,0.0,0.0,-0.011553092216707554
28,3,1232179,0,190,19.39,0.05,3.47,21.62,0.047394573389996114,-3.454814476191226e-05,0.08699999999999974,-0.0003971051122058892,0.022387096774193548,0.0,0.0,-0.0030060157890979293
28,3,1232222,0,190,19.28,0.05,3.47,21.663,0.04731284733573001,-3.392058732489689e-05,0.08699999999999974,-0.0003898918083321493,0.022387096774193548,0.0,-0.11494252873563254,-0.0007515039472744624
28,3,1232266,0,190,19.28,0.04,3.47,21.707,0.047329192546583236,-3.268990372179648e-05,0.08999999999999986,-0.0003632211524644059,0.022387096774193548,-0.007168458781362013,0.0,0.0014529076313973689
28,3,1232312,0,190,19.28,0.05,3.37,21.753,0.047443609022555774,-3.106114670579485e-05,0.08999999999999986,-0.00034512385228661,0.021741935483870968,-0.007168458781362013,0.11111111111111131,0.003632269078493307
28,3,1232356,0,190,19.17,0.05,3.37,21.797,0.04765609676364763,-2.943418625187588e-05,0.08699999999999974,-0.00033832397990662033,0.021741935483870968,0.0,-0.11494252873563254,0.006012031578195779
28,3,1232399,0,190,19.17,0.04,3.37,21.84,0.047966655769858806,-2.830030651087512e-05,0.08699999999999974,-0.00032529087943534713,0.021741935483870968,0.0,0.0,0.008266543420019165
28,3,1232443,0,190,19.06,0.05,3.37,21.884,0.0483752860411893,-2.7977903846726714e-05,0.08800000000000097,-0.0003179307255309819,0.021741935483870968,0.0,0.11363636363636241,0.010401497815685263
28,3,1232487,0,190,19.06,0.05,3.37,21.928,0.04888198757763912,-2.836384170061823e-05,0.08699999999999974,-0.0003260211689726243,0.021741935483870968,0.0,0.0,0.002404812631278359
28,3,1232530,0,190,18.95,0.05,3.37,21.971,0.048584504740110515,-2.8904103985169182e-05,0.08699999999999974,-0.00033223108028930195,0.021741935483870968,0.0,0.0,0.00033817677627356787
28,3,1232574,0,190,18.95,0.05,3.37,22.015,0.04891140895717492,-2.8854081890461902e-05,0.08800000000000097,-0.00032788729420979077,0.021741935483870968,-0.007331378299120149,0.0,0.008172605426609822
28,3,1232618,0,190,18.84,0.05,3.27,22.059,0.04930369401765219,-2.7701324860437194e-05,0.08800000000000097,-0.00031478778250496465,0.021096774193548388,-0.007331378299120149,0.0,0.009658533685993318
28,3,1232662,0,190,18.73,0.05,3.27,22.103,0.04976135992154234,-2.549496899118564e-05,0.08999999999999986,-0.00028327743323539647,0.021096774193548388,0.0,0.0,0.01089680723547992
28,3,1232708,0,190,18.73,0.05,3.27,22.149,0.05028440666884538,-2.2866628305406422e-05,0.08899999999999864,-0.0002569284079259188,0.021096774193548388,0.0,0.0,0.00863174056293653
28,3,1232751,0,190,18.62,0.05,3.27,22.192,0.05052958483164368,-2.072294509825312e-05,0.08699999999999974,-0.00023819477124428944,0.021096774193548388,0.0,0.0,0.008867746577838736
28,3,1232795,0,190,18.62,0.05,3.27,22.236,0.051055900621117346,-1.979548193637548e-05,0.08800000000000097,-0.0002249486583679007,0.021096774193548388,0.0,0.0,0.009175607001693755
28,3,1232839,0,190,18.51,0.05,3.27,22.28,0.05133703824779274,-2.030385628803044e-05,0.08699999999999974,-0.00023337765848310918,0.021096774193548388,0.0,0.0,-0.0127755671036661
28,3,1232882,0,190,18.51,0.05,3.27,22.323,0.0499444262830984,-2.1903243704584518e-05,0.08699999999999974,-0.0002517614218917768,0.021096774193548388,0.0,0.0,-0.018036094734587494
28,3,1232926,0,190,18.4,0.05,3.27,22.367,0.04976789800588363,-2.3922992991867175e-05,0.08800000000000097,-0.00027185219308939674,0.021096774193548388,-0.0065982404692081385,0.0,-0.006426639721834023
28,3,1232970,0,190,18.4,0.05,3.18,22.411,0.049378881987577,-2.5742522327773632e-05,0.08699999999999974,-0.00029589106123877827,0.020516129032258065,-0.006674082313681888,0.0,-0.011009532827571012
28,3,1233013,0,190,18.29,0.05,3.18,22.454,0.048810068649884956,-2.7071448644360173e-05,0.08699999999999974,-0.0003111660763719569,0.020516129032258065,0.0,0.0,-0.014767052563943485
28,3,1233057,0,190,18.29,0.05,3.18,22.498,0.04809414841451392,-2.7966983889135654e-05,0.08999999999999986,-0.0003107442654348411,0.020516129032258065,0.0,0.0,-0.023391812865496863
28,3,1233103,0,190,18.18,0.05,3.18,22.544,0.04670480549199024,-2.8609608629619922e-05,0.08999999999999986,-0.00031788454032911077,0.020516129032258065,0.0,0.0,-0.022120518688024136
28,3,1233147,0,190,18.07,0.05,3.18,22.588,0.04610330173259175,-2.903189385953553e-05,0.1039999999999992,-0.00027915282557245915,0.020516129032258065,0.0,-0.09615384615384691,-0.017728267156184703
28,3,1233207,0,190,18.07,0.04,3.18,22.648,0.04486106570774705,-2.902151678897047e-05,0.1039999999999992,-0.0002790530460477951,0.020516129032258065,0.0,-0.09615384615384691,-0.015999446777478766
28,3,1233251,0,190,17.96,0.04,3.18,22.692,0.04443935926773397,-2.828521462465039e-05,0.08800000000000097,-0.0003214228934619327,0.020516129032258065,-0.007331378299120149,0.0,-0.016493803679158002
28,3,1233295,0,190,17.96,0.04,3.08,22.736,0.04340961098398113,-2.6761721882119006e-05,0.08699999999999974,-0.00030760599864504694,0.019870967741935485,-0.007415647015202093,0.11494252873563254,-0.020290606576410724
28,3,1233338,0,190,17.96,0.05,3.08,22.779,0.042674076495586244,-2.4841646019880146e-05,0.08699999999999974,-0.0002855361611480485,0.019870967741935485,0.0,0.0,-0.013527071050940481
28,3,1233382,0,190,17.85,0.04,3.08,22.823,0.04223275580254931,-2.329297620750559e-05,0.08800000000000097,-0.0002646929114489242,0.019870967741935485,0.0,-0.11363636363636241,-0.006686677167226325
28,3,1233426,0,190,17.85,0.04,3.08,22.867,0.04208564890487032,-2.2889027171947073e-05,0.08699999999999974,-0.00026309226634422,0.019870967741935485,0.0,0.0,-7.975740119433619e-17
28,3,1233469,0,190,17.73,0.04,3.08,22.91,0.0422327558025493,-2.3944390606966957e-05,0.08899999999999864,-0.000269038096707498,0.019870967741935485,0.0,0.0,0.006611545963100283
28,3,1233515,0,190,17.62,0.04,3.08,22.956,0.04267407649558624,-2.6034298395085644e-05,0.08999999999999986,-0.0002892699821676187,0.019870967741935485,0.0,0.11111111111111131,0.019287348806799453
28,3,1233559,0,190,17.62,0.05,3.08,23.0,0.04396861719516125,-2.8078985309547556e-05,0.08800000000000097,-0.00031907937851758235,0.019870967741935485,0.0,0.0,0.022883295194507533
28,3,1233603,0,190,17.51,0.04,3.08,23.044,0.04468780647270292,-2.8789225011120577e-05,0.08699999999999974,-0.00033091063231173174,0.019870967741935485,-0.007415647015202133,0.0,0.020290606576410884
28,3,1233646,0,190,17.51,0.05,2.98,23.087,0.04573389996730899,-2.7277719219752415e-05,0.08699999999999974,-0.00031353700252589075,0.0192258064516129,-0.007415647015202133,0.0,0.02386025032596452
28,3,1233690,0,190,17.4,0.04,2.98,23.131,0.04676364825106183,-2.3532106242180273e-05,0.08800000000000097,-0.0002674102982065911,0.0192258064516129,0.0,0.0,0.012964724063121833
28,3,1233734,0,190,17.4,0.05,2.98,23.175,0.046874795684863725,-1.8499781484896615e-05,0.08699999999999974,-0.00021264116649306517,0.0192258064516129,0.0,0.11494252873563254,0.001991485460277385
28,3,1233777,0,190,17.29,0.05,2.98,23.218,0.04693690748610596,-1.3739973063507715e-05,0.08699999999999974,-0.00015793072486790523,0.0192258064516129,0.0,0.0,0.0108592320381162
28,3,1233821,0,190,17.29,0.05,2.98,23.262,0.04781954887217983,-1.081749553493383e-05,0.08800000000000097,-0.00012292608562424672,0.0192258064516129,0.0,0.0,0.012778983030698984
28,3,1233865,0,190,17.29,0.05,2.98,23.306,0.048061457992807484,-1.0707699610316812e-05,0.08999999999999986,-0.00011897444011463143,0.0192258064516129,0.0,0.0,0.010315644182921004
28,3,1233911,0,190,17.18,0.05,2.98,23.352,0.04874795684864272,-1.3438852795067735e-05,0.08899999999999864,-0.00015099834601199933,0.0192258064516129,0.0,0.0,0.004003658388766247
28,3,1233954,0,190,17.07,0.05,2.98,23.395,0.048417783589407674,-1.8089299077303612e-05,0.08699999999999974,-0.00020792297790004212,0.0192258064516129,0.0,-0.11494252873563254,-0.00928107374883987
28,3,1233998,0,190,17.07,0.04,2.98,23.439,0.047940503432493654,-2.3138205107525956e-05,0.08800000000000097,-0.0002629341489491557,0.0192258064516129,0.0,0.0,0.003714820648459017
28,3,1234042,0,190,17.07,0.05,2.98,23.483,0.04874468780647207,-2.705091890076572e-05,0.08800000000000097,-0.0003073968056905162,0.0192258064516129,-0.007331378299120149,0.11363636363636241,0.006352343308864962
28,3,1234086,0,190,16.96,0.05,2.88,23.527,0.04849950964367378,-2.8873128202409947e-05,0.08800000000000097,-0.0003281037295728367,0.01858064516129032,-0.007331378299120149,-0.11363636363636241,-0.0008915569556301452
28,3,1234130,0,190,16.85,0.04,2.88,23.571,0.04866623079437662,-2.856740431273508e-05,0.08699999999999974,-0.0003283609691118984,0.01858064516129032,0.0,0.0,-0.00785321624901835
28,3,1234173,0,190,16.85,0.05,2.88,23.614,0.04781627983000918,-2.6923155402232447e-05,0.08699999999999974,-0.0003094615563475003,0.01858064516129032,0.0,0.11494252873563254,-0.014428875787669996
28,3,1234217,0,190,16.85,0.05,2.88,23.658,0.04741091860084933,-2.509090152772542e-05,0.09099999999999753,-0.00027572419261237476,0.01858064516129032,0.0,0.0,-0.009807126511932105
28,3,1234264,0,190,16.74,0.05,2.88,23.705,0.046923831317423385,-2.3995560292865648e-05,0.09099999999999753,-0.0002636874757457835,0.01858064516129032,0.0,0.0,-0.01124406812540199
28,3,1234308,0,190,16.74,0.05,2.88,23.749,0.04638770840143778,-2.3933540698042766e-05,0.08800000000000097,-0.00027197205338684664,0.01858064516129032,0.0,-0.11363636363636241,-0.018722696068233364
28,3,1234352,0,190,16.63,0.04,2.88,23.793,0.04527623406341883,-2.454272198954177e-05,0.08800000000000097,-0.0002788945680629716,0.01858064516129032,0.0,0.0,-0.015193616452197353
28,3,1234396,0,190,16.63,0.05,2.88,23.837,0.0450506701536444,-2.5135005878339278e-05,0.08699999999999974,-0.00028890811354413047,0.01858064516129032,-0.007415647015202093,0.11494252873563254,-0.011422859998572068
28,3,1234439,0,190,16.63,0.05,2.78,23.88,0.044282445243543064,-2.5189189188451254e-05,0.08699999999999974,-0.0002895309102120842,0.01793548387096774,-0.007415647015202093,-0.11494252873563254,-0.02389782552332838
28,3,1234483,0,190,16.52,0.04,2.78,23.924,0.042971559333114834,-2.470610924166783e-05,0.08800000000000097,-0.0002807512413825859,0.01793548387096774,0.0,-0.11363636363636241,-0.013373354334452336
28,3,1234527,0,190,16.52,0.04,2.78,23.968,0.043105590062111246,-2.420362768228479e-05,0.08800000000000097,-0.00027504122366232413,0.01793548387096774,0.0,0.0,0.0032318939641594537
28,3,1234571,0,190,16.41,0.04,2.78,24.012,0.04325596600196087,-2.4353567065380945e-05,0.08800000000000097,-0.00027674508028841676,0.01793548387096774,0.0,0.0,-0.006278046895895744
28,3,1234615,0,190,16.41,0.04,2.78,24.056,0.042553121935272414,-2.5486773876926438e-05,0.08999999999999986,-0.0002831863764102942,0.01793548387096774,0.0,0.0,-0.008862736551523712
28,3,1234661,0,190,16.3,0.04,2.78,24.102,0.042458319712323736,-2.7266658604575332e-05,0.08899999999999864,-0.0003063669506132107,0.01793548387096774,0.0,0.0,-0.0012121167599018264
28,3,1234704,0,190,16.3,0.04,2.78,24.145,0.042445243543641153,-2.873350756548021e-05,0.08699999999999974,-0.00033027020190207234,0.01793548387096774,0.0,0.0,-0.005410828420376209
28,3,1234748,0,190,16.19,0.04,2.78,24.189,0.04198757763975101,-2.8727117458495764e-05,0.08800000000000097,-0.00032644451657381195,0.01793548387096774,-0.007331378299120149,0.11363636363636241,0.0011515944010224482
28,3,1234792,0,190,16.19,0.05,2.68,24.233,0.04254658385093113,-2.6493086366592865e-05,0.08800000000000097,-0.00030105779962037016,0.01729032258064516,-0.007331378299120149,0.0,0.0041234509197895204
28,3,1234836,0,190,16.19,0.04,2.68,24.277,0.04235044132069249,-2.2160281229023137e-05,0.08800000000000097,-0.0002518213776025329,0.01729032258064516,0.0,0.0,0.0035662278225205807
28,3,1234880,0,190,16.08,0.05,2.68,24.321,0.042860411899312945,-1.68266726870554e-05,0.08799999999999741,-0.00019121218962563517,0.01729032258064516,0.0,0.113636363636367,0.01363339177984511
28,3,1234924,0,190,15.97,0.05,2.68,24.365,0.04355017979731882,-1.2196576543589188e-05,0.08699999999999974,-0.00014019053498378419,0.01729032258064516,0.0,-0.11494252873563254,0.007928366643745677
28,3,1234967,0,190,15.97,0.04,2.68,24.408,0.043550179797318816,-9.937261406141484e-06,0.0870000000000033,-0.0001142213954728863,0.01729032258064516,0.0,-0.11494252873562785,-0.0015030078945489432
28,3,1235011,0,190,15.97,0.04,2.68,24.452,0.04341941811049306,-1.1027982247845624e-05,0.09699999999999775,-0.00011369053863758639,0.01729032258064516,0.0,0.0,-0.004044175881209044
28,3,1235064,0,190,15.86,0.04,2.68,24.505,0.04315789473684155,-1.5342782535165966e-05,0.09699999999999775,-0.0001581730158264569,0.01729032258064516,0.0,0.0,-0.012503243766071526
28,3,1235108,0,190,15.86,0.04,2.68,24.549,0.04220660346518415,-2.1609138148381392e-05,0.08800000000000097,-0.0002455583880497859,0.01729032258064516,0.0,0.0,-0.01957710481737902
28,3,1235152,0,190,15.75,0.04,2.68,24.593,0.041435109512912176,-2.7769657363451828e-05,0.08800000000000097,-0.00031556428822104003,0.01729032258064516,0.0,0.11363636363636241,-0.015862284168919924
28,3,1235196,0,190,15.75,0.05,2.68,24.637,0.04081072245831918,-3.165045812353506e-05,0.08800000000000097,-0.00035966429685834904,0.01729032258064516,-0.007331378299120149,0.0,-0.006538084341287889
28,3,1235240,0,190,15.64,0.04,2.58,24.681,0.040859758090878835,-3.171582012596064e-05,0.08800000000000097,-0.00036040704688591234,0.01664516129032258,-0.007331378299120149,-0.11363636363636241,0.00241463342149829
28,3,1235284,0,190,15.64,0.04,2.58,24.725,0.041023210199411034,-2.7620720730796133e-05,0.08799999999999741,-0.00031387182648632894,0.01664516129032258,0.0,0.0,0.005015007875419868
28,3,1235328,0,190,15.53,0.04,2.58,24.769,0.04130107878391577,-2.0338035990971282e-05,0.08799999999999741,-0.0002311140453519532,0.01664516129032258,0.0,0.0,0.013967725638206488
28,3,1235372,0,190,15.53,0.04,2.58,24.813,0.04225237005557317,-1.1829730617906708e-05,0.08800000000000097,-0.00013442875702166567,0.01664516129032258,0.0,0.0,0.023291925465838116
28,3,1235416,0,190,15.53,0.04,2.58,24.857,0.04335076822490955,-4.426051263830999e-06,0.09100000000000108,-4.863792597616425e-05,0.01664516129032258,0.0,0.0,0.01620151669187258
28,3,1235463,0,190,15.42,0.04,2.58,24.904,0.04372670807453359,-1.5045896483245613e-07,0.08999999999999986,-1.671766275916182e-06,0.01664516129032258,0.0,0.0,0.0065380843412878135
28,3,1235506,0,190,15.31,0.04,2.58,24.947,0.04393919581562545,-1.804182400948484e-07,0.08699999999999974,-2.073772874653436e-06,0.01664516129032258,0.0,0.11494252873563254,0.0030060157890979293
28,3,1235550,0,190,15.31,0.05,2.58,24.991,0.04398823144818511,-4.548632434269173e-06,0.08800000000000097,-5.16890049348764e-05,0.01664516129032258,0.0,0.11363636363636241,-0.0007429641296917088
28,3,1235594,0,190,15.31,0.05,2.58,25.035,0.04387381497221258,-1.2126297194873014e-05,0.08699999999999974,-0.00013938272637785114,0.01664516129032258,0.0,0.0,-0.0045090236836468536
28,3,1235637,0,190,15.2,0.05,2.58,25.078,0.043595946387707835,-2.0892798541952475e-05,0.08699999999999974,-0.00024014710967761537,0.01664516129032258,0.0,-0.11494252873563254,0.0021042110523684945
28,3,1235681,0,190,15.2,0.04,2.58,25.122,0.04405688133376864,-2.845861616370682e-05,0.08800000000000097,-0.00032339336549666483,0.01664516129032258,0.0,0.0,-0.003714820648459017
28,3,1235725,0,190,15.09,0.05,2.58,25.166,0.04326904217064344,-3.2743452207459e-05,0.08800000000000097,-0.0003720846841756664,0.01664516129032258,-0.007331378299120149,0.0,-0.009509940860055119
28,3,1235769,0,190,15.09,0.04,2.48,25.21,0.04322000653808378,-3.2622783508213794e-05,0.08699999999999974,-0.00037497452308291827,0.016,-0.007415647015202093,-0.11494252873563254,-0.0030060157890978495
28,3,1235812,0,190,15.09,0.04,2.48,25.253,0.043007518796991925,-2.8303282976660516e-05,0.08899999999999864,-0.00031801441546810055,0.016,0.0,0.0,-0.012892514628045424
28,3,1235858,0,190,14.98,0.04,2.48,25.299,0.04207257273618775,-2.1254542223913654e-05,0.08999999999999986,-0.00023616158026570764,0.016,0.0,0.0,-0.012930877919436128
28,3,1235902,0,190,14.98,0.04,2.48,25.343,0.041843739784242676,-1.3711977497238514e-05,0.08800000000000097,-0.0001558179261049814,0.016,0.0,0.0,-0.013781984605782917
28,3,1235946,0,190,14.98,0.04,2.48,25.387,0.04085975809087884,-7.952687708242312e-06,0.08699999999999974,-9.141020354301535e-05,0.016,0.0,0.0,-0.021305136905231347
28,3,1235989,0,190,14.98,0.04,2.48,25.43,0.039990192873487554,-5.610007790844751e-06,0.08699999999999974,-6.448284817062951e-05,0.016,0.0,0.0,-0.0022545118418234667
28,3,1236033,0,190,14.87,0.04,2.48,25.474,0.0406636155606402,-7.230814914865214e-06,0.08800000000000097,-8.216835130528562e-05,0.016,0.0,0.0,0.01660524829861163
28,3,1236077,0,190,14.76,0.04,2.48,25.518,0.041451454723765394,-1.2171695825244467e-05,0.08800000000000097,-0.00013831472528686743,0.016,0.0,0.0,0.01957710481737902
28,3,1236121,0,190,14.76,0.04,2.48,25.562,0.042386400784569574,-1.883279716825692e-05,0.08699999999999974,-0.000216468932968471,0.016,0.0,0.11494252873563254,0.0067635355254704
28,3,1236164,0,190,14.65,0.05,2.48,25.605,0.04203988231448132,-2.514774614439963e-05,0.08699999999999974,-0.00028905455338390463,0.016,-0.007415647015202113,0.0,0.010521055261842552
28,3,1236208,0,190,14.65,0.04,2.38,25.649,0.04330173259234987,-2.918297276056858e-05,0.08999999999999986,-0.00032425525289520696,0.015354838709677418,0.0,-0.11111111111111131,0.020013802622497946
28,3,1236254,0,190,14.65,0.04,2.48,25.695,0.04384112455050613,-2.9674174035978497e-05,0.08999999999999986,-0.000329713044844206,0.016,0.0,0.11111111111111131,0.010170353419781352
28,3,1236298,0,190,14.54,0.05,2.38,25.739,0.04421706440013019,-2.6361947328410463e-05,0.08800000000000097,-0.00029956758327738834,0.015354838709677418,-0.007331378299120169,0.0,0.006686677167226247
28,3,1236342,0,190,14.54,0.04,2.38,25.783,0.044429552141222045,-2.005623918465904e-05,0.08699999999999974,-0.00023053148488113906,0.015354838709677418,0.0,0.0,-0.003419342960098983
28,3,1236385,0,190,14.54,0.05,2.38,25.826,0.04391958156260158,-1.2421836368804229e-05,0.08699999999999974,-0.0001427797283770605,0.015354838709677418,0.0,0.11494252873563254,-0.003607218946917499
28,3,1236429,0,190,14.43,0.05,2.38,25.87,0.044115724092840224,-5.5373594996184216e-06,0.08800000000000097,-6.292453976839046e-05,0.015354838709677418,0.0,-0.11363636363636241,0.0022288923890754417
28,3,1236473,0,190,14.43,0.04,2.38,25.914,0.044115724092840224,-1.3426182268694297e-06,0.08699999999999974,-1.543239341229234e-05,0.015354838709677418,0.0,-0.11494252873563254,-0.002254511841823387
28,3,1236516,0,190,14.32,0.04,2.38,25.957,0.04391958156260159,-1.1203212151751352e-06,0.08699999999999974,-1.2877255346840673e-05,0.015354838709677418,0.0,0.0,-0.0067635355254702404
28,3,1236560,0,190,14.32,0.04,2.38,26.001,0.043527296502124314,-5.13807194307514e-06,0.08800000000000097,-5.838718117130777e-05,0.015354838709677418,0.0,0.11363636363636241,-0.011144461945376894
28,3,1236604,0,190,14.32,0.05,2.38,26.045,0.04293886891140841,-1.2531892193307748e-05,0.09099999999999753,-0.0001377131010253636,0.015354838709677418,0.0,0.0,-0.005172989808491742
28,3,1236651,0,190,14.21,0.04,2.38,26.092,0.04305655442955158,-2.1470644080018086e-05,0.09099999999999753,-0.0002359411437364689,0.015354838709677418,0.0,-0.1098901098901129,-0.005352607510175534
28,3,1236695,0,190,14.21,0.04,2.38,26.136,0.04245178162798245,-2.9595225173787653e-05,0.08699999999999974,-0.0003401750019975602,0.015354838709677418,0.0,0.0,-0.015781582892764028
28,3,1236738,0,190,14.1,0.04,2.38,26.179,0.04168355671788111,-3.465497402475482e-05,0.08699999999999974,-0.00039833303476729794,0.015354838709677418,-0.007415647015202093,0.0,-0.0091683481567486
28,3,1236782,0,190,14.1,0.04,2.28,26.223,0.041654135338345326,-3.516842902453598e-05,0.08800000000000097,-0.00039964123891517725,0.014709677419354838,-0.007331378299120149,0.11363636363636241,-0.01485928259383591
28,3,1236826,0,190,14.1,0.05,2.28,26.267,0.04037593984962354,-3.08746335804373e-05,0.08800000000000097,-0.0003508481088686018,0.014709677419354838,0.0,0.0,-0.010401497815685263
28,3,1236870,0,190,14.1,0.04,2.28,26.311,0.04073880353056501,-2.279634968711308e-05,0.08699999999999974,-0.00026202700789785226,0.014709677419354838,0.0,-0.11494252873563254,0.010784081643388715
28,3,1236913,0,190,13.99,0.04,2.28,26.354,0.04131415495259835,-1.2908077964858933e-05,0.08699999999999974,-0.0001483687122397583,0.014709677419354838,0.0,0.0,0.00567385480192237
28,3,1236957,0,190,13.88,0.04,2.28,26.398,0.04123242889833226,-3.5707854973021646e-06,0.08800000000000097,-4.057710792388779e-05,0.014709677419354838,0.0,0.0,-0.0029718565187671505
28,3,1237001,0,190,13.99,0.04,2.28,26.442,0.04105263157894684,3.0553441589820094e-06,0.08999999999999986,3.394826843313349e-05,0.014709677419354838,0.0,0.0,-0.005085176709890599
28,3,1237047,0,190,13.88,0.04,2.28,26.488,0.040774762994442104,5.473735235250299e-06,0.08999999999999986,6.081928039167008e-05,0.014709677419354838,0.0,0.0,0.0027605244996549315
28,3,1237091,0,190,13.77,0.04,2.28,26.532,0.041301078783915784,3.134120287073827e-06,0.08800000000000097,3.561500326220219e-05,0.014709677419354838,0.0,0.0,0.004866415049481308
28,3,1237135,0,190,13.77,0.04,2.28,26.576,0.041203007518796464,-3.468654195367016e-06,0.08800000000000097,-3.941652494735202e-05,0.014709677419354838,0.0,0.0,-0.0029718565187673083
28,3,1237179,0,190,13.77,0.04,2.28,26.62,0.04103955541026426,-1.287605782220469e-05,0.08800000000000097,-0.00014631883888868805,0.014709677419354838,0.0,0.0,-0.004457784778150962
28,3,1237223,0,190,13.66,0.04,2.28,26.664,0.040810722458319175,-2.293395245006291e-05,0.08699999999999974,-0.00026360864885129856,0.014709677419354838,0.0,0.11494252873563254,-0.012437390327392451
28,3,1237266,0,190,13.66,0.05,2.28,26.707,0.03995750245178112,-3.124656719441621e-05,0.08699999999999974,-0.00035915594476340575,0.014709677419354838,0.0,0.0,-0.0064253587491966725
28,3,1237310,0,190,13.66,0.04,2.28,26.751,0.040251716247139066,-3.576388475287651e-05,0.08800000000000097,-0.00040640778128268315,0.014709677419354838,-0.007331378299120129,-0.11363636363636241,0.009472792653570311
28,3,1237354,0,190,13.66,0.04,2.18,26.795,0.040791108205295315,-3.5358761577688916e-05,0.08799999999999741,-0.00040180410883738584,0.01406451612903226,-0.007331378299120426,0.0,0.004792118636512362
28,3,1237398,0,190,13.55,0.04,2.18,26.839,0.04067342268715214,-3.018346899389579e-05,0.08999999999999986,-0.00033537187770995376,0.01406451612903226,0.0,0.0,0.005956921288729128
28,3,1237444,0,190,13.55,0.04,2.18,26.885,0.041327231121280936,-2.1641530758364615e-05,0.08999999999999986,-0.00024046145287071833,0.01406451612903226,0.0,0.0,0.013076168682575781
28,3,1237488,0,190,13.44,0.04,2.18,26.929,0.04185027786858396,-1.1975333610986016e-05,0.08699999999999974,-0.0001376475127699546,0.01406451612903226,0.0,0.0,0.010521055261842632
28,3,1237531,0,190,13.44,0.04,2.18,26.972,0.04224256292906124,-3.6370074723701683e-06,0.08699999999999974,-4.1804683590461826e-05,0.01406451612903226,0.0,0.0,0.007515039472744783
28,3,1237575,0,190,13.33,0.04,2.18,27.016,0.042504086302712754,1.337625428972089e-06,0.08799999999999741,1.5200288965592367e-05,0.01406451612903226,0.0,0.0,0.004457784778150906
28,3,1237619,0,190,13.33,0.04,2.18,27.06,0.04263484798953851,1.7922413721307428e-06,0.08800000000000097,2.0366379228758216e-05,0.01406451612903226,0.0,0.0,0.0014859282593835752
28,3,1237663,0,190,13.33,0.04,2.18,27.104,0.04263484798953851,-2.320891339454345e-06,0.08800000000000097,-2.6373765221071814e-05,0.01406451612903226,0.0,0.11363636363636241,-0.0014859282593835752
28,3,1237707,0,190,13.33,0.05,2.18,27.148,0.042504086302712754,-9.959337798404632e-06,0.08699999999999974,-0.00011447514710809956,0.01406451612903226,0.0,0.11494252873563254,0.005861730788740886
28,3,1237750,0,190,13.33,0.05,2.18,27.191,0.043144818568158966,-1.9244309867139987e-05,0.08699999999999974,-0.00022119896399011544,0.01406451612903226,0.0,-0.11494252873563254,0.007176862696471215
28,3,1237794,0,190,13.22,0.04,2.18,27.235,0.04312847335730575,-2.7915864439175043e-05,0.08999999999999986,-0.00031017627154638987,0.01406451612903226,0.0,0.0,-0.001452907631397292
28,3,1237840,0,190,13.11,0.05,2.18,27.281,0.04301405688133321,-3.3908141587339016e-05,0.08999999999999986,-0.0003767571287482119,0.01406451612903226,-0.007168458781362033,0.0,-0.003632269078493307
28,3,1237884,0,190,13.11,0.04,2.08,27.325,0.04280156914024135,-3.589023648765499e-05,0.08800000000000097,-0.0004078435964506204,0.013419354838709678,-0.007331378299120169,-0.11363636363636241,-0.005943713037534459
28,3,1237928,0,190,13.11,0.04,2.08,27.369,0.04249101013403017,-3.35756917722021e-05,0.08699999999999974,-0.000385927491634508,0.013419354838709678,0.0,0.0,-0.008266543420019245
28,3,1237971,0,190,13.11,0.04,2.08,27.412,0.04208237986269968,-2.7670779597161133e-05,0.08800000000000097,-0.000314440677240464,0.013419354838709678,0.0,0.0,-0.010401497815685185
28,3,1238016,0,190,13.0,0.04,2.08,27.457,0.041575678326249865,-1.950580501250343e-05,0.08900000000000219,-0.00021916634845508932,0.013419354838709678,0.0,0.0,-0.012488475708077597
28,3,1238060,0,190,13.0,0.04,2.08,27.501,0.040970905524680745,-1.055230363536408e-05,0.08800000000000097,-0.00011991254131095414,0.013419354838709678,0.0,0.0,-0.01485928259383591
28,3,1238104,0,190,12.89,0.04,2.08,27.545,0.04026806145799229,-2.0528890965363367e-06,0.08799999999999741,-2.3328285187913603e-05,0.013419354838709678,0.0,0.0,-0.0170881749829122
28,3,1238148,0,190,12.89,0.04,2.08,27.589,0.039467146126184516,5.114273316281892e-06,0.08699999999999974,5.8784750761861e-05,0.013419354838709678,0.0,0.0,-0.00916834815674868
28,3,1238191,0,190,12.89,0.04,2.08,27.632,0.03947041516835516,1.0353356550947713e-05,0.08500000000000085,0.0001218041947170307,0.013419354838709678,0.0,0.0,0.001772625005906047
28,3,1238233,0,190,12.78,0.04,2.08,27.674,0.03961781925168653,1.3164485386662595e-05,0.08599999999999852,0.0001530754114728235,0.013419354838709678,0.0,0.0,0.004001063417811531
28,3,1238277,0,190,12.89,0.04,2.08,27.718,0.039814506622286944,1.2996612236039873e-05,0.08800000000000097,0.0001476887754095424,0.013419354838709678,0.0,0.0,0.004671668391243942
28,3,1238321,0,190,12.78,0.04,2.08,27.762,0.040028926070116,9.253576970140287e-06,0.08699999999999974,0.00010636295367977372,0.013419354838709678,0.0,0.0,0.004770342101676389
28,3,1238364,0,190,12.78,0.04,2.08,27.805,0.04022952638513279,1.4945698642678805e-06,0.08699999999999974,1.7178963957102126e-05,0.013419354838709678,0.0,0.0,0.004090003300924058
28,3,1238408,0,190,12.67,0.04,2.08,27.849,0.040384756357296395,-1.0223288255854169e-05,0.08800000000000097,-0.00011617373018015973,0.013419354838709678,0.0,0.0,0.0026538453571946
28,3,1238452,0,190,12.67,0.04,2.08,27.893,0.040463064776565916,-2.4999682745117548e-05,0.08800000000000097,-0.0002840873039217872,0.013419354838709678,0.0,0.0,0.0005470917682276071
28,3,1238496,0,190,12.67,0.04,2.08,27.937,0.040432900432900425,-4.0932414237285106e-05,0.08699999999999974,-0.0004704875199687957,0.013419354838709678,0.0,0.0,-0.002302904141458631
28,3,1238539,0,190,12.56,0.04,2.08,27.98,0.040262712116259015,-5.531469938104161e-05,0.08699999999999974,-0.000635801142310825,0.013419354838709678,0.0,0.0,-0.005884503635628093
28,3,1238583,0,190,12.56,0.04,2.08,28.024,0.03992094861660078,-6.524272930859332e-05,0.08999999999999986,-0.0007249192145399269,0.013419354838709678,-0.007168458781362033,0.0,-0.009851704359713545
28,3,1238629,0,190,12.56,0.04,1.98,28.07,0.0393760587238848,0.0,0.0,0.0,0.012774193548387096,0.0,0.0,0.0
