MS,MPT,t (ms),PWMi,PWMe,Pressure (Psi),LW raw(V),Displacement (mm),t_rel(s),LW (V),delta d (m),delta t (s),vel (m/s),strain,strain rate (1/s),dv/dt raw,dv/dt
30,4,116305,74,249,28.42,0.06,6.05,0.0,0.0551430453604367,0.0,0.0,0.0,0.0,0.0,0.0,0.0
30,4,116350,74,249,26.77,0.06,5.66,0.045,0.054993412384716764,-0.0010199538107242576,0.09,-0.011332820119158418,0.036516129032258066,-0.06379928315412187,0.0,0.002214033106481442
30,4,116395,74,249,25.11,0.06,5.16,0.09,0.05534230834002003,-0.0008654587946028168,0.09000000000000001,-0.009616208828920185,0.03329032258064516,-0.06451612903225809,-0.11111111111111105,0.012661943249280995
30,4,116440,45,228,23.79,0.05,4.76,0.135,0.056132987277152054,-0.0006075719269371325,0.089,-0.006826650864462163,0.030709677419354837,-0.04349401957230882,-0.11235955056179771,0.022094324796610457
30,4,116484,45,228,23.24,0.05,4.56,0.179,0.05730870324691836,-0.0002703493809484847,0.088,-0.003072152056232781,0.029419354838709676,-0.02199413489736069,0.0,0.030451397988323244
30,4,116528,45,228,23.02,0.05,4.46,0.223,0.0588127103001245,0.00010510764497810765,0.08900000000000002,0.001180984775034917,0.028774193548387096,-0.01377310619789778,0.0,0.036848980232108315
30,4,116573,210,27,22.91,0.05,4.37,0.268,0.060588262487576004,0.00046200493270984124,0.089,0.005191066659661138,0.028193548387096774,-0.006524102935846321,0.0,0.04231352314554948
30,4,116617,210,27,23.02,0.05,4.37,0.312,0.0625786138600784,0.0007355112022016339,0.09099999999999997,0.008082540683534442,0.028193548387096774,0.02764976958525345,0.10989010989010987,0.045480834954519295
30,4,116664,210,27,28.75,0.06,4.76,0.359,0.06472701846843726,0.0008669323080308198,0.09100000000000003,0.009526728659679335,0.030709677419354837,0.11910669975186101,0.32967032967032955,0.048330950586589864
30,4,116708,61,238,34.91,0.08,6.05,0.403,0.06697673036345808,0.0008212531069563651,0.08800000000000002,0.009332421669958691,0.03903225806451613,0.11656891495601167,0.34090909090909083,0.05163619463077529
30,4,116752,61,238,34.91,0.09,6.35,0.447,0.06927100359594549,0.0006020681196997373,0.08799999999999997,0.006841683178406108,0.040967741935483866,0.021994134897360657,0.11363636363636362,-0.012117069533347454
30,4,116796,61,238,34.58,0.09,6.35,0.491,0.0659104282445235,0.00025797003939129757,0.08900000000000002,0.002898539768441545,0.040967741935483866,0.0,-0.11235955056179767,-0.08110163048069503
30,4,116841,39,234,33.92,0.08,6.35,0.536,0.062052958483163626,-0.00012236957921223812,0.08899999999999997,-0.0013749390922723388,0.040967741935483866,-0.007249003262051427,-0.11235955056179774,-0.06633584449643823
30,4,116885,39,234,33.04,0.08,6.25,0.58,0.060006538084340505,-0.00042548560665064006,0.08799999999999997,-0.004835063711939093,0.04032258064516129,-0.014662756598240387,0.0,-0.009732830098962727
30,4,116929,39,234,32.49,0.08,6.15,0.624,0.061196469434454906,-0.0005360257047409256,0.08800000000000008,-0.006091201190237786,0.03967741935483871,-0.007331378299120184,-0.11363636363636348,0.09966863799815616
30,4,116973,65,223,31.94,0.07,6.15,0.668,0.06877737822817825,-0.00036428283674324913,0.08799999999999997,-0.004139577690264196,0.03967741935483871,0.0,-0.11363636363636362,0.2778685845047368
30,4,117017,65,223,31.61,0.07,6.15,0.712,0.08564890487087173,0.00012543729469716958,0.09099999999999997,0.0013784318098590067,0.03967741935483871,-0.007089684509039383,0.0,0.43787203316460693
30,4,117064,65,223,31.5,0.07,6.05,0.759,0.10862373324615747,0.0008918326679820519,0.09100000000000008,0.009800358988813748,0.03903225806451613,0.0,0.0,0.5272138779820954
30,4,117108,244,45,31.39,0.07,6.15,0.803,0.13362536776724246,0.0018080431739451645,0.08799999999999997,0.020545945158467787,0.03967741935483871,0.0,0.0,0.564838479598198
30,4,117152,244,45,32.05,0.07,6.05,0.847,0.15832951945079887,0.0026767245239533643,0.08799999999999997,0.030417324135833698,0.03903225806451613,0.10923753665689151,0.45454545454545464,0.557557431127218
30,4,117196,244,45,42.18,0.11,7.64,0.891,0.18269042170643762,0.003272508912439335,0.08900000000000008,0.03676976306111609,0.04929032258064516,0.3240304458137002,1.3483146067415719,0.5096400013223024
30,4,117241,236,61,51.54,0.19,10.52,0.936,0.20368747956848382,0.0034044561468458243,0.08899999999999997,0.03825231625669467,0.06787096774193548,0.3885465748459589,1.685393258426967,0.408189501599622
30,4,117285,236,61,58.15,0.26,13.0,0.98,0.21901928734880396,0.0029792559857057537,0.08799999999999997,0.03385518165574721,0.08387096774193549,0.30498533724340193,1.477272727272728,0.2709590180986025
30,4,117329,236,61,62.67,0.32,14.68,1.024,0.22753187316116083,0.0020411807458437254,0.08899999999999997,0.02293461512183962,0.09470967741935483,0.20877129394708233,1.1235955056179776,0.1236359095099729
30,4,117374,21,255,65.97,0.36,15.88,1.069,0.23002288329519155,0.0007713935141575714,0.09000000000000008,0.00857103904619523,0.10245161290322581,0.0860215053763441,0.4444444444444438,0.027242018088699502
30,4,117419,21,255,63.11,0.36,15.88,1.114,0.2299836547891438,-0.0005557970321114159,0.09099999999999997,-0.006107659693532045,0.10245161290322581,-0.10563629918468628,-0.7692307692307696,-0.03139717425431719
30,4,117465,21,255,55.51,0.29,14.39,1.16,0.22716574043804869,-0.0016461477489731582,0.09099999999999997,-0.018089535703001744,0.09283870967741936,-0.2396313364055301,-1.5384615384615388,-0.07479281098110704
30,4,117510,3,223,48.68,0.22,12.5,1.205,0.22317750898986305,-0.002264224881689332,0.08900000000000019,-0.025440729007745248,0.08064516129032258,-0.24501631025733916,-1.3483146067415699,-0.10222184675170913
30,4,117554,3,223,44.72,0.17,11.01,1.249,0.21806799607714655,-0.0022927178442214338,0.08799999999999986,-0.0260536118661527,0.07103225806451613,-0.17448680351906193,-0.9090909090909104,-0.1230720080834479
30,4,117598,3,223,41.85,0.14,10.12,1.293,0.21234717227851965,-0.0017555633194287327,0.08799999999999986,-0.01994958317532654,0.06529032258064515,-0.12316715542522011,-0.6818181818181831,-0.13581384290766318
30,4,117642,238,69,39.54,0.11,9.33,1.337,0.2061163779012722,-0.0008013397911035352,0.08800000000000008,-0.009106133989812892,0.06019354838709678,-0.07258064516129013,-0.3409090909090908,-0.10951291271657274
30,4,117686,238,69,39.65,0.11,9.13,1.381,0.20271003595946124,0.00034442187814509497,0.08899999999999997,0.0038699087432033158,0.05890322580645162,0.03552011598405223,0.3370786516853935,-0.0005876929744971566
30,4,117731,238,69,45.82,0.14,9.82,1.426,0.20606407322654197,0.0014419278089832393,0.08899999999999997,0.016201436055991458,0.06335483870967742,0.19427328742297933,0.8988764044943823,0.16323172366676103
30,4,117775,233,26,52.98,0.19,11.81,1.47,0.21723765936580297,0.0022962583839363725,0.08800000000000008,0.02609384527200421,0.07619354838709677,0.2763929618768325,1.3636363636363624,0.3725965110404416
30,4,117819,233,26,58.48,0.26,13.59,1.514,0.23885256619810086,0.002796393924712799,0.09099999999999997,0.030729603568272524,0.0876774193548387,0.22474299893654742,1.208791208791209,0.5906907737571281
30,4,117866,233,26,62.56,0.3,14.98,1.561,0.2709905197777016,0.002924410213670253,0.09099999999999997,0.0321363759743984,0.09664516129032258,0.16873449131513657,0.8791208791208796,0.7850371269789282
30,4,117910,242,26,65.31,0.34,15.97,1.605,0.3102909447531833,0.002735888687605652,0.08800000000000008,0.031089644177336926,0.10303225806451613,0.13123167155425208,0.7954545454545449,0.8756575232547651
30,4,117954,242,26,68.06,0.37,16.77,1.649,0.348048381824121,0.002323033001104882,0.08800000000000008,0.026398102285282728,0.10819354838709677,0.11656891495601156,0.6818181818181812,0.7956402864869574
30,4,117998,242,26,70.6,0.4,17.56,1.693,0.3803072899640356,0.0017768948358152094,0.08899999999999997,0.019965110514777642,0.11329032258064516,0.10076114534251546,0.5617977528089888,0.62567263297471
30,4,118043,225,0,72.8,0.42,18.16,1.738,0.4037332461588702,0.0011625300569064016,0.08899999999999997,0.01306213547085845,0.11716129032258064,0.07176513229430975,0.3370786516853931,0.4169681654061821
30,4,118087,225,0,73.57,0.43,18.55,1.782,0.4174174566851858,0.000513252196572715,0.08800000000000008,0.005832411324689938,0.11967741935483872,0.0432551319648094,0.11363636363636363,0.17091889803560123
30,4,118131,225,0,74.01,0.43,18.75,1.826,0.4187741091860031,-0.0001583511207960413,0.08800000000000008,-0.0017994445545004675,0.12096774193548387,0.029325513196480735,0.0,-0.11070165532407993
30,4,118175,40,234,74.45,0.43,18.95,1.87,0.4076757110166668,-0.0008410654067470702,0.08899999999999997,-0.009450173109517646,0.12225806451612903,0.014498006524102854,0.0,-0.3652144528394715
30,4,118220,40,234,72.03,0.43,18.95,1.915,0.38627002288329015,-0.0015078397427866399,0.09099999999999997,-0.016569667503149893,0.12225806451612903,-0.09145693016660753,-0.32967032967032944,-0.5665142311104969
30,4,118266,40,234,65.86,0.4,17.66,1.961,0.3561229159856116,-0.002108798520623637,0.08999999999999986,-0.023431094673596,0.11393548387096775,-0.19211469534050202,-0.8888888888888905,-0.7240201954160678
30,4,118310,64,243,60.35,0.35,16.27,2.005,0.32110820529584416,-0.0025768451597746704,0.08899999999999975,-0.02895331640196267,0.10496774193548387,-0.20877129394708302,-1.2359550561797792,-0.8140649621121602
30,4,118355,64,243,55.18,0.29,14.78,2.05,0.28367113435762953,-0.002842283261223111,0.0900000000000003,-0.03158092512470113,0.09535483870967741,-0.21290322580645085,-1.2222222222222179,-0.8172242199702023
30,4,118400,64,243,50.66,0.24,13.3,2.095,0.2475580254985257,-0.0028499675094819494,0.08899999999999997,-0.032022106848111805,0.08580645161290323,-0.20804639362087704,-1.1235955056179776,-0.7685554873994856
30,4,118444,31,234,46.81,0.19,11.91,2.139,0.21526969597907533,-0.0025733881042244136,0.08899999999999997,-0.028914473081173196,0.07683870967741936,-0.1805001812250816,-0.8988764044943822,-0.6583630546811499
30,4,118489,31,234,43.72,0.16,10.81,2.184,0.1889637136319034,-0.0020228257061285257,0.08900000000000041,-0.022728378720545128,0.06974193548387098,-0.1370061616527722,-0.6741573033707834,-0.5035426867118858
30,4,118533,31,234,41.19,0.13,10.02,2.228,0.1704543968617173,-0.0012469535046846136,0.08799999999999963,-0.014169926189597941,0.06464516129032258,-0.10117302052785976,-0.5681818181818206,-0.32560402983743675
30,4,118577,227,18,38.88,0.11,9.43,2.272,0.16031055900620908,-0.0003281369594719479,0.08799999999999963,-0.003728829084908514,0.060838709677419354,-0.05058651026392976,-0.22727272727272826,-0.12693542155784604
30,4,118621,227,18,39.21,0.11,9.33,2.316,0.15928407976462688,0.0006282287702194687,0.09100000000000019,0.006903612859554586,0.06019354838709678,0.013470400567174651,0.1098901098901096,0.08176197780643586
30,4,118668,227,18,43.95,0.12,9.62,2.363,0.16775089898659476,0.0015094807067030694,0.09100000000000019,0.016587700073660068,0.06206451612903225,0.13328606876993948,0.5494505494505483,0.3003207972152024
30,4,118712,234,68,49.56,0.16,11.21,2.407,0.18661327231121036,0.0022139644656247468,0.08899999999999997,0.024876005231738735,0.0723225806451613,0.23051830373323684,1.123595505617978,0.5416692684324321
30,4,118757,234,68,54.96,0.22,12.8,2.452,0.2159594638770812,0.0026671488024259133,0.08899999999999997,0.029967964072201283,0.08258064516129032,0.21602029720913377,1.2359550561797759,0.7457089230158838
30,4,118801,234,68,59.36,0.27,14.19,2.496,0.252981366459624,0.002830691799951795,0.08800000000000008,0.03216695227217946,0.0915483870967742,0.189149560117302,1.0227272727272718,0.8314140093316175
30,4,118845,237,35,62.89,0.31,15.38,2.54,0.2891238966982636,0.0027026340243220836,0.08899999999999997,0.03036667443058522,0.09922580645161291,0.1507792678506706,0.7865168539325846,0.7505573900554913
30,4,118890,237,35,65.86,0.34,16.27,2.585,0.3197809741745627,0.00231161560730672,0.08899999999999997,0.025973209070862032,0.10496774193548387,0.12250815512866974,0.6741573033707867,0.6044422242709775
30,4,118934,237,35,68.28,0.37,17.07,2.629,0.3429192546583806,0.001710783954682519,0.08800000000000008,0.01944072675775588,0.11012903225806452,0.10190615835777118,0.5681818181818176,0.45461975095841767
30,4,118978,238,0,70.27,0.39,17.66,2.673,0.3597875122589035,0.0009755401232175665,0.09100000000000019,0.01072022113425895,0.11393548387096775,0.08436724565756816,0.4395604395604384,0.31882142048862766
30,4,119025,238,0,72.14,0.41,18.26,2.72,0.37193200392284576,0.00020430292230099313,0.09099999999999975,0.002245087058252678,0.11780645161290323,0.07018787663948962,0.3296703296703303,0.2103682522119892
30,4,119069,238,0,73.79,0.42,18.65,2.764,0.37893102321019445,-0.00048375808585979387,0.08799999999999963,-0.0054972509756794985,0.12032258064516128,0.05791788856305006,0.22727272727272843,0.12752979286159946
30,4,119113,61,246,75.0,0.43,19.05,2.808,0.38315462569466646,-0.0009619425533599503,0.08800000000000008,-0.010931165379090335,0.12290322580645162,0.02199413489736071,0.11363636363636363,0.07760260334630956
30,4,119157,61,246,71.7,0.43,18.95,2.852,0.3857600523046697,-0.0011242624364930691,0.08899999999999997,-0.012632162207787298,0.12225806451612903,-0.12250815512866989,-0.5617977528089888,0.0866112521166115
30,4,119202,61,246,63.99,0.38,17.36,2.897,0.3908630271330449,-0.0009235723667292497,0.08899999999999997,-0.010377217603699439,0.112,-0.25154041319318593,-1.4606741573033715,0.11588570840878396
30,4,119246,245,11,56.83,0.3,15.48,2.941,0.39607388035305147,-0.0004042501290777416,0.08800000000000008,-0.004593751466792514,0.09987096774193549,-0.17448680351906148,-1.1363636363636351,0.092424737733662
30,4,119290,245,11,56.83,0.28,14.98,2.985,0.39899640405360715,0.00028979060788340404,0.08899999999999997,0.0032560742458809457,0.09664516129032258,0.007249003262051427,0.11235955056179789,0.02685022277236759
30,4,119335,245,11,60.9,0.31,15.58,3.03,0.3984635501797922,0.0009433878585217528,0.08899999999999997,0.010599863578896102,0.10051612903225807,0.1370061616527729,0.8988764044943819,-0.067254114769091
30,4,119379,255,62,66.19,0.36,16.87,3.074,0.39301078783915805,0.0013299558310268759,0.09100000000000019,0.01461489924205355,0.10883870967741936,0.18291386033321475,1.0989010989010963,-0.16223070816074894
30,4,119426,255,62,71.7,0.41,18.16,3.121,0.383700555737164,0.0012824413755702189,0.09200000000000008,0.013939580169241498,0.11716129032258064,0.17391304347826073,0.7608695652173907,-0.240807595548414
30,4,119471,255,62,76.54,0.43,19.35,3.166,0.37085648904870394,0.0007489778686870778,0.08899999999999997,0.008415481670641328,0.12483870967741936,0.15077926785067045,0.44943820224719155,-0.3295121046387297
30,4,119515,32,252,80.07,0.45,20.24,3.21,0.35437397842431706,-0.00018748530791031827,0.08800000000000008,-0.002130514862617251,0.1305806451612903,0.04325513196480924,0.11363636363636363,-0.41249368480489224
30,4,119559,32,252,75.33,0.44,19.94,3.254,0.3345570447858734,-0.0013325864707315063,0.08899999999999997,-0.014972881693612435,0.12864516129032258,-0.1652772743747733,-0.5617977528089888,-0.4755170779905245
30,4,119604,32,252,65.31,0.4,17.96,3.299,0.3120529584831604,-0.002438037770121838,0.08899999999999997,-0.02739368281035774,0.11587096774193549,-0.3233055454874955,-1.5730337078651693,-0.5066648056389078
30,4,119648,56,229,55.84,0.3,15.48,3.343,0.2894638770840106,-0.003272001106012917,0.08800000000000008,-0.03718183075014675,0.09987096774193549,-0.3350439882697944,-1.9318181818181803,-0.5378688816903844
30,4,119692,56,229,49.78,0.23,13.39,3.387,0.2647204968944065,-0.0036779278449549386,0.08800000000000008,-0.04179463460176063,0.08638709677419355,-0.2690615835777125,-1.3636363636363624,-0.624981425896749
30,4,119736,56,229,45.6,0.18,11.81,3.431,0.23446551160509665,-0.0036049063629768094,0.08899999999999997,-0.04050456587614394,0.07619354838709677,-0.20079739035882577,-1.01123595505618,-0.7184913921344552
30,4,119781,51,249,42.07,0.14,10.62,3.476,0.20077476299444003,-0.0031062379569335745,0.09099999999999975,-0.03413448304322619,0.06851612903225807,-0.15526409074796219,-0.6593406593406611,-0.7331276111923305
30,4,119827,51,249,38.0,0.12,9.62,3.522,0.16775089898659476,-0.0023145758166091,0.08999999999999986,-0.025717509073434484,0.06206451612903225,-0.15698924731182826,-0.44444444444444525,-0.6904217064400054
30,4,119871,51,249,34.58,0.1,8.43,3.566,0.13863680941483963,-0.0014057778892194355,0.08900000000000041,-0.015795257182240775,0.054387096774193545,-0.16527727437477263,-0.44943820224718883,-0.5842402782726135
30,4,119916,220,43,31.5,0.08,7.34,3.611,0.11575351422033192,-0.000560445594277633,0.08899999999999997,-0.0062971415087374515,0.04735483870967742,-0.09351214208046395,-0.22471910112359564,-0.46519572012590726
30,4,119960,220,43,31.94,0.08,7.14,3.655,0.0972343903236339,7.245145326340819e-05,0.08799999999999963,0.0008233119689023692,0.04606451612903226,0.01466275659824052,0.11363636363636405,-0.36174923474694315
30,4,120004,220,43,37.23,0.09,7.54,3.699,0.08391958156260106,0.0004063906104556736,0.08800000000000008,0.004618075118814469,0.04864516129032258,0.13856304985337226,0.4545454545454541,-0.20962732919254373
30,4,120048,70,244,43.17,0.12,9.03,3.743,0.07878718535469004,0.0004362952895736578,0.08899999999999997,0.004902194264872562,0.05825806451612903,0.12975715839072138,0.4494382022471913,-0.023948488710784935
30,4,120093,70,244,43.06,0.13,9.33,3.788,0.0817881660673412,0.00023770605294091496,0.08899999999999997,0.0026708545274260116,0.06019354838709678,0.007249003262051582,0.0,0.09142298834531279
30,4,120137,70,244,41.08,0.12,9.13,3.832,0.08692383131742287,-5.795503894495013e-05,0.08800000000000008,-0.0006585799880107964,0.05890322580645162,-0.036656891495601154,-0.3409090909090906,0.11612529347082982
30,4,120181,15,255,38.66,0.1,8.83,3.876,0.09200719189277423,-0.00030693547489548935,0.09100000000000019,-0.003372917306543832,0.05696774193548387,-0.07018787663948943,-0.32967032967032894,0.10618998523542321
30,4,120228,15,255,35.8,0.09,8.14,3.923,0.0965871199738464,-0.00040145533272307874,0.09100000000000019,-0.004411597062890966,0.052516129032258066,-0.09854661467564674,-0.21978021978021936,0.08636019096953906
30,4,120272,15,255,33.15,0.08,7.44,3.967,0.0998659692710023,-0.0003053606390959516,0.08800000000000008,-0.0034700072624539923,0.048,-0.10190615835777118,-0.22727272727272696,0.06370917412107248
30,4,120316,229,63,30.73,0.07,6.75,4.011,0.10219352729650079,-6.360636990565549e-05,0.08799999999999963,-0.0007227996580188154,0.043548387096774194,-0.05791788856305006,-0.22727272727272826,0.020282920740586543
30,4,120360,229,63,30.84,0.06,6.65,4.055,0.10165086629617391,0.00021854841353330558,0.08800000000000008,0.0024835046992421066,0.04290322580645162,0.04325513196480932,0.11363636363636348,-0.03465927665012262
30,4,120404,229,63,37.78,0.08,7.34,4.099,0.09914351095129,0.0004189168031348487,0.08999999999999986,0.00465463114594277,0.04735483870967742,0.1921146953405021,0.7777777777777791,-0.07406196651047836
30,4,120450,46,255,45.16,0.13,9.33,4.145,0.09498528931023087,0.0004466634209525751,0.08999999999999986,0.004962926899473064,0.06019354838709678,0.17060931899641615,0.6666666666666679,-0.09963314082307101
30,4,120494,46,255,44.94,0.14,9.72,4.189,0.09017652827721362,0.00027504098235984386,0.08800000000000008,0.0031254657086345864,0.06270967741935485,0.0,-0.11363636363636363,-0.09079021664833903
30,4,120538,46,255,41.41,0.12,9.33,4.233,0.08699575024517703,-5.4372270124043e-05,0.08800000000000008,-0.0006178667059550336,0.06019354838709678,-0.09457478005865108,-0.5681818181818179,-0.05364201016374864
30,4,120582,50,236,37.56,0.09,8.43,4.277,0.08545603138280373,-0.00045444076133838076,0.09100000000000019,-0.004993854520201976,0.054387096774193545,-0.1127259836937254,-0.43956043956043855,-0.038545958781329305
30,4,120629,50,236,35.02,0.08,7.74,4.324,0.08348806799607605,-0.0008282765020466351,0.09100000000000019,-0.009101939582930037,0.049935483870967745,-0.08436724565756801,-0.2197802197802192,-0.0587709119909176
30,4,120673,50,236,33.04,0.07,7.24,4.368,0.08010787839163022,-0.0011010358072372926,0.08800000000000008,-0.012511770536787405,0.04670967741935484,-0.07258064516129029,-0.22727272727272713,-0.09454218550328249
30,4,120717,34,255,31.39,0.06,6.75,4.412,0.07516835567178719,-0.0012368328075095549,0.08899999999999952,-0.013896997837186084,0.043548387096774194,-0.07176513229430995,-0.22471910112359675,-0.11448993759435147
30,4,120762,34,255,29.3,0.05,6.25,4.457,0.069918273945733,-0.0012391956826084476,0.08900000000000041,-0.01392354699560047,0.04032258064516129,-0.07249003262051437,0.0,-0.13399399818549557
30,4,120806,34,255,27.32,0.06,5.75,4.501,0.06324288983327803,-0.0011400669750230464,0.08800000000000008,-0.012955306534352787,0.037096774193548385,-0.07258064516129029,0.0,-0.17069600879669303
30,4,120850,45,250,25.66,0.05,5.26,4.545,0.054897025171623995,-0.000984324978758342,0.08800000000000008,-0.011185511122253876,0.03393548387096774,-0.06524926686216995,-0.11363636363636348,-0.1810603584058936
30,4,120894,45,250,24.12,0.05,4.86,4.589,0.047309578293559376,-0.0008155063905275766,0.08900000000000041,-0.009162993151995199,0.031354838709677424,-0.057992026096411436,0.0,-0.12238706193916424
30,4,120939,45,250,22.8,0.05,4.46,4.634,0.04400457665903833,-0.0006659402652394783,0.08899999999999952,-0.007482474890331258,0.028774193548387096,-0.050018122508155446,0.0,-0.04411370389824069
30,4,120983,12,249,21.7,0.05,4.17,4.678,0.043383458646615976,-0.0005522673520954186,0.08999999999999986,-0.006136303912171328,0.026903225806451613,-0.03512544802867387,-0.11111111111111131,-0.006610729722857794
30,4,121029,12,249,20.6,0.04,3.97,4.724,0.04340961098398113,-0.0004758377790205346,0.08999999999999986,-0.005287086433561504,0.025612903225806453,-0.0358422939068101,-0.11111111111111131,-0.0069739566307070785
30,4,121073,12,249,19.83,0.04,3.67,4.768,0.04275580254985234,-0.00042670133048200264,0.08899999999999952,-0.00479439697170792,0.02367741935483871,-0.03624501631025755,0.0,-0.01179059030086199
30,4,121118,34,255,18.95,0.04,3.47,4.813,0.042360248447204416,-0.00038957279829979495,0.08900000000000041,-0.004377222452806665,0.022387096774193548,-0.028996013048205718,0.11235955056179725,-0.008374624886593405
30,4,121162,34,255,18.18,0.05,3.27,4.857,0.04201046093494552,-0.0003501051406697488,0.08800000000000008,-0.003978467507610778,0.021096774193548388,-0.028592375366568876,0.0,-0.01021575678326236
30,4,121206,34,255,17.29,0.04,3.08,4.901,0.04146126185027733,-0.0003000069883029717,0.08800000000000008,-0.0034091703216246752,0.019870967741935485,-0.02126099706744869,-0.11363636363636356,-0.017905435525572697
30,4,121250,78,244,16.63,0.04,2.98,4.945,0.040434782608695125,-0.00023994061546136526,0.08900000000000041,-0.002695961971476002,0.0192258064516129,-0.021747009786154327,0.0,-0.01164366705723735
30,4,121295,78,244,16.19,0.04,2.78,4.99,0.0404249754821832,-0.00017959623097337074,0.08899999999999952,-0.0020179351794760866,0.01793548387096774,-0.021747009786154504,0.0,-0.004481158930545558
30,4,121339,78,244,15.97,0.04,2.68,5.034,0.04003595946387657,-0.0001347992577606796,0.08800000000000008,-0.0015318097472804485,0.01729032258064516,-0.007331378299120223,0.0,-0.006426639721834087
30,4,121383,34,253,15.75,0.04,2.68,5.078,0.0398594311866618,-0.00012204442446208397,0.09200000000000053,-0.0013265698311096007,0.01729032258064516,-0.007012622720897571,0.0,-0.013324900152081365
30,4,121431,34,253,15.31,0.04,2.58,5.126,0.03881006864988508,-0.0001514898424983051,0.09199999999999964,-0.0016466287228076707,0.01664516129032258,-0.014025245441795278,0.0,-0.03734525349290027
30,4,121475,34,253,14.87,0.04,2.48,5.17,0.036423667865314986,-0.00022002818900432032,0.08800000000000008,-0.002500320329594547,0.016,-0.014662756598240467,0.0,-0.07229040981901297
30,4,121519,39,221,14.43,0.04,2.38,5.214,0.03244851258581193,-0.0003064036659961049,0.08800000000000008,-0.003481859840864825,0.015354838709677418,-0.014662756598240467,0.0,-0.08027727421319983
30,4,121563,39,221,14.43,0.04,2.28,5.258,0.029359267734553395,-0.0003704272179007115,0.08799999999999919,-0.004209400203417215,0.014709677419354838,-0.0073313782991202975,0.0,-0.05011293054771298
30,4,121607,39,221,14.43,0.04,2.28,5.302,0.02803857469761323,-0.00035807530022567404,0.08900000000000041,-0.004023317980063734,0.014709677419354838,0.0,0.0,0.015059632471505779
30,4,121652,20,233,14.54,0.04,2.28,5.347,0.030699575024517416,-0.00021328440595081433,0.08900000000000041,-0.002396453999447341,0.014709677419354838,0.0,0.0,0.08569298184395874
30,4,121696,20,233,14.43,0.04,2.28,5.391,0.035665250081725594,0.0001048171207325197,0.08799999999999919,0.0011911036446877348,0.014709677419354838,0.0,0.0,0.15769413652708794
30,4,121740,20,233,14.54,0.04,2.28,5.435,0.044576659038901026,0.0006034999556054477,0.08800000000000008,0.006857954040970991,0.014709677419354838,-0.007331378299120204,0.0,0.2546509554518672
30,4,121784,229,47,14.54,0.04,2.18,5.479,0.05807453416148993,0.001243852792406705,0.09100000000000019,0.013668712004469258,0.01406451612903226,-0.007089684509039309,0.0,0.34346496915963537
30,4,121831,229,47,16.74,0.04,2.18,5.526,0.07583197123242791,0.0019414318767821302,0.09100000000000019,0.021334416228375012,0.01406451612903226,0.0985466146756467,0.21978021978021928,0.4327708904367877
30,4,121875,229,47,27.98,0.06,3.57,5.57,0.0974566851912377,0.0025837074574902607,0.08800000000000008,0.029360312016934755,0.02303225806451613,0.2763929618768326,0.6818181818181812,0.5365686944634237
30,4,121919,221,15,38.22,0.1,5.95,5.614,0.12305001634520923,0.00306025532918476,0.08800000000000008,0.03477562874073588,0.03838709677419355,0.3277126099706741,1.0227272727272718,0.6109394038455738
30,4,121963,221,15,45.05,0.15,8.04,5.658,0.15121935272964823,0.0032943599404086487,0.08900000000000041,0.037015280229310485,0.051870967741935475,0.2732874229793391,1.0112359550561751,0.6619994049608516
30,4,122008,221,15,49.45,0.19,9.72,5.703,0.1819679633867253,0.0032631899829891637,0.08899999999999952,0.03666505598864248,0.06270967741935485,0.2080463936208784,0.898876404494387,0.7094923434624612
30,4,122052,233,0,52.76,0.23,10.91,5.747,0.21436417129780694,0.002999599400480102,0.08800000000000008,0.0340863568236375,0.07038709677419355,0.17448680351906132,0.7954545454545449,0.7440414276798614
30,4,122096,233,0,55.95,0.26,12.1,5.791,0.24744360902255316,0.002577611621881337,0.08800000000000008,0.029291041157742437,0.07806451612903226,0.1752199413489735,0.7954545454545445,0.7482391750126202
30,4,122140,233,0,58.92,0.3,13.3,5.835,0.2802092186989176,0.0020896298230969118,0.08899999999999952,0.02347898677636992,0.08580645161290323,0.1515041681768765,0.7865168539325885,0.7274904408064565
30,4,122185,224,57,61.35,0.33,14.19,5.88,0.31219025825432745,0.0016238721717565863,0.09100000000000019,0.01784474914018223,0.0915483870967742,0.11201701524282139,0.5494505494505482,0.6730275282089495
30,4,122231,224,57,63.0,0.35,14.88,5.926,0.3414547237659321,0.001247472140757127,0.08999999999999986,0.0138608015639681,0.096,0.08530465949820812,0.4444444444444449,0.6145436053902803
30,4,122275,224,57,64.21,0.37,15.38,5.97,0.3674991827394526,0.0009973297799108333,0.08899999999999952,0.01120595258326785,0.09922580645161291,0.06524102935846347,0.44943820224719383,0.5270136748808962
30,4,122320,233,62,65.31,0.39,15.78,6.015,0.3883589408303316,0.0008786602349523279,0.08900000000000041,0.009872586909576672,0.10180645161290322,0.06451612903225769,0.337078651685392,0.4247550973182758
30,4,122364,233,62,66.63,0.4,16.27,6.059,0.4053023864007793,0.0008700118328155888,0.08800000000000008,0.009886498100177136,0.10496774193548387,0.07258064516129029,0.3409090909090903,0.3532794436684551
30,4,122408,233,62,68.06,0.42,16.77,6.103,0.4194475318731557,0.0009327505780062459,0.08999999999999986,0.010363895311180527,0.10819354838709677,0.06379928315412188,0.33333333333333354,0.2947223130289455
30,4,122454,247,10,69.38,0.43,17.16,6.149,0.43182739457338437,0.001022534085162004,0.08999999999999986,0.011361489835133395,0.11070967741935483,0.07096774193548418,0.22222222222222276,0.25255166902763887
30,4,122498,247,10,71.48,0.44,17.76,6.193,0.44217718208564316,0.001100227443463755,0.08800000000000008,0.012502584584815386,0.11458064516129034,0.094574780058651,0.22727272727272727,0.21698267407649333
30,4,122542,247,10,74.23,0.45,18.45,6.237,0.4509218698921158,0.0011399719957429042,0.08900000000000041,0.012808674109470774,0.11903225806451613,0.10076114534251464,0.22471910112359467,0.16830057557180367
30,4,122587,243,82,76.43,0.46,19.15,6.282,0.45715593331153376,0.0011326543928630636,0.09100000000000019,0.01244675156992375,0.12354838709677418,0.09145693016660715,0.10989010989010975,0.1384493244578207
30,4,122633,243,82,78.19,0.46,19.74,6.328,0.4635207584177775,0.0010840754133464507,0.08999999999999986,0.012045282370516138,0.1273548387096774,0.06379928315412205,0.11111111111111077,0.13156078602302682
30,4,122677,243,82,79.63,0.47,20.04,6.372,0.46899640405360615,0.001008800430313638,0.08899999999999952,0.011334836295658915,0.12929032258064516,0.050743022834360864,0.11235955056179783,0.10898031595843488
30,4,122722,255,50,80.84,0.47,20.44,6.417,0.47322000653807816,0.0009223557087838579,0.08900000000000041,0.010363547289706222,0.1318709677419355,0.057992026096411436,0.11235955056179733,0.08378297967684155
30,4,122766,255,50,82.49,0.48,20.84,6.461,0.4764530892448451,0.0008350092680459582,0.08900000000000041,0.009382126607257913,0.1344516129032258,0.057267125770206144,0.11235955056179733,0.05891622069340272
30,4,122811,255,50,84.36,0.48,21.23,6.506,0.47846355017979103,0.0007493319186055487,0.09399999999999942,0.007971616155378227,0.13696774193548386,0.06108442004118096,0.0,0.03954149944704416
30,4,122860,252,22,86.12,0.48,21.73,6.555,0.4801699901928672,0.0006617516387468712,0.09299999999999997,0.007115609018783563,0.14019354838709677,0.05549774540409324,0.0,0.034307367296220775
30,4,122904,252,22,87.34,0.48,22.03,6.599,0.48165413533833956,0.0005666591149883188,0.08800000000000008,0.006439308124867254,0.14212903225806453,0.035923753665689055,0.0,0.026523819429997837
30,4,122948,252,22,88.33,0.48,22.22,6.643,0.482504086302707,0.0004610784608616214,0.08800000000000008,0.005239527964336602,0.1433548387096774,0.028592375366568876,0.0,0.01415346667062923
30,4,122992,248,49,89.32,0.48,22.42,6.687,0.48289964040535494,0.00034829950168286674,0.09100000000000019,0.003827467051460066,0.1446451612903226,0.028358738036157464,0.10989010989010975,0.006035154776573802
30,4,123039,248,49,89.98,0.49,22.62,6.734,0.48305328538737524,0.00023943106371027056,0.0909999999999993,0.0026311105902227733,0.14593548387096775,0.028358738036157436,0.0,0.003412736331991694
30,4,123083,248,49,90.53,0.48,22.82,6.778,0.4832101994115662,0.0001521212405557648,0.08800000000000008,0.0017286504608609622,0.1472258064516129,0.021994134897360868,-0.11363636363636363,-0.003491931409552423
30,4,123127,231,40,90.97,0.48,22.92,6.822,0.48274599542333463,0.00010595409787607225,0.08900000000000041,0.0011904954817536153,0.1478709677419355,0.014498006524102781,0.0,-0.008007316777533269
30,4,123172,231,40,90.97,0.48,23.02,6.867,0.4824975482183657,0.0001147958254523438,0.08899999999999952,0.0012898407354196,0.14851612903225805,0.007249003262051151,0.0,0.002754810817958924
30,4,123216,231,40,90.75,0.48,23.02,6.911,0.48299117358613297,0.00017771304153414746,0.08800000000000008,0.0020194663810698555,0.14851612903225805,0.0,0.11363636363636363,0.028827008232042126
30,4,123260,247,8,90.53,0.49,23.02,6.955,0.4850343249427854,0.0002714972079874407,0.08900000000000041,0.003050530426825162,0.14851612903225805,0.0,0.0,0.07243315910685191
30,4,123305,247,8,90.53,0.48,23.02,7.0,0.4894377247466428,0.00034851811640388417,0.08999999999999986,0.003872423515598719,0.14851612903225805,0.0,-0.11111111111111138,0.10795103701282072
30,4,123350,247,8,90.75,0.48,23.02,7.045,0.49474991827393927,0.0003429707185071145,0.08900000000000041,0.0038536035787316058,0.14851612903225805,0.007249003262051703,0.0,0.06839276990718028
30,4,123394,231,35,90.97,0.48,23.12,7.089,0.4955246812683819,0.00018638234058247248,0.09100000000000019,0.002048157588818375,0.14916129032258066,0.007089684509039595,0.0,-0.044760731259585976
30,4,123441,231,35,90.86,0.48,23.12,7.136,0.49067669172931694,-0.0001701021685402502,0.0909999999999993,-0.001869254599343423,0.14916129032258066,0.0,0.0,-0.17272038193908043
30,4,123485,231,35,90.64,0.48,23.12,7.18,0.4798071265119257,-0.0007326842905189537,0.08800000000000008,-0.008325957846806285,0.14916129032258066,0.0,0.0,-0.3026835864364426
30,4,123529,53,237,90.42,0.48,23.12,7.224,0.46404053612290996,-0.001449496791234786,0.08800000000000008,-0.016471554445849825,0.14916129032258066,-0.02932551319648105,0.0,-0.4086674195369788
30,4,123573,53,237,85.46,0.48,22.72,7.268,0.4438443935926715,-0.002210758204753841,0.08899999999999952,-0.024839979828694972,0.14658064516129032,-0.13700616165277374,0.0,-0.47750054177945805
30,4,123618,53,237,75.77,0.48,21.23,7.313,0.4215429879045384,-0.0028682252575039546,0.08900000000000041,-0.03222725008431395,0.13696774193548386,-0.24429140993113327,-0.22471910112359403,-0.5001634521085229
30,4,123662,16,245,67.4,0.46,19.35,7.357,0.3993298463550128,-0.003270450781944252,0.08800000000000008,-0.037164213431184645,0.12483870967741936,-0.28372434017595266,-0.5681818181818176,-0.4839296858747578
30,4,123706,16,245,60.13,0.43,17.36,7.401,0.3789571755475597,-0.003303289338050151,0.08800000000000008,-0.03753737884147895,0.112,-0.2983870967741934,-1.1363636363636358,-0.41657998751819714
30,4,123750,16,245,54.08,0.36,15.28,7.445,0.3626708074534114,-0.0029220015970667763,0.09100000000000019,-0.0321099076600744,0.09858064516129032,-0.2743707904998222,-1.6483516483516445,-0.3242458750794772
30,4,123797,222,76,49.01,0.28,13.49,7.492,0.3494508009153272,-0.0021639964541529493,0.0909999999999993,-0.023780180814867755,0.08703225806451613,-0.15455512229705895,-1.098901098901107,-0.24043625547384798
30,4,123841,222,76,49.45,0.26,13.1,7.536,0.3407911082052914,-0.0011385660869930856,0.08900000000000041,-0.012792877381944723,0.08451612903225807,-0.02827111272200058,-0.22471910112359467,-0.14927401552243733
30,4,123886,222,76,50.99,0.26,13.1,7.581,0.3361654135338302,1.2842156392807169e-06,0.08900000000000041,1.4429389205401247e-05,0.08451612903225807,0.0572671257702063,0.22471910112359467,-0.04220370173112216
30,4,123930,234,25,54.19,0.28,13.89,7.625,0.3370349787512215,0.0010935894783287168,0.08799999999999919,0.012427153162826441,0.08961290322580645,0.13049853372434136,0.6818181818181881,0.08503224464322821
30,4,123974,234,25,58.15,0.32,14.88,7.669,0.34364825106243424,0.0019967496419811344,0.08800000000000008,0.02269033684069469,0.096,0.15249266862170077,0.9090909090909078,0.2533507682249065
30,4,124018,234,25,62.12,0.36,15.97,7.713,0.3593298463550133,0.002606358514886839,0.08900000000000041,0.029284927133559853,0.10303225806451613,0.1442551649148236,0.898876404494378,0.38629793829957654
30,4,124063,255,50,65.42,0.4,16.87,7.758,0.3780287675710967,0.0028599429114722543,0.08899999999999952,0.03213419001654236,0.10883870967741936,0.15150416817687634,0.7865168539325885,0.43548049410286455
30,4,124107,255,50,69.94,0.43,18.06,7.802,0.39808761033016804,0.002735648922400493,0.08800000000000008,0.03108691957273285,0.11651612903225805,0.17448680351906132,0.5681818181818176,0.4338167553270477
30,4,124151,255,50,74.78,0.45,19.25,7.846,0.41620464203987695,0.002251719578778161,0.09100000000000019,0.024744171195364352,0.12419354838709677,0.15455512229705742,0.3296703296703293,0.36509094044235707
30,4,124198,255,8,78.86,0.46,20.24,7.893,0.4313108859104226,0.0014696336364220172,0.09100000000000019,0.016149820180461693,0.1305806451612903,0.11981566820276492,0.2197802197802189,0.2614156030305058
30,4,124242,255,8,81.83,0.47,20.94,7.937,0.43999346191565303,0.0004977637499581959,0.08800000000000008,0.0056564062495249486,0.1350967741935484,0.08724340175953098,0.11363636363636301,0.09699396713126553
30,4,124286,255,8,84.03,0.47,21.43,7.981,0.439846355017974,-0.0005121127021215806,0.08899999999999952,-0.005754075304736892,0.13825806451612904,0.07176513229430964,0.11235955056179846,-0.041358893080282934
30,4,124331,53,255,85.79,0.48,21.93,8.026,0.43631252043150787,-0.001383493492781394,0.08999999999999986,-0.01537214991979329,0.14148387096774193,0.0,0.0,-0.1071519378155517
30,4,124376,53,255,79.74,0.47,21.43,8.071,0.43020268061457434,-0.0019518673448517666,0.08900000000000041,-0.021931093762379297,0.13825806451612904,-0.19427328742297836,-0.33707865168539136,-0.13998112036319194
30,4,124420,53,255,67.84,0.45,19.25,8.115,0.4238542007191837,-0.002112079454780954,0.08800000000000097,-0.02400090289523785,0.12419354838709677,-0.3929618768328404,-1.2499999999999862,-0.16620107581205584
30,4,124464,227,20,55.4,0.36,16.07,8.159,0.41557698594311326,-0.0018581786787639344,0.08799999999999919,-0.02111566680413581,0.1036774193548387,-0.2983870967741962,-1.3636363636363762,-0.21178192516865188
30,4,124508,227,20,55.84,0.33,15.18,8.203,0.40521739130434253,-0.0012943670570360873,0.08899999999999864,-0.014543450079057383,0.09793548387096775,-0.06451612903225898,-0.44943820224719766,-0.2553893282302001
30,4,124553,227,20,56.83,0.32,15.18,8.248,0.3928473357306258,-0.0006056611394568527,0.09100000000000108,-0.006655616917108193,0.09793548387096775,0.04962779156327485,0.10989010989010868,-0.2733422184223026
30,4,124599,237,28,59.8,0.34,15.88,8.294,0.3803432494279127,3.911412949797466e-06,0.08999999999999986,4.346014388663858e-05,0.10245161290322581,0.1068100358422942,0.5555555555555564,-0.244052159383964
30,4,124643,237,28,63.22,0.37,16.67,8.338,0.3708826413860691,0.00038127071469492077,0.08899999999999864,0.0042839406145497375,0.10754838709677421,0.11453425154041504,0.6741573033707968,-0.1766017388365892
30,4,124688,237,28,66.63,0.4,17.46,8.383,0.3646256946714565,0.0004741229624264598,0.08900000000000041,0.0053272242969264905,0.11264516129032259,0.11525915186661773,0.6741573033707834,-0.09652857106126173
30,4,124732,15,232,69.38,0.43,18.26,8.427,0.36229159856161675,0.00034158057357158,0.08800000000000097,0.00388159742694973,0.11780645161290323,0.05865102639296119,0.22727272727272435,-0.004197747332758738
30,4,124776,15,232,67.62,0.42,18.26,8.471,0.36425629290617373,0.0001227284438711145,0.08800000000000097,0.0013946414076262857,0.11780645161290323,-0.06598240469208146,-0.34090909090908683,0.10412642277630635
30,4,124820,15,232,62.89,0.4,17.36,8.515,0.3714547237659318,-2.3361880012323865e-05,0.08900000000000041,-0.00026249303384633435,0.112,-0.151504168176875,-0.7865168539325808,0.2048844632342915
30,4,124865,242,59,58.37,0.35,16.17,8.56,0.38249101013402576,1.8037708410119537e-05,0.08899999999999864,0.00020267088101258218,0.1043225806451613,-0.10076114534251697,-0.6741573033707968,0.2963441823905144
30,4,124909,242,59,58.26,0.34,15.97,8.604,0.3978293559986872,0.00027373313294437194,0.08799999999999919,0.003110603783458801,0.10303225806451613,0.0,0.0,0.31966031679990303
30,4,124953,242,59,60.9,0.35,16.17,8.648,0.41062111801241696,0.0006751672964010105,0.09100000000000108,0.007419420839571455,0.1043225806451613,0.09145693016660655,0.5494505494505428,0.24068772025620114
30,4,125000,246,38,65.86,0.39,17.26,8.695,0.41973193854200175,0.0010867912127586728,0.09100000000000108,0.011942760579765493,0.11135483870967743,0.1552640907479597,0.8791208791208689,0.14739428600167087
30,4,125044,246,38,70.16,0.43,18.36,8.739,0.42403399803856917,0.001356186878962639,0.08799999999999919,0.015411214533666492,0.1184516129032258,0.14589442815249393,0.5681818181818233,0.06850129275758507
30,4,125088,246,38,73.9,0.44,19.25,8.783,0.4257600523046692,0.0013662441000948996,0.08899999999999864,0.015351057304437308,0.12419354838709677,0.1072852482783635,0.22471910112359916,0.0143984778751963
30,4,125133,231,23,76.65,0.45,19.84,8.828,0.4253154625694616,0.0010727868268847161,0.08900000000000041,0.012053784571738328,0.128,0.07176513229430907,0.22471910112359467,-0.015463671391473137
30,4,125177,231,23,77.97,0.46,20.24,8.872,0.42438378555082806,0.0005188416439310543,0.08800000000000097,0.005895927771943734,0.1305806451612903,0.04398826979472097,0.1136363636363625,-0.007206752058011247
30,4,125221,231,23,78.64,0.46,20.44,8.916,0.4246812683883566,-0.00017568690513208195,0.08800000000000097,-0.0019964421037736366,0.1318709677419355,0.029325513196480753,0.0,0.012296056346399027
30,4,125265,54,243,79.3,0.46,20.64,8.96,0.4254658385093112,-0.0008452051600226333,0.08900000000000041,-0.009496687191265498,0.13316129032258064,-0.0072490032620513905,0.0,0.027952147099551763
30,4,125310,54,243,75.66,0.46,20.34,9.005,0.42716900948021674,-0.001323489051640813,0.08999999999999986,-0.014705433907120166,0.13122580645161291,-0.12831541218637998,-0.33333333333333415,0.011695906432749703
30,4,125355,54,243,67.29,0.43,18.85,9.05,0.42651847008825866,-0.001492118326521748,0.0909999999999993,-0.0163969046870523,0.12161290322580647,-0.24601205246366728,-0.879120879120886,-0.03786341151493049
30,4,125401,220,77,59.47,0.38,16.87,9.096,0.4237234390323581,-0.0013184157191830793,0.0909999999999993,-0.014488084826187795,0.10883870967741936,-0.17582417582417717,-0.7692307692307752,-0.09214388096375682
30,4,125446,220,77,59.14,0.36,16.37,9.141,0.41813337692055685,-0.0008692749601290793,0.08900000000000041,-0.009767134383472756,0.10561290322580646,-0.028996013048205874,-0.22471910112359467,-0.13450822953818256
30,4,125490,220,77,59.36,0.36,16.47,9.185,0.4117522066034598,-0.0002941271463741231,0.08799999999999919,-0.0033423539360696113,0.10625806451612903,0.0073313782991201,0.0,-0.1536821302267522
30,4,125534,236,70,60.68,0.36,16.47,9.229,0.4046093494606028,0.00021835077994999353,0.08899999999999864,0.0024533795499999647,0.10625806451612903,0.03624501631025783,0.22471910112359916,-0.18016462749448187
30,4,125579,236,70,63.33,0.38,16.97,9.274,0.39571755475645115,0.0004955935224438619,0.08900000000000041,0.00556846654431303,0.10948387096774193,0.08626313881841217,0.44943820224718933,-0.23257949465749983
30,4,125623,236,70,66.52,0.4,17.66,9.318,0.3839097744360852,0.0004310970792755171,0.08800000000000097,0.00489883044631264,0.11393548387096775,0.0945747800586502,0.4545454545454493,-0.29948884067876436
30,4,125667,35,237,69.38,0.42,18.26,9.362,0.3693625367767196,1.4382965910922252e-05,0.08800000000000097,0.00016344279444229653,0.11780645161290323,0.051319648093840924,0.22727272727272435,-0.3907619840114024
30,4,125711,35,237,67.4,0.42,18.36,9.406,0.3495227198430814,-0.0006668337883799822,0.08900000000000041,-0.007492514476179541,0.1184516129032258,-0.07249003262051437,-0.33707865168539136,-0.5036161483336976
30,4,125756,35,237,62.12,0.39,17.26,9.451,0.3245406995750203,-0.0014515027699168854,0.0909999999999993,-0.015950579889196664,0.11135483870967743,-0.1694434597660416,-0.8791208791208854,-0.5241244535131395
30,4,125802,23,233,56.72,0.34,15.97,9.497,0.3018273945733861,-0.00214838040582719,0.08999999999999986,-0.023870893398079927,0.10303225806451613,-0.1849462365591402,-1.1111111111111132,-0.466746576586388
30,4,125846,23,233,52.54,0.29,14.68,9.541,0.28253350768224544,-0.00258447538386638,0.08900000000000041,-0.02903904925692548,0.09470967741935483,-0.17252627763682418,-1.0112359550561754,-0.43397453085571
30,4,125891,23,233,49.23,0.25,13.59,9.586,0.2632036613272277,-0.002646880911019844,0.08900000000000041,-0.02974023495527901,0.0876774193548387,-0.15802827111272125,-0.8988764044943777,-0.4372803038372604
30,4,125935,55,255,46.48,0.21,12.5,9.63,0.2436155606407291,-0.0023104477548915093,0.08799999999999919,-0.02625508812376739,0.08064516129032258,-0.15982404692082255,-0.7954545454545529,-0.44492406906594417
30,4,125979,55,255,43.17,0.18,11.41,9.674,0.224050343249425,-0.001647447145327952,0.08799999999999919,-0.018720990287817808,0.07361290322580645,-0.1818181818181835,-0.7954545454545525,-0.4429180659157755
30,4,126023,55,255,39.65,0.14,10.02,9.718,0.2046387708401412,-0.0008163864017436104,0.08900000000000041,-0.00917288091846749,0.06464516129032258,-0.18702428416092698,-0.6741573033707834,-0.4245714432637452
30,4,126068,245,30,36.46,0.12,8.83,9.763,0.1862634847989515,-2.758051410322082e-05,0.08900000000000041,-0.00030989341689012013,0.05696774193548387,-0.10076114534251487,-0.33707865168539186,-0.42060451568588575
30,4,126112,245,30,37.67,0.11,8.63,9.807,0.1672049689440972,0.0005127135317751605,0.08999999999999986,0.005696817019724015,0.05567741935483871,0.09964157706093207,0.33333333333333387,-0.41636700446768665
30,4,126158,245,30,45.93,0.15,10.22,9.853,0.14879045439685976,0.0006679290748215045,0.0909999999999993,0.007339879943093513,0.06593548387096775,0.3098192130450219,1.3186813186813289,-0.33538217258387076
30,4,126203,28,255,55.18,0.23,13.0,9.898,0.1366851912389652,0.0004239118507366939,0.08900000000000041,0.00476305450265946,0.08387096774193549,0.23704240666908188,1.0112359550561751,-0.19529772158779582
30,4,126247,28,255,53.42,0.24,13.49,9.942,0.13140895717554585,-9.642677558656665e-05,0.08800000000000097,-0.0010957588134837,0.08703225806451613,-0.05131964809384108,-0.34090909090908716,-0.05423638146750105
30,4,126291,28,255,48.68,0.2,12.3,9.986,0.13191238966982505,-0.0006690053015783129,0.08900000000000041,-0.0075169135008798845,0.07935483870967742,-0.19427328742297836,-0.8988764044943777,0.07059661856154702
30,4,126336,69,242,43.61,0.16,10.81,10.031,0.13769205622752356,-0.0010444883196415412,0.08999999999999986,-0.011605425773794921,0.06974193548387098,-0.19211469534050224,-0.7777777777777791,0.1668664414659814
30,4,126381,69,242,39.87,0.13,9.62,10.076,0.14693036940176335,-0.0010346501734673304,0.08899999999999864,-0.011625282847947711,0.06206451612903225,-0.12903225806451826,-0.5617977528089974,0.2500266298379069
30,4,126425,69,242,36.57,0.11,9.03,10.12,0.15994442628309694,-0.0005759146779904025,0.08799999999999919,-0.006544484977163725,0.05825806451612903,-0.11583577712610078,-0.4545454545454588,0.3365256025439084
30,4,126469,255,32,33.92,0.09,8.04,10.164,0.17654462242562702,0.00025191768456179987,0.08800000000000097,0.0028627009609295128,0.051870967741935475,-0.08724340175952978,-0.22727272727272482,0.40695860203868417
30,4,126513,255,32,36.13,0.09,7.84,10.208,0.19575678326250154,0.001255686019871126,0.09100000000000108,0.01379874747111111,0.05058064516129032,0.14037575327897747,0.6593406593406514,0.44839763048326825
30,4,126560,255,32,47.03,0.15,10.02,10.255,0.21734880679960492,0.0021940403601006173,0.0909999999999993,0.024110333627479497,0.06464516129032258,0.4076568592697656,1.7582417582417718,0.4708857667340803
30,4,126604,211,26,58.26,0.25,13.59,10.299,0.23860738803530251,0.0028518067069319597,0.08799999999999919,0.032406894396954385,0.0876774193548387,0.37096774193548726,1.7045454545454701,0.5048069779191039
30,4,126648,211,26,61.46,0.3,15.08,10.343,0.26177182085648565,0.0030953838244446316,0.08900000000000041,0.03477959353308559,0.09729032258064516,0.151504168176875,0.898876404494378,0.5792081571784763
30,4,126693,211,26,63.0,0.33,15.68,10.388,0.29015691402418714,0.002892234543008353,0.08900000000000041,0.032497017337172356,0.10116129032258064,0.07901413555636078,0.561797752808986,0.623248399454904
30,4,126737,223,53,64.32,0.35,16.17,10.432,0.31724092840797236,0.0022969190591191906,0.08800000000000097,0.02610135294453597,0.1043225806451613,0.07258064516128972,0.34090909090908683,0.5322966507176907
30,4,126781,223,53,66.08,0.36,16.67,10.476,0.33699901928734444,0.001420887317865077,0.08799999999999919,0.01614644679392148,0.10754838709677421,0.07991202346041128,0.45454545454545914,0.33856875390056057
30,4,126825,223,53,67.84,0.39,17.26,10.52,0.3470349787512214,0.0004043146372414412,0.08899999999999864,0.004542861092600533,0.11135483870967743,0.07176513229431052,0.4494382022471983,0.1203301365284252
30,4,126870,0,230,69.38,0.4,17.66,10.565,0.3477084014383741,-0.000601916092267306,0.08900000000000041,-0.006763102160306777,0.11393548387096775,0.03624501631025726,0.11235955056179733,-0.06905392450349024
30,4,126914,0,230,67.51,0.4,17.76,10.609,0.34088917947041075,-0.0014476088998457185,0.09100000000000108,-0.01590779010819452,0.11458064516129034,-0.05600850762141015,-0.32967032967032606,-0.2179481192230405
30,4,126961,0,230,62.89,0.37,16.87,10.656,0.3278751225890772,-0.001996618814722977,0.0909999999999993,-0.021940866095857058,0.10883870967741936,-0.1403757532789804,-0.879120879120886,-0.32320409240971365
30,4,127005,30,238,58.59,0.32,15.78,10.7,0.31147760706112704,-0.00214771050523669,0.08899999999999864,-0.024131578710524976,0.10180645161290322,-0.15875317143892972,-1.011235955056195,-0.3193744008286488
30,4,127050,30,238,54.52,0.28,14.68,10.745,0.2994508009153279,-0.0018608769474135621,0.08900000000000041,-0.0209087297462197,0.09470967741935483,-0.17325117796302916,-0.898876404494378,-0.1813032826325679
30,4,127094,30,238,50.77,0.24,13.39,10.789,0.2953416149068284,-0.0011801439044372176,0.08800000000000097,-0.013410726186786417,0.08638709677419355,-0.16715542521993945,-0.9090909090908993,-0.05007578234122704
30,4,127138,237,38,47.69,0.2,12.4,10.833,0.29504413206929986,-0.00024108428206922382,0.08800000000000097,-0.0027395941144229678,0.08,-0.08724340175952994,-0.5681818181818118,0.009138458795209501
30,4,127182,237,38,47.69,0.19,12.2,10.877,0.29614579928080687,0.0007461490353551525,0.08900000000000041,0.008383697026462349,0.07870967741935483,0.02174700978615417,0.11235955056179701,0.02258944870725896
30,4,127227,237,38,51.65,0.21,12.7,10.922,0.2970545930042459,0.0015399627831495285,0.08899999999999864,0.017302952619657887,0.08193548387096773,0.14425516491482648,0.7865168539325964,-0.009990780566462102
30,4,127271,242,75,57.49,0.26,14.19,10.966,0.29525661981039175,0.0019281592290187302,0.08799999999999919,0.0219109003297585,0.0915483870967742,0.22580645161290536,1.2500000000000118,-0.06088591042824451
30,4,127315,242,75,62.78,0.32,15.78,11.01,0.29169663288656045,0.0017891976185109505,0.09200000000000053,0.019447800201205873,0.10180645161290322,0.20196353436185016,1.1956521739130366,-0.10649260201543417
30,4,127363,242,75,67.4,0.37,17.07,11.058,0.28545930042497175,0.001133448458350701,0.09200000000000053,0.012320091938594504,0.11012903225806452,0.15287517531556727,0.8695652173912995,-0.11999516750287577
30,4,127407,56,247,70.71,0.4,17.96,11.102,0.2806570774762958,0.00010853877593790529,0.08800000000000097,0.0012333951811125466,0.11587096774193549,0.06524926686216945,0.34090909090908744,-0.10553805462271967
30,4,127451,56,247,67.73,0.4,17.96,11.146,0.2761719516181723,-0.0010361628644722546,0.08799999999999919,-0.011774578005366639,0.11587096774193549,-0.10923753665689263,-0.6818181818181881,-0.11749977711076073
30,4,127495,56,247,60.57,0.34,16.47,11.19,0.27031709709054896,-0.0020172811352505617,0.08899999999999864,-0.022666080171354974,0.10625806451612903,-0.2442914099311383,-1.4606741573033932,-0.14853939930431906
30,4,127540,13,255,53.97,0.27,14.59,11.235,0.2629519450800881,-0.002597308397705097,0.08900000000000041,-0.029183240423652643,0.09412903225806452,-0.2660384197172876,-1.4606741573033644,-0.19493041347873488
30,4,127584,13,255,47.91,0.21,12.8,11.279,0.2529682902909415,-0.0026516508826346036,0.08800000000000097,-0.03013239639357471,0.08258064516129032,-0.2624633431085015,-1.2499999999999865,-0.2798745876549012
30,4,127628,13,255,42.84,0.16,11.01,11.323,0.23832298136645655,-0.00220169477802221,0.08900000000000041,-0.024738143573283147,0.07103225806451613,-0.2305183037332357,-1.0112359550561751,-0.3806781242309419
30,4,127673,232,63,38.33,0.12,9.62,11.368,0.2190879372343875,-0.001403806368524057,0.08900000000000041,-0.015773105264315173,0.06206451612903225,-0.10801014860456642,-0.5617977528089861,-0.4672159147257414
30,4,127717,232,63,38.55,0.11,9.52,11.412,0.19674076495586537,-0.0004984366210776834,0.08999999999999986,-0.005538184678640936,0.061419354838709674,0.028673835125448133,0.11111111111111138,-0.4984199629508497
30,4,127763,232,63,44.28,0.13,10.02,11.458,0.1742301405688111,0.0002635545465752944,0.0909999999999993,0.0028962038085197407,0.06464516129032258,0.16235377525700231,0.769230769230775,-0.45479202066321783
30,4,127808,36,221,50.66,0.18,11.81,11.503,0.15535469107551286,0.0006927451237976694,0.08900000000000041,0.007783653076378272,0.07619354838709677,0.15802827111272125,0.6741573033707834,-0.37090772852991655
30,4,127852,36,221,50.44,0.19,12.2,11.547,0.14121935272964836,0.000707885162263203,0.08799999999999919,0.008044149571172835,0.07870967741935483,0.028592375366569164,0.11363636363636478,-0.2568798478409453
30,4,127896,36,221,49.56,0.19,12.2,11.591,0.1327492644655099,0.0003447783508710014,0.08899999999999864,0.003873914054730412,0.07870967741935483,-0.02102210945994945,-0.11235955056179958,-0.126758028436994
30,4,127941,0,255,48.35,0.18,11.91,11.636,0.12993788819875607,-0.0002703089675545627,0.08900000000000041,-0.0030371794107254095,0.07683870967741936,-0.06451612903225769,-0.3370786516853917,-0.05770410393350186
30,4,127985,0,255,45.16,0.16,11.31,11.68,0.1276135992154282,-0.0009682247320532937,0.08800000000000097,-0.011002553773332762,0.07296774193548387,-0.11656891495601053,-0.5681818181818118,-0.07017296204939043
30,4,128029,0,255,41.08,0.13,10.32,11.724,0.12376266753840964,-0.0015869798453694006,0.08900000000000041,-0.01783123421763363,0.06658064516129032,-0.15077926785066986,-0.6741573033707834,-0.11246974299451373
30,4,128074,14,255,37.23,0.1,9.23,11.769,0.11760379208891643,-0.0020093702240931003,0.08900000000000041,-0.022577193529135856,0.059548387096774194,-0.15802827111272125,-0.5617977528089861,-0.17145942530972974
30,4,128118,14,255,34.03,0.08,8.14,11.813,0.10850277868584363,-0.0021807646954128874,0.0909999999999993,-0.023964447202339607,0.052516129032258066,-0.1410847217298841,-0.32967032967033216,-0.23734683100488807
30,4,128165,14,255,31.17,0.07,7.24,11.86,0.09600523046747178,-0.0021073721495500886,0.0909999999999993,-0.023157935709341812,0.04670967741935484,-0.11981566820276593,-0.10989010989011068,-0.294824495543683
30,4,128209,24,255,28.75,0.07,6.45,11.904,0.08167374959136868,-0.001840909014975555,0.08800000000000097,-0.020919420624721987,0.04161290322580645,-0.10923753665689034,-0.1136363636363625,-0.3174685726173063
30,4,128253,24,255,26.66,0.06,5.75,11.948,0.06806799607714852,-0.001457841479353437,0.08800000000000097,-0.016566380447197965,0.037096774193548385,-0.09457478005864997,-0.1136363636363625,-0.25944307408837697
30,4,128297,24,255,24.67,0.06,5.16,11.992,0.058842759071591255,-0.0010402329047512566,0.08999999999999986,-0.011558143386125092,0.03329032258064516,-0.07813620071684595,0.0,-0.17264174930078627
30,4,128343,22,241,22.91,0.06,4.66,12.038,0.052530238640077775,-0.0006619338556099432,0.08999999999999986,-0.00735482061788827,0.03006451612903226,-0.05663082437275995,-0.11111111111111123,-0.10904071773636857
30,4,128387,22,241,22.03,0.05,4.37,12.082,0.0490290944753181,-0.0003803222497917096,0.08799999999999919,-0.0043218437476331036,0.028193548387096774,-0.0359237536656895,-0.11363636363636463,-0.046323813486284705
30,4,128431,22,241,21.15,0.05,4.17,12.126,0.04845374305328476,-0.00023156521652679008,0.08899999999999864,-0.0026018563654695913,0.026903225806451613,-0.03624501631025787,0.0,-0.00532596758138635
30,4,128476,11,245,20.49,0.05,3.87,12.171,0.04855508336057472,-0.00022696806740567154,0.08900000000000041,-0.0025502030045580952,0.024967741935483873,-0.028996013048205756,0.0,-0.031478304946537805
30,4,128520,11,245,19.83,0.05,3.77,12.215,0.04565217391304288,-0.00034911549709748833,0.09100000000000108,-0.003836434034038288,0.02432258064516129,-0.021269053527117814,0.0,-0.10935125678505603
30,4,128567,11,245,19.06,0.05,3.57,12.262,0.038604118993134505,-0.0005485620679068916,0.0909999999999993,-0.00602815459238347,0.02303225806451613,-0.02835873803615759,0.0,-0.15580039444047206
30,4,128611,28,233,18.4,0.05,3.37,12.306,0.03147433801896003,-0.0007439745825595105,0.08799999999999919,-0.008454256619994516,0.021741935483870968,-0.021994134897360892,0.0,-0.11805700020802953
30,4,128655,28,233,18.18,0.05,3.27,12.35,0.028215102974828002,-0.0008298520676172383,0.08900000000000041,-0.009324180535025105,0.021096774193548388,-0.014498006524102859,0.0,-0.007823662723001876
30,4,128700,28,233,18.07,0.05,3.17,12.395,0.030778032036612862,-0.0006952459417999526,0.08900000000000041,-0.0078117521550556115,0.020451612903225808,-0.0072490032620514296,0.0,0.142038045773934
30,4,128744,52,253,17.96,0.05,3.17,12.439,0.040856489048708186,-0.0002536648827258796,0.08800000000000097,-0.0028825554855213273,0.020451612903225808,-0.0065982404692081385,0.0,0.353390888287905
30,4,128788,52,253,17.51,0.05,3.08,12.483,0.061876430205948844,0.0005212015087047961,0.08799999999999919,0.00592274441710001,0.019870967741935485,-0.013929618768328609,0.0,0.571822342417306
30,4,128832,52,253,16.85,0.05,2.98,12.527,0.09117685518143065,0.0015655854230575957,0.08899999999999864,0.017590847450085614,0.0192258064516129,-0.02174700978615476,-0.1123595505617995,0.6853969315080584
30,4,128877,255,19,16.3,0.04,2.78,12.572,0.1228767571101651,0.0027169767402859973,0.08900000000000041,0.030527828542539152,0.01793548387096774,-0.0072490032620514296,0.0,0.7089781121097688
30,4,128921,255,19,20.6,0.05,2.88,12.616,0.15427590715920037,0.003739159379586216,0.10000000000000142,0.03739159379586163,0.01858064516129032,0.23677419354838372,0.6999999999999901,0.6114089571755312
30,4,128977,255,19,40.09,0.11,6.45,12.672,0.1840176528277191,0.004381369979691407,0.10299999999999976,0.04253757261836328,0.04161290322580645,0.4910742248668975,1.5533980582524305,0.5437718398994474
30,4,129024,229,39,53.42,0.21,10.72,12.719,0.21028440666884332,0.004454440865867598,0.09399999999999942,0.0473876687858258,0.06916129032258064,0.4763212079615679,1.9148936170212885,0.506910198716028
30,4,129071,229,39,59.14,0.29,13.39,12.766,0.23166721150702543,0.0038942812579795057,0.09299999999999997,0.04187399202128502,0.08638709677419355,0.2885882761012835,1.3978494623655922,0.4022327909535354
30,4,129117,229,39,63.11,0.34,14.88,12.812,0.2476920562275221,0.0027857663086403423,0.09299999999999997,0.029954476436992936,0.096,0.1789802289281998,0.9677419354838716,0.2822624583900112
30,4,129164,57,252,66.08,0.38,15.97,12.859,0.25791762013729647,0.0013375715150102715,0.09299999999999997,0.0143824894087126,0.10303225806451613,0.07561567811307666,0.4301075268817203,0.15315286814511547
30,4,129210,57,252,63.0,0.38,15.97,12.905,0.26193527296501784,-0.00018048639375037466,0.09299999999999997,-0.0019407139112943518,0.10303225806451613,-0.10267082899757198,-0.7526881720430111,0.009596220565438683
30,4,129257,57,252,55.62,0.31,14.49,12.952,0.25881006864988226,-0.0015126910526485897,0.09299999999999997,-0.016265495189769788,0.09348387096774194,-0.24072147069025332,-1.612903225806452,-0.14436512037456692
30,4,129303,44,224,48.57,0.23,12.5,12.998,0.24850931677018312,-0.002478476678667894,0.09299999999999997,-0.026650286867396716,0.08064516129032258,-0.24141519250780447,-1.397849462365592,-0.3350943979865476
30,4,129350,44,224,44.5,0.18,11.01,13.045,0.22764628963713335,-0.003000581502991677,0.09500000000000064,-0.03158506845254375,0.07103225806451613,-0.17521222410865753,-0.8421052631578893,-0.5641678567127089
30,4,129398,44,224,41.41,0.15,9.92,13.093,0.19491337038247541,-0.0030960750952392165,0.09500000000000064,-0.03259026416041259,0.064,-0.12767402376909928,-0.6315789473684168,-0.7275511433044709
30,4,129445,68,230,38.99,0.12,9.13,13.14,0.15852893102320814,-0.0028412557055043763,0.09299999999999997,-0.030551136618326636,0.05890322580645162,-0.11030176899063479,-0.5376344086021506,-0.7294182159465896
30,4,129491,68,230,36.68,0.1,8.33,13.186,0.1270774762994426,-0.00233048724359489,0.09299999999999997,-0.0250590026192999,0.05374193548387097,-0.10336455081512322,-0.3225806451612904,-0.5773198775339399
30,4,129538,68,230,34.58,0.09,7.64,13.233,0.10483818241255174,-0.001647941918734885,0.09299999999999997,-0.017719805577794467,0.04929032258064516,-0.08255289628858832,-0.21505376344086033,-0.38409487955512417
30,4,129584,44,249,32.71,0.08,7.14,13.279,0.09135665250081607,-0.0008614882282216741,0.09299999999999997,-0.009263314281953488,0.04606451612903226,-0.08255289628858832,-0.21505376344086016,-0.22521239986361125
30,4,129631,44,249,30.51,0.07,6.45,13.326,0.0838934292252359,-3.504115997017632e-05,0.09299999999999997,-0.000376786666345982,0.04161290322580645,-0.09642733263961156,-0.21505376344086033,-0.07406313821018104
30,4,129677,44,249,28.2,0.06,5.75,13.372,0.08446878064726923,0.0007545413360491171,0.09199999999999875,0.008201536261403557,0.037096774193548385,-0.08345021037868279,-0.10869565217391462,0.09814233125346443
30,4,129723,254,9,26.1,0.06,5.26,13.418,0.09292252370055451,0.0014129843658483158,0.09200000000000053,0.015358525715742475,0.03393548387096774,-0.041374474053295675,0.0,0.23370098213396961
30,4,129769,254,9,29.08,0.06,5.16,13.464,0.10596927100359456,0.0018469728428744485,0.09500000000000064,0.019441819398678273,0.03329032258064516,0.18879456706281703,0.6315789473684168,0.29768930334990235
30,4,129818,254,9,43.72,0.12,8.04,13.513,0.12120300751879542,0.002000958132697,0.09499999999999886,0.02106271718628446,0.051870967741935475,0.4584040747028918,1.6842105263158096,0.354880335851069
30,4,129864,72,241,55.73,0.22,11.91,13.559,0.1396829029094457,0.0018921096710001635,0.09299999999999997,0.02034526527957166,0.07683870967741936,0.32327436697884154,1.397849462365592,0.4329196061682904
30,4,129911,72,241,54.52,0.25,12.7,13.606,0.16146453089244642,0.0016180838328539071,0.09299999999999997,0.01739875089090223,0.08193548387096773,0.013180714533472002,0.0,0.4967538059735533
30,4,129957,72,241,50.55,0.22,12.1,13.652,0.18588100686498615,0.001325407118517859,0.09200000000000053,0.01440659911432447,0.07806451612903226,-0.1044880785413737,-0.6521739130434745,0.5568386940887081
30,4,130003,236,78,46.81,0.19,11.21,13.698,0.21269369074860786,0.0011506107091675535,0.09299999999999997,0.012372158163091977,0.0723225806451613,-0.07561567811307666,-0.43010752688172066,0.6231567699051194
30,4,130050,236,78,46.59,0.18,11.01,13.745,0.24383458646616224,0.0011638367312428635,0.09399999999999942,0.012381241821732667,0.07103225806451613,0.027453671928620457,0.3191489361702147,0.6825690498215892
30,4,130097,236,78,51.98,0.22,11.61,13.792,0.27685518143183685,0.001342693138658685,0.09299999999999997,0.014437560630738554,0.0749032258064516,0.15886229621921621,0.9677419354838716,0.6660058280343127
30,4,130143,228,81,57.49,0.27,13.3,13.838,0.3057731284733533,0.0015860571849762213,0.09200000000000053,0.017239752010611002,0.08580645161290323,0.20897615708274786,1.0869565217391244,0.5619909888141796
30,4,130189,228,81,61.35,0.32,14.59,13.884,0.32855835240274167,0.0017574120875560712,0.09500000000000064,0.018499074605853257,0.09412903225806452,0.15483870967741825,0.8421052631578887,0.4006469262400777
30,4,130238,228,81,64.1,0.35,15.58,13.933,0.34383458646616094,0.0017369931139156343,0.09499999999999886,0.018284138041217424,0.10051612903225807,0.11409168081494198,0.6315789473684286,0.2228454431272699
30,4,130284,232,36,66.19,0.38,16.27,13.979,0.34972866949983206,0.001463776165490554,0.09299999999999997,0.015739528661188756,0.10496774193548387,0.09642733263961141,0.5376344086021512,0.09128712384045547
30,4,130331,232,36,68.17,0.4,16.97,14.026,0.3523242889833233,0.0009565660847623363,0.09299999999999997,0.010285656825401468,0.10948387096774193,0.0825528962885884,0.4301075268817203,0.10689416388094843
30,4,130377,232,36,69.94,0.42,17.46,14.072,0.35966982674076026,0.00031132054240968896,0.09200000000000053,0.00338391893923573,0.11264516129032259,0.06942496493688619,0.32608695652173697,0.1853404778486829
30,4,130423,32,238,71.48,0.43,17.96,14.118,0.3693756129454022,-0.00032332357959407784,0.09299999999999997,-0.003476597630043849,0.11587096774193549,0.03468609087755805,0.10752688172043023,0.18928808697760988
30,4,130470,32,238,68.72,0.43,17.96,14.165,0.37727361882967797,-0.0007869308856349449,0.09299999999999997,-0.008461622426182206,0.11587096774193549,-0.08949011446409982,-0.5376344086021506,0.12489147131503157
30,4,130516,32,238,62.67,0.38,16.67,14.211,0.38099051977770015,-0.0009548473236730004,0.09299999999999997,-0.010267175523365599,0.10754838709677421,-0.19979188345473484,-1.1827956989247315,0.04316541704893396
30,4,130563,225,37,57.05,0.32,15.08,14.258,0.3812880026152288,-0.0007782847780415807,0.09600000000000009,-0.008107133104599791,0.09729032258064516,-0.1270161290322582,-0.7291666666666661,0.004120355235916307
30,4,130612,225,37,56.94,0.31,14.78,14.307,0.3813860738803481,-0.0003020765070864648,0.09500000000000064,-0.0031797527061732923,0.09535483870967741,-0.020373514431239276,-0.10526315789473623,0.015312881746700186
30,4,130658,225,37,57.6,0.31,14.78,14.353,0.38274272638116535,0.0003482400193905413,0.09199999999999875,0.0037852176020711525,0.09535483870967741,0.028050490883590976,0.21739130434782925,0.04864476882186599
30,4,130704,255,36,60.24,0.33,15.18,14.399,0.38586139261195973,0.0010065346922502947,0.09299999999999997,0.0108229536801107,0.09793548387096775,0.12417620534165817,0.7526881720430111,0.08914291338444123
30,4,130751,255,36,65.97,0.38,16.57,14.446,0.3910330173259184,0.0015188213601533178,0.09300000000000175,0.016331412474766552,0.10690322580645162,0.20672910163024233,1.0752688172042806,0.13979549153387896
30,4,130797,255,36,72.47,0.43,18.16,14.492,0.3988623733246107,0.0017891086482822729,0.09200000000000053,0.019446833133502855,0.11716129032258064,0.20196353436185016,0.760869565217387,0.19692425771422553
30,4,130843,226,38,77.42,0.45,19.45,14.538,0.40915004903562724,0.0018019001485193229,0.09299999999999997,0.019375270414186272,0.12548387096774194,0.13041970169961845,0.3225806451612907,0.2582543314808723
30,4,130890,226,38,78.97,0.46,20.04,14.585,0.42288002615233183,0.0016145167792779845,0.09299999999999997,0.017360395476107366,0.12929032258064516,0.05480402358654163,0.10752688172043023,0.3305247691458617
30,4,130936,226,38,79.41,0.46,20.24,14.631,0.43988885256619237,0.0013246626507900316,0.09299999999999997,0.014243684417097119,0.1305806451612903,0.02774887270204662,0.10752688172042964,0.3929529293078371
30,4,130983,240,27,79.85,0.47,20.44,14.678,0.45942464857796067,0.00102796955186491,0.09600000000000009,0.01070801616525947,0.1318709677419355,0.026881720430107628,0.10416666666666609,0.4050547564563528
30,4,131032,240,27,80.95,0.47,20.64,14.727,0.4787741091860023,0.0007824606182802114,0.09599999999999831,0.008150631440419012,0.13316129032258064,0.033602150537635087,0.0,0.3466546801787089
30,4,131079,240,27,82.16,0.47,20.94,14.774,0.49270349787511614,0.0005919111118162093,0.09299999999999997,0.006364635610926983,0.1350967741935484,0.04092958723551847,0.0,0.23421105358065222
30,4,131125,233,36,83.37,0.47,21.23,14.82,0.5005557371690029,0.0004115133172574339,0.09200000000000053,0.004472970839754691,0.13696774193548386,0.034361851332398066,0.10869565217391251,0.07063973733956738
30,4,131171,233,36,84.03,0.48,21.43,14.866,0.4992023537103564,0.00017125158721164978,0.0990000000000002,0.0017298140122388832,0.13825806451612904,0.02606712284131646,0.1010101010101009,-0.11633167239574362
30,4,131224,233,36,84.69,0.48,21.63,14.919,0.4890389016018243,-0.00019262255779325344,0.0990000000000002,-0.001945682401952051,0.1395483870967742,0.026067122841316178,0.0,-0.2691511387163527
30,4,131270,62,218,85.24,0.48,21.83,14.965,0.4725563909774374,-0.0007091699284276025,0.09299999999999997,-0.007625483101372073,0.14083870967741935,0.0,0.0,-0.4075054396158645
30,4,131317,62,218,82.05,0.48,21.63,15.012,0.4511408957175489,-0.0013569311213048713,0.09299999999999997,-0.014590657218331955,0.1395483870967742,-0.08255289628858825,-0.10752688172043023,-0.5159813980955124
30,4,131363,62,218,75.88,0.47,20.64,15.058,0.42457012095455476,-0.0020658654349520376,0.09199999999999875,-0.02245505907556593,0.13316129032258064,-0.1458625525946724,-0.32608695652174324,-0.6326662592208313
30,4,131409,67,250,70.49,0.45,19.55,15.104,0.3929355998692332,-0.0027361694907767423,0.09600000000000009,-0.028501765528924375,0.12612903225806452,-0.19354838709677386,-0.5208333333333327,-0.698859921542978
30,4,131459,67,250,62.78,0.42,17.76,15.154,0.3574795684864288,-0.0032672123379684217,0.09600000000000009,-0.034033461853837696,0.11458064516129034,-0.26680107526881697,-1.1458333333333321,-0.7593712542225023
30,4,131505,67,250,55.18,0.34,15.58,15.2,0.3200359594638729,-0.003586270628091304,0.09299999999999997,-0.03856204976442264,0.10051612903225807,-0.303156434269858,-1.720430107526882,-0.8279112929588948
30,4,131552,1,242,48.79,0.26,13.39,15.247,0.2804838182412516,-0.0036668213461169366,0.09299999999999997,-0.03942818651738643,0.08638709677419355,-0.2823447797433231,-1.6129032258064524,-0.8708658040613344
30,4,131598,1,242,44.06,0.19,11.51,15.293,0.23904543968616884,-0.003530042484413004,0.09200000000000053,-0.03837002700448895,0.07425806451612903,-0.23632538569424838,-1.1956521739130368,-0.9121693648108756
30,4,131644,1,242,40.09,0.15,10.02,15.339,0.19656423667865058,-0.0032297695755785388,0.09200000000000053,-0.03510619103889696,0.06464516129032258,-0.18793828892005496,-0.760869565217387,-0.8976718734454113
30,4,131690,18,251,36.79,0.12,8.83,15.385,0.15645962732919053,-0.002827886317762163,0.09299999999999997,-0.03040737976088348,0.05696774193548387,-0.14429413805064167,-0.5376344086021506,-0.8169090327501679
30,4,131737,18,251,33.37,0.1,7.94,15.432,0.12059169663288499,-0.002370889547791413,0.09299999999999997,-0.02549343599775714,0.051225806451612906,-0.13041970169961853,-0.3225806451612904,-0.6951811506325335
30,4,131783,18,251,30.51,0.09,6.95,15.478,0.09180778032036493,-0.0018773601415373964,0.09199999999999875,-0.020406088494971976,0.044838709677419354,-0.12552594670406902,-0.21739130434782908,-0.528660971900451
30,4,131829,21,238,27.76,0.08,6.15,15.524,0.07195488721804416,-0.001340896215052135,0.09500000000000064,-0.014114697000548694,0.03967741935483871,-0.09439728353140854,-0.10526315789473609,-0.3150324323394236
30,4,131878,21,238,25.99,0.08,5.56,15.573,0.061879699248119494,-0.0007462336055153402,0.09500000000000064,-0.00785509058437195,0.03587096774193548,-0.07402376910016935,-0.10526315789473609,-0.09937888198757569
30,4,131924,21,238,24.78,0.07,5.06,15.619,0.06251389342922441,-9.067276008920455e-05,0.09299999999999997,-0.0009749759149376837,0.03264516129032258,-0.055497745404092975,-0.21505376344086033,0.11800187706292208
30,4,131971,220,72,23.68,0.06,4.76,15.666,0.07285387381497124,0.0005994944045229591,0.09299999999999997,0.0064461763927199925,0.030709677419354837,-0.027748872702046432,-0.10752688172043023,0.28103217370213407
30,4,132017,220,72,24.34,0.06,4.66,15.712,0.08864988558352287,0.00126629317590411,0.09299999999999997,0.013616055654882907,0.03006451612903226,0.048560527228581396,0.21505376344086033,0.37885738188387746
30,4,132064,220,72,31.83,0.08,5.46,15.759,0.10808761033017183,0.0018343299656246748,0.09299999999999997,0.01972397812499651,0.035225806451612905,0.18591744710371141,0.6451612903225808,0.4435000544840307
30,4,132110,218,21,39.54,0.12,7.34,15.805,0.1298953906505377,0.0022371942230434865,0.09200000000000053,0.024317328511342107,0.04735483870967742,0.25736325385694103,0.8695652173912994,0.5118893642423546
30,4,132156,218,21,45.27,0.16,9.13,15.851,0.15518143184046873,0.00244418965900835,0.09200000000000053,0.02656727890226452,0.05890322580645162,0.22300140252454284,0.8695652173912995,0.585265147746482
30,4,132202,218,21,49.23,0.2,10.52,15.897,0.18373978424321435,0.002474077991849862,0.09299999999999997,0.026602989159675943,0.06787096774193548,0.17204301075268807,0.7526881720430111,0.651734525654942
30,4,132249,222,59,52.2,0.23,11.61,15.944,0.21579274272637833,0.002388214315246563,0.09500000000000064,0.025139098055226808,0.0749032258064516,0.14125636672325884,0.6315789473684168,0.7158514134305873
30,4,132297,222,59,54.85,0.26,12.6,15.992,0.2517456685191206,0.0022652338119195045,0.09399999999999942,0.024098232041697004,0.08129032258064516,0.12216884008236192,0.6382978723404291,0.8067926523060611
30,4,132343,222,59,57.16,0.29,13.39,16.038,0.2916312520431476,0.002167747868316386,0.09299999999999997,0.02330911686361706,0.08638709677419355,0.10336455081512329,0.5376344086021506,0.8643980217022111
30,4,132390,237,58,59.03,0.31,14.09,16.085,0.33213468453742623,0.002114598710976145,0.09299999999999997,0.022737620548130597,0.09090322580645162,0.10336455081512314,0.5376344086021512,0.8114606291324278
30,4,132436,237,58,61.57,0.34,14.88,16.131,0.36709709055246337,0.0020698140117068283,0.09299999999999997,0.022256064642008914,0.096,0.12417620534165803,0.6451612903225808,0.650926052860052
30,4,132483,237,58,64.54,0.37,15.88,16.178,0.39267080745341104,0.001953251247521811,0.0940000000000012,0.020779268590657297,0.10245161290322581,0.1228551818805751,0.6382978723404173,0.42125433843627397
30,4,132530,253,39,67.07,0.4,16.67,16.225,0.4066949983654736,0.0016702629835058005,0.09299999999999997,0.017959817026944096,0.10754838709677421,0.12348248352410687,0.6451612903225808,0.1876711413878296
30,4,132576,253,39,70.6,0.43,17.66,16.271,0.4101242236024792,0.0011506863426873472,0.09199999999999875,0.01250746024660177,0.11393548387096775,0.15287517531557007,0.5434782608695725,-0.027431527779751903
30,4,132622,253,39,74.67,0.45,18.85,16.317,0.4041712978097365,0.0003829866603639189,0.09299999999999997,0.004118136132945366,0.12161290322580647,0.14429413805064145,0.3225806451612907,-0.2164246520930636
30,4,132669,58,251,77.75,0.46,19.74,16.364,0.3899967309578243,-0.0005706619335588279,0.09499999999999886,-0.006006967721671945,0.1273548387096774,0.04074702886247916,0.0,-0.3769033567901444
30,4,132717,58,251,72.91,0.45,19.45,16.412,0.3683654789146732,-0.001586601765933093,0.09399999999999764,-0.01687874219077801,0.12548387096774194,-0.1702127659574508,-0.5319148936170351,-0.5240900586341032
30,4,132763,58,251,63.0,0.41,17.26,16.458,0.3407322654462198,-0.002516003767192556,0.09299999999999997,-0.027053803948307063,0.11135483870967743,-0.3239680887963929,-1.397849462365592,-0.6514533177262841
30,4,132810,66,238,54.08,0.32,14.78,16.505,0.3077803203661288,-0.0032299484573738244,0.09299999999999997,-0.0347306285739121,0.09535483870967741,-0.3232743669788417,-1.9354838709677422,-0.7657643407255773
30,4,132856,66,238,47.91,0.23,12.6,16.551,0.26951618175874115,-0.0036528458630018684,0.0920000000000023,-0.03970484633697584,0.08129032258064516,-0.2784011220196282,-1.6304347826086547,-0.8941896328723179
30,4,132902,66,238,43.17,0.17,10.81,16.597,0.2255148741418735,-0.003770040073100967,0.0940000000000012,-0.04010680928830765,0.06974193548387098,-0.2113932738503748,-1.0638297872340292,-0.9495524194389517
30,4,132950,48,243,39.1,0.13,9.52,16.645,0.18025825433147855,-0.0036097075488600297,0.09399999999999764,-0.03840114413680979,0.061419354838709674,-0.15648592999314068,-0.6382978723404417,-0.9180791942854473
30,4,132996,48,243,35.47,0.11,8.53,16.691,0.13921542987904362,-0.003212562428889764,0.09199999999999875,-0.03491915683575878,0.05503225806451612,-0.14586255259467235,-0.43478260869565816,-0.8167630797219899
30,4,133042,48,243,32.38,0.09,7.44,16.737,0.1051160509970565,-0.0026079088352845394,0.0920000000000023,-0.02834683516613559,0.048,-0.13884992987376923,-0.326086956521731,-0.6121992125872104
30,4,133088,21,254,29.63,0.08,6.55,16.783,0.08289310232101885,-0.0018095120088292066,0.09500000000000242,-0.019047494829780638,0.04225806451612903,-0.11477079796264568,-0.21052631578946823,-0.3255966001961302
30,4,133137,21,254,26.88,0.07,5.75,16.832,0.07418437397842334,-0.0008332210030118521,0.09499999999999886,-0.008770747400124864,0.037096774193548385,-0.10118845500849022,-0.10526315789473804,-0.0450783709846697
30,4,133183,21,254,24.23,0.07,5.06,16.878,0.07861065707747528,0.00027388332593998756,0.09199999999999875,0.0029769926732607747,0.03264516129032258,-0.09046283309958045,-0.10869565217391462,0.23455377574370734
30,4,133229,241,21,22.03,0.06,4.46,16.924,0.09576332134684412,0.0014105202133439638,0.09299999999999997,0.015166884014451229,0.028774193548387096,-0.04786680541103016,-0.10752688172043023,0.47190205527844253
30,4,133276,241,21,24.45,0.06,4.37,16.971,0.12249754821837042,0.002421433436212328,0.09299999999999997,0.026036918668949773,0.028193548387096774,0.12417620534165803,0.3225806451612904,0.6043158386850641
30,4,133322,241,21,36.24,0.09,6.25,17.017,0.15196469434455506,0.0031280822046589165,0.09199999999999875,0.034000893528901725,0.04032258064516129,0.35483870967742415,1.0869565217391453,0.6005088335204745
30,4,133368,221,0,47.25,0.16,9.43,17.063,0.17774436090225332,0.0033816592734273875,0.0920000000000023,0.03675716601551416,0.060838709677419354,0.38288920056100023,1.5217391304347447,0.4859857583466991
30,4,133414,221,0,53.2,0.23,11.71,17.109,0.1966753841124525,0.00311724674035564,0.0940000000000012,0.03316219936548511,0.0755483870967742,0.2518874399450895,1.1702127659574322,0.3243307157811191
30,4,133462,221,0,56.94,0.27,13.1,17.157,0.2082314481856789,0.002385506495402101,0.09399999999999764,0.025377728674491076,0.08451612903225807,0.17021276595745108,0.8510638297872553,0.2297719321430338
30,4,133508,15,224,59.69,0.31,14.19,17.203,0.21827394573389713,0.0013480127226029044,0.0940000000000012,0.01434056087875412,0.0915483870967742,0.08167467398764476,0.4255319148936114,0.20723640739220286
30,4,133556,15,224,58.92,0.31,14.29,17.251,0.22771167048054622,0.00023744397898337155,0.09499999999999886,0.0024994103050881514,0.09219354838709677,-0.01358234295415982,-0.2105263157894764,0.18877858261213679
30,4,133603,15,224,55.95,0.29,13.99,17.298,0.23620791108204992,-0.0007040906468591768,0.09299999999999997,-0.007570867170528785,0.09025806451612903,-0.06867845993756494,-0.4301075268817203,0.1539613409400062
30,4,133649,51,255,53.31,0.27,13.3,17.344,0.2420300751879668,-0.0012900482787562737,0.0920000000000023,-0.014022263899524363,0.08580645161290323,-0.10448807854137183,-0.6521739130434616,0.08918799835126198
30,4,133695,51,255,48.9,0.23,12.5,17.39,0.24441320693036622,-0.0014396398064322787,0.09299999999999997,-0.015479997918626658,0.08064516129032258,-0.16579951439472781,-0.9677419354838716,-0.008611992815137219
30,4,133742,51,255,43.72,0.18,10.91,17.437,0.24122915985615903,-0.0011987947573698073,0.09299999999999997,-0.012890266208277502,0.07038709677419355,-0.21297259798820678,-1.0752688172043015,-0.15283650922537545
30,4,133788,239,40,39.21,0.13,9.43,17.483,0.2301994115724063,-0.0007236340204720548,0.09199999999999875,-0.00786558717904418,0.060838709677419354,-0.12482468443197925,-0.6521739130434872,-0.33351336753983307
30,4,133834,239,40,39.54,0.12,9.13,17.529,0.2105459300424948,-0.0002276563806289147,0.09199999999999875,-0.00247452587640128,0.05890322580645162,0.05539971949509196,0.3260869565217436,-0.46281819861563217
30,4,133880,239,40,46.7,0.16,10.22,17.575,0.18762013729976873,9.328492737714456e-05,0.09499999999999886,0.0009819466039699544,0.06593548387096775,0.21528013582343214,1.1578947368421193,-0.46564924898057464
30,4,133929,11,241,54.3,0.23,12.3,17.624,0.16630925138934075,0.00013226260013438562,0.09600000000000009,0.0013777354180665156,0.07935483870967742,0.17338709677419337,0.8333333333333325,-0.3931363735425466
30,4,133976,11,241,53.2,0.24,12.8,17.671,0.14987904543968422,-8.984250150964535e-05,0.0940000000000012,-0.0009557712926557895,0.08258064516129032,-0.013726835964310118,-0.106382978723403,-0.2471256772829325
30,4,134023,11,241,49.56,0.22,12.1,17.718,0.1430794377247448,-0.0004349594487366968,0.09299999999999997,-0.004676983319749429,0.07806451612903226,-0.10336455081512314,-0.5376344086021506,-0.05314829851627611
30,4,134069,67,247,46.04,0.19,11.31,17.764,0.14493625367767055,-0.0007037724004514594,0.09199999999999875,-0.007649700004907271,0.07296774193548387,-0.12482468443197925,-0.6521739130434872,0.13019315775260448
30,4,134115,67,247,42.62,0.16,10.32,17.81,0.15505720823798425,-0.0007136641226012,0.09299999999999997,-0.0076738077699053785,0.06658064516129032,-0.13041970169961853,-0.6451612903225808,0.2882029758829014
30,4,134162,67,247,39.54,0.13,9.43,17.857,0.17173913043478037,-0.00036790340307883083,0.09299999999999997,-0.003955950570740117,0.060838709677419354,-0.1241762053416581,-0.6451612903225808,0.4002291844618505
30,4,134208,245,14,36.79,0.1,8.53,17.903,0.19227852239293633,0.000309139273767709,0.0920000000000023,0.003360209497475014,0.05503225806451612,-0.07012622720897443,-0.326086956521731,0.4596202225791148
30,4,134254,245,14,37.78,0.1,8.43,17.949,0.21402419091206,0.0011820268215421948,0.0920000000000023,0.012848117625458318,0.054387096774193545,0.1044880785413719,0.652173913043462,0.46097047912785916
30,4,134300,245,14,47.25,0.16,10.02,17.995,0.23468780647270043,0.002053773807995176,0.09499999999999886,0.021618671663107374,0.06464516129032258,0.2899830220713107,1.4736842105263332,0.44723937991431634
30,4,134349,242,69,56.06,0.24,12.7,18.044,0.25651193200391953,0.0027340453739857066,0.09499999999999886,0.028779424989323572,0.08193548387096773,0.33684210526316194,1.6842105263158096,0.506116549956125
30,4,134395,242,69,62.89,0.32,14.98,18.09,0.28276887871853174,0.0030982207253574183,0.09199999999999875,0.03367631223214631,0.09664516129032258,0.2643758765778438,1.5217391304348034,0.6519962477081178
30,4,134441,242,69,67.29,0.38,16.47,18.136,0.31649558679306555,0.0031149125159458677,0.0940000000000012,0.033137367190913064,0.10625806451612903,0.17707618393959965,0.9574468085106258,0.7656514088180478
30,4,134489,234,60,70.6,0.41,17.56,18.184,0.35474011114742915,0.0028353581525347098,0.0940000000000012,0.0301633846014327,0.11329032258064516,0.1228551818805751,0.5319148936170144,0.8108963435415331
30,4,134535,234,60,72.58,0.43,18.26,18.23,0.39271984308597063,0.002355640246166498,0.09199999999999875,0.025604785284418806,0.11780645161290323,0.07643758765778504,0.21739130434782925,0.7684736415708463
30,4,134581,234,60,73.9,0.43,18.65,18.276,0.42543968617194605,0.001772658234578408,0.09299999999999997,0.019060841232025897,0.12032258064516128,0.05480402358654178,0.10752688172043023,0.6251603763968056
30,4,134628,255,33,75.11,0.44,19.05,18.323,0.45085975809087353,0.001153474117806624,0.09299999999999997,0.012402947503297037,0.12290322580645162,0.06937218175511625,0.21505376344086047,0.4372431780714006
30,4,134674,255,33,77.42,0.45,19.65,18.369,0.4661033017325863,0.0005277692775024256,0.09199999999999875,0.005736622581548183,0.1267741935483871,0.08345021037868255,0.21739130434782925,0.1780561990988812
30,4,134720,255,33,80.18,0.46,20.24,18.415,0.4672409284079704,-9.94010287138778e-05,0.09499999999999886,-0.0010463266180408314,0.1305806451612903,0.08081494057725049,0.2105263157894758,-0.12429242442490676
30,4,134769,0,235,82.49,0.47,20.84,18.464,0.4542955214122203,-0.0007265219946244983,0.09500000000000242,-0.007647599943415576,0.1344516129032258,0.027164685908318623,0.0,-0.3769033567901297
30,4,134815,0,235,78.3,0.46,20.64,18.51,0.43143510951290714,-0.001339874031041699,0.0920000000000023,-0.014563848163496363,0.13316129032258064,-0.11150070126226923,-0.32608695652173064,-0.563980840570213
30,4,134861,0,235,70.16,0.44,19.25,18.556,0.4024092840797594,-0.0019107708633257943,0.09299999999999997,-0.02054592326156769,0.12419354838709677,-0.22060353798126944,-0.5376344086021512,-0.6650567512750939
30,4,134908,65,224,63.11,0.41,17.46,18.603,0.36958483164432343,-0.002403797176627041,0.09399999999999764,-0.025572310389650015,0.11264516129032259,-0.22512010981469333,-0.9574468085106626,-0.7323350003130021
30,4,134955,65,224,58.04,0.35,15.97,18.65,0.33356979405033893,-0.002787349514983227,0.09299999999999997,-0.029971500161109974,0.10303225806451613,-0.19285466527922326,-1.2903225806451617,-0.8045710348803188
30,4,135001,65,224,53.97,0.29,14.68,18.696,0.2947597254004538,-0.003038278851044099,0.09299999999999997,-0.03266966506499032,0.09470967741935483,-0.17204301075268824,-1.0752688172043012,-0.8664367791849782
30,4,135048,53,255,50.66,0.25,13.49,18.743,0.252991173586136,-0.0031387413800796917,0.09299999999999997,-0.03374990731268487,0.08703225806451613,-0.1789802289281998,-0.9677419354838709,-0.9021501861244862
30,4,135094,53,255,46.59,0.2,12.1,18.789,0.21085975809087662,-0.00306992838843486,0.0920000000000023,-0.03336878683081286,0.07806451612903226,-0.20126227208975653,-1.0869565217391033,-0.8876870815981015
30,4,135140,53,255,42.18,0.15,10.62,18.835,0.1713239620791086,-0.002809545360496287,0.09499999999999886,-0.029574161689434955,0.06851612903225807,-0.18132427843803273,-0.842105263157905,-0.7546669878357212
30,4,135189,53,234,37.89,0.12,9.43,18.884,0.13916639424648397,-0.002337324448720496,0.09499999999999886,-0.024603415249689727,0.060838709677419354,-0.14872665534804938,-0.5263157894736904,-0.5608644035718585
30,4,135235,53,234,35.36,0.1,8.43,18.93,0.11804184373978269,-0.0016480981873099303,0.09199999999999875,-0.01791411073162992,0.054387096774193545,-0.11851332398317128,-0.3260869565217436,-0.3350768224910107
30,4,135281,53,234,33.26,0.09,7.74,18.976,0.1083393265773114,-0.0007676518679357702,0.09299999999999997,-0.008254321160599681,0.049935483870967745,-0.0894901144640999,-0.21505376344086033,-0.08569811625838684
30,4,135328,222,55,31.5,0.08,7.14,19.023,0.11007191892775271,0.00023602917994066264,0.09299999999999997,0.0025379481714049752,0.04606451612903226,-0.05480402358654186,-0.10752688172043008,0.1462632738930058
30,4,135374,222,55,31.83,0.08,6.95,19.069,0.12194181104936094,0.0012536718883271424,0.09199999999999875,0.013626868351382167,0.044838709677419354,0.03506311360448857,0.21739130434782908,0.370929687166878
30,4,135420,222,55,38.11,0.1,7.64,19.115,0.14419745014710503,0.0021521686968927287,0.0940000000000012,0.022895411669071292,0.04929032258064516,0.16334934797528966,0.5319148936170146,0.5376183288934501
30,4,135468,243,79,44.61,0.13,9.33,19.163,0.1724779339653459,0.0028063377140219534,0.0940000000000012,0.029854656532148062,0.06019354838709678,0.25875085792724445,1.0638297872340292,0.6444186321492742
30,4,135514,243,79,51.76,0.2,11.41,19.209,0.20477280156913757,0.0031350154000979098,0.09199999999999875,0.034076254348890785,0.07361290322580645,0.3057503506311401,1.4130434782608887,0.7409710476569501
30,4,135560,243,79,58.48,0.26,13.69,19.255,0.24064727034978436,0.003126999300793866,0.09499999999999886,0.032915782113620035,0.08832258064516128,0.2831918505942309,1.3684210526315954,0.7771373513876215
30,4,135609,223,55,63.99,0.33,15.58,19.304,0.27860084995096074,0.0028446193582884315,0.09500000000000242,0.029943361666193255,0.10051612903225807,0.18879456706281356,1.1578947368420758,0.7965107276199349
30,4,135655,223,55,66.3,0.37,16.47,19.35,0.3163157894736801,0.0024015972932112887,0.09299999999999997,0.025823626808723542,0.10625806451612903,0.09642733263961141,0.5376344086021506,0.8162763149106884
30,4,135702,223,55,67.62,0.38,16.97,19.397,0.35451454723765474,0.0019231479613061708,0.09299999999999997,0.0206790103366255,0.10948387096774193,0.06174124176205351,0.3225806451612907,0.8003880669415375
30,4,135748,235,3,68.83,0.4,17.36,19.443,0.3907518796992431,0.00150407855484913,0.0920000000000023,0.016348679944011874,0.112,0.06241234221598729,0.32608695652173064,0.7355700214619448
30,4,135794,235,3,70.49,0.41,17.86,19.489,0.42218698921215536,0.0011809715627401117,0.09299999999999997,0.012698618954194755,0.1152258064516129,0.0693721817551161,0.3225806451612901,0.5779174443823364
30,4,135841,235,3,72.25,0.43,18.36,19.536,0.44449820202680035,0.0009278217595440488,0.09299999999999997,0.00997657805961343,0.1184516129032258,0.06867845993756524,0.21505376344086047,0.35973524273516383
30,4,135887,240,29,73.79,0.43,18.85,19.582,0.4556423667865256,0.000674811309250579,0.09199999999999875,0.007334905535332481,0.12161290322580647,0.0624123422159897,0.10869565217391462,0.11736572053953515
30,4,135933,240,29,75.33,0.44,19.25,19.628,0.45529584831643743,0.00034174079185712,0.09299999999999997,0.003674632170506668,0.12419354838709677,0.05549774540409279,0.21505376344086047,-0.13135925367415516
30,4,135980,240,29,76.76,0.45,19.65,19.675,0.44342595619482916,-0.00012660813525290494,0.09600000000000009,-0.0013188347422177587,0.1267741935483871,0.053091397849462284,0.20833333333333334,-0.3306159420289817
30,4,136029,63,238,78.08,0.46,20.04,19.724,0.42355671788165516,-0.0007358429223870111,0.09499999999999886,-0.0077457149724949464,0.12929032258064516,0.019694397283531673,0.0,-0.4920768741074652
30,4,136075,63,238,74.89,0.45,19.94,19.77,0.39667865315462053,-0.001436675620418228,0.09299999999999997,-0.015448124950733638,0.12864516129032258,-0.11030176899063472,-0.3225806451612907,-0.6092018264454888
30,4,136122,63,238,67.07,0.43,18.45,19.817,0.3669009480222247,-0.002140238229889807,0.09299999999999997,-0.023013314299890404,0.11903225806451613,-0.22684703433922987,-0.8602150537634413,-0.6753911426532581
30,4,136168,4,246,60.35,0.37,16.67,19.863,0.33386727688786755,-0.0027468072819022762,0.09199999999999875,-0.02985660089024254,0.10754838709677421,-0.2503506311360483,-1.4130434782608887,-0.7634279460465921
30,4,136214,4,246,54.3,0.3,14.88,19.909,0.2966655769859392,-0.003175263389234377,0.09199999999999875,-0.03451373249167848,0.096,-0.25035063113604844,-1.5217391304348031,-0.8382605853006817
30,4,136260,4,246,49.01,0.23,13.1,19.955,0.2567473030402059,-0.00338141095642022,0.09299999999999997,-0.03635925759591636,0.08451612903225807,-0.23378425251474175,-1.2903225806451617,-0.8747324130803753
30,4,136307,2,255,44.72,0.18,11.51,20.002,0.21531546256946432,-0.003359819395515194,0.09299999999999997,-0.036127090274356934,0.07425806451612903,-0.213666319805758,-0.9677419354838712,-0.8699870292842796
30,4,136353,2,255,40.53,0.14,10.02,20.048,0.1758385093167679,-0.00313201958439322,0.0920000000000023,-0.03404369113470806,0.06464516129032258,-0.17391304347825653,-0.7608695652173721,-0.8195701920206631
30,4,136399,2,255,36.68,0.11,9.03,20.094,0.13991500490356143,-0.002729419610579434,0.09600000000000009,-0.02843145427686908,0.05825806451612903,-0.14650537634408586,-0.520833333333333,-0.6841151792524695
30,4,136449,43,241,33.15,0.09,7.84,20.144,0.11016345210853076,-0.002180214326585834,0.09600000000000009,-0.02271056590193575,0.05058064516129032,-0.13373655913978474,-0.3124999999999997,-0.5405837964476335
30,4,136495,43,241,30.73,0.08,7.04,20.19,0.08801896044458857,-0.0015062391063315318,0.0920000000000023,-0.01637216419925537,0.04541935483870968,-0.1044880785413719,-0.10869565217391026,-0.37437639467286843
30,4,136541,43,241,28.86,0.08,6.35,20.236,0.075720823798626,-0.0007300614293074315,0.09299999999999997,-0.007850122895778836,0.040967741935483866,-0.08255289628858832,-0.10752688172043008,-0.13093744178116937
30,4,136588,217,43,27.1,0.07,5.85,20.283,0.07584177835893982,0.00011279337219974561,0.09299999999999997,0.0012128319591370499,0.03774193548387097,-0.047866805411030125,-0.10752688172043008,0.14499783821404666
30,4,136634,217,43,27.43,0.07,5.66,20.329,0.08920562275253234,0.000964349263086671,0.09199999999999875,0.010482057207463959,0.036516129032258066,0.028050490883590826,0.10869565217391447,0.38727489802009785
30,4,136680,217,43,33.59,0.08,6.25,20.375,0.11147106897678834,0.0017440969705218503,0.09199999999999875,0.01895757576654211,0.04032258064516129,0.15287517531557007,0.434782608695658,0.5315036172662282
30,4,136726,218,14,40.2,0.11,7.84,20.421,0.13810395554102467,0.002360308228530246,0.09299999999999997,0.02537965837129298,0.05058064516129032,0.213666319805758,0.7526881720430109,0.5792531820434604
30,4,136773,218,14,45.38,0.15,9.33,20.468,0.16534161490683014,0.0027291066024066222,0.09299999999999997,0.029345232283942185,0.06019354838709678,0.1997918834547347,0.8602150537634411,0.5791477290702142
30,4,136819,218,14,49.23,0.19,10.72,20.514,0.19196469434455457,0.0027945321349692447,0.0940000000000012,0.029729065265629885,0.06916129032258064,0.17021276595744458,0.7446808510638204,0.5376531059378187
30,4,136867,232,39,52.31,0.22,11.81,20.562,0.21588100686498574,0.0025437100349086084,0.09500000000000242,0.026775895104300458,0.07619354838709677,0.14804753820033578,0.6315789473684049,0.44741143476538586
30,4,136914,232,39,55.62,0.25,12.9,20.609,0.2344687806472673,0.0020142011434139935,0.09399999999999764,0.021427671738447278,0.0832258064516129,0.1496225120109852,0.7446808510638483,0.3237742830712345
30,4,136961,232,39,58.92,0.29,13.99,20.656,0.24631578947368102,0.0012925539059377566,0.09299999999999997,0.013898429096104914,0.09025806451612903,0.14429413805064176,0.8602150537634413,0.22148639480889873
30,4,137007,69,230,61.79,0.33,14.98,20.702,0.2550670153644949,0.0005031180325975377,0.09299999999999997,0.005409871318253096,0.09664516129032258,0.07561567811307666,0.43010752688172094,0.18232819074333587
30,4,137054,69,230,60.79,0.33,15.08,20.749,0.26327231121281125,-0.00021362637905120608,0.09299999999999997,-0.002297057839260281,0.09729032258064516,-0.02705515088449531,-0.3225806451612907,0.1385300558549234
30,4,137100,69,230,57.16,0.3,14.59,20.795,0.26795031055900276,-0.0007313654614229481,0.0920000000000023,-0.00794962458068402,0.09412903225806452,-0.08345021037867949,-0.7608695652173724,0.06914734852253164
30,4,137146,2,225,53.53,0.26,13.89,20.841,0.2696338672768843,-0.0009704373765385838,0.09299999999999997,-0.010434810500414882,0.08961290322580645,-0.10336455081512314,-0.7526881720430108,-0.004569628840685286
30,4,137193,2,225,50.77,0.23,13.1,20.888,0.267525335076819,-0.0009224885770223264,0.09299999999999997,-0.009919232010992759,0.08451612903225807,-0.10336455081512314,-0.5376344086021508,-0.0855575122940574
30,4,137239,2,225,48.57,0.21,12.4,20.934,0.261677018633537,-0.0006574013198292725,0.09399999999999764,-0.006993631062013713,0.08,-0.09540150995195848,-0.4255319148936278,-0.16616471799294938
30,4,137287,233,52,46.48,0.19,11.71,20.982,0.2519058515854822,-0.0003068571831402043,0.09499999999999886,-0.003230075612002189,0.0755483870967742,-0.05365025466893115,-0.3157894736842143,-0.2635192099241237
30,4,137334,233,52,46.48,0.18,11.61,21.029,0.23664269369074553,-2.6019219507407598e-05,0.09299999999999997,-0.0002797765538430925,0.0749032258064516,0.00693721817551158,0.10752688172043023,-0.3713702207833701
30,4,137380,233,52,50.55,0.2,11.81,21.075,0.21736842105262877,5.7045867690581176e-05,0.09199999999999875,0.000620063779245456,0.07619354838709677,0.1185133239831715,0.7608695652174017,-0.4374120556589966
30,4,137426,53,237,55.95,0.25,13.3,21.121,0.1964007845701184,-0.00011207873029035298,0.0940000000000012,-0.0011923269179824633,0.08580645161290323,0.12216884008235947,0.6382978723404173,-0.42132389252501135
30,4,137474,53,237,55.18,0.26,13.59,21.169,0.1777639751552772,-0.0004895647732252773,0.0940000000000012,-0.005208135885375224,0.0876774193548387,-0.0205902539464651,-0.2127659574468057,-0.3296168265251385
30,4,137520,53,237,51.76,0.23,13.0,21.215,0.16541680287675498,-0.0009424725562191352,0.09199999999999875,-0.010244266915425522,0.08387096774193549,-0.09046283309958038,-0.5434782608695727,-0.1881831232144635
30,4,137566,53,255,48.46,0.21,12.3,21.261,0.1604511278195468,-0.0012907035407846087,0.09299999999999997,-0.0138785326966087,0.07935483870967742,-0.12417620534165803,-0.6451612903225808,-0.050547125176194044
30,4,137613,53,255,44.39,0.17,11.21,21.308,0.16071592023536893,-0.0013676186684962576,0.09299999999999997,-0.014705577080604925,0.0723225806451613,-0.16510579257717664,-0.860215053763441,0.05139074896216622
30,4,137659,53,255,40.09,0.13,9.92,21.354,0.16523046747302825,-0.001077755042147265,0.0940000000000012,-0.011465479171779269,0.064,-0.1770761839395997,-0.7446808510638204,0.13503926328308885
30,4,137707,232,40,36.24,0.1,8.63,21.402,0.17340961098397945,-0.00043109873222738673,0.09500000000000242,-0.004537881391867113,0.05567741935483871,-0.10118845500848643,-0.42105263157893674,0.2009600660690551
30,4,137754,232,40,36.57,0.09,8.43,21.449,0.18432167374958897,0.0004581917870174781,0.09299999999999997,0.004926793408790088,0.054387096774193545,0.04856052722858136,0.3225806451612904,0.2683426659214623
30,4,137800,232,40,43.61,0.13,9.33,21.495,0.19836547891467543,0.0014076600441326993,0.09199999999999875,0.015300652653616504,0.06019354838709678,0.19495091164095646,0.9782608695652306,0.3331580368691108
30,4,137846,239,42,50.55,0.18,11.21,21.541,0.21497221314154674,0.002222851413799184,0.09199999999999875,0.02416142841086102,0.0723225806451613,0.27138849929874137,1.1956521739130597,0.42998564464090255
30,4,137892,239,42,56.61,0.24,13.2,21.587,0.23792415822163793,0.00275229791357323,0.09299999999999997,0.029594601221217536,0.08516129032258064,0.24765868886576475,1.2903225806451617,0.5828737341249264
30,4,137939,239,42,61.57,0.3,14.78,21.634,0.2691794704151649,0.0029216473669785047,0.0940000000000012,0.03108135496785604,0.09535483870967741,0.19011667810569424,1.1702127659574317,0.693975920374462
30,4,137986,224,29,65.31,0.35,15.97,21.681,0.3031578947368382,0.0027383025497786893,0.09299999999999997,0.02944411343848054,0.10303225806451613,0.13805064169268133,0.7526881720430111,0.703371331554684
30,4,138032,224,29,67.07,0.37,16.77,21.727,0.33459300424975047,0.002271465802477664,0.09499999999999886,0.023910166341870435,0.10819354838709677,0.08081494057725049,0.4210526315789528,0.612928201510641
30,4,138081,224,29,68.28,0.39,17.16,21.776,0.3613860738803484,0.0016215591204511207,0.09499999999999886,0.017069043373169897,0.11070967741935483,0.053650254668931,0.31578947368421456,0.5008860824830952
30,4,138127,233,18,69.49,0.4,17.56,21.822,0.38217718208564394,0.0008938123564307965,0.09299999999999997,0.00961088555301932,0.11329032258064516,0.055497745404093086,0.21505376344085989,0.3681714805948909
30,4,138174,233,18,70.82,0.41,17.96,21.869,0.3956260215756732,0.00018430788180687685,0.09299999999999997,0.0019818051807191065,0.11587096774193549,0.05549774540409294,0.3225806451612901,0.20946475585878813
30,4,138220,233,18,72.14,0.43,18.36,21.915,0.40165740438051123,-0.00042272038662447285,0.09199999999999875,-0.004594786811135637,0.1184516129032258,0.055399719495091884,0.21739130434782925,0.05806103159600313
30,4,138266,42,236,73.46,0.43,18.75,21.961,0.40096763648250544,-0.0008546321023816326,0.09299999999999997,-0.009189592498727235,0.12096774193548387,0.02705515088449546,0.0,-0.03515099108219235
30,4,138313,42,236,70.82,0.43,18.75,22.008,0.39838836220986734,-0.0010561643592550602,0.09299999999999997,-0.011356606013495274,0.12096774193548387,-0.09642733263961156,-0.4301075268817203,-0.06481842755556498
30,4,138359,42,236,64.54,0.39,17.36,22.054,0.3949395227198379,-0.001003988207425646,0.0920000000000023,-0.010912915298104574,0.112,-0.20126227208975653,-0.9782608695651925,-0.07621842886990314
30,4,138405,230,38,58.7,0.34,15.88,22.1,0.3913762667538361,-0.0007234838179899654,0.0920000000000023,-0.007863954543368992,0.10245161290322581,-0.12482468443197443,-0.7608695652173724,-0.06694429836405395
30,4,138451,230,38,58.7,0.32,15.58,22.146,0.3887806472703448,-0.0002956518448361116,0.09600000000000009,-0.003079706717042827,0.10051612903225807,-0.02016129032258065,-0.20833333333333334,-0.05942165195597632
30,4,138501,230,38,59.8,0.32,15.58,22.196,0.38567178816606235,0.00015498084413933456,0.09600000000000009,0.001614383793118067,0.10051612903225807,0.039650537634408616,0.31249999999999944,-0.09221423123024859
30,4,138547,230,21,62.67,0.35,16.17,22.242,0.3799280810722409,0.000490958930993731,0.09299999999999997,0.005279128290255173,0.1043225806451613,0.08255289628858825,0.5376344086021506,-0.1635575615054449
30,4,138594,230,21,65.09,0.37,16.77,22.289,0.370460934946056,0.0006008928055628111,0.09299999999999997,0.006461212963040982,0.10819354838709677,0.07561567811307666,0.43010752688172094,-0.2415927617079138
30,4,138640,230,21,67.07,0.39,17.26,22.335,0.35745995423340493,0.0004328155763314712,0.09199999999999875,0.004704517134037794,0.11135483870967743,0.0624123422159897,0.32608695652174385,-0.2973762383273868
30,4,138686,0,227,68.72,0.4,17.66,22.381,0.34310232101993676,1.0434065731100617e-05,0.09199999999999875,0.00011341375794674738,0.11393548387096775,0.03506311360448865,0.10869565217391462,-0.30927981579657987
30,4,138732,0,227,67.29,0.4,17.76,22.427,0.32900621118011997,-0.0005727249633089322,0.09299999999999997,-0.006158332938805725,0.11458064516129034,-0.04786680541103035,-0.3225806451612907,-0.3046536397093686
30,4,138779,0,227,62.89,0.37,16.97,22.474,0.3147695325269655,-0.0011788700605295866,0.09299999999999997,-0.012676022156232118,0.10948387096774193,-0.12417620534165817,-0.7526881720430111,-0.2973422335642717
30,4,138825,28,238,58.92,0.33,15.97,22.52,0.3013533834586427,-0.0016626728000184538,0.09199999999999875,-0.018072530434983438,0.10303225806451613,-0.15357643758765985,-0.8695652173913163,-0.32136105860113445
30,4,138871,28,238,54.96,0.29,14.78,22.566,0.2852043151356615,-0.001907536978470386,0.09499999999999886,-0.020079336615477988,0.09535483870967741,-0.16162988115450114,-0.9473684210526432,-0.3497531012886904
30,4,138920,28,238,50.99,0.24,13.59,22.615,0.2681268388362175,-0.0018507822232794009,0.09600000000000009,-0.01927898149249374,0.0876774193548387,-0.1532258064516127,-0.8333333333333325,-0.32642748174784336
30,4,138967,217,62,47.8,0.21,12.5,22.662,0.25386727688786853,-0.0014918070418845613,0.09299999999999997,-0.0160409359342426,0.08064516129032258,-0.08949011446409982,-0.5376344086021506,-0.26486271780432574
30,4,139013,217,62,47.91,0.19,12.3,22.708,0.24349460608041523,-0.0008837349413523565,0.09299999999999997,-0.00950252625110061,0.07935483870967742,-0.020811654526534887,-0.10752688172042994,-0.14703659569681335
30,4,139060,217,62,49.01,0.2,12.2,22.755,0.2401928734880649,-0.00011469497989139121,0.09299999999999997,-0.0012332793536708735,0.07870967741935483,0.03468609087755805,0.3225806451612904,0.008893200743795206
30,4,139106,217,65,51.87,0.22,12.8,22.801,0.2443216737495882,0.0007124998599112758,0.0920000000000023,0.007744563694687586,0.08258064516129032,0.09046283309957703,0.326086956521731,0.18999530963513903
30,4,139152,217,65,54.41,0.23,13.49,22.847,0.2576724419744981,0.0014951085711483146,0.09299999999999997,0.016076436248906614,0.08703225806451613,0.08949011446409998,0.3225806451612904,0.3928826273256724
30,4,139199,217,65,56.39,0.25,14.09,22.894,0.2808597580908757,0.0021375500547255086,0.09299999999999997,0.022984409190596872,0.09090322580645162,0.06937218175511625,0.5376344086021508,0.5777065384358437
30,4,139245,255,86,58.15,0.28,14.49,22.94,0.31139915004903157,0.0025544188559173406,0.0920000000000023,0.02776542234692692,0.09348387096774194,0.11851332398316662,0.7608695652173724,0.6686257230978897
30,4,139291,255,86,63.22,0.32,15.78,22.986,0.3423733246158831,0.002675605348969695,0.09499999999999886,0.028164266831260283,0.10180645161290322,0.21528013582343214,1.157894736842119,0.6038781163434904
30,4,139340,255,86,70.38,0.39,17.66,23.035,0.3687675711016625,0.0024570947289470303,0.09499999999999886,0.025864155041547997,0.11393548387096775,0.2288624787775918,1.157894736842119,0.48282032311900946
30,4,139386,228,22,75.66,0.43,19.15,23.081,0.38824125531218845,0.0018951627854191671,0.09199999999999875,0.020599595493686878,0.12354838709677418,0.1325385694249667,0.5434782608695725,0.315888966272012
30,4,139432,228,22,76.65,0.44,19.55,23.127,0.3978293559986872,0.0010373347503804843,0.0940000000000012,0.011035476067877352,0.12612903225806452,0.04735758407686984,0.212765957446806,0.10659164098961331
30,4,139480,228,22,77.53,0.45,19.84,23.175,0.3982608695652122,-1.640590340688064e-05,0.0940000000000012,-0.00017453088730723864,0.128,0.033630748112559575,0.106382978723403,-0.09866247487358241
30,4,139526,42,247,78.41,0.45,20.04,23.221,0.3885550833605703,-0.0011254537230540825,0.09199999999999875,-0.012233192641892368,0.12929032258064516,-0.00701262272089797,-0.10869565217391462,-0.29904629247978204
30,4,139572,42,247,74.23,0.44,19.74,23.267,0.37074861065707265,-0.002133152268031445,0.09299999999999997,-0.022937121161628445,0.1273548387096774,-0.14429413805064162,-0.5376344086021506,-0.4617785698467708
30,4,139619,42,247,65.09,0.4,17.96,23.314,0.34560967636482065,-0.00290012667456787,0.09299999999999997,-0.031184157791052377,0.11587096774193549,-0.27471383975026004,-1.2903225806451617,-0.6165132325905851
30,4,139665,28,249,56.94,0.32,15.78,23.36,0.31341288002614826,-0.003337986836643564,0.09700000000000131,-0.03441223542931463,0.10180645161290322,-0.2973062853342162,-1.7525773195876053,-0.7126174917346974
30,4,139716,28,249,49.67,0.23,13.49,23.411,0.2764857796665541,-0.003431698274869854,0.0990000000000002,-0.03466361893807926,0.08703225806451613,-0.2782665363310519,-1.515151515151512,-0.7805746249682061
30,4,139764,8,229,44.06,0.17,11.51,23.459,0.2361359921542957,-0.003240446428799265,0.09499999999999886,-0.03410996240841372,0.07425806451612903,-0.22207130730051197,-0.9473684210526429,-0.869358751569999
30,4,139811,8,229,40.64,0.14,10.22,23.506,0.19389669826740516,-0.0028743905777275157,0.09299999999999997,-0.030907425566962545,0.06593548387096775,-0.13805064169268128,-0.5376344086021508,-0.875013621009033
30,4,139857,8,229,38.0,0.12,9.52,23.552,0.15475972540045566,-0.0024548848140793123,0.09299999999999997,-0.026396610904078636,0.061419354838709674,-0.10336455081512314,-0.32258064516129054,-0.8086837008369353
30,4,139904,48,243,35.91,0.11,8.73,23.599,0.1186891140895702,-0.0020729484727067815,0.09299999999999997,-0.02228976852372884,0.056322580645161296,-0.10960804717308356,-0.3225806451612904,-0.7378193028152336
30,4,139950,48,243,33.59,0.09,7.94,23.645,0.08614253023863895,-0.0017612757813508448,0.09299999999999997,-0.018938449261837048,0.051225806451612906,-0.10336455081512322,-0.3225806451612904,-0.6101157522136259
30,4,139997,48,243,31.28,0.08,7.24,23.692,0.061948349133703,-0.001489214489846134,0.09299999999999997,-0.016013059030603596,0.04670967741935484,-0.09642733263961156,-0.21505376344086016,-0.3974171051752754
30,4,140043,17,243,29.3,0.07,6.55,23.738,0.04918273945733835,-0.0011813996301603806,0.09199999999999875,-0.012841300327830398,0.04225806451612903,-0.08345021037868279,-0.10869565217391447,-0.1324672740452265
30,4,140089,17,243,27.43,0.07,6.05,23.784,0.04976135992154233,-0.000752868845202352,0.09199999999999875,-0.008183357013069154,0.03903225806451613,-0.07643758765778504,0.0,0.14049774720354763
30,4,140135,17,243,25.77,0.07,5.46,23.83,0.062108532200064556,-0.00014849991013026641,0.09500000000000242,-0.0015631569487396066,0.035225806451612905,-0.07402376910016789,-0.10526315789473425,0.3239104626554821
30,4,140184,222,0,24.23,0.06,4.96,23.879,0.08053285387381391,0.0006269611089096153,0.09500000000000242,0.006599590620101046,0.032,-0.03395585738539813,-0.10526315789473425,0.4329588272741184
30,4,140230,222,0,25.11,0.06,4.96,23.925,0.10323962079110685,0.0014997472838455285,0.09199999999999875,0.016301600911364664,0.032,0.062412342215989625,0.21739130434782908,0.5329960060832614
30,4,140276,222,0,32.71,0.08,5.85,23.971,0.1295684864334733,0.0023437587153127674,0.09299999999999997,0.025201706616266323,0.03774193548387097,0.19285466527922313,0.5376344086021507,0.6066709550875711
30,4,140323,242,21,40.53,0.11,7.74,24.018,0.15966001961425094,0.003018396931280065,0.09299999999999997,0.032455880981506084,0.049935483870967745,0.2892819979188346,0.9677419354838713,0.6853740241206011
30,4,140369,242,21,48.46,0.17,10.02,24.064,0.19330827067668918,0.0034136235049493564,0.09299999999999997,0.03670562908547696,0.06464516129032258,0.33021158515435317,1.5053763440860222,0.7469234095055212
30,4,140416,242,21,55.51,0.25,12.5,24.111,0.22912389669826438,0.003484297922864716,0.09299999999999997,0.03746556906306148,0.08064516129032258,0.31009365244536957,1.5053763440860217,0.7839022521239895
30,4,140462,223,38,61.13,0.31,14.49,24.157,0.2662111801242202,0.003259898596587547,0.09299999999999997,0.035052673081586536,0.09348387096774194,0.213666319805758,1.0752688172043012,0.8035868071300173
30,4,140509,223,38,63.66,0.35,15.58,24.204,0.30385746976135597,0.002826535541112511,0.09299999999999997,0.030392855280779698,0.10051612903225807,0.11654526534859529,0.6451612903225808,0.8226386442965654
30,4,140555,223,38,65.2,0.37,16.17,24.25,0.34271657404380074,0.0022905612703037264,0.09499999999999886,0.024111171266355303,0.1043225806451613,0.0740237691001708,0.31578947368421456,0.7665043615904744
30,4,140604,236,44,66.63,0.38,16.67,24.299,0.37667538411245016,0.0017407824925945229,0.09499999999999886,0.018324026237837302,0.10754838709677421,0.07402376910017065,0.4210526315789522,0.6327833313260256
30,4,140650,236,44,68.5,0.41,17.26,24.345,0.40283099051977245,0.0012254752755224878,0.09199999999999875,0.01332038342959244,0.11135483870967743,0.07643758765778504,0.4347826086956579,0.45290447290248337
30,4,140696,236,44,70.38,0.42,17.76,24.391,0.41834259561947806,0.0007521101960372363,0.09299999999999997,0.008087206409002543,0.11458064516129034,0.07630939993062767,0.21505376344086047,0.24932597974599563
30,4,140743,224,15,72.14,0.43,18.36,24.438,0.42601830663615003,0.0003067380597949203,0.09300000000000352,0.003298258707472136,0.1184516129032258,0.061741241762050855,0.21505376344085225,0.10060213647723233
30,4,140789,224,15,73.13,0.44,18.65,24.484,0.427698594311861,-0.00011835874119787348,0.0920000000000023,-0.0012865080564985927,0.12032258064516128,0.041374474053294946,0.10869565217391042,-0.020431513566524045
30,4,140835,224,15,73.79,0.44,18.95,24.53,0.4241386073880298,-0.0005029547061982385,0.09199999999999875,-0.00546689898041571,0.12225806451612903,0.035063113604488494,0.10869565217391462,-0.10208650169848067
30,4,140881,16,238,74.45,0.45,19.15,24.576,0.41830663615560093,-0.0007943351885686454,0.09399999999999764,-0.008450374346475163,0.12354838709677418,0.006863417982155392,0.0,-0.10763495232067367
30,4,140929,16,238,71.59,0.44,19.05,24.624,0.4140209218698867,-0.0009236113586315149,0.0940000000000012,-0.00982565275139897,0.12290322580645162,-0.10912834591626484,-0.319148936170209,-0.07797013347429377
30,4,140975,16,238,64.76,0.42,17.56,24.67,0.4109774436090172,-0.0008366727557896496,0.09500000000000242,-0.008807081639890824,0.11329032258064516,-0.2152801358234241,-0.9473684210526078,-0.04432132963988716
30,4,141024,248,10,58.26,0.35,15.88,24.719,0.4098103955540973,-0.0005250666641136057,0.09499999999999886,-0.00552701751698539,0.10245161290322581,-0.1344651952461815,-0.8421052631579043,-0.013489100325183273
30,4,141070,248,10,58.26,0.34,15.58,24.765,0.40969597907812483,-4.0297633260752976e-05,0.09199999999999875,-0.0004380177528342774,0.10051612903225807,0.02033660589060339,0.10869565217391462,-0.0030203107011378817
30,4,141116,248,10,62.45,0.36,16.17,24.811,0.40953252696959264,0.0005171156183890098,0.09299999999999997,0.005560382993430214,0.1043225806451613,0.13735691987513002,0.7526881720430104,0.031249231072069113
30,4,141163,235,19,68.39,0.41,17.56,24.858,0.41260215756782725,0.0010287998529810345,0.09299999999999997,0.011062364010548761,0.11329032258064516,0.16510579257717664,0.7526881720430111,0.08664719301760554
30,4,141209,235,19,72.36,0.43,18.55,24.904,0.41759071592022995,0.0013944344819190953,0.09299999999999997,0.014993919160420383,0.11967741935483872,0.11723898716614645,0.3225806451612907,0.13251923637986793
30,4,141256,235,19,74.89,0.44,19.25,24.951,0.42492644655115497,0.0015565458899799935,0.09299999999999997,0.016737052580430043,0.12419354838709677,0.07630939993062767,0.21505376344086047,0.17294287612439024
30,4,141302,244,33,76.54,0.45,19.65,24.997,0.43367440339979824,0.0015068368000883368,0.09199999999999875,0.016378660870525624,0.1267741935483871,0.062412342215989555,0.21739130434782925,0.18999530963514635
30,4,141348,244,33,78.53,0.46,20.14,25.043,0.4424060150375882,0.0012770069419392484,0.09600000000000009,0.013302155645200493,0.12993548387096773,0.059811827956989264,0.10416666666666667,0.18565435327448743
30,4,141398,244,33,80.18,0.46,20.54,25.093,0.45149722131414904,0.0009226196244243958,0.09600000000000009,0.009610621087754114,0.13251612903225807,0.053763440860215256,0.10416666666666609,0.18766345210853036
30,4,141444,238,26,81.72,0.47,20.94,25.139,0.46042170644000713,0.0005078531908469657,0.09299999999999997,0.005460786998354472,0.1350967741935484,0.04092958723551847,0.10752688172042964,0.21280410001159777
30,4,141491,238,26,82.71,0.47,21.13,25.186,0.47128800261522763,9.459508228354352e-05,0.09299999999999997,0.001017151422403694,0.13632258064516128,0.027055150884495012,0.0,0.19596677528322679
30,4,141537,238,26,83.37,0.47,21.33,25.232,0.4786466165413472,-0.00026503831155208246,0.09299999999999997,-0.0028498743177643284,0.13761290322580644,0.02774887270204662,0.10752688172043023,0.10977654514968876
30,4,141584,41,226,84.03,0.48,21.53,25.279,0.4814972213141487,-0.0005356201165642744,0.09299999999999997,-0.005759356092088974,0.13890322580645162,0.0,0.0,-0.007416859118344203
30,4,141630,41,226,80.51,0.47,21.33,25.325,0.4779568486433412,-0.0007063366664889372,0.09199999999999875,-0.007677572461836378,0.13761290322580644,-0.09747545582047835,-0.21739130434782863,-0.11470074050911834
30,4,141676,41,226,73.46,0.46,20.14,25.371,0.47094475318730994,-0.0007976549502089724,0.09299999999999997,-0.008576934948483578,0.12993548387096773,-0.17204301075268794,-0.3225806451612901,-0.20106366899014425
30,4,141723,240,62,67.29,0.44,18.85,25.418,0.4592579274272578,-0.0008607970716534581,0.09299999999999997,-0.0092558824908974,0.12161290322580647,-0.11030176899063457,-0.3225806451612907,-0.31045355323792956
30,4,141769,240,62,67.07,0.43,18.55,25.464,0.4420725727361825,-0.0009645160485398349,0.09500000000000242,-0.010152800510945373,0.11967741935483872,-0.027164685908318623,-0.10526315789473425,-0.41781800037850436
30,4,141818,240,62,68.28,0.43,18.45,25.513,0.4195652173912989,-0.0011700401143148334,0.09500000000000242,-0.012316211729629512,0.11903225806451613,0.03395585738539806,0.10526315789473425,-0.5178162798299895
30,4,141864,23,255,71.26,0.44,19.05,25.559,0.39288002615233225,-0.0015038515891946638,0.09399999999999764,-0.01599842116164576,0.12290322580645162,0.02059025394646588,0.10638297872340702,-0.6089460468933735
30,4,141912,23,255,67.95,0.44,18.75,25.607,0.3623242889833232,-0.0019420164730714724,0.09399999999999764,-0.02065974971352682,0.12096774193548387,-0.1496225120109852,-0.6382978723404416,-0.678082811098058
30,4,141958,23,255,59.36,0.38,16.87,25.653,0.3291402419091164,-0.0024145232769366806,0.0920000000000023,-0.026244818227571957,0.10883870967741936,-0.3057503506311284,-1.6304347826086552,-0.7725599442841212
30,4,142004,45,216,51.32,0.29,14.39,25.699,0.29124877410918226,-0.002826499090671927,0.09299999999999997,-0.030392463340558364,0.09283870967741936,-0.2892819979188348,-1.7204301075268822,-0.8651361925149372
30,4,142051,45,216,46.92,0.22,12.7,25.746,0.24868257600522725,-0.0030841032923330704,0.09299999999999997,-0.033162400992828724,0.08193548387096773,-0.19979188345473484,-1.0752688172043012,-0.8625350191748549
30,4,142097,45,216,44.39,0.19,11.51,25.792,0.21103301732592078,-0.003113437866331646,0.09299999999999997,-0.03347782651969513,0.07425806451612903,-0.13735691987513002,-0.6451612903225808,-0.720981978086863
30,4,142144,80,242,42.18,0.16,10.72,25.839,0.181631252043149,-0.0028695607806762543,0.09299999999999997,-0.030855492265336078,0.06916129032258064,-0.12417620534165788,-0.6451612903225808,-0.5469142702478427
30,4,142190,80,242,39.32,0.13,9.72,25.885,0.16016999019287143,-0.00234124553139284,0.10200000000000031,-0.022953387562674833,0.06270967741935485,-0.11954459203036012,-0.4901960784313711,-0.37334384554736666
30,4,142246,21,244,35.91,0.11,8.83,25.941,0.1435501797973175,-0.001558246243680556,0.10199999999999676,-0.015276923957652996,0.05696774193548387,-0.1125869702719834,-0.29411764705883287,-0.28193886250152805
30,4,142292,21,244,33.26,0.1,7.94,25.987,0.13141222621771648,-0.0006013131738849627,0.0940000000000012,-0.006396948658350585,0.051225806451612906,-0.11599176389841998,-0.21276595744680585,-0.20080265418402082
30,4,142340,21,244,30.95,0.09,7.14,26.035,0.1246747303040193,0.0003933065947908547,0.0940000000000012,0.0041841127105409544,0.04606451612903226,-0.10226492793410993,-0.21276595744680585,-0.08367356875073677
30,4,142386,252,49,28.86,0.08,6.45,26.081,0.12354691075514712,0.001247027909109722,0.09199999999999875,0.013554651185975422,0.04161290322580645,-0.05539971949509196,-0.10869565217391447,0.03674119135267289
30,4,142432,252,49,31.39,0.08,6.35,26.127,0.12805491990846515,0.0017770370485358936,0.09299999999999997,0.01910792525307413,0.040967741935483866,0.16510579257717664,0.5376344086021507,0.10896807235479862
30,4,142479,252,49,43.72,0.13,8.83,26.174,0.1336809414841434,0.001853344898209306,0.09299999999999997,0.019928439765691468,0.05696774193548387,0.4266389177939648,1.6129032258064524,0.08024971264064691
30,4,142525,5,251,55.18,0.23,12.5,26.22,0.13551814318404531,0.0014533821781601208,0.09299999999999997,0.015627765356560443,0.08064516129032258,0.30315643426985783,1.2903225806451617,-0.01040469336032883
30,4,142572,5,251,53.75,0.25,13.2,26.267,0.1327133050016328,0.0006864769510491691,0.09299999999999997,0.007381472591926552,0.08516129032258064,-0.01387443635102316,-0.21505376344086047,-0.05676885059774195
30,4,142618,5,251,48.46,0.21,12.3,26.313,0.13023864007845531,-0.00022857581549656913,0.09499999999999886,-0.002406061215753388,0.07935483870967742,-0.16230899830220896,-0.9473684210526429,-0.04191256172467818
30,4,142667,73,230,43.5,0.16,10.81,26.362,0.12873161163778843,-0.001026570613354565,0.09500000000000242,-0.010806006456363567,0.06974193548387098,-0.17521222410865425,-0.8421052631578732,-0.012043839576056502
30,4,142713,73,230,40.2,0.13,9.72,26.408,0.12909447531872992,-0.0014738783050593084,0.09299999999999997,-0.01584815381784203,0.06270967741935485,-0.12348248352410703,-0.5376344086021507,0.05283193959653639
30,4,142760,73,230,37.89,0.11,9.03,26.455,0.1336449820202663,-0.0014321905893435237,0.09399999999999764,-0.015236070099399571,0.05825806451612903,-0.09540150995195855,-0.4255319148936278,0.15138447413631406
30,4,142807,211,0,35.69,0.09,8.33,26.502,0.14332461588754308,-0.0008897205416577379,0.09299999999999997,-0.00956688754470686,0.05374193548387097,-0.06174124176205336,-0.21505376344086033,0.24767388316513272
30,4,142853,211,0,36.02,0.09,8.14,26.548,0.15667865315462365,4.372286912562373e-05,0.0920000000000023,0.00047524857745242,0.052516129032258066,-0.006311360448807658,0.10869565217391042,0.3080006253819686
30,4,142899,211,0,38.88,0.1,8.24,26.594,0.1716606734226849,0.001170958045447403,0.09299999999999997,0.012590946725240896,0.05316129032258065,0.07561567811307666,0.3225806451612904,0.34240580413164334
30,4,142946,242,30,42.95,0.12,9.23,26.641,0.18852239293886647,0.002259287519194645,0.09299999999999997,0.024293414184888666,0.059548387096774194,0.1852237252861603,0.7526881720430111,0.4183319448691803
30,4,142992,242,30,49.67,0.17,10.91,26.687,0.21056554429551866,0.0030967183546328327,0.0920000000000023,0.033659982115573424,0.07038709677419355,0.27138849929873093,1.4130434782608343,0.5857626106854814
30,4,143038,242,30,56.83,0.25,13.1,26.733,0.2424125531219321,0.003539378436928313,0.09499999999999886,0.03725661512556164,0.08451612903225807,0.28998302207131077,1.4736842105263332,0.73539684451403
30,4,143087,255,10,62.67,0.31,15.18,26.782,0.28042824452435067,0.0035392314826942304,0.09499999999999886,0.03725506823888708,0.09793548387096775,0.24923599320883147,1.2631578947368571,0.8023950035271241
30,4,143133,255,10,67.84,0.37,16.77,26.828,0.318640078457008,0.0031463501616134375,0.09199999999999875,0.034199458278407396,0.10819354838709677,0.20897615708275172,1.1956521739130597,0.8086615404295247
30,4,143179,255,10,72.36,0.42,18.16,26.874,0.35482510624386593,0.0024870876469151744,0.09299999999999997,0.02674287792381909,0.11716129032258064,0.1651057925771765,0.7526881720430111,0.74643129563037
30,4,143226,207,5,75.99,0.44,19.15,26.921,0.3880581889506324,0.0017259455504286265,0.09299999999999997,0.01855855430568416,0.12354838709677418,0.09642733263961156,0.21505376344086047,0.6636155606407237
30,4,143272,207,5,76.21,0.44,19.55,26.967,0.4165413533834532,0.0010225272568589717,0.09299999999999997,0.010994916740419053,0.12612903225806452,0.02774887270204662,0.0,0.5507808792668851
30,4,143319,207,5,75.66,0.44,19.55,27.014,0.4392808107224527,0.0004950779565166598,0.0940000000000012,0.005266786771453761,0.12612903225806452,0.0,0.106382978723403,0.4210456761700631
30,4,143366,236,79,75.22,0.45,19.55,27.061,0.45611964694343965,0.00019927648189481316,0.09299999999999997,0.0021427578698367013,0.12612903225806452,0.00693721817551158,0.10752688172043023,0.2946707582420241
30,4,143412,236,79,75.66,0.45,19.65,27.107,0.4666851912389609,0.00012599974247982714,0.09199999999999875,0.0013695624182590094,0.1267741935483871,0.027349228611501058,0.0,0.16153332291030026
30,4,143458,236,79,76.98,0.45,19.94,27.153,0.4709807126511871,0.00021604546900044142,0.09500000000000242,0.002274162831583536,0.12864516129032258,0.0332767402376901,0.10526315789473425,0.04776242666161742
30,4,143507,246,42,78.19,0.46,20.14,27.202,0.4712226217718147,0.0003852144018174748,0.09500000000000242,0.004054888440183842,0.12993548387096773,0.04074702886247779,0.10526315789473425,-0.0016861375406485764
30,4,143553,246,42,80.07,0.46,20.54,27.248,0.47082052958482545,0.000551307455980151,0.09299999999999997,0.005928037161076895,0.13251612903225807,0.05549774540409324,0.10752688172042964,-0.013533131566643347
30,4,143600,246,42,81.83,0.47,20.94,27.295,0.46996404053611684,0.0006556362699013398,0.09299999999999997,0.007049852364530537,0.1350967741935484,0.05480402358654163,0.10752688172042964,-0.007135651189684425
30,4,143646,246,64,83.37,0.47,21.33,27.341,0.4701569140241848,0.0006744723022777279,0.09199999999999875,0.007331220676931924,0.13761290322580644,0.04838709677419407,0.0,0.02426908481032402
30,4,143692,246,64,84.58,0.47,21.63,27.387,0.4721967963386666,0.0006191462310723424,0.09299999999999997,0.006657486355616586,0.1395483870967742,0.041623309053069775,0.10752688172043023,0.05096893706917924
30,4,143739,246,64,85.68,0.48,21.93,27.434,0.47489702517161847,0.0005263494755974954,0.09299999999999997,0.005659671780618231,0.14148387096774193,0.0346860908775579,0.10752688172043023,0.05174225887298796
30,4,143785,241,44,86.67,0.48,22.13,27.48,0.4770088264138545,0.00044211974119019357,0.09299999999999997,0.004753975711722513,0.14277419354838708,0.02705515088449531,0.0,0.049703501390221574
30,4,143832,241,44,87.34,0.48,22.32,27.527,0.4795194508009091,0.00040391452305695095,0.0940000000000012,0.004296963011244105,0.144,0.019903912148249898,0.0,0.06520695819103542
30,4,143879,241,44,87.78,0.48,22.42,27.574,0.4831382804838119,0.0004252627577166024,0.09600000000000009,0.004429820392881271,0.1446451612903226,0.01344086021505396,0.0,0.10018252152119263
30,4,143928,255,28,88.33,0.48,22.52,27.623,0.4891369728669436,0.00048692432400132904,0.09499999999999886,0.005125519200014052,0.14529032258064517,0.020373514431239508,0.0,0.12587532905490223
30,4,143974,255,28,89.21,0.48,22.72,27.669,0.4950964367440275,0.0005372928800557872,0.09199999999999875,0.0058401400006064625,0.14658064516129032,0.028050490883590976,0.0,0.09725400457665873
30,4,144020,255,28,90.2,0.48,22.92,27.715,0.49808434128799606,0.000502911296091515,0.09299999999999997,0.005407648345070055,0.1478709677419355,0.02774887270204662,0.0,0.01627490887105619
30,4,144067,210,49,91.19,0.48,23.12,27.762,0.4966100032690357,0.0003076024138059097,0.09299999999999997,0.003307552836622686,0.14916129032258066,0.01387443635102316,0.0,-0.08425692562401653
30,4,144113,210,49,90.86,0.48,23.12,27.808,0.4902484472049625,-0.00010374431834507547,0.09199999999999875,-0.0011276556341856183,0.14916129032258066,0.0,0.0,-0.2124877410918602
30,4,144159,210,49,90.31,0.48,23.12,27.854,0.47706113108858483,-0.0007427821424403546,0.09299999999999997,-0.00798690475742317,0.14916129032258066,0.0,0.0,-0.3577316362434795
30,4,144206,47,243,89.76,0.48,23.12,27.901,0.45697940503431894,-0.0015638635434001458,0.09299999999999997,-0.016815737025808023,0.14916129032258066,-0.034686090877558196,0.0,-0.5110251083529237
30,4,144252,47,243,83.7,0.48,22.62,27.947,0.42953579601176295,-0.0024649117406350205,0.09299999999999997,-0.026504427318656144,0.14593548387096775,-0.17204301075268838,-0.21505376344085989,-0.6640022215426272
30,4,144299,47,243,72.8,0.46,20.64,27.994,0.39522719843085463,-0.0033051006933880168,0.09600000000000009,-0.03442813222279181,0.13316129032258064,-0.2930107526881717,-0.5208333333333327,-0.7348874904652836
30,4,144348,72,238,62.78,0.43,18.26,28.043,0.35898659692709567,-0.003935144730445529,0.09499999999999886,-0.04142257610995344,0.11780645161290323,-0.3103565365025504,-1.1578947368421195,-0.7638203059135246
30,4,144394,72,238,55.84,0.35,16.07,28.089,0.32266426936907067,-0.004230990454615526,0.09299999999999997,-0.04549452101737126,0.1036774193548387,-0.2823447797433231,-1.720430107526882,-0.7718103111917142
30,4,144441,72,238,50.33,0.27,14.19,28.136,0.28720823798626627,-0.00412140506254838,0.09299999999999997,-0.04431618346826217,0.0915483870967742,-0.2545959070412765,-1.3978494623655915,-0.7369756790292613
30,4,144487,5,255,45.93,0.22,12.4,28.182,0.2541255312193494,-0.003603955737621096,0.0920000000000023,-0.039173431930663104,0.08,-0.2370266479663334,-1.0869565217391033,-0.680387168298793
30,4,144533,5,255,41.52,0.17,10.81,28.228,0.22461261850277575,-0.002748208088677936,0.0920000000000023,-0.029871827050846383,0.06974193548387098,-0.2152875175315514,-0.9782608695651929,-0.598874312435129
30,4,144579,5,255,37.45,0.13,9.33,28.274,0.19902909447531614,-0.0016864846083065696,0.09299999999999997,-0.018134243100070647,0.06019354838709678,-0.19216094346167212,-0.645161290322581,-0.5033621922970053
30,4,144626,230,22,33.7,0.11,8.04,28.321,0.17779993461915428,-0.0005920185491844574,0.09299999999999997,-0.006365790851445781,0.051870967741935475,-0.10336455081512322,-0.3225806451612904,-0.4104581228667689
30,4,144672,230,22,34.36,0.1,7.84,28.367,0.16085648904870664,0.000354711994161768,0.09499999999999886,0.0037338104648607607,0.05058064516129032,0.06044142614601098,0.21052631578947625,-0.2965881523029539
30,4,144721,230,22,41.3,0.13,8.93,28.416,0.149624060150374,0.0010060787517841554,0.09600000000000009,0.010479986997751609,0.05761290322580645,0.21303763440860196,0.8333333333333325,-0.18003568704369402
30,4,144768,55,216,48.68,0.18,11.01,28.463,0.143573063092512,0.0012823428684829014,0.09299999999999997,0.013788632994439803,0.07103225806451613,0.17204301075268824,0.6451612903225808,-0.07409828920126306
30,4,144814,55,216,48.68,0.19,11.41,28.509,0.14273291925465653,0.0011882878045920418,0.09199999999999875,0.012916171789044108,0.07361290322580645,0.035063113604488494,0.10869565217391462,0.024802080816408046
30,4,144860,55,216,48.46,0.19,11.51,28.555,0.1458548545276215,0.0008043250502134587,0.09299999999999997,0.00864865645390816,0.07425806451612903,0.0,0.0,0.06847413062811226
30,4,144907,57,236,48.13,0.19,11.41,28.602,0.14910101340307097,0.00025634420580232666,0.09299999999999997,0.002756389309702438,0.07361290322580645,-0.02081165452653474,-0.10752688172043023,0.04175937740564551
30,4,144953,57,236,46.37,0.18,11.21,28.648,0.14973847662634654,-0.00032259474851624323,0.09199999999999875,-0.0035064646577853,0.0723225806451613,-0.055399719495091884,-0.3260869565217436,-0.0017411202865387555
30,4,144999,57,236,44.17,0.16,10.62,28.694,0.1489408303367094,-0.0008245247322612617,0.09299999999999997,-0.008865857336142601,0.06851612903225807,-0.07561567811307682,-0.4301075268817203,-0.061127573491933894
30,4,145046,59,245,42.18,0.14,10.12,28.741,0.1440536122915967,-0.0011840108469271192,0.09299999999999997,-0.012731299429323866,0.06529032258064515,-0.06243496357960452,-0.43010752688172066,-0.1566328162622523
30,4,145092,59,245,39.87,0.12,9.72,28.787,0.13437397842431995,-0.0013794078873267139,0.09499999999999886,-0.0145200830244919,0.06270967741935485,-0.07402376910017065,-0.31578947368421445,-0.22931470552812205
30,4,145141,59,245,37.67,0.11,9.03,28.836,0.12226871526642535,-0.0014223414650856617,0.09500000000000242,-0.014972015421953953,0.05825806451612903,-0.08760611205432726,-0.31578947368420246,-0.27742124189190465
30,4,145187,12,241,35.58,0.09,8.43,28.882,0.10801896044458834,-0.0013423699347265767,0.0920000000000023,-0.014590977551375468,0.054387096774193545,-0.07643758765778201,-0.2173913043478207,-0.2972341060590874
30,4,145233,12,241,34.03,0.09,7.94,28.928,0.09492317750898863,-0.00117325224420654,0.09399999999999764,-0.012481406853261377,0.051225806451612906,-0.06794783802333729,-0.10638297872340687,-0.22886772898945146
30,4,145281,12,241,32.6,0.08,7.44,28.976,0.08650539391958044,-0.0009447989874259157,0.09399999999999764,-0.01005105305772276,0.048,-0.061770761839397566,-0.10638297872340687,-0.15559249650490897
30,4,145327,33,242,31.28,0.08,7.04,29.022,0.08029748283752755,-0.0006812352100025363,0.0920000000000023,-0.007404730543505644,0.04541935483870968,-0.05539971949508975,-0.10869565217391026,-0.11310175249086354
30,4,145373,33,242,30.29,0.07,6.65,29.068,0.07610003269042073,-0.0004042453170480487,0.0920000000000023,-0.00439397083747868,0.04290322580645162,-0.04838709677419242,-0.10869565217391026,-0.06548744261409405
30,4,145419,33,242,29.19,0.07,6.35,29.114,0.07427263811703075,-0.00013705497815947432,0.09299999999999997,-0.0014737094425749933,0.040967741935483866,-0.041623309053069775,-0.10752688172043023,-0.013638584539891212
30,4,145466,217,1,28.2,0.06,6.05,29.161,0.07483164432821085,9.430839863555018e-05,0.09299999999999997,0.001014068802532798,0.03903225806451613,-0.027748872702046394,0.0,0.018454270318151268
30,4,145512,217,1,28.42,0.07,5.95,29.207,0.07598888525661882,0.00026461737747620083,0.11299999999999955,0.0023417467033292204,0.03838709677419355,0.05652298030259803,0.2654867256637179,0.022304703659880607
30,4,145579,68,239,36.79,0.09,7.04,29.274,0.07735207584177735,0.0003565549610618977,0.11400000000000077,0.0031276750970341692,0.04541935483870968,0.0786644029428404,0.1754385964912268,0.026611150301382242
30,4,145626,68,239,36.79,0.09,7.34,29.321,0.07902255639097641,0.00036694153613090564,0.09299999999999997,0.003945607915386083,0.04735483870967742,0.013874436351023235,0.0,0.03395585738539859
30,4,145672,68,239,36.24,0.09,7.24,29.367,0.08050997057861942,0.00030759287367378987,0.09199999999999875,0.0033434008008021094,0.04670967741935484,-0.007012622720897668,0.0,0.018583794078769634
30,4,145718,61,226,34.91,0.09,7.24,29.413,0.0807322654462232,0.00019979825900756775,0.09299999999999997,0.0021483683764254606,0.04670967741935484,-0.006937218175511655,-0.10752688172043008,0.010264089396000285
30,4,145765,61,226,34.14,0.08,7.14,29.46,0.08146453089244744,6.575015374300097e-05,0.09299999999999997,0.0007069909004623762,0.04606451612903226,-0.013874436351023235,-0.10752688172043008,0.0032338911795617847
30,4,145811,61,226,33.59,0.08,7.04,29.506,0.08103301732592244,-7.800446691263297e-05,0.09199999999999875,-0.0008478746403547177,0.04541935483870968,-0.007012622720897668,0.0,-0.014888355103258784
30,4,145857,57,234,33.26,0.08,7.04,29.552,0.08009480222294765,-0.00022171707993474143,0.09199999999999875,-0.002409968260160266,0.04541935483870968,-0.013323983169705721,0.0,-0.058949358272808526
30,4,145903,57,234,32.71,0.08,6.85,29.598,0.07560967636482413,-0.0003581313894587321,0.09299999999999997,-0.003850875155470239,0.04419354838709677,-0.02011793270898373,-0.10752688172043008,-0.1385652068460054
30,4,145950,57,234,32.16,0.07,6.75,29.645,0.06720823798626915,-0.00047547810344154406,0.09500000000000242,-0.005005032667805599,0.043548387096774194,-0.013582342954159166,-0.10526315789473412,-0.1609401077063306
30,4,145998,35,239,31.61,0.07,6.65,29.693,0.06032036613272233,-0.0005518694550941108,0.0940000000000012,-0.005870951649937274,0.04290322580645162,-0.0205902539464651,0.0,-0.10353126108518032
30,4,146044,35,239,31.06,0.07,6.45,29.739,0.05747629944426208,-0.0005549172813252188,0.09399999999999764,-0.005903375333247157,0.04161290322580645,-0.020590253946465954,-0.10638297872340702,-0.01137209350851715
30,4,146092,35,239,30.51,0.06,6.35,29.787,0.05925138934292175,-0.00044868649157893083,0.09399999999999764,-0.00477326054871215,0.040967741935483866,-0.013726835964310562,-0.10638297872340702,0.06298122735145063
30,4,146138,44,244,30.07,0.06,6.25,29.833,0.06339653481529829,-0.00020726872654999707,0.0920000000000023,-0.002252920940760781,0.04032258064516129,-0.021037868162692267,0.0,0.1073098625580925
30,4,146184,44,244,29.41,0.06,6.05,29.879,0.0691238966982665,0.00016907714745445368,0.09299999999999997,0.0018180338435962768,0.03903225806451613,-0.02774887270204647,-0.10752688172043008,0.12903928826273092
30,4,146231,44,244,28.75,0.05,5.85,29.926,0.07539718862373226,0.0006420611585069276,0.09299999999999997,0.006903883424805675,0.03774193548387097,-0.020811654526534887,-0.10752688172043008,0.1503056378674579
30,4,146277,242,41,28.09,0.05,5.75,29.972,0.08310232101994008,0.0011352856743410582,0.0920000000000023,0.01234006167761989,0.037096774193548385,-0.013323983169705131,0.0,0.2064826527566476
30,4,146323,242,41,29.52,0.05,5.66,30.018,0.09439359267734432,0.0015503273214470595,0.09199999999999875,0.016851383928772615,0.036516129032258066,0.11851332398317135,0.434782608695658,0.2791477749193402
30,4,146369,242,41,40.31,0.09,7.44,30.064,0.10878391631251903,0.001795987537300321,0.09100000000000108,0.019736126783519777,0.048,0.33746898263026887,1.3186813186813031,0.31770779073818495
30,4,146414,17,228,50.22,0.17,10.42,30.109,0.12330500163451949,0.0018190619404342074,0.09100000000000108,0.01998969165312292,0.0672258064516129,0.2531017369727017,0.9890109890109773,0.3077928936052427
30,4,146460,17,228,49.78,0.18,11.01,30.155,0.13679306963059645,0.0016214505261269512,0.09199999999999875,0.01762446224051058,0.07103225806451613,0.03436185133239888,0.0,0.2666401353099194
30,4,146506,17,228,48.24,0.17,10.91,30.201,0.14783589408303174,0.0012550224014015452,0.09299999999999997,0.013494864531199415,0.07038709677419355,-0.02705515088449531,-0.21505376344086016,0.21203077820778904
30,4,146553,223,53,46.37,0.16,10.62,30.248,0.15651193200392083,0.0007990990498544175,0.09299999999999997,0.008592462901660406,0.06851612903225807,-0.02705515088449546,-0.10752688172043023,0.1545589077884033
30,4,146599,223,53,46.15,0.16,10.52,30.294,0.16220987250735325,0.0003352088745763719,0.09299999999999997,0.0036043965008212045,0.06787096774193548,0.0,0.10752688172043023,0.11325649326682592
30,4,146646,223,53,48.02,0.17,10.62,30.341,0.16704478587773564,-6.77726365038005e-05,0.0940000000000012,-0.0007209854947212728,0.06851612903225807,0.06794783802333479,0.4255319148936117,0.09330681004082564
30,4,146693,66,241,51.87,0.2,11.51,30.388,0.17098071265119097,-0.00035537441183928033,0.09299999999999997,-0.0038212302348309725,0.07425806451612903,0.08255289628858825,0.4301075268817203,0.07283285352230451
30,4,146739,66,241,51.65,0.21,11.81,30.434,0.17381824125530995,-0.0004835374219757735,0.09199999999999875,-0.0052558415432150014,0.07619354838709677,-0.014025245441795337,-0.10869565217391462,0.0795585371746948
30,4,146785,66,241,48.13,0.19,11.31,30.48,0.1783000980712628,-0.0004186295832926206,0.09499999999999886,-0.0044066271925539535,0.07296774193548387,-0.08081494057725049,-0.5263157894736904,0.10546962371604016
30,4,146834,217,7,44.72,0.16,10.62,30.529,0.18383785550833365,-0.00014544501273970134,0.09499999999999886,-0.0015310001341021376,0.06851612903225807,-0.05365025466893115,-0.3157894736842143,0.17057517936718192
30,4,146880,217,7,44.83,0.16,10.52,30.575,0.19450474011114488,0.00032104492594279676,0.09199999999999875,0.003489618760247838,0.06787096774193548,-0.007012622720897819,0.0,0.3225691828815901
30,4,146926,217,7,47.03,0.16,10.52,30.621,0.21351422033343953,0.0009284958388426752,0.09299999999999997,0.00998382622411479,0.06787096774193548,0.04786680541103035,0.3225806451612904,0.4592828494799357
30,4,146973,234,31,50.33,0.19,11.21,30.668,0.23721804511277889,0.0015906693360473075,0.09299999999999997,0.017103971355347396,0.0723225806451613,0.13735691987513018,0.7526881720430111,0.5403410349154725
30,4,147019,234,31,54.63,0.23,12.5,30.714,0.26376593658057845,0.00220203717535162,0.0920000000000023,0.023935186688603966,0.08064516129032258,0.18793828892005132,0.9782608695651932,0.6024276191423505
30,4,147065,234,31,59.14,0.28,13.89,30.76,0.2926413860738765,0.002658991385752099,0.09299999999999997,0.028591305223140857,0.08961290322580645,0.1789802289281998,0.9677419354838712,0.613419945375352
30,4,147112,255,53,62.67,0.32,15.08,30.807,0.3208139915004862,0.0028813332708223314,0.09399999999999764,0.030652481604493655,0.09729032258064516,0.18393960192176173,0.957446808510662,0.5862018598763404
30,4,147159,255,53,67.51,0.37,16.57,30.854,0.34774436090225114,0.0028288814117550663,0.09299999999999997,0.030418079696291046,0.10690322580645162,0.20672910163024627,1.0752688172043012,0.5830846400714191
30,4,147205,255,53,72.58,0.42,18.06,30.9,0.37504086302712814,0.0025102180324444844,0.09500000000000242,0.02642334770994127,0.11651612903225805,0.18879456706281356,0.7368421052631392,0.5712565165774629
30,4,147254,255,15,76.76,0.44,19.35,30.949,0.4020137299771115,0.001982108305018546,0.09500000000000242,0.020864297947563108,0.12483870967741936,0.1412563667232562,0.421052631578937,0.5430739319694916
30,4,147300,255,15,79.85,0.46,20.14,30.995,0.42663288656423115,0.0013390108687781925,0.09199999999999875,0.014554465964980551,0.12993548387096773,0.09747545582047805,0.21739130434782925,0.49458476057819434
30,4,147346,255,15,82.27,0.46,20.74,31.041,0.44751552795030475,0.0006933124918901896,0.09299999999999997,0.007454973031077309,0.13380645161290322,0.08255289628858825,0.10752688172042964,0.406767268803139
30,4,147393,50,220,84.25,0.47,21.33,31.088,0.46446224256292307,0.00014890486197473863,0.09299999999999997,0.0016011275481154696,0.13761290322580644,0.03399236906000689,0.10752688172042964,0.3003652187973401
30,4,147439,50,220,80.95,0.47,21.23,31.134,0.47544949329845737,-0.00022666671488791933,0.09199999999999875,-0.0024637686400861133,0.13696774193548386,-0.07643758765778504,-0.10869565217391401,0.16203078584931074
30,4,147485,50,220,74.67,0.46,20.24,31.18,0.47936907486105945,-0.0004234482805180591,0.09299999999999997,-0.004553207317398486,0.1305806451612903,-0.1512313562261532,-0.4301075268817203,0.010264089396000136
30,4,147532,255,64,69.16,0.43,19.05,31.227,0.4764040536122854,-0.0004943156561651386,0.09299999999999997,-0.005315222109302567,0.12290322580645162,-0.103364550815123,-0.3225806451612907,-0.14099062523067646
30,4,147578,255,64,68.94,0.43,18.75,31.273,0.46625694671460655,-0.0005378815516501838,0.09199999999999875,-0.005846538604893382,0.12096774193548387,0.0,0.10869565217391462,-0.30139147490654744
30,4,147624,255,64,72.03,0.44,19.05,31.319,0.4486760379208834,-0.000661642922061894,0.09600000000000009,-0.006892113771478057,0.12290322580645162,0.0866935483870966,0.20833333333333334,-0.4254862700228773
30,4,147674,39,235,77.31,0.45,20.04,31.369,0.4254102647924103,-0.0009388999836143518,0.09600000000000009,-0.00978020816264949,0.12929032258064516,0.059811827956989125,0.10416666666666667,-0.5200841778358872
30,4,147720,39,235,74.12,0.45,19.94,31.415,0.3987479568486382,-0.0013784057093700498,0.09299999999999997,-0.014821566767419895,0.12864516129032258,-0.09642733263961156,-0.21505376344086047,-0.6122951136607219
30,4,147767,39,235,67.18,0.43,18.65,31.462,0.36846681922196317,-0.0019205207968534346,0.09299999999999997,-0.02065076125648855,0.12032258064516128,-0.19909816163718355,-0.7526881720430111,-0.6794335066277106
30,4,147813,29,246,61.24,0.38,17.07,31.508,0.3355606407322611,-0.002460470221779717,0.09199999999999875,-0.026744241541084245,0.11012903225806452,-0.22931276297335498,-1.1956521739130597,-0.7361030174680564
30,4,147859,29,246,55.29,0.32,15.38,31.554,0.3007453416149029,-0.002886680605107795,0.09299999999999997,-0.031039576399008558,0.09922580645161291,-0.24141519250780447,-1.397849462365592,-0.7551838924098372
30,4,147906,29,246,50.22,0.25,13.59,31.601,0.26532853873814627,-0.003117410418736078,0.09299999999999997,-0.033520542136947086,0.0876774193548387,-0.23378425251474175,-1.2903225806451617,-0.7597183702594396
30,4,147952,0,255,45.93,0.2,12.01,31.647,0.23009153318077505,-0.0031227405099274906,0.0920000000000023,-0.03394283162964579,0.07748387096774194,-0.21528751753155148,-1.0869565217391033,-0.7593061102661848
30,4,147998,0,255,41.74,0.15,10.52,31.693,0.19547237659365552,-0.0029270711985517526,0.09299999999999997,-0.0314738838553952,0.06787096774193548,-0.1997918834547347,-0.8602150537634413,-0.7468882585144394
30,4,148045,0,255,37.89,0.12,9.13,31.74,0.1606309251389322,-0.00259476255676503,0.09499999999999886,-0.02731329007121117,0.05890322580645162,-0.15483870967742108,-0.5263157894736904,-0.7054593004249751
30,4,148093,18,252,34.25,0.1,8.24,31.788,0.1284537430532837,-0.002206040244467964,0.09500000000000242,-0.023221476257556925,0.05316129032258065,-0.12835314091680491,-0.31578947368420246,-0.6447927599318417
30,4,148140,18,252,31.39,0.09,7.24,31.835,0.09937561294540569,-0.0018315290236881258,0.0940000000000012,-0.01948435131583088,0.04670967741935484,-0.12285518188057504,-0.21276595744680585,-0.5827241554394623
30,4,148187,18,252,28.86,0.08,6.45,31.882,0.07367767244197354,-0.0015125376691273243,0.09299999999999997,-0.01626384590459489,0.04161290322580645,-0.10336455081512322,-0.21505376344086016,-0.4502138937807293
30,4,148233,77,231,26.55,0.07,5.75,31.928,0.05750572082379787,-0.0012516311111160005,0.09199999999999875,-0.013604685990391495,0.037096774193548385,-0.07643758765778504,-0.10869565217391447,-0.24787867589578888
30,4,148279,77,231,25.44,0.07,5.36,31.974,0.050872834259561274,-0.0010152514484117613,0.0920000000000023,-0.011035341830562347,0.03458064516129032,-0.04838709677419235,-0.10869565217391042,-0.06207626817516151
30,4,148325,77,231,24.78,0.06,5.06,32.02,0.05179470415168287,-0.0007478128666767931,0.09299999999999997,-0.008040998566417133,0.03264516129032258,-0.02774887270204647,-0.10752688172043023,0.07694551947892071
30,4,148372,59,248,24.23,0.06,4.96,32.067,0.0580287675711009,-0.0003945001510295336,0.09299999999999642,-0.00424193710784461,0.032,-0.02774887270204749,0.0,0.15561343752087492
30,4,148418,59,248,23.35,0.06,4.66,32.113,0.06626675384112368,7.265905659569417e-05,0.09199999999999875,0.0007897723543010343,0.03006451612903226,-0.03506311360448857,0.0,0.20399533806160036
30,4,148464,59,248,22.25,0.06,4.46,32.159,0.07679633867276787,0.0006337071061093438,0.09499999999999886,0.006670601116940541,0.028774193548387096,-0.033276740237691414,0.0,0.2261833072383474
30,4,148513,238,38,21.26,0.06,4.17,32.208,0.08775416802876643,0.0012141468136794762,0.09499999999999886,0.012780492775573585,0.026903225806451613,-0.02648556876061151,0.0,0.2449716969769961
30,4,148559,238,38,23.68,0.06,4.07,32.254,0.10006864988558223,0.0016994637925192588,0.09199999999999875,0.0184724325273835,0.026258064516129033,0.11781206171108155,0.3260869565217436,0.2584319968162373
30,4,148605,238,38,35.25,0.09,5.85,32.3,0.11152991173585994,0.0019693808396378703,0.0940000000000012,0.02095085999614729,0.03774193548387097,0.3335621139327342,1.0638297872340292,0.23377129224540863
30,4,148653,63,226,45.82,0.16,8.93,32.348,0.12204315135665092,0.0019399503470773185,0.0940000000000012,0.020637769649758445,0.05761290322580645,0.2518874399450894,0.8510638297872234,0.1828576992898482
30,4,148699,63,226,45.6,0.17,9.52,32.394,0.1287185354691059,0.0015956400484815915,0.09199999999999875,0.017343913570452316,0.061419354838709674,0.04137447405329647,0.10869565217391462,0.09156871384510434
30,4,148745,63,226,44.94,0.17,9.52,32.44,0.1304674730304004,0.000998044808129709,0.09199999999999875,0.010848313131844811,0.061419354838709674,-0.006311360448807902,-0.10869565217391462,0.0033045752377160683
30,4,148791,38,227,43.5,0.16,9.43,32.486,0.12902255639097576,0.00027034601178861097,0.09300000000000352,0.0029069463633182874,0.060838709677419354,-0.020117932708982888,-0.21505376344085225,-0.04924653850615069
30,4,148838,38,227,42.4,0.15,9.23,32.533,0.12588754494932822,-0.0004326265620000864,0.09300000000000352,-0.004651898516129785,0.059548387096774194,-0.027748872702045485,-0.10752688172042613,-0.07188377676308216
30,4,148884,38,227,41.41,0.15,9.03,32.579,0.12233736515200887,-0.0009570549851742367,0.09499999999999886,-0.01007426300183419,0.05825806451612903,-0.01358234295415982,-0.1052631578947379,-0.04094905455859329
30,4,148933,49,255,40.53,0.14,9.03,32.628,0.1219973847662619,-0.0011789669895360185,0.09499999999999886,-0.012410178837221396,0.05825806451612903,-0.0339558573853994,-0.2105263157894761,0.031658092599920855
30,4,148979,49,255,38.44,0.13,8.53,32.674,0.1253448839490013,-0.0010277444412052493,0.09199999999999875,-0.011171135230491992,0.05503225806451612,-0.09046283309958038,-0.43478260869565816,0.11359921542987914
30,4,149025,49,255,35.36,0.1,7.74,32.72,0.13244851258581064,-0.0005032650503156359,0.09199999999999875,-0.005470272286039595,0.049935483870967745,-0.10448807854137579,-0.43478260869565816,0.17976178631834763
30,4,149071,231,11,32.6,0.09,7.04,32.766,0.14188296829028907,0.0003174524237755918,0.09300000000000352,0.0034134669223180618,0.04541935483870968,-0.061741241762051154,-0.2150537634408521,0.25674283886432886
30,4,149118,231,11,32.71,0.08,6.85,32.813,0.15632559660019413,0.0012902155078697204,0.0940000000000012,0.013725696892230894,0.04419354838709677,0.05490734385724017,0.21276595744680585,0.4007011052144598
30,4,149165,231,11,40.31,0.11,7.84,32.86,0.17954887218044877,0.0022332238700567427,0.09299999999999642,0.02401315989308418,0.05058064516129032,0.20603537981270315,0.9677419354839083,0.560271646859097
30,4,149211,244,41,47.91,0.17,9.82,32.906,0.20843085975808814,0.0029711766984481863,0.09300000000000352,0.031948136542452404,0.06335483870967742,0.2955254942767838,1.3978494623655384,0.6654082611858905
30,4,149258,244,41,54.96,0.24,12.1,32.953,0.24143184047073893,0.0033806013527531886,0.09300000000000352,0.03635055218014044,0.07806451612903226,0.30315643426984623,1.3978494623655382,0.7337417878496711
30,4,149304,244,41,60.9,0.3,14.19,32.999,0.27666884602811015,0.00342034172818868,0.09499999999999886,0.03600359713882864,0.0915483870967742,0.2628183361629913,1.3684210526315954,0.7510882469331216
30,4,149353,237,18,65.86,0.37,15.97,33.048,0.3127852239293846,0.0031363087583711115,0.09499999999999886,0.03301377640390683,0.10303225806451613,0.18879456706282047,1.0526315789473815,0.7644741143476538
30,4,149399,237,18,68.72,0.4,16.97,33.094,0.3492938868911364,0.002639974910040978,0.09199999999999875,0.028695379456967544,0.10948387096774193,0.12552594670406916,0.5434782608695725,0.7767528461986726
30,4,149445,237,18,70.93,0.42,17.76,33.14,0.38424648577966153,0.0020700655504580466,0.09299999999999642,0.0222587693597648,0.11458064516129034,0.09642733263961524,0.3225806451613024,0.7196462404257671
30,4,149492,255,61,72.69,0.43,18.36,33.187,0.41622098725073015,0.001551679097044037,0.09299999999999642,0.016684721473592436,0.1184516129032258,0.08949011446410325,0.322580645161303,0.6385880549902266
30,4,149538,255,61,75.33,0.45,19.05,33.233,0.4436351748937503,0.001165279667028532,0.09200000000000585,0.012666083337265845,0.12290322580645162,0.09677419354838081,0.32608695652171865,0.5497676137413047
30,4,149584,255,61,78.19,0.46,19.74,33.279,0.4667996077149334,0.0009318962954084,0.0940000000000012,0.00991379037668498,0.1273548387096774,0.09540150995195487,0.2127659574468054,0.43579114298232885
30,4,149632,211,71,80.62,0.47,20.44,33.327,0.48459954233408975,0.0008144750191273325,0.09399999999999409,0.008664627863057273,0.1318709677419355,0.06177076183940012,0.10638297872341045,0.2950832214671892
30,4,149678,211,71,80.62,0.47,20.64,33.373,0.49453743053284743,0.0007318422157801372,0.09499999999999886,0.007703602271369957,0.13316129032258064,0.013582342954159672,0.0,0.1252903425612085
30,4,149727,211,71,80.07,0.47,20.64,33.422,0.4965021248774044,0.0005815795717366256,0.09500000000000597,0.006121890228806201,0.13316129032258064,0.0,0.0,-0.046764508525314545
30,4,149773,235,42,79.63,0.47,20.64,33.468,0.49009480222294227,0.00026904666392674415,0.09300000000000352,0.0028929748809326233,0.13316129032258064,0.0,0.0,-0.24559997469127373
30,4,149820,235,42,79.63,0.47,20.64,33.515,0.4736613272311151,-0.0002609988544772719,0.09299999999999642,-0.0028064392954546447,0.13316129032258064,0.006937218175511845,0.0,-0.4317596234625944
30,4,149866,235,42,80.29,0.47,20.74,33.561,0.44994115724092254,-0.0009970079598765303,0.09299999999999642,-0.010720515697597513,0.13380645161290322,0.020811654526535835,0.0,-0.5443130969077811
30,4,149913,27,247,80.95,0.47,20.94,33.608,0.4230402092186934,-0.0018477594092451604,0.09300000000000352,-0.019868380744570865,0.1350967741935484,-0.01387443635102263,0.0,-0.577987746364479
30,4,149959,27,247,76.54,0.47,20.54,33.654,0.39618829682902396,-0.0026539724606025957,0.09200000000000585,-0.028847526745678552,0.13251612903225807,-0.15357643758764813,-0.32608695652171804,-0.5832042298562595
30,4,150005,27,247,66.63,0.44,18.75,33.7,0.3693854200719141,-0.0032276550269629816,0.09299999999999642,-0.03470596803186135,0.12096774193548387,-0.28928199791884557,-0.9677419354839079,-0.5741211373454824
30,4,150052,10,252,58.04,0.38,16.37,33.747,0.34279503105589615,-0.0034106408373800095,0.09299999999999642,-0.03667355739118431,0.10561290322580646,-0.33021158515436594,-1.7204301075269477,-0.5840688678217429
30,4,150098,10,252,50.99,0.28,13.99,33.793,0.3150670153644941,-0.0031327040584864197,0.09000000000000341,-0.03480782287207001,0.09025806451612903,-0.32688172043009533,-1.8888888888888173,-0.6106207547854832
30,4,150142,10,252,44.94,0.21,11.81,33.837,0.2878391631252006,-0.002445994818797539,0.09199999999999875,-0.026586900204321435,0.07619354838709677,-0.2784011220196391,-1.3043478260869745,-0.5932956209048148
30,4,150190,236,62,40.2,0.16,10.02,33.885,0.2604838182412519,-0.0015192849698907054,0.09399999999999409,-0.016162606062668096,0.06464516129032258,-0.14344543582705077,-0.7446808510638764,-0.5741690025248424
30,4,150236,236,62,40.75,0.14,9.72,33.931,0.2338672768878688,-0.0005903825671175795,0.09199999999999875,-0.006417201816495517,0.06270967741935485,0.05539971949509204,0.10869565217391462,-0.5608183976008072
30,4,150282,236,62,47.03,0.17,10.81,33.977,0.20888852566197832,0.00010773994311830926,0.09300000000000352,0.001158494012024787,0.06974193548387098,0.21366631980574968,0.9677419354838342,-0.5155595862025063
30,4,150329,0,244,54.08,0.23,12.8,34.024,0.1859202353710339,0.00041950651471198163,0.09300000000000352,0.0045108227388383415,0.08258064516129032,0.16579951439472132,0.752688172042982,-0.46462580012441074
30,4,150375,0,244,53.09,0.24,13.2,34.07,0.1656783262504065,0.0003102980632136223,0.09199999999999875,0.0033728050349307232,0.08516129032258064,-0.035063113604488494,-0.21739130434782925,-0.4053256960927842
30,4,150421,0,244,49.23,0.21,12.3,34.116,0.14863027133049825,-0.00013319607181031578,0.09299999999999642,-0.0014322158259174292,0.07935483870967742,-0.13111342351717462,-0.7526881720430395,-0.32092854858043557
30,4,150468,51,230,45.49,0.17,11.31,34.163,0.13583197123242713,-0.0007401684945506605,0.09300000000000352,-0.007958801016673468,0.07296774193548387,-0.13041970169961362,-0.752688172042982,-0.2356522442150137
30,4,150514,51,230,42.84,0.14,10.42,34.209,0.12671461261850114,-0.0013106383328472563,0.09500000000000597,-0.013796192977338674,0.0672258064516129,-0.09439728353140325,-0.421052631578921,-0.16950843929043294
30,4,150563,51,230,40.42,0.13,9.92,34.258,0.11972866949983499,-0.0016673288036120404,0.09499999999999886,-0.0175508295117059,0.064,-0.06723259762309075,-0.31578947368421445,-0.11507028440666905
30,4,150609,50,241,38.66,0.11,9.43,34.304,0.11578293559986771,-0.0016926280941281888,0.09299999999999642,-0.01820030208740058,0.060838709677419354,-0.0825528962885914,-0.32258064516130275,-0.024605693757536063
30,4,150656,50,241,36.68,0.1,8.73,34.351,0.11744033998038422,-0.001348686112220709,0.0940000000000012,-0.014347724598092467,0.056322580645161296,-0.08853809196979982,-0.21276595744680585,0.05960785404769876
30,4,150703,50,241,34.91,0.09,8.14,34.398,0.12138607388035147,-0.0006830004814363316,0.09300000000000352,-0.007344091198239846,0.052516129032258066,-0.07561567811307386,-0.2150537634408521,0.08256967805206843
30,4,150749,213,43,33.26,0.08,7.64,34.444,0.12511932003922688,0.00017947761586072187,0.09199999999999875,0.0019508436506600467,0.04929032258064516,-0.04908835904628398,-0.10869565217391447,0.07543670139431742
30,4,150795,213,43,33.59,0.08,7.44,34.49,0.12832625040862858,0.001059340245304889,0.09199999999999875,0.01151456788374895,0.048,0.0,0.10869565217391447,0.11203576047870152
30,4,150841,213,43,37.45,0.09,7.64,34.536,0.13542661000326728,0.0017620317763760128,0.09299999999999642,0.01894657824060302,0.04929032258064516,0.09642733263961524,0.4301075268817369,0.1735755939638766
30,4,150888,241,50,42.18,0.12,8.83,34.583,0.14446878064726848,0.0021294217578420385,0.09299999999999642,0.022897008148840006,0.05696774193548387,0.20672910163025424,0.8602150537634742,0.2089023400014813
30,4,150934,241,50,49.01,0.17,10.62,34.629,0.1548545276234043,0.0020911836972263096,0.09499999999999886,0.022012459970803522,0.06851612903225807,0.2831918505942309,1.1578947368421193,0.2397068185337481
30,4,150983,241,50,56.39,0.23,13.0,34.678,0.16724092840797428,0.0016967605718071078,0.09499999999999886,0.01786063759796977,0.08387096774193549,0.2893039049236028,1.368421052631595,0.3059135252318439
30,4,151029,53,255,61.9,0.3,14.88,34.724,0.18391631252042911,0.0011095534174046992,0.09200000000000585,0.012060363232659006,0.096,0.145862552594661,0.7608695652173426,0.43154909959204746
30,4,151075,53,255,59.8,0.3,15.08,34.77,0.20694344557044517,0.0005568325496988695,0.09300000000000352,0.005987446770955359,0.09729032258064516,-0.07561567811307393,-0.6451612903225562,0.5382319754505203
30,4,151122,53,255,52.54,0.24,13.79,34.817,0.2339718862373294,0.00024870312774486435,0.09399999999999409,0.0026457779547327657,0.08896774193548386,-0.21757035003433065,-1.1702127659575203,0.5844282306135662
30,4,151169,240,48,46.26,0.19,11.91,34.864,0.26187969924811694,0.0002972559799744694,0.09299999999999642,0.0031963008599406547,0.07683870967741936,-0.15816857440167095,-0.7526881720430395,0.581151335561921
30,4,151215,240,48,46.37,0.17,11.51,34.91,0.28801896044458597,0.0006711080384121235,0.09300000000000352,0.007216215466796754,0.07425806451612903,0.027055150884494276,0.21505376344085195,0.5100408806026021
30,4,151262,240,48,52.09,0.21,12.3,34.957,0.30931350114416073,0.0012062292454284886,0.09300000000000352,0.012970206940090783,0.07935483870967742,0.17204301075268166,0.9677419354838342,0.39323413723648004
30,4,151308,252,54,58.48,0.26,13.99,35.003,0.32458973520758,0.001668399806892566,0.09199999999999875,0.01813478050970205,0.09025806451612903,0.2440392706872402,1.3043478260869745,0.2529954375541882
30,4,151354,252,54,64.54,0.33,15.78,35.049,0.3325890813991457,0.001840139299953485,0.09499999999999886,0.019369887367931653,0.10180645161290322,0.23565365025467194,1.3684210526315954,0.09666041534040988
30,4,151403,252,54,70.05,0.39,17.46,35.098,0.33377247466491883,0.0015967398967513162,0.09499999999999886,0.016807788386856162,0.11264516129032259,0.19490662139219248,1.0526315789473808,-0.029421379535795777
30,4,151449,1,234,74.12,0.43,18.65,35.144,0.32979405034324516,0.0009439010389919318,0.09300000000000352,0.01014947353754727,0.12032258064516128,0.08949011446409641,0.4301075268817039,-0.11378375813305433
30,4,151496,1,234,71.48,0.43,18.75,35.191,0.3231905851585444,7.3107040665263415e-06,0.09300000000000352,7.860972114544156e-05,0.12096774193548387,-0.08255289628858495,-0.4301075268817039,-0.11285065909700871
30,4,151542,1,234,65.09,0.39,17.46,35.237,0.31929893904722295,-0.0010163378752993638,0.09199999999999875,-0.011047150818471496,0.11264516129032259,-0.18793828892005873,-1.086956521739145,-0.13556834171693816
30,4,151588,58,237,59.47,0.33,16.07,35.283,0.31071829772058623,-0.0019245232375420258,0.09299999999999642,-0.02069379825314086,0.1036774193548387,-0.19285466527923065,-1.1827956989247765,-0.24132433595784347
30,4,151635,58,237,54.74,0.28,14.68,35.33,0.2968557758031444,-0.0025656949179090846,0.0940000000000012,-0.02729462678626651,0.09470967741935483,-0.18393960192175463,-1.0638297872340292,-0.35744478511896105
30,4,151682,58,237,50.77,0.23,13.39,35.377,0.27711848791940347,-0.002871090743176806,0.09300000000000352,-0.03087194347501825,0.08638709677419355,-0.17204301075268166,-0.9677419354838346,-0.49400244203519733
30,4,151728,51,255,47.36,0.19,12.2,35.423,0.2509135486938693,-0.0028576546220200286,0.09299999999999642,-0.030727469053979987,0.07870967741935483,-0.16510579257718297,-0.8602150537634742,-0.6394668297672904
30,4,151775,51,255,43.61,0.15,11.01,35.47,0.21764807275104775,-0.0026086638798368806,0.09499999999999886,-0.02745961978775697,0.07103225806451613,-0.15483870967742114,-0.7368421052631667,-0.780888147141319
30,4,151823,51,255,39.32,0.12,9.92,35.518,0.17672917471544486,-0.002243147585469476,0.0940000000000012,-0.023863272185845184,0.064,-0.15648592999313454,-0.5319148936170144,-0.9583415270157454
30,4,151869,13,237,35.91,0.1,8.73,35.564,0.12756396921156654,-0.001884088766117701,0.09299999999999642,-0.020259018990513696,0.056322580645161296,-0.14429413805064728,-0.32258064516130275,-1.1523613317368842
30,4,151916,13,237,33.48,0.09,7.84,35.611,0.06955957086391876,-0.0016317956569488815,0.09299999999999642,-0.017546189859666068,0.05058064516129032,-0.10336455081512716,-0.21505376344086855,-1.3488266119845604
30,4,151962,13,237,31.72,0.08,7.24,35.657,0.002123094297007244,0.0,0.0,0.0,0.04670967741935484,0.0,0.0,0.0
