MS,MPT,t (ms),PWMi,PWMe,Pressure (Psi),LW raw(V),Displacement (mm),t_rel(s),LW (V),delta d (m),delta t (s),vel (m/s),strain,strain rate (1/s),dv/dt raw,dv/dt
30,5,152055,74,249,28.42,0.07,6.15,0.0,0.06136363636363638,0.0,0.0,0.0,0.0,0.0,0.0,0.0
30,5,152100,74,249,26.88,0.06,5.75,0.045,0.060920383963862235,-0.0010252925245000134,0.089,-0.011520140724719253,0.037096774193548385,-0.06451612903225815,-0.11235955056179786,-0.004599699274833681
30,5,152144,74,249,25.33,0.06,5.26,0.089,0.06095426312817618,-0.0008720762400120154,0.08900000000000001,-0.009798609438337252,0.03393548387096774,-0.06451612903225798,0.0,0.005596439916240407
30,5,152189,45,228,23.9,0.06,4.86,0.134,0.06141846711640763,-0.0006156278004104339,0.089,-0.006917166296746448,0.031354838709677424,-0.043494019572308744,0.0,0.014740742249548475
30,5,152233,45,228,23.35,0.06,4.66,0.178,0.062266189188385994,-0.0002788431731310954,0.09,-0.0030982574792343936,0.03006451612903226,-0.021505376344086086,0.0,0.02257950541703396
30,5,152279,45,228,23.13,0.06,4.56,0.224,0.06345062260394069,9.811105085352079e-05,0.09000000000000002,0.0010901227872613418,0.029419354838709676,-0.014336917562724039,-0.11111111111111102,0.02954190482794603
30,5,152323,210,27,22.91,0.05,4.46,0.268,0.06492496062290114,0.00045862843050128,0.088,0.005211686710241819,0.028774193548387096,-0.01392961876832844,-0.11363636363636359,0.036270157967682515
30,5,152367,210,27,23.02,0.05,4.37,0.312,0.06664239650509675,0.0007370936316579222,0.09099999999999997,0.008099930018218928,0.028193548387096774,0.028358738036157457,0.2197802197802199,0.039902888873140634
30,5,152414,210,27,28.97,0.07,4.86,0.359,0.06855612351035693,0.0008733046492574043,0.09200000000000003,0.009492441839754392,0.031354838709677424,0.12482468443197756,0.326086956521739,0.04322759123276488
30,5,152459,61,238,35.02,0.08,6.15,0.404,0.07061933489851112,0.0008306417371911134,0.08900000000000002,0.00933305322686644,0.03967741935483871,0.11525915186661824,0.22471910112359533,0.04751798223630122
30,5,152503,61,238,35.13,0.09,6.45,0.448,0.07278522392938774,0.0006116577539800198,0.08799999999999997,0.006950656295227501,0.04161290322580645,0.021994134897360657,0.11363636363636362,-0.004809004184924852
30,5,152547,61,238,34.8,0.09,6.45,0.492,0.07019614253023773,0.00026481719702667306,0.08800000000000002,0.003009286329848557,0.04161290322580645,0.0,0.0,-0.07418496834972711
30,5,152591,39,234,34.03,0.09,6.45,0.536,0.06625694671461176,-0.00012047658386463844,0.08899999999999997,-0.0013536694816251515,0.04161290322580645,-0.007249003262051505,-0.11235955056179774,-0.0714781580232939
30,5,152636,39,234,33.15,0.08,6.35,0.581,0.06383458646616458,-0.0004294750222716708,0.08899999999999997,-0.0048255620479963025,0.040967741935483866,-0.014498006524102932,-0.11235955056179774,-0.017520596802215446
30,5,152680,39,234,32.49,0.08,6.25,0.625,0.06469761359921458,-0.0005453294776234889,0.08800000000000008,-0.006196925882085096,0.04032258064516129,-0.014662756598240368,0.0,0.09669678147938882
30,5,152724,65,223,31.94,0.08,6.15,0.669,0.0723439032363508,-0.00037684096475972505,0.08799999999999997,-0.004282283690451422,0.03967741935483871,0.0,0.0,0.28381229754227133
30,5,152768,65,223,31.72,0.08,6.25,0.713,0.08967309578293445,0.0001130680817587777,0.09099999999999997,0.0012425063929536015,0.04032258064516129,0.007089684509039307,-0.10989010989010987,0.44846947756394734
30,5,152815,65,223,31.5,0.07,6.25,0.76,0.11315462569467,0.0008841998285596552,0.09100000000000008,0.009716481632523675,0.04032258064516129,-0.007089684509039298,0.0,0.5289741314585961
30,5,152859,244,45,31.28,0.08,6.15,0.804,0.13780974174566674,0.0018101088433396591,0.08899999999999997,0.020338301610557975,0.03967741935483871,-0.007249003262051427,0.0,0.561026405779953
30,5,152904,244,45,32.05,0.07,6.15,0.849,0.1630859758090858,0.0026926268899732024,0.08899999999999997,0.030254234718800038,0.03967741935483871,0.11525915186661839,0.4494382022471911,0.5580512100965584
30,5,152948,244,45,42.18,0.12,7.74,0.893,0.18747629944426042,0.0033040231665781884,0.08800000000000008,0.037545717802024835,0.049935483870967745,0.3277126099706742,1.3636363636363624,0.5159142916579917
30,5,152992,236,61,51.54,0.19,10.62,0.937,0.2084864334749891,0.0034497518057779023,0.08899999999999997,0.03876125624469554,0.06851612903225807,0.3885465748459588,1.5730337078651693,0.41421335458822384
30,5,153037,236,61,58.15,0.26,13.1,0.982,0.22434128800261233,0.0030325821552684537,0.08899999999999997,0.034073956800769155,0.08451612903225807,0.30155853570134106,1.4606741573033715,0.2728364634105997
30,5,153081,236,61,62.67,0.32,14.78,1.026,0.23276887871853247,0.0020938396675949083,0.09400000000000008,0.022274890080796878,0.09535483870967741,0.20384351407000664,1.1702127659574457,0.12398016317389085
30,5,153131,21,255,66.3,0.37,16.07,1.076,0.23599542334095808,0.0008138921516331123,0.09400000000000008,0.008658427145033102,0.1036774193548387,0.09540150995195615,0.5319148936170207,0.03126456288732844
30,5,153175,21,255,63.33,0.37,16.17,1.12,0.23570774762994134,-0.0005310859323529904,0.09099999999999997,-0.0058361091467361605,0.1043225806451613,-0.09854661467564697,-0.7692307692307696,-0.028199979164346804
30,5,153222,21,255,55.73,0.3,14.68,1.167,0.23342922523700252,-0.0016428597552785628,0.09099999999999997,-0.018053403904160038,0.09470967741935483,-0.25310173697270494,-1.648351648351649,-0.06042339484640765
30,5,153266,3,223,48.9,0.22,12.6,1.211,0.23020921869891825,-0.0022812929224443703,0.08799999999999986,-0.02592378320959516,0.08129032258064516,-0.2543988269794724,-1.3636363636363658,-0.09357633213468343
30,5,153310,3,223,45.16,0.18,11.21,1.255,0.2251945080091504,-0.0023252356949400015,0.08899999999999997,-0.02612624376337081,0.0723225806451613,-0.16527727437477346,-0.7865168539325846,-0.11107397218008265
30,5,153355,3,223,42.29,0.15,10.32,1.3,0.2203236351748909,-0.0017966175535205232,0.08900000000000019,-0.020186714084500217,0.06658064516129032,-0.12903225806451593,-0.674157303370785,-0.11684070949234174
30,5,153399,238,69,39.76,0.12,9.43,1.344,0.21479568486433195,-0.0008439384377003804,0.08799999999999986,-0.00959020951932252,0.060838709677419354,-0.0725806451612904,-0.34090909090909144,-0.08885850991114067
30,5,153443,238,69,39.98,0.12,9.33,1.388,0.21250408630271053,0.000305929742377268,0.08799999999999986,0.003476474345196233,0.06019354838709678,0.03592375366568923,0.22727272727272785,0.006835269993164375
30,5,153487,238,69,45.93,0.14,9.92,1.432,0.21539718862373042,0.0014111159400306797,0.08900000000000019,0.01585523528124356,0.064,0.1870242841609275,1.0112359550561776,0.15122074850046227
30,5,153532,233,26,53.09,0.21,11.91,1.477,0.2259627329192517,0.002274452254627516,0.08899999999999997,0.025555643310421535,0.07683870967741936,0.27328742297934033,1.3483146067415734,0.3527259771313928
30,5,153576,233,26,58.37,0.26,13.69,1.521,0.24678980058842437,0.002782860586958037,0.09099999999999997,0.030580885570967452,0.08832258064516128,0.22474299893654726,1.0989010989010992,0.5809554943258697
30,5,153623,233,26,62.45,0.31,15.08,1.568,0.27882968290290583,0.0029167677729823394,0.09100000000000019,0.03205239310969597,0.09729032258064516,0.16164480680609689,0.9890109890109866,0.7843186561721918
30,5,153667,242,26,65.42,0.35,15.97,1.612,0.318162798300094,0.0027307180474168843,0.08799999999999986,0.031030886902464645,0.10303225806451613,0.13123167155425255,0.7954545454545469,0.8842387589527076
30,5,153711,242,26,68.06,0.38,16.87,1.656,0.356642693690744,0.0023167521844966376,0.08899999999999997,0.026030923421310543,0.10883870967741936,0.12250815512866989,0.6741573033707867,0.7844966593327376
30,5,153756,242,26,70.49,0.41,17.66,1.701,0.3879830009807076,0.0017668693330315471,0.08900000000000019,0.019852464416084757,0.11393548387096775,0.10076114534251521,0.5617977528089875,0.6190610870116089
30,5,153800,225,0,72.69,0.43,18.26,1.745,0.4117391304347773,0.00114813898187181,0.08799999999999986,0.013047033884906953,0.11780645161290323,0.07258064516129031,0.22727272727272785,0.4208148830574414
30,5,153844,225,0,73.46,0.43,18.65,1.789,0.4250147106897624,0.0004964154314007629,0.08799999999999986,0.005641084447735952,0.12032258064516128,0.043255131964809505,0.0,0.16348925673868198
30,5,153888,225,0,73.9,0.43,18.85,1.833,0.42612618502778127,-0.00017360445925050527,0.08899999999999997,-0.001950611901691071,0.12161290322580647,0.021747009786154434,0.11235955056179789,-0.10684992892587945
30,5,153933,40,234,74.34,0.44,18.95,1.878,0.4155050670153591,-0.0008499969525984241,0.08899999999999997,-0.009550527557285667,0.12225806451612903,0.007249003262051271,0.11235955056179789,-0.3725606150206924
30,5,153977,40,234,72.03,0.44,18.95,1.922,0.39296829029093966,-0.0015068502782321679,0.09100000000000019,-0.016558794266287525,0.12225806451612903,-0.0914569301666073,-0.3296703296703293,-0.5735193214761617
30,5,154024,40,234,65.86,0.41,17.66,1.969,0.3633148087610283,-0.0020968987725511743,0.09099999999999997,-0.023042843654408517,0.11393548387096775,-0.18291386033321505,-0.8791208791208796,-0.7129745050634143
30,5,154068,64,243,60.46,0.36,16.37,2.013,0.328087610330169,-0.002556088464300581,0.08899999999999975,-0.02872009510450099,0.10561290322580646,-0.2015222906850314,-1.2359550561797787,-0.8142118853557851
30,5,154113,64,243,55.29,0.3,14.88,2.058,0.2908499509643636,-0.002817058539640904,0.08899999999999997,-0.03165234314203264,0.096,-0.2160202972091339,-1.3483146067415734,-0.8232109340277798
30,5,154157,64,243,50.77,0.24,13.39,2.102,0.2548218372016966,-0.0028256108048401885,0.08899999999999997,-0.03174843600944033,0.08638709677419355,-0.20804639362087718,-1.1235955056179776,-0.7738447241699653
30,5,154202,31,234,46.81,0.2,12.01,2.147,0.22197777051323672,-0.002554764225246773,0.08899999999999997,-0.028705216014008692,0.07748387096774194,-0.17977528089887648,-0.8988764044943822,-0.6679130655167396
30,5,154246,31,234,43.84,0.16,10.91,2.191,0.1953775743707068,-0.0020133325247728793,0.08800000000000008,-0.02287877869060088,0.07038709677419355,-0.13856304985337242,-0.6818181818181812,-0.5129795833457089
30,5,154290,31,234,41.3,0.14,10.12,2.235,0.1768355671788143,-0.0012480653108862061,0.08899999999999997,-0.014023205740294456,0.06529032258064515,-0.10076114534251553,-0.4494382022471913,-0.32987941274779065
30,5,154335,227,18,38.99,0.12,9.52,2.28,0.16601830663615344,-0.0003393726703728799,0.08899999999999997,-0.003813176071605393,0.061419354838709674,-0.05001812250815508,-0.3370786516853935,-0.14192785334121627
30,5,154379,227,18,39.21,0.11,9.43,2.324,0.16420398823144605,0.0006090791792010126,0.09100000000000019,0.006693177793417707,0.060838709677419354,0.014179369018078808,0.10989010989010975,0.07888809457949587
30,5,154426,227,18,44.06,0.13,9.72,2.371,0.17319712324288758,0.0014859648270083596,0.09100000000000019,0.016329283813278642,0.06270967741935485,0.13328606876993948,0.6593406593406581,0.310630853291849
30,5,154470,234,68,49.67,0.17,11.31,2.415,0.19247139588100437,0.002190407586744012,0.08800000000000008,0.024890995303909206,0.07296774193548387,0.22580645161290291,1.0227272727272718,0.5499049005913917
30,5,154514,234,68,54.74,0.22,12.8,2.459,0.2215887544949301,0.0026479014316708495,0.08800000000000008,0.030089788996259626,0.08258064516129032,0.21847507331378274,1.1363636363636354,0.7519539956610791
30,5,154558,234,68,59.25,0.27,14.29,2.503,0.2586433474991794,0.002819240292887006,0.08899999999999997,0.03167685722344952,0.09219354838709677,0.18702428416092806,1.01123595505618,0.8257453599803019
30,5,154603,237,35,62.78,0.31,15.38,2.548,0.29508009153317694,0.002700735875415285,0.08899999999999997,0.030345346914778495,0.09922580645161291,0.15077926785067078,0.8988764044943819,0.7562506657459381
30,5,154647,237,35,65.64,0.35,16.37,2.592,0.32594965675056786,0.002318673729678272,0.08800000000000008,0.02634856510998034,0.10561290322580646,0.12390029325513173,0.7954545454545449,0.6215637909001672
30,5,154691,237,35,68.17,0.38,17.07,2.636,0.3497777051323917,0.001723672025023383,0.08899999999999997,0.019367101404757118,0.11012903225806452,0.10076114534251546,0.5617977528089895,0.4543234000976979
30,5,154736,238,0,70.16,0.4,17.76,2.681,0.36638443935926296,0.0009890563897047109,0.09099999999999975,0.010868751535216633,0.11458064516129034,0.08436724565756858,0.43956043956044055,0.3186777263272811
30,5,154782,238,0,71.92,0.42,18.26,2.727,0.3787773782281742,0.00021233050000831,0.08999999999999986,0.002359227777870115,0.11780645161290323,0.07096774193548386,0.33333333333333354,0.21804511278195268
30,5,154826,238,0,73.57,0.43,18.75,2.771,0.38600849950963867,-0.00048652873372420657,0.08899999999999997,-0.005466614985665245,0.12096774193548387,0.06451612903225785,0.11235955056179789,0.11507763056884775
30,5,154871,61,246,74.89,0.43,19.15,2.816,0.38901928734880165,-0.0009781947417692224,0.08899999999999997,-0.010990952154710368,0.12354838709677418,0.021747009786154434,0.0,0.06571142071103421
30,5,154915,61,246,71.48,0.43,19.05,2.86,0.3918568159529207,-0.0011528424512814404,0.08800000000000008,-0.013100482400925447,0.12290322580645162,-0.13123167155425192,-0.4545454545454539,0.08670391393503538
30,5,154959,61,246,63.88,0.39,17.36,2.904,0.39664923177508477,-0.0009594915176396483,0.08899999999999997,-0.010780803568984816,0.112,-0.2587894164552375,-1.3483146067415734,0.10909050839115214
30,5,155004,245,11,56.61,0.31,15.48,2.949,0.40156587119973325,-0.0004400033358290436,0.08899999999999997,-0.004943857705944312,0.09987096774193549,-0.17252627763682504,-1.1235955056179783,0.08110163048069492
30,5,155048,245,11,56.83,0.29,14.98,2.993,0.4038672768878666,0.0002620959649857397,0.08800000000000008,0.0029783632384743123,0.09664516129032258,0.007331378299120184,0.0,0.002971856518767496
30,5,155092,245,11,60.57,0.31,15.58,3.037,0.4018273945733848,0.0009299010291124929,0.0900000000000003,0.010332233656805443,0.10051612903225807,0.1354838709677416,0.7777777777777752,-0.09015291852820333
30,5,155138,255,62,65.97,0.36,16.87,3.083,0.3957535142203283,0.001333610746903677,0.09200000000000008,0.014495768988083432,0.10883870967741936,0.18092566619915829,1.0869565217391293,-0.1643404352090035
30,5,155184,255,62,71.48,0.41,18.16,3.129,0.38670807453415645,0.00130242261839183,0.08999999999999986,0.014471362426575913,0.11716129032258064,0.17777777777777806,0.7777777777777791,-0.24630416621263074
30,5,155228,255,62,76.32,0.43,19.35,3.173,0.37358613926119155,0.0007810795559970849,0.08899999999999997,0.008776174786484103,0.12483870967741936,0.15077926785067045,0.44943820224719155,-0.3254349846281509
30,5,155273,32,252,79.85,0.45,20.24,3.218,0.35774436090225104,-0.0001497991636726006,0.08899999999999997,-0.0016831366704786591,0.1305806451612903,0.042769119246103576,0.22471910112359578,-0.39290948426267813
30,5,155317,32,252,75.22,0.45,19.94,3.262,0.3386171951618132,-0.0012966508039168297,0.08800000000000008,-0.014734668226327597,0.12864516129032258,-0.15982404692082094,-0.5681818181818176,-0.4809206811495084
30,5,155361,32,252,65.09,0.4,18.06,3.306,0.31542334096109426,-0.002410273764337994,0.08899999999999997,-0.027081727689190954,0.11651612903225805,-0.31605654222544405,-1.5730337078651693,-0.5153332770127504
30,5,155406,56,229,55.95,0.31,15.58,3.351,0.29275253350767844,-0.0032564216682028652,0.08899999999999997,-0.03658900750789738,0.10051612903225807,-0.3312794490757521,-1.9101123595505627,-0.5268300208263627
30,5,155450,56,229,49.89,0.23,13.49,3.395,0.268535469107548,-0.003675306278817885,0.08800000000000008,-0.04176484407747593,0.08703225806451613,-0.2690615835777123,-1.477272727272726,-0.6184433415554609
30,5,155494,56,229,45.6,0.18,11.91,3.439,0.23832951945079783,-0.0036128878901072474,0.08899999999999997,-0.040594245956261224,0.07683870967741936,-0.20804639362087718,-0.8988764044943826,-0.7126144623894768
30,5,155539,51,249,42.07,0.15,10.62,3.484,0.20511278195488458,-0.003120315984236468,0.09099999999999975,-0.034289186639961285,0.06851612903225807,-0.15526409074796213,-0.5494505494505508,-0.7218116959862555
30,5,155585,51,249,38.11,0.13,9.72,3.53,0.17264465511604876,-0.0023295158476181895,0.08999999999999986,-0.025883509417979924,0.06270967741935485,-0.15698924731182826,-0.5555555555555564,-0.6809778068359231
30,5,155629,51,249,34.58,0.1,8.43,3.574,0.1438247793396516,-0.0014169708723927679,0.08900000000000041,-0.015921021038120913,0.054387096774193545,-0.1652772743747728,-0.449438202247189,-0.5868481658469473
30,5,155674,220,43,31.5,0.09,7.44,3.619,0.1204151683556702,-0.0005648408328963557,0.08899999999999997,-0.006346526212318605,0.048,-0.08626313881841245,-0.22471910112359564,-0.4764720790740837
30,5,155718,220,43,31.94,0.08,7.24,3.663,0.10141876430205816,7.591892603503414e-05,0.08799999999999963,0.000862715068579937,0.04670967741935484,0.007331378299120221,0.0,-0.37241077000802064
30,5,155762,220,43,37.01,0.09,7.54,3.707,0.08764302059496452,0.0004168211175099463,0.08800000000000008,0.0047366036080675675,0.04864516129032258,0.131231671554252,0.5681818181818177,-0.210035959463874
30,5,155806,70,244,42.95,0.13,9.03,3.751,0.08293559986923724,0.0004512734429912548,0.08899999999999997,0.005070488123497247,0.05825806451612903,0.13700616165277282,0.4494382022471913,-0.014582131929726388
30,5,155851,70,244,42.95,0.13,9.43,3.796,0.08634521085321888,0.00025418906594126687,0.08899999999999997,0.0028560569206883928,0.060838709677419354,0.01449800652410301,-0.11235955056179789,0.10042203701730995
30,5,155895,70,244,40.97,0.12,9.23,3.84,0.09187316116377782,-4.24730012009018e-05,0.08800000000000008,-0.00048264774091933825,0.059548387096774194,-0.036656891495601154,-0.22727272727272713,0.11850277868584358
30,5,155939,15,255,38.66,0.11,8.93,3.884,0.09677345537757312,-0.0002934347921891991,0.09100000000000019,-0.0032245581559252577,0.05761290322580645,-0.07018787663948935,-0.2197802197802192,0.10162769561265644
30,5,155986,15,255,35.91,0.1,8.24,3.931,0.10112128146452957,-0.00038910551248824807,0.09100000000000019,-0.004275884752618101,0.05316129032258065,-0.09854661467564674,-0.32967032967032894,0.09027585686624444
30,5,156030,15,255,33.15,0.08,7.54,3.975,0.10498855835240138,-0.0002921703552649193,0.08899999999999952,-0.0032828129805047286,0.04864516129032258,-0.10076114534251604,-0.337078651685395,0.07287392883772652
30,5,156075,229,63,30.73,0.07,6.85,4.02,0.1076070611310872,-4.7759478240908315e-05,0.0900000000000003,-0.0005306608693434239,0.04419354838709677,-0.05663082437275963,-0.11111111111111069,0.03505139660746001
30,5,156120,229,63,30.95,0.07,6.75,4.065,0.1081431840470728,0.0002372900949460357,0.08900000000000041,0.0026661808420902766,0.043548387096774194,0.042769119246103514,0.22471910112359436,-0.011313089759082448
30,5,156164,229,63,38.0,0.09,7.44,4.109,0.10660019614252886,0.0004384378488703531,0.08799999999999919,0.004982248282617695,0.048,0.19648093841642408,0.7954545454545529,-0.061480281731997634
30,5,156208,46,255,45.38,0.14,9.43,4.153,0.10273291925465705,0.0004627879554481478,0.08800000000000008,0.005258954039183493,0.060838709677419354,0.18181818181818166,0.6818181818181812,-0.09695681892478096
30,5,156252,46,255,44.94,0.15,9.92,4.197,0.09806799607714813,0.00028285392367753383,0.08900000000000041,0.0031781339739048596,0.064,0.0,-0.22471910112359467,-0.07213931261960334
30,5,156297,46,255,41.63,0.12,9.43,4.242,0.09631252043151232,-5.8705914147187954e-05,0.08899999999999952,-0.0006596170128897558,0.060838709677419354,-0.09351214208046442,-0.5617977528089917,-0.045362551469048516
30,5,156341,50,236,37.67,0.1,8.63,4.286,0.09403072899640283,-0.0004721208815311062,0.08999999999999986,-0.005245787572567855,0.05567741935483871,-0.1139784946236561,-0.33333333333333387,-0.04780066107297191
30,5,156387,50,236,34.91,0.09,7.84,4.332,0.09201046093494486,-0.0008571951791916712,0.09100000000000019,-0.009419727243864499,0.05058064516129032,-0.09145693016660746,-0.21978021978021936,-0.05269983367400738
30,5,156432,50,236,33.04,0.08,7.34,4.377,0.08923504413206815,-0.0011362031202229658,0.08900000000000041,-0.01276632719351641,0.04735483870967742,-0.07176513229430924,-0.22471910112359436,-0.07250662072866441
30,5,156476,34,255,31.39,0.07,6.85,4.421,0.0855573716900937,-0.0012717017038350348,0.08800000000000008,-0.01445115572539811,0.04419354838709677,-0.07258064516129029,-0.11363636363636348,-0.10613242592647482
30,5,156520,34,255,29.3,0.07,6.35,4.465,0.07989539065053836,-0.0012674286310511648,0.08800000000000008,-0.014402598080126859,0.040967741935483866,-0.0806451612903225,-0.11363636363636363,-0.147664120776247
30,5,156564,34,255,27.43,0.06,5.75,4.509,0.07256292906178395,-0.001157198146442961,0.08900000000000041,-0.01300222636452759,0.037096774193548385,-0.07901413555636062,-0.11235955056179733,-0.17652827721477302
30,5,156609,45,250,25.66,0.06,5.26,4.554,0.06418437397842348,-0.0009888035901226225,0.08899999999999952,-0.011110152698007055,0.03393548387096774,-0.057267125770206866,0.0,-0.17902597235639028
30,5,156653,45,250,24.12,0.06,4.96,4.598,0.0566296175220653,-0.0008087983860982692,0.08800000000000008,-0.009190890751116688,0.032,-0.05131964809384156,0.0,-0.11593955243840666
30,5,156697,45,250,22.91,0.06,4.56,4.642,0.05398169336384369,-0.0006517510653522072,0.08800000000000008,-0.007406262106275075,0.029419354838709676,-0.05058651026392962,-0.11363636363636348,-0.038819875776396985
30,5,156741,12,249,21.7,0.05,4.27,4.686,0.05321346845374236,-0.0005353334356112938,0.0909999999999993,-0.005882785006717559,0.02754838709677419,-0.04182913860333245,0.0,-0.018608393894434926
30,5,156788,12,249,20.71,0.06,3.97,4.733,0.05228832951945012,-0.0004608060677939529,0.09100000000000019,-0.005063802942790681,0.025612903225806453,-0.03544842254519664,0.0,-0.0209434240163233
30,5,156832,12,249,19.83,0.05,3.77,4.777,0.05130761686825694,-0.00041734572545049575,0.08900000000000041,-0.004689277814050492,0.02432258064516129,-0.028996013048205756,-0.11235955056179718,-0.018402136263962022
30,5,156877,34,255,18.95,0.05,3.57,4.822,0.050650539391957496,-0.00038831307255612966,0.08899999999999952,-0.004363068230967772,0.02303225806451613,-0.028996013048206006,0.0,-0.013516938413449326
30,5,156921,34,255,18.18,0.05,3.37,4.866,0.050104609349459955,-0.0003577494077839849,0.08800000000000008,-0.004065334179363461,0.021741935483870968,-0.02932551319648089,0.0,-0.00757823412285639
30,5,156965,34,255,17.4,0.05,3.17,4.91,0.04998365478914613,-0.00031573254767824644,0.08800000000000008,-0.00358786985998007,0.020451612903225808,-0.028592375366568914,0.0,-0.007058159232072172
30,5,157009,78,244,16.63,0.05,2.98,4.954,0.049483491337037604,-0.0002615384802178626,0.08899999999999952,-0.0029386346091894834,0.0192258064516129,-0.0210221094599494,0.0,-0.008484817319311843
30,5,157054,78,244,16.3,0.05,2.88,4.999,0.04922850604772738,-0.00020392827117696476,0.08999999999999986,-0.0022658696797440564,0.01858064516129032,-0.014336917562724026,0.0,-0.0060295666702988
30,5,157099,78,244,15.97,0.05,2.78,5.044,0.04894083033671071,-0.00015839779149473898,0.09000000000000075,-0.0017599754610526407,0.01793548387096774,-0.014336917562723886,-0.11111111111111022,-0.006029566670298817
30,5,157144,34,253,15.75,0.04,2.68,5.089,0.048685845047400485,-0.00014181980853401698,0.09100000000000019,-0.0015584594344397438,0.01729032258064516,-0.014179369018078656,0.0,-0.02295514227518123
30,5,157190,34,253,15.31,0.05,2.58,5.135,0.046851912389669216,-0.00016545023915906222,0.0909999999999993,-0.001818134496253445,0.01664516129032258,-0.014179369018078794,0.10989010989011075,-0.0627584249682972
30,5,157235,34,253,14.87,0.05,2.48,5.18,0.04297482837528548,-0.000227757514497402,0.08900000000000041,-0.0025590731966000104,0.016,-0.014498006524102878,0.0,-0.08044047588438472
30,5,157279,39,221,14.43,0.05,2.38,5.224,0.03969271003595894,-0.0003090189802438927,0.08800000000000008,-0.0035115793209533233,0.015354838709677418,-0.007331378299120243,0.0,-0.07853130850842413
30,5,157323,39,221,14.43,0.05,2.38,5.268,0.036064073226544154,-0.00036998401582209885,0.08800000000000008,-0.004204363816160211,0.015354838709677418,-0.007331378299120223,0.0,-0.053419120924840975
30,5,157367,39,221,14.43,0.05,2.28,5.312,0.03499182739457293,-0.00035672076486963734,0.08900000000000041,-0.0040080984816813,0.014709677419354838,-0.0072490032620514296,-0.11235955056179725,0.0033057729815499587
30,5,157412,20,233,14.43,0.04,2.28,5.357,0.0363582870219021,-0.00021256431267312027,0.08899999999999952,-0.0023883630637429373,0.014709677419354838,0.0,0.0,0.07173527369963689
30,5,157456,20,233,14.54,0.05,2.28,5.401,0.04137626675384058,0.00010428043107770901,0.08800000000000008,0.0011850048986103286,0.014709677419354838,0.0,0.0,0.15160183066361346
30,5,157500,20,233,14.54,0.04,2.28,5.445,0.0496992481203001,0.0006019858679088088,0.08800000000000008,0.00684074849896373,0.014709677419354838,0.0,-0.11363636363636356,0.24424945763618194
30,5,157544,229,47,14.54,0.04,2.28,5.489,0.06287021902582461,0.0012422727121029252,0.0909999999999993,0.013651348484647635,0.014709677419354838,-0.007089684509039378,0.0,0.3391541443192292
30,5,157591,229,47,16.63,0.04,2.18,5.536,0.08056227525334972,0.0019408500369282806,0.09100000000000019,0.021328022383827215,0.01406451612903226,0.09145693016660739,0.32967032967032905,0.4242929349173157
30,5,157635,229,47,27.65,0.07,3.57,5.58,0.10148087610330042,0.0025847247011637838,0.08800000000000008,0.02937187160413388,0.02303225806451613,0.2763929618768326,0.7954545454545449,0.5294733870248671
30,5,157679,221,15,37.89,0.11,5.95,5.624,0.12715593331153807,0.0030624973034408367,0.08899999999999952,0.03441008206113318,0.03838709677419355,0.3240304458137023,0.8988764044943867,0.6147635821355978
30,5,157724,221,15,44.83,0.15,8.04,5.669,0.15619483491336833,0.0032964038701557737,0.08900000000000041,0.03703824573208717,0.051870967741935475,0.2732874229793391,1.0112359550561751,0.6806219260902502
30,5,157768,221,15,49.23,0.2,9.72,5.713,0.18773128473357062,0.0032630913911783875,0.08800000000000008,0.03708058399066346,0.06270967741935485,0.21774193548387089,0.9090909090909085,0.7349029688846521
30,5,157812,233,0,52.54,0.23,11.01,5.757,0.22086629617521777,0.00299581862782172,0.08899999999999952,0.03366088345867119,0.07103225806451613,0.17252627763682576,0.7865168539325885,0.7521000841135509
30,5,157857,233,0,55.73,0.27,12.1,5.802,0.2546681922196763,0.002569863642290434,0.08900000000000041,0.02887487238528564,0.07806451612903226,0.16600217470097794,0.7865168539325804,0.7461129619358479
30,5,157901,233,0,58.7,0.3,13.3,5.846,0.28727034978750854,0.0020792099408945787,0.08800000000000008,0.02362738569198383,0.08580645161290323,0.1532258064516128,0.7954545454545449,0.7322282980177615
30,5,157945,224,57,61.24,0.34,14.19,5.89,0.31910428244523936,0.0016133165583174555,0.09100000000000019,0.01772875338810387,0.0915483870967742,0.11201701524282139,0.6593406593406579,0.6699740272803261
30,5,157992,224,57,62.89,0.36,14.88,5.937,0.34823798627001834,0.0012397462218863423,0.09100000000000019,0.013623584855893843,0.096,0.08436724565756816,0.4395604395604384,0.6013241416968039
30,5,158036,224,57,63.99,0.38,15.38,5.981,0.37382477933964864,0.0009948797380774667,0.08899999999999952,0.011178424023342383,0.09922580645161291,0.06524102935846347,0.44943820224719383,0.5130559667365744
30,5,158081,233,62,65.09,0.4,15.78,6.026,0.3938999673095732,0.000882615280902062,0.08999999999999986,0.009806836454467371,0.10180645161290322,0.06379928315412188,0.33333333333333354,0.40899349823834513
30,5,158126,233,62,66.52,0.41,16.27,6.071,0.41063419418109964,0.0008797230844442688,0.08900000000000041,0.009884529038699604,0.10496774193548387,0.07176513229430924,0.22471910112359403,0.34515943008473154
30,5,158170,233,62,67.95,0.42,16.77,6.115,0.42461915658711447,0.0009457801617704505,0.08800000000000008,0.010747501838300564,0.10819354838709677,0.06524926686216995,0.22727272727272727,0.2884558233528439
30,5,158214,247,10,69.16,0.43,17.16,6.159,0.43601830663614993,0.001035147724068377,0.08899999999999952,0.01163087330413913,0.11070967741935483,0.0717651322943101,0.22471910112359691,0.2405500806241277
30,5,158259,247,10,71.37,0.44,17.76,6.204,0.4460281137626617,0.0011083369644449234,0.08900000000000041,0.012453224319605823,0.11458064516129034,0.10076114534251511,0.22471910112359467,0.1980525324057544
30,5,158303,247,10,74.01,0.45,18.55,6.248,0.45364498202026216,0.0011403023846302176,0.08800000000000008,0.012957981643525188,0.11967741935483872,0.10190615835777087,0.22727272727272727,0.15858569348271578
30,5,158347,243,82,76.32,0.46,19.15,6.292,0.4599836547891407,0.0011237585296700345,0.09100000000000019,0.012348994831538814,0.12354838709677418,0.0843672456575677,0.2197802197802189,0.12289443149200951
30,5,158394,243,82,77.97,0.47,19.74,6.339,0.46482837528603504,0.0010668336944543845,0.09100000000000019,0.011723447191806399,0.1273548387096774,0.06309819213045013,0.10989010989010915,0.0986819653050436
30,5,158438,243,82,79.41,0.47,20.04,6.383,0.4689637136318997,0.0009862511886718792,0.08799999999999919,0.011207399871271458,0.12929032258064516,0.051319648093842436,0.0,0.09205325566881628
30,5,158482,255,50,80.62,0.47,20.44,6.427,0.4729290617848908,0.0008989446165814279,0.08900000000000041,0.010100501309903637,0.1318709677419355,0.057992026096411436,0.11235955056179733,0.08036701426257269
30,5,158527,255,50,82.38,0.48,20.84,6.472,0.4761163779012687,0.0008154640007024341,0.08900000000000041,0.00916251686182506,0.1344516129032258,0.057267125770206144,0.11235955056179733,0.06064256880599105
30,5,158571,255,50,84.14,0.48,21.23,6.516,0.47832625040862403,0.0007374015832797518,0.08799999999999919,0.008379563446360892,0.13696774193548386,0.05791788856305051,0.0,0.0499271895152904
30,5,158615,252,22,85.79,0.48,21.63,6.56,0.4805099705786142,0.0006591312069289331,0.08900000000000041,0.007405968617178989,0.1395483870967742,0.050743022834360045,0.0,0.03992639145494355
30,5,158660,252,22,87.0,0.48,21.93,6.605,0.481879699248114,0.0005725179554606185,0.08900000000000041,0.006432786016411414,0.14148387096774193,0.04276911924610336,0.0,0.023287334114474232
30,5,158704,252,22,88.11,0.48,22.22,6.649,0.48258254331480244,0.00047249911835930194,0.08799999999999919,0.005369308163173935,0.1433548387096774,0.04325513196480999,0.0,0.010438646022169177
30,5,158748,248,49,88.99,0.48,22.52,6.693,0.4827983000980649,0.00036148501688877135,0.09100000000000019,0.003972362822953523,0.14529032258064517,0.028358738036157464,0.0,0.0017243299361641175
30,5,158795,248,49,89.65,0.48,22.62,6.74,0.48273945733899337,0.0002510512751104308,0.09100000000000019,0.0027588052209937394,0.14593548387096775,0.01417936901807858,0.0,-0.007759484712736699
30,5,158839,248,49,90.31,0.48,22.72,6.784,0.48209218698920586,0.00016013337309937016,0.08800000000000008,0.0018196974215837502,0.14658064516129032,0.021994134897360868,0.11363636363636363,-0.0020060031501683596
30,5,158883,231,40,90.75,0.49,22.92,6.828,0.48256292906177856,0.00010971692218522122,0.08900000000000041,0.0012327744065755136,0.1478709677419355,0.02174700978615417,0.0,0.006354430286756808
30,5,158928,231,40,90.75,0.48,23.02,6.873,0.4826577312847272,0.0001147953986906387,0.08899999999999952,0.001289835940344262,0.14851612903225805,0.007249003262051151,-0.11235955056179846,0.010100972999181059
30,5,158972,231,40,90.53,0.48,23.02,6.917,0.48346191565870567,0.00017528074783954394,0.08800000000000008,0.0019918266799948156,0.14851612903225805,0.0,0.11363636363636363,0.03551368539926852
30,5,159016,247,8,90.31,0.49,23.02,6.961,0.48578293559986285,0.00026862623312749533,0.08999999999999986,0.0029847359236388417,0.14851612903225805,0.0,0.0,0.07743997675347712
30,5,159062,247,8,90.31,0.48,23.02,7.007,0.4904315135665186,0.00034765054949860284,0.08999999999999986,0.0038627838833178154,0.14851612903225805,0.0,-0.11111111111111138,0.10682503359848826
30,5,159106,247,8,90.53,0.48,23.02,7.051,0.4953971886237268,0.00034661141722398624,0.08800000000000008,0.003938766104818022,0.14851612903225805,0.007331378299120499,0.0,0.06445213825076451
30,5,159150,231,35,90.75,0.48,23.12,7.095,0.4961033017325859,0.00019652249691666057,0.09100000000000019,0.0021595878782050566,0.14916129032258066,0.007089684509039595,0.0,-0.04357525442847353
30,5,159197,231,35,90.64,0.48,23.12,7.142,0.4914318404707357,-0.0001526215599826912,0.09100000000000019,-0.00167715999980979,0.14916129032258066,0.0,0.0,-0.16650560946082085
30,5,159241,231,35,90.42,0.48,23.12,7.186,0.48095129127165115,-0.0007086475909738148,0.08800000000000008,-0.008052813533793342,0.14916129032258066,0.0,0.11363636363636363,-0.30205206692620445
30,5,159285,53,237,90.31,0.49,23.12,7.23,0.46485125858122966,-0.0014214196735014434,0.08900000000000041,-0.015971007567431875,0.14916129032258066,-0.021747009786154483,0.0,-0.40400218915632363
30,5,159330,53,237,85.35,0.48,22.82,7.275,0.4449950964367382,-0.002182546028061324,0.08899999999999952,-0.024522989079340852,0.1472258064516129,-0.13700616165277374,-0.11235955056179846,-0.4525235903633018
30,5,159374,53,237,75.77,0.48,21.23,7.319,0.424576659038896,-0.002844477373850463,0.08800000000000008,-0.03232360652102796,0.13696774193548386,-0.2470674486803516,-0.22727272727272665,-0.4720051115932047
30,5,159418,16,245,67.29,0.46,19.45,7.363,0.40345864661653613,-0.003255591636643658,0.08900000000000041,-0.03657968131060273,0.12548387096774194,-0.28053642624139036,-0.561797752808986,-0.45645378713024987
30,5,159463,16,245,60.13,0.43,17.36,7.408,0.3839522719843036,-0.0033006696029917945,0.08899999999999952,-0.03708617531451475,0.112,-0.29503443276549624,-1.1235955056179838,-0.39500314048432966
30,5,159507,16,245,54.08,0.36,15.38,7.452,0.368303367113431,-0.002933066400069025,0.08999999999999986,-0.03258962666743366,0.09922580645161291,-0.27025089605734814,-1.5555555555555582,-0.3162253459736264
30,5,159553,222,76,49.12,0.29,13.59,7.498,0.35549199084667726,-0.002187689364875128,0.09100000000000019,-0.024040542471155203,0.0876774193548387,-0.1545551222970576,-0.9890109890109866,-0.24011294361081525
30,5,159598,222,76,49.45,0.27,13.2,7.543,0.34645308924484675,-0.0011712619061008808,0.08899999999999952,-0.013160246135965023,0.08516129032258064,-0.035520115984052324,-0.22471910112359628,-0.15059632471505935
30,5,159642,222,76,50.88,0.27,13.1,7.587,0.34208891794703705,-3.492529128797628e-05,0.08800000000000008,-0.0003968783100906392,0.08451612903225807,0.05058651026392958,0.22727272727272665,-0.04606377604089209
30,5,159686,234,25,54.08,0.29,13.89,7.631,0.34239947695324824,0.0010598386489417244,0.08900000000000041,0.011908299426311454,0.08961290322580645,0.12178325480246398,0.6741573033707834,0.07834681966273625
30,5,159731,234,25,58.04,0.33,14.78,7.676,0.3490617848970206,0.0019703812595525125,0.08899999999999952,0.022139115275871046,0.09535483870967741,0.15077926785067136,0.898876404494387,0.2521570168704596
30,5,159775,234,25,62.01,0.37,15.97,7.72,0.364841451454719,0.002590243937946477,0.08800000000000008,0.02943459020393721,0.10303225806451613,0.15322580645161293,0.7954545454545449,0.39347380308478164
30,5,159819,255,50,65.2,0.4,16.87,7.764,0.3836874795684814,0.0028548071175472974,0.08900000000000041,0.032076484466823416,0.10883870967741936,0.15150416817687484,0.6741573033707834,0.42919952543791523
30,5,159864,255,50,69.71,0.43,18.06,7.809,0.40304020921869366,0.0027407265319038814,0.08899999999999952,0.03079468013375164,0.11651612903225805,0.17252627763682576,0.5617977528089917,0.41325835350466783
30,5,159908,255,50,74.56,0.45,19.25,7.853,0.42046747303039667,0.002265616894915503,0.08999999999999986,0.02517352105461674,0.12419354838709677,0.15627240143369198,0.33333333333333415,0.3536377174821069
30,5,159954,255,8,78.64,0.46,20.24,7.899,0.4348676037920832,0.0014908640367594188,0.09200000000000053,0.016205043877819677,0.1305806451612903,0.11851332398316922,0.21739130434782444,0.24269084810323974
30,5,160000,255,8,81.5,0.47,20.94,7.945,0.44279503105589485,0.0005247434652644287,0.08999999999999986,0.0058304829473825506,0.1350967741935484,0.08530465949820827,0.22222222222222215,0.09338563800806272
30,5,160044,255,8,83.81,0.48,21.43,7.989,0.44327231121280886,-0.0004814477480692432,0.08799999999999919,-0.005470997137150541,0.13825806451612904,0.07258064516129072,0.11363636363636478,-0.03454783203066973
30,5,160088,53,255,85.57,0.48,21.93,8.033,0.43975482183719594,-0.0013520653780942026,0.08899999999999952,-0.015191745821283256,0.14148387096774193,0.0,0.0,-0.09840184241747416
30,5,160133,53,255,79.63,0.48,21.43,8.078,0.4345145472376537,-0.0019234558430733094,0.08900000000000041,-0.021611863405317983,0.13825806451612904,-0.1870242841609268,-0.33707865168539136,-0.12690495168061583
30,5,160177,53,255,67.84,0.45,19.35,8.122,0.4284602811376211,-0.002090802012760811,0.08800000000000097,-0.023759113781372593,0.12483870967741936,-0.3856304985337201,-1.2499999999999862,-0.14944723468750595
30,5,160221,227,20,55.51,0.37,16.17,8.166,0.42136319058515304,-0.0018476335612067664,0.08900000000000041,-0.020759927654008515,0.1043225806451613,-0.29503443276549346,-1.3483146067415668,-0.18269905344699908
30,5,160266,227,20,55.84,0.33,15.28,8.211,0.4122000653808381,-0.0012968330838054242,0.08900000000000041,-0.0145711582450047,0.09858064516129032,-0.06451612903225784,-0.4494382022471887,-0.24437008495836068
30,5,160310,227,20,56.83,0.33,15.28,8.255,0.39961425302385883,-0.000621689982560632,0.08999999999999986,-0.006907666472895922,0.09858064516129032,0.04301075268817216,0.22222222222222215,-0.274781155788018
30,5,160356,237,28,59.69,0.35,15.88,8.301,0.3874697613599165,-2.4548517723484763e-05,0.0909999999999993,-0.00026976393102730713,0.10245161290322581,0.09854661467564785,0.5494505494505535,-0.2370594426821941
30,5,160401,237,28,63.22,0.38,16.67,8.346,0.37804184373977934,0.0003429012142334287,0.08900000000000041,0.0038528226318362596,0.10754838709677421,0.12178325480246398,0.6741573033707834,-0.18582117237401918
30,5,160445,237,28,66.63,0.41,17.56,8.39,0.3709316770186287,0.0004294317742786475,0.08799999999999919,0.004879906525893767,0.11329032258064516,0.11656891495601272,0.5681818181818233,-0.11085024815001995
30,5,160489,15,232,69.38,0.43,18.26,8.434,0.36828702190257767,0.0002948878886683488,0.09199999999999875,0.003205303137699487,0.11780645161290323,0.04207573632538631,0.21739130434782925,-0.004868030188893985
30,5,160537,15,232,67.18,0.43,18.16,8.482,0.3704838182412505,7.862448208738826e-05,0.09299999999999997,0.0008454245385740676,0.11716129032258064,-0.06937218175511625,-0.3225806451612901,0.0939937501537851
30,5,160582,15,232,62.56,0.4,17.26,8.527,0.3770284406668797,-6.0602878693259755e-05,0.08900000000000041,-0.0006809312212725783,0.11135483870967743,-0.14425516491482346,-0.7865168539325808,0.19665676159132198
30,5,160626,242,59,58.04,0.36,16.17,8.571,0.3879862700228782,-8.894903208620518e-06,0.08800000000000097,-0.00010107844555250479,0.1043225806451613,-0.10117302052785815,-0.6818181818181743,0.2818805908050692
30,5,160670,242,59,57.93,0.34,15.88,8.615,0.40183393265772605,0.0002594408776565764,0.08900000000000041,0.002915066041085115,0.10245161290322581,0.0,-0.11235955056179733,0.2928914861653356
30,5,160715,242,59,60.35,0.35,16.17,8.66,0.4140536122915932,0.0006745969132515519,0.0909999999999993,0.007413152892874254,0.1043225806451613,0.09074796171570425,0.6593406593406643,0.22215117344244414
30,5,160761,246,38,65.42,0.4,17.16,8.706,0.4220496894409883,0.00109959593468923,0.0909999999999993,0.01208347180977185,0.11070967741935483,0.14817440623892353,0.879120879120886,0.13262971092327008
30,5,160806,246,38,69.83,0.43,18.26,8.751,0.4261229159856107,0.0013803595422756843,0.08900000000000041,0.015509657778378403,0.11780645161290323,0.14425516491482346,0.4494382022471887,0.07254335153957096
30,5,160850,246,38,73.46,0.44,19.15,8.795,0.42850604772801015,0.0013980821731663263,0.08800000000000097,0.015887297422344442,0.12354838709677418,0.11583577712609837,0.34090909090908744,0.029681416981187723
30,5,160894,231,23,76.43,0.46,19.84,8.839,0.42873488067995524,0.0011073504016781434,0.08999999999999986,0.012303893351979392,0.128,0.07813620071684599,0.22222222222222276,-0.005993243979514812
30,5,160940,231,23,77.64,0.46,20.24,8.885,0.4279666557698538,0.0005509311765406047,0.08999999999999986,0.006121457517117839,0.1305806451612903,0.04301075268817216,0.0,-0.009080672696232882
30,5,160984,231,23,78.41,0.46,20.44,8.929,0.4279176201372943,-0.00015035918643949132,0.08800000000000097,-0.0017086271186305645,0.1318709677419355,0.029325513196480753,0.0,0.0148592825938367
30,5,161028,54,243,79.08,0.46,20.64,8.973,0.42927427263811146,-0.0008291053990809196,0.08799999999999919,-0.009421652262283264,0.13316129032258064,-0.007331378299120258,0.0,0.035105055127937816
30,5,161072,54,243,75.44,0.46,20.34,9.017,0.4310068649885528,-0.001316906042742609,0.08899999999999864,-0.014796697109467743,0.13122580645161291,-0.1297571583907231,-0.22471910112359916,0.028723494128580104
30,5,161117,54,243,67.18,0.44,18.85,9.062,0.43183066361555505,-0.0014933852939305653,0.09100000000000108,-0.01641082740583019,0.12161290322580647,-0.24601205246366248,-0.7692307692307602,-0.021338582960027545
30,5,161163,220,77,59.36,0.39,16.87,9.108,0.42906505393919026,-0.0013245597925831412,0.09100000000000108,-0.014555602116298081,0.10883870967741936,-0.16873449131513468,-0.7692307692307602,-0.09167687493937712
30,5,161208,220,77,59.14,0.37,16.47,9.153,0.42348806799607164,-0.0008769168095504121,0.08899999999999864,-0.009852997860117141,0.10625806451612903,-0.028996013048206454,-0.22471910112359916,-0.12462764140443972
30,5,161252,220,77,59.25,0.37,16.47,9.197,0.4179731938541953,-0.00030046278555984784,0.08799999999999919,-0.0034143498359073933,0.10625806451612903,-0.0073313782991201,-0.11363636363636478,-0.13455080388718754
30,5,161296,236,70,60.46,0.36,16.37,9.241,0.41164759725399924,0.0002147405541893832,0.08900000000000041,0.002412815215611036,0.10561290322580646,0.03624501631025711,0.11235955056179733,-0.17248788801510093
30,5,161341,236,70,63.11,0.38,16.97,9.286,0.40262177182085124,0.0004944804021228606,0.08900000000000041,0.005555959574414138,0.10948387096774193,0.0935121420804634,0.561797752808986,-0.22009101894942182
30,5,161385,236,70,66.41,0.41,17.66,9.33,0.3920594965675006,0.0004311390566937163,0.08800000000000097,0.004899307462428541,0.11393548387096775,0.10190615835777016,0.5681818181818118,-0.2883443787333884
30,5,161429,35,237,69.16,0.43,18.36,9.374,0.3772474664923128,1.4225454166400197e-05,0.08799999999999919,0.00016165288825454918,0.1184516129032258,0.051319648093841964,0.22727272727272957,-0.39770869862402886
30,5,161473,35,237,67.18,0.43,18.36,9.418,0.3570611310885864,-0.0006675933240687577,0.08899999999999864,-0.007501048585042336,0.1184516129032258,-0.0797390358825672,-0.3370786516853981,-0.5126886586275177
30,5,161518,35,237,61.9,0.4,17.26,9.463,0.3316181758744644,-0.0014521559419262892,0.09100000000000108,-0.015957757603585407,0.11135483870967743,-0.1758241758241736,-0.989010989010977,-0.5358714512032458
30,5,161564,23,233,56.5,0.34,15.88,9.509,0.30829682902909045,-0.00214782664665119,0.09100000000000108,-0.02360249062254027,0.10245161290322581,-0.1829138603332131,-1.0989010989010861,-0.46704194791803905
30,5,161609,23,233,52.54,0.3,14.68,9.554,0.28911735861392235,-0.0025822269129674178,0.08900000000000041,-0.029013785538959617,0.09470967741935483,-0.16600217470097794,-0.898876404494378,-0.4232858648820309
30,5,161653,23,233,49.23,0.26,13.59,9.598,0.2706243870545895,-0.002643579482816753,0.08799999999999919,-0.03004067594109974,0.0876774193548387,-0.15982404692082255,-0.9090909090909173,-0.42490118577074953
30,5,161697,55,255,46.37,0.22,12.5,9.642,0.25172605426609673,-0.0023075057630193283,0.08899999999999864,-0.02592703104516139,0.08064516129032258,-0.1580282711127244,-0.898876404494396,-0.42571009840184393
30,5,161742,55,255,43.06,0.18,11.41,9.687,0.232736188296826,-0.0016460269491549919,0.08900000000000041,-0.018494684821966114,0.07361290322580645,-0.17252627763682418,-0.7865168539325808,-0.4423491557423032
30,5,161786,55,255,39.54,0.15,10.12,9.731,0.21235697940503157,-0.0008163400230156466,0.08800000000000097,-0.009276591170632245,0.06529032258064515,-0.18914956011729994,-0.6818181818181743,-0.4526880442212142
30,5,161830,245,30,36.46,0.12,8.83,9.775,0.1928996404053587,-2.699634890271696e-05,0.08800000000000097,-0.0003067766920763257,0.05696774193548387,-0.10923753665689019,-0.34090909090908716,-0.435042646141034
30,5,161874,245,30,37.34,0.12,8.63,9.819,0.17407322654462015,0.0005170479496948346,0.09200000000000053,0.005620086409726431,0.05567741935483871,0.09747545582047631,0.4347826086956498,-0.40958966414144243
30,5,161922,245,30,45.82,0.16,10.22,9.867,0.15521739130434578,0.0006793406250289298,0.09199999999999875,0.007384137228575425,0.06593548387096775,0.30645161290323003,1.3043478260869743,-0.33884332760066516
30,5,161966,28,255,54.96,0.24,13.0,9.911,0.14289964040535938,0.00044447948699585815,0.08899999999999864,0.004994151539279381,0.08387096774193549,0.2370424066690866,1.0112359550561953,-0.1975015702421665
30,5,162011,28,255,53.2,0.25,13.49,9.956,0.13763975155279323,-6.684508239446174e-05,0.08900000000000041,-0.0007510683415108025,0.08703225806451613,-0.050743022834360045,-0.3370786516853917,-0.06082622286052104
30,5,162055,28,255,48.57,0.21,12.3,10.0,0.13748610657077298,-0.0006330321523985845,0.08800000000000097,-0.007193547186347472,0.07935483870967742,-0.18914956011729994,-1.0227272727272614,0.06504650955451698
30,5,162099,69,242,43.5,0.16,10.91,10.044,0.1433638443935908,-0.0010067482906384786,0.08799999999999919,-0.011440321484528271,0.07038709677419355,-0.18914956011730374,-0.9090909090909173,0.18146898867722602
30,5,162143,69,242,39.98,0.13,9.72,10.088,0.15345537757436872,-0.0010007616129541698,0.08899999999999864,-0.011244512505103204,0.06270967741935485,-0.1290322580645181,-0.5617977528089974,0.26163356608423927
30,5,162188,69,242,36.79,0.11,9.13,10.133,0.16664923177508773,-0.0005512693156290904,0.08900000000000041,-0.006194037254259414,0.05890322580645162,-0.11453425154041275,-0.3370786516853917,0.32921825815147937
30,5,162232,255,32,34.03,0.1,8.14,10.177,0.18275580254985052,0.00026330914013098373,0.08800000000000097,0.002992149319670237,0.052516129032258066,-0.08724340175952985,-0.11363636363636233,0.404321079378278
30,5,162276,255,32,36.24,0.1,7.94,10.221,0.20222948676037658,0.001252108251424179,0.09100000000000108,0.013759431334331475,0.051225806451612906,0.1474654377880167,0.5494505494505428,0.4463859122244104
30,5,162323,255,32,47.14,0.15,10.22,10.268,0.22337692056227235,0.002176591588485994,0.0909999999999993,0.023918588884461658,0.06593548387096775,0.4076568592697655,1.7582417582417718,0.4690536661769064
30,5,162367,211,26,58.15,0.26,13.69,10.312,0.24491337038247474,0.0028242945969990086,0.08799999999999919,0.03209425678407994,0.08832258064516128,0.3563049853372466,1.818181818181835,0.5193319266545793
30,5,162411,211,26,61.35,0.31,15.08,10.356,0.2690781301078749,0.00306342418437257,0.08900000000000041,0.03442049645362422,0.09729032258064516,0.151504168176875,0.898876404494378,0.5937535582972966
30,5,162456,211,26,63.0,0.34,15.78,10.401,0.2977574370709344,0.0028616861699437843,0.08900000000000041,0.03215377719037945,0.10180645161290322,0.07901413555636078,0.561797752808986,0.6320637940723702
30,5,162500,223,53,64.21,0.36,16.17,10.445,0.3253318077803161,0.00227218358033919,0.08800000000000097,0.025820267958399604,0.1043225806451613,0.06524926686216961,0.34090909090908683,0.5456700050521427
30,5,162544,223,53,65.97,0.37,16.67,10.489,0.34577639751552347,0.0014037809991775205,0.08900000000000041,0.015772820215477684,0.10754838709677421,0.07901413555636062,0.337078651685392,0.3422576960231495
30,5,162589,223,53,67.73,0.39,17.26,10.534,0.35579274272637657,0.00039402551725287437,0.08899999999999864,0.004427253002841353,0.11135483870967743,0.0790141355563622,0.44943820224719766,0.12415014086266067
30,5,162633,0,230,69.27,0.41,17.76,10.578,0.3568257600523001,-0.0006077886444345211,0.08799999999999919,-0.00690668914130144,0.11458064516129034,0.0439882697947217,0.22727272727272893,-0.07396207911082087
30,5,162677,0,230,67.18,0.41,17.86,10.622,0.3492840797646244,-0.001451534401418332,0.09100000000000108,-0.01595092748811335,0.1152258064516129,-0.06309819213044952,-0.32967032967032545,-0.22624645704082938
30,5,162724,0,230,62.78,0.38,16.87,10.669,0.3362373324615844,-0.0020000145136543582,0.0909999999999993,-0.02197818146872938,0.10883870967741936,-0.14746543778801957,-0.8791208791208854,-0.3163426962053943
30,5,162768,30,238,58.48,0.33,15.78,10.713,0.32049689440993373,-0.0021507750203027917,0.08799999999999919,-0.024440625230713768,0.10180645161290322,-0.16715542521994298,-1.0227272727272825,-0.3267184760319761
30,5,162812,30,238,54.41,0.29,14.59,10.757,0.30748610657077075,-0.0018632325444327903,0.08900000000000041,-0.020935197128458222,0.09412903225806452,-0.16600217470097778,-1.0112359550561754,-0.19566502969685734
30,5,162857,30,238,50.77,0.24,13.49,10.802,0.30308270676691335,-0.0011816416371928876,0.08999999999999986,-0.01312935152436544,0.08703225806451613,-0.15698924731182817,-0.8888888888888902,-0.0540481638879808
30,5,162902,237,38,47.58,0.21,12.4,10.847,0.3026217718208525,-0.00024218601309922684,0.08900000000000041,-0.0027211911584182663,0.08,-0.09351214208046356,-0.4494382022471887,0.013112899493482651
30,5,162946,237,38,47.69,0.2,12.2,10.891,0.3042497548218333,0.0007445645926527131,0.08900000000000041,0.008365894299468648,0.07870967741935483,0.028996013048205718,0.11235955056179733,0.02611560655424687
30,5,162991,237,38,51.54,0.22,12.8,10.936,0.30494606080418046,0.0015371342246094368,0.08900000000000041,0.0172711710630273,0.08258064516129032,0.1442551649148236,0.7865168539325808,-0.012929245438952349
30,5,163035,242,75,57.38,0.27,14.19,10.98,0.30309905197776654,0.0019239499693190414,0.08799999999999919,0.021863067833171126,0.0915483870967742,0.21847507331378493,1.136363636363647,-0.07674819459716507
30,5,163079,242,75,62.67,0.32,15.78,11.024,0.29819221967963,0.0017843036771041322,0.0909999999999993,0.019607732715430173,0.10180645161290322,0.20418291386033477,1.2087912087912178,-0.12012831888608225
30,5,163126,242,75,67.18,0.38,17.07,11.071,0.29216737495913314,0.0011292379085112057,0.09100000000000108,0.012409207785837277,0.11012903225806452,0.1545551222970561,0.989010989010977,-0.1217089546608971
30,5,163170,56,247,70.49,0.41,17.96,11.115,0.28711670480548823,0.00010663355781627714,0.08800000000000097,0.0012117449751849543,0.11587096774193549,0.06524926686216945,0.227272727272725,-0.10018871288893849
30,5,163214,56,247,67.62,0.4,17.96,11.159,0.28335076822490646,-0.001034394791726191,0.08900000000000041,-0.011622413390181868,0.11587096774193549,-0.1080101486045665,-0.6741573033707834,-0.09928338187921999
30,5,163259,56,247,60.57,0.35,16.47,11.204,0.2782804838182376,-0.0020111882322976465,0.08899999999999864,-0.022597620587614352,0.10625806451612903,-0.2442914099311383,-1.3483146067415936,-0.12389302518631787
30,5,163303,13,255,53.86,0.28,14.59,11.248,0.27232428898332434,-0.002587264125660406,0.08799999999999919,-0.0294007287006867,0.09412903225806452,-0.26906158357771504,-1.4772727272727406,-0.17816279830009688
30,5,163347,13,255,47.91,0.22,12.8,11.292,0.26260215756782923,-0.0026391036584405203,0.08900000000000041,-0.02965285009483717,0.08258064516129032,-0.25226531351938997,-1.348314606741567,-0.2736078104396261
30,5,163392,13,255,42.84,0.16,11.11,11.337,0.2479731938541975,-0.0021888943330153374,0.08900000000000041,-0.024594318348486823,0.0716774193548387,-0.2305183037332357,-1.0112359550561751,-0.37920889179469763
30,5,163436,232,63,38.33,0.13,9.62,11.381,0.228852566198101,-0.0013932294247568145,0.08800000000000097,-0.015832152554054537,0.06206451612903225,-0.11656891495601046,-0.45454545454544965,-0.468810365835526
30,5,163480,232,63,38.66,0.12,9.52,11.425,0.20671788166067076,-0.0004920187186734921,0.0909999999999993,-0.005406799106302152,0.061419354838709674,0.03544842254519703,0.21978021978022136,-0.48105212864938035
30,5,163527,232,63,44.28,0.15,10.12,11.472,0.1850768224910077,0.00026519286790802174,0.0909999999999993,0.002914207339648613,0.06529032258064515,0.16944345976604183,0.7692307692307752,-0.4540735498564836
30,5,163571,36,221,50.66,0.19,11.91,11.516,0.16539718862373107,0.000690772400023814,0.08800000000000097,0.00784968636390689,0.07683870967741936,0.15249266862169922,0.6818181818181743,-0.38593271716840544
30,5,163615,36,221,50.33,0.21,12.2,11.56,0.15111474338018765,0.0007050879702619106,0.08900000000000041,0.007922336744515812,0.07870967741935483,0.02102210945994903,0.11235955056179733,-0.2499164374051838
30,5,163660,36,221,49.56,0.2,12.2,11.605,0.1431546256946696,0.0003446418094843864,0.08899999999999864,0.0038723798818470975,0.07870967741935483,-0.02102210945994945,-0.22471910112359883,-0.13410419061821682
30,5,163704,0,255,48.35,0.19,11.91,11.649,0.13917947041516654,-0.00026491213203196475,0.08900000000000041,-0.002976540809347905,0.07683870967741936,-0.06451612903225769,-0.449438202247189,-0.07647354830652449
30,5,163749,0,255,45.27,0.16,11.31,11.694,0.1363484798953889,-0.0009560912281514451,0.08900000000000041,-0.01074259806911731,0.07296774193548387,-0.1080101486045665,-0.6741573033707834,-0.07966912885535617
30,5,163793,0,255,41.08,0.13,10.42,11.738,0.1320889179470398,-0.0015689060167562835,0.08799999999999919,-0.01782847746313975,0.0672258064516129,-0.14516129032258196,-0.5681818181818235,-0.1219204136824273
30,5,163837,14,255,37.34,0.11,9.33,11.782,0.1256194834913354,-0.0019877712924632044,0.08999999999999986,-0.02208634769403564,0.06019354838709678,-0.1562724014336919,-0.44444444444444525,-0.18539101376629769
30,5,163883,14,255,34.03,0.09,8.24,11.828,0.11540372670807304,-0.0021589792898952576,0.09200000000000053,-0.023467166194513535,0.05316129032258065,-0.14656381486675935,-0.32608695652173725,-0.25221371007859433
30,5,163929,14,255,31.17,0.08,7.24,11.874,0.10241582216410458,-0.0020890273791368107,0.09100000000000108,-0.022956344825678966,0.04670967741935484,-0.1198156682027636,-0.21978021978021706,-0.3048830868379665
30,5,163974,24,255,28.75,0.07,6.55,11.919,0.08765936580581776,-0.0018294122917837435,0.08899999999999864,-0.0205551942897053,0.04225806451612903,-0.10076114534251697,-0.11235955056179942,-0.30629823214607166
30,5,164018,24,255,26.66,0.07,5.85,11.963,0.07515527950310462,-0.0014558509688491785,0.08799999999999919,-0.016543761009649906,0.03774193548387097,-0.09457478005865196,0.0,-0.2495245029569964
30,5,164062,24,255,24.67,0.07,5.26,12.007,0.06570120954560228,-0.0010490558351115543,0.08900000000000041,-0.01178714421473651,0.03393548387096774,-0.07901413555636067,-0.11235955056179733,-0.16811692151727337
30,5,164107,22,241,23.02,0.06,4.76,12.052,0.06019287348806722,-0.000681045189498044,0.08900000000000041,-0.007652193140427426,0.030709677419354837,-0.057992026096411436,-0.11235955056179733,-0.09035779482903475
30,5,164151,22,241,22.03,0.06,4.46,12.096,0.05765936580581815,-0.00040728956292914196,0.08800000000000097,-0.004628290487831108,0.028774193548387096,-0.04325513196480888,0.0,-0.032356087848078
30,5,164195,22,241,21.26,0.06,4.17,12.14,0.057345537757436324,-0.0002625187830532072,0.08900000000000041,-0.002949649247788831,0.026903225806451613,-0.03552011598405201,0.0,-0.00738289299212862
30,5,164240,11,245,20.49,0.06,3.97,12.185,0.0570022883295187,-0.00025750950497679037,0.08899999999999864,-0.002893365224458363,0.025612903225806453,-0.028996013048206336,0.0,-0.04348928011283717
30,5,164284,11,245,19.72,0.06,3.77,12.229,0.053474991827393875,-0.0003753870939883104,0.0909999999999993,-0.004125132900970475,0.02432258064516129,-0.028358738036157627,0.0,-0.11549418218264182
30,5,164331,11,245,18.95,0.06,3.57,12.276,0.046492317750898376,-0.0005681550274367177,0.09100000000000108,-0.006243461839963857,0.02303225806451613,-0.028358738036157034,0.0,-0.15292651121352943
30,5,164375,28,233,18.4,0.06,3.37,12.32,0.03955867930696253,-0.0007564009705803713,0.08800000000000097,-0.008595465574776853,0.021741935483870968,-0.02199413489736045,0.0,-0.11211328717049276
30,5,164419,28,233,18.18,0.06,3.27,12.364,0.036626348479894905,-0.0008364271134638664,0.08900000000000041,-0.00939805745465014,0.021096774193548388,-0.014498006524102859,-0.11235955056179718,-0.009145971915621796
30,5,164464,28,233,18.07,0.05,3.17,12.409,0.03874468780647219,-0.0006984257222630665,0.08899999999999864,-0.007847480025427834,0.020451612903225808,-0.007249003262051574,0.0,0.13943015819960286
30,5,164508,52,253,17.96,0.06,3.17,12.453,0.04903563255965937,-0.00025609180833125313,0.08799999999999919,-0.0029101341855824487,0.020451612903225808,-0.006598240469208271,0.11363636363636463,0.3593346013254467
30,5,164552,52,253,17.51,0.06,3.08,12.497,0.07036613272311121,0.0005175887085897339,0.08900000000000041,0.005815603467300354,0.019870967741935485,-0.01377310619789776,-0.11235955056179718,0.5633404468670357
30,5,164597,52,253,16.85,0.05,2.98,12.542,0.09917293233082577,0.0015600739184924405,0.08999999999999986,0.01733415464991603,0.0192258064516129,-0.02150537634408608,-0.11111111111111123,0.6737495913697209
30,5,164642,255,19,16.19,0.05,2.78,12.587,0.131003595946386,0.002710106477712345,0.08900000000000041,0.03045063458103744,0.01793548387096774,-0.0072490032620514296,0.11235955056179718,0.7126511932003798
30,5,164686,255,19,20.49,0.06,2.88,12.631,0.16259888852565987,0.003732335376825732,0.10100000000000087,0.03695381561213564,0.01858064516129032,0.23442989460236144,0.693069306930687,0.6098867487271642
30,5,164743,255,19,39.87,0.12,6.45,12.688,0.1926021575678301,0.004376281704689453,0.10299999999999976,0.04248817189018896,0.04161290322580645,0.4910742248668975,1.553398058252431,0.5494847291296986
30,5,164789,229,39,53.2,0.22,10.72,12.734,0.2191958156260187,0.004452528997731479,0.09299999999999997,0.04787665588958581,0.06916129032258064,0.47519944502254624,1.9354838709677424,0.5200940640521293
30,5,164836,229,39,58.92,0.3,13.3,12.781,0.24097090552467812,0.0038964153724597244,0.09299999999999997,0.041896939488814254,0.08580645161290323,0.2885882761012835,1.3978494623655915,0.41137204863490634
30,5,164882,229,39,62.89,0.35,14.88,12.827,0.257453416149065,0.0027921853690655177,0.09299999999999997,0.03002349859210235,0.096,0.18522372528616024,0.9677419354838716,0.2928077557146687
30,5,164929,57,252,65.75,0.39,15.97,12.874,0.2682020268061423,0.0013480176144770812,0.09299999999999997,0.01449481305889335,0.10303225806451613,0.07561567811307666,0.43010752688172094,0.1554025315743752
30,5,164975,57,252,62.89,0.39,15.97,12.92,0.27190585158548186,-0.000166611162363683,0.09299999999999997,-0.0017915178748783124,0.10303225806451613,-0.10267082899757198,-0.7526881720430111,0.009209559663534622
30,5,165022,57,252,55.4,0.32,14.49,12.967,0.269058515854851,-0.0014963035266427128,0.09299999999999997,-0.016089285232717347,0.09348387096774194,-0.24072147069025332,-1.6129032258064524,-0.13803794197977146
30,5,165068,44,224,48.57,0.24,12.5,13.013,0.2590683229813631,-0.0024609201048786424,0.09299999999999997,-0.02646150650407143,0.08064516129032258,-0.24141519250780447,-1.397849462365592,-0.3377658733087934
30,5,165115,44,224,44.39,0.19,11.01,13.06,0.23764628963713325,-0.0029836624039645122,0.09699999999999953,-0.03075940622643842,0.07103225806451613,-0.16494845360824822,-0.824742268041241,-0.5640614310316312
30,5,165165,44,224,41.41,0.16,10.02,13.11,0.20435436417129516,-0.003081805560446721,0.09600000000000009,-0.03210214125465331,0.06464516129032258,-0.1263440860215052,-0.6249999999999994,-0.722560477280147
30,5,165211,68,230,38.99,0.13,9.13,13.156,0.16828048381823907,-0.002831249357951374,0.09200000000000053,-0.030774449542949542,0.05890322580645162,-0.118513323983169,-0.5434782608695622,-0.7309507227425707
30,5,165257,68,230,36.68,0.11,8.33,13.202,0.13710689767897827,-0.0023251739174292504,0.09299999999999997,-0.02500187007988442,0.05374193548387097,-0.09642733263961156,-0.3225806451612904,-0.5716957189607889
30,5,165304,68,230,34.58,0.1,7.74,13.249,0.11511278195488572,-0.0016459014063392337,0.09299999999999997,-0.01769786458429284,0.049935483870967745,-0.08255289628858832,-0.21505376344086033,-0.3791737408036173
30,5,165350,44,249,32.71,0.09,7.14,13.295,0.10184373978424187,-0.0008592610553595241,0.09199999999999875,-0.009339794079994954,0.04606451612903226,-0.08345021037868279,-0.21739130434782908,-0.21732023821368182
30,5,165396,44,249,30.4,0.08,6.55,13.341,0.09511932003922727,-2.7748983093132118e-05,0.09299999999999997,-0.0002983761622917433,0.04225806451612903,-0.0894901144640999,-0.21505376344086016,-0.06787656377971471
30,5,165443,44,249,28.2,0.07,5.85,13.388,0.0955312193527284,0.0007716443714418331,0.09299999999999997,0.008297251305826165,0.03774193548387097,-0.08949011446409998,-0.10752688172043008,0.09357193826079796
30,5,165489,254,9,26.21,0.07,5.26,13.434,0.10382151029748148,0.0014423648902743196,0.09200000000000053,0.01567787924211208,0.03393548387096774,-0.04838709677419328,0.0,0.22407152095739888
30,5,165535,254,9,29.08,0.07,5.16,13.48,0.11614579928080922,0.0018869438323669953,0.09500000000000064,0.019862566656494555,0.03329032258064516,0.1955857385398969,0.6315789473684168,0.29163297259165644
30,5,165584,254,9,43.72,0.13,8.14,13.529,0.13152664269368902,0.002045145496638409,0.09499999999999886,0.021527847333036143,0.052516129032258066,0.46519524617997166,1.7894736842105476,0.3576332134684534
30,5,165630,72,241,55.73,0.24,12.01,13.575,0.15012095456031188,0.0019308591251972658,0.09299999999999997,0.020761926077389962,0.07748387096774194,0.33021158515435317,1.397849462365592,0.4410394851082772
30,5,165677,72,241,54.96,0.26,12.9,13.622,0.17254331480875879,0.0016414192064169945,0.0940000000000012,0.0174619064512444,0.0832258064516129,0.019903912148249603,-0.1063829787234027,0.5014502027501556
30,5,165724,72,241,50.66,0.23,12.3,13.669,0.1972572736188271,0.0013262961233934086,0.09299999999999997,0.014261248638638806,0.07935483870967742,-0.11030176899063472,-0.6451612903225808,0.5539093174731993
30,5,165770,236,78,47.03,0.2,11.31,13.715,0.2240568813337663,0.0011271707597037555,0.09199999999999875,0.01225185608373664,0.07296774193548387,-0.08345021037868286,-0.43478260869565816,0.6144733288798563
30,5,165816,236,78,46.81,0.19,11.11,13.761,0.2537888198757731,0.0011197345302282073,0.09299999999999997,0.012040156239012986,0.0716774193548387,0.03468609087755805,0.21505376344086016,0.6696615311068609
30,5,165863,236,78,51.98,0.22,11.81,13.808,0.28633540372670435,0.0012858376527334148,0.09299999999999997,0.013826211319714142,0.07619354838709677,0.15192507804370464,0.9677419354838716,0.6561635505312987
30,5,165909,228,81,57.38,0.28,13.3,13.854,0.3148120300751839,0.0015262502724397659,0.09200000000000053,0.016589676874345188,0.08580645161290323,0.19495091164095263,1.1956521739130368,0.5527523913754036
30,5,165955,228,81,61.13,0.33,14.59,13.9,0.33718862373324177,0.0017038057951923574,0.09500000000000064,0.017934797844129956,0.09412903225806452,0.15483870967741825,0.9473684210526249,0.3923882933879244
30,5,166004,228,81,63.99,0.37,15.58,13.949,0.35208891794703695,0.0016961358192487718,0.09499999999999886,0.017854061255250443,0.10051612903225807,0.11409168081494198,0.6315789473684286,0.21527502967946163
30,5,166050,232,36,66.08,0.39,16.27,13.995,0.3576397515527904,0.0014387485180093354,0.09299999999999997,0.015470414172143397,0.10496774193548387,0.09642733263961141,0.4301075268817203,0.09026774509907198
30,5,166097,232,36,67.95,0.41,16.97,14.042,0.36048381824125064,0.0009472398530210669,0.0940000000000012,0.010077019712989944,0.10948387096774193,0.08167467398764491,0.3191489361702084,0.11768551814318147
30,5,166144,232,36,69.71,0.42,17.46,14.089,0.3687021902582496,0.0003153222187494933,0.09299999999999997,0.0033905614919300365,0.11264516129032259,0.06867845993756524,0.21505376344086047,0.19382256482721255
30,5,166190,32,238,71.26,0.43,17.96,14.135,0.3785093167701814,-0.0003095544017615737,0.09299999999999997,-0.0033285419544255247,0.11587096774193549,0.03468609087755805,0.10752688172043023,0.18953414391518464
30,5,166237,32,238,68.5,0.43,17.96,14.182,0.38632886564236174,-0.0007674666608720741,0.09299999999999997,-0.008252329686796499,0.11587096774193549,-0.08949011446409982,-0.3225806451612901,0.12162242914438837
30,5,166283,32,238,62.56,0.4,16.67,14.228,0.3898202026806095,-0.000934114069503277,0.09199999999999875,-0.010153413798948801,0.10754838709677421,-0.2019635343618542,-1.086956521739145,0.0374873857611895
30,5,166329,225,37,56.94,0.33,15.08,14.274,0.38977770513239113,-0.0007611678198007237,0.09500000000000064,-0.008012292840007564,0.09729032258064516,-0.12835314091680752,-0.8421052631578893,-0.013351456444313877
30,5,166378,225,37,56.83,0.32,14.78,14.323,0.3885518143183997,-0.00029379935236674724,0.09500000000000064,-0.003092624761755213,0.09535483870967741,-0.020373514431239276,-0.10526315789473623,-0.007536002477589228
30,5,166424,225,37,57.38,0.32,14.78,14.369,0.38906178489702015,0.00034289155418039386,0.09299999999999997,0.003687005958928967,0.09535483870967741,0.034686090877558196,0.21505376344086047,0.029386228544713452
30,5,166471,255,36,60.13,0.34,15.28,14.416,0.39128473357305804,0.0009846747338836401,0.09299999999999997,0.01058790036434022,0.09858064516129032,0.12417620534165817,0.7526881720430111,0.07940608885467325
30,5,166517,255,36,65.75,0.39,16.57,14.462,0.39644655116050476,0.0014810980193499272,0.09199999999999875,0.01609889151467334,0.10690322580645162,0.20196353436185407,0.9782608695652304,0.13555865088050953
30,5,166563,255,36,72.36,0.43,18.16,14.508,0.40375612945406475,0.0017406308858205365,0.09299999999999997,0.018716461137855238,0.11716129032258064,0.20672910163024627,0.6451612903225808,0.18450755219043244
30,5,166610,226,38,77.31,0.45,19.55,14.555,0.41360575351421497,0.0017516624992665797,0.0940000000000012,0.01863470743900593,0.12612903225806452,0.11530542210020447,0.319148936170209,0.23780542939216057
30,5,166657,226,38,77.86,0.46,19.84,14.602,0.4261098398169281,0.0015731080115883637,0.09299999999999997,0.016915139909552304,0.128,0.04092958723551847,0.10752688172043023,0.29569013698340874
30,5,166703,226,38,78.53,0.46,20.14,14.648,0.441104936253672,0.0013009224121768987,0.09299999999999997,0.013988413034160204,0.12993548387096773,0.02774887270204632,0.10752688172042964,0.35052568307162923
30,5,166750,240,27,79.19,0.47,20.24,14.695,0.45870872834258963,0.0010259771337909171,0.09500000000000064,0.010799759303062213,0.1305806451612903,0.02716468590831913,0.10526315789473564,0.3881557440511952
30,5,166798,240,27,80.4,0.47,20.54,14.743,0.47797973193853577,0.0008002713572953155,0.09499999999999886,0.008423909024161316,0.13251612903225807,0.04753820033955944,0.0,0.3472411004628269
30,5,166845,240,27,81.72,0.47,20.94,14.79,0.4916966328865578,0.0006226420937221918,0.09299999999999997,0.006695076276582709,0.1350967741935484,0.04786680541103005,0.0,0.22820023410559798
30,5,166891,233,36,82.93,0.47,21.23,14.836,0.4992023537103564,0.0004461912499695515,0.09299999999999997,0.004797755376016684,0.13696774193548386,0.03399236906000689,0.10752688172043023,0.07634795263052338
30,5,166938,233,36,83.7,0.48,21.43,14.883,0.49879699248119647,0.00020203566097327298,0.09299999999999997,0.0021724264620782046,0.13825806451612904,0.02774887270204662,0.10752688172043023,-0.09923124782503123
30,5,166984,233,36,84.36,0.48,21.63,14.929,0.48997384766262847,-0.0001701891404473308,0.09200000000000053,-0.00184988196138402,0.1395483870967742,0.0210378681626926,0.0,-0.2562289466577552
30,5,167030,62,218,84.91,0.48,21.73,14.975,0.47522392938868285,-0.0006955080181215366,0.09299999999999997,-0.0074785808400165245,0.14019354838709677,0.0,0.0,-0.36971812420250716
30,5,167077,62,218,81.83,0.48,21.63,15.022,0.4555900621117953,-0.00134917816030854,0.09299999999999997,-0.014507292046328392,0.1395483870967742,-0.07561567811307666,-0.10752688172043023,-0.4868412264883743
30,5,167123,62,218,75.66,0.47,20.64,15.068,0.42994769532526406,-0.002059406420582814,0.09299999999999997,-0.022144155060030264,0.13316129032258064,-0.14429413805064176,-0.21505376344085989,-0.5997110588532973
30,5,167170,67,250,70.38,0.46,19.55,15.115,0.3998169336384387,-0.0027263584987256805,0.09600000000000009,-0.028399567695059146,0.12612903225806452,-0.19354838709677386,-0.4166666666666661,-0.67675983436852
30,5,167219,67,250,62.78,0.43,17.76,15.164,0.3649787512258861,-0.0032509136129948023,0.09500000000000064,-0.0342201432946819,0.11458064516129034,-0.2696095076400661,-1.157894736842098,-0.7545293439548376
30,5,167265,67,250,55.07,0.35,15.58,15.21,0.3281366459627286,-0.0035629522524231677,0.09299999999999997,-0.03831131454218461,0.10051612903225807,-0.303156434269858,-1.720430107526882,-0.8155029931068803
30,5,167312,1,242,48.68,0.27,13.39,15.257,0.28913697286694623,-0.0036389106918059025,0.09299999999999997,-0.03912807195490219,0.08638709677419355,-0.2823447797433231,-1.5053763440860217,-0.8598635438526073
30,5,167358,1,242,44.06,0.21,11.51,15.303,0.24816933638443617,-0.00350229782221235,0.09200000000000053,-0.03806845458926446,0.07425806451612903,-0.22931276297335085,-1.1956521739130368,-0.9031794988416051
30,5,167404,1,242,40.09,0.16,10.12,15.349,0.20604445897351809,-0.003207699184590256,0.09299999999999997,-0.03449138908161566,0.06529032258064515,-0.1789802289281998,-0.860215053763441,-0.8819383662522259
30,5,167451,18,251,36.68,0.13,8.93,15.396,0.16614906832297918,-0.0028157034013859,0.09299999999999997,-0.03027638066006345,0.05761290322580645,-0.14429413805064176,-0.5376344086021507,-0.8143430104011682
30,5,167497,18,251,33.37,0.11,8.04,15.442,0.13031055900620947,-0.0023698483779007705,0.09199999999999875,-0.025759221498921767,0.051870967741935475,-0.1325385694249667,-0.43478260869565816,-0.704407521639638
30,5,167543,18,251,30.4,0.09,7.04,15.488,0.10134357633213337,-0.0018852639283557587,0.09299999999999997,-0.020271655143610314,0.04541935483870968,-0.13111342351716954,-0.21505376344086033,-0.5295496806532393
30,5,167590,21,238,27.76,0.09,6.15,15.535,0.08106243870545823,-0.0013530433370063965,0.09600000000000009,-0.014094201427149951,0.03967741935483871,-0.09946236559139782,-0.10416666666666652,-0.32356706984853006
30,5,167639,21,238,25.99,0.08,5.56,15.584,0.07028113762667446,-0.0007573717243111071,0.09500000000000064,-0.007972333940116864,0.03587096774193548,-0.06723259762308956,-0.10526315789473609,-0.10801603551211908
30,5,167685,21,238,24.67,0.08,5.16,15.63,0.07080091533180685,-9.708668215745941e-05,0.09299999999999997,-0.0010439428188974134,0.03329032258064516,-0.055497745404092975,-0.10752688172043008,0.11589281759799075
30,5,167732,220,72,23.57,0.07,4.76,15.677,0.08105916966328759,0.0005986158450495615,0.09299999999999997,0.006436729516661954,0.030709677419354837,-0.034686090877558085,-0.10752688172043008,0.27962613405884623
30,5,167778,220,72,24.67,0.07,4.66,15.723,0.09680614579927954,0.0012687087941007098,0.09200000000000053,0.013790312979355462,0.03006451612903226,0.056100981767180605,0.21739130434782475,0.38226473556290785
30,5,167824,220,72,32.05,0.09,5.56,15.769,0.11622752533507531,0.0018358463285478147,0.09299999999999997,0.01974028310266468,0.03587096774193548,0.19285466527922307,0.6451612903225808,0.459212547497771
30,5,167871,218,21,39.65,0.13,7.44,15.816,0.13951291271657223,0.0022335853528572987,0.09299999999999997,0.0240170468049172,0.048,0.24765868886576498,0.8602150537634413,0.5295145296621567
30,5,167917,218,21,45.27,0.17,9.13,15.862,0.16547237659365588,0.0024331713147399342,0.09199999999999875,0.026447514290651817,0.05890322580645162,0.22300140252454723,0.869565217391316,0.5975951220205524
30,5,167963,218,21,49.23,0.21,10.62,15.908,0.1944916639424623,0.002456536391771001,0.09299999999999997,0.026414369803989268,0.06851612903225807,0.17204301075268807,0.7526881720430108,0.6537029811555454
30,5,168010,222,59,52.2,0.24,11.61,15.955,0.22626675384112158,0.0023682066900543876,0.09500000000000064,0.024928491474256544,0.0749032258064516,0.13446519524617898,0.631578947368417,0.7022246692245352
30,5,168058,222,59,54.85,0.27,12.6,16.003,0.2612030075187936,0.0022487786760882907,0.09500000000000064,0.023671354485139743,0.08129032258064516,0.1208828522920197,0.6315789473684168,0.7841571893119371
30,5,168105,222,59,57.05,0.3,13.39,16.05,0.3007616868257561,0.002160875144283608,0.0940000000000012,0.022988033449825328,0.08638709677419355,0.10226492793411,0.5319148936170144,0.8400395067223814
30,5,168152,237,58,58.92,0.32,14.09,16.097,0.34016672115069846,0.0021213755092027568,0.09299999999999997,0.02281048934626621,0.09090322580645162,0.10336455081512314,0.5376344086021506,0.7888936928576605
30,5,168198,237,58,61.46,0.35,14.88,16.143,0.3741288002615185,0.002091039122811555,0.09299999999999997,0.022484291643135007,0.096,0.12417620534165803,0.6451612903225808,0.6398183396780784
30,5,168245,237,58,64.43,0.38,15.88,16.19,0.39966982674075974,0.001986251176310926,0.09299999999999997,0.02135753953022502,0.10245161290322581,0.13111342351716962,0.6451612903225808,0.42578395497860505
30,5,168291,253,39,66.96,0.41,16.77,16.236,0.41372670807452877,0.00170981120463032,0.0990000000000002,0.017270820248791077,0.10819354838709677,0.12251547735418689,0.505050505050504,0.17761795793832175
30,5,168344,253,39,71.15,0.43,17.76,16.289,0.4172540045766536,0.001190631437921038,0.0990000000000002,0.012026580181020562,0.11458064516129034,0.14206581948517402,0.4040404040404036,-0.022850274566521174
30,5,168390,253,39,75.0,0.45,18.95,16.335,0.41146453089244317,0.00041790127716383906,0.09299999999999997,0.004493562120041282,0.12225806451612903,0.14429413805064162,0.3225806451612907,-0.21220653316319976
30,5,168437,58,251,78.08,0.46,19.84,16.382,0.39751879699247605,-0.0005444463489527998,0.09499999999999886,-0.005731014199503224,0.128,0.04074702886247931,0.1052631578947382,-0.36551332564821604
30,5,168485,58,251,72.91,0.46,19.55,16.43,0.37674076495586306,-0.001570850610027474,0.09499999999999886,-0.016535269579236768,0.12612903225806452,-0.16842105263158097,-0.4210526315789528,-0.5090758933948137
30,5,168532,58,251,63.11,0.42,17.36,16.477,0.34915658711996933,-0.0025111466632634426,0.0940000000000012,-0.0267143262049299,0.112,-0.3205216197666397,-1.3829787234042379,-0.6424363406202671
30,5,168579,66,238,54.19,0.33,14.88,16.524,0.3163517489375572,-0.003235859780020906,0.09299999999999997,-0.034794191183020504,0.096,-0.3232743669788417,-1.9354838709677424,-0.7615462217957135
30,5,168625,66,238,47.91,0.24,12.7,16.57,0.278332788492968,-0.0036692878608606634,0.09299999999999997,-0.03945470818129747,0.08193548387096773,-0.2754075615678114,-1.5053763440860222,-0.8842583316636503
30,5,168672,66,238,43.17,0.19,10.91,16.617,0.23411572409283773,-0.0037964602966150097,0.09299999999999997,-0.04082215372704313,0.07038709677419355,-0.20672910163024613,-1.0752688172043012,-0.9539978979707217
30,5,168718,48,243,39.1,0.14,9.72,16.663,0.1896109839816909,-0.0036445172979133514,0.09199999999999875,-0.039614318455580444,0.06270967741935485,-0.16690042075736564,-0.7608695652174017,-0.9209815654448033
30,5,168764,48,243,35.58,0.12,8.53,16.709,0.149385420071917,-0.0032524039260186204,0.09299999999999997,-0.03497208522600668,0.05503225806451612,-0.1512313562261535,-0.43010752688172066,-0.7897021656525507
30,5,168811,48,243,32.38,0.1,7.54,16.756,0.11616868257600371,-0.0026474883547532163,0.09299999999999997,-0.028467616717776527,0.04864516129032258,-0.13735691987513002,-0.3225806451612904,-0.5956335438877627
30,5,168857,21,254,29.74,0.09,6.55,16.802,0.09399150049035508,-0.001842295278957331,0.0940000000000012,-0.01959888594635434,0.04225806451612903,-0.12285518188057497,-0.21276595744680585,-0.3313904557879351
30,5,168905,21,254,26.88,0.08,5.75,16.85,0.08501797973193742,-0.0008528622718816763,0.09499999999999886,-0.008977497598754594,0.037096774193548385,-0.10118845500849022,-0.2105263157894761,-0.054266100032690126
30,5,168952,21,254,24.23,0.07,5.06,16.897,0.08883622098724958,0.0002718423284456506,0.09299999999999997,0.0029230357897381794,0.03264516129032258,-0.0894901144640999,-0.10752688172043008,0.224614833015214
30,5,168998,241,21,22.03,0.07,4.46,16.943,0.10590715920235232,0.001427281825431181,0.0920000000000023,0.015513932885121144,0.028774193548387096,-0.04838709677419231,0.0,0.47489944142016743
30,5,169044,241,21,24.56,0.07,4.37,16.989,0.13252696959790608,0.0024544224232529873,0.09399999999999764,0.026110876843117543,0.028193548387096774,0.12971859986273485,0.3191489361702208,0.5951047832346898
30,5,169092,241,21,36.57,0.1,6.35,17.037,0.16184700882641176,0.003171496020520828,0.09399999999999764,0.0337393193672437,0.040967741935483866,0.35346602608099714,1.1702127659574761,0.5842543453917011
30,5,169138,221,0,47.36,0.18,9.52,17.083,0.1874468780647246,0.003427905368108087,0.0920000000000023,0.03725984095769567,0.061419354838709674,0.38288920056100023,1.5217391304347443,0.4915289168099645
30,5,169184,221,0,53.42,0.24,11.81,17.129,0.20706766917292962,0.0031587492805274734,0.0920000000000023,0.03433423131008037,0.07619354838709677,0.2580645161290258,1.0869565217391035,0.3403001833506135
30,5,169230,221,0,57.05,0.28,13.2,17.175,0.21875449493298182,0.002416306949134222,0.09299999999999997,0.02598179515198089,0.08516129032258064,0.17204301075268824,0.8602150537634413,0.2350546773666256
30,5,169277,15,224,59.8,0.32,14.29,17.222,0.2289277541680258,0.0013648138818452135,0.09499999999999886,0.014366461914160314,0.09219354838709677,0.08081494057725064,0.4210526315789522,0.21369212504946528
30,5,169325,15,224,59.03,0.32,14.39,17.27,0.23905524681268078,0.00024004053419386827,0.09499999999999886,0.0025267424651986437,0.09283870967741936,-0.013582342954159672,-0.2105263157894764,0.20003096987319544
30,5,169372,15,224,56.06,0.3,14.09,17.317,0.24793069630597914,-0.0007129286861272348,0.09299999999999997,-0.0076658998508304845,0.09090322580645162,-0.055497745404093086,-0.4301075268817203,0.15912853662908802
30,5,169418,51,255,53.31,0.28,13.59,17.363,0.25385420071918596,-0.0013052530787399164,0.09199999999999875,-0.014187533464564502,0.0876774193548387,-0.11150070126227368,-0.6521739130434872,0.07284278749804592
30,5,169464,51,255,49.01,0.24,12.5,17.409,0.25463223275579927,-0.0014551541981614661,0.09299999999999997,-0.015646819335069534,0.08064516129032258,-0.1789802289281998,-0.9677419354838716,-0.0364164267611518
30,5,169511,51,255,43.84,0.19,11.01,17.456,0.25046747303039885,-0.001209362461996335,0.0940000000000012,-0.012865558106343825,0.07103225806451613,-0.20452985586821978,-1.0638297872340288,-0.17138127464822575
30,5,169558,239,40,39.32,0.14,9.52,17.503,0.23852239293886585,-0.0007265147859629266,0.09299999999999997,-0.007811986945837923,0.061419354838709674,-0.12348248352410687,-0.6451612903225808,-0.34289791800679403
30,5,169604,239,40,39.54,0.13,9.23,17.549,0.218577966655767,-0.00022352814237686224,0.09299999999999997,-0.0024035284126544335,0.059548387096774194,0.05549774540409301,0.3225806451612904,-0.4570331860506754
30,5,169651,239,40,46.81,0.17,10.32,17.596,0.19601830663615305,0.00010066986798316613,0.09499999999999886,0.0010596828208754457,0.06658064516129032,0.22207130730051197,1.157894736842119,-0.4657180709210089
30,5,169699,11,241,54.3,0.24,12.5,17.644,0.1743347499182717,0.00013750588947448604,0.09499999999999886,0.001447430415520923,0.08064516129032258,0.16842105263158097,0.8421052631579047,-0.4066688460281133
30,5,169746,11,241,53.2,0.25,12.8,17.691,0.15738476626348274,-9.190254766289385e-05,0.09299999999999997,-0.0009881994372354182,0.08258064516129032,-0.01387443635102316,-0.21505376344086016,-0.26219124248207876
30,5,169792,11,241,49.45,0.22,12.3,17.737,0.14995096436743838,-0.0004476242017619043,0.0920000000000023,-0.004865480453933621,0.07935483870967742,-0.10448807854137183,-0.652173913043462,-0.06840115411401566
30,5,169838,67,247,45.93,0.19,11.31,17.783,0.15109186008499315,-0.0007275720205048426,0.09299999999999997,-0.007823355059191859,0.07296774193548387,-0.1304197016996186,-0.6451612903225808,0.1068590128898673
30,5,169885,67,247,42.62,0.16,10.42,17.83,0.15988885256619603,-0.0007462555423655566,0.09299999999999997,-0.008024253143715665,0.0672258064516129,-0.1241762053416581,-0.5376344086021506,0.2628942623037225
30,5,169931,67,247,39.54,0.14,9.52,17.876,0.17554102647923933,-0.0004046477256199097,0.0920000000000023,-0.004398344843694561,0.061419354838709674,-0.1255259467040641,-0.5434782608695516,0.38539164546525495
30,5,169977,245,14,36.9,0.11,8.63,17.922,0.19534488394900038,0.00027410312808390637,0.09299999999999997,0.0029473454632678114,0.05567741935483871,-0.07561567811307666,-0.32258064516129054,0.4480345323336329
30,5,170024,245,14,38.11,0.11,8.43,17.969,0.21720823798626718,0.0011544193903833052,0.09399999999999764,0.012281057344503554,0.054387096774193545,0.09540150995195841,0.5319148936170347,0.4534926585659393
30,5,170071,245,14,46.92,0.16,10.02,18.016,0.2379731938541976,0.002037841179138768,0.09600000000000009,0.021227512282695482,0.06464516129032258,0.28696236559139754,1.3541666666666654,0.4390391740220055
30,5,170120,242,69,55.73,0.24,12.7,18.065,0.25935599869237974,0.0027316631543324392,0.09500000000000242,0.028754348992972315,0.08193548387096773,0.33684210526314934,1.6842105263157467,0.5006107947213384
30,5,170166,242,69,62.67,0.32,14.98,18.111,0.28553121935272596,0.0031087072845770117,0.09199999999999875,0.033790296571489714,0.09664516129032258,0.2713884992987416,1.5217391304348034,0.6602043862017999
30,5,170212,242,69,67.18,0.38,16.57,18.157,0.3200948022229445,0.0031354667478907,0.09299999999999997,0.0337146962138785,0.10690322580645162,0.1789802289281998,0.9677419354838709,0.7863979724908237
30,5,170259,234,60,70.49,0.41,17.56,18.204,0.35866623079437254,0.002861753320012575,0.09299999999999997,0.03077154107540404,0.11329032258064516,0.11723898716614645,0.5376344086021506,0.8211623026711138
30,5,170305,234,60,72.36,0.43,18.26,18.25,0.39646289637135806,0.0023828486550852047,0.09199999999999875,0.025900528859622143,0.11780645161290323,0.08345021037868286,0.32608695652174385,0.7646716033941198
30,5,170351,234,60,73.68,0.44,18.75,18.296,0.4290160183066306,0.0017953698695744045,0.09299999999999997,0.019305052361015106,0.12096774193548387,0.061741241762053214,0.21505376344086047,0.6153884008759544
30,5,170398,255,33,75.0,0.45,19.15,18.343,0.4536940176528218,0.0011666948153730736,0.09299999999999997,0.012545105541645956,0.12354838709677418,0.06243496357960452,0.21505376344086047,0.4398092004203997
30,5,170444,255,33,77.31,0.46,19.65,18.389,0.46991827394572777,0.0005276657031318734,0.09199999999999875,0.005735496773172615,0.1267741935483871,0.08345021037868301,0.10869565217391462,0.2022186847079891
30,5,170490,255,33,80.07,0.46,20.34,18.435,0.47229813664595655,-0.00011443592863254537,0.09600000000000009,-0.00119204092325568,0.13122580645161291,0.08669354838709689,0.10416666666666609,-0.09439359267734337
30,5,170540,0,235,82.38,0.47,20.94,18.485,0.4608564890487028,-0.0007548759360122226,0.09600000000000009,-0.007863291000127311,0.1350967741935484,0.02688172043010734,0.10416666666666609,-0.3483232537866348
30,5,170586,0,235,78.19,0.47,20.74,18.531,0.43885910428243957,-0.0013763243080679394,0.09299999999999997,-0.014799186108257418,0.13380645161290322,-0.1172389871661466,-0.21505376344085989,-0.5405870918530484
30,5,170633,0,235,70.05,0.45,19.25,18.578,0.4105818895063693,-0.0019472132751428858,0.09299999999999997,-0.02093777715207405,0.12419354838709677,-0.22754075615678102,-0.6451612903225808,-0.6445285724830936
30,5,170679,65,224,63.11,0.41,17.46,18.624,0.3789179470415119,-0.002431193141368105,0.0920000000000023,-0.026426012406174395,0.11264516129032259,-0.23001402524543602,-0.9782608695651932,-0.7283568088462845
30,5,170725,65,224,57.93,0.36,15.97,18.67,0.34357306309250946,-0.002798347326475689,0.09299999999999997,-0.03008975619866333,0.10303225806451613,-0.1990981616371837,-1.1827956989247315,-0.8014425966740024
30,5,170772,65,224,53.86,0.3,14.59,18.717,0.3043837855508297,-0.0030295233885576085,0.09299999999999997,-0.03257552030707107,0.09412903225806452,-0.17204301075268824,-1.0752688172043012,-0.8705142941505127
30,5,170818,53,255,50.66,0.26,13.49,18.763,0.2626152337365118,-0.0031119368115229895,0.0920000000000023,-0.03382540012524904,0.08703225806451613,-0.16760168302944886,-0.8695652173912825,-0.9139104850973974
30,5,170864,53,255,46.48,0.22,12.2,18.809,0.22030402092186702,-0.00303123908365834,0.09299999999999997,-0.03259396864148754,0.07870967741935483,-0.19909816163718355,-1.0752688172043015,-0.8802511186802804
30,5,170911,53,255,42.07,0.16,10.62,18.856,0.18075187969924575,-0.0027676209605539074,0.09499999999999886,-0.02913285221635727,0.06851612903225807,-0.18200339558574072,-0.9473684210526429,-0.7474062731198701
30,5,170959,53,234,37.78,0.13,9.52,18.904,0.1493004249754802,-0.0023007315507134435,0.09499999999999886,-0.024218226849615485,0.061419354838709674,-0.14193548387096952,-0.5263157894736905,-0.5688133376920556
30,5,171006,53,234,35.58,0.11,8.53,18.951,0.12671461261850112,-0.0016230323053445365,0.0940000000000012,-0.01726630112068634,0.05503225806451612,-0.1153054221002044,-0.3191489361702087,-0.3457533751121468
30,5,171053,53,234,33.48,0.1,7.84,18.998,0.116799607714938,-0.0007565818825702122,0.09299999999999997,-0.008135289059894758,0.05058064516129032,-0.08949011446409982,-0.21505376344086033,-0.09255255951941448
30,5,171099,222,55,31.72,0.09,7.24,19.044,0.11810722458319557,0.00023448356918769075,0.09299999999999997,0.002521328700942912,0.04670967741935484,-0.05549774540409294,-0.21505376344086033,0.14454087532997795
30,5,171146,222,55,31.94,0.08,7.04,19.091,0.13024190912062594,0.001243715436452196,0.09299999999999997,0.013373284262926843,0.04541935483870968,0.034686090877558126,0.10752688172043023,0.35498985893906826
30,5,171192,222,55,38.11,0.1,7.74,19.137,0.1511212814645289,0.0021390976051700703,0.09199999999999875,0.02325106092576195,0.049935483870967745,0.1605890603085576,0.6521739130434873,0.5268843185468403
30,5,171238,243,79,44.5,0.14,9.33,19.183,0.17871526642693458,0.002794749366981657,0.09199999999999875,0.030377710510670595,0.06019354838709678,0.2643758765778436,1.0869565217391453,0.6510013218300956
30,5,171284,243,79,51.76,0.2,11.51,19.229,0.2110134030728969,0.0031275795230402553,0.09299999999999997,0.03362988734451888,0.07425806451612903,0.3093999306278182,1.397849462365592,0.7311406145096169
30,5,171331,243,79,58.48,0.27,13.79,19.276,0.24671134357632893,0.0031241203060665833,0.09500000000000242,0.0328854769059632,0.08896774193548386,0.2764006791171408,1.4736842105262784,0.7754856248171617
30,5,171379,223,55,63.99,0.34,15.58,19.324,0.2846845374305291,0.0028449159760820402,0.09499999999999886,0.029946483958758676,0.10051612903225807,0.18879456706282077,1.0526315789473808,0.7993324271777836
30,5,171426,223,55,66.3,0.37,16.57,19.371,0.32264792415821747,0.002402827344195,0.09299999999999997,0.025836853163387102,0.10690322580645162,0.10336455081512314,0.6451612903225808,0.8147296713030728
30,5,171472,223,55,67.62,0.4,17.07,19.417,0.3604543968617149,0.0019231219995594362,0.0920000000000023,0.02090349999521074,0.11012903225806452,0.06241234221598729,0.32608695652173125,0.8034026465028054
30,5,171518,235,3,68.83,0.4,17.46,19.463,0.3965609676364774,0.0015012067053491833,0.09399999999999764,0.015970284099459796,0.11264516129032259,0.054221002059026725,0.21276595744681345,0.7199195954734283
30,5,171566,235,3,70.49,0.42,17.86,19.511,0.42812683883621544,0.0011743339857323853,0.09399999999999764,0.012492914741834199,0.1152258064516129,0.0679478380233372,0.31914893617022044,0.5773337135623586
30,5,171612,235,3,72.14,0.43,18.45,19.557,0.45083033671133776,0.0009169657768052985,0.0920000000000023,0.009967019313100822,0.11903225806451613,0.06942496493688484,0.21739130434782084,0.36520886336823644
30,5,171658,240,29,73.68,0.44,18.85,19.603,0.46172605426609403,0.0006596476197742831,0.09299999999999997,0.007092985158863261,0.12161290322580647,0.062434963579604666,0.21505376344086047,0.1095304882121134
30,5,171705,240,29,75.22,0.45,19.35,19.65,0.4610166721150643,0.00032276218464962267,0.09299999999999997,0.003470561125264761,0.12483870967741936,0.06174124176205306,0.10752688172043023,-0.13104289475441633
30,5,171751,240,29,76.76,0.45,19.74,19.696,0.4495390650539333,-0.00014792884631166102,0.09500000000000242,-0.0015571457506490239,0.1273548387096774,0.04685908319184927,0.10526315789473425,-0.33327024655458887
30,5,171800,63,238,78.08,0.46,20.04,19.745,0.42935599869237756,-0.0007568801225643042,0.09499999999999886,-0.007967159184887508,0.12929032258064516,0.013582342954159965,0.1052631578947382,-0.48519468006400324
30,5,171846,63,238,74.67,0.46,19.94,19.791,0.40344557044785356,-0.0014540255322831187,0.09199999999999875,-0.01580462535090368,0.12864516129032258,-0.11150070126227353,-0.32608695652174385,-0.6024631522094465
30,5,171892,63,238,66.96,0.43,18.45,19.837,0.37392938868910924,-0.0021506131177898027,0.09299999999999997,-0.02312487223429896,0.11903225806451613,-0.22684703433922987,-0.8602150537634413,-0.6713487786788067
30,5,171939,4,246,60.13,0.38,16.67,19.884,0.34101013403072455,-0.0027480935077143177,0.09299999999999997,-0.029549392556067942,0.10754838709677421,-0.2476586888657649,-1.2903225806451617,-0.7446385950851785
30,5,171985,4,246,54.19,0.31,14.88,19.93,0.30467799934618767,-0.003167286429427458,0.09299999999999997,-0.034056843327176976,0.096,-0.24765868886576506,-1.5053763440860222,-0.8237986270022776
30,5,172032,4,246,49.01,0.24,13.1,19.977,0.26439686171951277,-0.0033660674279338797,0.0940000000000012,-0.03580922795674295,0.08451612903225807,-0.23129718599862445,-1.2765957446808347,-0.8651137557121081
30,5,172079,2,255,44.72,0.19,11.51,20.024,0.22335730630924847,-0.0033404843046251995,0.09299999999999997,-0.035919186071238715,0.07425806451612903,-0.20672910163024644,-0.9677419354838712,-0.8631325860232523
30,5,172125,2,255,40.53,0.15,10.12,20.07,0.18412553121935032,-0.0031124537382468793,0.09199999999999875,-0.03383101889398828,0.06529032258064515,-0.16690042075736541,-0.7608695652174017,-0.8097630655087626
30,5,172171,2,255,36.57,0.12,9.13,20.116,0.1488591042824433,-0.0027126705983796543,0.09499999999999886,-0.028554427351365125,0.05890322580645162,-0.15483870967742114,-0.5263157894736904,-0.6845718415030706
30,5,172220,43,241,33.04,0.1,7.84,20.165,0.11909120627655939,-0.002168017460331164,0.09499999999999886,-0.022821236424538843,0.05058064516129032,-0.14193548387096946,-0.3157894736842143,-0.5537069217666588
30,5,172266,43,241,30.73,0.09,7.04,20.211,0.09625694671461135,-0.001499093337853231,0.0920000000000023,-0.016294492802752105,0.04541935483870968,-0.09747545582047443,-0.2173913043478207,-0.3848941825262442
30,5,172312,43,241,28.86,0.08,6.45,20.257,0.08368094148414404,-0.000727716625228437,0.09299999999999997,-0.007824909948692874,0.04161290322580645,-0.08255289628858832,-0.10752688172043008,-0.13248408538878576
30,5,172359,217,43,27.21,0.08,5.85,20.304,0.08393592677345428,0.00011087903585004355,0.09299999999999997,0.0011922476973122967,0.03774193548387097,-0.04856052722858136,-0.10752688172043008,0.13694826125622453
30,5,172405,217,43,27.43,0.07,5.75,20.35,0.09641712978097292,0.0009588437115051498,0.0920000000000023,0.010422214255490498,0.037096774193548385,0.03506311360448714,0.10869565217391026,0.3668433844535584
30,5,172451,217,43,33.7,0.09,6.35,20.396,0.1176855181431825,0.0017358719416217863,0.09299999999999997,0.018665289694857923,0.040967741935483866,0.1449878598681929,0.5376344086021506,0.5068069894230604
30,5,172498,218,14,40.09,0.12,7.84,20.443,0.14355017979731752,0.0023505262200082663,0.09499999999999886,0.024742381263245204,0.05058064516129032,0.20916808149406027,0.7368421052631667,0.5532939901240512
30,5,172546,218,14,45.38,0.16,9.43,20.491,0.17024844720496674,0.0027191157625864218,0.09399999999999764,0.028926763431771172,0.060838709677419354,0.19766643788607222,0.7446808510638485,0.5639445514804656
30,5,172592,218,14,49.23,0.19,10.72,20.537,0.19656096763647996,0.0027855603760043534,0.0940000000000012,0.029633621021322533,0.06916129032258064,0.1633493479752896,0.6382978723404173,0.5334798606135923
30,5,172640,232,39,52.31,0.22,11.81,20.585,0.22039555410264505,0.002536560463295379,0.09500000000000242,0.02670063645574015,0.07619354838709677,0.14804753820033578,0.7368421052631392,0.4480996541697322
30,5,172687,232,39,55.51,0.26,12.9,20.632,0.2391304347826056,0.00200922139121411,0.09299999999999997,0.02160453108832377,0.0832258064516129,0.15816857440166507,0.860215053763441,0.3328798855483693
30,5,172733,232,39,58.81,0.3,14.09,20.678,0.2513533834586434,0.0012899832381613355,0.09299999999999997,0.013870787507111139,0.09090322580645162,0.14429413805064176,0.7526881720430111,0.23203169213355715
30,5,172780,69,230,61.68,0.33,14.98,20.725,0.2607093821510264,0.0005035808408449487,0.09299999999999997,0.005414847751020955,0.09664516129032258,0.07561567811307666,0.3225806451612907,0.18809295328081507
30,5,172826,69,230,60.57,0.33,15.18,20.771,0.2688460281137592,-0.0002089458856203752,0.09199999999999875,-0.002271150930656283,0.09793548387096775,-0.027349228611501058,-0.32608695652174385,0.1467515670082581
30,5,172872,69,230,57.05,0.3,14.59,20.817,0.27421052631578596,-0.0007212142562748713,0.09299999999999997,-0.007754992002955608,0.09412903225806452,-0.08949011446409998,-0.6451612903225808,0.07557463082671526
30,5,172919,2,225,53.53,0.27,13.89,20.864,0.2758744687806437,-0.000954552856434928,0.09299999999999997,-0.010264009208977723,0.08961290322580645,-0.10336455081512314,-0.6451612903225808,0.00277692829549248
30,5,172965,2,225,50.77,0.24,13.1,20.91,0.27446878064726676,-0.0009026671426790199,0.09199999999999875,-0.009811599376946001,0.08451612903225807,-0.0974754558204782,-0.5434782608695727,-0.0694316130591131
30,5,173011,2,225,48.46,0.22,12.5,20.956,0.2694867603792054,-0.0006378834171839109,0.09600000000000009,-0.006644618928999066,0.08064516129032258,-0.08669354838709675,-0.4166666666666661,-0.14295248992045131
30,5,173061,233,52,46.48,0.2,11.81,21.006,0.2607453416149034,-0.0002936155455329157,0.09600000000000009,-0.0030584952659678693,0.07619354838709677,-0.059811827956989264,-0.3124999999999997,-0.24119401765282414
30,5,173107,233,52,46.59,0.19,11.61,21.052,0.24633213468453424,-2.499293792685542e-05,0.09199999999999875,-0.0002716623687701713,0.0749032258064516,0.007012622720897819,0.10869565217391432,-0.3808434128800261
30,5,173153,233,52,50.33,0.21,11.91,21.098,0.2257077476299415,4.2367491752669295e-05,0.09299999999999997,0.0004555644274480571,0.07683870967741936,0.12348248352410703,0.7526881720430111,-0.44764787143172974
30,5,173200,53,237,55.84,0.26,13.39,21.145,0.2047008826413834,-0.00014107955995532607,0.09299999999999997,-0.001516984515648668,0.08638709677419355,0.11654526534859513,0.6451612903225811,-0.4133053531444269
30,5,173246,53,237,55.18,0.27,13.59,21.191,0.1872703497875098,-0.0005250534016059714,0.09199999999999875,-0.005707102191369332,0.0876774193548387,-0.02033660589060339,-0.21739130434782925,-0.31091433688190223
30,5,173292,53,237,51.65,0.24,13.1,21.237,0.17609676364824878,-0.0009703497465018689,0.09299999999999997,-0.010433868241955583,0.08451612903225807,-0.08255289628858825,-0.5376344086021508,-0.17132593053460904
30,5,173339,53,255,48.35,0.22,12.4,21.284,0.17133703824779117,-0.0012932432696924642,0.09299999999999997,-0.013905841609596395,0.08,-0.13111342351716962,-0.6451612903225808,-0.04151332046807044
30,5,173385,53,255,44.28,0.18,11.21,21.33,0.17223602484471823,-0.0013285203219540983,0.09500000000000242,-0.013984424441621731,0.0723225806451613,-0.16842105263157467,-0.8421052631578732,0.06782402229830617
30,5,173434,53,255,40.09,0.14,9.92,21.379,0.17778032036613042,-0.0009884534156066724,0.09500000000000242,-0.010404772795859444,0.064,-0.17521222410865434,-0.7368421052631391,0.15357616007982766
30,5,173480,232,40,36.13,0.11,8.63,21.425,0.18682576005230223,-0.0002960567645909684,0.09399999999999764,-0.003149540048840168,0.05567741935483871,-0.1022649279341138,-0.4255319148936278,0.2257377949962814
30,5,173528,232,40,36.46,0.1,8.43,21.473,0.19899967309578034,0.0006198768940496269,0.09399999999999764,0.0065944350430813025,0.054387096774193545,0.05490734385724225,0.2127659574468139,0.281346288941599
30,5,173574,232,40,43.5,0.13,9.43,21.519,0.21327231121281187,0.0015660326868886453,0.10800000000000054,0.014500302656376272,0.060838709677419354,0.2138590203106322,1.0185185185185133,0.2920041650018716
30,5,173636,239,42,52.42,0.21,12.01,21.581,0.23053612291598263,0.002345629054204075,0.10800000000000054,0.02171878753892651,0.07748387096774194,0.25448028673834994,1.2962962962962898,0.3691898829198534
30,5,173682,239,42,58.04,0.27,13.69,21.627,0.25314481856815624,0.0028149529183208984,0.09299999999999997,0.03026831094968709,0.08832258064516128,0.21990981616371844,1.1827956989247317,0.5804483157402548
30,5,173729,239,42,62.56,0.32,15.18,21.674,0.2845178162798263,0.0029147517387514677,0.09299999999999997,0.03134141654571471,0.09793548387096775,0.1859174471037117,0.9677419354838709,0.693564205042752
30,5,173775,224,29,66.08,0.36,16.37,21.72,0.31764628963713215,0.0026692173653092084,0.09199999999999875,0.029013232231622225,0.10561290322580646,0.12552594670406886,0.7608695652174017,0.6918288158960733
30,5,173821,224,29,67.73,0.39,16.97,21.766,0.3481660673422642,0.0021603477825277435,0.09600000000000009,0.022503622734663976,0.10948387096774193,0.06653225806451596,0.4166666666666667,0.59261605099705
30,5,173871,224,29,68.83,0.4,17.36,21.816,0.374537430532849,0.0014940987075857243,0.09600000000000009,0.015563528204017948,0.112,0.053091397849462575,0.20833333333333276,0.47714394682357447
30,5,173917,233,18,69.83,0.41,17.76,21.862,0.3939718862373274,0.0007738632853144374,0.09299999999999997,0.0083211105947789,0.11458064516129034,0.05549774540409294,0.21505376344085989,0.3386446480858482
30,5,173964,233,18,71.04,0.42,18.16,21.909,0.40603138280483286,8.874338063391107e-05,0.09299999999999997,0.0009542298992893666,0.11716129032258064,0.04786680541103005,0.21505376344086047,0.1792349035281019
30,5,174010,233,18,72.36,0.43,18.45,21.955,0.41064073226544084,-0.0004860700738674133,0.0920000000000023,-0.005283370368123925,0.11903225806451613,0.0483870967741925,0.21739130434782084,0.026791932572451604
30,5,174056,42,236,73.57,0.44,18.85,22.001,0.4084962406014985,-0.0008863469204925707,0.09299999999999997,-0.009530612048307215,0.12161290322580647,0.02774887270204662,0.0,-0.07648855659485147
30,5,174103,42,236,70.82,0.43,18.85,22.048,0.40352729650211966,-0.001062902831481729,0.09299999999999997,-0.011429062704104617,0.12161290322580647,-0.09642733263961156,-0.4301075268817203,-0.09149802978694942
30,5,174149,42,236,64.54,0.4,17.46,22.094,0.3999869238313122,-0.0009955292804822342,0.0920000000000023,-0.010820970440024015,0.11264516129032259,-0.20196353436184641,-0.9782608695651925,-0.07074633654078276
30,5,174195,230,38,58.81,0.34,15.97,22.14,0.3970186335403675,-0.0007099853802432392,0.09299999999999997,-0.007634251400464941,0.10303225806451613,-0.12348248352410703,-0.7526881720430111,-0.05504645203471319
30,5,174242,230,38,58.7,0.33,15.68,22.187,0.39486760379208385,-0.00028559834867183655,0.09499999999999886,-0.0030062984070719995,0.10116129032258064,-0.019694397283531673,-0.1052631578947382,-0.04965503002357127
30,5,174290,230,38,59.91,0.33,15.68,22.235,0.39230140568812827,0.0001560298917916647,0.09600000000000009,0.0016253113728298392,0.10116129032258064,0.039650537634408616,0.20833333333333276,-0.07954669281900327
30,5,174338,230,21,62.78,0.35,16.27,22.283,0.38723112128145953,0.00048091083878012953,0.0940000000000012,0.005116072752980036,0.10496774193548387,0.08167467398764491,0.5319148936170144,-0.1457505929486027
30,5,174384,230,21,65.2,0.38,16.87,22.329,0.37860084995095944,0.0005810532629840459,0.09199999999999875,0.006315796336783194,0.10883870967741936,0.07643758765778504,0.5434782608695731,-0.22762482766462466
30,5,174430,230,21,67.18,0.4,17.36,22.375,0.36628963713631435,0.00040722596237684883,0.09299999999999997,0.004378773788998376,0.112,0.06174124176205351,0.3225806451612901,-0.2865860302931208
30,5,174477,0,227,68.61,0.41,17.76,22.422,0.3519483491336992,-1.5383987020385347e-05,0.09299999999999997,-0.00016541921527296076,0.11458064516129034,0.02774887270204662,0.10752688172042964,-0.3188546401065746
30,5,174523,0,227,67.18,0.41,17.76,22.468,0.3366361556064029,-0.0005934559199406876,0.09199999999999875,-0.006450607825442344,0.11458064516129034,-0.05539971949509218,-0.32608695652174324,-0.31674175988174597
30,5,174569,0,227,62.89,0.38,16.97,22.514,0.322808107224579,-0.0011910773395749476,0.09299999999999997,-0.012807283221236,0.10948387096774193,-0.12417620534165817,-0.7526881720430104,-0.2964986097782989
30,5,174616,28,238,58.92,0.34,15.97,22.561,0.30906178489702113,-0.0016658460639613893,0.09299999999999997,-0.01791232326840204,0.10303225806451613,-0.14498785986819276,-0.8602150537634413,-0.3175892044276152
30,5,174662,28,238,54.96,0.3,14.88,22.607,0.2932723112128108,-0.001904085164027384,0.09499999999999886,-0.02004300172660428,0.096,-0.1548387096774213,-0.9473684210526432,-0.34441940090500794
30,5,174711,28,238,50.88,0.25,13.69,22.656,0.27634194181104577,-0.0018450186149772988,0.09500000000000242,-0.019421248578707914,0.08832258064516128,-0.1616298811544951,-0.9473684210526074,-0.3290032862476426
30,5,174757,217,62,47.8,0.21,12.5,22.702,0.26201699901928394,-0.0014883720167619802,0.0920000000000023,-0.01617795670393416,0.08064516129032258,-0.09747545582047429,-0.5434782608695515,-0.2616655059197992
30,5,174803,217,62,47.91,0.2,12.3,22.748,0.25226871526642364,-0.0008859547355635637,0.09399999999999764,-0.009425050378336021,0.07935483870967742,-0.013726835964310487,-0.10638297872340673,-0.14964562191788616
30,5,174851,217,62,48.9,0.2,12.3,22.796,0.247950310559003,-0.00012322894085037105,0.09399999999999764,-0.0013109461792592994,0.07935483870967742,0.04118050789293161,0.21276595744681373,-0.005494773010231709
30,5,174897,217,65,51.87,0.22,12.9,22.842,0.25175220660346187,0.000700411798214283,0.0920000000000023,0.0076131717197202775,0.0832258064516129,0.08345021037867949,0.43478260869564106,0.18431001890358426
30,5,174943,217,65,54.3,0.24,13.49,22.888,0.26490683229813317,0.0014854438566570423,0.09299999999999997,0.015972514587710138,0.08703225806451613,0.0825528962885884,0.5376344086021508,0.3900705480390973
30,5,174990,217,65,56.39,0.27,14.09,22.935,0.2880287675710979,0.002138145785460635,0.09299999999999997,0.02299081489742619,0.09090322580645162,0.07630939993062782,0.5376344086021506,0.5716957189607894
30,5,175036,255,86,57.93,0.29,14.59,22.981,0.31807453416148657,0.002572657975532552,0.0920000000000023,0.02796367364709226,0.09412903225806452,0.11851332398316662,0.652173913043462,0.6626917008968297
30,5,175082,255,86,63.22,0.33,15.78,23.027,0.34899640405360777,0.0027157388262003365,0.09499999999999886,0.028586724486319673,0.10180645161290322,0.21528013582343228,1.1578947368421195,0.6129626124808581
30,5,175131,255,86,70.27,0.4,17.76,23.076,0.3763059823471674,0.002517982408162382,0.09499999999999886,0.02650507798065697,0.11458064516129034,0.2288624787775918,1.0526315789473808,0.5086629617522057
30,5,175177,228,22,75.66,0.43,19.15,23.122,0.39731938542006673,0.0019692054088158565,0.09299999999999997,0.02117425170769739,0.12354838709677418,0.13735691987512974,0.5376344086021506,0.3429682199889581
30,5,175224,228,22,77.53,0.45,19.74,23.169,0.4082020268061405,0.0011111556109338957,0.09299999999999997,0.011947909794988129,0.1273548387096774,0.06174124176205351,0.21505376344086047,0.1235908846449913
30,5,175270,228,22,78.19,0.45,20.04,23.215,0.4088133376920509,4.057981776309561e-05,0.09199999999999875,0.0004410849756858278,0.12929032258064516,0.03506311360448865,0.10869565217391462,-0.09920832326563098
30,5,175316,42,247,78.86,0.46,20.24,23.261,0.39907486106570256,-0.0011011968496376595,0.0940000000000012,-0.011714860102528145,0.1305806451612903,-0.006863417982154984,0.0,-0.3015865287640857
30,5,175364,42,247,74.56,0.45,19.94,23.309,0.3804642039882265,-0.0021522593830334705,0.0940000000000012,-0.022896376415249397,0.12864516129032258,-0.14962251201097954,-0.5319148936170149,-0.47658461602664065
30,5,175410,42,247,65.31,0.41,18.06,23.355,0.35427590715919777,-0.0029638084265321074,0.09199999999999875,-0.032215308984045087,0.11651612903225805,-0.284712482468447,-1.3043478260869743,-0.6331637221598417
30,5,175456,28,249,57.05,0.33,15.88,23.401,0.32221314154952185,-0.0034352601117545625,0.09299999999999997,-0.03693828077155445,0.10245161290322581,-0.29621921609434626,-1.720430107526882,-0.7393307954317683
30,5,175503,28,249,50.22,0.25,13.79,23.448,0.28551814318404334,-0.0035392881558766616,0.09499999999999886,-0.03725566479870215,0.08896774193548386,-0.2764006791171511,-1.4736842105263335,-0.8130624042944887
30,5,175551,28,249,44.61,0.19,11.81,23.496,0.24497221314154635,-0.003326826919561521,0.09499999999999886,-0.03501923073222695,0.07619354838709677,-0.24244482173175147,-1.052631578947381,-0.8603430773730653
30,5,175598,8,229,39.98,0.15,10.22,23.543,0.2037855508336031,-0.002908779013424551,0.09299999999999997,-0.03127719369273712,0.06593548387096775,-0.16510579257717659,-0.7526881720430111,-0.8456273924643198
30,5,175644,8,229,37.12,0.12,9.43,23.589,0.16632886564236463,-0.0024199701833563588,0.0920000000000023,-0.026304023732133676,0.060838709677419354,-0.11851332398316686,-0.4347826086956412,-0.7960473016188566
30,5,175690,8,229,35.13,0.11,8.53,23.635,0.13054919908466647,-0.001977409239974693,0.09299999999999997,-0.02126246494596445,0.05503225806451612,-0.11030176899063479,-0.3225806451612904,-0.7210522800690276
30,5,175737,48,243,33.37,0.09,7.84,23.682,0.09927100359594508,-0.0016464664981795777,0.09299999999999997,-0.017703940840640628,0.05058064516129032,-0.08949011446409982,-0.21505376344086033,-0.620344690618544
30,5,175783,48,243,31.28,0.09,7.24,23.728,0.0728571428571419,-0.0014251810300768266,0.09299999999999997,-0.015324527205127173,0.04670967741935484,-0.08255289628858825,-0.10752688172043008,-0.4731674909574015
30,5,175830,48,243,29.41,0.08,6.65,23.775,0.055266426936906754,-0.0012506342294783365,0.09399999999999764,-0.01330461946253583,0.04290322580645162,-0.08167467398764792,-0.10638297872340687,-0.24173523540581618
30,5,175877,17,243,27.65,0.08,6.05,23.822,0.05013403072899575,-0.001024757061086712,0.09299999999999997,-0.011018893129964647,0.03903225806451613,-0.07561567811307675,-0.10752688172043008,0.005378101635575583
30,5,175923,17,243,25.99,0.07,5.56,23.868,0.05576659038901528,-0.0006517222845467563,0.0940000000000012,-0.00693321579305051,0.03587096774193548,-0.061084420041179734,-0.10638297872340285,0.20525411586319559
30,5,175971,17,243,24.45,0.07,5.16,23.916,0.06942791762013638,-7.5853262589888e-05,0.09500000000000242,-0.0007984553956830113,0.03329032258064516,-0.05432937181663699,0.0,0.3388792347000095
30,5,176018,222,0,23.24,0.07,4.76,23.963,0.08796011768551701,0.000691871085925408,0.09299999999999997,0.00743947404220869,0.030709677419354837,-0.034686090877558085,0.0,0.44255097772481156
30,5,176064,222,0,24.34,0.07,4.66,24.009,0.11058515854854384,0.001568481970278568,0.09199999999999875,0.017048717068245536,0.03006451612903226,0.06311360448807943,0.10869565217391447,0.5446508520829485
30,5,176110,222,0,32.16,0.08,5.66,24.055,0.1380679960771476,0.002418793736280656,0.09299999999999997,0.02600853479871674,0.036516129032258066,0.19979188345473467,0.6451612903225808,0.6223482971102292
30,5,176157,242,21,40.09,0.13,7.54,24.102,0.16846355017979514,0.003095295996553908,0.09299999999999997,0.0332827526511173,0.04864516129032258,0.2955254942767951,1.0752688172043012,0.6857606850225055
30,5,176203,242,21,48.13,0.18,9.92,24.148,0.20184373978424058,0.003484301032270521,0.09199999999999875,0.037872837307288784,0.064,0.3408134642356288,1.3043478260869743,0.7422857711386222
30,5,176249,242,21,55.29,0.25,12.4,24.194,0.23675384112454745,0.00354047713301774,0.09199999999999875,0.03848344709801944,0.08,0.31346423562412773,1.5217391304348034,0.7749051267109183
30,5,176295,223,38,60.79,0.32,14.39,24.24,0.2731350114416441,0.0032959650820153304,0.0940000000000012,0.03506345831931158,0.09283870967741936,0.21139327385037485,1.0638297872340288,0.7854395470637537
30,5,176343,223,38,63.33,0.35,15.48,24.288,0.31058515854854124,0.0028412150500378708,0.09600000000000009,0.029595990104561126,0.09987096774193549,0.11962365591397839,0.6249999999999994,0.7923340961098287
30,5,176391,223,38,64.98,0.38,16.17,24.336,0.3491990846681877,0.002287186302244818,0.09499999999999886,0.024075645286787843,0.1043225806451613,0.07402376910017065,0.4210526315789528,0.7608265515046188
30,5,176438,236,44,66.3,0.39,16.57,24.383,0.38286368094147916,0.0017262442616466345,0.09299999999999997,0.018561766254264894,0.10690322580645162,0.06867845993756494,0.3225806451612901,0.6298354582107357
30,5,176484,236,44,68.17,0.41,17.16,24.429,0.4077737822817861,0.0012082491256484573,0.0920000000000023,0.013133142670091599,0.11070967741935483,0.0764375876577821,0.43478260869564106,0.43474707562856363
30,5,176530,236,44,70.16,0.43,17.66,24.475,0.422860411899308,0.0007399762296902104,0.09299999999999997,0.00795673365258291,0.11393548387096775,0.07630939993062798,0.21505376344086047,0.24299880135120078
30,5,176577,224,15,71.92,0.43,18.26,24.522,0.4303726708074478,0.000304891662883179,0.09299999999999997,0.003278404977238485,0.11780645161290323,0.06174124176205351,0.10752688172043023,0.09019744311690733
30,5,176623,224,15,72.8,0.44,18.55,24.568,0.4312487741091804,-0.0001082817988864413,0.0920000000000023,-0.0011769760748525932,0.11967741935483872,0.041374474053294946,0.21739130434782084,-0.013467032420369894
30,5,176669,224,15,73.46,0.45,18.85,24.614,0.4291337038247737,-0.00048275065985147234,0.09299999999999997,-0.005190867310230887,0.12161290322580647,0.03468609087755805,0.10752688172043023,-0.07645340560377005
30,5,176716,16,238,74.12,0.45,19.05,24.661,0.4241386073880298,-0.0007681624679282279,0.09299999999999997,-0.008259811483099228,0.12290322580645162,0.01387443635102316,0.0,-0.10668325793445567
30,5,176762,16,238,71.37,0.45,19.05,24.707,0.41921216083686935,-0.0008964000545644595,0.09600000000000009,-0.009337500568379778,0.12290322580645162,-0.10685483870967726,-0.3125,-0.0749836547891454
30,5,176812,16,238,64.21,0.42,17.46,24.757,0.4169401765282718,-0.0008125552188473222,0.09600000000000009,-0.008464116862992931,0.11264516129032259,-0.21303763440860196,-0.9374999999999994,-0.03735561730412957
30,5,176858,248,10,58.04,0.36,15.88,24.803,0.4156260215756729,-0.0005063076888769622,0.09299999999999997,-0.0054441686976017456,0.10245161290322581,-0.1304197016996186,-0.8602150537634407,-0.017118532657027768
30,5,176905,248,10,58.15,0.34,15.58,24.85,0.41534815299116823,-2.6983293666489772e-05,0.09299999999999997,-0.00029014294265042773,0.10051612903225807,0.02011793270898373,0.10752688172043023,0.003022985233068443
30,5,176951,248,10,62.34,0.37,16.17,24.896,0.4159071592023483,0.0005266433342610242,0.09199999999999875,0.0057243840680546885,0.1043225806451613,0.1318373071528771,0.8695652173913158,0.03766505109655034
30,5,176997,235,19,68.28,0.42,17.46,24.942,0.4188133376920508,0.001037014966529874,0.09299999999999997,0.01115069856483736,0.11264516129032259,0.16510579257717664,0.7526881720430111,0.08931866833985314
30,5,177044,235,19,72.25,0.44,18.55,24.989,0.4242137953579546,0.0014036022449096493,0.09299999999999997,0.015092497257093008,0.11967741935483872,0.12417620534165788,0.3225806451612907,0.1322028774601279
30,5,177090,235,19,74.67,0.45,19.25,25.035,0.4311082052958427,0.0015679635181659356,0.09299999999999997,0.016859822775977806,0.12419354838709677,0.07630939993062767,0.10752688172043023,0.1602885193347999
30,5,177137,244,33,76.54,0.45,19.65,25.082,0.439120627656091,0.0015204945603513416,0.09600000000000009,0.015838485003659794,0.1267741935483871,0.059811827956989125,0.10416666666666667,0.1730889724310748
30,5,177186,244,33,78.3,0.46,20.14,25.131,0.4477247466492259,0.0012916215765799955,0.09499999999999886,0.013596016595579062,0.12993548387096773,0.06044142614601098,0.2105263157894758,0.17628740042325527
30,5,177232,244,33,80.18,0.47,20.54,25.177,0.45586793069630005,0.0009359532599835561,0.09199999999999875,0.0101734049998214,0.13251612903225807,0.05610098176718195,0.10869565217391401,0.18217803487925918
30,5,177278,238,26,81.61,0.47,20.94,25.223,0.4644851258581175,0.0005172990016995698,0.0940000000000012,0.005503180869144289,0.1350967741935484,0.040494166094714554,0.0,0.1896739999860834
30,5,177326,238,26,82.6,0.47,21.13,25.271,0.4736972866949921,9.800562969807913e-05,0.0940000000000012,0.0010426130818944456,0.13632258064516128,0.033630748112559575,0.106382978723403,0.16915554380863904
30,5,177372,238,26,83.37,0.48,21.43,25.317,0.4803857469761298,-0.000268457966647869,0.09299999999999997,-0.002886644802665259,0.13825806451612904,0.02774887270204662,0.10752688172043023,0.09023259410799056
30,5,177419,41,226,83.92,0.48,21.53,25.364,0.48208891794703523,-0.0005447094623788118,0.09299999999999997,-0.005857090993320558,0.13890322580645162,-0.006937218175511879,-0.10752688172043023,-0.021863916453124965
30,5,177465,41,226,80.51,0.47,21.33,25.41,0.47835240274598917,-0.0007180097805632997,0.09299999999999997,-0.007720535274874193,0.13761290322580644,-0.0964273326396117,-0.21505376344085989,-0.11346739921331986
30,5,177512,41,226,73.35,0.46,20.14,25.457,0.4715364498201965,-0.0008076383968132106,0.09299999999999997,-0.008684283836701192,0.12993548387096773,-0.17204301075268794,-0.3225806451612901,-0.19262743113041833
30,5,177558,240,62,67.18,0.44,18.85,25.503,0.46043805165086027,-0.0008648057152220225,0.09499999999999886,-0.009103218054968767,0.12161290322580647,-0.10797962648556984,-0.31578947368421456,-0.28740042325493304
30,5,177607,240,62,66.85,0.43,18.55,25.552,0.4442334096109782,-0.0009594158582520294,0.09499999999999886,-0.010099114297389904,0.11967741935483872,-0.02716468590831964,-0.1052631578947382,-0.39665525369487703
30,5,177653,240,62,68.17,0.43,18.45,25.598,0.4227558025498474,-0.0011546089058057376,0.09299999999999997,-0.012415149524792881,0.11903225806451613,0.03468609087755805,0.10752688172043023,-0.5159813980955124
30,5,177700,23,255,71.15,0.44,19.05,25.645,0.39624713958809554,-0.0014789725347897154,0.09299999999999997,-0.01590293048160985,0.12290322580645162,0.02774887270204662,0.10752688172043023,-0.5958092988431736
30,5,177746,23,255,67.84,0.44,18.85,25.691,0.3673455377574323,-0.0019103904578878072,0.0940000000000012,-0.02032330274348705,0.12161290322580647,-0.14962251201097954,-0.5319148936170144,-0.6579121253642726
30,5,177794,23,255,59.25,0.39,16.87,25.739,0.33440339980385314,-0.0023801171950850702,0.0940000000000012,-0.025320395692394044,0.10883870967741936,-0.30610844200411425,-1.4893617021276409,-0.7508016108726757
30,5,177840,45,216,51.21,0.3,14.39,25.785,0.29677018633539987,-0.0027938778122089617,0.09299999999999997,-0.030041696905472717,0.09283870967741936,-0.2823447797433231,-1.7204301075268822,-0.8500564173406759
30,5,177887,45,216,47.25,0.23,12.8,25.832,0.2553481529911703,-0.0030576544108764842,0.0940000000000012,-0.03252823841357921,0.08258064516129032,-0.18393960192175476,-1.0638297872340288,-0.8291890688793928
30,5,177934,45,216,44.72,0.2,11.71,25.879,0.21882641386073595,-0.003096534425803986,0.09299999999999997,-0.03329606909466653,0.0755483870967742,-0.1380506416926812,-0.6451612903225808,-0.7066052227342464
30,5,177980,80,242,42.4,0.17,10.81,25.925,0.18963386727688541,-0.002863902087317973,0.10200000000000031,-0.028077471444293765,0.06974193548387098,-0.12586970271979714,-0.5882352941176452,-0.49503554282123946
30,5,178036,80,242,38.99,0.14,9.72,25.981,0.16833278849296937,-0.0023466481991124243,0.10200000000000031,-0.02300635489325899,0.06270967741935485,-0.11891208096141656,-0.4901960784313712,-0.3710042369350428
30,5,178082,21,244,36.02,0.12,8.93,26.027,0.15179143510951093,-0.001572898851987616,0.09299999999999997,-0.016912890881587275,0.05761290322580645,-0.11654526534859544,-0.43010752688172066,-0.3087663056659846
30,5,178129,21,244,33.48,0.1,8.04,26.074,0.1396175220660328,-0.0006222699675030884,0.09499999999999886,-0.006550210184243115,0.051870967741935475,-0.1147707979626499,-0.2105263157894761,-0.20099447703928003
30,5,178177,21,244,31.06,0.1,7.24,26.122,0.13269695979077956,0.00036956050708611963,0.09399999999999764,0.0039314947562354135,0.04670967741935484,-0.10226492793411365,-0.2127659574468139,-0.08948133516028829
30,5,178223,252,49,28.97,0.08,6.55,26.168,0.13120627656096592,0.0012239336623042388,0.09299999999999997,0.013160577014024077,0.04225806451612903,-0.06174124176205351,-0.10752688172043023,0.032268609813453496
30,5,178270,252,49,31.61,0.09,6.35,26.215,0.13569794050343073,0.0017572662128458383,0.09299999999999997,0.018895335621998268,0.040967741935483866,0.15816857440166499,0.645161290322581,0.10633174802363424
30,5,178316,252,49,43.84,0.14,8.83,26.261,0.1410951291271639,0.0018382818052360187,0.09299999999999997,0.019766471024043216,0.05696774193548387,0.43357613596947636,1.612903225806452,0.07673461353242773
30,5,178363,5,251,55.29,0.24,12.6,26.308,0.1428342595619465,0.001443070104919796,0.09299999999999997,0.015516882848599962,0.08129032258064516,0.30315643426985783,1.1827956989247315,-0.005096893706918043
30,5,178409,5,251,53.53,0.25,13.2,26.354,0.14062111801242053,0.0006800647367749075,0.09499999999999886,0.00715857617657806,0.08516129032258064,-0.020373514431239508,-0.2105263157894761,-0.050893824951394745
30,5,178458,5,251,48.13,0.22,12.3,26.403,0.13799934619156407,-0.000232160490315378,0.09500000000000242,-0.0024437946348986536,0.07935483870967742,-0.1623089983022029,-0.8421052631578732,-0.04328900053336831
30,5,178504,73,230,43.5,0.17,10.81,26.449,0.13650866296175043,-0.00102806484941056,0.09299999999999997,-0.011054460746350112,0.06974193548387098,-0.17204301075268824,-0.860215053763441,-0.004182967938780926
30,5,178551,73,230,40.09,0.14,9.82,26.496,0.13761033017325744,-0.0014734404257253537,0.09299999999999997,-0.015843445437907035,0.06335483870967742,-0.12348248352410703,-0.5376344086021508,0.06713839296698876
30,5,178597,73,230,37.78,0.12,9.03,26.542,0.14275253350768038,-0.0014295114188528988,0.0920000000000023,-0.015538167596226773,0.05825806451612903,-0.1044880785413719,-0.4347826086956414,0.15041147291669063
30,5,178643,211,0,35.69,0.1,8.33,26.588,0.15144818568159332,-0.0008844330961524278,0.09399999999999764,-0.009408862725026064,0.05374193548387097,-0.05422100205902665,-0.21276595744681373,0.23213677116009562
30,5,178691,211,0,36.02,0.1,8.24,26.636,0.16457338999672882,5.149255063916236e-05,0.09399999999999764,0.0005477930919059964,0.05316129032258065,-0.0061770761839397195,0.0,0.29501366737844037
30,5,178737,211,0,38.77,0.1,8.24,26.682,0.17917947041516602,0.001180147290228053,0.0920000000000023,0.012827687937261125,0.05316129032258065,0.06942496493688462,0.326086956521731,0.3424321673749462
30,5,178783,242,30,42.73,0.13,9.23,26.728,0.19607714939522466,0.002267831751433471,0.09299999999999997,0.024385287649822278,0.059548387096774194,0.1852237252861603,0.860215053763441,0.41186416251005675
30,5,178830,242,30,49.34,0.18,10.91,26.775,0.21748283752860129,0.0031020370041777295,0.09499999999999886,0.03265302109660807,0.07038709677419355,0.2764006791171511,1.2631578947368571,0.5621376094698982
30,5,178878,242,30,56.83,0.25,13.3,26.823,0.24948022229486436,0.0035393154479488073,0.09500000000000242,0.03725595208367071,0.08580645161290323,0.28998302207129995,1.4736842105262784,0.7223206758314273
30,5,178925,255,10,62.45,0.32,15.18,26.87,0.28610330173258863,0.0035330199213132866,0.09299999999999997,0.03798946151949772,0.09793548387096775,0.24072147069025318,1.397849462365592,0.8041843739784138
30,5,178971,255,10,67.73,0.38,16.77,26.916,0.3242693690748568,0.0031350834749704114,0.09199999999999875,0.03407699429315711,0.10819354838709677,0.20897615708275172,1.086956521739145,0.8067782878746965
30,5,179017,255,10,72.25,0.42,18.16,26.962,0.3603269042170597,0.0024734729231279894,0.09299999999999997,0.02659648304438699,0.11716129032258064,0.17204301075268824,0.6451612903225808,0.7371514339846726
30,5,179064,207,5,75.99,0.44,19.25,27.009,0.39282445243543135,0.0017134897413135306,0.09299999999999997,0.018424620874339045,0.12419354838709677,0.09642733263961156,0.3225806451612907,0.6569720233261894
30,5,179110,207,5,76.21,0.45,19.55,27.055,0.4214253023863953,0.0010144495635298297,0.0940000000000012,0.010792016633295924,0.12612903225806452,0.0205902539464651,0.106382978723403,0.5472515701835386
30,5,179158,207,5,75.66,0.45,19.55,27.103,0.44426610003268463,0.0004932298342189014,0.0940000000000012,0.005247125895945693,0.12612903225806452,0.0,0.0,0.42337573814275675
30,5,179204,236,79,75.22,0.45,19.55,27.149,0.46122262177181494,0.00020339827904617636,0.09199999999999875,0.0022108508591975992,0.12612903225806452,0.007012622720897668,0.0,0.2911579515897496
30,5,179250,236,79,75.66,0.45,19.65,27.195,0.4710526315789412,0.00013368798943625394,0.09499999999999886,0.0014072419940658477,0.1267741935483871,0.02648556876061151,0.1052631578947382,0.14734777447050004
30,5,179299,236,79,76.98,0.46,19.94,27.244,0.4752206603465123,0.00022362387889868175,0.09499999999999886,0.0023539355673545728,0.12864516129032258,0.040067911714771184,0.1052631578947382,0.04593864524010259
30,5,179345,246,42,78.19,0.46,20.24,27.29,0.4754168028767509,0.0003892635648378473,0.09299999999999997,0.00418562972943922,0.1305806451612903,0.04856052722858136,0.10752688172042964,-0.011178015164136954
30,5,179392,246,42,79.96,0.47,20.64,27.337,0.47418110493624754,0.0005501666178297349,0.09299999999999997,0.005915770084190699,0.13316129032258064,0.04856052722858166,0.10752688172042964,-0.02421903285563136
30,5,179438,246,42,81.83,0.47,20.94,27.383,0.4731644328211772,0.000650099721559755,0.09199999999999875,0.007066301321301781,0.1350967741935484,0.04838709677419407,0.0,-0.009096465170488708
30,5,179484,246,64,83.26,0.47,21.33,27.429,0.4733442301405626,0.0006673154159201964,0.09299999999999997,0.007175434579787061,0.13761290322580644,0.04786680541103005,0.10752688172043023,0.015958549951316178
30,5,179531,246,64,84.58,0.48,21.63,27.476,0.4746485779666496,0.0006137815067052336,0.09299999999999997,0.006599801147368105,0.1395483870967742,0.041623309053069775,0.10752688172043023,0.033393441528083954
30,5,179577,246,64,85.57,0.48,21.93,27.522,0.4764498202026744,0.0005253608677667927,0.09299999999999997,0.005649041588890245,0.14148387096774193,0.0346860908775579,0.0,0.04035333776235766
30,5,179624,241,44,86.56,0.48,22.13,27.569,0.47840143837854887,0.00044639243411656793,0.0940000000000012,0.004748855682091088,0.14277419354838708,0.02676733013040459,0.0,0.042080223685947965
30,5,179671,241,44,87.23,0.48,22.32,27.616,0.48040536122915356,0.00041267004873833457,0.09600000000000009,0.004298646341024314,0.144,0.02620967741935509,0.0,0.05550561185572543
30,5,179720,241,44,87.78,0.48,22.52,27.665,0.4837299771166985,0.00043679224387667756,0.09499999999999886,0.004597813093438766,0.14529032258064517,0.020373514431239803,0.0,0.08778238502434561
30,5,179766,255,28,88.22,0.48,22.62,27.711,0.4887446878064663,0.0004994500898607761,0.0920000000000023,0.0054288053245735175,0.14593548387096775,0.014025245441794796,0.0,0.12035049817359572
30,5,179812,255,28,89.1,0.48,22.72,27.757,0.4948022229486696,0.0005494072343864005,0.09299999999999997,0.005907604670821512,0.14658064516129032,0.020811654526535037,0.0,0.10025062656641533
30,5,179859,255,28,90.2,0.48,22.92,27.804,0.4980679960771429,0.0005134752163864391,0.09299999999999997,0.005521238885875692,0.1478709677419355,0.02774887270204662,0.0,0.02418388186454874
30,5,179905,210,49,91.08,0.48,23.12,27.85,0.49705132396207263,0.00031550206177602646,0.09299999999999997,0.003392495287914264,0.14916129032258066,0.02081165452653444,0.0,-0.07849216308653703
30,5,179952,210,49,90.86,0.48,23.22,27.897,0.490768224910095,-9.947373664738635e-05,0.09299999999999997,-0.0010696100714772728,0.1498064516129032,0.006937218175511282,0.0,-0.206933884500871
30,5,179998,210,49,90.2,0.48,23.22,27.943,0.47780647270349164,-0.0007423693115926291,0.0920000000000023,-0.008069231647745766,0.1498064516129032,0.0,0.0,-0.34566567647851837
30,5,180044,47,243,89.65,0.48,23.22,27.989,0.4589669826740705,-0.0015661808450377456,0.09299999999999997,-0.0168406542477177,0.1498064516129032,-0.04162330905306948,0.0,-0.4890908899176352
30,5,180091,47,243,83.81,0.48,22.62,28.036,0.4323210199411516,-0.002467376561756449,0.09600000000000009,-0.025701839184962987,0.14593548387096775,-0.1733870967741932,-0.10416666666666667,-0.6199602266535812
30,5,180140,47,243,72.14,0.47,20.64,28.085,0.39945080091532664,-0.0033042961355287765,0.09600000000000009,-0.03441975141175806,0.13316129032258064,-0.2862903225806451,-0.5208333333333327,-0.7134684537430431
30,5,180187,72,238,62.89,0.43,18.36,28.132,0.36382804838181937,-0.003927905929883806,0.09299999999999997,-0.04223554763315922,0.1184516129032258,-0.3100936524453694,-1.1827956989247315,-0.7664322095561388
30,5,180233,72,238,55.84,0.36,16.17,28.178,0.32817260542660576,-0.004215532446755278,0.09199999999999875,-0.045821004856036254,0.1043225806451613,-0.29242636746143447,-1.6304347826087175,-0.7594482425345024
30,5,180279,72,238,50.33,0.28,14.19,28.224,0.2939588100686461,-0.004098154503636073,0.09299999999999997,-0.044066177458452406,0.0915483870967742,-0.2545959070412766,-1.5053763440860217,-0.713776024915014
30,5,180326,5,255,45.93,0.22,12.5,28.271,0.2617914351095095,-0.003575837954311169,0.09299999999999997,-0.03844987047646419,0.08064516129032258,-0.22754075615678115,-1.0752688172043017,-0.6569017213440257
30,5,180372,5,255,41.52,0.18,10.91,28.317,0.23286694998365173,-0.002720164392809455,0.09299999999999997,-0.02924907949257479,0.07038709677419355,-0.21990981616371835,-0.860215053763441,-0.5893063654929673
30,5,180419,5,255,37.45,0.14,9.33,28.364,0.20698594311866353,-0.0016641101851939553,0.09299999999999997,-0.017893657905311354,0.06019354838709678,-0.1852237252861603,-0.6451612903225808,-0.5099354276293755
30,5,180465,230,22,33.59,0.12,8.24,28.41,0.18544295521411983,-0.0005795383873761359,0.09399999999999764,-0.006165301993363303,0.05316129032258065,-0.0885380919698033,-0.3191489361702209,-0.4132903952758909
30,5,180513,230,22,34.25,0.11,8.04,28.458,0.16813664596273076,0.0003564415788327917,0.09499999999999886,0.003752016619292589,0.051870967741935475,0.06044142614601091,0.2105263157894764,-0.30508766194662784
30,5,180560,230,22,41.63,0.14,9.13,28.505,0.15645962732919053,0.0010005217200612878,0.09299999999999997,0.01075829806517514,0.05890322580645162,0.21297259798820684,0.7526881720430109,-0.19062382463873367
30,5,180606,55,216,48.68,0.18,11.11,28.551,0.15040863027132853,0.0012763514051917664,0.0940000000000012,0.01357820643821011,0.0716774193548387,0.16334934797528952,0.6382978723404173,-0.06858033149478536
30,5,180654,55,216,48.57,0.2,11.51,28.599,0.15001307616868062,0.0011892775247192143,0.0940000000000012,0.012651888560842544,0.07425806451612903,0.027453671928620086,0.212765957446806,0.02326584268256159
30,5,180700,55,216,48.24,0.2,11.51,28.645,0.15259561948348935,0.0008166210216157452,0.09199999999999875,0.008876315452345178,0.07425806451612903,0.0,-0.10869565217391462,0.05660417584604226
30,5,180746,57,236,48.02,0.19,11.51,28.691,0.15522066034651644,0.00027839969192189074,0.09299999999999997,0.0029935450744289337,0.07425806451612903,-0.02081165452653474,-0.21505376344086047,0.03722489955604255
30,5,180793,57,236,46.26,0.18,11.21,28.738,0.1560575351422013,-0.0002986627511731168,0.09299999999999997,-0.003211427431968999,0.0723225806451613,-0.03468609087755805,-0.3225806451612904,-0.013673735530972939
30,5,180839,57,236,43.95,0.16,11.01,28.784,0.15394900294213595,-0.0008107293286291935,0.09199999999999875,-0.008812275311187005,0.07103225806451613,-0.0624123422159897,-0.3260869565217436,-0.07529456912602864
30,5,180885,59,245,42.07,0.15,10.32,28.83,0.14913043478260676,-0.001192567647876956,0.09500000000000242,-0.012553343661862375,0.06658064516129032,-0.08081494057724747,-0.31578947368420246,-0.15240618709243908
30,5,180934,59,245,39.87,0.13,9.82,28.879,0.13947041516835387,-0.0014186930127729164,0.09500000000000242,-0.014933610660767161,0.06335483870967742,-0.08081494057724747,-0.31578947368420246,-0.24672665645806938
30,5,180980,59,245,37.56,0.12,9.13,28.925,0.12569140241908958,-0.0014939515540872356,0.09299999999999997,-0.016063995205239098,0.05890322580645162,-0.09642733263961163,-0.3225806451612904,-0.31519893703402585
30,5,181027,12,241,35.58,0.1,8.43,28.972,0.11015691402418948,-0.0014395613163578282,0.09299999999999997,-0.01547915393933149,0.054387096774193545,-0.08255289628858832,-0.3225806451612904,-0.3028257881730938
30,5,181073,12,241,34.03,0.09,7.94,29.018,0.09752860411899186,-0.0012804661238770515,0.09299999999999997,-0.013768452944914536,0.051225806451612906,-0.06867845993756501,-0.21505376344086033,-0.2225409245413647
30,5,181120,12,241,32.6,0.08,7.44,29.065,0.08946060804184257,-0.0010382028135131182,0.09399999999999764,-0.011044710782054726,0.048,-0.061770761839397566,-0.10638297872340687,-0.12895328051859672
30,5,181167,33,242,31.39,0.08,7.04,29.112,0.08540699575024407,-0.0007308753569117856,0.09299999999999997,-0.007858874805503072,0.04541935483870968,-0.0478668054110302,0.0,-0.062217254215481736
30,5,181213,33,242,30.18,0.08,6.75,29.158,0.08367440339980277,-0.00037878070135770515,0.0920000000000023,-0.004117181536496692,0.043548387096774194,-0.04838709677419242,-0.10869565217391026,-0.012614238810636724
30,5,181259,33,242,29.08,0.07,6.35,29.204,0.08424648577966547,-1.1490501466019154e-05,0.09299999999999997,-0.00012355377920450708,0.040967741935483866,-0.04856052722858136,-0.10752688172043008,0.02720686709761748
30,5,181306,217,1,28.2,0.07,6.05,29.251,0.0862046420398812,0.00032911298340147435,0.09499999999999886,0.0034643471936997715,0.03903225806451613,-0.027164685908319417,0.0,0.051685277266392333
30,5,181354,217,1,28.42,0.07,5.95,29.299,0.08915658711997268,0.000594019792895752,0.09399999999999764,0.006319359498891137,0.03838709677419355,0.04118050789293176,0.21276595744681373,0.06885854784973608
30,5,181400,217,1,34.58,0.09,6.65,29.345,0.09267734553775622,0.0007403481858494434,0.09299999999999997,0.007960733181176812,0.04290322580645162,0.1519250780437045,0.5376344086021506,0.0708995490127836
30,5,181447,68,239,40.86,0.12,8.14,29.392,0.09575024517816155,0.0007469483109369825,0.09299999999999997,0.008031702268139599,0.052516129032258066,0.12348248352410679,0.43010752688172066,0.071356511896852
30,5,181493,68,239,40.86,0.13,8.43,29.438,0.09931350114416346,0.0006236286180923507,0.0920000000000023,0.006778571935786251,0.054387096774193545,0.02033660589060253,0.0,0.06122347456542834
30,5,181539,68,239,39.65,0.12,8.43,29.484,0.1013828048381811,0.00040801108274955044,0.09299999999999997,0.004387215943543555,0.054387096774193545,-0.020117932708983658,-0.21505376344086033,0.03181164692938479
30,5,181586,61,226,37.78,0.11,8.14,29.531,0.10227198430859624,0.00015124459058826645,0.09399999999999764,0.0016089850062581941,0.052516129032258066,-0.02676733013040567,-0.21276595744681373,0.009355024935140965
30,5,181633,61,226,36.57,0.1,8.04,29.578,0.10226217718208433,-9.980231355062586e-05,0.0940000000000012,-0.0010617267399002615,0.051870967741935475,-0.0205902539464651,-0.10638297872340285,-0.01272839823888996
30,5,181680,61,226,35.8,0.1,7.84,29.625,0.10107551487414057,-0.00031511673589139556,0.09299999999999997,-0.0033883519988322113,0.05058064516129032,-0.027748872702046394,-0.10752688172043023,-0.03747095649361792
30,5,181726,57,234,35.02,0.09,7.64,29.671,0.09877737822817786,-0.00048402221395378754,0.0940000000000012,-0.005149172488870015,0.04929032258064516,-0.027453671928620086,-0.106382978723403,-0.09341114117393168
30,5,181774,57,234,34.25,0.09,7.44,29.719,0.09229486760379088,-0.000608171315557625,0.09499999999999886,-0.006401803321659287,0.048,-0.027164685908319493,-0.10526315789473804,-0.18475249909671196
30,5,181821,57,234,33.48,0.08,7.24,29.766,0.08122589081399044,-0.0006896948255510305,0.09299999999999997,-0.007416073393021835,0.04670967741935484,-0.02774887270204647,-0.10752688172043008,-0.21962339228154248
30,5,181867,35,239,32.82,0.08,7.04,29.812,0.07186989212160744,-0.0007206858069941066,0.09300000000000352,-0.007749309752624509,0.04541935483870968,-0.027055150884494353,0.0,-0.15188743246615066
30,5,181914,35,239,32.05,0.08,6.85,29.859,0.06710035959463789,-0.0006793886132786495,0.09299999999999997,-0.0073052539062220395,0.04419354838709677,-0.02705515088449531,-0.10752688172043008,-0.04302481308460437
30,5,181960,35,239,31.28,0.07,6.65,29.905,0.06786858450473923,-0.0005358487618860304,0.09199999999999875,-0.005824443063978671,0.04290322580645162,-0.028050490883590826,-0.10869565217391447,0.05688844038262014
30,5,182006,44,244,30.73,0.07,6.45,29.951,0.07233409610983887,-0.00026604524612310423,0.09299999999999997,-0.0028607015712161753,0.04161290322580645,-0.027748872702046543,0.0,0.11265892641842896
30,5,182053,44,244,29.96,0.07,6.25,29.998,0.07834586466165312,0.0001304040852661048,0.0940000000000012,0.0013872775028308847,0.04032258064516129,-0.027453671928620086,-0.106382978723403,0.12443226475068017
30,5,182100,44,244,29.08,0.06,6.05,30.045,0.08403072899640296,0.0006167657766091246,0.09399999999999764,0.006561338049033405,0.03903225806451613,-0.027453671928621123,-0.10638297872340702,0.1483936483206182
30,5,182147,242,41,28.42,0.06,5.85,30.092,0.09229486760379088,0.0011180930775877807,0.09599999999999653,0.011646802891539803,0.03774193548387097,-0.01344086021505424,0.0,0.21241963604664332
30,5,182196,242,41,29.19,0.06,5.85,30.141,0.10442301405687998,0.0015370329468595099,0.09500000000000242,0.016179294177468113,0.03774193548387097,0.12156196943972526,0.42105263157893674,0.28172261316906744
30,5,182242,242,41,40.64,0.1,7.64,30.187,0.11905851585485297,0.0017832856035830363,0.0920000000000023,0.019383539169380345,0.04929032258064516,0.3345021037868079,1.304347826086924,0.319229074576789
30,5,182288,17,228,50.55,0.18,10.62,30.233,0.1337920889179453,0.0018046208203584494,0.0990000000000002,0.018228493134933795,0.06851612903225807,0.2261322906484192,0.9090909090909073,0.28688321594499655
30,5,182341,17,228,49.89,0.19,11.11,30.286,0.1474599542334077,0.0016039817611385309,0.09999999999999787,0.016039817611385652,0.0716774193548387,0.02516129032258117,0.0,0.24857796665577195
30,5,182388,17,228,47.91,0.18,11.01,30.333,0.15864988558352197,0.0012341633632762736,0.09299999999999997,0.013270573798669612,0.07103225806451613,-0.02705515088449531,-0.21505376344086016,0.21484285749436444
30,5,182434,223,53,45.93,0.17,10.72,30.379,0.16744033998038357,0.0007752000791960736,0.0920000000000023,0.008426087817348415,0.06916129032258064,-0.020336605890602603,-0.10869565217391011,0.16444703441021566
30,5,182480,223,53,45.93,0.17,10.72,30.425,0.1737790127492622,0.00030921558346616964,0.09399999999999764,0.0032895274836827384,0.06916129032258064,0.0,0.10638297872340673,0.12203264868925466
30,5,182528,223,53,47.8,0.18,10.72,30.473,0.17891140895717322,-9.432868695856555e-05,0.09399999999999764,-0.0010034966697719991,0.06916129032258064,0.06108442004118197,0.5319148936170345,0.09038553831387108
30,5,182574,66,241,51.76,0.22,11.61,30.519,0.18227525335076586,-0.00038045073782918594,0.09500000000000242,-0.004004744608728171,0.0749032258064516,0.07402376910016789,0.42105263157893674,0.0595998004163705
30,5,182623,66,241,50.88,0.22,11.81,30.568,0.18457338999672857,-0.0005048473501400821,0.09500000000000242,-0.00531418263305336,0.07619354838709677,-0.013582342954159166,-0.21052631578946823,0.07191892775416499
30,5,182669,66,241,47.91,0.2,11.41,30.614,0.1891075514874117,-0.00043404178583813293,0.09199999999999875,-0.00471784549824064,0.07361290322580645,-0.07643758765778504,-0.5434782608695725,0.10702559802151874
30,5,182715,217,7,44.72,0.17,10.72,30.66,0.19441974501470816,-0.00015338489678308777,0.09299999999999997,-0.0016492999654095463,0.06916129032258064,-0.06174124176205351,-0.3225806451612904,0.1607454822188692
30,5,182762,217,7,44.72,0.17,10.52,30.707,0.20405688133376654,0.0003212463389380424,0.09299999999999997,0.0034542617090112097,0.06787096774193548,-0.00693721817551158,0.0,0.3040209218698886
30,5,182808,217,7,46.92,0.17,10.62,30.753,0.2226936907486078,0.0009363012636216883,0.09199999999999875,0.010177187648061968,0.06851612903225807,0.05539971949509204,0.3260869565217436,0.45386386571343346
30,5,182854,234,31,50.22,0.2,11.31,30.799,0.24581235697940185,0.0016041224850511621,0.09299999999999997,0.017248628871517877,0.07296774193548387,0.13041970169961845,0.7526881720430108,0.5258236755985265
30,5,182901,234,31,54.52,0.24,12.5,30.846,0.27159529257927073,0.0022177553820688905,0.09299999999999997,0.023846832065256895,0.08064516129032258,0.1859174471037114,0.8602150537634413,0.5719066249072816
30,5,182947,234,31,59.03,0.28,13.99,30.892,0.298999673095779,0.002672509530017498,0.09299999999999997,0.028736661613091387,0.09025806451612903,0.18591744710371153,0.8602150537634413,0.5899039323413653
30,5,182994,255,53,62.56,0.32,15.18,30.939,0.3264563582870177,0.0028878736377381067,0.09600000000000009,0.03008201705977192,0.09793548387096775,0.1801075268817205,1.0416666666666654,0.5578824779339573
30,5,183043,255,53,67.73,0.38,16.67,30.988,0.35255639097743896,0.0028244487962836404,0.09499999999999886,0.029731039960880782,0.10754838709677421,0.2023769100169803,1.157894736842119,0.5560812787116524
30,5,183089,255,53,72.8,0.43,18.16,31.034,0.379284079764624,0.0024927468801191495,0.09299999999999997,0.026803729893754305,0.11716129032258064,0.1859174471037114,0.6451612903225808,0.5744726472562826
30,5,183136,255,15,76.76,0.44,19.35,31.081,0.4059823471722732,0.0019523471288366353,0.09299999999999997,0.020992979879963826,0.12483870967741936,0.14429413805064162,0.3225806451612907,0.5486718198019522
30,5,183182,255,15,79.85,0.46,20.24,31.127,0.4303105590062056,0.0013008859115410836,0.09299999999999997,0.013988020554205205,0.1305806451612903,0.103364550815123,0.3225806451612901,0.47717470394077155
30,5,183229,255,15,82.27,0.47,20.84,31.174,0.45035959463876496,0.000653545147791153,0.09299999999999997,0.007027367180550034,0.1344516129032258,0.07561567811307666,0.10752688172042964,0.3987176918453166
30,5,183275,50,220,84.14,0.47,21.33,31.22,0.46739130434782,0.00011570907742046189,0.09199999999999875,0.0012577073632659072,0.13761290322580644,0.027349228611501058,0.0,0.3060107736259365
30,5,183321,50,220,80.84,0.47,21.23,31.266,0.47851258581235073,-0.0002457129163319429,0.09299999999999997,-0.002642074369160677,0.13696774193548386,-0.08255289628858825,-0.10752688172042964,0.15803885590554018
30,5,183368,50,220,74.45,0.46,20.14,31.313,0.48208891794703523,-0.00042376998846209093,0.09300000000000352,-0.004556666542602956,0.12993548387096773,-0.15123135622614742,-0.32258064516127777,0.007452010109424749
30,5,183414,255,64,69.05,0.44,19.05,31.359,0.47920562275252726,-0.00047598788537296953,0.09500000000000242,-0.005010398793399552,0.12290322580645162,-0.09439728353140664,-0.3157894736842028,-0.14132585468246772
30,5,183463,255,64,68.72,0.43,18.75,31.408,0.46866296175220046,-0.0005057385453504892,0.09599999999999653,-0.00526810984740112,0.12096774193548387,0.006720430107526939,0.0,-0.29656341941811715
30,5,183510,255,64,72.25,0.44,19.15,31.455,0.45073553448838904,-0.0006237061612494728,0.09299999999999997,-0.0067065178628975585,0.12354838709677418,0.09642733263961141,0.3225806451612907,-0.43077539571227585
30,5,183556,39,235,77.2,0.46,20.14,31.501,0.4286008499509588,-0.0009037705439656065,0.09299999999999997,-0.009717962838339858,0.12993548387096773,0.054804023586541926,0.10752688172043023,-0.5120093361032251
30,5,183603,39,235,74.12,0.45,19.94,31.548,0.4031186662307891,-0.0013526695485949994,0.09299999999999997,-0.014544833855860213,0.12864516129032258,-0.09642733263961141,-0.3225806451612907,-0.6017498163360643
30,5,183649,39,235,67.18,0.43,18.75,31.594,0.37263811703170485,-0.0019070594601449428,0.0920000000000023,-0.02072890717548799,0.12096774193548387,-0.19495091164094885,-0.652173913043462,-0.6845445371462416
30,5,183695,29,246,61.13,0.39,17.16,31.64,0.3401405688133333,-0.002458101882872706,0.09299999999999997,-0.026431203041642006,0.11070967741935483,-0.22684703433923,-1.1827956989247315,-0.7188729186219315
30,5,183742,29,246,55.4,0.32,15.48,31.687,0.30578293559986525,-0.0028911147357341188,0.09299999999999997,-0.031087255222947523,0.09987096774193549,-0.24072147069025332,-1.5053763440860222,-0.7508251695156453
30,5,183788,29,246,50.22,0.25,13.69,31.733,0.27031382804837834,-0.0031231736746294187,0.09299999999999997,-0.03358251263042387,0.08832258064516128,-0.24072147069025332,-1.1827956989247317,-0.760667447018659
30,5,183835,0,255,45.93,0.21,12.01,31.78,0.23504086302712998,-0.0031254417204410975,0.09499999999999886,-0.032899386530959314,0.07748387096774194,-0.21528013582343214,-0.9473684210526429,-0.7303728428623041
30,5,183883,0,255,41.52,0.16,10.52,31.828,0.20092840797646028,-0.0029251759972827784,0.09399999999999764,-0.031118893588115443,0.06787096774193548,-0.18393960192176165,-0.8510638297872553,-0.7223887656235956
30,5,183929,0,255,37.67,0.13,9.33,31.874,0.1671363190585137,-0.002590163887760845,0.09299999999999997,-0.027851224599578984,0.06019354838709678,-0.15816857440166485,-0.5376344086021507,-0.7075894504845476
30,5,183976,18,252,34.25,0.11,8.24,31.921,0.13512258908139738,-0.002203202063187106,0.0940000000000012,-0.02343831982113913,0.05316129032258065,-0.13658201784488508,-0.4255319148936117,-0.6575991319649559
30,5,184023,18,252,31.39,0.09,7.34,31.968,0.10532200065380706,-0.0018355699916658397,0.09300000000000352,-0.019737311738341614,0.04735483870967742,-0.11723898716614196,-0.3225806451612781,-0.59500082604826
30,5,184069,18,252,28.75,0.08,6.55,32.014,0.0797875122589071,-0.0015269766237515539,0.09299999999999997,-0.016419103481199508,0.04225806451612903,-0.10336455081512314,-0.10752688172043008,-0.45288536910297617
30,5,184116,77,231,26.43,0.08,5.85,32.061,0.06320366132723029,-0.0012765663478073695,0.09299999999999642,-0.013726519868896975,0.03774193548387097,-0.08255289628859148,-0.10752688172043419,-0.2545986284083346
30,5,184162,77,231,25.44,0.07,5.36,32.107,0.05610983981693289,-0.0010465886954251111,0.09199999999999875,-0.011375964080707884,0.03458064516129032,-0.04838709677419421,-0.10869565217391447,-0.06317779325440258
30,5,184208,77,231,24.78,0.07,5.16,32.153,0.057391304347825335,-0.0007778589702731606,0.09300000000000352,-0.008364074949173452,0.03329032258064516,-0.02774887270204541,0.0,0.07778914326489059
30,5,184255,59,248,24.23,0.07,4.96,32.2,0.06334423014056799,-0.0004138587056266019,0.09499999999999886,-0.004356407427648493,0.032,-0.033955857385399364,0.0,0.15109857022418738
30,5,184303,59,248,23.24,0.07,4.66,32.248,0.07174566851912297,7.233945369052463e-05,0.09499999999999886,0.0007614679335844789,0.03006451612903226,-0.0339558573853994,-0.1052631578947382,0.19979009308167428
30,5,184350,59,248,22.14,0.06,4.46,32.295,0.08232428898332682,0.0006569083970898584,0.09300000000000352,0.007063531151503586,0.028774193548387096,-0.03399236906000567,-0.10752688172042613,0.2405733829665204
30,5,184396,238,38,21.15,0.06,4.17,32.341,0.09411899313501021,0.0012595290287767016,0.09199999999999875,0.013690532921486073,0.026903225806451613,-0.027349228611501058,0.0,0.26418835368193655
30,5,184442,238,38,23.68,0.06,4.07,32.387,0.10662961752206465,0.0017595956544925633,0.09199999999999875,0.019126039722745514,0.026258064516129033,0.13183730715287695,0.43478260869565816,0.27161476470003015
30,5,184488,238,38,35.58,0.1,6.05,32.433,0.11910755148741264,0.0020324375834406185,0.0940000000000012,0.021621676419580772,0.03903225806451613,0.3404255319148892,1.1702127659574322,0.23933561934437722
30,5,184536,63,226,46.04,0.17,9.03,32.481,0.1291271657404364,0.0019928974952247948,0.0940000000000012,0.02120103718324223,0.05825806451612903,0.25188743994508955,0.8510638297872231,0.17148560578133148
30,5,184582,63,226,45.82,0.18,9.72,32.527,0.135227198430858,0.0016277997665655759,0.09199999999999875,0.017693475723539107,0.06270967741935485,0.048387096774194366,0.10869565217391432,0.08762454340008781
30,5,184628,63,226,45.05,0.18,9.72,32.573,0.13718862373324436,0.001003830918219304,0.09299999999999642,0.0107938808410682,0.06270967741935485,-0.013874436351023913,-0.10752688172043405,0.0005975668483971275
30,5,184675,38,227,43.72,0.17,9.52,32.62,0.13528277214775894,0.00025040509505225474,0.09499999999999886,0.0026358431058132394,0.061419354838709674,-0.02648556876061158,-0.2105263157894761,-0.049964728755527286
30,5,184723,38,227,42.51,0.16,9.33,32.668,0.13244197450146933,-0.0004719389910330527,0.09500000000000597,-0.00496777885297919,0.06019354838709678,-0.019694397283530125,-0.21052631578946066,-0.056227525335072706
30,5,184770,38,227,41.41,0.15,9.23,32.715,0.1299411572409267,-0.0010054421963309075,0.09300000000000352,-0.010811206412159886,0.059548387096774194,-0.013874436351022704,-0.10752688172042613,-0.026503847275972395
30,5,184816,49,255,40.64,0.15,9.13,32.761,0.1299771167048038,-0.0012246790716774231,0.09199999999999875,-0.013311729039972171,0.05890322580645162,-0.04908835904628406,-0.21739130434782894,0.039619369785522586
30,5,184862,49,255,38.44,0.13,8.53,32.807,0.13358613926119473,-0.0010603433063406129,0.09299999999999642,-0.011401540928394125,0.05503225806451612,-0.0894901144641034,-0.4301075268817369,0.10706991883636413
30,5,184909,49,255,35.36,0.11,7.84,32.854,0.13993461915658528,-0.0005161933120007198,0.09299999999999642,-0.005550465720438062,0.05058064516129032,-0.10336455081512701,-0.4301075268817371,0.1660181308812043
30,5,184955,231,11,32.6,0.09,7.04,32.9,0.14902582543314613,0.0003250984176282481,0.09199999999999875,0.0035336784524810055,0.04541935483870968,-0.062412342215989625,-0.21739130434782908,0.2565487442614098
30,5,185001,231,11,32.71,0.09,6.95,32.946,0.16353710362863466,0.0013133001625195266,0.0940000000000012,0.013971278324675637,0.044838709677419354,0.05490734385724017,0.3191489361702087,0.40094454452503964
30,5,185049,231,11,40.31,0.12,7.84,32.994,0.18671461261850034,0.0022619029284362932,0.0940000000000012,0.02406279711102409,0.05058064516129032,0.20384351407000428,0.9574468085106261,0.5524681268388222
30,5,185095,244,41,47.8,0.18,9.92,33.04,0.2154691075514846,0.002993785800756836,0.09499999999999886,0.031513534744809175,0.064,0.3028862478777626,1.3684210526315954,0.648199445983379
30,5,185144,244,41,55.18,0.25,12.3,33.089,0.2482935599869206,0.0033873242686243044,0.09499999999999886,0.03565604493288784,0.07935483870967742,0.3035653650254706,1.3684210526315954,0.7144061526814741
30,5,185190,244,41,61.13,0.31,14.39,33.135,0.28333769205622383,0.0034063726870381715,0.09199999999999875,0.03702579007650237,0.09283870967741936,0.257363253856946,1.3043478260869743,0.7715650184061296
30,5,185236,237,18,65.75,0.37,15.97,33.181,0.31927754168028355,0.003103240024924805,0.09300000000000352,0.03336817231101814,0.10303225806451613,0.18591744710370428,1.0752688172042602,0.7679437021726443
30,5,185283,237,18,68.61,0.41,17.07,33.228,0.35475645635828246,0.0025948641478168925,0.09300000000000352,0.02790176503028811,0.11012903225806452,0.12417620534165344,0.5376344086021301,0.7527936250162188
30,5,185329,237,18,70.82,0.42,17.76,33.274,0.38928734880679455,0.002022686008933441,0.09199999999999875,0.021985717488407264,0.11458064516129034,0.09046283309958038,0.32608695652174385,0.7093821510297484
30,5,185375,255,61,72.69,0.44,18.36,33.32,0.4200196142530184,0.0015111872465740283,0.09299999999999642,0.016249325231979424,0.1184516129032258,0.08255289628859125,0.322580645161303,0.6187628960198691
30,5,185422,255,61,75.22,0.45,18.95,33.367,0.44683229813664016,0.0011376098406957987,0.09299999999999642,0.01223236387844992,0.12225806451612903,0.10267082899757606,0.21505376344086868,0.5224491804546553
30,5,185468,255,61,78.08,0.46,19.84,33.413,0.4686073880352995,0.0009186868101914279,0.09300000000000352,0.009878352797756914,0.128,0.10336455081511933,0.21505376344085167,0.4118290115189581
30,5,185515,211,71,80.4,0.47,20.44,33.46,0.4851323962079047,0.0008135467709634412,0.09600000000000364,0.008474445530868858,0.1318709677419355,0.05376344086021298,0.10416666666666223,0.2729650212487604
30,5,185564,211,71,80.4,0.47,20.64,33.509,0.4948120300751815,0.0007386087843638762,0.09499999999999886,0.007774829309093527,0.13316129032258064,0.013582342954159672,0.0,0.127286178833812
30,5,185610,211,71,79.85,0.47,20.64,33.555,0.4972245831971167,0.0005906095860661757,0.09299999999999642,0.00635064071038923,0.13316129032258064,0.0,0.0,-0.04555568444252352
30,5,185657,235,42,79.52,0.47,20.64,33.602,0.49057535142202696,0.00027529325769827653,0.09300000000000352,0.0029601425558953343,0.13316129032258064,0.0,0.0,-0.24816599704027337
30,5,185703,235,42,79.52,0.47,20.64,33.648,0.4741451454723704,-0.0002613930468215351,0.09200000000000585,-0.0028412287697991137,0.13316129032258064,0.007012622720897127,0.0,-0.44316841252466177
30,5,185749,235,42,80.18,0.47,20.74,33.694,0.4498038574697555,-0.0010062215360203588,0.09299999999999642,-0.01081958640882148,0.13380645161290322,0.020811654526535835,0.0,-0.5486718198019739
30,5,185796,27,247,80.84,0.47,20.94,33.741,0.4231186662307888,-0.0018660320453674473,0.09299999999999642,-0.02006486070287655,0.1350967741935484,-0.01387443635102369,0.0,-0.5797101449275508
30,5,185842,27,247,76.43,0.47,20.54,33.787,0.39589081399149534,-0.0026795953571880455,0.09300000000000352,-0.028812853303096173,0.13251612903225807,-0.1588622962192103,-0.32258064516127777,-0.5756677809530542
30,5,185889,27,247,66.52,0.44,18.65,33.834,0.36958156260215275,-0.0032572823169015664,0.09499999999999886,-0.034287182283174795,0.12032258064516128,-0.2831918505942308,-0.9473684210526426,-0.5634108153679382
30,5,185937,10,252,58.15,0.38,16.37,33.882,0.34236678653154184,-0.0034399323642819793,0.09599999999999653,-0.03583262879460525,0.10561290322580646,-0.31989247311829105,-1.5625000000000566,-0.5697668083251738
30,5,185985,10,252,50.55,0.29,13.89,33.93,0.31488394900293804,-0.0031572074090176158,0.0940000000000012,-0.0335873128618891,0.08961290322580645,-0.31297185998626936,-1.8085106382978495,-0.5857149812551585
30,5,186031,10,252,44.72,0.21,11.81,33.976,0.28730957829355624,-0.0024621068609195903,0.09199999999999875,-0.02676203109695243,0.07619354838709677,-0.2784011220196391,-1.5217391304348031,-0.5978083204229865
30,5,186077,236,62,39.76,0.15,9.92,34.022,0.259885583524024,-0.0015250887120749326,0.09300000000000352,-0.016398803355643816,0.064,-0.15192507804369876,-0.752688172042982,-0.5791828800612737
30,5,186124,236,62,40.2,0.14,9.62,34.069,0.23344557044785574,-0.0005861023321463872,0.09300000000000352,-0.006302175614477043,0.06206451612903225,0.05549774540409082,0.21505376344085225,-0.5487069707930128
30,5,186170,236,62,46.7,0.17,10.72,34.115,0.2088558352402719,0.00011990515858904871,0.09199999999999875,0.0013033169411853299,0.06916129032258064,0.22300140252454728,0.9782608695652306,-0.5107523060960529
30,5,186216,0,244,53.75,0.23,12.8,34.161,0.1864563582870195,0.0004362011526799208,0.09299999999999642,0.004690334975053092,0.08258064516129032,0.16510579257718297,0.7526881720430395,-0.4448006411540887
30,5,186263,0,244,52.65,0.24,13.1,34.208,0.16748937561294325,0.00032816344855918266,0.09299999999999642,0.0035286392318193043,0.08451612903225807,-0.034686090877559375,-0.21505376344086868,-0.37565864169541235
30,5,186309,0,244,49.01,0.21,12.3,34.254,0.1515201046093475,-0.0001165552561079739,0.0940000000000012,-0.0012399495330635364,0.07935483870967742,-0.12971859986272993,-0.7446808510638201,-0.2966481884637513
30,5,186357,51,230,45.16,0.17,11.21,34.302,0.13960444589735027,-0.0007257976454590374,0.09499999999999886,-0.00763997521535838,0.0723225806451613,-0.1276740237691018,-0.6315789473684286,-0.2200581545396672
30,5,186404,51,230,42.51,0.15,10.42,34.349,0.13061457992807937,-0.0012984716754131168,0.09300000000000352,-0.013962061025946963,0.0672258064516129,-0.08949011446409656,-0.4301075268817042,-0.1631709006035343
30,5,186450,51,230,40.2,0.13,9.92,34.395,0.124429552141221,-0.0016568056461758083,0.0940000000000012,-0.01762559198059348,0.064,-0.0748112560054897,-0.3191489361702087,-0.09803648807494911
30,5,186498,50,241,38.55,0.12,9.33,34.443,0.12139915004903404,-0.0016833344974175493,0.09399999999999409,-0.01790781380231548,0.06019354838709678,-0.08167467398765094,-0.21276595744682195,-0.009598464245721217
30,5,186544,50,241,36.57,0.11,8.73,34.489,0.12352729650212327,-0.001340720765061941,0.09300000000000352,-0.014416352312493443,0.056322580645161296,-0.08255289628858517,-0.21505376344085195,0.06756020485997256
30,5,186591,50,241,34.8,0.1,8.14,34.536,0.12768224910101172,-0.0006769245819200709,0.09300000000000352,-0.00727875894537683,0.052516129032258066,-0.07561567811307386,-0.2150537634408521,0.08991623518824651
30,5,186637,213,43,33.15,0.09,7.64,34.582,0.1318895063746305,0.0001830167861531491,0.09199999999999875,0.001989312892969039,0.04929032258064516,-0.04908835904628398,-0.10869565217391462,0.08254331480876125
30,5,186683,213,43,33.37,0.09,7.44,34.628,0.13527623406341766,0.0010600493136990448,0.09299999999999642,0.011398379717194469,0.048,0.0,0.0,0.10552327522874752
30,5,186730,213,43,37.12,0.09,7.64,34.675,0.14170317097090365,0.0017602225579452782,0.09499999999999886,0.01852865850468736,0.04929032258064516,0.09439728353141032,0.3157894736842143,0.15591610605461004
30,5,186778,241,50,42.18,0.12,8.83,34.723,0.15008826413860543,0.002125985684790894,0.09500000000000597,0.022378796682008005,0.05696774193548387,0.20237691001696523,0.842105263157842,0.19049913112298775
30,5,186825,241,50,49.01,0.17,10.62,34.77,0.15980058842758862,0.0020873781128715177,0.09300000000000352,0.02244492594485418,0.06851612903225807,0.2823447797433122,1.2903225806451124,0.23586315016150675
30,5,186871,241,50,56.06,0.24,12.9,34.816,0.1720235371036264,0.0016939807557962182,0.09199999999999875,0.018412834302133058,0.0832258064516129,0.2987377279102425,1.4130434782608885,0.31787881802805723
30,5,186917,53,255,61.68,0.3,14.88,34.862,0.1890454396861695,0.0011092152184977468,0.09299999999999642,0.011927045360191285,0.096,0.1512313562261591,0.7526881720430398,0.4244833683085804
30,5,186964,53,255,59.58,0.31,15.08,34.909,0.21150049035632285,0.0005603158964584036,0.0940000000000012,0.005960807409131878,0.09729032258064516,-0.07481125600548992,-0.5319148936170144,0.5201602526204369
30,5,187011,53,255,52.42,0.25,13.79,34.956,0.23794050343249118,0.00025713564551496583,0.0940000000000012,0.002735485590584708,0.08896774193548386,-0.21757035003431419,-1.2765957446808347,0.5753861990776978
30,5,187058,240,48,46.15,0.19,11.91,35.003,0.2655867930696271,0.0003109662651516718,0.09299999999999642,0.003343723281200901,0.07683870967741936,-0.15816857440167095,-0.8602150537634738,0.5790422760969893
30,5,187104,240,48,46.37,0.17,11.51,35.049,0.2917914351095091,0.0006889102629043933,0.09199999999999875,0.007488155031569594,0.07425806451612903,0.020336605890603238,0.21739130434782894,0.5205594326079851
30,5,187150,240,48,51.87,0.21,12.2,35.095,0.3134782608695611,0.0012250543996954288,0.09499999999999886,0.012895309470478353,0.07870967741935483,0.17521222410866094,1.052631578947381,0.3966552536948776
30,5,187199,252,54,58.48,0.27,14.09,35.144,0.32947368421052203,0.0016837776868157412,0.09499999999999886,0.017723975650692225,0.09090322580645162,0.2499151103565396,1.3684210526315956,0.25409060408458284
30,5,187245,252,54,64.54,0.34,15.88,35.19,0.3376168682575962,0.0018475467410915645,0.09300000000000352,0.019866093990231124,0.10245161290322581,0.2337842525147328,1.3978494623655384,0.10130515629887697
30,5,187292,252,54,69.83,0.4,17.46,35.237,0.33889506374631795,0.0015932245670135501,0.09300000000000352,0.017131446957134297,0.11264516129032259,0.19216094346166446,0.9677419354838339,-0.022883295194506985
30,5,187338,1,234,73.9,0.43,18.65,35.283,0.33548872180450695,0.0009291907522404372,0.09299999999999642,0.009991298411187882,0.12032258064516128,0.08949011446410325,0.3225806451613024,-0.09634886655629517
30,5,187385,1,234,71.37,0.43,18.75,35.33,0.32993461915658284,-1.604572966745721e-05,0.09299999999999642,-0.0001725347276070734,0.12096774193548387,-0.08255289628859125,-0.43010752688173676,-0.09348565855537162
30,5,187431,1,234,64.98,0.39,17.46,35.376,0.3267945555588577,-0.0010437408653524755,0.09300000000000352,-0.011223020057553074,0.11264516129032259,-0.18591744710370445,-0.9677419354838339,-0.11921139071056411
30,5,187478,58,237,59.36,0.34,16.07,35.423,0.31884795982049996,-0.001950623356875326,0.0940000000000012,-0.020751312307184057,0.1036774193548387,-0.1969800960878494,-1.0638297872340294,-0.22716997691436258
30,5,187525,58,237,54.74,0.29,14.59,35.47,0.30544057772890737,-0.002585756188031283,0.09299999999999642,-0.027803829978832073,0.09412903225806452,-0.1859174471037185,-1.0752688172043428,-0.3540839220325592
30,5,187571,58,237,50.77,0.24,13.39,35.516,0.2859181550714732,-0.0028820048661623563,0.09499999999999886,-0.030336893328025166,0.08638709677419355,-0.1623089983022091,-0.9473684210526426,-0.4822541062454405
30,5,187620,51,255,47.14,0.2,12.2,35.565,0.25962643763559107,-0.002858366355938351,0.09499999999999886,-0.03008806690461458,0.07870967741935483,-0.16842105263158097,-0.8421052631579047,-0.6316524617138929
30,5,187666,51,255,43.39,0.16,10.91,35.611,0.22591117120865412,-0.0026000032402161556,0.09199999999999875,-0.028260904784958598,0.07038709677419355,-0.15988779803646774,-0.7608695652174017,-0.8207427832340901
30,5,187712,51,255,39.43,0.13,9.92,35.657,0.1841181015780558,-0.0022272472408788263,0.09300000000000352,-0.02394889506321228,0.064,-0.15123135622614756,-0.5376344086021302,-0.9926687814780752
30,5,187759,13,237,35.91,0.11,8.73,35.704,0.13359297453118962,-0.0018636442120889276,0.09300000000000352,-0.020039185076224268,0.056322580645161296,-0.14429413805063623,-0.4301075268817042,-1.1874899540064814
30,5,187805,13,237,33.48,0.09,7.84,35.75,0.07368153585544884,-0.0016094362019956697,0.09199999999999875,-0.017493871760822732,0.05058064516129032,-0.10448807854137594,-0.3260869565217436,-1.4115591651409196
30,5,187851,13,237,31.61,0.08,7.24,35.796,0.003729531338226788,0.0,0.0,0.0,0.04670967741935484,0.0,0.0,0.0
