MS,MPT,t (ms),PWMi,PWMe,Pressure (Psi),LW raw(V),Displacement (mm),t_rel(s),LW (V),delta d (m),delta t (s),vel (m/s),strain,strain rate (1/s),dv/dt raw,dv/dt
30,2,44915,74,249,28.09,0.05,5.75,0.0,0.04682100508187466,0.0,0.0,0.0,0.0,0.0,0.0,0.0
30,2,44960,74,249,26.55,0.05,5.36,0.045,0.046250705815923214,-0.0009935123918501363,0.089,-0.011163060582585801,0.03458064516129032,-0.064516129032258,0.0,-0.005489586648149988
30,2,45004,74,249,24.89,0.05,4.86,0.089,0.04633243187018931,-0.0008421977984355164,0.08800000000000001,-0.009570429527676323,0.031354838709677424,-0.05865102639296187,0.0,0.008392117555837124
30,2,45048,45,228,23.57,0.05,4.56,0.133,0.04698921216083688,-0.00058963304026177,0.088,-0.006700375457520114,0.029419354838709676,-0.04325513196480948,-0.11363636363636366,0.020586860611824225
30,2,45092,45,228,23.02,0.04,4.27,0.177,0.04814407560402984,-0.0002593399306607802,0.089,-0.0029139318051773057,0.02754838709677419,-0.02827111272200071,-0.11235955056179778,0.030683583765115194
30,2,45137,45,228,23.02,0.04,4.17,0.222,0.04972005111593213,0.00010842090643218149,0.08900000000000002,0.0012182124318222637,0.026903225806451613,-0.007249003262051422,0.0,0.039281932681773345
30,2,45181,210,27,22.91,0.04,4.17,0.266,0.05164016761270767,0.00045799678014579916,0.088,0.005204508865293172,0.026903225806451613,-0.00733137829912023,0.0,0.04667503289304834
30,2,45225,210,27,23.02,0.04,4.07,0.31,0.05382745401052039,0.0007258704768243511,0.09199999999999997,0.00788989648722121,0.026258064516129033,0.027349228611500697,0.1086956521739131,0.0496170827481146
30,2,45273,210,27,28.97,0.05,4.56,0.358,0.05620493922553421,0.0008545207023063961,0.09200000000000003,0.00928826850333039,0.029419354838709676,0.11781206171107987,0.3260869565217391,0.05291519742818127
30,2,45317,61,238,35.25,0.07,5.75,0.402,0.058695652173913065,0.0008095304060400492,0.08800000000000002,0.009199209159546012,0.037096774193548385,0.10923753665689148,0.34090909090909083,0.05701911984415748
30,2,45361,61,238,35.13,0.08,6.05,0.446,0.06122262177182007,0.0005942079833056662,0.08799999999999997,0.0067523634466553,0.03903225806451613,0.021994134897360736,0.11363636363636362,-0.010030015750848354
30,2,45405,61,238,34.8,0.08,6.05,0.49,0.05781301078783841,0.0002560471525756878,0.08800000000000002,0.002909626733814633,0.03903225806451613,0.0,0.0,-0.08425213230705113
30,2,45449,39,234,34.25,0.08,6.05,0.534,0.05380843412879957,-0.0001177275280804766,0.08899999999999997,-0.001322781214387378,0.03903225806451613,0.0,-0.11235955056179774,-0.06446257314022638
30,2,45494,39,234,33.37,0.07,6.05,0.579,0.052075841778358264,-0.0004148948445118599,0.08899999999999997,-0.004661739825975955,0.03903225806451613,-0.007249003262051427,-0.11235955056179774,-0.003305772981550131
30,2,45538,39,234,32.6,0.07,5.95,0.623,0.05351422033344161,-0.0005208939310269383,0.08800000000000008,-0.0059192492162152026,0.03838709677419355,-0.014662756598240446,0.0,0.10494368331896778
30,2,45582,65,223,32.05,0.07,5.85,0.667,0.06131088591042744,-0.0003465074007043727,0.08799999999999997,-0.003937584098913327,0.03774193548387097,-0.0073313782991202715,-0.11363636363636379,0.2725192427709555
30,2,45626,65,223,31.72,0.06,5.85,0.711,0.07749591369728569,0.0001435290954571764,0.09099999999999997,0.0015772428072217193,0.03774193548387097,0.0,-0.10989010989011003,0.428927071620757
30,2,45673,65,223,31.61,0.06,5.85,0.758,0.10034324942791631,0.0009076055729112217,0.09100000000000008,0.009973687614409022,0.03774193548387097,0.0,0.0,0.5148561801062548
30,2,45717,244,45,31.5,0.06,5.85,0.802,0.12434782608695491,0.0018190840123201958,0.08799999999999997,0.020671409230911323,0.03774193548387097,0.0,0.0,0.5425495557074438
30,2,45761,244,45,32.27,0.06,5.85,0.846,0.14808761033017134,0.0026817338477803203,0.08799999999999997,0.030474248270230923,0.03774193548387097,0.11656891495601178,0.4545454545454548,0.5360114713661557
30,2,45805,244,45,42.4,0.1,7.44,0.89,0.1715168355671766,0.003272034836148124,0.08800000000000008,0.037182214047137736,0.048,0.3277126099706742,1.3636363636363624,0.49462836934232124
30,2,45849,236,61,51.87,0.18,10.32,0.934,0.19161490683229565,0.0034008369798344466,0.08799999999999997,0.038645874770846,0.06658064516129032,0.3856304985337244,1.704545454545455,0.39276798716157485
30,2,45893,236,61,58.48,0.25,12.7,0.978,0.20608041843739516,0.002975563144383015,0.08799999999999997,0.033813217549807005,0.08193548387096773,0.2983870967741937,1.3636363636363642,0.25554251240749754
30,2,45937,236,61,63.0,0.3,14.39,1.022,0.21410264792415543,0.0020396679378123484,0.08899999999999997,0.02291761727879044,0.09283870967741936,0.2160202972091339,1.1235955056179776,0.1231216781572873
30,2,45982,21,255,66.3,0.35,15.68,1.067,0.21703824779339373,0.0007723926348918884,0.08899999999999997,0.008678568931369536,0.10116129032258064,0.09351214208046388,0.44943820224719155,0.02813580115408189
30,2,46026,21,255,63.33,0.34,15.68,1.111,0.2166067342268687,-0.0005538529755475227,0.09000000000000008,-0.006153921950528025,0.10116129032258064,-0.09964157706093182,-0.7777777777777766,-0.029711961062074816
30,2,46072,21,255,55.95,0.28,14.29,1.157,0.214364171297807,-0.0016456663254121081,0.09000000000000008,-0.018285181393467853,0.09219354838709677,-0.24946236559139767,-1.5555555555555542,-0.06795975445860926
30,2,46116,3,223,48.57,0.2,12.2,1.201,0.21049035632559387,-0.002267102082815935,0.08800000000000008,-0.025762523668362874,0.07870967741935483,-0.2551319648093838,-1.3636363636363626,-0.09966863799815646
30,2,46160,3,223,44.72,0.16,10.81,1.245,0.20559333115396922,-0.00229948186492884,0.08799999999999986,-0.026130475737827768,0.06974193548387098,-0.17448680351906176,-0.7954545454545469,-0.11712829504591384
30,2,46204,3,223,41.96,0.13,9.82,1.289,0.20018306636155347,-0.0017653188935874446,0.08899999999999997,-0.01983504374817354,0.06335483870967742,-0.12903225806451632,-0.6741573033707867,-0.1262070662734009
30,2,46249,238,69,39.65,0.1,9.03,1.334,0.19436090225563654,-0.0008122510879442402,0.09000000000000008,-0.009025012088269327,0.05825806451612903,-0.07096774193548384,-0.33333333333333304,-0.10312011913842441
30,2,46294,238,69,39.87,0.1,8.83,1.379,0.19090225563909527,0.0003346081551968947,0.08899999999999997,0.003759642193223537,0.05696774193548387,0.04276911924610365,0.33707865168539336,0.002828272439771094
30,2,46338,238,69,46.15,0.13,9.62,1.423,0.19461261850277617,0.0014356122820505526,0.08800000000000008,0.016313775932392627,0.06206451612903225,0.2038123167155422,1.0227272727272718,0.1774569823768884
30,2,46382,233,26,53.42,0.19,11.61,1.467,0.20651847008826146,0.0022958373132535587,0.08799999999999986,0.026089060377881394,0.0749032258064516,0.27639296187683343,1.250000000000002,0.38923890754553914
30,2,46426,233,26,58.81,0.24,13.39,1.511,0.22886564236678356,0.0028038521154597883,0.08999999999999986,0.031153912393997698,0.08638709677419355,0.22007168458781404,1.1111111111111127,0.6255857033889001
30,2,46472,233,26,62.67,0.29,14.68,1.557,0.2628211833932624,0.002940505465054185,0.09100000000000019,0.03231324686872724,0.09470967741935483,0.16235377525700065,0.9890109890109872,0.8112972349650883
30,2,46517,242,26,65.64,0.33,15.68,1.602,0.30269369074860675,0.002759279553471808,0.08899999999999997,0.031003141050245046,0.10116129032258064,0.1370061616527729,0.7865168539325846,0.8810986920158123
30,2,46561,242,26,68.28,0.36,16.57,1.646,0.34123896698266964,0.002349986021997891,0.08799999999999986,0.026704386613612442,0.10690322580645162,0.12316715542522019,0.6818181818181829,0.7934113940978833
30,2,46605,242,26,70.82,0.39,17.36,1.69,0.37251389342922037,0.0018019573878040624,0.08800000000000008,0.02047678849777342,0.112,0.10190615835777118,0.5681818181818176,0.6167716722636547
30,2,46649,225,0,72.91,0.41,17.96,1.734,0.3955148741418713,0.0011799792342668488,0.08800000000000008,0.013408854934850542,0.11587096774193549,0.07331378299120216,0.3409090909090903,0.4120479063270774
30,2,46693,225,0,73.68,0.42,18.36,1.778,0.4087741091860032,0.0005187058892817654,0.08800000000000008,0.0058943851054746015,0.1184516129032258,0.0432551319648094,0.22727272727272727,0.16126036434960672
30,2,46737,225,0,74.12,0.43,18.55,1.822,0.4097057862046367,-0.00016679416612537068,0.08800000000000008,-0.0018953882514246652,0.11967741935483872,0.028592375366569032,0.11363636363636363,-0.12036018901007381
30,2,46781,40,234,74.56,0.43,18.75,1.866,0.3981824125531167,-0.0008625131115015776,0.08799999999999986,-0.009801285357972488,0.12096774193548387,0.014662756598240404,0.0,-0.37902315076227683
30,2,46825,40,234,72.03,0.43,18.75,1.91,0.3763517489375564,-0.0015391379367976406,0.08899999999999997,-0.017293684683119565,0.12096774193548387,-0.09351214208046388,-0.44943820224719094,-0.5786571950148863
30,2,46870,40,234,65.97,0.39,17.46,1.955,0.34668192219679184,-0.002145655267927859,0.09099999999999997,-0.023578629317888566,0.11264516129032259,-0.19709322935129395,-1.098901098901099,-0.7151299174836192
30,2,46916,64,243,60.13,0.33,15.97,2.001,0.3112749264465471,-0.002615130284974038,0.08999999999999986,-0.029057003166378246,0.10303225806451613,-0.21290322580645205,-1.3333333333333355,-0.8109767171551979
30,2,46960,64,243,55.07,0.27,14.49,2.045,0.27369401765282414,-0.0028790220209321048,0.08800000000000008,-0.03271615932877389,0.09348387096774194,-0.21774193548387072,-1.2499999999999991,-0.8422241374186332
30,2,47004,64,243,50.44,0.22,13.0,2.089,0.2371592023537073,-0.002883638688132509,0.08800000000000008,-0.03276862145605121,0.08387096774193549,-0.2111436950146627,-1.022727272727272,-0.7960117685518028
30,2,47048,31,234,46.59,0.18,11.61,2.133,0.20364498202026543,-0.0026034253254248654,0.08899999999999997,-0.029251969948594005,0.0749032258064516,-0.17977528089887662,-0.7865168539325846,-0.6848092385335506
30,2,47093,31,234,43.5,0.15,10.52,2.178,0.17621118012422132,-0.002048619761889192,0.08899999999999997,-0.023018199571788685,0.06787096774193548,-0.1370061616527726,-0.6741573033707867,-0.5277850219099223
30,2,47137,31,234,40.97,0.12,9.72,2.222,0.15667211507028236,-0.0012669461364216835,0.08800000000000008,-0.014397115186610028,0.06270967741935485,-0.10190615835777103,-0.5681818181818176,-0.34789295372818946
30,2,47181,227,18,38.66,0.1,9.13,2.266,0.14559660019614062,-0.0003395867889821442,0.08800000000000008,-0.003858940783887999,0.05890322580645162,-0.05791788856304993,-0.22727272727272696,-0.14309489137864267
30,2,47225,227,18,38.99,0.1,8.93,2.31,0.1440797646289618,0.0006285703245287256,0.08800000000000008,0.0071428445969173296,0.05761290322580645,0.007331378299120184,0.11363636363636348,0.08232042556985232
30,2,47269,227,18,43.61,0.11,9.23,2.354,0.15284079764628763,0.0015240431811966674,0.08999999999999986,0.01693381312440744,0.059548387096774194,0.14193548387096802,0.5555555555555564,0.32512440521593516
30,2,47315,234,68,49.67,0.15,10.91,2.4,0.17334096109839592,0.002242990470059784,0.09200000000000008,0.024380331196301976,0.07038709677419355,0.2293127629733518,0.9782608695652166,0.554955441533884
30,2,47361,234,68,54.96,0.2,12.5,2.446,0.203896698267405,0.0027078942335118333,0.0900000000000003,0.030087713705686935,0.08064516129032258,0.21362007168458705,1.1111111111111074,0.7557299044713105
30,2,47405,234,68,59.58,0.25,13.89,2.49,0.2413566525008141,0.0028775364896233436,0.08799999999999963,0.03269927829117449,0.08961290322580645,0.1891495601173028,1.0227272727272767,0.8385836131831483
30,2,47449,237,35,63.0,0.29,15.08,2.534,0.27769205622752174,0.0027481299097510447,0.08799999999999963,0.031228748974443818,0.09729032258064516,0.15982404692082175,0.9090909090909131,0.7603123421201163
30,2,47493,237,35,65.97,0.33,16.07,2.578,0.30826413860738405,0.0023482260006613435,0.08800000000000008,0.026684386371151607,0.1036774193548387,0.13123167155425222,0.7954545454545449,0.6224553478557963
30,2,47537,237,35,68.5,0.36,16.87,2.622,0.33246812683883187,0.0017328142994266712,0.08800000000000008,0.019691071584393975,0.10883870967741936,0.10190615835777134,0.5681818181818176,0.469330440726315
30,2,47581,238,0,70.49,0.38,17.46,2.666,0.3495652173912998,0.0009806217165578878,0.08800000000000008,0.011143428597248714,0.11264516129032259,0.07991202346041047,0.45454545454545453,0.3292817022794099
30,2,47625,238,0,72.14,0.4,17.96,2.71,0.36144491663941997,0.00019393883135589718,0.08899999999999997,0.0021790879927628902,0.11587096774193549,0.07176513229430943,0.44943820224719094,0.2196502492185492
30,2,47670,238,0,73.68,0.42,18.45,2.755,0.3691140895717507,-0.0005046811460709151,0.09100000000000019,-0.005545946660119935,0.11903225806451613,0.06309819213045013,0.32967032967032867,0.13227047551990123
30,2,47716,61,246,75.11,0.43,18.85,2.801,0.373481529911731,-0.0009864182964636186,0.0900000000000003,-0.01096020329404017,0.12161290322580647,0.021505376344085975,0.0,0.08909956049543978
30,2,47760,61,246,71.7,0.42,18.75,2.845,0.3771330500163403,-0.001144827755293914,0.08799999999999963,-0.013009406310158168,0.12096774193548387,-0.13049853372434086,-0.6818181818181847,0.11137032304080242
30,2,47804,61,246,63.99,0.37,17.07,2.889,0.3832821183393216,-0.0009340108507779412,0.08799999999999963,-0.010613759667931195,0.11012903225806452,-0.2617302052785935,-1.4772727272727335,0.13072453861927408
30,2,47848,245,11,56.61,0.29,15.18,2.933,0.38863680941483636,-0.0004009792424150973,0.08900000000000041,-0.004505384746237027,0.09793548387096775,-0.17325117796302933,-1.123595505617972,0.09039452563994115
30,2,47893,245,11,56.83,0.27,14.68,2.978,0.3913272311212764,0.0003069890567886446,0.08899999999999997,0.003449315244816233,0.09470967741935483,0.007249003262051427,0.11235955056179789,0.01704309626043594
30,2,47937,245,11,60.9,0.3,15.28,3.022,0.39015364498201516,0.0009714801717333294,0.08799999999999963,0.011039547406060607,0.09858064516129032,0.14589442815249348,0.7954545454545489,-0.0773425659009178
30,2,47981,255,62,66.41,0.34,16.67,3.066,0.38452108532199564,0.0013635228102940574,0.08800000000000008,0.015494577389705184,0.10754838709677421,0.1964809384164222,1.1363636363636358,-0.17296204939225213
30,2,48025,255,62,71.92,0.4,17.96,3.11,0.37493298463549696,0.0013149746308715499,0.08800000000000008,0.014942893532631235,0.11587096774193549,0.18181818181818135,1.0227272727272714,-0.25918303664298636
30,2,48069,255,62,76.54,0.43,19.15,3.154,0.3617129780974128,0.0007742358655451014,0.09100000000000019,0.008508086434561536,0.12354838709677418,0.147465437788018,0.4395604395604384,-0.3316102008485092
30,2,48116,32,252,80.18,0.44,20.04,3.201,0.34475645635828256,-0.00017429136507914934,0.09100000000000019,-0.0019152897261444943,0.12929032258064516,0.04891882311237156,0.10989010989010975,-0.40047562767405315
30,2,48160,32,252,75.44,0.44,19.84,3.245,0.3252696959790739,-0.001333849451202262,0.08800000000000008,-0.015157380127298418,0.128,-0.16715542521994098,-0.5681818181818176,-0.4702591458884304
30,2,48204,32,252,65.2,0.39,17.76,3.289,0.30337365152010065,-0.002453122328541907,0.08800000000000008,-0.027876390097067102,0.11458064516129034,-0.3343108504398824,-1.7045454545454533,-0.5053270528098834
30,2,48248,56,229,55.73,0.29,15.28,3.333,0.2808009153318041,-0.003297114005968281,0.08799999999999963,-0.03746720461327607,0.09858064516129032,-0.3343108504398843,-1.93181818181819,-0.5378688816903872
30,2,48292,56,229,49.56,0.22,13.2,3.377,0.2560411899313468,-0.003706748771167371,0.08799999999999963,-0.04212214512690212,0.08516129032258064,-0.2690615835777138,-1.3636363636363689,-0.6257243900264442
30,2,48336,56,229,45.6,0.17,11.61,3.421,0.22573716900947727,-0.0036300893876379412,0.08800000000000008,-0.04125101576861293,0.0749032258064516,-0.21114369501466254,-1.0227272727272718,-0.7281419953044566
30,2,48380,51,249,42.18,0.13,10.32,3.465,0.19196469434455454,-0.0031215038842731372,0.08899999999999997,-0.035073077351383576,0.06658064516129032,-0.1725262776368249,-0.6741573033707869,-0.7455252689613532
30,2,48425,51,249,38.55,0.11,9.23,3.51,0.15938542007191686,-0.002316646721462133,0.0900000000000003,-0.025740519127356948,0.059548387096774194,-0.1491039426523292,-0.44444444444444303,-0.6943808797355595
30,2,48470,51,249,34.91,0.09,8.24,3.555,0.12947041516835398,-0.001395244823030497,0.09100000000000019,-0.015332360692642792,0.05316129032258065,-0.14817440623892209,-0.43956043956043855,-0.5989172644942415
30,2,48516,220,43,31.72,0.07,7.14,3.601,0.10488394900294076,-0.0005411264091485384,0.08999999999999986,-0.006012515657205991,0.04606451612903226,-0.0924731182795701,-0.22222222222222246,-0.47818822418364193
30,2,48560,220,43,32.05,0.07,6.95,3.645,0.08643347499182627,9.523905566772495e-05,0.08800000000000008,0.001082261996224146,0.044838709677419354,0.014662756598240446,0.11363636363636348,-0.36654135338345356
30,2,48604,220,43,37.45,0.08,7.34,3.689,0.07262830990519682,0.00042763377913134713,0.08800000000000008,0.004859474762856213,0.04735483870967742,0.13782991202346032,0.4545454545454541,-0.21051888614817388
30,2,48648,70,244,43.39,0.11,8.83,3.733,0.06790781301078695,0.0004523174946379944,0.08899999999999997,0.005082219040876344,0.05696774193548387,0.12975715839072138,0.4494382022471911,-0.020605984918328712
30,2,48693,70,244,43.28,0.12,9.13,3.778,0.07079437724746557,0.00024625087252567643,0.08899999999999997,0.0027668637362435566,0.05890322580645162,0.007249003262051427,0.0,0.08921913969094589
30,2,48737,70,244,41.19,0.11,8.93,3.822,0.07584831644328113,-5.813781020590802e-05,0.08800000000000008,-0.0006606569341580451,0.05761290322580645,-0.036656891495601154,-0.3409090909090906,0.11463936521144608
30,2,48781,15,255,38.66,0.09,8.63,3.866,0.08088264138607283,-0.00031637031340166287,0.08800000000000008,-0.003595117197746166,0.05567741935483871,-0.07258064516129022,-0.3409090909090906,0.10906713423875758
30,2,48825,15,255,36.02,0.08,7.94,3.91,0.08544622425629181,-0.0004197309318271794,0.08800000000000008,-0.004769669679854307,0.051225806451612906,-0.10190615835777118,-0.3409090909090906,0.08930428838895528
30,2,48869,15,255,33.15,0.06,7.24,3.954,0.0887414187643009,-0.0003305560503981804,0.08999999999999986,-0.0036728450044242324,0.04670967741935484,-0.09964157706093207,-0.33333333333333387,0.05680868838763496
30,2,48915,229,63,30.51,0.05,6.55,4.0,0.09055900621117895,-9.186679325619629e-05,0.08999999999999941,-0.0010207421472910765,0.04225806451612903,-0.06379928315412235,0.0,0.01852457230031591
30,2,48959,229,63,30.84,0.06,6.35,4.044,0.09040863027132932,0.0001927096335905629,0.08900000000000041,0.0021652767819164273,0.040967741935483866,0.04276911924610344,0.2247191011235945,-0.025454451957935508
30,2,49004,229,63,38.0,0.07,7.14,4.089,0.08829355998692268,0.0004013296341768404,0.08900000000000041,0.004509321732324029,0.04606451612903226,0.19427328742297845,0.6741573033707834,-0.06607872882009495
30,2,49048,46,255,45.49,0.12,9.03,4.133,0.08452762340634085,0.0004415222218495067,0.08799999999999919,0.005017297975562622,0.05825806451612903,0.16788856304985492,0.6818181818181881,-0.0929819608309307
30,2,49092,46,255,45.16,0.13,9.43,4.177,0.08011114743380085,0.0002830536196800111,0.08800000000000008,0.0032165184054546688,0.060838709677419354,0.0,-0.11363636363636348,-0.08187464709203732
30,2,49136,46,255,41.3,0.11,9.03,4.221,0.07732265446224156,-3.6716640220175735e-05,0.08800000000000008,-0.00041723454795654206,0.05825806451612903,-0.08724340175953066,-0.5681818181818177,-0.05107878391631188
30,2,49180,50,236,37.45,0.08,8.24,4.265,0.0756162144491654,-0.00043388559758417687,0.08800000000000008,-0.004930518154365642,0.05316129032258065,-0.10923753665689137,-0.4545454545454541,-0.033767719694492625
30,2,49224,50,236,35.13,0.07,7.54,4.309,0.0743510951291262,-0.0008123369524436636,0.08800000000000008,-0.009231101732314352,0.04864516129032258,-0.08797653958944275,-0.22727272727272713,-0.05152456239412672
30,2,49268,50,236,33.15,0.06,7.04,4.353,0.07108205295848224,-0.0010951130634820957,0.09100000000000019,-0.012034209488814212,0.04541935483870968,-0.07018787663948935,-0.21978021978021936,-0.0797861830879145
30,2,49315,34,255,31.28,0.05,6.55,4.4,0.06709055246812597,-0.001242203835025082,0.09100000000000019,-0.01365059159368219,0.04225806451612903,-0.07018787663948943,-0.1098901098901096,-0.10791431517158717
30,2,49359,34,255,29.19,0.05,6.05,4.444,0.06126185027786779,-0.0012527424900479112,0.08800000000000008,-0.014235710114180795,0.03903225806451613,-0.07991202346041047,0.0,-0.1438007073018494
30,2,49403,34,255,27.21,0.05,5.46,4.488,0.054436090225563206,-0.0011557763846469858,0.08800000000000008,-0.013133822552806644,0.035225806451612905,-0.07991202346041047,-0.11363636363636356,-0.15936580581889292
30,2,49447,45,250,25.44,0.04,4.96,4.532,0.0472376593658052,-0.0009957955002752846,0.08799999999999919,-0.011315857957673793,0.032,-0.06598240469208275,-0.1136363636363647,-0.16282058902196148
30,2,49491,45,250,23.9,0.04,4.56,4.576,0.04010787839163073,-0.0008183197866329745,0.08999999999999986,-0.009092442073699731,0.029419354838709676,-0.04946236559139797,0.0,-0.11230975990701259
30,2,49537,45,250,22.58,0.04,4.27,4.622,0.03712978097417408,-0.0006589717649808678,0.09000000000000075,-0.007321908499787359,0.02754838709677419,-0.04229390681003547,0.0,-0.037811921107114746
30,2,49581,12,249,21.37,0.04,3.97,4.666,0.03670480549199037,-0.000537649939488618,0.08800000000000008,-0.006109658403279745,0.025612903225806453,-0.04398826979472134,0.0,-0.003789117061428195
30,2,49625,12,249,20.38,0.04,3.67,4.71,0.0367963386727684,-0.0004579048839147326,0.08799999999999919,-0.005203464589940191,0.02367741935483871,-0.03665689149560152,-0.1136363636363647,-0.007132455645041463
30,2,49669,12,249,19.5,0.03,3.47,4.754,0.03607714939522673,-0.0004104669357513084,0.08999999999999986,-0.004560743730570101,0.022387096774193548,-0.028673835125448053,0.0,-0.014565399004758063
30,2,49715,34,255,18.62,0.04,3.27,4.8,0.03548545276234018,-0.00037923768080539767,0.09700000000000042,-0.003909666812426763,0.021096774193548388,-0.025939474559361363,0.10309278350515422,-0.013076168682575764
30,2,49766,34,255,17.73,0.04,3.08,4.851,0.034808761033016875,-0.0003479552624713853,0.09499999999999975,-0.0036626869733830127,0.019870967741935485,-0.026485568760611297,0.0,-0.017721649661912035
30,2,49810,34,255,16.96,0.04,2.88,4.895,0.03380189604445854,-0.00030595192444496844,0.08800000000000008,-0.0034767264141473656,0.01858064516129032,-0.029325513196480933,-0.11363636363636356,-0.01953995661089449
30,2,49854,78,244,16.19,0.03,2.68,4.939,0.03308924485125816,-0.0002517333107631128,0.08800000000000008,-0.0028606058041262795,0.01729032258064516,-0.02199413489736067,-0.11363636363636356,-0.012110315313976537
30,2,49898,78,244,15.86,0.03,2.58,4.983,0.0327361882968286,-0.00019353143630382964,0.08800000000000008,-0.0021992208670889714,0.01664516129032258,-0.014662756598240446,0.0,-0.013447650747421769
30,2,49942,78,244,15.64,0.03,2.48,5.027,0.03190585158548504,-0.0001465956308944274,0.08800000000000008,-0.001665859441982128,0.016,-0.014662756598240467,0.0,-0.01757110166721125
30,2,49986,34,253,15.42,0.03,2.38,5.071,0.03118993135011401,-0.00012772245424959828,0.08800000000000008,-0.0014513915255636156,0.015354838709677418,-0.007331378299120243,0.0,-0.027303931766173965
30,2,50030,34,253,15.09,0.03,2.38,5.115,0.02950310559006173,-0.00014820352478164177,0.08900000000000041,-0.0016652081436139448,0.015354838709677418,-0.0072490032620514296,0.0,-0.05403102284289036
30,2,50075,34,253,14.65,0.03,2.28,5.16,0.026381170317096747,-0.00020684583372989617,0.09100000000000019,-0.002273031139888964,0.014709677419354838,-0.021269053527117984,0.0,-0.07109268632642184
30,2,50121,39,221,14.32,0.03,2.08,5.206,0.02303367113435733,-0.00028495548372029547,0.08999999999999986,-0.0031661720413366213,0.013419354838709678,-0.014336917562724026,0.0,-0.08114489121354025
30,2,50165,39,221,14.32,0.03,2.08,5.25,0.019078130107878136,-0.0003452109363810729,0.08799999999999919,-0.003922851549784956,0.013419354838709678,0.0,0.0,-0.053567713750779955
30,2,50209,39,221,14.32,0.03,2.08,5.294,0.018319712324288737,-0.0003361398778529625,0.08800000000000008,-0.003819771339238207,0.013419354838709678,0.0,0.0,0.01177598145561517
30,2,50253,20,233,14.43,0.03,2.08,5.338,0.02011441647597227,-0.00020309710216622623,0.08800000000000008,-0.002307921615525296,0.013419354838709678,0.0,0.0,0.08395494665517426
30,2,50297,20,233,14.43,0.03,2.08,5.382,0.02570774762994408,9.527875822155285e-05,0.08800000000000008,0.0010827131616085541,0.013419354838709678,0.0,0.0,0.16282058902195976
30,2,50341,20,233,14.32,0.03,2.08,5.426,0.034442628309904744,0.0005690916349828394,0.08800000000000008,0.0064669503975322605,0.013419354838709678,-0.007331378299120243,0.0,0.24187197242116826
30,2,50385,229,47,14.43,0.03,1.98,5.47,0.046992481203006906,0.001184410782355178,0.08800000000000008,0.013459213435854283,0.012774193548387096,-0.007331378299120243,0.0,0.3351139706974901
30,2,50429,229,47,16.41,0.03,1.98,5.514,0.0639326577312839,0.0018628974253348952,0.08800000000000008,0.021169288924260152,0.012774193548387096,0.09457478005865096,0.22727272727272713,0.4367886118458138
30,2,50473,229,47,27.32,0.05,3.27,5.558,0.08542987904543856,0.0024975030788058957,0.08599999999999941,0.029040733474487358,0.021096774193548388,0.2685671417854482,0.697674418604656,0.5374913522430916
30,2,50515,221,15,37.78,0.09,5.56,5.6,0.11015691402418946,0.002980743513740786,0.08800000000000008,0.033872085383417995,0.03587096774193548,0.32038123167155397,0.9090909090909083,0.5931082647329708
30,2,50561,221,15,44.61,0.13,7.64,5.646,0.13762340634194004,0.003235069259567295,0.09000000000000075,0.03594521399519187,0.04929032258064516,0.2630824372759835,0.9999999999999917,0.6408412335185654
30,2,50605,221,15,49.23,0.18,9.23,5.69,0.16783262504086083,0.0032331608116451605,0.08800000000000008,0.03674046376869497,0.059548387096774194,0.21114369501466249,0.9090909090909082,0.7071532586406627
30,2,50649,233,0,52.54,0.21,10.52,5.734,0.1998528931023184,0.0030012246422970678,0.08799999999999919,0.03410482548064881,0.06787096774193548,0.1818181818181835,0.7954545454545529,0.7373547505126424
30,2,50693,233,0,55.95,0.25,11.71,5.778,0.23271984308597277,0.002606685828694886,0.08800000000000008,0.029621429871532767,0.0755483870967742,0.17448680351906148,0.7954545454545452,0.7389149751849879
30,2,50737,233,0,58.81,0.28,12.9,5.822,0.2648774109185974,0.002137371560636975,0.08800000000000008,0.024288313189056512,0.0832258064516129,0.15982404692082094,0.6818181818181812,0.7273247347617957
30,2,50781,224,57,61.35,0.31,13.89,5.866,0.29672441974501085,0.0016799548206834203,0.08800000000000008,0.019090395689584306,0.08961290322580645,0.1239002932551319,0.6818181818181812,0.7042928467413503
30,2,50825,224,57,62.89,0.34,14.59,5.91,0.3268551814318363,0.0013028645975299415,0.08800000000000008,0.014805279517385686,0.09412903225806452,0.08724340175953066,0.5681818181818176,0.642961157835291
30,2,50869,224,57,64.1,0.36,15.08,5.954,0.3533050016345165,0.0010460082580640631,0.09100000000000019,0.011494596242462208,0.09729032258064516,0.06309819213045013,0.32967032967032867,0.5349733626948318
30,2,50916,233,62,65.2,0.37,15.48,6.001,0.3755377574370661,0.0009178474018407421,0.09100000000000019,0.010086235185063078,0.09987096774193549,0.06309819213045013,0.3296703296703293,0.4401711397461571
30,2,50960,233,62,66.63,0.39,15.97,6.045,0.3933605753514169,0.0008992706348866655,0.08800000000000008,0.010218984487348462,0.10303225806451613,0.07258064516129013,0.4545454545454539,0.3775372225028918
30,2,51004,233,62,68.06,0.41,16.47,6.089,0.4087610330173206,0.0009526901696009667,0.08800000000000008,0.01082602465455643,0.10625806451612903,0.07331378299120216,0.3409090909090903,0.3235980266872677
30,2,51048,247,10,69.38,0.42,16.97,6.133,0.42183720169989647,0.0010338725168308222,0.08799999999999919,0.011748551327623088,0.10948387096774193,0.07258064516129119,0.22727272727272957,0.28362655650985114
30,2,51092,247,10,71.48,0.43,17.46,6.177,0.43372016999018725,0.0011035719124727699,0.08800000000000008,0.012540589914463282,0.11264516129032259,0.09457478005865116,0.22727272727272727,0.24436090225563517
30,2,51136,247,10,74.12,0.44,18.26,6.221,0.4433409610983924,0.0011362001915944475,0.08900000000000041,0.012766294287578002,0.11780645161290323,0.10801014860456619,0.337078651685392,0.2025704221472057
30,2,51181,243,82,76.43,0.46,18.95,6.266,0.45174893756128864,0.001123469919571299,0.08899999999999952,0.01262325752327309,0.12225806451612903,0.08626313881841288,0.22471910112359691,0.17215731071694673
30,2,51225,243,82,78.08,0.46,19.45,6.31,0.45866296175220056,0.0010722718795238891,0.08800000000000008,0.012184907721862365,0.12548387096774194,0.06524926686217011,0.0,0.14443222681208717
30,2,51269,243,82,79.63,0.46,19.84,6.354,0.4644589735207523,0.0009979678047089208,0.09000000000000075,0.011088531163432362,0.128,0.04946236559139729,0.11111111111110968,0.12164469143873959
30,2,51315,255,50,80.84,0.47,20.14,6.4,0.4696109839816872,0.0009160729418677036,0.08999999999999986,0.0101785882429745,0.12993548387096773,0.050179211469534135,0.11111111111111077,0.09745377937597484
30,2,51359,255,50,82.6,0.47,20.54,6.444,0.47322981366459005,0.0008358272568875407,0.08899999999999952,0.009391317493118485,0.13251612903225807,0.06451612903225849,0.11235955056179846,0.0733146985686001
30,2,51404,255,50,84.47,0.48,21.03,6.489,0.4761359921542926,0.0007579493903817394,0.08900000000000041,0.008516285285188043,0.1356774193548387,0.06451612903225784,0.11235955056179733,0.05711641095900439
30,2,51448,252,22,86.12,0.48,21.43,6.533,0.47831317423994146,0.0006767196335668082,0.08800000000000008,0.00768999583598645,0.13825806451612904,0.051319648093841604,0.0,0.03930280246069624
30,2,51492,252,22,87.34,0.48,21.73,6.577,0.47959463877083386,0.0005847877426576602,0.08800000000000008,0.006645315257473406,0.14019354838709677,0.04398826979472142,0.0,0.030127195459002235
30,2,51536,252,22,88.33,0.48,22.03,6.621,0.48096436744033366,0.0004785027322336859,0.08800000000000008,0.005437531048110063,0.14212903225806453,0.035923753665689055,0.0,0.023551962911230972
30,2,51580,248,49,89.21,0.48,22.22,6.665,0.4816672115070222,0.0003618823445273378,0.08799999999999919,0.004112299369628877,0.1433548387096774,0.028592375366569164,0.0,0.010438646022170438
30,2,51624,248,49,89.98,0.48,22.42,6.709,0.48188296829028465,0.0002479334168934244,0.08800000000000008,0.0028174251919707294,0.1446451612903226,0.02932551319648105,0.0,0.005683675592141582
30,2,51668,248,49,90.53,0.48,22.62,6.753,0.48216737495913065,0.00015656998162722147,0.09200000000000053,0.0017018476263828324,0.14593548387096775,0.0210378681626926,0.0,0.009593928109498993
30,2,51716,231,40,90.97,0.48,22.72,6.801,0.48276560967635856,0.00010898919920195738,0.09199999999999964,0.0011846652087169327,0.14658064516129032,0.007012622720897601,0.0,0.0058984891339887244
30,2,51760,231,40,91.08,0.48,22.72,6.845,0.4827100359594576,0.00011929762994118676,0.08800000000000008,0.0013556548856953029,0.14658064516129032,0.007331378299120184,0.11363636363636363,0.019874290469254593
30,2,51804,231,40,90.75,0.49,22.82,6.889,0.48451454723765297,0.00018537422616194023,0.08800000000000008,0.0021065252972947736,0.1472258064516129,0.007331378299120184,0.0,0.04483788522690017
30,2,51848,247,8,90.53,0.48,22.82,6.933,0.4866557698594248,0.0002819859101724411,0.08800000000000008,0.003204385342868646,0.1472258064516129,0.0,-0.11363636363636363,0.08466076257838197
30,2,51892,247,8,90.53,0.48,22.82,6.977,0.4919646943445506,0.0003595145712439418,0.08800000000000008,0.0040853928550447895,0.1472258064516129,0.0,0.11363636363636363,0.12429789889743918
30,2,51936,247,8,90.75,0.49,22.82,7.021,0.4975939849623995,0.0003509225788047914,0.08800000000000008,0.003987756577327172,0.1472258064516129,0.007331378299120499,0.0,0.07043299949478392
30,2,51980,231,35,90.86,0.48,22.92,7.065,0.4981627983000916,0.00018757933824316097,0.08900000000000041,0.002107633013968091,0.1478709677419355,0.007249003262051703,-0.11235955056179733,-0.05553698609004042
30,2,52025,231,35,90.86,0.48,22.92,7.11,0.49265119320038586,-0.00017853738096950167,0.08899999999999952,-0.0020060379884213777,0.1478709677419355,0.0,0.0,-0.1959221453732021
30,2,52069,231,35,90.75,0.48,22.92,7.154,0.4807257273618767,-0.0007521652718231699,0.08999999999999986,-0.008357391909146345,0.1478709677419355,0.0,0.11111111111111138,-0.3330790744978347
30,2,52115,53,237,90.53,0.49,22.92,7.2,0.4626740764955808,-0.0014798144684725826,0.08999999999999986,-0.016442382983028723,0.1478709677419355,-0.02867383512544821,0.0,-0.4536340852130278
30,2,52159,53,237,84.8,0.48,22.52,7.244,0.43989865969270425,-0.0022503302102226323,0.08800000000000008,-0.025571934207075344,0.14529032258064517,-0.14516129032258057,-0.11363636363636363,-0.5342655056613794
30,2,52203,53,237,75.0,0.48,20.94,7.288,0.41565871199737936,-0.0029145209948601225,0.08800000000000008,-0.03311955675977409,0.1350967741935484,-0.25439882697947197,-0.3409090909090903,-0.5584861362893316
30,2,52247,16,245,66.74,0.45,19.05,7.332,0.390751879699243,-0.0033202773801959324,0.08899999999999952,-0.03730648741793202,0.12290322580645162,-0.28053642624139347,-0.67415730337079,-0.5268667516372713
30,2,52292,16,245,59.58,0.42,17.07,7.377,0.3687675711016625,-0.003352746414380027,0.08900000000000041,-0.0376713080267417,0.11012903225806452,-0.29503443276549346,-1.2359550561797694,-0.46806072337658167
30,2,52336,16,245,53.53,0.34,14.98,7.421,0.34909447531872706,-0.0029662549388093707,0.08800000000000008,-0.03370744248647009,0.09664516129032258,-0.2837243401759528,-1.8181818181818163,-0.3932509138458746
30,2,52380,222,76,48.57,0.26,13.2,7.465,0.3341614906832255,-0.0021973603032931894,0.08800000000000008,-0.024970003446513494,0.08516129032258064,-0.16715542521994128,-1.1363636363636358,-0.28087758922998785
30,2,52424,222,76,48.9,0.24,12.7,7.509,0.3243772474664881,-0.001155378087937324,0.08800000000000008,-0.013129296453833214,0.08193548387096773,-0.03665689149560123,-0.22727272727272727,-0.1694701179827016
30,2,52468,222,76,50.44,0.24,12.7,7.553,0.31924812030074773,4.9884011929215435e-06,0.0909999999999993,5.4817595526610786e-05,0.08193548387096773,0.056008507621411394,0.21978021978022166,-0.055070787336233426
30,2,52515,234,25,53.75,0.26,13.49,7.6,0.3193658058188909,0.001118252731610598,0.09100000000000019,0.01228849155616039,0.08703225806451613,0.1269053527118042,0.6593406593406579,0.07903178874084278
30,2,52559,234,25,58.15,0.3,14.49,7.644,0.32644001307616444,0.0020383032871857942,0.08800000000000008,0.023162537354384005,0.09348387096774194,0.16055718475073297,1.0227272727272714,0.2843323724330546
30,2,52603,234,25,62.23,0.35,15.68,7.688,0.34438705459299973,0.002656752183043693,0.08800000000000008,0.030190365716405577,0.10116129032258064,0.1598240469208211,0.9090909090909085,0.44328954798061704
30,2,52647,255,50,65.42,0.38,16.67,7.732,0.36544949329845877,0.002909113867968973,0.08800000000000008,0.03305811213601102,0.10754838709677421,0.15249266862170094,0.7954545454545449,0.48612143005735076
30,2,52691,255,50,69.94,0.42,17.76,7.776,0.38716574043804663,0.002774111855133672,0.08899999999999952,0.031169796125097602,0.11458064516129034,0.17252627763682576,0.67415730337079,0.4589882130827771
30,2,52736,255,50,74.78,0.44,19.05,7.821,0.4062994442628257,0.002272723453399827,0.08900000000000041,0.02553621857752603,0.12290322580645162,0.15802827111272108,0.44943820224718933,0.38930986479387825
30,2,52780,255,8,78.64,0.46,19.94,7.865,0.42181431840470196,0.0014701949421096322,0.08900000000000041,0.016519044293366578,0.12864516129032258,0.11525915186661773,0.22471910112359467,0.269640882861766
30,2,52825,255,8,81.61,0.46,20.64,7.91,0.430297482837523,0.0004785208976050619,0.08899999999999952,0.0053766392989333086,0.13316129032258064,0.09351214208046434,0.11235955056179783,0.09678568673760549
30,2,52869,255,8,83.92,0.47,21.23,7.954,0.4304282445243488,-0.0005477986955650991,0.08999999999999986,-0.006086652172945555,0.13696774193548386,0.07096774193548401,0.11111111111111077,-0.045657622316660804
30,2,52915,53,255,85.68,0.47,21.63,8.0,0.42618829682902354,-0.0014306403381878993,0.09000000000000075,-0.015896003757643194,0.1395483870967742,-0.007168458781361904,0.0,-0.11790345428789158
30,2,52959,53,255,79.3,0.47,21.13,8.044,0.41981693363843847,-0.002004764964357804,0.08799999999999919,-0.02278142004952071,0.13632258064516128,-0.19648093841642417,-0.3409090909090937,-0.15271627685815242
30,2,53003,53,255,67.18,0.44,18.95,8.088,0.41274926446550625,-0.0021648090819080465,0.08799999999999919,-0.024600103203500756,0.12225806451612903,-0.39956011730205643,-1.4772727272727404,-0.18774703557312203
30,2,53047,227,20,54.63,0.34,15.68,8.132,0.4032951945080039,-0.001904851933049013,0.08900000000000041,-0.02140283070841578,0.10116129032258064,-0.30228343602754487,-1.5730337078651615,-0.23713411520985767
30,2,53092,227,20,55.07,0.3,14.78,8.177,0.3916443282118288,-0.0013293839985872875,0.08900000000000041,-0.014936898860531251,0.09535483870967741,-0.06524102935846299,-0.44943820224718933,-0.2856922472277373
30,2,53136,227,20,56.17,0.3,14.78,8.221,0.37786858450473515,-0.0006242893916282473,0.08800000000000097,-0.007094197632139095,0.09535483870967741,0.04398826979472113,0.227272727272725,-0.30955600463608857
30,2,53180,237,28,59.14,0.32,15.38,8.265,0.3644033998038527,4.601344093067894e-06,0.08799999999999919,5.2288001057590184e-05,0.09922580645161291,0.10923753665689263,0.6818181818181881,-0.27872299325388467
30,2,53224,237,28,62.78,0.36,16.27,8.309,0.3533409610983935,0.00040144231878361404,0.08799999999999919,0.0045618445316320195,0.10496774193548387,0.13049853372434123,0.7954545454545529,-0.20814140093316238
30,2,53268,237,28,66.3,0.39,17.16,8.353,0.3460869565217346,0.0005106750753279723,0.08999999999999986,0.005674167503644145,0.11070967741935483,0.11397849462365602,0.5555555555555564,-0.11089317496639975
30,2,53314,15,232,69.27,0.41,17.86,8.399,0.34336057535141756,0.00038845594730490873,0.09100000000000108,0.004268746673680265,0.1152258064516129,0.05671747607231422,0.21978021978021675,-0.006035154776573743
30,2,53359,15,232,67.4,0.41,17.96,8.444,0.3455377574370664,0.00017206898824414553,0.08900000000000041,0.0019333594184735364,0.11587096774193549,-0.0572671257702063,-0.33707865168539136,0.1082456997403107
30,2,53403,15,232,62.56,0.38,17.07,8.488,0.35299444262830526,2.0552961130050563e-05,0.08799999999999919,0.00023355637647784946,0.11012903225806452,-0.1524926686217023,-0.909090909090917,0.236188296829029
30,2,53447,242,59,58.04,0.33,15.88,8.532,0.36632232755802074,5.0538754068337966e-05,0.08800000000000097,0.0005743040235038342,0.10245161290322581,-0.10190615835777016,-0.6818181818181743,0.34206068531010614
30,2,53491,242,59,58.04,0.32,15.68,8.576,0.38309578293559493,0.00029226450992638674,0.08799999999999919,0.00332118761279988,0.10116129032258064,0.0,0.11363636363636478,0.35487681654729597
30,2,53535,242,59,60.46,0.34,15.88,8.62,0.3975514874141825,0.0006812175266932065,0.08799999999999919,0.007741108257877418,0.10245161290322581,0.0945747800586518,0.5681818181818233,0.27478528336651736
30,2,53579,246,38,65.42,0.37,16.97,8.664,0.40727688787184824,0.0010853717955135417,0.08800000000000097,0.012333770403562839,0.10948387096774193,0.15982404692081917,0.7954545454545362,0.17032452673184514
30,2,53623,246,38,69.94,0.41,18.06,8.708,0.41254004576658504,0.0013543569508833535,0.08900000000000041,0.01521749383014997,0.11651612903225805,0.14353026458861848,0.6741573033707834,0.08657452130570575
30,2,53668,246,38,73.68,0.43,18.95,8.753,0.4149820202680561,0.0013711534546089902,0.0909999999999993,0.015067620380318688,0.12225806451612903,0.11272598369372658,0.43956043956044333,0.036677934683818025
30,2,53714,231,23,76.54,0.45,19.65,8.799,0.41587773782281245,0.0010897782888518108,0.08999999999999986,0.012108647653909028,0.1267741935483871,0.07096774193548401,0.22222222222222276,0.009008027314662747
30,2,53758,231,23,77.97,0.45,19.94,8.843,0.41579274272637573,0.0005500521732476429,0.08999999999999986,0.0061116908138627085,0.12864516129032258,0.03512544802867383,0.11111111111111138,0.005920598597945294
30,2,53804,231,23,78.75,0.46,20.14,8.889,0.41641059169662753,-0.00013190703572508512,0.08999999999999986,-0.0014656337302787258,0.12993548387096773,0.03584229390681019,0.11111111111111138,0.03501507391667589
30,2,53848,54,243,79.3,0.46,20.44,8.933,0.41894409937887656,-0.0007938465226156169,0.08800000000000097,-0.009020983211541002,0.1318709677419355,0.00733137829912011,-0.1136363636363625,0.057393979018690894
30,2,53892,54,243,75.55,0.45,20.24,8.977,0.4214612618502724,-0.0012714427939954013,0.08800000000000097,-0.014448213568129403,0.1305806451612903,-0.13123167155425092,-0.34090909090908744,0.025818003506789956
30,2,53936,54,243,67.29,0.43,18.65,9.021,0.4212160836874741,-0.0014461691673178158,0.08799999999999919,-0.016433740537702603,0.12032258064516128,-0.25439882697947436,-0.9090909090909176,-0.028604118993134676
30,2,53980,220,77,59.69,0.37,16.77,9.065,0.41894409937887656,-0.0012834027264692622,0.08899999999999864,-0.014420255353587437,0.10819354838709677,-0.17252627763682749,-0.898876404494396,-0.08741932995654714
30,2,54025,220,77,59.47,0.35,16.27,9.11,0.4134357633213415,-0.0008471147427285537,0.08900000000000041,-0.009518143176725278,0.10496774193548387,-0.03624501631025711,-0.22471910112359467,-0.14391131713014577
30,2,54069,220,77,59.58,0.35,16.27,9.154,0.4061359921542935,-0.00028398768130265137,0.08999999999999986,-0.003155418681140576,0.10496774193548387,0.0,0.0,-0.17594711416221614
30,2,54115,236,70,60.79,0.35,16.27,9.2,0.3976005230467421,0.00021899983896861032,0.08999999999999986,0.002433331544095674,0.10496774193548387,0.04301075268817216,0.22222222222222276,-0.20471468526388267
30,2,54159,236,70,63.77,0.37,16.87,9.244,0.3877116704805441,0.0004897045980934109,0.08800000000000097,0.0055648249783341545,0.10883870967741936,0.09457478005864989,0.5681818181818125,-0.2431350114416408
30,2,54203,236,70,66.96,0.4,17.56,9.288,0.37620464203987747,0.00042112149892668783,0.08900000000000041,0.004731702235131302,0.11329032258064516,0.0935121420804634,0.561797752808986,-0.3068859251205632
30,2,54248,35,237,69.71,0.42,18.16,9.333,0.36039882314481386,1.867713438166163e-06,0.08900000000000041,2.0985544249057913e-05,0.11716129032258064,0.050743022834360205,0.11235955056179671,-0.40561834483619164
30,2,54292,35,237,67.51,0.41,18.26,9.377,0.34010460934945624,-0.0006813054237406462,0.08799999999999919,-0.00774210708796196,0.11780645161290323,-0.07991202346041128,-0.4545454545454585,-0.5101563196528849
30,2,54336,35,237,62.12,0.38,17.07,9.421,0.3155050670153604,-0.00146821891990216,0.08799999999999919,-0.016684305907979244,0.11012903225806452,-0.18181818181818366,-0.909090909090917,-0.5435525572825327
30,2,54380,23,233,56.94,0.33,15.78,9.465,0.2922719843085938,-0.0021682816851654467,0.08800000000000097,-0.024639564604152533,0.10180645161290322,-0.18181818181817982,-1.2499999999999862,-0.4824437576153708
30,2,54424,23,233,52.76,0.27,14.59,9.509,0.2730500163452073,-0.0026087873688863078,0.08800000000000097,-0.029645311010071354,0.09412903225806452,-0.17521994134897156,-1.0227272727272618,-0.44640999732531833
30,2,54468,23,233,49.34,0.24,13.39,9.553,0.25298790454396536,-0.0026767367923905354,0.0909999999999993,-0.029414690026269844,0.08638709677419355,-0.15526409074796288,-0.7692307692307752,-0.44609852390172494
30,2,54515,55,255,46.48,0.2,12.4,9.6,0.23245505067015065,-0.0023467852524585346,0.0909999999999993,-0.025788848928115962,0.08,-0.16164480680609847,-0.7692307692307749,-0.4529958436463809
30,2,54559,55,255,42.95,0.17,11.11,9.644,0.211765282772145,-0.0016913340422995624,0.08800000000000097,-0.01921970502613118,0.0716774193548387,-0.18914956011729994,-0.7954545454545368,-0.47650004457783646
30,2,54603,55,255,39.43,0.13,9.82,9.688,0.19052304674730058,-0.0008695431136873814,0.08799999999999919,-0.009881171746447606,0.06335483870967742,-0.19648093841642408,-0.7954545454545529,-0.4624208743201862
30,2,54647,245,30,36.13,0.1,8.43,9.732,0.171072245831969,-9.251525185491793e-05,0.08799999999999919,-0.0010513096801695316,0.054387096774193545,-0.11583577712610078,-0.34090909090909405,-0.44722725786798884
30,2,54691,245,30,37.45,0.1,8.24,9.776,0.15116704805491793,0.00043356780100508094,0.08800000000000097,0.004926906829603139,0.05316129032258065,0.10923753665689034,0.45454545454544965,-0.4509049303099536
30,2,54735,245,30,45.82,0.14,9.92,9.82,0.13139261196469265,0.0005742949090744389,0.08800000000000097,0.006526078512209462,0.064,0.3196480938416386,1.2499999999999862,-0.38002615233735587
30,2,54779,28,255,54.63,0.21,12.6,9.864,0.11772474664923024,0.0003205195097323248,0.08900000000000041,0.0036013428059811607,0.08129032258064516,0.23051830373323562,0.8988764044943777,-0.2048110016124793
30,2,54824,28,255,53.42,0.22,13.1,9.909,0.11316443282118191,-0.00019731218190728228,0.08899999999999864,-0.002216990807947026,0.08451612903225807,-0.05001812250815575,-0.3370786516853984,-0.032580229273721825
30,2,54868,28,255,48.35,0.18,11.91,9.953,0.11482510624386905,-0.0007468703513953674,0.0909999999999993,-0.008207366498850253,0.07683870967741936,-0.1829138603332167,-0.8791208791208858,0.08291153109721225
30,2,54915,69,242,43.39,0.14,10.52,10.0,0.12070938215102817,-0.001073115124588993,0.09100000000000108,-0.0117924738965822,0.06787096774193548,-0.19000354484225235,-0.7692307692307601,0.1929453351486647
30,2,54959,69,242,39.21,0.11,9.23,10.044,0.13238313174239774,-0.0009885900891359132,0.08799999999999919,-0.011233978285635481,0.059548387096774194,-0.16715542521994275,-0.5681818181818236,0.3014948438289388
30,2,55003,69,242,36.13,0.09,8.24,10.088,0.14724092840797454,-0.00043981212905003274,0.08899999999999864,-0.004941709315168983,0.05316129032258065,-0.12975715839072327,-0.3370786516853984,0.37729888962758745
30,2,55048,255,32,33.48,0.08,7.44,10.133,0.1659627329192525,0.0004744691404204069,0.08900000000000041,0.005331113937307918,0.048,-0.07249003262051437,-0.22471910112359436,0.4590984055154903
30,2,55092,255,32,35.91,0.07,7.24,10.177,0.18810068649885336,0.0015382776021853584,0.08800000000000097,0.017480427297560698,0.04670967741935484,0.16715542521993962,0.6818181818181744,0.5124595084549195
30,2,55136,255,32,46.92,0.14,9.72,10.221,0.21105916966328592,0.0024917909016618847,0.10400000000000098,0.02395952790059482,0.06270967741935485,0.43114143920595127,1.8269230769230598,0.45078205547312133
30,2,55196,211,26,60.9,0.26,14.19,10.281,0.23498202026805842,0.0031134190905364144,0.1039999999999992,0.02993672202438883,0.0915483870967742,0.35732009925558583,1.730769230769244,0.47680866044710185
30,2,55240,211,26,63.55,0.32,15.48,10.325,0.26064727034978413,0.0032783307274403127,0.08799999999999919,0.03725375826636753,0.09987096774193549,0.13049853372434136,0.7954545454545529,0.6305165086629593
30,2,55284,211,26,64.54,0.33,15.97,10.369,0.2904674730303983,0.0029747098174494778,0.08999999999999986,0.03305233130499425,0.10303225806451613,0.06379928315412205,0.33333333333333354,0.6422214957683992
30,2,55330,223,53,65.53,0.35,16.37,10.415,0.31844720496893997,0.0022819479070158586,0.09100000000000108,0.0250763506265476,0.10561290322580646,0.05671747607231407,0.4395604395604341,0.5220049646332616
30,2,55375,223,53,67.07,0.37,16.77,10.46,0.3379699248120257,0.001331972762745078,0.08900000000000041,0.014965986098259235,0.10819354838709677,0.06451612903225769,0.337078651685392,0.3261696008462717
30,2,55419,223,53,68.72,0.38,17.26,10.504,0.3474762994442583,0.00027559118184963436,0.08799999999999919,0.0031317179755640558,0.11135483870967743,0.06524926686217077,0.3409090909090943,0.11192754613807171
30,2,55463,0,230,70.05,0.4,17.66,10.548,0.3478195488721759,-0.000736585325846388,0.08800000000000097,-0.008370287793708861,0.11393548387096775,0.03665689149560086,0.227272727272725,-0.08570091235994844
30,2,55507,0,230,68.06,0.4,17.76,10.592,0.33993461915658274,-0.0015628563424396056,0.08900000000000041,-0.017560183622916836,0.11458064516129034,-0.0572671257702063,-0.44943820224718933,-0.24528835523101405
30,2,55552,0,230,63.55,0.36,16.87,10.637,0.32598888525661557,-0.0020792900196349605,0.08899999999999864,-0.023362809209381937,0.10883870967741936,-0.14353026458862148,-0.898876404494396,-0.36631637716666005
30,2,55596,30,238,59.14,0.32,15.78,10.681,0.3073324615887505,-0.0021962601542357342,0.08799999999999919,-0.024957501752679027,0.10180645161290322,-0.16715542521994298,-1.0227272727272818,-0.3731908823441991
30,2,55640,30,238,54.85,0.27,14.59,10.725,0.29314808761032635,-0.0018819648243557018,0.08800000000000097,-0.02138596391313274,0.09412903225806452,-0.17521994134897156,-1.0227272727272614,-0.21709411869594436
30,2,55684,30,238,50.99,0.23,13.39,10.769,0.2882281791435072,-0.0011843440452783476,0.08800000000000097,-0.013458455059981075,0.08638709677419355,-0.16788856304985145,-0.9090909090908993,-0.05490504918422393
30,2,55728,237,38,47.8,0.19,12.3,10.813,0.2883164432821146,-0.00023924719495705028,0.0909999999999993,-0.0026290900544731002,0.07935483870967742,-0.09783764622474377,-0.5494505494505538,0.011711074149779533
30,2,55775,237,38,48.02,0.18,12.01,10.86,0.2892938868911371,0.0007451072256027711,0.0909999999999993,0.008187991490140404,0.07748387096774194,0.021269053527118078,0.21978021978022136,0.010705215020350555
30,2,55819,237,38,52.31,0.21,12.6,10.904,0.2892906178489665,0.0015298454827917282,0.08800000000000097,0.01738460775899672,0.08129032258064516,0.15249266862169922,0.9090909090908993,-0.018908437100655897
30,2,55863,242,75,58.04,0.26,14.09,10.948,0.28762994442627937,0.001905321610838019,0.08800000000000097,0.021651381941340888,0.09090322580645162,0.2258064516129008,1.136363636363624,-0.0719560759606504
30,2,55907,242,75,63.22,0.31,15.68,10.992,0.2829584831644292,0.0017519771413954733,0.08799999999999919,0.01990883115222147,0.10116129032258064,0.20381231671554442,1.1363636363636467,-0.1278269785134773
30,2,55951,242,75,67.51,0.36,16.87,11.036,0.27638117031709347,0.0010816134715748102,0.08899999999999864,0.012152960354773335,0.10883870967741936,0.1580282711127244,0.898876404494396,-0.12892514628045484
30,2,55996,56,247,70.93,0.39,17.86,11.081,0.27148414514546887,4.302763682515831e-05,0.08900000000000041,0.00048345659354110234,0.1152258064516129,0.06451612903225784,0.337078651685392,-0.10721723703493952
30,2,56040,56,247,67.95,0.39,17.76,11.125,0.2668388362209838,-0.0011131202966602237,0.08800000000000097,-0.012649094280229676,0.11458064516129034,-0.11656891495601038,-0.6818181818181743,-0.12151178341109378
30,2,56084,56,247,60.68,0.33,16.27,11.169,0.2607911082052925,-0.0021018476970999663,0.08999999999999986,-0.023353863301110774,0.10496774193548387,-0.2415770609319001,-1.4444444444444469,-0.15117503904689095
30,2,56130,13,255,53.97,0.26,14.39,11.215,0.25323308270676365,-0.0026839834458926982,0.08999999999999986,-0.029822038287696695,0.09283870967741936,-0.2774193548387101,-1.4444444444444469,-0.20050125313283
30,2,56174,13,255,47.58,0.2,12.4,11.259,0.24274599542333783,-0.002733952609616168,0.08900000000000041,-0.03071856864737253,0.08,-0.26603841971728776,-1.3483146067415668,-0.2911651380527479
30,2,56219,13,255,42.4,0.14,10.72,11.304,0.22731938542006896,-0.002273722040991947,0.08900000000000041,-0.025547438662830747,0.06916129032258064,-0.23704240666908188,-1.0112359550561751,-0.4072712313269672
30,2,56263,232,63,38.0,0.11,9.13,11.348,0.20649885583523758,-0.0014622169613679645,0.08799999999999919,-0.016616101833727023,0.05890322580645162,-0.13856304985337367,-0.4545454545454588,-0.497191595589763
30,2,56307,232,63,38.33,0.1,8.83,11.392,0.18356652500817022,-0.0005438154525268128,0.08799999999999919,-0.006179721051441112,0.05696774193548387,0.03592375366568934,0.11363636363636463,-0.5176602573627725
30,2,56351,232,63,43.95,0.12,9.62,11.436,0.16094475318731402,0.00022704043027690267,0.08800000000000097,0.0025800048895102293,0.06206451612903225,0.18914956011729994,0.7954545454545368,-0.4773173051204973
30,2,56395,36,221,50.44,0.17,11.41,11.48,0.141562602157566,0.000659776772551206,0.08799999999999919,0.007497463324445592,0.07361290322580645,0.16055718475073466,0.6818181818181881,-0.3847811227673914
30,2,56439,36,221,50.11,0.18,11.81,11.524,0.1270840143837839,0.0006755927144606631,0.08799999999999919,0.00767718993705306,0.07619354838709677,0.02932551319648119,0.0,-0.26282356087848
30,2,56483,36,221,49.56,0.17,11.81,11.568,0.11843412880025997,0.0003156065778428108,0.08800000000000097,0.003586438384577356,0.07619354838709677,-0.021994134897360487,-0.11363636363636218,-0.13677969627626027
30,2,56527,0,255,48.24,0.17,11.51,11.612,0.11504740111147285,-0.00028831234174803556,0.09100000000000108,-0.003168267491736617,0.07425806451612903,-0.07089684509039251,-0.3296703296703257,-0.0638720547187348
30,2,56574,0,255,44.94,0.14,10.81,11.659,0.11262177182085503,-0.0009643532595203474,0.09200000000000053,-0.010482100646960238,0.06974193548387098,-0.1325385694249642,-0.6521739130434746,-0.058451895333796626
30,2,56619,0,255,40.75,0.11,9.62,11.704,0.10966982674076353,-0.0015529616994723163,0.08899999999999864,-0.017449007859239776,0.06206451612903225,-0.16527727437477618,-0.6741573033707969,-0.0911658726689712
30,2,56663,14,255,36.9,0.08,8.53,11.748,0.10450800915331672,-0.0019441477523580648,0.08799999999999919,-0.022092588094978213,0.05503225806451612,-0.13782991202346156,-0.45454545454545864,-0.1598858807096786
30,2,56707,14,255,33.59,0.07,7.74,11.792,0.09559986923831194,-0.0020923969092981665,0.08900000000000041,-0.02351007763256356,0.049935483870967745,-0.1145342515404126,-0.2247191011235945,-0.23133064708669163
30,2,56752,14,255,30.84,0.06,6.95,11.837,0.08391958156260107,-0.0020109400349876292,0.08900000000000041,-0.022594831853793483,0.044838709677419354,-0.11525915186661781,-0.11235955056179733,-0.2823497434352809
30,2,56796,24,255,28.42,0.06,6.15,11.881,0.07047074207257183,-0.0017534125465644603,0.08800000000000097,-0.019925142574595923,0.03967741935483871,-0.10923753665689026,-0.11363636363636233,-0.29666557698593615
30,2,56840,24,255,26.1,0.05,5.46,11.925,0.057813010787838404,-0.0013924474774057974,0.08799999999999919,-0.015823266788702387,0.035225806451612905,-0.08724340175953162,-0.11363636363636463,-0.23715415019762767
30,2,56884,24,255,24.34,0.05,4.96,11.969,0.049601176855180784,-0.0010021815384235876,0.08799999999999919,-0.011388426572995419,0.032,-0.07991202346041132,0.0,-0.1527905732711218
30,2,56928,22,241,22.58,0.05,4.37,12.013,0.04436744033997981,-0.0006473628723254406,0.09100000000000108,-0.0071138777178618995,0.028193548387096774,-0.06309819213044944,0.0,-0.09332935779486709
30,2,56975,22,241,21.59,0.05,4.07,12.06,0.04110820529584778,-0.0003780330177699556,0.0909999999999993,-0.0041542089864830605,0.026258064516129033,-0.035448422545196985,0.0,-0.03297781002913381
30,2,57019,22,241,20.93,0.05,3.87,12.104,0.041366459627328656,-0.0002268661336572757,0.08799999999999919,-0.0025780242461054294,0.024967741935483873,-0.029325513196481228,-0.1136363636363647,0.0036776724419745215
30,2,57063,11,245,20.27,0.04,3.67,12.148,0.041431840470741534,-0.0002063746230342174,0.08800000000000097,-0.002345166170843354,0.02367741935483871,-0.029325513196480635,-0.11363636363636241,-0.02384914856310682
30,2,57107,11,245,19.61,0.04,3.47,12.192,0.03926773455377523,-0.0003047796971254959,0.08800000000000097,-0.0034634056491533245,0.022387096774193548,-0.02199413489736045,0.0,-0.10126601087699251
30,2,57151,11,245,18.95,0.04,3.37,12.236,0.032520431513566095,-0.0004815646552314257,0.08900000000000041,-0.005410838822824983,0.021741935483870968,-0.02174700978615429,0.0,-0.15673037013637878
30,2,57196,28,233,18.29,0.04,3.17,12.281,0.025318731611637457,-0.0006658018549081462,0.08899999999999864,-0.007480919718069173,0.020451612903225808,-0.02102210945994957,0.0,-0.13399399818549826
30,2,57240,28,233,18.18,0.04,3.08,12.325,0.020594965675056934,-0.0007615049984055666,0.08799999999999919,-0.008653465890972429,0.019870967741935485,-0.006598240469208271,0.0,-0.046026627834407946
30,2,57284,28,233,18.18,0.04,3.08,12.369,0.021268388362209595,-0.0006636650927198611,0.08800000000000097,-0.00754164878090743,0.019870967741935485,-0.007331378299120188,0.0,0.10297482837528363
30,2,57328,52,253,18.07,0.04,2.98,12.413,0.029656750572081992,-0.0002856423492859306,0.08999999999999986,-0.0031738038809547894,0.0192258064516129,-0.007168458781362052,0.0,0.30126039737023375
30,2,57374,52,253,17.62,0.04,2.98,12.459,0.04838182412553059,0.0004066757991504084,0.0909999999999993,0.004468964825828698,0.0192258064516129,-0.014179369018078794,0.0,0.49082333162097525
30,2,57419,52,253,16.96,0.04,2.78,12.504,0.0743216737495904,0.0013646331316040162,0.08900000000000041,0.015332956534876515,0.01793548387096774,-0.02174700978615429,-0.11235955056179725,0.6126331951030375
30,2,57463,255,19,16.52,0.03,2.68,12.548,0.10290617848970118,0.0024450982884613873,0.08800000000000097,0.02778520782342455,0.01729032258064516,0.0,0.0,0.6536598413028462
30,2,57507,255,19,20.82,0.04,2.78,12.592,0.1318437397842415,0.003429885269331267,0.08799999999999919,0.03897596896967385,0.01793548387096774,0.19648093841642408,0.5681818181818235,0.6304050640435057
30,2,57551,255,19,36.9,0.08,5.36,12.636,0.15838182412552917,0.0040785300161911035,0.08799999999999919,0.046346932002172055,0.03458064516129032,0.49413489736070837,1.4772727272727408,0.5718223424173061
30,2,57595,229,39,50.77,0.17,9.52,12.68,0.18216410591696397,0.004200484876451093,0.08900000000000041,0.04719645928596712,0.061419354838709674,0.510329829648421,1.9101123595505527,0.48763824558953894
30,2,57640,229,39,57.6,0.25,12.4,12.725,0.20178162798299834,0.00371961725389615,0.08900000000000041,0.041793452290967786,0.08,0.33127944907575063,1.573033707865161,0.38872217181938046
30,2,57684,229,39,61.79,0.31,14.09,12.769,0.216760379208889,0.0027035937900199195,0.08900000000000041,0.030377458314830415,0.09090322580645162,0.2087712939470813,1.123595505617972,0.27952147099551045
30,2,57729,57,252,64.87,0.35,15.28,12.814,0.22665903890159889,0.0013452398001057731,0.10099999999999909,0.013319205941641437,0.09858064516129032,0.06323858192270886,0.29702970297029996,0.1416692829792944
30,2,57785,57,252,61.13,0.34,15.08,12.87,0.2310689767897976,-9.616456023817044e-05,0.10200000000000031,-0.0009427898062565701,0.09729032258064516,-0.11321948134092312,-0.7843137254901933,0.023492234422373012
30,2,57831,57,252,53.64,0.27,13.49,12.916,0.22905524681268094,-0.0013698183455000787,0.09200000000000053,-0.014889329842392074,0.08703225806451613,-0.2433380084151459,-1.521739130434774,-0.11395454610059923
30,2,57877,44,224,47.03,0.2,11.61,12.962,0.2205851585485424,-0.0022963087841706945,0.09299999999999997,-0.024691492302910702,0.0749032258064516,-0.22684703433923,-1.1827956989247317,-0.28799206993640863
30,2,57924,44,224,43.17,0.16,10.22,13.009,0.20227198430859494,-0.0027977201200138834,0.09299999999999997,-0.030083012043160048,0.06593548387096775,-0.15816857440166485,-0.7526881720430111,-0.5137317346662523
30,2,57970,44,224,40.42,0.13,9.33,13.055,0.17280810722458095,-0.002889709173702977,0.09200000000000053,-0.03140988232285827,0.06019354838709678,-0.11150070126227146,-0.5434782608695622,-0.6663160737382084
30,2,58016,68,230,38.22,0.11,8.63,13.101,0.14097090552467942,-0.00264671909256561,0.09299999999999997,-0.028459345081350656,0.05567741935483871,-0.09642733263961156,-0.43010752688172066,-0.6526484514230797
30,2,58063,68,230,36.13,0.09,7.94,13.148,0.11211180124223456,-0.0021609202805155086,0.09299999999999997,-0.02323570194102698,0.051225806451612906,-0.08949011446409998,-0.3225806451612904,-0.5252612597412116
30,2,58109,68,230,34.14,0.08,7.34,13.194,0.09212160836874675,-0.001514035213725175,0.09299999999999997,-0.016279948534679307,0.04735483870967742,-0.08255289628858832,-0.21505376344086016,-0.34381184377493074
30,2,58156,44,249,32.49,0.07,6.75,13.241,0.08013729977116602,-0.000771101865986024,0.09599999999999831,-0.008032311104021226,0.043548387096774194,-0.07997311827957125,-0.20833333333333703,-0.18609703606843286
30,2,58205,44,249,30.29,0.06,6.15,13.29,0.07425629290617751,7.675618847989618e-06,0.09500000000000064,8.079598787357438e-05,0.03967741935483871,-0.08081494057724906,-0.2105263157894723,-0.050412071368351505
30,2,58251,44,249,27.98,0.05,5.56,13.336,0.07534815299117259,0.0007506322751400259,0.09200000000000053,0.008159046468913278,0.03587096774193548,-0.07643758765778363,-0.10869565217391237,0.10315249371064537
30,2,58297,254,9,26.1,0.05,5.06,13.382,0.08374632232755694,0.0013701363084171198,0.09200000000000053,0.014892785961055565,0.03264516129032258,-0.04207573632538542,0.0,0.21575678326250033
30,2,58343,254,9,29.08,0.05,4.96,13.428,0.09519777705132274,0.0017796703263407761,0.09200000000000053,0.019344242677617023,0.032,0.18092566619915748,0.6521739130434745,0.2806046306692955
30,2,58389,254,9,43.17,0.11,7.64,13.474,0.10956194834913227,0.0019282969812352783,0.09199999999999875,0.020959749796035917,0.04929032258064516,0.4593267882188,1.739130434782632,0.3429296303139702
30,2,58435,72,241,55.4,0.21,11.51,13.52,0.12674730304020757,0.0018334144024084243,0.09299999999999997,0.019714133359230376,0.07425806451612903,0.32327436697884165,1.2903225806451617,0.40384973654331696
30,2,58482,72,241,54.41,0.23,12.3,13.567,0.14711997384766073,0.0015878611124669798,0.09299999999999997,0.017073775402870757,0.07935483870967742,0.01387443635102331,0.0,0.47457353060068924
30,2,58528,72,241,50.22,0.21,11.71,13.613,0.17088264138607165,0.0013297187188053635,0.09200000000000053,0.014453464334840824,0.0755483870967742,-0.10448807854137385,-0.6521739130434745,0.5508336057535039
30,2,58574,236,78,46.48,0.17,10.81,13.659,0.1977966655769834,0.0011862892002560698,0.0940000000000012,0.012620097875064412,0.06974193548387098,-0.07481125600548977,-0.5319148936170144,0.6115195481766238
30,2,58622,236,78,46.37,0.16,10.62,13.707,0.228365478914675,0.0012206034918642264,0.09499999999999886,0.012848457809097274,0.06851612903225807,0.04074702886247916,0.3157894736842143,0.6657490407942044
30,2,58669,236,78,52.09,0.2,11.41,13.754,0.26104282445243204,0.0014070087621167087,0.09399999999999942,0.01496817832039061,0.07361290322580645,0.16334934797529274,1.0638297872340492,0.6599987480263988
30,2,58716,228,81,57.6,0.26,13.0,13.801,0.2904053612291561,0.0016450278223405785,0.09299999999999997,0.017688471207963217,0.08387096774193549,0.1997918834547347,1.0752688172043012,0.5646303697532684
30,2,58762,228,81,61.46,0.3,14.29,13.847,0.313553448839486,0.0018014408035479316,0.09200000000000053,0.01958087829943393,0.09219354838709677,0.15988779803646466,0.8695652173912995,0.4210668448057677
30,2,58808,228,81,64.1,0.34,15.28,13.893,0.32914351095128697,0.00176078669738855,0.09200000000000053,0.019138985841179783,0.09858064516129032,0.12482468443197685,0.6521739130434745,0.23675682590217964
30,2,58854,232,36,66.19,0.36,16.07,13.939,0.33533507682248664,0.001466153316083192,0.09199999999999875,0.015936449087860998,0.1036774193548387,0.09747545582047835,0.5434782608695725,0.09284790425970377
30,2,58900,232,36,68.17,0.39,16.67,13.985,0.3376855181431796,0.0009397683170490438,0.09299999999999997,0.010105035667194022,0.10754838709677421,0.0825528962885884,0.5376344086021506,0.09947730476260601
30,2,58947,232,36,69.94,0.41,17.26,14.032,0.344586466165409,0.0002802475085200484,0.09299999999999997,0.003013414070108048,0.11135483870967743,0.07561567811307666,0.3225806451612901,0.17730159901858278
30,2,58993,32,238,71.37,0.42,17.76,14.078,0.3541745668519078,-0.00036192913496574874,0.09399999999999942,-0.0038503099464441593,0.11458064516129034,0.027453671928620603,0.0,0.1879003707232922
30,2,59041,32,238,68.61,0.41,17.66,14.126,0.36224910101339836,-0.0008254770310377744,0.0940000000000012,-0.008781670542954935,0.11393548387096775,-0.10226492793411,-0.5319148936170144,0.1301009229827542
30,2,59087,32,238,62.23,0.37,16.27,14.172,0.36640405361228684,-0.0009860424203644946,0.09299999999999997,-0.010602606670585967,0.10496774193548387,-0.19979188345473484,-1.0752688172043012,0.0513555979710839
30,2,59134,225,37,56.5,0.31,14.78,14.219,0.36702517162470916,-0.0007962019017835562,0.09399999999999942,-0.008470232997697459,0.09535483870967741,-0.12216884008236177,-0.8510638297872395,0.0035820355699609117
30,2,59181,225,37,56.5,0.29,14.49,14.266,0.36674076495586316,-0.00030290726556088463,0.0940000000000012,-0.0032224177187327742,0.09348387096774194,-0.02676733013040444,-0.212765957446806,0.0183275023822278
30,2,59228,225,37,57.16,0.29,14.39,14.313,0.3687479568486386,0.00036574210620010026,0.09299999999999997,0.003932710819355918,0.09283870967741936,0.02705515088449531,0.21505376344086047,0.06316633097470087
30,2,59274,255,36,59.91,0.31,14.88,14.359,0.37261523373651034,0.0010408108904682134,0.09199999999999875,0.011313161852915516,0.096,0.12482468443197925,0.7608695652174017,0.11317281862501186
30,2,59320,255,36,65.75,0.36,16.17,14.405,0.37915985616213954,0.0015655101012424914,0.09200000000000053,0.017016414143940027,0.1043225806451613,0.2159887798036454,1.1956521739130366,0.16206631891638026
30,2,59366,255,36,72.47,0.42,17.96,14.451,0.3875253350768174,0.0018415160392476545,0.09200000000000053,0.02001647868747439,0.11587096774193549,0.21598877980364523,0.9782608695652121,0.20893443438463516
30,2,59412,226,38,77.42,0.45,19.25,14.497,0.3983818241255261,0.0018520775891383322,0.09499999999999886,0.019495553569877415,0.12419354838709677,0.12767402376910167,0.31578947368421456,0.27428984360214065
30,2,59461,226,38,78.97,0.45,19.84,14.546,0.41358287021902046,0.001654792497800912,0.09500000000000064,0.01741886839790422,0.128,0.053650254668929996,0.10526315789473623,0.3486519502417301
30,2,59507,226,38,79.3,0.46,20.04,14.592,0.43150375939849067,0.001349250332331465,0.09200000000000053,0.014665764481863667,0.12929032258064516,0.028050490883590132,0.10869565217391251,0.4166962775558849
30,2,59553,240,27,79.85,0.46,20.24,14.638,0.4519189277541621,0.0010342681985268242,0.09199999999999875,0.011242045636161286,0.1305806451612903,0.028050490883590976,0.0,0.44714811603678334
30,2,59599,240,27,80.84,0.46,20.44,14.684,0.4726413860738742,0.0007717649580879424,0.09200000000000053,0.008388749544434108,0.1318709677419355,0.03506311360448797,0.10869565217391192,0.3969398922637336
30,2,59645,240,27,82.16,0.47,20.74,14.73,0.4884373978424258,0.0005693315078528051,0.0940000000000012,0.006056718168646786,0.13380645161290322,0.040494166094714554,0.10638297872340241,0.25189013236142466
30,2,59693,233,36,83.26,0.47,21.03,14.778,0.4963190585158484,0.00038496485198435336,0.09399999999999942,0.004095370765791018,0.1356774193548387,0.033630748112560206,0.0,0.06541562045724875
30,2,59739,233,36,84.03,0.47,21.23,14.824,0.49458646616540713,0.0001495268557480216,0.09199999999999875,0.0016252919103046048,0.13696774193548386,0.021037868162693006,0.0,-0.13822363091092574
30,2,59785,233,36,84.58,0.47,21.33,14.87,0.4836024844720434,-0.00020236368857244003,0.09200000000000053,-0.002199605310569988,0.13761290322580644,0.021037868162692902,0.0,-0.3126199241013632
30,2,59831,62,218,85.24,0.47,21.53,14.916,0.46582543314808156,-0.0007037769434272505,0.09500000000000064,-0.007408178351865745,0.13890322580645162,0.006791171477080002,0.10526315789473623,-0.42201613874502425
30,2,59880,62,218,81.72,0.48,21.43,14.965,0.44351095129126583,-0.001338607657853764,0.09499999999999886,-0.014090606924776632,0.13825806451612904,-0.07402376910017065,-0.10526315789473761,-0.5162677861702311
30,2,59926,62,218,75.44,0.46,20.44,15.011,0.4167799934619102,-0.002041816934681737,0.09200000000000053,-0.022193662333497014,0.1318709677419355,-0.15287517531556727,-0.32608695652173697,-0.6375698224767844
30,2,59972,67,250,70.05,0.45,19.25,15.057,0.38485452762340133,-0.002716457556936078,0.09200000000000053,-0.02952671257539198,0.12419354838709677,-0.19495091164095263,-0.5434782608695626,-0.7366360134741247
30,2,60018,67,250,62.89,0.41,17.66,15.103,0.34900948022229034,-0.003261351874108776,0.09299999999999997,-0.03506829972159975,0.11393548387096775,-0.26847034339229964,-1.2903225806451617,-0.8049576957822222
30,2,60065,67,250,55.18,0.33,15.38,15.15,0.3099934619156547,-0.0035995997327951308,0.09299999999999997,-0.0387053734709154,0.09922580645161291,-0.3093999306278184,-1.8279569892473122,-0.8530794025737449
30,2,60111,1,242,48.79,0.24,13.2,15.196,0.2696730957829321,-0.003697912817064889,0.09200000000000053,-0.04019470453331378,0.08516129032258064,-0.28541374474053144,-1.6304347826086867,-0.8882911437383465
30,2,60157,1,242,44.06,0.18,11.31,15.242,0.22827067669172635,-0.0035702692389964117,0.09299999999999997,-0.03838999181716573,0.07296774193548387,-0.23447797433229275,-1.0752688172043012,-0.8985999360251847
30,2,60204,1,242,40.09,0.14,9.82,15.289,0.18610330173258993,-0.003265510943290035,0.09299999999999997,-0.03511302089559179,0.06335483870967742,-0.19285466527922318,-0.7526881720430109,-0.8876328268075407
30,2,60250,18,251,36.68,0.11,8.53,15.335,0.14572082379862508,-0.00284488756129614,0.09500000000000064,-0.029946184855748643,0.05503225806451612,-0.1616298811544981,-0.5263157894736809,-0.8059049224892738
30,2,60299,18,251,33.37,0.09,7.44,15.384,0.1095423340961084,-0.002359290702298579,0.09499999999999886,-0.024834638971564287,0.048,-0.12088285229202175,-0.3157894736842143,-0.6874279520311067
30,2,60345,18,251,30.29,0.08,6.75,15.43,0.08041516835567072,-0.0018354125068075948,0.09200000000000053,-0.0199501359435607,0.043548387096774194,-0.10448807854137385,-0.21739130434782475,-0.5205949656750476
30,2,60391,21,238,27.65,0.07,5.95,15.476,0.061647597254003754,-0.0012758341481730869,0.09200000000000053,-0.01386776248014217,0.03838709677419355,-0.09747545582047631,-0.2173913043478249,-0.3111630683514019
30,2,60437,21,238,26.1,0.06,5.36,15.522,0.05178816606734159,-0.0006720234590926113,0.09199999999999875,-0.007304602816224135,0.03458064516129032,-0.06942496493688737,-0.10869565217391462,-0.09721847150958668
30,2,60483,21,238,24.89,0.06,4.96,15.568,0.0527034978751219,-2.365751459719423e-05,0.09200000000000053,-0.00025714689779558796,0.032,-0.049088359046282996,0.0,0.1264621857100193
30,2,60529,220,72,23.9,0.06,4.66,15.614,0.06342268715266343,0.0006453807727253524,0.09200000000000053,0.007015008399188573,0.03006451612903226,-0.02805049088359032,-0.10869565217391237,0.2839447389740839
30,2,60575,220,72,24.45,0.05,4.56,15.66,0.07882641386073777,0.0012831617073292838,0.09299999999999997,0.013797437713218109,0.029419354838709676,0.04856052722858132,0.10752688172043023,0.3621255101287536
30,2,60622,220,72,32.05,0.07,5.36,15.707,0.0971003595946375,0.0018218399926135654,0.09299999999999997,0.019589677339930816,0.03458064516129032,0.17898022892819984,0.6451612903225808,0.4255378980410297
30,2,60668,218,21,39.76,0.11,7.14,15.753,0.11840143837855352,0.0022017631438592178,0.09499999999999886,0.02317645414588678,0.04606451612903226,0.24923599320883147,0.8421052631579047,0.48608936528965385
30,2,60717,218,21,45.71,0.15,9.03,15.802,0.14327884929715407,0.002396513386636183,0.09500000000000064,0.025226456701433336,0.05825806451612903,0.21595925297113608,0.8421052631578891,0.5592126770014171
30,2,60763,218,21,49.67,0.19,10.32,15.848,0.1715266426936885,0.002425999574456494,0.09200000000000053,0.02636956059191826,0.06658064516129032,0.16690042075736233,0.760869565217387,0.6470571513850666
30,2,60809,222,59,52.54,0.22,11.41,15.894,0.20280810722458054,0.0023499650507850605,0.09299999999999997,0.02526844140629098,0.07361290322580645,0.14429413805064176,0.5376344086021506,0.7250594930523976
30,2,60856,222,59,55.07,0.24,12.4,15.941,0.23895717554756146,0.0022437118359495438,0.09299999999999997,0.024125933719887575,0.08,0.12417620534165803,0.5376344086021508,0.8203889808673056
30,2,60902,222,59,57.27,0.27,13.2,15.987,0.27910428244523994,0.0021659953182505305,0.09200000000000053,0.02354342737228824,0.08516129032258064,0.10448807854137385,0.6521739130434745,0.8703824779339487
30,2,60948,237,58,59.14,0.3,13.89,16.033,0.3190323635174852,0.002132193528013298,0.09200000000000053,0.023176016608840066,0.08961290322580645,0.1037868162692841,0.543478260869562,0.8081285444234247
30,2,60994,237,58,61.68,0.32,14.68,16.079,0.35345210853219544,0.002103677137027539,0.09199999999999875,0.02286605583725617,0.09470967741935483,0.12552594670406902,0.6521739130434872,0.6658186107992106
30,2,61040,237,58,64.65,0.36,15.68,16.125,0.38028767571101174,0.0019984472663527627,0.09299999999999997,0.021488680283363048,0.10116129032258064,0.12417620534165803,0.7526881720430111,0.44726121052982537
30,2,61087,253,39,67.18,0.39,16.47,16.172,0.3950474011114692,0.0017206306532133197,0.09499999999999886,0.018111901612772003,0.10625806451612903,0.12767402376910167,0.6315789473684286,0.19954921629015313
30,2,61135,253,39,71.04,0.42,17.56,16.22,0.39924485125857606,0.001199370310241715,0.09399999999999764,0.012759258619593034,0.11329032258064516,0.1564859299931406,0.5319148936170345,-0.010154896955617406
30,2,61181,253,39,75.0,0.44,18.75,16.266,0.3940928407976412,0.00042303370703757536,0.0940000000000012,0.004500358585506064,0.12096774193548387,0.14344543582704006,0.319148936170209,-0.1967337399929005
30,2,61229,58,251,78.19,0.45,19.65,16.314,0.3807518796992432,-0.0005454939504561586,0.0940000000000012,-0.005803127132512252,0.1267741935483871,0.0411805078929302,0.106382978723403,-0.36282890389710626
30,2,61275,58,251,73.46,0.45,19.35,16.36,0.35998692383131276,-0.0015807405737941593,0.09199999999999875,-0.0171819627586324,0.12483870967741936,-0.1676016830294552,-0.5434782608695725,-0.5162954645593195
30,2,61321,58,251,63.33,0.4,17.26,16.406,0.33325269695978643,-0.002530756189004453,0.0920000000000023,-0.027508219445699887,0.11135483870967743,-0.3274894810659106,-1.5217391304347447,-0.6484429410008705
30,2,61367,66,238,54.41,0.31,14.68,16.452,0.30033017325923117,-0.003262398019966767,0.0920000000000023,-0.035460848043116146,0.09470967741935483,-0.3338008415147182,-1.956521739130386,-0.7832553974728583
30,2,61413,66,238,47.91,0.22,12.5,16.498,0.26119320039228167,-0.003695631072901863,0.09199999999999875,-0.040169902966325145,0.08064516129032258,-0.27769985974754935,-1.5217391304348031,-0.9040678255184282
30,2,61459,66,238,43.28,0.17,10.72,16.544,0.2171559333115369,-0.003812599309322833,0.09299999999999997,-0.04099569149809499,0.06916129032258064,-0.21990981616371835,-1.0752688172043015,-0.9615905120444751
30,2,61506,48,243,39.32,0.12,9.33,16.591,0.1717652827721455,-0.00364100719044168,0.09499999999999886,-0.038326391478333936,0.06019354838709678,-0.1684210526315809,-0.7368421052631667,-0.9126133411331524
30,2,61554,48,243,35.47,0.1,8.24,16.639,0.13045766590388846,-0.0032245048517785787,0.09399999999999764,-0.03430324310402829,0.05316129032258065,-0.1434454358270455,-0.4255319148936276,-0.797159411015986
30,2,61600,48,243,32.38,0.08,7.24,16.685,0.0968322981366447,-0.002598036404362545,0.0920000000000023,-0.028239526134374783,0.04670967741935484,-0.12552594670406425,-0.326086956521731,-0.6097474309592277
30,2,61646,21,254,29.74,0.07,6.45,16.731,0.07436090225563811,-0.0017817566272530171,0.09299999999999997,-0.019158673411322772,0.04161290322580645,-0.10960804717308363,-0.21505376344086033,-0.33635983366550615
30,2,61693,21,254,26.99,0.06,5.66,16.778,0.06555083360575265,-0.0007963309543328725,0.09399999999999764,-0.008471605897158431,0.036516129032258066,-0.10226492793411372,-0.10638297872340702,-0.040550033733733594
30,2,61740,21,254,24.56,0.06,4.96,16.825,0.07054919908466725,0.0003095224959485448,0.09299999999999997,0.0033281988811671493,0.032,-0.08949011446409993,-0.10752688172043008,0.2515756431752561
30,2,61786,241,21,22.25,0.05,4.37,16.871,0.08894736842105146,0.0014363249247550803,0.0920000000000023,0.015612227442989613,0.028193548387096774,-0.04838709677419238,-0.10869565217391026,0.4958994840598476
30,2,61832,241,21,24.89,0.05,4.27,16.917,0.11617195161817437,0.0024330256326391348,0.0920000000000023,0.02644593078955515,0.02754838709677419,0.12482468443197448,0.4347826086956412,0.6194124252028703
30,2,61878,241,21,36.79,0.09,6.15,16.963,0.14593331153971695,0.003125895449259147,0.09199999999999875,0.033977124448469447,0.03967741935483871,0.3548387096774243,1.1956521739130597,0.6047728015691406
30,2,61924,221,0,47.69,0.16,9.33,17.009,0.17181104936253455,0.0033697362284562933,0.09499999999999886,0.035470907667961404,0.06019354838709678,0.3640067911714813,1.3684210526315954,0.47425199153490116
30,2,61973,221,0,53.64,0.22,11.51,17.058,0.19098725073553202,0.0031009533252647986,0.09499999999999886,0.03264161395015617,0.07425806451612903,0.24923599320883152,1.1578947368421193,0.32762684743896314
30,2,62019,221,0,57.49,0.27,13.0,17.104,0.20293559986923568,0.0023693157630105244,0.09199999999999875,0.025753432206636485,0.08387096774193549,0.18092566619916106,0.869565217391316,0.23508677174979045
30,2,62065,15,224,60.13,0.3,14.09,17.15,0.21261523373651245,0.001334361088008805,0.0920000000000023,0.01450392486966056,0.09090322580645162,0.08345021037867949,0.43478260869564106,0.21117301761017995
30,2,62111,15,224,59.47,0.31,14.19,17.196,0.22236351748937272,0.00022697610256753543,0.0920000000000023,0.0024671315496470627,0.0915483870967742,-0.014025245441794947,-0.10869565217391042,0.19919837400684323
30,2,62157,15,224,56.5,0.29,13.89,17.242,0.23094148414514248,-0.0007113773646503638,0.09299999999999997,-0.0076492189747350975,0.08961290322580645,-0.06174124176205336,-0.5376344086021506,0.15325832111836185
30,2,62204,51,255,53.64,0.26,13.3,17.289,0.23661654135338037,-0.0012936917326437918,0.09399999999999764,-0.013762678006849193,0.08580645161290323,-0.10912834591626897,-0.7446808510638483,0.08172605426610081
30,2,62251,51,255,49.12,0.22,12.3,17.336,0.23862373324615577,-0.001438417546357959,0.09299999999999997,-0.01546685533718236,0.07935483870967742,-0.17898022892819995,-0.9677419354838712,-0.019157290139795044
30,2,62297,51,255,43.95,0.17,10.72,17.382,0.23483491337037943,-0.0011913985159527965,0.0920000000000023,-0.012949983869051811,0.06916129032258064,-0.21528751753155148,-1.0869565217391033,-0.17013232514177043
30,2,62343,239,40,39.21,0.12,9.23,17.428,0.2229715593331125,-0.0007097660402672119,0.09499999999999886,-0.007471221476497056,0.059548387096774194,-0.1215619694397298,-0.6315789473684287,-0.3334423014056876
30,2,62392,239,40,39.43,0.11,8.93,17.477,0.20315789473683948,-0.00020872093779081703,0.09499999999999886,-0.002197062503061258,0.05761290322580645,0.060441426146010835,0.4210526315789525,-0.45002666850191786
30,2,62438,239,40,47.47,0.16,10.12,17.523,0.1802190258254308,0.00011438463662691057,0.09199999999999875,0.0012433112676838273,0.06529032258064515,0.23632538569425293,1.1956521739130597,-0.4828943815114353
30,2,62484,11,241,54.96,0.22,12.3,17.569,0.15873161163778804,0.0001520494092382929,0.09199999999999875,0.001652710969981467,0.07935483870967742,0.18793828892005873,0.869565217391316,-0.4094119988060895
30,2,62530,11,241,54.08,0.24,12.8,17.615,0.1425531219352711,-7.442302059090977e-05,0.0920000000000023,-0.0008089458759881294,0.08258064516129032,-0.020336605890602603,-0.10869565217391042,-0.26361982460877076
30,2,62576,11,241,50.22,0.21,12.01,17.661,0.13447858777378052,-0.0004260745766942069,0.0920000000000023,-0.004631245398849959,0.07748387096774194,-0.11150070126226923,-0.652173913043462,-0.07234532455903175
30,2,62622,67,247,46.48,0.18,11.21,17.707,0.13589735207584,-0.0007028746395792638,0.09299999999999997,-0.007557791823432946,0.0723225806451613,-0.12417620534165803,-0.6451612903225808,0.11670129039288105
30,2,62669,67,247,42.95,0.15,10.22,17.754,0.14533180778031846,-0.0007218778352582511,0.09299999999999997,-0.0077621272608414124,0.06593548387096775,-0.13041970169961853,-0.6451612903225808,0.27076808430613364
30,2,62715,67,247,39.76,0.12,9.33,17.8,0.16107878391631042,-0.0003860749232403027,0.09199999999999875,-0.004196466556959869,0.06019354838709678,-0.1255259467040691,-0.6521739130434872,0.3872748980200977
30,2,62761,245,14,37.01,0.09,8.43,17.846,0.18096109839816696,0.000280953229814207,0.09299999999999997,0.0030210024711205064,0.054387096774193545,-0.07561567811307666,-0.3225806451612904,0.4431836955642908
30,2,62808,245,14,38.22,0.09,8.24,17.893,0.20229486760378945,0.0011453839667543342,0.09499999999999886,0.012056673334256293,0.05316129032258065,0.10118845500849022,0.6315789473684286,0.43997866519846496
30,2,62856,245,14,47.58,0.15,9.92,17.941,0.22275907159202063,0.0020124492703959104,0.09499999999999886,0.02118367653048352,0.064,0.29609507640068256,1.4736842105263335,0.4449338449097565
30,2,62903,242,69,56.39,0.23,12.6,17.988,0.24456358287021582,0.002693912856150858,0.09299999999999997,0.028966804904847942,0.08129032258064516,0.33714880332986474,1.612903225806452,0.527862433081294
30,2,62949,242,69,62.89,0.3,14.78,18.034,0.27185027786858096,0.0030662368385506564,0.09199999999999875,0.03332866128859455,0.09535483870967741,0.2573632538569461,1.4130434782608885,0.6820572224512136
30,2,62995,242,69,67.4,0.36,16.27,18.08,0.3073128473357266,0.0030975018996239195,0.0920000000000023,0.033668498908954805,0.10496774193548387,0.18092566619915407,1.0869565217391035,0.8243316230083411
30,2,63041,234,60,70.71,0.4,17.36,18.126,0.34768878718535023,0.0028368377638256738,0.0920000000000023,0.0308351930850609,0.112,0.12552594670406403,0.652173913043462,0.8579103713915842
30,2,63087,234,60,72.58,0.42,18.06,18.172,0.38624060150375433,0.0023772453104605054,0.09299999999999997,0.0255617775318334,0.11651612903225805,0.0825528962885884,0.3225806451612901,0.7774696207559465
30,2,63134,234,60,74.01,0.43,18.55,18.219,0.41999346191565323,0.0018122518597470751,0.09299999999999997,0.01948657913706533,0.11967741935483872,0.06174124176205351,0.21505376344086047,0.6369711094004213
30,2,63180,255,33,75.22,0.44,18.95,18.265,0.4454789146779935,0.001205531515881205,0.09199999999999875,0.013103603433491538,0.12225806451612903,0.06311360448807932,0.21739130434782925,0.4487826371221066
30,2,63226,255,33,77.64,0.45,19.45,18.311,0.4612814645308865,0.0005831889447249808,0.09600000000000009,0.0060748848408852104,0.12548387096774194,0.07997311827956977,0.20833333333333334,0.1783671134357611
30,2,63276,255,33,80.4,0.46,20.14,18.361,0.4626021575678266,-5.3590414481483606e-05,0.09600000000000009,-0.0005582334841821204,0.12993548387096773,0.0866935483870966,0.20833333333333276,-0.12858232537866232
30,2,63322,0,235,82.6,0.47,20.74,18.407,0.4489375612945349,-0.000706801564643456,0.09199999999999875,-0.007682625702646365,0.13380645161290322,0.028050490883590976,0.0,-0.40482823315377253
30,2,63368,0,235,78.41,0.46,20.54,18.453,0.42535796011768,-0.0013641385507856328,0.09199999999999875,-0.014827592943322298,0.13251612903225807,-0.1185133239831712,-0.32608695652174324,-0.5856915445513605
30,2,63414,0,235,70.16,0.44,19.05,18.499,0.39505393919581044,-0.001993725244961656,0.09299999999999997,-0.02143790585980276,0.12290322580645162,-0.22754075615678115,-0.7526881720430111,-0.7049179751623003
30,2,63461,65,224,62.89,0.39,17.26,18.546,0.3598005884275861,-0.0025499965718216444,0.09299999999999997,-0.02741931797657683,0.11135483870967743,-0.22684703433923015,-1.1827956989247315,-0.802180767486728
30,2,63507,65,224,57.82,0.33,15.78,18.592,0.32045112781954477,-0.002983386397916913,0.0920000000000023,-0.0324281130208352,0.10180645161290322,-0.20126227208975653,-1.1956521739130135,-0.8862302258481416
30,2,63553,65,224,53.86,0.28,14.39,18.638,0.27826740764955504,-0.0032470199938167783,0.09299999999999997,-0.034914193481900856,0.09283870967741936,-0.17204301075268807,-1.0752688172043015,-0.9187766049063641
30,2,63600,53,255,50.55,0.23,13.3,18.685,0.23500490356325293,-0.0032992830944107094,0.09299999999999997,-0.03547616230549151,0.08580645161290323,-0.17204301075268824,-0.9677419354838716,-0.9068252679384181
30,2,63646,53,255,46.37,0.19,11.91,18.731,0.19393265773128218,-0.0031062836331311274,0.10200000000000031,-0.030453761109128608,0.07683870967741936,-0.2074636306135352,-0.9803921568627422,-0.7458223564025035
30,2,63702,53,234,41.08,0.13,10.02,18.787,0.15893102321019734,-0.002648560262608498,0.10199999999999676,-0.025966277084397867,0.06464516129032258,-0.1884882985452306,-0.8823529411764985,-0.5964399489773137
30,2,63748,53,234,38.11,0.1,8.93,18.833,0.13309578293559812,-0.0019323909972315105,0.0920000000000023,-0.021004249969907195,0.05761290322580645,-0.12482468443197436,-0.4347826086956414,-0.442244552780801
30,2,63794,53,234,35.58,0.09,8.24,18.879,0.11824452435436263,-0.001001436428483169,0.0920000000000023,-0.010885178570468956,0.05316129032258065,-0.09747545582047443,-0.2173913043478207,-0.19351308327528874
30,2,63840,222,55,33.59,0.08,7.54,18.925,0.11529257927427111,5.7739230661566945e-05,0.09299999999999997,0.0006208519425974943,0.04864516129032258,-0.05549774540409301,-0.10752688172043008,0.04889502859533068
30,2,63887,222,55,33.92,0.08,7.44,18.972,0.12279176201372838,0.001121925102815295,0.09299999999999997,0.012063710782960166,0.048,0.03468609087755805,0.10752688172043008,0.2750565052181612
30,2,63933,222,55,39.65,0.09,8.04,19.018,0.1408728342595601,0.002051645557059688,0.09199999999999875,0.02230049518543169,0.051870967741935475,0.15287517531557002,0.5434782608695726,0.47529030515798043
30,2,63979,243,79,45.82,0.13,9.62,19.064,0.16651847008826198,0.002722578491004576,0.09199999999999875,0.029593244467441448,0.06206451612903225,0.2503506311360483,1.0869565217391453,0.6193058260016776
30,2,64025,243,79,52.87,0.19,11.61,19.11,0.19784897025171366,0.003058806284044975,0.09199999999999875,0.03324789439179366,0.0749032258064516,0.29943899018233233,1.4130434782608887,0.7203263356879918
30,2,64071,243,79,59.47,0.26,13.89,19.156,0.23278849297155632,0.003055157776988267,0.09499999999999886,0.0321595555472453,0.08961290322580645,0.2764006791171511,1.3684210526315954,0.7591404139639713
30,2,64120,223,55,64.87,0.32,15.68,19.205,0.26996730957829007,0.002778058391867029,0.09500000000000242,0.029242719914389037,0.10116129032258064,0.18200339558573397,1.0526315789473415,0.8077975258512103
30,2,64166,223,55,67.18,0.36,16.57,19.251,0.30952925792742325,0.002342353422625914,0.0920000000000023,0.02546036328941147,0.10690322580645162,0.09747545582047443,0.652173913043462,0.8563469164404063
30,2,64212,223,55,68.39,0.38,17.07,19.297,0.3487512258908094,0.0018719274381609327,0.09299999999999997,0.020128252023235843,0.11012903225806452,0.06174124176205351,0.3225806451612907,0.8132181786865375
30,2,64259,235,3,69.6,0.39,17.46,19.344,0.3851585485452712,0.001459162434166771,0.09299999999999997,0.015689918646954532,0.11264516129032259,0.05480402358654178,0.21505376344086047,0.72284498061422
30,2,64305,235,3,71.26,0.4,17.86,19.39,0.41597580908793186,0.0011385353449840955,0.09299999999999997,0.012242315537463397,0.1152258064516129,0.06243496357960437,0.3225806451612901,0.5662121643519673
30,2,64352,235,3,72.91,0.42,18.36,19.437,0.43781627983000415,0.0008832378166695314,0.09299999999999997,0.009497180824403567,0.1184516129032258,0.06867845993756524,0.3225806451612901,0.3515450618130127
30,2,64398,240,29,74.34,0.43,18.85,19.483,0.44866949983654203,0.0006243448772093032,0.09199999999999875,0.006786357360970779,0.12161290322580647,0.0624123422159897,0.21739130434782925,0.10354335744844063
30,2,64444,240,29,75.88,0.44,19.25,19.529,0.44734226871526056,0.0002840322549607812,0.09199999999999875,0.003087307119138968,0.12419354838709677,0.0561009817671815,0.10869565217391462,-0.1457211080631633
30,2,64490,240,29,77.2,0.44,19.65,19.575,0.4352631578947312,-0.00018984609901169947,0.09499999999999886,-0.0019983799895968604,0.1267741935483871,0.04685908319185116,0.1052631578947382,-0.3454173190413097
30,2,64539,63,238,78.64,0.45,19.94,19.624,0.41452762340633653,-0.000800277123577935,0.09500000000000242,-0.008423969721872785,0.12864516129032258,0.012903225806451353,0.10526315789473425,-0.4959653137420022
30,2,64585,63,238,75.11,0.45,19.84,19.67,0.3881464530892398,-0.0014968625164263932,0.0920000000000023,-0.016270244743764737,0.128,-0.11781206171107689,-0.32608695652173125,-0.6212601446906253
30,2,64631,63,238,67.18,0.42,18.26,19.716,0.3573716900947976,-0.0021915824352129504,0.09199999999999875,-0.02382154820883674,0.11780645161290323,-0.23632538569425293,-1.0869565217391455,-0.70476285231036
30,2,64677,4,246,60.35,0.35,16.47,19.762,0.32330827067668755,-0.0027871006595617943,0.09199999999999875,-0.030294572386541655,0.10625806451612903,-0.2510518934081382,-1.521739130434803,-0.7763619824608788
30,2,64723,4,246,54.08,0.28,14.68,19.808,0.2859463877083977,-0.0032051274313185216,0.09299999999999997,-0.034463735820629275,0.09470967741935483,-0.2476586888657649,-1.3978494623655915,-0.8387026472211276
30,2,64770,4,246,48.9,0.22,12.9,19.855,0.2453089244851227,-0.0034035020380663622,0.0940000000000012,-0.03620746849006722,0.0832258064516129,-0.2312971859986243,-1.1702127659574322,-0.8807286486335871
30,2,64817,2,255,44.61,0.17,11.31,19.902,0.20315789473683946,-0.0033772393874823992,0.09299999999999997,-0.03631440201593979,0.07296774193548387,-0.21366631980575787,-0.9677419354838712,-0.8854534653604451
30,2,64863,2,255,40.42,0.13,9.82,19.948,0.16296175220660133,-0.0031467100674898935,0.09199999999999875,-0.03420337029880365,0.06335483870967742,-0.17391304347826322,-0.7608695652174017,-0.8253976150205385
30,2,64909,2,255,36.46,0.1,8.83,19.994,0.12722131415495094,-0.0027412774236022434,0.0940000000000012,-0.02916252578300222,0.05696774193548387,-0.14962251201097962,-0.5319148936170146,-0.6907764322925545
30,2,64957,43,241,32.82,0.08,7.64,20.042,0.09802876757110039,-0.002187304755867879,0.0940000000000012,-0.023269199530509054,0.04929032258064516,-0.14275909402882456,-0.3191489361702087,-0.5454431638763746
30,2,65003,43,241,30.51,0.07,6.75,20.088,0.07594965675057108,-0.001505970915933924,0.09199999999999875,-0.016369249086238526,0.043548387096774194,-0.10448807854137586,-0.21739130434782908,-0.3661682561792006
30,2,65049,43,241,28.64,0.06,6.15,20.134,0.06434128800261439,-0.0007207467429464627,0.09299999999999997,-0.007749964977918956,0.03967741935483871,-0.08255289628858832,-0.10752688172043023,-0.10903837433696296
30,2,65096,217,43,26.88,0.06,5.56,20.181,0.06580908793723353,0.00013073457298763547,0.09299999999999997,0.0014057480966412422,0.03587096774193548,-0.0478668054110302,0.0,0.1600073114061431
30,2,65142,217,43,27.32,0.06,5.46,20.227,0.0792219679633857,0.0009880832072732373,0.09199999999999875,0.010740034861665769,0.035225806451612905,0.0343618513323988,0.10869565217391462,0.38031041687394296
30,2,65188,217,43,33.7,0.07,6.05,20.273,0.1007976462896358,0.0017690667390630433,0.09199999999999875,0.019228986294163777,0.03903225806451613,0.15287517531557007,0.43478260869565816,0.5141990136020583
30,2,65234,218,14,40.2,0.1,7.64,20.319,0.12652827721477442,0.0023815656026772657,0.09299999999999997,0.025608232286852328,0.04929032258064516,0.22060353798126958,0.7526881720430111,0.5669151841736108
30,2,65281,218,14,45.49,0.14,9.23,20.366,0.1535207584177816,0.002742689047560722,0.09299999999999997,0.029491280081298095,0.059548387096774194,0.19979188345473461,0.860215053763441,0.5809404296154055
30,2,65327,218,14,49.45,0.18,10.52,20.412,0.1805557371690071,0.0027983562675215337,0.09499999999999886,0.029456381763384918,0.06787096774193548,0.16162988115450097,0.7368421052631665,0.5325441750830159
30,2,65376,232,39,52.54,0.21,11.61,20.461,0.2041124550506675,0.002537769208114918,0.09500000000000242,0.02671336008541951,0.0749032258064516,0.14804753820033578,0.6315789473684049,0.44121746012627167
30,2,65422,232,39,55.73,0.24,12.7,20.507,0.22247139588100398,0.002000226461338219,0.0920000000000023,0.02174159197106705,0.08193548387096773,0.1528751753155642,0.7608695652173726,0.3272595477351103
30,2,65468,232,39,59.14,0.28,13.79,20.553,0.2342203334422984,0.0012734880077474493,0.09199999999999875,0.013842260953776811,0.08896774193548386,0.1458625525946724,0.7608695652174017,0.22318319428059735
30,2,65514,69,230,61.9,0.31,14.78,20.599,0.24300424975481866,0.0004826472357539142,0.09199999999999875,0.005246165606020878,0.09535483870967741,0.08345021037868286,0.32608695652174324,0.1766348764159924
30,2,65560,69,230,61.24,0.31,14.98,20.645,0.2504707420725695,-0.00023151436695593118,0.09299999999999997,-0.0024894017952250672,0.09664516129032258,-0.02705515088449516,-0.21505376344086047,0.1357179765683477
30,2,65607,69,230,57.27,0.29,14.39,20.692,0.255626021575675,-0.0007430118558516785,0.09299999999999997,-0.007989374794104073,0.09283870967741936,-0.09642733263961156,-0.6451612903225808,0.07037228414655054
30,2,65653,2,225,53.53,0.25,13.59,20.738,0.2570153644981987,-0.0009734168905458311,0.09199999999999875,-0.010580618375498308,0.0876774193548387,-0.10448807854137601,-0.7608695652174015,-0.009593928109498575
30,2,65699,2,225,50.77,0.22,12.9,20.784,0.25474338018960113,-0.0009165083141741999,0.09199999999999875,-0.00996204689319796,0.0832258064516129,-0.10448807854137586,-0.5434782608695725,-0.08861946927810996
30,2,65745,2,225,48.46,0.2,12.1,20.83,0.24886237332461267,-0.0006446555026924105,0.09500000000000242,-0.006785847396762044,0.07806451612903226,-0.09439728353140678,-0.5263157894736707,-0.16372739629393215
30,2,65794,233,52,46.48,0.17,11.51,20.879,0.23918927754167718,-0.00029144406542600443,0.09600000000000009,-0.0030358756815208766,0.07425806451612903,-0.04637096774193545,-0.3124999999999997,-0.2515459845265304
30,2,65841,233,52,46.48,0.17,11.41,20.926,0.22471395881006573,-1.2515691038190723e-05,0.09299999999999997,-0.00013457732299129813,0.07361290322580645,0.00693721817551158,0.21505376344086016,-0.36237156706632884
30,2,65887,233,52,50.66,0.19,11.61,20.972,0.2054887218045086,6.525930275632597e-05,0.0920000000000023,0.0007093402473513515,0.0749032258064516,0.12552594670406417,0.760869565217372,-0.4345694102932028
30,2,65933,53,237,56.06,0.24,13.2,21.018,0.18473357306309007,-0.00011019105349383552,0.09199999999999875,-0.0011977288423243154,0.08516129032258064,0.1248246844319794,0.6521739130434872,-0.41801100103756594
30,2,65979,53,237,55.18,0.25,13.39,21.064,0.16703170970905307,-0.0004926015585972597,0.09199999999999875,-0.00535436476736159,0.08638709677419355,-0.028050490883590826,-0.21739130434782894,-0.32786360987534985
30,2,66025,53,237,51.87,0.22,12.8,21.11,0.1545701209545583,-0.0009475441374195199,0.09199999999999875,-0.0102993927980384,0.08258064516129032,-0.09046283309958053,-0.6521739130434872,-0.2020765524397003
30,2,66071,53,255,48.46,0.19,12.1,21.156,0.1484406668846009,-0.0012948767534047593,0.09299999999999997,-0.013923405950588814,0.07806451612903226,-0.12417620534165803,-0.6451612903225808,-0.0678062617975505
30,2,66118,53,255,44.28,0.16,11.01,21.203,0.1482641386073861,-0.0013691173659388927,0.09299999999999997,-0.014721692106869818,0.07103225806451613,-0.1651057925771765,-0.7526881720430111,0.043657530924083796
30,2,66164,53,255,39.98,0.12,9.72,21.249,0.15250081726054068,-0.0010763992167547442,0.0940000000000012,-0.01145105549739075,0.06270967741935485,-0.1770761839395997,-0.7446808510638204,0.13086601795886252
30,2,66212,232,40,36.02,0.09,8.43,21.297,0.16056554429551934,-0.0004279128631418079,0.0940000000000012,-0.004552264501508536,0.054387096774193545,-0.1084420041180495,-0.42553191489361153,0.20240239822497424
30,2,66258,232,40,36.46,0.08,8.14,21.343,0.1715266426936885,0.00046187896910310043,0.09399999999999764,0.004913606054288425,0.052516129032258066,0.05490734385724232,0.2127659574468139,0.2527247814262787
30,2,66306,232,40,43.72,0.11,9.23,21.391,0.18432167374958894,0.001411115471585484,0.0940000000000012,0.015011866718994321,0.059548387096774194,0.19698009608784925,0.9574468085106262,0.31608855626577187
30,2,66352,239,42,50.77,0.17,11.01,21.437,0.20123896698267144,0.0022263649269331776,0.0920000000000023,0.024199618771012194,0.07103225806451613,0.26437587657783357,1.304347826086924,0.4378029193967746
30,2,66398,239,42,56.83,0.23,13.0,21.483,0.2245995423340932,0.002756920548225647,0.09199999999999875,0.029966527698105268,0.08387096774193549,0.25105189340813805,1.19565217391306,0.6052347314410796
30,2,66444,239,42,61.79,0.28,14.59,21.529,0.25692056227525,0.002928431163182134,0.09199999999999875,0.031830773512849714,0.09412903225806452,0.19495091164095624,1.0869565217391453,0.7238441093281407
30,2,66490,224,29,65.53,0.33,15.78,21.575,0.29119320039228125,0.0027475517338965503,0.09199999999999875,0.029864692759745518,0.10180645161290322,0.13884992987377473,0.8695652173913158,0.7249101013403079
30,2,66536,224,29,67.29,0.36,16.57,21.621,0.3236122915985574,0.002282479041250216,0.09299999999999997,0.024542785389787276,0.10690322580645162,0.08949011446409998,0.5376344086021506,0.6356353717392991
30,2,66583,224,29,68.5,0.38,17.07,21.668,0.35030728996403604,0.0016329660852821704,0.09500000000000242,0.017189116687180303,0.11012903225806452,0.053650254668929,0.3157894736842028,0.502813096815245
30,2,66631,233,18,69.6,0.39,17.36,21.716,0.3713795357960069,0.0009041880554188104,0.0940000000000012,0.009619021866157436,0.112,0.04735758407686984,0.212765957446806,0.3686714473510222
30,2,66677,233,18,70.93,0.4,17.76,21.762,0.38496240601503257,0.00019261303546639396,0.09199999999999875,0.002093619950721702,0.11458064516129034,0.06311360448807947,0.32608695652174324,0.20733544636638862
30,2,66723,233,18,72.36,0.42,18.26,21.808,0.3904543968617144,-0.00041710765836882756,0.09299999999999997,-0.00448502858461105,0.11780645161290323,0.05480402358654178,0.3225806451612901,0.048297461746932835
30,2,66770,42,236,73.57,0.43,18.55,21.855,0.3894540699574973,-0.0008521695287884193,0.0940000000000012,-0.009065633284983068,0.11967741935483872,0.019903912148249603,0.0,-0.04854875393849899
30,2,66817,42,236,70.93,0.42,18.55,21.902,0.38589081399149544,-0.0010573293524446116,0.09299999999999997,-0.011369132821985074,0.11967741935483872,-0.08949011446409998,-0.5376344086021506,-0.077859445247057
30,2,66863,42,236,64.54,0.38,17.26,21.948,0.382213141549521,-0.0010090966180464917,0.09199999999999875,-0.010968441500505494,0.11135483870967743,-0.19424964936886677,-1.086956521739145,-0.0729849197663341
30,2,66909,230,38,58.59,0.32,15.78,21.994,0.3791762013729928,-0.0007321880022132028,0.09199999999999875,-0.007958565241447965,0.10180645161290322,-0.13183730715287692,-0.7608695652174017,-0.07262958909561183
30,2,66955,230,38,58.59,0.31,15.38,22.04,0.3755312193527248,-0.00030653047067306005,0.09199999999999875,-0.003331852942098524,0.09922580645161291,-0.028050490883590674,-0.21739130434782925,-0.08034026465028346
30,2,67001,230,38,59.58,0.3,15.38,22.086,0.3717848970251668,0.0001442964815856307,0.09500000000000242,0.0015189103324802845,0.09922580645161291,0.040067911714769686,0.2105263157894685,-0.10815367939298678
30,2,67050,230,21,62.67,0.33,15.97,22.135,0.3652566198103908,0.0004830474699754355,0.09500000000000242,0.0050847102102676124,0.10303225806451613,0.08081494057724747,0.5263157894736707,-0.16868257600522413
30,2,67096,230,21,65.2,0.35,16.57,22.181,0.3557600523046701,0.0005975490528031245,0.09199999999999875,0.00649509840003405,0.10690322580645162,0.07713884992987481,0.4347826086956579,-0.24610202254217844
30,2,67142,230,21,67.18,0.37,17.07,22.227,0.3426152337365107,0.0004342899011251262,0.09199999999999875,0.004720542403534045,0.11012903225806452,0.06942496493688723,0.4347826086956585,-0.30746762937589706
30,2,67188,0,227,68.83,0.39,17.56,22.273,0.327473030402088,1.5212386912509147e-05,0.09299999999999997,0.00016357405282267905,0.11329032258064516,0.03399236906000689,0.21505376344086047,-0.3200146228122856
30,2,67235,0,227,67.4,0.39,17.56,22.32,0.31285387381496815,-0.0005675613187718085,0.09299999999999997,-0.00610280987926676,0.11329032258064516,-0.05480402358654178,-0.3225806451612907,-0.29737738455535373
30,2,67281,0,227,63.0,0.36,16.77,22.366,0.2998169336384401,-0.0011768172222138187,0.09299999999999997,-0.012653948625955043,0.10819354838709677,-0.12348248352410687,-0.7526881720430111,-0.27772798054040765
30,2,67328,28,238,58.92,0.32,15.78,22.413,0.28702517162471025,-0.001666678077550765,0.09299999999999997,-0.0179212696510835,0.10180645161290322,-0.1449878598681929,-0.9677419354838709,-0.3103129492736014
30,2,67374,28,238,54.85,0.27,14.68,22.459,0.27095782935599516,-0.0019188639414776923,0.09199999999999875,-0.02085721675519259,0.09470967741935483,-0.16058906030855752,-0.9782608695652306,-0.37135608397174485
30,2,67420,28,238,50.99,0.23,13.49,22.505,0.2528604118993102,-0.0018683331239779265,0.09499999999999886,-0.019666664462925778,0.08703225806451613,-0.16842105263158097,-0.842105263157905,-0.33874159081915295
30,2,67469,217,62,47.58,0.19,12.2,22.554,0.23877737822817602,-0.001512302166268105,0.09500000000000242,-0.015918970171242806,0.07870967741935483,-0.10050933786077841,-0.526315789473671,-0.2528173981865316
30,2,67515,217,62,47.8,0.18,12.01,22.6,0.22884275907158907,-0.0009026772191784804,0.0920000000000023,-0.009811708904113672,0.07748387096774194,-0.013323983169705057,-0.10869565217391042,-0.14643176940460248
30,2,67561,217,62,49.01,0.18,12.01,22.646,0.22530565544295225,-0.00012752527552057914,0.09199999999999875,-0.0013861442991367485,0.07748387096774194,0.041374474053296396,0.21739130434782925,0.005649757664482038
30,2,67607,217,65,51.87,0.2,12.6,22.692,0.22936253677672142,0.0007096924094915824,0.09199999999999875,0.007714047929256436,0.08129032258064516,0.09046283309958053,0.43478260869565816,0.1894978466961356
30,2,67653,217,65,54.52,0.22,13.3,22.738,0.2427394573389965,0.0015054679972750673,0.09199999999999875,0.01636378257907704,0.08580645161290323,0.09046283309958053,0.4347826086956579,0.41396023139133326
30,2,67699,217,65,56.61,0.24,13.89,22.784,0.26744687806472356,0.0021635250060263065,0.09299999999999997,0.023263709742218357,0.08961290322580645,0.07561567811307666,0.43010752688172066,0.6107484700531056
30,2,67746,255,86,58.15,0.26,14.39,22.831,0.2995390650539353,0.0025974401630276117,0.09299999999999997,0.02792946411857648,0.09283870967741936,0.11723898716614645,0.6451612903225808,0.6891703311574779
30,2,67792,255,86,63.44,0.3,15.58,22.877,0.331539718862369,0.0027350540374627493,0.09199999999999875,0.029728848233291156,0.10051612903225807,0.21528751753155978,1.3043478260869743,0.6617678411529773
30,2,67838,255,86,70.16,0.38,17.46,22.923,0.36042170644000837,0.0025288271701165927,0.09500000000000242,0.026619233369647666,0.11264516129032259,0.22886247877758326,1.3684210526315441,0.5224273498391089
30,2,67887,228,22,75.88,0.43,18.95,22.972,0.3811703170970856,0.001970449040186285,0.09600000000000009,0.02052551083527378,0.12225806451612903,0.14045698924731156,0.6249999999999994,0.33187588536558377
30,2,67934,228,22,77.64,0.44,19.55,23.019,0.39228179143510444,0.0011032109718435983,0.09299999999999997,0.011862483568210737,0.12612903225806452,0.06174124176205351,0.10752688172043023,0.12179818409979909
30,2,67980,228,22,78.3,0.44,19.84,23.065,0.3924975482183669,2.51015982961178e-05,0.09299999999999997,0.00026990965909804094,0.128,0.03399236906000689,0.10752688172043023,-0.098000963137155
30,2,68027,42,247,78.97,0.45,20.04,23.112,0.38316770186334903,-0.0011215306256077433,0.09299999999999997,-0.012059469092556382,0.12929032258064516,-0.006937218175511879,0.0,-0.2970961766266963
30,2,68073,42,247,74.67,0.44,19.74,23.158,0.36486760379208416,-0.0021740217208809478,0.0920000000000023,-0.023630670879140146,0.1273548387096774,-0.1528751753155642,-0.5434782608695515,-0.48125986042609353
30,2,68119,42,247,65.31,0.4,17.86,23.204,0.3388917947041473,-0.002983255466776372,0.09199999999999875,-0.03242668985626535,0.1152258064516129,-0.2917251051893445,-1.4130434782608887,-0.6356865699219697
30,2,68165,28,249,56.83,0.31,15.58,23.25,0.30638443935926374,-0.003448870567150937,0.09199999999999875,-0.03748772355598896,0.10051612903225807,-0.3064516129032299,-1.9565217391304617,-0.7584533166564814
30,2,68211,28,249,50.11,0.22,13.49,23.296,0.269114089571752,-0.0035442501630208287,0.09199999999999875,-0.03852445829370518,0.08703225806451613,-0.27840112201963924,-1.5217391304348031,-0.8575905737879673
30,2,68257,28,249,44.61,0.17,11.61,23.342,0.2274861065707718,-0.0033213332381006283,0.09499999999999886,-0.03496140250632282,0.0749032258064516,-0.2424448217317516,-1.052631578947381,-0.888800949742777
30,2,68306,8,229,39.87,0.12,9.92,23.391,0.18467799934618917,-0.0028921153988956407,0.09600000000000009,-0.030126202071829564,0.064,-0.16666666666666638,-0.7291666666666661,-0.8495423340960981
30,2,68353,8,229,37.01,0.1,9.13,23.438,0.14593004249754632,-0.0023924782861037865,0.09300000000000352,-0.025725572968856945,0.05890322580645162,-0.11030176899063059,-0.3225806451612781,-0.7923033389926027
30,2,68399,8,229,35.13,0.09,8.33,23.484,0.11099378881987432,-0.001940407375435842,0.0920000000000023,-0.02109138451560645,0.05374193548387097,-0.09747545582047443,-0.2173913043478207,-0.7241283738646911
30,2,68445,48,243,33.37,0.08,7.74,23.53,0.07931023210199308,-0.0016022041870999112,0.09199999999999875,-0.01741526290326014,0.049935483870967745,-0.09046283309958045,-0.21739130434782894,-0.6271586338246375
30,2,68491,48,243,31.39,0.07,7.04,23.576,0.05329519450800845,-0.0013769114617049637,0.09299999999999997,-0.014805499588225421,0.04541935483870968,-0.08949011446409998,-0.21505376344086033,-0.46494215904416836
30,2,68538,48,243,29.63,0.06,6.45,23.623,0.03607061131088543,-0.0012027754484896444,0.09299999999999997,-0.01293306933859833,0.04161290322580645,-0.07561567811307666,-0.10752688172043023,-0.24212002657414625
30,2,68584,17,243,27.87,0.06,5.95,23.669,0.03077803203661286,-0.0009828758597175326,0.09199999999999875,-0.010683433257799413,0.03838709677419355,-0.0694249649368873,0.0,0.012472106542348269
30,2,68630,17,243,26.32,0.06,5.46,23.715,0.037218045112781456,-0.0006219841589392203,0.09199999999999875,-0.0067606973797742255,0.035225806451612905,-0.0624123422159897,-0.10869565217391447,0.21280753869551017
30,2,68676,17,243,24.89,0.05,5.06,23.761,0.05035632559659953,-6.381591845550627e-05,0.0940000000000012,-0.0006788927495266538,0.03264516129032258,-0.05490734385724021,-0.10638297872340285,0.3231482962725881
30,2,68724,222,0,23.57,0.05,4.66,23.809,0.06759398496240512,0.0006828495575438858,0.09500000000000242,0.007187890079409141,0.03006451612903226,-0.033955857385398094,0.0,0.41289723163743025
30,2,68771,222,0,24.56,0.05,4.56,23.856,0.0895815626021564,0.0015386713118103268,0.09299999999999997,0.01654485281516481,0.029419354838709676,0.055497745404092975,0.10752688172043008,0.5044167220294712
30,2,68817,222,0,32.27,0.06,5.46,23.902,0.11450474011114593,0.0023727673123172216,0.09299999999999997,0.02551362701416368,0.035225806451612905,0.19979188345473473,0.5376344086021507,0.5867051921528851
30,2,68864,242,21,40.31,0.1,7.44,23.949,0.1441451454723747,0.003041450217971552,0.09299999999999997,0.032703765784640355,0.048,0.2955254942767952,1.0752688172043015,0.6728602712953409
30,2,68910,242,21,48.35,0.16,9.72,23.995,0.1770807453416126,0.003433165219010422,0.09199999999999875,0.03731701325011379,0.06270967741935485,0.333800841514731,1.3043478260869743,0.7454482141080494
30,2,68956,242,21,55.4,0.22,12.2,24.041,0.2127263811703143,0.0035021855634592676,0.09199999999999875,0.03806723438542734,0.07870967741935483,0.3134642356241276,1.4130434782608885,0.787839163125205
30,2,69002,223,38,61.01,0.29,14.19,24.087,0.24956194834913048,0.0032776231568859586,0.09199999999999875,0.03562633866180438,0.0915483870967742,0.21598877980364956,1.19565217391306,0.8211336469718726
30,2,69048,223,38,63.66,0.33,15.28,24.133,0.28827067669172557,0.002845023831846358,0.09299999999999997,0.03059165410587483,0.09858064516129032,0.11723898716614645,0.6451612903225808,0.8439049939012917
30,2,69095,223,38,65.09,0.35,15.88,24.18,0.3280451127819506,0.0023100014136022027,0.09500000000000242,0.02431580435370678,0.10245161290322581,0.07402376910016803,0.42105263157893646,0.793723439032333
30,2,69143,236,44,66.63,0.37,16.37,24.228,0.3636744033997991,0.0017607811453878863,0.0940000000000012,0.01873171431263685,0.10561290322580646,0.07481125600548963,0.425531914893612,0.6582946728523271
30,2,69189,236,44,68.5,0.39,16.97,24.274,0.3899248120300701,0.0012455495925911074,0.09199999999999875,0.013538582528164395,0.10948387096774193,0.08345021037868255,0.4347826086956579,0.4631735292863544
30,2,69235,236,44,70.38,0.41,17.56,24.32,0.40628636809414315,0.0007722320081286042,0.09299999999999997,0.008303569979877468,0.11329032258064516,0.07561567811307666,0.4301075268817203,0.263702735098613
30,2,69282,224,15,72.14,0.43,18.06,24.367,0.4144491663942411,0.0003275426116253115,0.09299999999999997,0.0035219635658635656,0.11651612903225805,0.06174124176205351,0.21505376344086047,0.10682386189878437
30,2,69328,224,15,73.13,0.43,18.45,24.413,0.4162209872507301,-9.594235515788441e-05,0.09199999999999875,-0.0010428516864987578,0.11903225806451613,0.048387096774194366,0.10869565217391462,-0.007568543286382839
30,2,69374,224,15,73.79,0.44,18.75,24.459,0.4137528604118939,-0.00047855609316996707,0.09299999999999997,-0.005145764442687819,0.12096774193548387,0.02774887270204662,0.10752688172043023,-0.06710324197590614
30,2,69421,16,238,74.45,0.44,18.85,24.506,0.4099803857469708,-0.000769023863214354,0.09299999999999997,-0.008269073798003809,0.12161290322580647,0.0069372181755117295,0.0,-0.08921321536660587
30,2,69467,16,238,71.48,0.44,18.85,24.552,0.40545603138279956,-0.0009001984310443411,0.09299999999999997,-0.009679553021982165,0.12161290322580647,-0.09642733263961156,-0.4301075268817203,-0.07828125714004429
30,2,69514,16,238,64.65,0.4,17.46,24.599,0.4027002288329467,-0.0008190541032027489,0.09499999999999886,-0.008621622138976407,0.11264516129032259,-0.21528013582343228,-1.0526315789473808,-0.03929732798816237
30,2,69562,248,10,58.15,0.34,15.68,24.647,0.4017227852239242,-0.0005167804122465363,0.0940000000000012,-0.005497663960069465,0.10116129032258064,-0.14275909402882456,-0.8510638297872234,-0.01133731646414804
30,2,69608,248,10,58.15,0.32,15.38,24.693,0.4016345210853168,-4.296157683268476e-05,0.0920000000000023,-0.00046697366122482265,0.09922580645161291,0.020336605890602603,0.10869565217390982,0.010944184658241976
30,2,69654,248,10,62.34,0.35,15.97,24.739,0.40272965021248247,0.0005047671865150499,0.09299999999999997,0.005427604156075807,0.10303225806451613,0.13735691987513002,0.8602150537634413,0.04014243181586432
30,2,69701,235,19,68.39,0.4,17.36,24.786,0.40536776724419216,0.0010109217132448195,0.09299999999999997,0.01087012594886903,0.112,0.16579951439472765,0.8602150537634413,0.08991623518825054
30,2,69747,235,19,72.36,0.43,18.36,24.832,0.41109186008498977,0.0013771960087876102,0.09199999999999875,0.01496952183464814,0.1184516129032258,0.11851332398317135,0.4347826086956579,0.15655869352019075
30,2,69793,235,19,74.89,0.44,19.05,24.878,0.4197711670480495,0.00154670058155018,0.09199999999999875,0.016811962842936966,0.12290322580645162,0.07643758765778519,0.21739130434782925,0.19511207129354588
30,2,69839,244,33,76.65,0.45,19.45,24.924,0.42904217064399575,0.0015100945032103538,0.09199999999999875,0.016414070687069286,0.12548387096774194,0.062412342215989555,0.10869565217391462,0.20833037224441017
30,2,69885,244,33,78.53,0.45,19.94,24.97,0.438937561294535,0.0012965035954249622,0.09299999999999997,0.013940898875537233,0.12864516129032258,0.06174124176205351,0.10752688172043023,0.20819932017982867
30,2,69932,244,33,80.29,0.46,20.34,25.017,0.4484047074207198,0.0009577353377040829,0.09600000000000009,0.009976409767750855,0.13122580645161291,0.05376344086021497,0.20833333333333276,0.20251035196687048
30,2,69981,238,26,81.83,0.47,20.74,25.066,0.45837855508335457,0.0005536502905820555,0.09499999999999886,0.005827897795600654,0.13380645161290322,0.04074702886247931,0.10526315789473761,0.2129694946749027
30,2,70027,238,26,82.71,0.47,20.94,25.112,0.4686368094148353,0.0001421715246345947,0.0920000000000023,0.0015453426590716429,0.1350967741935484,0.0343618513323974,0.0,0.1945435422203832
30,2,70073,238,26,83.48,0.47,21.23,25.158,0.47627656096763027,-0.0002270795420706122,0.09299999999999997,-0.0024417155061356157,0.13696774193548386,0.03399236906000689,0.0,0.09431010907352391
30,2,70120,41,226,84.14,0.47,21.43,25.205,0.47740764955867304,-0.0005186526021760364,0.09299999999999997,-0.005576909700817598,0.13825806451612904,0.0,0.0,-0.04084545163750839
30,2,70166,41,226,80.62,0.47,21.23,25.251,0.472477933965342,-0.0007185562872486813,0.0920000000000023,-0.007810394426615906,0.13696774193548386,-0.09747545582047458,-0.21739130434782022,-0.14739116221555226
30,2,70212,41,226,73.35,0.45,20.04,25.297,0.4638476626348419,-0.0008409686554865239,0.09299999999999997,-0.009042673714908862,0.12929032258064516,-0.1789802289281998,-0.4301075268817203,-0.22862204599858404
30,2,70259,240,62,67.07,0.43,18.65,25.344,0.4512160836874737,-0.0009285448907841101,0.09299999999999997,-0.009984353664345273,0.12032258064516128,-0.11654526534859529,-0.3225806451612907,-0.3291890314847382
30,2,70305,240,62,66.96,0.42,18.36,25.39,0.43323308270676125,-0.0010408060634767224,0.09199999999999875,-0.011313109385616702,0.1184516129032258,-0.02734922861150091,-0.10869565217391462,-0.4468283184331343
30,2,70351,240,62,67.95,0.42,18.26,25.436,0.4101078783916259,-0.0012313817519065608,0.09600000000000009,-0.012826893249026665,0.11780645161290323,0.03293010752688193,0.10416666666666667,-0.5324792960662452
30,2,70401,23,255,71.26,0.43,18.85,25.486,0.38211507028440167,-0.0015235500700455553,0.09600000000000009,-0.01587031322964119,0.12161290322580647,0.026209677419354656,0.10416666666666667,-0.6154652936689459
30,2,70447,23,255,67.95,0.43,18.65,25.532,0.351023210199407,-0.0018973111048241904,0.09199999999999875,-0.020622946791567568,0.12032258064516128,-0.15287517531557007,-0.6521739130434872,-0.6957374532740171
30,2,70493,23,255,59.14,0.37,16.67,25.578,0.31810722458319296,-0.002295594099066916,0.09299999999999997,-0.024683807516848566,0.10754838709677421,-0.30939993062781823,-1.720430107526882,-0.7287854981071096
30,2,70540,45,216,51.21,0.27,14.19,25.625,0.28324615887544585,-0.002645292221063997,0.09299999999999997,-0.028444002377032235,0.0915483870967742,-0.2892819979188348,-1.7204301075268822,-0.786257368526495
30,2,70586,45,216,47.14,0.21,12.5,25.671,0.24498528931022895,-0.002879824243354806,0.09199999999999875,-0.03130243742777006,0.08064516129032258,-0.18793828892005873,-0.978260869565231,-0.8676464317694056
30,2,70632,45,216,44.5,0.18,11.51,25.717,0.20342268715266162,-0.002951174040822087,0.0920000000000023,-0.0320779787045871,0.07425806451612903,-0.13183730715287184,-0.652173913043462,-0.8381895191665053
30,2,70678,80,242,42.51,0.15,10.62,25.763,0.16787185354690853,-0.0028293704199882333,0.09299999999999997,-0.03042333784933585,0.06851612903225807,-0.13111342351716967,-0.6451612903225808,-0.6827728507805191
30,2,70725,80,242,39.65,0.12,9.62,25.81,0.13992481203007337,-0.002497375425160138,0.09299999999999997,-0.02685349919527031,0.06206451612903225,-0.13111342351716962,-0.5376344086021506,-0.5165438139528278
30,2,70771,80,242,36.79,0.1,8.73,25.856,0.11983327884929557,-0.001951759144997907,0.0940000000000012,-0.020763395159551938,0.056322580645161296,-0.10844200411804943,-0.3191489361702087,-0.3616812614329444
30,2,70819,21,244,34.03,0.09,8.04,25.904,0.10592677345537617,-0.001213749224529578,0.09499999999999886,-0.012776307626627289,0.051870967741935475,-0.10797962648557013,-0.21052631578947625,-0.22783503380877773
30,2,70866,21,244,31.72,0.08,7.14,25.951,0.09818895063746194,-0.0003459620913814048,0.0940000000000012,-0.0036804477806531956,0.04606451612903226,-0.10226492793410978,-0.2127659574468057,-0.09713228492136651
30,2,70913,21,244,29.63,0.07,6.55,25.998,0.0967963386727676,0.0005372251670057286,0.09299999999999997,0.005776614698986331,0.04225806451612903,-0.0894901144640999,-0.21505376344086033,0.044219946781399025
30,2,70959,252,49,27.76,0.06,5.85,26.044,0.10230140568813205,0.0012791971115641357,0.09199999999999875,0.013904316430045142,0.03774193548387097,-0.05610098176718173,-0.10869565217391462,0.1296601617465215
30,2,71005,252,49,30.29,0.06,5.75,26.09,0.10872507355344742,0.0017174868115694669,0.09299999999999997,0.018467600124402874,0.037096774193548385,0.15886229621921616,0.5376344086021507,0.09490767592192147
30,2,71052,252,49,42.95,0.11,8.14,26.137,0.11112781954887074,0.0017400390710758168,0.09299999999999997,0.018710097538449648,0.052516129032258066,0.427332639611516,1.612903225806452,0.020282121854425503
30,2,71098,5,251,54.63,0.21,11.91,26.183,0.11061131088590899,0.0013389653119151746,0.09199999999999875,0.014553970781686878,0.07683870967741936,0.31276297335203784,1.1956521739130597,-0.0047969640547492875
30,2,71144,5,251,53.2,0.22,12.6,26.229,0.11068649885583381,0.0006333562612055986,0.09199999999999875,0.006884307187017469,0.08129032258064516,-0.007012622720897819,-0.21739130434782894,0.01499495430447568
30,2,71190,5,251,47.91,0.19,11.81,26.275,0.11199084668192073,-0.00015606874509093417,0.10200000000000031,-0.0015300857361856244,0.07619354838709677,-0.13788741302972757,-0.7843137254901935,0.04647167791601661
30,2,71246,73,230,43.17,0.14,10.42,26.331,0.11542661000326752,-0.0007738673337446133,0.10200000000000031,-0.007586934644555009,0.0672258064516129,-0.16318785578747574,-0.7843137254901937,0.11098718663666646
30,2,71292,73,230,39.32,0.11,9.23,26.377,0.12331153971886075,-0.001011044190005185,0.09299999999999997,-0.010871442903281563,0.059548387096774194,-0.13805064169268128,-0.5376344086021508,0.2215215457999812
30,2,71339,211,0,37.01,0.09,8.43,26.424,0.13602811376266577,-0.0007686015675140237,0.0940000000000012,-0.00817661242036185,0.054387096774193545,-0.06177076183939523,-0.21276595744680585,0.3157407858220868
30,2,71386,211,0,37.23,0.09,8.33,26.471,0.15299117358613729,-8.273847705622828e-05,0.09299999999999997,-0.0008896610436153581,0.05374193548387097,0.0,0.0,0.39411291201354925
30,2,71432,211,0,39.87,0.09,8.43,26.517,0.17268061457992584,0.0008919900756567483,0.09199999999999875,0.00969554430061696,0.054387096774193545,0.0631136044880794,0.3260869565217436,0.4407876970308571
30,2,71478,242,30,43.84,0.12,9.23,26.563,0.19354364171297558,0.0019314533935904875,0.09299999999999997,0.020768316060112774,0.059548387096774194,0.16510579257717672,0.8602150537634413,0.4479290793603865
30,2,71525,242,30,50.22,0.17,10.81,26.61,0.21433801896044177,0.0028053632134549585,0.09299999999999997,0.030165195843601715,0.06974193548387098,0.2684703433922998,1.2903225806451617,0.4909538924449909
30,2,71571,242,30,57.16,0.24,13.1,26.656,0.23920235371035972,0.0033366649319289863,0.09299999999999997,0.03587811754762352,0.08451612903225807,0.2892819979188345,1.3978494623655915,0.627480341808229
30,2,71618,255,10,62.67,0.3,14.98,26.703,0.27269369074860705,0.0034413950769200527,0.09299999999999997,0.03700424813892531,0.09664516129032258,0.24072147069025332,1.2903225806451617,0.7635146772963167
30,2,71664,255,10,67.95,0.36,16.57,26.749,0.31020921869891716,0.0031403010408593596,0.09499999999999886,0.03305580043009892,0.10690322580645162,0.20916808149406013,1.157894736842119,0.7836410247586932
30,2,71713,255,10,72.91,0.41,18.06,26.798,0.347139588100682,0.0025422205571899214,0.09500000000000242,0.026760216391472177,0.11651612903225805,0.1752122241086541,0.7368421052631392,0.7413499423615967
30,2,71759,207,5,76.43,0.43,19.15,26.844,0.38063746322327063,0.0018069186289473328,0.0920000000000023,0.01964041987986182,0.12354838709677418,0.09747545582047458,0.32608695652173125,0.6801384368292874
30,2,71805,207,5,76.54,0.44,19.45,26.89,0.409712324288978,0.0010995431388523258,0.09299999999999997,0.011823044503788453,0.12548387096774194,0.020811654526535037,0.10752688172043023,0.5576704735189936
30,2,71852,207,5,75.99,0.44,19.45,26.937,0.432500817260537,0.0005496380645047197,0.09299999999999997,0.005910086715104515,0.12548387096774194,0.0,0.0,0.43049418778361903
30,2,71898,236,79,75.55,0.44,19.45,26.983,0.4497482837528546,0.00022514721924375892,0.09199999999999875,0.0024472523830843694,0.12548387096774194,0.007012622720897668,0.0,0.3008584789004649
30,2,71944,236,79,75.99,0.44,19.55,27.029,0.4601797973193794,0.0001266120402964539,0.09299999999999997,0.0013614197881339134,0.12612903225806452,0.02705515088449531,0.10752688172043023,0.16643994277418406
30,2,71991,236,79,77.31,0.45,19.84,27.076,0.4652271984308537,0.00020023892073333727,0.09299999999999997,0.002153106674552014,0.128,0.03399236906000689,0.10752688172043023,0.06847413062811226
30,2,72037,246,42,78.53,0.45,20.04,27.122,0.46654789146779385,0.0003630955309128403,0.09199999999999875,0.003946690553400491,0.12929032258064516,0.04207573632538631,0.10869565217391462,0.015456884176414706
30,2,72083,246,42,80.29,0.46,20.44,27.168,0.46664923177508383,0.0005313288153710119,0.09499999999999886,0.005592934898642298,0.1318709677419355,0.06112054329371911,0.1052631578947382,-0.0031658092599921
30,2,72132,246,42,82.27,0.46,20.94,27.217,0.4662471395880946,0.0006431934565623472,0.09500000000000242,0.00677045743749822,0.1350967741935484,0.053650254668928844,0.10526315789473367,0.0017205485108657153
30,2,72178,246,64,83.7,0.47,21.23,27.263,0.4668126838836161,0.0006716907021665648,0.0920000000000023,0.007300985893114652,0.13696774193548386,0.0413744740532948,0.10869565217390982,0.031126966755261096
30,2,72224,246,64,84.91,0.47,21.53,27.309,0.4691108205295787,0.0006253189606610867,0.09299999999999997,0.006723859792054698,0.13890322580645162,0.041623309053069775,0.0,0.05494099906146712
30,2,72271,246,64,86.01,0.47,21.83,27.356,0.4719221967963325,0.0005386757463949614,0.09299999999999997,0.005792212326827544,0.14083870967741935,0.034686090877558196,0.10752688172043023,0.06190089529574202
30,2,72317,241,44,86.89,0.48,22.03,27.402,0.4748676037920827,0.0004566855541061088,0.09299999999999997,0.004910597355979666,0.14212903225806453,0.02705515088449531,0.10752688172043023,0.06938805639624908
30,2,72364,241,44,87.67,0.48,22.22,27.449,0.4783752860411837,0.0004169335514397012,0.09999999999999787,0.004169335514397101,0.1433548387096774,0.02516129032258117,0.0,0.07943772474664992
30,2,72417,241,44,88.22,0.48,22.42,27.502,0.4828113762667475,0.00043438234445626736,0.09899999999999665,0.004387700449053354,0.1446451612903226,0.019550342130988118,0.0,0.10837370105104917
30,2,72463,255,28,88.55,0.48,22.52,27.548,0.4891042824452372,0.0004921160275362766,0.0920000000000023,0.005349087255828959,0.14529032258064517,0.014025245441794796,0.0,0.1404977472035422
30,2,72509,255,28,89.54,0.48,22.62,27.594,0.49573716900947373,0.0005408173440011481,0.09500000000000242,0.005692814147380361,0.14593548387096775,0.02037351443123875,0.0,0.10319849968169423
30,2,72558,255,28,90.64,0.48,22.82,27.643,0.4989081399149984,0.0005082243229466847,0.09499999999999886,0.005349729715228325,0.1472258064516129,0.027164685908319344,0.0,0.020853047951687523
30,2,72604,210,49,91.41,0.48,23.02,27.689,0.497718208564884,0.00031762284202459766,0.09199999999999875,0.0034524221959195867,0.14851612903225805,0.021037868162693308,0.0,-0.09913725713148688
30,2,72650,210,49,91.08,0.48,23.12,27.735,0.4897875122589017,-8.827580812909374e-05,0.09199999999999875,-0.000959519653577119,0.14916129032258066,0.0,0.0,-0.24105632701792362
30,2,72696,210,49,90.53,0.48,23.02,27.781,0.47554102647923535,-0.0007242249879481904,0.0920000000000023,-0.00787201073856709,0.14851612903225805,0.0,0.0,-0.3908992708614486
30,2,72742,47,243,89.98,0.48,23.12,27.827,0.45382477933964754,-0.0015475525472250986,0.0940000000000012,-0.016463324970479563,0.14916129032258066,-0.03431708991077492,0.0,-0.534592726033386
30,2,72790,47,243,84.03,0.48,22.52,27.875,0.42528931023209643,-0.0024579349310541437,0.09399999999999764,-0.026148243947385165,0.14529032258064517,-0.17021276595745122,-0.21276595744681345,-0.677700263610004
30,2,72836,47,243,73.02,0.46,20.64,27.921,0.39012095456030876,-0.0033142186096781715,0.09199999999999875,-0.03602411532258931,0.13316129032258064,-0.29172510518934497,-0.6521739130434872,-0.7944483136006371
30,2,72882,72,238,63.22,0.42,18.36,27.967,0.3522000653808388,-0.003964491277719315,0.0920000000000023,-0.043092296496948,0.1184516129032258,-0.32047685834501305,-1.304347826086924,-0.8240118254046902
30,2,72928,72,238,56.06,0.34,16.07,28.013,0.31431186662307536,-0.004280514002570605,0.09500000000000242,-0.045058042132321015,0.1036774193548387,-0.29677419354837953,-1.6842105263157463,-0.7810946129625822
30,2,72977,72,238,50.22,0.26,13.99,28.062,0.2779960771493916,-0.004186830546294196,0.09499999999999886,-0.04407190048730786,0.09025806451612903,-0.2560271646859113,-1.4736842105263335,-0.7409370107190164
30,2,73023,5,255,45.93,0.2,12.3,28.108,0.24392285060476965,-0.0036782933897382543,0.09199999999999875,-0.03998144988845983,0.07935483870967742,-0.2363253856942528,-1.19565217391306,-0.7026308682860275
30,2,73069,5,255,41.52,0.15,10.62,28.154,0.21335403726707797,-0.0028240242145680374,0.09199999999999875,-0.030695915375739954,0.06851612903225807,-0.22230014025245745,-0.8695652173913163,-0.621828673763805
30,2,73115,5,255,37.45,0.12,9.13,28.2,0.18671461261850036,-0.0017578864708712718,0.09199999999999875,-0.01910746163990539,0.05890322580645162,-0.20196353436185407,-0.5434782608695725,-0.537153374930711
30,2,73161,230,22,33.81,0.1,7.74,28.246,0.16393592677345323,-0.0006556544797220117,0.0920000000000023,-0.007126679127412992,0.049935483870967745,-0.1044880785413719,-0.21739130434782053,-0.4377318532626299
30,2,73207,230,22,34.36,0.1,7.64,28.292,0.1464432821183374,0.00029974709078800645,0.0920000000000023,0.0032581205520434667,0.04929032258064516,0.06241234221598722,0.10869565217391026,-0.3224981167474326
30,2,73253,230,22,41.08,0.11,8.63,28.338,0.13426610003268868,0.0009590759660038639,0.09299999999999997,0.010312644795740475,0.05567741935483871,0.21366631980575793,0.6451612903225808,-0.1943498296934456
30,2,73300,55,216,48.35,0.16,10.72,28.385,0.12836874795684697,0.001242033271152735,0.09399999999999764,0.013213119905880491,0.06916129032258064,0.17021276595745102,0.7446808510638484,-0.06725880380878275
30,2,73347,55,216,48.35,0.18,11.11,28.432,0.12794377247466326,0.0011537466696778615,0.09499999999999886,0.0121447017860829,0.0716774193548387,0.02648556876061151,0.2105263157894761,0.02670291288862884
30,2,73395,55,216,48.02,0.18,11.11,28.48,0.13090552468126668,0.0007756007643993019,0.0940000000000012,0.008251071961694596,0.0716774193548387,0.0,-0.1063829787234027,0.05856454271664217
30,2,73441,57,236,47.69,0.17,11.11,28.526,0.1334488394900277,0.00023476258548611284,0.09299999999999997,0.0025243288761947623,0.0716774193548387,-0.01387443635102316,-0.21505376344086016,0.030511060259343612
30,2,73488,57,236,46.15,0.16,10.91,28.573,0.13374305328538563,-0.0003346477971538935,0.09299999999999997,-0.0035983634102569203,0.07038709677419355,-0.05480402358654178,-0.3225806451612904,-0.014939171209932092
30,2,73534,57,236,43.84,0.14,10.32,28.619,0.13205949656750401,-0.0008246392071761548,0.09199999999999875,-0.008963469643219195,0.06658064516129032,-0.08345021037868271,-0.43478260869565816,-0.07515243685773984
30,2,73580,59,245,41.96,0.12,9.72,28.665,0.12682902909447366,-0.0011715855563523175,0.09199999999999875,-0.012734625612525363,0.06270967741935485,-0.07643758765778504,-0.3260869565217437,-0.15382264735562953
30,2,73626,59,245,39.76,0.11,9.23,28.711,0.11790781301078629,-0.001357490997293974,0.0920000000000023,-0.014755336927108044,0.059548387096774194,-0.08345021037867971,-0.326086956521731,-0.24780760976163468
30,2,73672,59,245,37.45,0.09,8.53,28.757,0.1040307289964027,-0.0013980221169471942,0.0920000000000023,-0.0151958925755126,0.05503225806451612,-0.0764375876577821,-0.326086956521731,-0.30416305413816924
30,2,73718,12,241,35.47,0.08,8.14,28.803,0.08992481203007402,-0.0013244722021813695,0.09299999999999997,-0.014241636582595375,0.052516129032258066,-0.06174124176205336,-0.21505376344086016,-0.29611194887639486
30,2,73765,12,241,33.81,0.07,7.64,28.85,0.07649231775089799,-0.0011674131775422057,0.09600000000000009,-0.0121605539327313,0.04929032258064516,-0.060483870967741875,-0.20833333333333318,-0.22549580472921119
30,2,73814,12,241,32.27,0.06,7.24,28.899,0.06827721477606973,-0.0009478018615019499,0.09499999999999886,-0.009976861700020646,0.04670967741935484,-0.05365025466893107,-0.1052631578947382,-0.12966053577880607
30,2,73860,33,242,31.06,0.06,6.85,28.945,0.06417456685191156,-0.0006775995455744939,0.09199999999999875,-0.007365212451896773,0.04419354838709677,-0.05539971949509196,0.0,-0.06289352871782483
30,2,73906,33,242,29.96,0.06,6.45,28.991,0.06249101013402992,-0.0003677848702948303,0.09199999999999875,-0.0039976616336395146,0.04161290322580645,-0.049088359046283905,0.0,-0.010482254786304128
30,2,73952,33,242,28.86,0.06,6.15,29.037,0.06321019941157159,-3.836612485479485e-05,0.09299999999999997,-0.0004125389769332781,0.03967741935483871,-0.04856052722858136,-0.10752688172043008,0.031424986027480506
30,2,73999,217,1,27.98,0.05,5.75,29.084,0.0654135338345856,0.0002761319615252145,0.09299999999999997,0.0029691608766152103,0.037096774193548385,-0.033992369060006966,-0.10752688172043008,0.053113147525193784
30,2,74045,217,1,28.2,0.05,5.66,29.13,0.06814972213141461,0.0005303992138954685,0.09199999999999875,0.005765208846689953,0.036516129032258066,0.03506311360448857,0.10869565217391447,0.06637576929090228
30,2,74091,217,1,34.03,0.06,6.25,29.176,0.07152010460934853,0.0006812647160896841,0.0920000000000023,0.007405051261844207,0.04032258064516129,0.14586255259466677,0.5434782608695516,0.07483263925408717
30,2,74137,68,239,40.53,0.1,7.74,29.222,0.0750343249427908,0.0007040117884613907,0.0920000000000023,0.007652302048493186,0.049935483870967745,0.13253856942496164,0.4347826086956414,0.07227425842488751
30,2,74183,68,239,40.42,0.1,8.14,29.268,0.07816933638443835,0.0006030879235568216,0.09399999999999764,0.0064158289740089015,0.052516129032258066,0.02059025394646573,0.0,0.05675613640947941
30,2,74231,68,239,39.43,0.1,8.04,29.316,0.08036940176528173,0.00041069777845593514,0.09499999999999886,0.004323134510062527,0.051870967741935475,-0.020373514431239654,-0.1052631578947382,0.03389480566404564
30,2,74278,61,226,37.45,0.09,7.84,29.363,0.08138934292252265,0.0001738975812355754,0.09299999999999997,0.0018698664648986608,0.05058064516129032,-0.027748872702046394,-0.21505376344086033,0.006256876412630377
30,2,74324,61,226,36.24,0.08,7.64,29.409,0.08095129127165636,-6.25796189255876e-05,0.09299999999999997,-0.000672899128232125,0.04929032258064516,-0.020811654526534887,-0.10752688172043008,-0.012724658771753798
30,2,74371,61,226,35.58,0.08,7.54,29.456,0.08020594965674954,-0.0002690300020219363,0.09299999999999997,-0.0028927957206659827,0.04864516129032258,-0.020811654526534887,-0.10752688172043008,-0.03434251828730265
30,2,74417,57,234,34.91,0.07,7.34,29.502,0.07775743707093721,-0.00043389989565088084,0.09199999999999875,-0.004716303213596595,0.04735483870967742,-0.028050490883590826,-0.10869565217391447,-0.07980726864420033
30,2,74463,57,234,34.14,0.07,7.14,29.548,0.07286368094148321,-0.0005575938152252027,0.0920000000000023,-0.006060802339404225,0.04606451612903226,-0.027349228611500003,0.0,-0.15659422658725614
30,2,74509,57,234,33.48,0.07,6.95,29.594,0.06335076822490929,-0.0006413139259763048,0.09299999999999997,-0.006895848666411881,0.044838709677419354,-0.02011793270898373,-0.10752688172043023,-0.19586132230998018
30,2,74556,35,239,32.71,0.06,6.85,29.641,0.05464857796665506,-0.0006769127335775531,0.09299999999999997,-0.007278631543844659,0.04419354838709677,-0.020811654526534815,-0.10752688172043023,-0.14752870957196468
30,2,74602,35,239,32.05,0.06,6.65,29.687,0.04963059823471658,-0.0006430815381647994,0.0940000000000012,-0.006841292959199907,0.04290322580645162,-0.027453671928620086,-0.10638297872340285,-0.042254108907791
30,2,74650,35,239,31.28,0.05,6.45,29.735,0.050676691729322654,-0.000510684391620785,0.09399999999999764,-0.005432812676816999,0.04161290322580645,-0.027453671928621196,-0.10638297872340687,0.05164391088730225
30,2,74696,44,244,30.62,0.05,6.25,29.781,0.05448512585812287,-0.00025632305762279996,0.0920000000000023,-0.0027861201915521036,0.04032258064516129,-0.02805049088358974,0.0,0.10496468013132623
30,2,74742,44,244,29.85,0.05,6.05,29.827,0.06033344230140491,0.00012067903435750793,0.09299999999999997,0.001297624025349548,0.03903225806451613,-0.02774887270204647,0.0,0.12756294663727866
30,2,74789,44,244,29.19,0.05,5.85,29.874,0.06634847989538978,0.0005854227471882725,0.09299999999999997,0.006294868249336265,0.03774193548387097,-0.02705515088449531,-0.10752688172043016,0.1470365956968137
30,2,74835,242,41,28.42,0.04,5.66,29.92,0.07400784570120858,0.0010664473269171334,0.09299999999999997,0.01146717555824875,0.036516129032258066,-0.013180714533472077,0.0,0.20591450575948736
30,2,74882,242,41,29.52,0.05,5.66,29.967,0.0854985289310221,0.0014708094662650498,0.09299999999999997,0.0158151555512371,0.036516129032258066,0.11654526534859522,0.43010752688172055,0.2737207675570379
30,2,74928,242,41,40.53,0.08,7.34,30.013,0.0994638770840131,0.0017120841521502683,0.0920000000000023,0.01860961034945897,0.04735483870967742,0.3197755960729233,1.086956521739103,0.31038134087580727
30,2,74974,17,228,50.44,0.15,10.22,30.059,0.11405361229159708,0.0017398616468495885,0.09199999999999875,0.018911539639669697,0.06593548387096775,0.2433380084151507,0.9782608695652308,0.30558437682106965
30,2,75020,17,228,49.78,0.17,10.81,30.105,0.12757763975155112,0.00155612458956338,0.09499999999999886,0.01638025883750946,0.06974193548387098,0.027164685908319493,0.1052631578947382,0.2530926859482802
30,2,75069,17,228,48.24,0.16,10.62,30.154,0.1380974174566834,0.0012103665109170283,0.09499999999999886,0.01274070011491624,0.06851612903225807,-0.026485568760611655,-0.2105263157894764,0.1965554618812479
30,2,75115,223,53,46.15,0.15,10.42,30.2,0.14625040863026945,0.0007781921749850138,0.09199999999999875,0.008458610597663308,0.0672258064516129,-0.021037868162693155,-0.10869565217391462,0.15094446892277955
30,2,75161,223,53,46.04,0.15,10.32,30.246,0.15198430859757894,0.0003373956374346339,0.0920000000000023,0.003667343885158972,0.06658064516129032,-0.007012622720897398,0.10869565217391042,0.11189362821040812
30,2,75207,223,53,48.02,0.16,10.32,30.292,0.15654462242562725,-4.6031896513687445e-05,0.09299999999999997,-0.000494966629179435,0.06658064516129032,0.06867845993756509,0.43010752688172066,0.07940608885467415
30,2,75254,66,241,51.98,0.19,11.31,30.339,0.15936907486106364,-0.0003194320235194095,0.09299999999999997,-0.0034347529410689204,0.07296774193548387,0.08949011446409982,0.43010752688172066,0.05933487294674199
30,2,75300,66,241,51.65,0.2,11.61,30.385,0.16206276560967425,-0.0004396441707643213,0.0920000000000023,-0.00477874098656859,0.0749032258064516,-0.014025245441794947,-0.10869565217391042,0.07142146481515434
30,2,75346,66,241,48.13,0.18,11.11,30.431,0.165939849624058,-0.0003732074856807834,0.09299999999999997,-0.0040129837169976725,0.0716774193548387,-0.07561567811307666,-0.5376344086021508,0.10548812423766146
30,2,75393,217,7,44.83,0.15,10.52,30.478,0.17187316116377677,-0.00010443547357660954,0.09299999999999997,-0.00112296208146892,0.06787096774193548,-0.05480402358654178,-0.4301075268817203,0.1721344033294995
30,2,75439,217,7,44.83,0.14,10.32,30.524,0.18194834913370145,0.0003528055013373983,0.09499999999999886,0.003713742119341079,0.06658064516129032,-0.006791171477079836,0.0,0.2950740696133927
30,2,75488,217,7,47.25,0.15,10.42,30.573,0.19990519777704874,0.0009478092967401732,0.09499999999999886,0.009976939965686153,0.0672258064516129,0.053650254668931,0.4210526315789522,0.4372946095215149
30,2,75534,234,31,50.55,0.18,11.11,30.619,0.22349133703824486,0.0015963117435520448,0.09199999999999875,0.017351214603826808,0.0716774193548387,0.1318373071528771,0.7608695652174017,0.5534630527168581
30,2,75580,234,31,54.96,0.22,12.3,30.665,0.250823798626999,0.00219483859481214,0.09199999999999875,0.023856941247958365,0.07935483870967742,0.18793828892005857,0.8695652173913163,0.6134073368676894
30,2,75626,234,31,59.25,0.26,13.79,30.711,0.2799248120300715,0.002641682388035248,0.09299999999999997,0.028405186968120954,0.08896774193548386,0.1859174471037114,0.860215053763441,0.6216101262975031
30,2,75673,255,53,62.89,0.3,14.98,30.758,0.30863354037266677,0.0028582060636034774,0.09299999999999997,0.030733398533370735,0.09664516129032258,0.17898022892820012,1.0752688172043012,0.613033284473448
30,2,75719,255,53,67.73,0.36,16.37,30.804,0.33693690748610217,0.002805253221666385,0.0920000000000023,0.030491882844199073,0.10561290322580646,0.2089761570827438,1.1956521739130135,0.6124834771237884
30,2,75765,255,53,72.8,0.41,17.96,30.85,0.3649820202680567,0.002491638461146824,0.0920000000000023,0.027083026751595234,0.11587096774193549,0.19495091164094858,0.7608695652173724,0.6148997256846995
30,2,75811,255,15,76.87,0.43,19.15,30.896,0.39350768224909594,0.0019733265909878703,0.09199999999999875,0.021449202075955402,0.12354838709677418,0.1388499298737746,0.4347826086956585,0.593473286240175
30,2,75857,255,15,79.96,0.45,19.94,30.942,0.41958156260215207,0.001342879161146815,0.09600000000000009,0.01398832459527931,0.12864516129032258,0.10013440860215056,0.3125,0.5032622316661137
30,2,75907,255,15,82.49,0.46,20.64,30.992,0.4418208564890429,0.000709920331988954,0.09600000000000009,0.0073950034582182635,0.13316129032258064,0.07997311827956977,0.20833333333333276,0.4177222948675987
30,2,75953,50,220,84.36,0.47,21.13,31.038,0.4596829029094416,0.00017524054926332155,0.09199999999999875,0.0019047885789491732,0.13632258064516128,0.034361851332398725,0.10869565217391401,0.3187316116377909
30,2,75999,50,220,80.95,0.47,21.13,31.084,0.47114416475971926,-0.00019632750521719798,0.09199999999999875,-0.002133994621926094,0.13632258064516128,-0.07643758765778504,-0.21739130434782863,0.17734553775743667
30,2,76045,50,220,74.67,0.45,20.04,31.13,0.47599869238312553,-0.00039637385516806846,0.09299999999999997,-0.00426208446417278,0.12929032258064516,-0.15123135622615333,-0.4301075268817203,0.019965762934686087
30,2,76092,255,64,69.16,0.43,18.95,31.177,0.47300098071264507,-0.0004775355238978314,0.09299999999999997,-0.005134790579546576,0.12225806451612903,-0.09642733263961156,-0.21505376344086047,-0.14608751893759508
30,2,76138,255,64,68.94,0.43,18.65,31.223,0.4624125531219292,-0.000536248894826727,0.09199999999999875,-0.0058287923350731985,0.12032258064516128,0.0,0.0,-0.32523416291200746
30,2,76184,255,64,72.03,0.43,18.95,31.269,0.4430794377247408,-0.0006764218650701146,0.0920000000000023,-0.007352411576848888,0.12225806451612903,0.09046283309957703,0.21739130434782084,-0.4770669585115722
30,2,76230,39,235,77.2,0.45,19.94,31.315,0.41852239293886345,-0.0009674769230570419,0.0920000000000023,-0.010516053511489322,0.12864516129032258,0.06241234221598729,0.10869565217391042,-0.5718336483931719
30,2,76276,39,235,74.12,0.44,19.84,31.361,0.39047074207256766,-0.0014152868106323275,0.09499999999999886,-0.0148977559013931,0.128,-0.10118845500849015,-0.31578947368421456,-0.6296863440064684
30,2,76325,39,235,66.85,0.42,18.45,31.41,0.3587021902582497,-0.001959201373773013,0.09499999999999886,-0.020623172355505644,0.11903225806451613,-0.2016977928692723,-0.7368421052631667,-0.6915916794274005
30,2,76371,29,246,60.68,0.37,16.87,31.456,0.3247695325269654,-0.002495376822317912,0.09299999999999997,-0.02683200884212809,0.10883870967741936,-0.22684703433923,-1.2903225806451617,-0.7569765929550288
30,2,76418,29,246,55.07,0.3,15.18,31.503,0.288303367113432,-0.002914410816965262,0.09299999999999997,-0.03133775072005659,0.09793548387096775,-0.24141519250780447,-1.397849462365592,-0.7779968856221804
30,2,76464,29,246,49.89,0.24,13.39,31.549,0.25241582216410263,-0.0031369087045055775,0.09299999999999997,-0.0337302011237159,0.08638709677419355,-0.23378425251474175,-1.2903225806451617,-0.7665025115383032
30,2,76511,0,255,45.6,0.18,11.81,31.596,0.21701863354036985,-0.0031346009102515035,0.09299999999999997,-0.033705386131736605,0.07619354838709677,-0.21297259798820684,-1.0752688172043012,-0.7605971450364947
30,2,76557,0,255,41.52,0.14,10.32,31.642,0.18168028767570865,-0.00293252451604366,0.09299999999999997,-0.03153252167788883,0.06658064516129032,-0.1997918834547347,-0.860215053763441,-0.7526530210519192
30,2,76604,0,255,37.67,0.1,8.93,31.689,0.14702190258254139,-0.0025949017094768186,0.09299999999999997,-0.027902168919105585,0.05761290322580645,-0.16510579257717659,-0.5376344086021508,-0.7066403737253284
30,2,76650,18,252,34.14,0.09,7.94,31.735,0.11596273291925313,-0.0022015220586912676,0.09199999999999875,-0.023929587594470624,0.051225806451612906,-0.1325385694249667,-0.21739130434782908,-0.6502551274215788
30,2,76696,18,252,31.17,0.08,7.04,31.781,0.08719843085975695,-0.0018226155814391224,0.0940000000000012,-0.019389527462118077,0.04541935483870968,-0.11599176389841998,-0.2127659574468057,-0.5746558811459583
30,2,76744,18,252,28.53,0.07,6.25,31.829,0.061945080091532365,-0.0014991821159266213,0.0940000000000012,-0.01594874591411279,0.04032258064516129,-0.10157858613589443,-0.21276595744680585,-0.4401730505727666
30,2,76790,77,231,26.32,0.06,5.56,31.875,0.045822164105916365,-0.0012334512627526486,0.09299999999999997,-0.013262916803791925,0.03587096774193548,-0.07561567811307666,-0.21505376344086033,-0.24240123450280365
30,2,76837,77,231,25.22,0.05,5.16,31.922,0.03940176528277163,-0.000991485270633949,0.09299999999999997,-0.01066113194230053,0.03329032258064516,-0.041623309053069706,0.0,-0.05508160302579649
30,2,76883,77,231,24.78,0.06,4.96,31.968,0.04069957502451729,-0.0007174717492409446,0.09299999999999997,-0.007714749991838116,0.032,-0.027748872702046505,0.0,0.07708612344324949
30,2,76930,59,248,24.34,0.05,4.76,32.015,0.04657077476299383,-0.00035684754269162334,0.09299999999999997,-0.0038370703515228327,0.030709677419354837,-0.027748872702046505,-0.10752688172043008,0.1612375960940197
30,2,76976,59,248,23.46,0.05,4.56,32.061,0.05569467146126112,0.00011740242332294226,0.09199999999999875,0.0012761132969885203,0.029419354838709676,-0.0343618513323988,0.0,0.20541666074448886
30,2,77022,59,248,22.36,0.05,4.27,32.107,0.06546910755148655,0.00068375383816623,0.09199999999999875,0.0074321069365895585,0.02754838709677419,-0.03436185133239877,0.0,0.23071620449990776
30,2,77068,238,38,21.48,0.05,4.07,32.153,0.07692056227525235,0.0012660082826233578,0.09300000000000352,0.013612992286272147,0.026258064516129033,-0.02081165452653402,-0.10752688172042606,0.24320970729768496
30,2,77115,238,38,23.79,0.04,3.97,32.2,0.08808761033017211,0.001748465918256568,0.09499999999999886,0.01840490440270094,0.025612903225806453,0.12088285229202182,0.21052631578947625,0.2333752000137642
30,2,77163,238,38,35.47,0.07,5.85,32.248,0.09909120627655968,0.002010643331853263,0.09399999999999409,0.02138982267929138,0.03774193548387097,0.34042553191491504,1.1702127659575203,0.22542480159697312
30,2,77209,63,226,46.48,0.15,8.93,32.294,0.10927754168028625,0.001969387583890953,0.09200000000000585,0.021406386781422038,0.05761290322580645,0.25736325385692604,0.9782608695651551,0.18114757593415057
30,2,77255,63,226,46.15,0.16,9.52,32.34,0.11575678326250259,0.0016106034008752249,0.09200000000000585,0.017506558705164373,0.061419354838709674,0.041374474053293274,0.10869565217390623,0.08872606847932014
30,2,77301,63,226,45.6,0.16,9.52,32.386,0.11744033998038422,0.000997542580873711,0.09299999999999642,0.010726264310470425,0.061419354838709674,-0.013180714533472505,-0.10752688172043434,-0.00042181189298625153
30,2,77348,38,227,44.06,0.15,9.33,32.433,0.11571755475645487,0.0002550581115321151,0.09299999999999642,0.0027425603390551067,0.06019354838709678,-0.020117932708984425,-0.21505376344086838,-0.04780534787178437
30,2,77394,38,227,42.84,0.14,9.23,32.479,0.11299444262830845,-0.00046033406476403904,0.09300000000000352,-0.004949828653376577,0.059548387096774194,-0.013874436351022704,-0.21505376344085195,-0.06126817745626055
30,2,77441,38,227,41.85,0.13,9.13,32.526,0.11001961425302242,-0.0009932038050540406,0.09300000000000352,-0.010679610807032289,0.05890322580645162,-0.020811654526534093,-0.10752688172042613,-0.03704914460063027
30,2,77487,49,255,40.97,0.13,8.93,32.572,0.1095488721804497,-0.001218472598081756,0.09199999999999875,-0.01324426737045405,0.05761290322580645,-0.04908835904628406,-0.21739130434782908,0.031979760364995655
30,2,77533,49,255,38.66,0.11,8.43,32.618,0.11296175220660198,-0.0010655522423053227,0.09199999999999875,-0.011582089590275405,0.054387096774193545,-0.09046283309958045,-0.43478260869565816,0.11107636766775157
30,2,77579,49,255,35.47,0.09,7.64,32.664,0.11976789800588271,-0.0005358017608258274,0.09499999999999886,-0.005640018535008777,0.04929032258064516,-0.10730050933786207,-0.3157894736842143,0.16954285026066304
30,2,77628,231,11,32.49,0.08,6.85,32.713,0.12906832298136478,0.0002912348924650008,0.09499999999999886,0.0030656304470000452,0.04419354838709677,-0.06044142614601091,-0.2105263157894761,0.2462793138452536
30,2,77674,231,11,32.71,0.07,6.75,32.759,0.14316443282118152,0.0012688303903330383,0.09199999999999875,0.013791634677533212,0.043548387096774194,0.05539971949509196,0.21739130434782908,0.4090211350682949
30,2,77720,231,11,40.53,0.1,7.64,32.805,0.1666982674076474,0.002213772559633469,0.09199999999999875,0.0240627452134076,0.04929032258064516,0.2082748948106621,0.9782608695652306,0.5741788308199618
30,2,77766,244,41,48.13,0.16,9.72,32.851,0.19598888525661728,0.0029511059889089923,0.09199999999999875,0.032077239009880784,0.06270967741935485,0.30645161290323003,1.3043478260869743,0.6825902184572964
30,2,77812,244,41,55.18,0.22,12.01,32.897,0.2294965675057178,0.0033592423714506373,0.09300000000000352,0.036120885714521614,0.07748387096774194,0.30315643426984623,1.3978494623655382,0.7396823053425614
30,2,77859,244,41,61.24,0.29,14.09,32.944,0.2647793396534781,0.0033994250602245443,0.09300000000000352,0.03655295763682167,0.09090322580645162,0.2615331252167781,1.3978494623655382,0.7786296034616303
30,2,77905,237,18,65.86,0.35,15.78,32.99,0.3019091206276522,0.003119126099433993,0.09299999999999642,0.03353899031649584,0.10180645161290322,0.1859174471037185,1.0752688172043428,0.7876985591608953
30,2,77952,237,18,68.83,0.39,16.77,33.037,0.33803530565543854,0.002629595296278886,0.09299999999999642,0.028275218239559006,0.10819354838709677,0.1165452653485999,0.6451612903226055,0.7698770066822234
30,2,77998,237,18,70.93,0.41,17.46,33.083,0.3735076822490962,0.0020676117861212263,0.09499999999999886,0.02176433459075001,0.11264516129032259,0.09439728353141032,0.4210526315789522,0.7150943720858207
30,2,78047,255,61,72.8,0.43,18.16,33.132,0.4059692710035907,0.0015556896996985828,0.09499999999999886,0.01637568104945896,0.11716129032258064,0.10118845500849,0.31578947368421456,0.6405946215653532
30,2,78093,255,61,75.44,0.44,18.95,33.178,0.434364171297804,0.0011725142549392658,0.09199999999999875,0.012744720162383497,0.12225806451612903,0.10448807854137586,0.21739130434782925,0.5764529471125824
30,2,78139,255,61,78.3,0.45,19.65,33.224,0.45900294213794757,0.0009390054343967513,0.09200000000000585,0.010206580808659691,0.1267741935483871,0.0904628330995734,0.21739130434781245,0.4671532327984069
30,2,78185,211,71,80.73,0.46,20.24,33.27,0.4773422687152602,0.0008194484188359184,0.09200000000000585,0.008907048030824634,0.1305806451612903,0.055399719495087756,0.10869565217390623,0.31894481004019914
30,2,78231,211,71,80.73,0.46,20.44,33.316,0.48834586466164775,0.0007344479519774971,0.09299999999999642,0.00789728980620995,0.1318709677419355,0.013874436351023988,0.0,0.15322317012728598
30,2,78278,211,71,80.18,0.46,20.44,33.363,0.49159202353709724,0.0005827889853221287,0.09299999999999642,0.006266548229270442,0.1318709677419355,0.0,0.10752688172043375,-0.048613820666674704
30,2,78324,235,42,79.63,0.47,20.44,33.409,0.4838247793396472,0.0002700292498861465,0.09199999999999875,0.002935100542240763,0.1318709677419355,0.0,0.0,-0.26532541182824765
30,2,78370,235,42,79.74,0.46,20.44,33.455,0.4671820856488988,-0.00025968850503068096,0.09199999999999875,-0.002822701141637875,0.1318709677419355,0.014025245441795337,0.0,-0.4538283326463608
30,2,78416,235,42,80.4,0.47,20.64,33.501,0.44207257273618256,-0.0009957753354046766,0.09600000000000364,-0.010372659743798323,0.13316129032258064,0.02016129032257976,0.10416666666666223,-0.5533194399040801
30,2,78466,27,247,81.17,0.47,20.74,33.551,0.4140634194181051,-0.0018479190794311294,0.09600000000000364,-0.01924915707740687,0.13380645161290322,-0.013440860215053172,-0.10416666666666223,-0.5855671788165768
30,2,78512,27,247,76.54,0.46,20.44,33.597,0.38585812356978905,-0.002657476374698511,0.09199999999999875,-0.02888561276846247,0.1318709677419355,-0.1535764375876597,-0.4347826086956579,-0.6112042867092117
30,2,78558,27,247,66.63,0.43,18.55,33.643,0.3578326250408584,-0.003236662848122908,0.09199999999999875,-0.03518111791437991,0.11967741935483872,-0.2994389901823323,-1.0869565217391455,-0.6112398197762843
30,2,78604,10,252,57.93,0.36,16.17,33.689,0.32962406015037166,-0.003426891534554581,0.09199999999999875,-0.03724882102776769,0.1043225806451613,-0.32678821879383346,-1.739130434782632,-0.6177423710505003
30,2,78650,10,252,50.77,0.27,13.89,33.735,0.30100032690421313,-0.003156747693619767,0.09299999999999642,-0.033943523587310634,0.08961290322580645,-0.31633714880334224,-1.8279569892473821,-0.6177786682695675
30,2,78697,10,252,44.83,0.19,11.61,33.782,0.2721706440013041,-0.0024765831588305733,0.09300000000000352,-0.026629926439037412,0.0749032258064516,-0.2892819979188235,-1.5053763440859647,-0.6192550098949725
30,2,78743,236,62,39.76,0.13,9.72,33.828,0.2434096109839785,-0.0015533067793247835,0.09200000000000585,-0.016883769340485702,0.06270967741935485,-0.1528751753155582,-0.6521739130434367,-0.615077391020036
30,2,78789,236,62,40.31,0.13,9.43,33.874,0.21558352402745717,-0.0006234795929719361,0.09199999999999875,-0.006776952097521137,0.060838709677419354,0.0561009817671815,0.21739130434782894,-0.5751737566979833
30,2,78835,236,62,46.59,0.15,10.52,33.92,0.19049362536776476,8.013455433489724e-05,0.09499999999999886,0.0008435216245778758,0.06787096774193548,0.21528013582343206,0.8421052631579047,-0.5105211541439406
30,2,78884,0,244,54.08,0.21,12.6,33.969,0.1670840143837834,0.00040114177670369955,0.09499999999999886,0.00422254501793373,0.08129032258064516,0.1684210526315811,0.7368421052631667,-0.45222897059582534
30,2,78930,0,244,52.98,0.22,13.0,34.015,0.14753187316116187,0.00030338465356695996,0.09299999999999642,0.0032622005759889426,0.08387096774193549,-0.04092958723552004,-0.21505376344086838,-0.3736198842126453
30,2,78977,0,244,49.12,0.19,12.01,34.062,0.13233736515200872,-0.00012833416549471366,0.09299999999999642,-0.001379937263384071,0.07748387096774194,-0.1380506416926866,-0.6451612903226055,-0.28725389912369326
30,2,79023,51,230,45.38,0.16,11.01,34.108,0.12081726054265943,-0.0007251014855097928,0.09200000000000585,-0.007881537885975507,0.07103225806451613,-0.12552594670405934,-0.6521739130434367,-0.2163253123356428
30,2,79069,51,230,42.62,0.13,10.22,34.154,0.11243543641712832,-0.0012885258859206045,0.09300000000000352,-0.0138551170529092,0.06593548387096775,-0.09642733263960795,-0.5376344086021302,-0.15716008112847937
30,2,79116,51,230,40.42,0.11,9.62,34.201,0.10620137299771029,-0.001642363413442146,0.09299999999999642,-0.017659821649916228,0.06206451612903225,-0.06867845993756772,-0.32258064516130275,-0.09518888385058265
30,2,79162,50,241,38.55,0.1,9.23,34.247,0.10358287021902447,-0.0016693586869906767,0.09199999999999875,-0.018145203119464125,0.059548387096774194,-0.07643758765778504,-0.21739130434782908,-0.01137058146310983
30,2,79208,50,241,36.57,0.09,8.53,34.293,0.1051552795031042,-0.0013313705441706611,0.09199999999999875,-0.014471418958376949,0.05503225806451612,-0.09046283309958045,-0.21739130434782908,0.061578805236152834
30,2,79254,50,241,34.8,0.08,7.94,34.339,0.10924812030075046,-0.0006750634671006761,0.0940000000000012,-0.007181526245751782,0.051225806451612906,-0.08167467398764476,-0.2127659574468057,0.08729038136506659
30,2,79302,213,43,33.15,0.07,7.34,34.387,0.11336057535142056,0.0001759107180409778,0.09499999999999886,0.00185169176885242,0.04735483870967742,-0.04753820033955915,-0.10526315789473804,0.07205657163503726
30,2,79349,213,43,33.37,0.07,7.24,34.434,0.11609349460607891,0.00104390239745684,0.09299999999999642,0.011224756961901937,0.04670967741935484,0.0069372181755119194,0.10752688172043419,0.09747369827092507
30,2,79395,213,43,37.23,0.08,7.44,34.48,0.12242562929061625,0.0017365180949295781,0.09200000000000585,0.018875196684015952,0.048,0.0904628330995734,0.3260869565217184,0.15556376764215582
30,2,79441,241,50,41.96,0.1,8.53,34.526,0.13040536122915816,0.0020978866351597336,0.09300000000000352,0.022557920808168323,0.05503225806451612,0.2067291016302384,0.7526881720429821,0.18289060660064382
30,2,79488,241,50,49.01,0.15,10.42,34.573,0.13943445570447677,0.002059427986131773,0.09299999999999642,0.022144386947654325,0.0672258064516129,0.2892819979188457,1.290322580645211,0.2222245656216333
30,2,79534,241,50,56.17,0.22,12.7,34.619,0.15107224583196927,0.001671148815070568,0.09199999999999875,0.018164661033375985,0.08193548387096773,0.2924263674614346,1.4130434782608892,0.3005031482297426
30,2,79580,53,255,61.79,0.28,14.59,34.665,0.1670807453416127,0.0010954834314479882,0.09300000000000352,0.011779391735999427,0.09412903225806452,0.15123135622614772,0.6451612903225564,0.4040957934808769
30,2,79627,53,255,59.58,0.28,14.88,34.712,0.18865315462569224,0.0005573897900201139,0.09300000000000352,0.005993438602366589,0.096,-0.0693721817551136,-0.5376344086021303,0.5141886975503014
30,2,79673,53,255,52.42,0.23,13.59,34.758,0.21490029421379256,0.0002639129993152345,0.09399999999999409,0.002807585099098416,0.0876774193548387,-0.23129718599864194,-1.2765957446809315,0.5693697704019814
30,2,79721,240,48,45.71,0.16,11.51,34.806,0.24217391304347513,0.000324056197830398,0.09499999999999886,0.003411117871898967,0.07425806451612903,-0.16162988115450097,-0.842105263157905,0.5574577175203452
30,2,79768,240,48,46.04,0.15,11.21,34.853,0.2678587773782247,0.0007039751453540433,0.09300000000000352,0.007569625218860393,0.0723225806451613,0.03468609087755687,0.3225806451612781,0.5025537195020954
30,2,79814,240,48,51.87,0.19,12.01,34.899,0.28891140895717177,0.0012383438699453534,0.09199999999999875,0.013460259455927938,0.07748387096774194,0.18092566619916076,0.9782608695652306,0.3888383529712753
30,2,79860,252,54,58.26,0.24,13.79,34.945,0.30363190585158156,0.0016931428092676253,0.09199999999999875,0.01840372618769183,0.08896774193548386,0.2503506311360483,1.3043478260869743,0.2533863012919825
30,2,79906,252,54,64.54,0.31,15.58,34.991,0.31222294867603384,0.0018525475912966112,0.09199999999999875,0.02013638686191996,0.10051612903225807,0.24333800841515077,1.4130434782608887,0.0998123854058588
30,2,79952,252,54,69.94,0.37,17.26,35.037,0.31281464530892045,0.0015945143810380262,0.0940000000000012,0.01696291894721283,0.11135483870967743,0.19698009608784925,1.0638297872340288,-0.03376851008186424
30,2,80000,1,234,74.12,0.41,18.45,35.085,0.30904870872833856,0.0009277505706471452,0.0940000000000012,0.009869686921778014,0.11903225806451613,0.08853809196979989,0.4255319148936114,-0.10544399852545068
30,2,80046,1,234,71.26,0.41,18.55,35.131,0.30290290944752796,-1.932330407541727e-05,0.09199999999999875,-0.00021003591386323405,0.11967741935483872,-0.08345021037868271,-0.4347826086956579,-0.1058626976445668
30,2,80092,1,234,64.87,0.37,17.26,35.177,0.29930934054503855,-0.0010480063260807455,0.0940000000000012,-0.01114900346894396,0.11135483870967743,-0.1901166781056944,-1.0638297872340288,-0.12529923187691808
30,2,80140,58,237,59.03,0.31,15.78,35.225,0.2911247816510975,-0.001954795492175057,0.0940000000000012,-0.020795696725266297,0.10180645161290322,-0.19698009608784925,-1.1702127659574317,-0.22924044054575884
30,2,80186,58,237,54.3,0.26,14.39,35.271,0.27776073913373694,-0.0025883621516946784,0.09299999999999642,-0.027831851093492236,0.09283870967741936,-0.1859174471037185,-1.0752688172043425,-0.34942002462488003
30,2,80233,58,237,50.33,0.21,13.1,35.318,0.2586287193609849,-0.0028813601865897986,0.09299999999999642,-0.030982367597740965,0.08451612903225807,-0.1720430107526948,-0.9677419354839082,-0.47979043476203365
30,2,80279,51,255,46.92,0.17,11.91,35.364,0.23314022870086953,-0.0028530524223026035,0.09199999999999875,-0.031011439372854808,0.07683870967741936,-0.17391304347826322,-0.7608695652174015,-0.6295863678213776
30,2,80325,51,255,43.28,0.14,10.62,35.41,0.20070677352141897,-0.002589343238982517,0.09200000000000585,-0.028145035206329914,0.06851612903225807,-0.153576437587648,-0.760869565217343,-0.7869605272848222
30,2,80371,51,255,39.1,0.1,9.72,35.456,0.16073986019066128,-0.00221144747331172,0.09200000000000585,-0.02403747253599543,0.06270967741935485,-0.14656381486675094,-0.5434782608695308,-0.9571280265737921
30,2,80417,13,237,35.69,0.09,8.53,35.502,0.11265099507662449,-0.0018435285987796134,0.09299999999999642,-0.019822888158921338,0.05503225806451612,-0.14429413805064734,-0.32258064516130275,-1.1278298456271871
30,2,80464,13,237,33.48,0.07,7.64,35.549,0.05585168454733691,-0.001586041720664327,0.09299999999999642,-0.017054212050154713,0.04929032258064516,-0.10336455081512701,-0.21505376344086838,-1.3214791409226105
30,2,80510,13,237,31.61,0.07,7.04,35.595,-0.010246565029173565,0.0,0.0,0.0,0.04541935483870968,0.0,0.0,0.0
